case,max_absdiff,bad_rows,worst_cell,worst_q,worst_diff
mini_wall_touch_max_level_2_noop_rest,0.0000000000000000e+00,0,0,0,+0.0000000000000000e+00
mini_wall_touch_max_level_2_bgk_omega1_rest,6.9444444444444545e-03,128,3,6,+6.9444444444444545e-03
wall_touch_xband_max2_noop_rest,0.0000000000000000e+00,0,0,0,+0.0000000000000000e+00
wall_touch_xband_max2_bgk_omega1_rest,6.9444444444444545e-03,204,4,6,+6.9444444444444545e-03
bulk_touch_max_level_2_noop_rest,0.0000000000000000e+00,0,0,0,+0.0000000000000000e+00
bulk_touch_max_level_2_bgk_omega1_rest,1.6653345369377348e-16,56,1,1,+1.6653345369377348e-16
mini_equilibrium_bgk_stream,6.9444444444444371e-03,128,3,6,+6.9444444444444371e-03
mini_odd_diagonal_bgk_stream,6.9444444444444371e-03,261,6,7,+6.9444444444444371e-03
mini_odd_diagonal_delta,1.6822225556989423e-10,251,35,1,+1.6822225556989423e-10
