case,topo,ratio,max_level,active,mask_events,row_events,max_abs_weight_error,min_total_weight,max_total_weight,over_count,under_count,unmasked_row_events,masked_without_rows,multi_kind_count,max_abs_local_mismatch,local_mismatch_count,sync_rows,advance_rows,reflux_rows,sync_weight_sum,advance_weight_sum,reflux_weight_sum
xband_wall_r2,xband_wall,2,1,336,44,44,7.5000000000000000e-01,2.5000000000000000e-01,1.0000000000000000e+00,0,16,0,0,0,0.0000000000000000e+00,0,24,64,8,6.0000000000000000e+00,2.2000000000000000e+01,8.0000000000000000e+00
xband_h_r2,xband_h,2,1,648,0,0,0.0000000000000000e+00,Inf,-Inf,0,0,0,0,0,0.0000000000000000e+00,0,0,0,0,0.0000000000000000e+00,0.0000000000000000e+00,0.0000000000000000e+00
xband_wall_r4,xband_wall,4,2,984,308,308,7.5000000000000000e-01,2.5000000000000000e-01,1.0000000000000000e+00,0,48,0,0,16,0.0000000000000000e+00,0,104,424,128,2.6000000000000000e+01,1.9000000000000000e+02,6.8000000000000000e+01
xband_h_r4,xband_h,4,2,2088,0,0,0.0000000000000000e+00,Inf,-Inf,0,0,0,0,0,0.0000000000000000e+00,0,0,0,0,0.0000000000000000e+00,0.0000000000000000e+00,0.0000000000000000e+00
xband_wall_r8,xband_wall,8,3,3432,1860,1860,7.5000000000000000e-01,2.5000000000000000e-01,1.0000000000000000e+00,0,112,0,0,48,0.0000000000000000e+00,0,392,2008,592,9.8000000000000000e+01,1.3900000000000000e+03,3.1600000000000000e+02
xband_h_r8,xband_h,8,3,6936,0,0,0.0000000000000000e+00,Inf,-Inf,0,0,0,0,0,0.0000000000000000e+00,0,0,0,0,0.0000000000000000e+00,0.0000000000000000e+00,0.0000000000000000e+00
xband_wall_r16,xband_wall,16,4,12936,13284,13284,7.5000000000000000e-01,2.5000000000000000e-01,1.0000000000000000e+00,0,240,0,0,112,0.0000000000000000e+00,0,1480,13432,2416,3.7000000000000000e+02,1.1470000000000000e+04,1.3240000000000000e+03
xband_h_r16,xband_h,16,4,24360,0,0,0.0000000000000000e+00,Inf,-Inf,0,0,0,0,0,0.0000000000000000e+00,0,0,0,0,0.0000000000000000e+00,0.0000000000000000e+00,0.0000000000000000e+00
