case,classification,count,sum_absdiff,max_absdiff
xband_wall_r2,c2f,32,2.0000000000000000e+00,6.2500000000000000e-02
xband_wall_r4,c2f,80,5.0000000000000000e+00,6.2500000000000000e-02
xband_h_r4,amr_only,96,2.4000000000000000e+01,2.5000000000000000e-01
xband_h_r4,same_level_interface,32,2.4000000000000000e+01,7.5000000000000000e-01
