{
  "solver": "basilisk",
  "version": "unknown",
  "cases": {
    "cavity": {
      "time_seconds": 0.351,
      "N": 64,
      "Re": 100,
      "level": 6,
      "domain": [
        0,
        1
      ],
      "y_profile": [
        0.0,
        0.015625,
        0.03125,
        0.046875,
        0.0625,
        0.078125,
        0.09375,
        0.109375,
        0.125,
        0.140625,
        0.15625,
        0.171875,
        0.1875,
        0.203125,
        0.21875,
        0.234375,
        0.25,
        0.265625,
        0.28125,
        0.296875,
        0.3125,
        0.328125,
        0.34375,
        0.359375,
        0.375,
        0.390625,
        0.40625,
        0.421875,
        0.4375,
        0.453125,
        0.46875,
        0.484375,
        0.5,
        0.515625,
        0.53125,
        0.546875,
        0.5625,
        0.578125,
        0.59375,
        0.609375,
        0.625,
        0.640625,
        0.65625,
        0.671875,
        0.6875,
        0.703125,
        0.71875,
        0.734375,
        0.75,
        0.765625,
        0.78125,
        0.796875,
        0.8125,
        0.828125,
        0.84375,
        0.859375,
        0.875,
        0.890625,
        0.90625,
        0.921875,
        0.9375,
        0.953125,
        0.96875,
        0.984375
      ],
      "u_profile": [
        0.0,
        -0.08346944931,
        -0.1113414426,
        -0.120772883,
        -0.1236539881,
        -0.1242713344,
        -0.124167486,
        -0.1238942883,
        -0.1236455211,
        -0.1234851678,
        -0.1234297627,
        -0.1234780836,
        -0.1236218388,
        -0.1238494915,
        -0.1241476022,
        -0.1245012696,
        -0.1248942398,
        -0.1253088893,
        -0.1257261577,
        -0.1261254552,
        -0.1264845564,
        -0.1267794832,
        -0.1269843796,
        -0.1270713796,
        -0.1270104678,
        -0.1267693372,
        -0.1263132425,
        -0.125604853,
        -0.1246041078,
        -0.1232680748,
        -0.1215508189,
        -0.1194032836,
        -0.1167731905,
        -0.1136049642,
        -0.1098396896,
        -0.1054151096,
        -0.1002656746,
        -0.09432265287,
        -0.08751431509,
        -0.07976620618,
        -0.07100151815,
        -0.06114157848,
        -0.05010646854,
        -0.037815786,
        -0.02418956301,
        -0.009149341608,
        0.007380573097,
        0.02547166605,
        0.04518962954,
        0.06659264757,
        0.089729554,
        0.1146379575,
        0.1413424632,
        0.16985329,
        0.2001660102,
        0.2322643059,
        0.2661308429,
        0.3017802308,
        0.3393525824,
        0.3793741463,
        0.4234796796,
        0.4764124283,
        0.5515607949,
        0.6863608843
      ],
      "x_profile": [
        0.0,
        0.015625,
        0.03125,
        0.046875,
        0.0625,
        0.078125,
        0.09375,
        0.109375,
        0.125,
        0.140625,
        0.15625,
        0.171875,
        0.1875,
        0.203125,
        0.21875,
        0.234375,
        0.25,
        0.265625,
        0.28125,
        0.296875,
        0.3125,
        0.328125,
        0.34375,
        0.359375,
        0.375,
        0.390625,
        0.40625,
        0.421875,
        0.4375,
        0.453125,
        0.46875,
        0.484375,
        0.5,
        0.515625,
        0.53125,
        0.546875,
        0.5625,
        0.578125,
        0.59375,
        0.609375,
        0.625,
        0.640625,
        0.65625,
        0.671875,
        0.6875,
        0.703125,
        0.71875,
        0.734375,
        0.75,
        0.765625,
        0.78125,
        0.796875,
        0.8125,
        0.828125,
        0.84375,
        0.859375,
        0.875,
        0.890625,
        0.90625,
        0.921875,
        0.9375,
        0.953125,
        0.96875,
        0.984375
      ],
      "v_profile": [
        0.0,
        0.1166736328,
        0.1582261535,
        0.1750280825,
        0.1822356803,
        0.1853351405,
        0.1863262323,
        0.1859547763,
        0.1845180843,
        0.1821549882,
        0.1789497202,
        0.1749685894,
        0.1702724335,
        0.1649203882,
        0.1589706027,
        0.1524799428,
        0.1455034246,
        0.1380936469,
        0.1303003155,
        0.1221698875,
        0.1137453379,
        0.1050660397,
        0.09616774612,
        0.0870826599,
        0.07783957808,
        0.06846409765,
        0.05897887155,
        0.04940390441,
        0.0397568795,
        0.03005350969,
        0.02030790666,
        0.01053296377,
        0.0007407557703,
        -0.009057084383,
        -0.01884895954,
        -0.02862287957,
        -0.03836606366,
        -0.04806453479,
        -0.05770271883,
        -0.06726305192,
        -0.0767256008,
        -0.08606770246,
        -0.09526363079,
        -0.1042842997,
        -0.1130970141,
        -0.1216652821,
        -0.1299487033,
        -0.137902949,
        -0.1454798511,
        -0.1526276162,
        -0.159291175,
        -0.1654126695,
        -0.170932053,
        -0.175787711,
        -0.1799168339,
        -0.1832547932,
        -0.1857314596,
        -0.187258786,
        -0.1876939809,
        -0.1867349436,
        -0.1836280639,
        -0.1763564926,
        -0.1593899511,
        -0.1170942718
      ]
    },
    "taylor_green": {
      "time_seconds": 0.154,
      "N": 64,
      "level": 6,
      "nu": 0.01,
      "t_final": 1.0,
      "l2_error": 0.000354322415,
      "umax": 0.9774979682
    }
  }
}
