{
  "solver": "openfoam",
  "version": "v10",
  "cases": {
    "cavity": {
      "time_seconds": 244.374,
      "N": 64,
      "Re": 100,
      "y_profile": [
        0.0078125,
        0.0234375,
        0.0390625,
        0.0546875,
        0.0703125,
        0.0859375,
        0.1015625,
        0.1171875,
        0.1328125,
        0.1484375,
        0.1640625,
        0.1796875,
        0.1953125,
        0.2109375,
        0.2265625,
        0.2421875,
        0.2578125,
        0.2734375,
        0.2890625,
        0.3046875,
        0.3203125,
        0.3359375,
        0.3515625,
        0.3671875,
        0.3828125,
        0.3984375,
        0.4140625,
        0.4296875,
        0.4453125,
        0.4609375,
        0.4765625,
        0.4921875,
        0.5078125,
        0.5234375,
        0.5390625,
        0.5546875,
        0.5703125,
        0.5859375,
        0.6015625,
        0.6171875,
        0.6328125,
        0.6484375,
        0.6640625,
        0.6796875,
        0.6953125,
        0.7109375,
        0.7265625,
        0.7421875,
        0.7578125,
        0.7734375,
        0.7890625,
        0.8046875,
        0.8203125,
        0.8359375,
        0.8515625,
        0.8671875,
        0.8828125,
        0.8984375,
        0.9140625,
        0.9296875,
        0.9453125,
        0.9609375,
        0.9765625,
        0.9921875
      ],
      "u_profile": [
        -0.0059489034,
        -0.017026095,
        -0.027427081,
        -0.037269386,
        -0.04665248,
        -0.055664714,
        -0.064383958,
        -0.072878042,
        -0.081205319,
        -0.089414984,
        -0.097547131,
        -0.10563262,
        -0.11369283,
        -0.1217392,
        -0.12977284,
        -0.13778396,
        -0.14575142,
        -0.1536423,
        -0.16141164,
        -0.1690023,
        -0.17634517,
        -0.1833596,
        -0.18995424,
        -0.1960283,
        -0.20147307,
        -0.2061742,
        -0.21001407,
        -0.21287466,
        -0.21464075,
        -0.21520318,
        -0.21446225,
        -0.21233094,
        -0.20873787,
        -0.20362978,
        -0.19697333,
        -0.18875612,
        -0.1789868,
        -0.16769409,
        -0.15492475,
        -0.14074044,
        -0.12521333,
        -0.10842073,
        -0.090438356,
        -0.071332473,
        -0.051150612,
        -0.029910757,
        -0.0075887886,
        0.015896009,
        0.040697431,
        0.067060563,
        0.095340937,
        0.1260229,
        0.15973427,
        0.1972526,
        0.2394966,
        0.28749444,
        0.34231956,
        0.40498513,
        0.47629118,
        0.5566255,
        0.64573123,
        0.74247411,
        0.84466099,
        0.94895742
      ]
    }
  }
}
