flow,method,scale,Nx,Ny,steps,ux_mean,uy_mean,Fx_drag,Fy_drag,Cd,mass_rel_drift,elapsed_s
cylinder,amr_route_native,1,24,14,40,6.179965099130e-04,0.000000000000e+00,7.625046077206e-04,-7.830557282110e-09,6.655017055011e+02,1.082402439752e-13,0.445960
cylinder,cartesian_coarse,1,12,7,40,4.365356599307e-04,0.000000000000e+00,4.191383412747e-04,2.403468832204e-08,1.466312978620e+03,3.841711182948e-14,0.337918
cylinder,leaf_oracle,1,24,14,40,6.244689380406e-04,0.000000000000e+00,7.634383174763e-04,-8.795133597979e-10,6.525758794148e+02,1.094505981411e-13,0.005072
square,amr_route_native,1,24,14,40,6.094893078226e-04,8.765907706727e-18,NaN,NaN,NaN,1.013446886723e-13,0.021207
square,cartesian_coarse,1,12,7,40,3.771176344406e-04,-9.456421406935e-18,NaN,NaN,NaN,3.197442310921e-14,0.035468
square,leaf_oracle,1,24,14,40,6.159685021302e-04,3.058339543383e-18,NaN,NaN,NaN,1.102101760176e-13,0.007950
