flow,method,scale,Nx,Ny,steps,ux_mean,uy_mean,Fx_drag,Fy_drag,Cd,mass_rel_drift,elapsed_s
cylinder,leaf_oracle,1,24,14,200,1.906121647365e-03,0.000000000000e+00,1.948981560228e-03,1.120711745253e-06,1.788073012246e+02,1.293349880088e-13,0.359583
cylinder,amr_route_native,1,24,14,200,1.807627493254e-03,0.000000000000e+00,1.846569546324e-03,1.255672531071e-06,1.883764194736e+02,1.191334314680e-13,0.495694
cylinder,leaf_oracle,2,48,28,400,5.026186786433e-03,0.000000000000e+00,5.378441695610e-03,3.028016878545e-06,3.548362382647e+01,8.274103424079e-13,0.185854
cylinder,amr_route_native,2,48,28,400,4.856300358730e-03,0.000000000000e+00,5.183244672846e-03,2.915565737732e-06,3.663020761711e+01,8.410622674392e-13,0.237411
