flow,method,scale,Nx,Ny,steps,cell_count,ux_mean,uy_mean,Cd,ux_abs_error,uy_abs_error,Cd_abs_error,Cd_rel_error,mass_rel_drift,elapsed_s,speedup_vs_leaf,cell_count_ratio_vs_leaf,mlups
cylinder,amr_route_native,1,24,14,40,1176,6.179965099130e-04,0.000000000000e+00,6.655017055011e+02,6.472428127586e-06,0.000000000000e+00,1.292582608629e+01,1.980739174405e-02,1.082402439752e-13,0.445960,0.011373,0.875000,0.105480
cylinder,cartesian_coarse,1,12,7,40,336,4.365356599307e-04,0.000000000000e+00,1.466312978620e+03,1.879332781099e-04,0.000000000000e+00,8.137370992051e+02,1.246961655915e+00,3.841711182948e-14,0.337918,0.015009,0.250000,0.039773
cylinder,leaf_oracle,1,24,14,40,1344,6.244689380406e-04,0.000000000000e+00,6.525758794148e+02,0.000000000000e+00,0.000000000000e+00,0.000000000000e+00,0.000000000000e+00,1.094505981411e-13,0.005072,1.000000,1.000000,10.599892
square,amr_route_native,1,24,14,40,1176,6.094893078226e-04,8.765907706727e-18,NaN,6.479194307597e-06,5.707568163345e-18,NaN,NaN,1.013446886723e-13,0.021207,0.374893,0.875000,2.218166
square,cartesian_coarse,1,12,7,40,336,3.771176344406e-04,-9.456421406935e-18,NaN,2.388508676897e-04,1.251476095032e-17,NaN,NaN,3.197442310921e-14,0.035468,0.224155,0.250000,0.378936
square,leaf_oracle,1,24,14,40,1344,6.159685021302e-04,3.058339543383e-18,NaN,0.000000000000e+00,0.000000000000e+00,NaN,NaN,1.102101760176e-13,0.007950,1.000000,1.000000,6.762052
