flow,method,Nx,Ny,steps,ux_mean,uy_mean,mass_rel_drift,elapsed_s
bfs,leaf_oracle,28,14,1200,2.375161143159e-02,-1.731916587404e-03,4.929136760746e-03,1.288555
bfs,amr_route_native,28,14,1200,2.262566167509e-02,-1.739098971781e-03,1.907465282234e-01,0.735561
square,leaf_oracle,24,14,1200,2.230730050768e-03,4.568571928137e-18,1.781789123313e-13,0.253554
square,amr_route_native,24,14,1200,1.000483906557e-03,3.448869490996e-18,1.771359138201e-13,0.265948
cylinder,leaf_oracle,24,14,1200,2.433151801154e-03,0.000000000000e+00,1.742909998835e-13,0.237474
cylinder,amr_route_native,24,14,1200,1.211839832986e-03,0.000000000000e+00,1.710057528618e-13,0.165970
