flow,method,Nx,Ny,steps,ux_mean,uy_mean,mass_rel_drift,elapsed_s
bfs,leaf_oracle,28,14,240,2.524108264617e-02,-2.300930301154e-03,1.183481587039e-02,0.475315
bfs,amr_route_native,28,14,240,2.590065636851e-02,-2.018276608343e-03,1.591650059315e-02,0.416075
