flow,method,scale,Nx,Ny,steps,ux_mean,uy_mean,Fx_drag,Fy_drag,Cd,mass_rel_drift,elapsed_s
square,leaf_oracle,1,24,14,1200,2.503303471649e-03,-7.967055586556e-18,NaN,NaN,NaN,1.760929153088e-13,1.447160
square,amr_route_native,1,24,14,1200,2.367197126403e-03,-4.623478831449e-18,NaN,NaN,NaN,1.766144145644e-13,1.103047
cylinder,leaf_oracle,1,24,14,1200,2.719281070263e-03,0.000000000000e+00,2.856527679814e-03,6.057930602010e-06,1.287683062148e+02,1.777491546431e-13,0.302094
cylinder,amr_route_native,1,24,14,1200,2.558437349687e-03,0.000000000000e+00,2.679882407767e-03,5.741589644427e-06,1.364724254008e+02,1.734264611936e-13,0.423447
square,leaf_oracle,2,48,28,2400,9.539543791518e-03,-3.969386819447e-18,NaN,NaN,NaN,7.290559593347e-13,2.294690
square,amr_route_native,2,48,28,2400,9.096261684673e-03,2.539319295479e-18,NaN,NaN,NaN,7.356616165723e-13,3.397880
cylinder,leaf_oracle,2,48,28,2400,1.068050241228e-02,0.000000000000e+00,1.094664503427e-02,7.596140106547e-05,1.599360700102e+01,7.294275387017e-13,2.398752
cylinder,amr_route_native,2,48,28,2400,1.013598399720e-02,0.000000000000e+00,1.037409109726e-02,6.933587534075e-05,1.682933573854e+01,7.221695532419e-13,3.635258
