flow,method,scale,Nx,Ny,steps,ux_mean,uy_mean,Fx_drag,Fy_drag,Cd,mass_rel_drift,elapsed_s
square,leaf_oracle,1,24,14,1200,2.230730050768e-03,4.568571928137e-18,NaN,NaN,NaN,1.781789123313e-13,1.402202
square,amr_route_native,1,24,14,1200,1.029869508887e-03,-9.029899641955e-18,NaN,NaN,NaN,1.602741045555e-13,0.983641
cylinder,leaf_oracle,1,24,14,1200,2.433151801154e-03,0.000000000000e+00,2.742400327893e-03,5.929307856311e-06,1.544084942151e+02,1.742909998835e-13,0.249757
cylinder,amr_route_native,1,24,14,1200,1.002858168707e-03,0.000000000000e+00,2.570076213087e-03,-5.954873461271e-04,8.518158456475e+02,1.791324165469e-13,0.203293
square,leaf_oracle,2,48,28,2400,8.998317617421e-03,4.566910969704e-18,NaN,NaN,NaN,7.066314913437e-13,1.876943
square,amr_route_native,2,48,28,2400,3.776298690977e-03,1.031210288923e-17,NaN,NaN,NaN,7.448747700880e-13,2.354985
cylinder,leaf_oracle,2,48,28,2400,1.012464970848e-02,0.000000000000e+00,1.076375143815e-02,7.573117566877e-05,1.750057817562e+01,7.211326981763e-13,1.993761
cylinder,amr_route_native,2,48,28,2400,4.191020223666e-03,0.000000000000e+00,1.039343343523e-02,-4.717320440147e-04,9.862074422579e+01,7.292547295240e-13,1.631444
