flow,method,scale,Nx,Ny,steps,ux_mean,uy_mean,Fx_drag,Fy_drag,Cd,mass_rel_drift,elapsed_s
square,leaf_oracle,1,24,14,1200,2.230730050768e-03,4.568571928137e-18,NaN,NaN,NaN,1.781789123313e-13,0.462763
square,amr_route_native,1,24,14,1200,1.598064692944e-03,-2.157024055826e-17,NaN,NaN,NaN,1.729639197752e-13,0.555206
cylinder,leaf_oracle,1,24,14,1200,2.433151801154e-03,0.000000000000e+00,2.742400327893e-03,5.929307856311e-06,1.544084942151e+02,1.742909998835e-13,0.133326
cylinder,amr_route_native,1,24,14,1200,1.728873370530e-03,0.000000000000e+00,2.371908784183e-03,4.454884336546e-06,2.645150328240e+02,1.739451844075e-13,0.118902
square,leaf_oracle,2,48,28,2400,8.998317617421e-03,4.566910969704e-18,NaN,NaN,NaN,7.066314913437e-13,0.999583
square,amr_route_native,2,48,28,2400,6.149982508013e-03,-9.306773212799e-18,NaN,NaN,NaN,7.234933006082e-13,0.761448
cylinder,leaf_oracle,2,48,28,2400,1.012464970848e-02,0.000000000000e+00,1.076375143815e-02,7.573117566877e-05,1.750057817562e+01,7.211326981763e-13,1.045745
cylinder,amr_route_native,2,48,28,2400,6.923388712814e-03,0.000000000000e+00,9.373845849443e-03,4.431528066418e-05,3.259335940334e+01,7.088632465658e-13,0.984308
