flow,method,Nx,Ny,steps,ux_mean,uy_mean,mass_rel_drift,elapsed_s
bfs,leaf_oracle,28,14,1200,2.375161143159e-02,-1.731916587404e-03,4.929136760746e-03,1.397034
bfs,amr_route_native,28,14,1200,1.855335049357e-02,-5.265484460206e-03,1.926097188895e-01,0.820958
square,leaf_oracle,24,14,1200,2.230730050768e-03,4.568571928137e-18,1.781789123313e-13,0.275470
square,amr_route_native,24,14,1200,1.029869508887e-03,-9.029899641955e-18,1.602741045555e-13,0.401979
cylinder,leaf_oracle,24,14,1200,2.433151801154e-03,0.000000000000e+00,1.742909998835e-13,0.244250
cylinder,amr_route_native,24,14,1200,1.002858168707e-03,0.000000000000e+00,1.791324165469e-13,0.178155
