flow,method,scale,Nx,Ny,steps,ux_mean,uy_mean,Fx_drag,Fy_drag,Cd,mass_rel_drift,elapsed_s
square,leaf_oracle,1,24,14,1200,2.230730050768e-03,4.568571928137e-18,NaN,NaN,NaN,1.781789123313e-13,1.359410
square,amr_route_native,1,24,14,1200,1.000483906557e-03,3.448869490996e-18,NaN,NaN,NaN,1.771359138201e-13,0.819349
cylinder,leaf_oracle,1,24,14,1200,2.433151801154e-03,0.000000000000e+00,2.742400327893e-03,5.929307856311e-06,1.544084942151e+02,1.742909998835e-13,0.261527
cylinder,amr_route_native,1,24,14,1200,1.211839832986e-03,0.000000000000e+00,2.143010316291e-03,4.538016601112e-04,4.864212728113e+02,1.710057528618e-13,0.212036
square,leaf_oracle,2,48,28,2400,8.998317617421e-03,4.566910969704e-18,NaN,NaN,NaN,7.066314913437e-13,1.900352
square,amr_route_native,2,48,28,2400,3.890319568536e-03,-3.494452556101e-18,NaN,NaN,NaN,7.499159295588e-13,1.315905
cylinder,leaf_oracle,2,48,28,2400,1.012464970848e-02,0.000000000000e+00,1.076375143815e-02,7.573117566877e-05,1.750057817562e+01,7.211326981763e-13,1.961605
cylinder,amr_route_native,2,48,28,2400,4.429578601418e-03,0.000000000000e+00,9.174268912238e-03,1.615283070841e-04,7.792833377126e+01,7.522383501465e-13,1.658323
