flow,method,scale,Nx,Ny,steps,ux_mean,uy_mean,Fx_drag,Fy_drag,Cd,mass_rel_drift,elapsed_s
cylinder,leaf_oracle,1,24,14,200,1.916831791831e-03,0.000000000000e+00,1.959953550248e-03,1.108321867561e-06,1.778101370160e+02,1.215541397997e-13,0.339593
cylinder,amr_route_native,1,24,14,200,1.859948373869e-03,0.000000000000e+00,1.898688962101e-03,1.145553779800e-06,1.829493165348e+02,1.205166933718e-13,0.444579
cylinder,leaf_oracle,2,48,28,400,5.040208412501e-03,0.000000000000e+00,5.393319899048e-03,3.045990904160e-06,3.538408263629e+01,8.223988762571e-13,0.190104
cylinder,amr_route_native,2,48,28,400,4.948189552805e-03,0.000000000000e+00,5.282381150087e-03,2.989954989494e-06,3.595719688571e+01,8.358779921109e-13,0.352369
