case,steps,route_mean_ux,cart_mean_ux,analytic_mean_ux,route_max_ux,cart_max_ux,analytic_max_ux,route_l2,cart_l2,route_linf,cart_linf,route_mass_rel,plot
xband,5000,2.3631051556964416e-02,2.5616802139817482e-02,2.3250000000000000e-02,3.4670578175279056e-02,3.8362143507008784e-02,3.6000000000000004e-02,1.1977809503208026e-03,2.3668054436936053e-03,2.3746828078060399e-03,2.3743684010003744e-03,2.5135449277514286e-13,/Users/guillaume/Documents/Recherche/Kraken.jl/benchmarks/results/figures/amr_d_poiseuille_band_profile_audit_2d/xband_profiles.png
yband,5000,2.3481606634029033e-02,2.5616802139817482e-02,2.3250000000000000e-02,3.5066477481633385e-02,3.8362143507008784e-02,3.6000000000000004e-02,1.1260860518068924e-03,2.3668054436936053e-03,2.3746847706657293e-03,2.3743684010003744e-03,2.6171657433830641e-13,/Users/guillaume/Documents/Recherche/Kraken.jl/benchmarks/results/figures/amr_d_poiseuille_band_profile_audit_2d/yband_profiles.png
