tag,t,kinetic_energy_mean,elastic_energy_mean
newt_re1_n64,0,0,0
newt_re1_n64,0.008,1.48881089607e-09,0
newt_re1_n64,0.016,2.38739370528e-09,0
newt_re1_n64,0.024,3.35712802377e-09,0
newt_re1_n64,0.032,4.5123239275e-09,0
newt_re1_n64,0.04,5.94646819081e-09,0
newt_re1_n64,0.048,7.76187478293e-09,0
newt_re1_n64,0.056,1.00820443625e-08,0
newt_re1_n64,0.064,1.30617617864e-08,0
newt_re1_n64,0.072,1.68981098644e-08,0
newt_re1_n64,0.08,2.18437987863e-08,0
newt_re1_n64,0.088,2.8223916784e-08,0
newt_re1_n64,0.096,3.64572870472e-08,0
newt_re1_n64,0.104,4.70838571309e-08,0
newt_re1_n64,0.112,6.07999081782e-08,0
newt_re1_n64,0.12,7.85033560548e-08,0
newt_re1_n64,0.128,1.01352047387e-07,0
newt_re1_n64,0.136,1.30838765241e-07,0
newt_re1_n64,0.144,1.68887697985e-07,0
newt_re1_n64,0.152,2.17978449837e-07,0
newt_re1_n64,0.16,2.8130535694e-07,0
newt_re1_n64,0.168,3.62982010972e-07,0
newt_re1_n64,0.176,4.68303597268e-07,0
newt_re1_n64,0.184,6.04083065665e-07,0
newt_re1_n64,0.192,7.79081438662e-07,0
newt_re1_n64,0.2,1.00455792471e-06,0
newt_re1_n64,0.208,1.29497218242e-06,0
newt_re1_n64,0.216,1.66887934799e-06,0
newt_re1_n64,0.224,2.150068602e-06,0
newt_re1_n64,0.232,2.76900844503e-06,0
newt_re1_n64,0.24,3.56467681698e-06,0
newt_re1_n64,0.248,4.58687204652e-06,0
newt_re1_n64,0.256,5.89912159794e-06,0
newt_re1_n64,0.264,7.58232977294e-06,0
newt_re1_n64,0.272,9.73933273462e-06,0
newt_re1_n64,0.28,1.2500558807e-05,0
newt_re1_n64,0.288,1.6031022643e-05,0
newt_re1_n64,0.296,2.05389112287e-05,0
newt_re1_n64,0.304,2.62860440887e-05,0
newt_re1_n64,0.312,3.36005039294e-05,0
newt_re1_n64,0.32,4.2891729199e-05,0
newt_re1_n64,0.328,5.46683259722e-05,0
newt_re1_n64,0.336,6.95587789386e-05,0
newt_re1_n64,0.344,8.83351021582e-05,0
newt_re1_n64,0.352,0.000111939249905,0
newt_re1_n64,0.36,0.000141511784308,0
newt_re1_n64,0.368,0.000178421850142,0
newt_re1_n64,0.376,0.000224296925514,0
newt_re1_n64,0.384,0.000281050102277,0
newt_re1_n64,0.392,0.000350901828584,0
newt_re1_n64,0.4,0.000436392180028,0
newt_re1_n64,0.408,0.00054037892435,0
newt_re1_n64,0.416,0.0006660160687,0
newt_re1_n64,0.424,0.00081670743803,0
newt_re1_n64,0.432,0.000996030368422,0
newt_re1_n64,0.44,0.0012076260393,0
newt_re1_n64,0.448,0.0014550554716,0
newt_re1_n64,0.456,0.00174162379284,0
newt_re1_n64,0.464,0.00207017980309,0
newt_re1_n64,0.472,0.00244290268055,0
newt_re1_n64,0.48,0.00286109210331,0
newt_re1_n64,0.488,0.00332498124055,0
newt_re1_n64,0.496,0.00383359305511,0
newt_re1_n64,0.504,0.00438465861355,0
newt_re1_n64,0.512,0.00497461130755,0
newt_re1_n64,0.52,0.00559866361124,0
newt_re1_n64,0.528,0.00625096417321,0
newt_re1_n64,0.536,0.0069248240975,0
newt_re1_n64,0.544,0.00761299370794,0
newt_re1_n64,0.552,0.0083079661439,0
newt_re1_n64,0.56,0.00900228248883,0
newt_re1_n64,0.568,0.00968881482196,0
newt_re1_n64,0.576,0.0103610080128,0
newt_re1_n64,0.584,0.0110130672789,0
newt_re1_n64,0.592,0.0116400852642,0
newt_re1_n64,0.6,0.0122381087473,0
newt_re1_n64,0.608,0.0128041502243,0
newt_re1_n64,0.616,0.0133361531967,0
newt_re1_n64,0.624,0.0138329218489,0
newt_re1_n64,0.632,0.0142940262114,0
newt_re1_n64,0.64,0.0147196932001,0
newt_re1_n64,0.648,0.0151106924503,0
newt_re1_n64,0.656,0.0154682240401,0
newt_re1_n64,0.664,0.0157938132676,0
newt_re1_n64,0.672,0.0160892158779,0
newt_re1_n64,0.68,0.0163563356061,0
newt_re1_n64,0.688,0.0165971546848,0
newt_re1_n64,0.696,0.01681367707,0
newt_re1_n64,0.704,0.0170078835338,0
newt_re1_n64,0.712,0.017181697403,0
newt_re1_n64,0.72,0.0173369595363,0
newt_re1_n64,0.728,0.0174754110997,0
newt_re1_n64,0.736,0.0175986827546,0
newt_re1_n64,0.744,0.0177082889843,0
newt_re1_n64,0.752,0.0178056264294,0
newt_re1_n64,0.76,0.0178919752642,0
newt_re1_n64,0.768,0.0179685028004,0
newt_re1_n64,0.776,0.0180362686504,0
newt_re1_n64,0.784,0.0180962309155,0
newt_re1_n64,0.792,0.0181492529759,0
newt_re1_n64,0.8,0.0181961105611,0
newt_re1_n64,0.808,0.0182374988544,0
newt_re1_n64,0.816,0.0182740394559,0
newt_re1_n64,0.824,0.0183062870786,0
newt_re1_n64,0.832,0.0183347358931,0
newt_re1_n64,0.84,0.0183598254706,0
newt_re1_n64,0.848,0.018381946299,0
newt_re1_n64,0.856,0.0184014448605,0
newt_re1_n64,0.864,0.0184186282776,0
newt_re1_n64,0.872,0.0184337685404,0
newt_re1_n64,0.88,0.0184471063362,0
newt_re1_n64,0.888,0.018458854505,0
newt_re1_n64,0.896,0.0184692011472,0
newt_re1_n64,0.904,0.0184783124102,0
newt_re1_n64,0.912,0.0184863349819,0
newt_re1_n64,0.92,0.0184933983163,0
newt_re1_n64,0.928,0.0184996166167,0
newt_re1_n64,0.936,0.0185050906001,0
newt_re1_n64,0.944,0.0185099090654,0
newt_re1_n64,0.952,0.0185141502836,0
newt_re1_n64,0.96,0.0185178832315,0
newt_re1_n64,0.968,0.0185211686835,0
newt_re1_n64,0.976,0.018524060178,0
newt_re1_n64,0.984,0.0185266048723,0
newt_re1_n64,0.992,0.0185288442971,0
newt_re1_n64,1,0.0185308150242,0
newt_re1_n64,1.008,0.0185325492552,0
newt_re1_n64,1.016,0.018534075341,0
newt_re1_n64,1.024,0.0185354182408,0
newt_re1_n64,1.032,0.0185365999256,0
newt_re1_n64,1.04,0.0185376397357,0
newt_re1_n64,1.048,0.0185385546941,0
newt_re1_n64,1.056,0.0185393597837,0
newt_re1_n64,1.064,0.0185400681912,0
newt_re1_n64,1.072,0.0185406915221,0
newt_re1_n64,1.08,0.0185412399899,0
newt_re1_n64,1.088,0.0185417225829,0
newt_re1_n64,1.096,0.0185421472107,0
newt_re1_n64,1.104,0.0185425208339,0
newt_re1_n64,1.112,0.0185428495776,0
newt_re1_n64,1.12,0.0185431388317,0
newt_re1_n64,1.128,0.0185433933389,0
newt_re1_n64,1.136,0.0185436172726,0
newt_re1_n64,1.144,0.018543814305,0
newt_re1_n64,1.152,0.0185439876675,0
newt_re1_n64,1.16,0.0185441402032,0
newt_re1_n64,1.168,0.0185442744139,0
newt_re1_n64,1.176,0.018544392501,0
newt_re1_n64,1.184,0.0185444964013,0
newt_re1_n64,1.192,0.0185445878191,0
newt_re1_n64,1.2,0.0185446682539,0
newt_re1_n64,1.208,0.0185447390253,0
newt_re1_n64,1.216,0.0185448012941,0
newt_re1_n64,1.224,0.0185448560818,0
newt_re1_n64,1.232,0.0185449042871,0
newt_re1_n64,1.24,0.0185449467009,0
newt_re1_n64,1.248,0.018544984019,0
newt_re1_n64,1.256,0.0185450168535,0
newt_re1_n64,1.264,0.0185450457431,0
newt_re1_n64,1.272,0.0185450711618,0
newt_re1_n64,1.28,0.0185450935266,0
newt_re1_n64,1.288,0.0185451132044,0
newt_re1_n64,1.296,0.0185451305179,0
newt_re1_n64,1.304,0.0185451457514,0
newt_re1_n64,1.312,0.0185451591546,0
newt_re1_n64,1.32,0.0185451709474,0
newt_re1_n64,1.328,0.0185451813234,0
newt_re1_n64,1.336,0.0185451904528,0
newt_re1_n64,1.344,0.0185451984853,0
newt_re1_n64,1.352,0.0185452055528,0
newt_re1_n64,1.36,0.0185452117711,0
newt_re1_n64,1.368,0.0185452172423,0
newt_re1_n64,1.376,0.0185452220561,0
newt_re1_n64,1.384,0.0185452262916,0
newt_re1_n64,1.392,0.0185452300182,0
newt_re1_n64,1.4,0.0185452332971,0
newt_re1_n64,1.408,0.0185452361821,0
newt_re1_n64,1.416,0.0185452387204,0
newt_re1_n64,1.424,0.0185452409537,0
newt_re1_n64,1.432,0.0185452429187,0
newt_re1_n64,1.44,0.0185452446477,0
newt_re1_n64,1.448,0.0185452461689,0
newt_re1_n64,1.456,0.0185452475073,0
newt_re1_n64,1.464,0.0185452486849,0
newt_re1_n64,1.472,0.0185452497211,0
newt_re1_n64,1.48,0.0185452506327,0
newt_re1_n64,1.488,0.0185452514348,0
newt_re1_n64,1.496,0.0185452521406,0
newt_re1_n64,1.504,0.0185452527615,0
newt_re1_n64,1.512,0.0185452533079,0
newt_re1_n64,1.52,0.0185452537886,0
newt_re1_n64,1.528,0.0185452542115,0
newt_re1_n64,1.536,0.0185452545837,0
newt_re1_n64,1.544,0.0185452549111,0
newt_re1_n64,1.552,0.0185452551992,0
newt_re1_n64,1.56,0.0185452554527,0
newt_re1_n64,1.568,0.0185452556757,0
newt_re1_n64,1.576,0.0185452558719,0
newt_re1_n64,1.584,0.0185452560446,0
newt_re1_n64,1.592,0.0185452561965,0
newt_re1_n64,1.6,0.0185452563301,0
newt_re1_n64,1.608,0.0185452564477,0
newt_re1_n64,1.616,0.0185452565512,0
newt_re1_n64,1.624,0.0185452566422,0
newt_re1_n64,1.632,0.0185452567223,0
newt_re1_n64,1.64,0.0185452567928,0
newt_re1_n64,1.648,0.0185452568548,0
newt_re1_n64,1.656,0.0185452569094,0
newt_re1_n64,1.664,0.0185452569574,0
newt_re1_n64,1.672,0.0185452569996,0
newt_re1_n64,1.68,0.0185452570368,0
newt_re1_n64,1.688,0.0185452570695,0
newt_re1_n64,1.696,0.0185452570982,0
newt_re1_n64,1.704,0.0185452571235,0
newt_re1_n64,1.712,0.0185452571458,0
newt_re1_n64,1.72,0.0185452571654,0
newt_re1_n64,1.728,0.0185452571826,0
newt_re1_n64,1.736,0.0185452571978,0
newt_re1_n64,1.744,0.0185452572112,0
newt_re1_n64,1.752,0.0185452572229,0
newt_re1_n64,1.76,0.0185452572332,0
newt_re1_n64,1.768,0.0185452572423,0
newt_re1_n64,1.776,0.0185452572503,0
newt_re1_n64,1.784,0.0185452572574,0
newt_re1_n64,1.792,0.0185452572635,0
newt_re1_n64,1.8,0.018545257269,0
newt_re1_n64,1.808,0.0185452572738,0
newt_re1_n64,1.816,0.018545257278,0
newt_re1_n64,1.824,0.0185452572817,0
newt_re1_n64,1.832,0.018545257285,0
newt_re1_n64,1.84,0.0185452572879,0
newt_re1_n64,1.848,0.0185452572904,0
newt_re1_n64,1.856,0.0185452572926,0
newt_re1_n64,1.864,0.0185452572946,0
newt_re1_n64,1.872,0.0185452572963,0
newt_re1_n64,1.88,0.0185452572978,0
newt_re1_n64,1.888,0.0185452572991,0
newt_re1_n64,1.896,0.0185452573003,0
newt_re1_n64,1.904,0.0185452573013,0
newt_re1_n64,1.912,0.0185452573022,0
newt_re1_n64,1.92,0.018545257303,0
newt_re1_n64,1.928,0.0185452573037,0
newt_re1_n64,1.936,0.0185452573044,0
newt_re1_n64,1.944,0.0185452573049,0
newt_re1_n64,1.952,0.0185452573054,0
newt_re1_n64,1.96,0.0185452573058,0
newt_re1_n64,1.968,0.0185452573062,0
newt_re1_n64,1.976,0.0185452573065,0
newt_re1_n64,1.984,0.0185452573068,0
newt_re1_n64,1.992,0.018545257307,0
newt_re1_n64,2,0.0185452573073,0
newt_re1_n64,2.008,0.0185452573075,0
newt_re1_n64,2.016,0.0185452573076,0
newt_re1_n64,2.024,0.0185452573078,0
newt_re1_n64,2.032,0.0185452573079,0
newt_re1_n64,2.04,0.018545257308,0
newt_re1_n64,2.048,0.0185452573081,0
newt_re1_n64,2.056,0.0185452573082,0
newt_re1_n64,2.064,0.0185452573083,0
newt_re1_n64,2.072,0.0185452573084,0
newt_re1_n64,2.08,0.0185452573084,0
newt_re1_n64,2.088,0.0185452573085,0
newt_re1_n64,2.096,0.0185452573085,0
newt_re1_n64,2.104,0.0185452573086,0
newt_re1_n64,2.112,0.0185452573086,0
newt_re1_n64,2.12,0.0185452573087,0
newt_re1_n64,2.128,0.0185452573087,0
newt_re1_n64,2.136,0.0185452573087,0
newt_re1_n64,2.144,0.0185452573087,0
newt_re1_n64,2.152,0.0185452573087,0
newt_re1_n64,2.16,0.0185452573088,0
newt_re1_n64,2.168,0.0185452573088,0
newt_re1_n64,2.176,0.0185452573088,0
newt_re1_n64,2.184,0.0185452573088,0
newt_re1_n64,2.192,0.0185452573088,0
newt_re1_n64,2.2,0.0185452573088,0
newt_re1_n64,2.208,0.0185452573088,0
newt_re1_n64,2.216,0.0185452573088,0
newt_re1_n64,2.224,0.0185452573088,0
newt_re1_n64,2.232,0.0185452573089,0
newt_re1_n64,2.24,0.0185452573089,0
newt_re1_n64,2.248,0.0185452573089,0
newt_re1_n64,2.256,0.0185452573089,0
newt_re1_n64,2.264,0.0185452573089,0
newt_re1_n64,2.272,0.0185452573089,0
newt_re1_n64,2.28,0.0185452573089,0
newt_re1_n64,2.288,0.0185452573089,0
newt_re1_n64,2.296,0.0185452573089,0
newt_re1_n64,2.304,0.0185452573089,0
newt_re1_n64,2.312,0.0185452573089,0
newt_re1_n64,2.32,0.0185452573089,0
newt_re1_n64,2.328,0.0185452573089,0
newt_re1_n64,2.336,0.0185452573089,0
newt_re1_n64,2.344,0.0185452573089,0
newt_re1_n64,2.352,0.0185452573089,0
newt_re1_n64,2.36,0.0185452573089,0
newt_re1_n64,2.368,0.0185452573089,0
newt_re1_n64,2.376,0.0185452573089,0
newt_re1_n64,2.384,0.0185452573089,0
newt_re1_n64,2.392,0.0185452573089,0
newt_re1_n64,2.4,0.0185452573089,0
newt_re1_n64,2.408,0.0185452573089,0
newt_re1_n64,2.416,0.0185452573089,0
newt_re1_n64,2.424,0.0185452573089,0
newt_re1_n64,2.432,0.0185452573089,0
newt_re1_n64,2.44,0.0185452573089,0
newt_re1_n64,2.448,0.0185452573089,0
newt_re1_n64,2.456,0.0185452573089,0
newt_re1_n64,2.464,0.0185452573089,0
newt_re1_n64,2.472,0.0185452573089,0
newt_re1_n64,2.48,0.0185452573089,0
newt_re1_n64,2.488,0.0185452573089,0
newt_re1_n64,2.496,0.0185452573089,0
newt_re1_n64,2.504,0.0185452573089,0
newt_re1_n64,2.512,0.0185452573089,0
newt_re1_n64,2.52,0.0185452573089,0
newt_re1_n64,2.528,0.0185452573089,0
newt_re1_n64,2.536,0.0185452573089,0
newt_re1_n64,2.544,0.0185452573089,0
newt_re1_n64,2.552,0.0185452573089,0
newt_re1_n64,2.56,0.0185452573089,0
newt_re1_n64,2.568,0.0185452573089,0
newt_re1_n64,2.576,0.0185452573089,0
newt_re1_n64,2.584,0.0185452573089,0
newt_re1_n64,2.592,0.0185452573089,0
newt_re1_n64,2.6,0.0185452573089,0
newt_re1_n64,2.608,0.0185452573089,0
newt_re1_n64,2.616,0.0185452573089,0
newt_re1_n64,2.624,0.0185452573089,0
newt_re1_n64,2.632,0.0185452573089,0
newt_re1_n64,2.64,0.0185452573089,0
newt_re1_n64,2.648,0.0185452573089,0
newt_re1_n64,2.656,0.0185452573089,0
newt_re1_n64,2.664,0.0185452573089,0
newt_re1_n64,2.672,0.0185452573089,0
newt_re1_n64,2.68,0.0185452573089,0
newt_re1_n64,2.688,0.0185452573089,0
newt_re1_n64,2.696,0.0185452573089,0
newt_re1_n64,2.704,0.0185452573089,0
newt_re1_n64,2.712,0.0185452573089,0
newt_re1_n64,2.72,0.0185452573089,0
newt_re1_n64,2.728,0.0185452573089,0
newt_re1_n64,2.736,0.0185452573089,0
newt_re1_n64,2.744,0.0185452573089,0
newt_re1_n64,2.752,0.0185452573089,0
newt_re1_n64,2.76,0.0185452573089,0
newt_re1_n64,2.768,0.0185452573089,0
newt_re1_n64,2.776,0.0185452573089,0
newt_re1_n64,2.784,0.0185452573089,0
newt_re1_n64,2.792,0.0185452573089,0
newt_re1_n64,2.8,0.0185452573089,0
newt_re1_n64,2.808,0.0185452573089,0
newt_re1_n64,2.816,0.0185452573089,0
newt_re1_n64,2.824,0.0185452573089,0
newt_re1_n64,2.832,0.0185452573089,0
newt_re1_n64,2.84,0.0185452573089,0
newt_re1_n64,2.848,0.0185452573089,0
newt_re1_n64,2.856,0.0185452573089,0
newt_re1_n64,2.864,0.0185452573089,0
newt_re1_n64,2.872,0.0185452573089,0
newt_re1_n64,2.88,0.0185452573089,0
newt_re1_n64,2.888,0.0185452573089,0
newt_re1_n64,2.896,0.0185452573089,0
newt_re1_n64,2.904,0.0185452573089,0
newt_re1_n64,2.912,0.0185452573089,0
newt_re1_n64,2.92,0.0185452573089,0
newt_re1_n64,2.928,0.0185452573089,0
newt_re1_n64,2.936,0.0185452573089,0
newt_re1_n64,2.944,0.0185452573089,0
newt_re1_n64,2.952,0.0185452573089,0
newt_re1_n64,2.96,0.0185452573089,0
newt_re1_n64,2.968,0.0185452573089,0
newt_re1_n64,2.976,0.0185452573089,0
newt_re1_n64,2.984,0.0185452573089,0
newt_re1_n64,2.992,0.0185452573089,0
newt_re1_n64,3,0.0185452573089,0
newt_re1_n64,3.008,0.0185452573089,0
newt_re1_n64,3.016,0.0185452573089,0
newt_re1_n64,3.024,0.0185452573089,0
newt_re1_n64,3.032,0.0185452573089,0
newt_re1_n64,3.04,0.0185452573089,0
newt_re1_n64,3.048,0.0185452573089,0
newt_re1_n64,3.056,0.0185452573089,0
newt_re1_n64,3.064,0.0185452573089,0
newt_re1_n64,3.072,0.0185452573089,0
newt_re1_n64,3.08,0.0185452573089,0
newt_re1_n64,3.088,0.0185452573089,0
newt_re1_n64,3.096,0.0185452573089,0
newt_re1_n64,3.104,0.0185452573089,0
newt_re1_n64,3.112,0.0185452573089,0
newt_re1_n64,3.12,0.0185452573089,0
newt_re1_n64,3.128,0.0185452573089,0
newt_re1_n64,3.136,0.0185452573089,0
newt_re1_n64,3.144,0.0185452573089,0
newt_re1_n64,3.152,0.0185452573089,0
newt_re1_n64,3.16,0.0185452573089,0
newt_re1_n64,3.168,0.0185452573089,0
newt_re1_n64,3.176,0.0185452573089,0
newt_re1_n64,3.184,0.0185452573089,0
newt_re1_n64,3.192,0.0185452573089,0
newt_re1_n64,3.2,0.0185452573089,0
newt_re1_n64,3.208,0.0185452573089,0
newt_re1_n64,3.216,0.0185452573089,0
newt_re1_n64,3.224,0.0185452573089,0
newt_re1_n64,3.232,0.0185452573089,0
newt_re1_n64,3.24,0.0185452573089,0
newt_re1_n64,3.248,0.0185452573089,0
newt_re1_n64,3.256,0.0185452573089,0
newt_re1_n64,3.264,0.0185452573089,0
newt_re1_n64,3.272,0.0185452573089,0
newt_re1_n64,3.28,0.0185452573089,0
newt_re1_n64,3.288,0.0185452573089,0
newt_re1_n64,3.296,0.0185452573089,0
newt_re1_n64,3.304,0.0185452573089,0
newt_re1_n64,3.312,0.0185452573089,0
newt_re1_n64,3.32,0.0185452573089,0
newt_re1_n64,3.328,0.0185452573089,0
newt_re1_n64,3.336,0.0185452573089,0
newt_re1_n64,3.344,0.0185452573089,0
newt_re1_n64,3.352,0.0185452573089,0
newt_re1_n64,3.36,0.0185452573089,0
newt_re1_n64,3.368,0.0185452573089,0
newt_re1_n64,3.376,0.0185452573089,0
newt_re1_n64,3.384,0.0185452573089,0
newt_re1_n64,3.392,0.0185452573089,0
newt_re1_n64,3.4,0.0185452573089,0
newt_re1_n64,3.408,0.0185452573089,0
newt_re1_n64,3.416,0.0185452573089,0
newt_re1_n64,3.424,0.0185452573089,0
newt_re1_n64,3.432,0.0185452573089,0
newt_re1_n64,3.44,0.0185452573089,0
newt_re1_n64,3.448,0.0185452573089,0
newt_re1_n64,3.456,0.0185452573089,0
newt_re1_n64,3.464,0.0185452573089,0
newt_re1_n64,3.472,0.0185452573089,0
newt_re1_n64,3.48,0.0185452573089,0
newt_re1_n64,3.488,0.0185452573089,0
newt_re1_n64,3.496,0.0185452573089,0
newt_re1_n64,3.504,0.0185452573089,0
newt_re1_n64,3.512,0.0185452573089,0
newt_re1_n64,3.52,0.0185452573089,0
newt_re1_n64,3.528,0.0185452573089,0
newt_re1_n64,3.536,0.0185452573089,0
newt_re1_n64,3.544,0.0185452573089,0
newt_re1_n64,3.552,0.0185452573089,0
newt_re1_n64,3.56,0.0185452573089,0
newt_re1_n64,3.568,0.0185452573089,0
newt_re1_n64,3.576,0.0185452573089,0
newt_re1_n64,3.584,0.0185452573089,0
newt_re1_n64,3.592,0.0185452573089,0
newt_re1_n64,3.6,0.0185452573089,0
newt_re1_n64,3.608,0.0185452573089,0
newt_re1_n64,3.616,0.0185452573089,0
newt_re1_n64,3.624,0.0185452573089,0
newt_re1_n64,3.632,0.0185452573089,0
newt_re1_n64,3.64,0.0185452573089,0
newt_re1_n64,3.648,0.0185452573089,0
newt_re1_n64,3.656,0.0185452573089,0
newt_re1_n64,3.664,0.0185452573089,0
newt_re1_n64,3.672,0.0185452573089,0
newt_re1_n64,3.68,0.0185452573089,0
newt_re1_n64,3.688,0.0185452573089,0
newt_re1_n64,3.696,0.0185452573089,0
newt_re1_n64,3.704,0.0185452573089,0
newt_re1_n64,3.712,0.0185452573089,0
newt_re1_n64,3.72,0.0185452573089,0
newt_re1_n64,3.728,0.0185452573089,0
newt_re1_n64,3.736,0.0185452573089,0
newt_re1_n64,3.744,0.0185452573089,0
newt_re1_n64,3.752,0.0185452573089,0
newt_re1_n64,3.76,0.0185452573089,0
newt_re1_n64,3.768,0.0185452573089,0
newt_re1_n64,3.776,0.0185452573089,0
newt_re1_n64,3.784,0.0185452573089,0
newt_re1_n64,3.792,0.0185452573089,0
newt_re1_n64,3.8,0.0185452573089,0
newt_re1_n64,3.808,0.0185452573089,0
newt_re1_n64,3.816,0.0185452573089,0
newt_re1_n64,3.824,0.0185452573089,0
newt_re1_n64,3.832,0.0185452573089,0
newt_re1_n64,3.84,0.0185452573089,0
newt_re1_n64,3.848,0.0185452573089,0
newt_re1_n64,3.856,0.0185452573089,0
newt_re1_n64,3.864,0.0185452573089,0
newt_re1_n64,3.872,0.0185452573089,0
newt_re1_n64,3.88,0.0185452573089,0
newt_re1_n64,3.888,0.0185452573089,0
newt_re1_n64,3.896,0.0185452573089,0
newt_re1_n64,3.904,0.0185452573089,0
newt_re1_n64,3.912,0.0185452573089,0
newt_re1_n64,3.92,0.0185452573089,0
newt_re1_n64,3.928,0.0185452573089,0
newt_re1_n64,3.936,0.0185452573089,0
newt_re1_n64,3.944,0.0185452573089,0
newt_re1_n64,3.952,0.0185452573089,0
newt_re1_n64,3.96,0.0185452573089,0
newt_re1_n64,3.968,0.0185452573089,0
newt_re1_n64,3.976,0.0185452573089,0
newt_re1_n64,3.984,0.0185452573089,0
newt_re1_n64,3.992,0.0185452573089,0
newt_re1_n64,4,0.0185452573089,0
newt_re1_n64,4.008,0.0185452573089,0
newt_re1_n64,4.016,0.0185452573089,0
newt_re1_n64,4.024,0.0185452573089,0
newt_re1_n64,4.032,0.0185452573089,0
newt_re1_n64,4.04,0.0185452573089,0
newt_re1_n64,4.048,0.0185452573089,0
newt_re1_n64,4.056,0.0185452573089,0
newt_re1_n64,4.064,0.0185452573089,0
newt_re1_n64,4.072,0.0185452573089,0
newt_re1_n64,4.08,0.0185452573089,0
newt_re1_n64,4.088,0.0185452573089,0
newt_re1_n64,4.096,0.0185452573089,0
newt_re1_n64,4.104,0.0185452573089,0
newt_re1_n64,4.112,0.0185452573089,0
newt_re1_n64,4.12,0.0185452573089,0
newt_re1_n64,4.128,0.0185452573089,0
newt_re1_n64,4.136,0.0185452573089,0
newt_re1_n64,4.144,0.0185452573089,0
newt_re1_n64,4.152,0.0185452573089,0
newt_re1_n64,4.16,0.0185452573089,0
newt_re1_n64,4.168,0.0185452573089,0
newt_re1_n64,4.176,0.0185452573089,0
newt_re1_n64,4.184,0.0185452573089,0
newt_re1_n64,4.192,0.0185452573089,0
newt_re1_n64,4.2,0.0185452573089,0
newt_re1_n64,4.208,0.0185452573089,0
newt_re1_n64,4.216,0.0185452573089,0
newt_re1_n64,4.224,0.0185452573089,0
newt_re1_n64,4.232,0.0185452573089,0
newt_re1_n64,4.24,0.0185452573089,0
newt_re1_n64,4.248,0.0185452573089,0
newt_re1_n64,4.256,0.0185452573089,0
newt_re1_n64,4.264,0.0185452573089,0
newt_re1_n64,4.272,0.0185452573089,0
newt_re1_n64,4.28,0.0185452573089,0
newt_re1_n64,4.288,0.0185452573089,0
newt_re1_n64,4.296,0.0185452573089,0
newt_re1_n64,4.304,0.0185452573089,0
newt_re1_n64,4.312,0.0185452573089,0
newt_re1_n64,4.32,0.0185452573089,0
newt_re1_n64,4.328,0.0185452573089,0
newt_re1_n64,4.336,0.0185452573089,0
newt_re1_n64,4.344,0.0185452573089,0
newt_re1_n64,4.352,0.0185452573089,0
newt_re1_n64,4.36,0.0185452573089,0
newt_re1_n64,4.368,0.0185452573089,0
newt_re1_n64,4.376,0.0185452573089,0
newt_re1_n64,4.384,0.0185452573089,0
newt_re1_n64,4.392,0.0185452573089,0
newt_re1_n64,4.4,0.0185452573089,0
newt_re1_n64,4.408,0.0185452573089,0
newt_re1_n64,4.416,0.0185452573089,0
newt_re1_n64,4.424,0.0185452573089,0
newt_re1_n64,4.432,0.0185452573089,0
newt_re1_n64,4.44,0.0185452573089,0
newt_re1_n64,4.448,0.0185452573089,0
newt_re1_n64,4.456,0.0185452573089,0
newt_re1_n64,4.464,0.0185452573089,0
newt_re1_n64,4.472,0.0185452573089,0
newt_re1_n64,4.48,0.0185452573089,0
newt_re1_n64,4.488,0.0185452573089,0
newt_re1_n64,4.496,0.0185452573089,0
newt_re1_n64,4.504,0.0185452573089,0
newt_re1_n64,4.512,0.0185452573089,0
newt_re1_n64,4.52,0.0185452573089,0
newt_re1_n64,4.528,0.0185452573089,0
newt_re1_n64,4.536,0.0185452573089,0
newt_re1_n64,4.544,0.0185452573089,0
newt_re1_n64,4.552,0.0185452573089,0
newt_re1_n64,4.56,0.0185452573089,0
newt_re1_n64,4.568,0.0185452573089,0
newt_re1_n64,4.576,0.0185452573089,0
newt_re1_n64,4.584,0.0185452573089,0
newt_re1_n64,4.592,0.0185452573089,0
newt_re1_n64,4.6,0.0185452573089,0
newt_re1_n64,4.608,0.0185452573089,0
newt_re1_n64,4.616,0.0185452573089,0
newt_re1_n64,4.624,0.0185452573089,0
newt_re1_n64,4.632,0.0185452573089,0
newt_re1_n64,4.64,0.0185452573089,0
newt_re1_n64,4.648,0.0185452573089,0
newt_re1_n64,4.656,0.0185452573089,0
newt_re1_n64,4.664,0.0185452573089,0
newt_re1_n64,4.672,0.0185452573089,0
newt_re1_n64,4.68,0.0185452573089,0
newt_re1_n64,4.688,0.0185452573089,0
newt_re1_n64,4.696,0.0185452573089,0
newt_re1_n64,4.704,0.0185452573089,0
newt_re1_n64,4.712,0.0185452573089,0
newt_re1_n64,4.72,0.0185452573089,0
newt_re1_n64,4.728,0.0185452573089,0
newt_re1_n64,4.736,0.0185452573089,0
newt_re1_n64,4.744,0.0185452573089,0
newt_re1_n64,4.752,0.0185452573089,0
newt_re1_n64,4.76,0.0185452573089,0
newt_re1_n64,4.768,0.0185452573089,0
newt_re1_n64,4.776,0.0185452573089,0
newt_re1_n64,4.784,0.0185452573089,0
newt_re1_n64,4.792,0.0185452573089,0
newt_re1_n64,4.8,0.0185452573089,0
newt_re1_n64,4.808,0.0185452573089,0
newt_re1_n64,4.816,0.0185452573089,0
newt_re1_n64,4.824,0.0185452573089,0
newt_re1_n64,4.832,0.0185452573089,0
newt_re1_n64,4.84,0.0185452573089,0
newt_re1_n64,4.848,0.0185452573089,0
newt_re1_n64,4.856,0.0185452573089,0
newt_re1_n64,4.864,0.0185452573089,0
newt_re1_n64,4.872,0.0185452573089,0
newt_re1_n64,4.88,0.0185452573089,0
newt_re1_n64,4.888,0.0185452573089,0
newt_re1_n64,4.896,0.0185452573089,0
newt_re1_n64,4.904,0.0185452573089,0
newt_re1_n64,4.912,0.0185452573089,0
newt_re1_n64,4.92,0.0185452573089,0
newt_re1_n64,4.928,0.0185452573089,0
newt_re1_n64,4.936,0.0185452573089,0
newt_re1_n64,4.944,0.0185452573089,0
newt_re1_n64,4.952,0.0185452573089,0
newt_re1_n64,4.96,0.0185452573089,0
newt_re1_n64,4.968,0.0185452573089,0
newt_re1_n64,4.976,0.0185452573089,0
newt_re1_n64,4.984,0.0185452573089,0
newt_re1_n64,4.992,0.0185452573089,0
newt_re1_n64,5,0.0185452573089,0
newt_re1_n64,5.008,0.0185452573089,0
newt_re1_n64,5.016,0.0185452573089,0
newt_re1_n64,5.024,0.0185452573089,0
newt_re1_n64,5.032,0.0185452573089,0
newt_re1_n64,5.04,0.0185452573089,0
newt_re1_n64,5.048,0.0185452573089,0
newt_re1_n64,5.056,0.0185452573089,0
newt_re1_n64,5.064,0.0185452573089,0
newt_re1_n64,5.072,0.0185452573089,0
newt_re1_n64,5.08,0.0185452573089,0
newt_re1_n64,5.088,0.0185452573089,0
newt_re1_n64,5.096,0.0185452573089,0
newt_re1_n64,5.104,0.0185452573089,0
newt_re1_n64,5.112,0.0185452573089,0
newt_re1_n64,5.12,0.0185452573089,0
newt_re1_n64,5.128,0.0185452573089,0
newt_re1_n64,5.136,0.0185452573089,0
newt_re1_n64,5.144,0.0185452573089,0
newt_re1_n64,5.152,0.0185452573089,0
newt_re1_n64,5.16,0.0185452573089,0
newt_re1_n64,5.168,0.0185452573089,0
newt_re1_n64,5.176,0.0185452573089,0
newt_re1_n64,5.184,0.0185452573089,0
newt_re1_n64,5.192,0.0185452573089,0
newt_re1_n64,5.2,0.0185452573089,0
newt_re1_n64,5.208,0.0185452573089,0
newt_re1_n64,5.216,0.0185452573089,0
newt_re1_n64,5.224,0.0185452573089,0
newt_re1_n64,5.232,0.0185452573089,0
newt_re1_n64,5.24,0.0185452573089,0
newt_re1_n64,5.248,0.0185452573089,0
newt_re1_n64,5.256,0.0185452573089,0
newt_re1_n64,5.264,0.0185452573089,0
newt_re1_n64,5.272,0.0185452573089,0
newt_re1_n64,5.28,0.0185452573089,0
newt_re1_n64,5.288,0.0185452573089,0
newt_re1_n64,5.296,0.0185452573089,0
newt_re1_n64,5.304,0.0185452573089,0
newt_re1_n64,5.312,0.0185452573089,0
newt_re1_n64,5.32,0.0185452573089,0
newt_re1_n64,5.328,0.0185452573089,0
newt_re1_n64,5.336,0.0185452573089,0
newt_re1_n64,5.344,0.0185452573089,0
newt_re1_n64,5.352,0.0185452573089,0
newt_re1_n64,5.36,0.0185452573089,0
newt_re1_n64,5.368,0.0185452573089,0
newt_re1_n64,5.376,0.0185452573089,0
newt_re1_n64,5.384,0.0185452573089,0
newt_re1_n64,5.392,0.0185452573089,0
newt_re1_n64,5.4,0.0185452573089,0
newt_re1_n64,5.408,0.0185452573089,0
newt_re1_n64,5.416,0.0185452573089,0
newt_re1_n64,5.424,0.0185452573089,0
newt_re1_n64,5.432,0.0185452573089,0
newt_re1_n64,5.44,0.0185452573089,0
newt_re1_n64,5.448,0.0185452573089,0
newt_re1_n64,5.456,0.0185452573089,0
newt_re1_n64,5.464,0.0185452573089,0
newt_re1_n64,5.472,0.0185452573089,0
newt_re1_n64,5.48,0.0185452573089,0
newt_re1_n64,5.488,0.0185452573089,0
newt_re1_n64,5.496,0.0185452573089,0
newt_re1_n64,5.504,0.0185452573089,0
newt_re1_n64,5.512,0.0185452573089,0
newt_re1_n64,5.52,0.0185452573089,0
newt_re1_n64,5.528,0.0185452573089,0
newt_re1_n64,5.536,0.0185452573089,0
newt_re1_n64,5.544,0.0185452573089,0
newt_re1_n64,5.552,0.0185452573089,0
newt_re1_n64,5.56,0.0185452573089,0
newt_re1_n64,5.568,0.0185452573089,0
newt_re1_n64,5.576,0.0185452573089,0
newt_re1_n64,5.584,0.0185452573089,0
newt_re1_n64,5.592,0.0185452573089,0
newt_re1_n64,5.6,0.0185452573089,0
newt_re1_n64,5.608,0.0185452573089,0
newt_re1_n64,5.616,0.0185452573089,0
newt_re1_n64,5.624,0.0185452573089,0
newt_re1_n64,5.632,0.0185452573089,0
newt_re1_n64,5.64,0.0185452573089,0
newt_re1_n64,5.648,0.0185452573089,0
newt_re1_n64,5.656,0.0185452573089,0
newt_re1_n64,5.664,0.0185452573089,0
newt_re1_n64,5.672,0.0185452573089,0
newt_re1_n64,5.68,0.0185452573089,0
newt_re1_n64,5.688,0.0185452573089,0
newt_re1_n64,5.696,0.0185452573089,0
newt_re1_n64,5.704,0.0185452573089,0
newt_re1_n64,5.712,0.0185452573089,0
newt_re1_n64,5.72,0.0185452573089,0
newt_re1_n64,5.728,0.0185452573089,0
newt_re1_n64,5.736,0.0185452573089,0
newt_re1_n64,5.744,0.0185452573089,0
newt_re1_n64,5.752,0.0185452573089,0
newt_re1_n64,5.76,0.0185452573089,0
newt_re1_n64,5.768,0.0185452573089,0
newt_re1_n64,5.776,0.0185452573089,0
newt_re1_n64,5.784,0.0185452573089,0
newt_re1_n64,5.792,0.0185452573089,0
newt_re1_n64,5.8,0.0185452573089,0
newt_re1_n64,5.808,0.0185452573089,0
newt_re1_n64,5.816,0.0185452573089,0
newt_re1_n64,5.824,0.0185452573089,0
newt_re1_n64,5.832,0.0185452573089,0
newt_re1_n64,5.84,0.0185452573089,0
newt_re1_n64,5.848,0.0185452573089,0
newt_re1_n64,5.856,0.0185452573089,0
newt_re1_n64,5.864,0.0185452573089,0
newt_re1_n64,5.872,0.0185452573089,0
newt_re1_n64,5.88,0.0185452573089,0
newt_re1_n64,5.888,0.0185452573089,0
newt_re1_n64,5.896,0.0185452573089,0
newt_re1_n64,5.904,0.0185452573089,0
newt_re1_n64,5.912,0.0185452573089,0
newt_re1_n64,5.92,0.0185452573089,0
newt_re1_n64,5.928,0.0185452573089,0
newt_re1_n64,5.936,0.0185452573089,0
newt_re1_n64,5.944,0.0185452573089,0
newt_re1_n64,5.952,0.0185452573089,0
newt_re1_n64,5.96,0.0185452573089,0
newt_re1_n64,5.968,0.0185452573089,0
newt_re1_n64,5.976,0.0185452573089,0
newt_re1_n64,5.984,0.0185452573089,0
newt_re1_n64,5.992,0.0185452573089,0
newt_re1_n64,6,0.0185452573089,0
newt_re1_n64,6.008,0.0185452573089,0
newt_re1_n64,6.016,0.0185452573089,0
newt_re1_n64,6.024,0.0185452573089,0
newt_re1_n64,6.032,0.0185452573089,0
newt_re1_n64,6.04,0.0185452573089,0
newt_re1_n64,6.048,0.0185452573089,0
newt_re1_n64,6.056,0.0185452573089,0
newt_re1_n64,6.064,0.0185452573089,0
newt_re1_n64,6.072,0.0185452573089,0
newt_re1_n64,6.08,0.0185452573089,0
newt_re1_n64,6.088,0.0185452573089,0
newt_re1_n64,6.096,0.0185452573089,0
newt_re1_n64,6.104,0.0185452573089,0
newt_re1_n64,6.112,0.0185452573089,0
newt_re1_n64,6.12,0.0185452573089,0
newt_re1_n64,6.128,0.0185452573089,0
newt_re1_n64,6.136,0.0185452573089,0
newt_re1_n64,6.144,0.0185452573089,0
newt_re1_n64,6.152,0.0185452573089,0
newt_re1_n64,6.16,0.0185452573089,0
newt_re1_n64,6.168,0.0185452573089,0
newt_re1_n64,6.176,0.0185452573089,0
newt_re1_n64,6.184,0.0185452573089,0
newt_re1_n64,6.192,0.0185452573089,0
newt_re1_n64,6.2,0.0185452573089,0
newt_re1_n64,6.208,0.0185452573089,0
newt_re1_n64,6.216,0.0185452573089,0
newt_re1_n64,6.224,0.0185452573089,0
newt_re1_n64,6.232,0.0185452573089,0
newt_re1_n64,6.24,0.0185452573089,0
newt_re1_n64,6.248,0.0185452573089,0
newt_re1_n64,6.256,0.0185452573089,0
newt_re1_n64,6.264,0.0185452573089,0
newt_re1_n64,6.272,0.0185452573089,0
newt_re1_n64,6.28,0.0185452573089,0
newt_re1_n64,6.288,0.0185452573089,0
newt_re1_n64,6.296,0.0185452573089,0
newt_re1_n64,6.304,0.0185452573089,0
newt_re1_n64,6.312,0.0185452573089,0
newt_re1_n64,6.32,0.0185452573089,0
newt_re1_n64,6.328,0.0185452573089,0
newt_re1_n64,6.336,0.0185452573089,0
newt_re1_n64,6.344,0.0185452573089,0
newt_re1_n64,6.352,0.0185452573089,0
newt_re1_n64,6.36,0.0185452573089,0
newt_re1_n64,6.368,0.0185452573089,0
newt_re1_n64,6.376,0.0185452573089,0
newt_re1_n64,6.384,0.0185452573089,0
newt_re1_n64,6.392,0.0185452573089,0
newt_re1_n64,6.4,0.0185452573089,0
newt_re1_n64,6.408,0.0185452573089,0
newt_re1_n64,6.416,0.0185452573089,0
newt_re1_n64,6.424,0.0185452573089,0
newt_re1_n64,6.432,0.0185452573089,0
newt_re1_n64,6.44,0.0185452573089,0
newt_re1_n64,6.448,0.0185452573089,0
newt_re1_n64,6.456,0.0185452573089,0
newt_re1_n64,6.464,0.0185452573089,0
newt_re1_n64,6.472,0.0185452573089,0
newt_re1_n64,6.48,0.0185452573089,0
newt_re1_n64,6.488,0.0185452573089,0
newt_re1_n64,6.496,0.0185452573089,0
newt_re1_n64,6.504,0.0185452573089,0
newt_re1_n64,6.512,0.0185452573089,0
newt_re1_n64,6.52,0.0185452573089,0
newt_re1_n64,6.528,0.0185452573089,0
newt_re1_n64,6.536,0.0185452573089,0
newt_re1_n64,6.544,0.0185452573089,0
newt_re1_n64,6.552,0.0185452573089,0
newt_re1_n64,6.56,0.0185452573089,0
newt_re1_n64,6.56800000001,0.0185452573089,0
newt_re1_n64,6.57600000001,0.0185452573089,0
newt_re1_n64,6.58400000001,0.0185452573089,0
newt_re1_n64,6.59200000001,0.0185452573089,0
newt_re1_n64,6.60000000001,0.0185452573089,0
newt_re1_n64,6.60800000001,0.0185452573089,0
newt_re1_n64,6.61600000001,0.0185452573089,0
newt_re1_n64,6.62400000001,0.0185452573089,0
newt_re1_n64,6.63200000001,0.0185452573089,0
newt_re1_n64,6.64000000001,0.0185452573089,0
newt_re1_n64,6.64800000001,0.0185452573089,0
newt_re1_n64,6.65600000001,0.0185452573089,0
newt_re1_n64,6.66400000001,0.0185452573089,0
newt_re1_n64,6.67200000001,0.0185452573089,0
newt_re1_n64,6.68000000001,0.0185452573089,0
newt_re1_n64,6.68800000001,0.0185452573089,0
newt_re1_n64,6.69600000001,0.0185452573089,0
newt_re1_n64,6.70400000001,0.0185452573089,0
newt_re1_n64,6.71200000001,0.0185452573089,0
newt_re1_n64,6.72000000001,0.0185452573089,0
newt_re1_n64,6.72800000001,0.0185452573089,0
newt_re1_n64,6.73600000001,0.0185452573089,0
newt_re1_n64,6.74400000001,0.0185452573089,0
newt_re1_n64,6.75200000001,0.0185452573089,0
newt_re1_n64,6.76000000001,0.0185452573089,0
newt_re1_n64,6.76800000001,0.0185452573089,0
newt_re1_n64,6.77600000001,0.0185452573089,0
newt_re1_n64,6.78400000001,0.0185452573089,0
newt_re1_n64,6.79200000001,0.0185452573089,0
newt_re1_n64,6.80000000001,0.0185452573089,0
newt_re1_n64,6.80800000001,0.0185452573089,0
newt_re1_n64,6.81600000001,0.0185452573089,0
newt_re1_n64,6.82400000001,0.0185452573089,0
newt_re1_n64,6.83200000001,0.0185452573089,0
newt_re1_n64,6.84000000001,0.0185452573089,0
newt_re1_n64,6.84800000001,0.0185452573089,0
newt_re1_n64,6.85600000001,0.0185452573089,0
newt_re1_n64,6.86400000001,0.0185452573089,0
newt_re1_n64,6.87200000001,0.0185452573089,0
newt_re1_n64,6.88000000001,0.0185452573089,0
newt_re1_n64,6.88800000001,0.0185452573089,0
newt_re1_n64,6.89600000001,0.0185452573089,0
newt_re1_n64,6.90400000001,0.0185452573089,0
newt_re1_n64,6.91200000001,0.0185452573089,0
newt_re1_n64,6.92000000001,0.0185452573089,0
newt_re1_n64,6.92800000001,0.0185452573089,0
newt_re1_n64,6.93600000001,0.0185452573089,0
newt_re1_n64,6.94400000001,0.0185452573089,0
newt_re1_n64,6.95200000001,0.0185452573089,0
newt_re1_n64,6.96000000001,0.0185452573089,0
newt_re1_n64,6.96800000001,0.0185452573089,0
newt_re1_n64,6.97600000001,0.0185452573089,0
newt_re1_n64,6.98400000001,0.0185452573089,0
newt_re1_n64,6.99200000001,0.0185452573089,0
newt_re1_n64,7.00000000001,0.0185452573089,0
newt_re1_n64,7.00800000001,0.0185452573089,0
newt_re1_n64,7.01600000001,0.0185452573089,0
newt_re1_n64,7.02400000001,0.0185452573089,0
newt_re1_n64,7.03200000001,0.0185452573089,0
newt_re1_n64,7.04000000001,0.0185452573089,0
newt_re1_n64,7.04800000001,0.0185452573089,0
newt_re1_n64,7.05600000001,0.0185452573089,0
newt_re1_n64,7.06400000001,0.0185452573089,0
newt_re1_n64,7.07200000001,0.0185452573089,0
newt_re1_n64,7.08000000001,0.0185452573089,0
newt_re1_n64,7.08800000001,0.0185452573089,0
newt_re1_n64,7.09600000001,0.0185452573089,0
newt_re1_n64,7.10400000001,0.0185452573089,0
newt_re1_n64,7.11200000001,0.0185452573089,0
newt_re1_n64,7.12000000001,0.0185452573089,0
newt_re1_n64,7.12800000001,0.0185452573089,0
newt_re1_n64,7.13600000001,0.0185452573089,0
newt_re1_n64,7.14400000001,0.0185452573089,0
newt_re1_n64,7.15200000001,0.0185452573089,0
newt_re1_n64,7.16000000001,0.0185452573089,0
newt_re1_n64,7.16800000001,0.0185452573089,0
newt_re1_n64,7.17600000001,0.0185452573089,0
newt_re1_n64,7.18400000001,0.0185452573089,0
newt_re1_n64,7.19200000001,0.0185452573089,0
newt_re1_n64,7.20000000001,0.0185452573089,0
newt_re1_n64,7.20800000001,0.0185452573089,0
newt_re1_n64,7.21600000001,0.0185452573089,0
newt_re1_n64,7.22400000001,0.0185452573089,0
newt_re1_n64,7.23200000001,0.0185452573089,0
newt_re1_n64,7.24000000001,0.0185452573089,0
newt_re1_n64,7.24800000001,0.0185452573089,0
newt_re1_n64,7.25600000001,0.0185452573089,0
newt_re1_n64,7.26400000001,0.0185452573089,0
newt_re1_n64,7.27200000001,0.0185452573089,0
newt_re1_n64,7.28000000001,0.0185452573089,0
newt_re1_n64,7.28800000001,0.0185452573089,0
newt_re1_n64,7.29600000001,0.0185452573089,0
newt_re1_n64,7.30400000001,0.0185452573089,0
newt_re1_n64,7.31200000001,0.0185452573089,0
newt_re1_n64,7.32000000001,0.0185452573089,0
newt_re1_n64,7.32800000001,0.0185452573089,0
newt_re1_n64,7.33600000001,0.0185452573089,0
newt_re1_n64,7.34400000001,0.0185452573089,0
newt_re1_n64,7.35200000001,0.0185452573089,0
newt_re1_n64,7.36000000001,0.0185452573089,0
newt_re1_n64,7.36800000001,0.0185452573089,0
newt_re1_n64,7.37600000001,0.0185452573089,0
newt_re1_n64,7.38400000001,0.0185452573089,0
newt_re1_n64,7.39200000001,0.0185452573089,0
newt_re1_n64,7.40000000001,0.0185452573089,0
newt_re1_n64,7.40800000001,0.0185452573089,0
newt_re1_n64,7.41600000001,0.0185452573089,0
newt_re1_n64,7.42400000001,0.0185452573089,0
newt_re1_n64,7.43200000001,0.0185452573089,0
newt_re1_n64,7.44000000001,0.0185452573089,0
newt_re1_n64,7.44800000001,0.0185452573089,0
newt_re1_n64,7.45600000001,0.0185452573089,0
newt_re1_n64,7.46400000001,0.0185452573089,0
newt_re1_n64,7.47200000001,0.0185452573089,0
newt_re1_n64,7.48000000001,0.0185452573089,0
newt_re1_n64,7.48800000001,0.0185452573089,0
newt_re1_n64,7.49600000001,0.0185452573089,0
newt_re1_n64,7.50400000001,0.0185452573089,0
newt_re1_n64,7.51200000001,0.0185452573089,0
newt_re1_n64,7.52000000001,0.0185452573089,0
newt_re1_n64,7.52800000001,0.0185452573089,0
newt_re1_n64,7.53600000001,0.0185452573089,0
newt_re1_n64,7.54400000001,0.0185452573089,0
newt_re1_n64,7.55200000001,0.0185452573089,0
newt_re1_n64,7.56000000001,0.0185452573089,0
newt_re1_n64,7.56800000001,0.0185452573089,0
newt_re1_n64,7.57600000001,0.0185452573089,0
newt_re1_n64,7.58400000001,0.0185452573089,0
newt_re1_n64,7.59200000001,0.0185452573089,0
newt_re1_n64,7.60000000001,0.0185452573089,0
newt_re1_n64,7.60800000001,0.0185452573089,0
newt_re1_n64,7.61600000001,0.0185452573089,0
newt_re1_n64,7.62400000001,0.0185452573089,0
newt_re1_n64,7.63200000001,0.0185452573089,0
newt_re1_n64,7.64000000001,0.0185452573089,0
newt_re1_n64,7.64800000001,0.0185452573089,0
newt_re1_n64,7.65600000001,0.0185452573089,0
newt_re1_n64,7.66400000001,0.0185452573089,0
newt_re1_n64,7.67200000001,0.0185452573089,0
newt_re1_n64,7.68000000001,0.0185452573089,0
newt_re1_n64,7.68800000001,0.0185452573089,0
newt_re1_n64,7.69600000001,0.0185452573089,0
newt_re1_n64,7.70400000001,0.0185452573089,0
newt_re1_n64,7.71200000001,0.0185452573089,0
newt_re1_n64,7.72000000001,0.0185452573089,0
newt_re1_n64,7.72800000001,0.0185452573089,0
newt_re1_n64,7.73600000001,0.0185452573089,0
newt_re1_n64,7.74400000001,0.0185452573089,0
newt_re1_n64,7.75200000001,0.0185452573089,0
newt_re1_n64,7.76000000001,0.0185452573089,0
newt_re1_n64,7.76800000001,0.0185452573089,0
newt_re1_n64,7.77600000001,0.0185452573089,0
newt_re1_n64,7.78400000001,0.0185452573089,0
newt_re1_n64,7.79200000001,0.0185452573089,0
newt_re1_n64,7.80000000001,0.0185452573089,0
newt_re1_n64,7.80800000001,0.0185452573089,0
newt_re1_n64,7.81600000001,0.0185452573089,0
newt_re1_n64,7.82400000001,0.0185452573089,0
newt_re1_n64,7.83200000001,0.0185452573089,0
newt_re1_n64,7.84000000001,0.0185452573089,0
newt_re1_n64,7.84800000001,0.0185452573089,0
newt_re1_n64,7.85600000001,0.0185452573089,0
newt_re1_n64,7.86400000001,0.0185452573089,0
newt_re1_n64,7.87200000001,0.0185452573089,0
newt_re1_n64,7.88000000001,0.0185452573089,0
newt_re1_n64,7.88800000001,0.0185452573089,0
newt_re1_n64,7.89600000001,0.0185452573089,0
newt_re1_n64,7.90400000001,0.0185452573089,0
newt_re1_n64,7.91200000001,0.0185452573089,0
newt_re1_n64,7.92000000001,0.0185452573089,0
newt_re1_n64,7.92800000001,0.0185452573089,0
newt_re1_n64,7.93600000001,0.0185452573089,0
newt_re1_n64,7.94400000001,0.0185452573089,0
newt_re1_n64,7.95200000001,0.0185452573089,0
newt_re1_n64,7.96000000001,0.0185452573089,0
newt_re1_n64,7.96800000001,0.0185452573089,0
newt_re1_n64,7.97600000001,0.0185452573089,0
newt_re1_n64,7.98400000001,0.0185452573089,0
newt_re1_n64,7.99200000001,0.0185452573089,0
newt_re1_n64,8.00000000001,0.0185452573089,0
newt_re1_n64,8.00800000001,0.0185452573089,0
newt_re1_n64,8.01600000001,0.0185452573089,0
newt_re1_n64,8.02400000001,0.0185452573089,0
newt_re1_n64,8.03200000001,0.0185452573089,0
newt_re1_n64,8.04000000001,0.0185452573089,0
newt_re1_n64,8.04800000001,0.0185452573089,0
newt_re1_n64,8.05600000001,0.0185452573089,0
newt_re1_n64,8.06400000001,0.0185452573089,0
newt_re1_n64,8.07200000001,0.0185452573089,0
newt_re1_n64,8.08000000001,0.0185452573089,0
newt_re1_n64,8.08800000001,0.0185452573089,0
newt_re1_n64,8.09600000001,0.0185452573089,0
newt_re1_n64,8.10400000001,0.0185452573089,0
newt_re1_n64,8.11200000001,0.0185452573089,0
newt_re1_n64,8.12000000001,0.0185452573089,0
newt_re1_n64,8.12800000001,0.0185452573089,0
newt_re1_n64,8.13600000001,0.0185452573089,0
newt_re1_n64,8.14400000001,0.0185452573089,0
newt_re1_n64,8.15200000001,0.0185452573089,0
newt_re1_n64,8.16000000001,0.0185452573089,0
newt_re1_n64,8.16800000001,0.0185452573089,0
newt_re1_n64,8.17600000001,0.0185452573089,0
newt_re1_n64,8.18400000001,0.0185452573089,0
newt_re1_n64,8.19200000001,0.0185452573089,0
newt_re1_n64,8.20000000001,0.0185452573089,0
newt_re1_n64,8.20800000001,0.0185452573089,0
newt_re1_n64,8.21600000001,0.0185452573089,0
newt_re1_n64,8.22400000001,0.0185452573089,0
newt_re1_n64,8.23200000001,0.0185452573089,0
newt_re1_n64,8.24000000001,0.0185452573089,0
newt_re1_n64,8.24800000001,0.0185452573089,0
newt_re1_n64,8.25600000001,0.0185452573089,0
newt_re1_n64,8.26400000001,0.0185452573089,0
newt_re1_n64,8.27200000001,0.0185452573089,0
newt_re1_n64,8.28000000001,0.0185452573089,0
newt_re1_n64,8.28800000001,0.0185452573089,0
newt_re1_n64,8.29600000001,0.0185452573089,0
newt_re1_n64,8.30400000001,0.0185452573089,0
newt_re1_n64,8.31200000001,0.0185452573089,0
newt_re1_n64,8.32000000001,0.0185452573089,0
newt_re1_n64,8.32800000001,0.0185452573089,0
newt_re1_n64,8.33600000001,0.0185452573089,0
newt_re1_n64,8.34400000001,0.0185452573089,0
newt_re1_n64,8.35200000001,0.0185452573089,0
newt_re1_n64,8.36000000001,0.0185452573089,0
newt_re1_n64,8.36800000001,0.0185452573089,0
newt_re1_n64,8.37600000001,0.0185452573089,0
newt_re1_n64,8.38400000001,0.0185452573089,0
newt_re1_n64,8.39200000001,0.0185452573089,0
newt_re1_n64,8.40000000001,0.0185452573089,0
newt_re1_n64,8.40800000001,0.0185452573089,0
newt_re1_n64,8.41600000001,0.0185452573089,0
newt_re1_n64,8.42400000001,0.0185452573089,0
newt_re1_n64,8.43200000001,0.0185452573089,0
newt_re1_n64,8.44000000001,0.0185452573089,0
newt_re1_n64,8.44800000001,0.0185452573089,0
newt_re1_n64,8.45600000001,0.0185452573089,0
newt_re1_n64,8.46400000001,0.0185452573089,0
newt_re1_n64,8.47200000001,0.0185452573089,0
newt_re1_n64,8.48000000001,0.0185452573089,0
newt_re1_n64,8.48800000001,0.0185452573089,0
newt_re1_n64,8.49600000001,0.0185452573089,0
newt_re1_n64,8.50400000001,0.0185452573089,0
newt_re1_n64,8.51200000001,0.0185452573089,0
newt_re1_n64,8.52000000001,0.0185452573089,0
newt_re1_n64,8.52800000001,0.0185452573089,0
newt_re1_n64,8.53600000001,0.0185452573089,0
newt_re1_n64,8.54400000001,0.0185452573089,0
newt_re1_n64,8.55200000001,0.0185452573089,0
newt_re1_n64,8.56000000001,0.0185452573089,0
newt_re1_n64,8.56800000001,0.0185452573089,0
newt_re1_n64,8.57600000001,0.0185452573089,0
newt_re1_n64,8.58400000001,0.0185452573089,0
newt_re1_n64,8.59200000001,0.0185452573089,0
newt_re1_n64,8.60000000001,0.0185452573089,0
newt_re1_n64,8.60800000001,0.0185452573089,0
newt_re1_n64,8.61600000001,0.0185452573089,0
newt_re1_n64,8.62400000001,0.0185452573089,0
newt_re1_n64,8.63200000001,0.0185452573089,0
newt_re1_n64,8.64000000001,0.0185452573089,0
newt_re1_n64,8.64800000001,0.0185452573089,0
newt_re1_n64,8.65600000001,0.0185452573089,0
newt_re1_n64,8.66400000001,0.0185452573089,0
newt_re1_n64,8.67200000001,0.0185452573089,0
newt_re1_n64,8.68000000001,0.0185452573089,0
newt_re1_n64,8.68800000001,0.0185452573089,0
newt_re1_n64,8.69600000001,0.0185452573089,0
newt_re1_n64,8.70400000001,0.0185452573089,0
newt_re1_n64,8.71200000001,0.0185452573089,0
newt_re1_n64,8.72000000001,0.0185452573089,0
newt_re1_n64,8.72800000001,0.0185452573089,0
newt_re1_n64,8.73600000001,0.0185452573089,0
newt_re1_n64,8.74400000001,0.0185452573089,0
newt_re1_n64,8.75200000001,0.0185452573089,0
newt_re1_n64,8.76000000001,0.0185452573089,0
newt_re1_n64,8.76800000001,0.0185452573089,0
newt_re1_n64,8.77600000001,0.0185452573089,0
newt_re1_n64,8.78400000001,0.0185452573089,0
newt_re1_n64,8.79200000001,0.0185452573089,0
newt_re1_n64,8.80000000001,0.0185452573089,0
newt_re1_n64,8.80800000001,0.0185452573089,0
newt_re1_n64,8.81600000001,0.0185452573089,0
newt_re1_n64,8.82400000001,0.0185452573089,0
newt_re1_n64,8.83200000001,0.0185452573089,0
newt_re1_n64,8.84000000001,0.0185452573089,0
newt_re1_n64,8.84800000001,0.0185452573089,0
newt_re1_n64,8.85600000001,0.0185452573089,0
newt_re1_n64,8.86400000001,0.0185452573089,0
newt_re1_n64,8.87200000001,0.0185452573089,0
newt_re1_n64,8.88000000001,0.0185452573089,0
newt_re1_n64,8.88800000001,0.0185452573089,0
newt_re1_n64,8.89600000001,0.0185452573089,0
newt_re1_n64,8.90400000001,0.0185452573089,0
newt_re1_n64,8.91200000001,0.0185452573089,0
newt_re1_n64,8.92000000001,0.0185452573089,0
newt_re1_n64,8.92800000001,0.0185452573089,0
newt_re1_n64,8.93600000001,0.0185452573089,0
newt_re1_n64,8.94400000001,0.0185452573089,0
newt_re1_n64,8.95200000001,0.0185452573089,0
newt_re1_n64,8.96000000001,0.0185452573089,0
newt_re1_n64,8.96800000001,0.0185452573089,0
newt_re1_n64,8.97600000001,0.0185452573089,0
newt_re1_n64,8.98400000001,0.0185452573089,0
newt_re1_n64,8.99200000001,0.0185452573089,0
newt_re1_n64,9.00000000001,0.0185452573089,0
newt_re1_n64,9.00800000001,0.0185452573089,0
newt_re1_n64,9.01600000001,0.0185452573089,0
newt_re1_n64,9.02400000001,0.0185452573089,0
newt_re1_n64,9.03200000001,0.0185452573089,0
newt_re1_n64,9.04000000001,0.0185452573089,0
newt_re1_n64,9.04800000001,0.0185452573089,0
newt_re1_n64,9.05600000001,0.0185452573089,0
newt_re1_n64,9.06400000001,0.0185452573089,0
newt_re1_n64,9.07200000001,0.0185452573089,0
newt_re1_n64,9.08000000001,0.0185452573089,0
newt_re1_n64,9.08800000001,0.0185452573089,0
newt_re1_n64,9.09600000001,0.0185452573089,0
newt_re1_n64,9.10400000001,0.0185452573089,0
newt_re1_n64,9.11200000001,0.0185452573089,0
newt_re1_n64,9.12000000001,0.0185452573089,0
newt_re1_n64,9.12800000001,0.0185452573089,0
newt_re1_n64,9.13600000001,0.0185452573089,0
newt_re1_n64,9.14400000001,0.0185452573089,0
newt_re1_n64,9.15200000001,0.0185452573089,0
newt_re1_n64,9.16000000001,0.0185452573089,0
newt_re1_n64,9.16800000001,0.0185452573089,0
newt_re1_n64,9.17600000001,0.0185452573089,0
newt_re1_n64,9.18400000001,0.0185452573089,0
newt_re1_n64,9.19200000001,0.0185452573089,0
newt_re1_n64,9.20000000001,0.0185452573089,0
newt_re1_n64,9.20800000001,0.0185452573089,0
newt_re1_n64,9.21600000001,0.0185452573089,0
newt_re1_n64,9.22400000001,0.0185452573089,0
newt_re1_n64,9.23200000001,0.0185452573089,0
newt_re1_n64,9.24000000001,0.0185452573089,0
newt_re1_n64,9.24800000001,0.0185452573089,0
newt_re1_n64,9.25600000001,0.0185452573089,0
newt_re1_n64,9.26400000001,0.0185452573089,0
newt_re1_n64,9.27200000001,0.0185452573089,0
newt_re1_n64,9.28000000001,0.0185452573089,0
newt_re1_n64,9.28800000001,0.0185452573089,0
newt_re1_n64,9.29600000001,0.0185452573089,0
newt_re1_n64,9.304,0.0185452573089,0
newt_re1_n64,9.312,0.0185452573089,0
newt_re1_n64,9.32,0.0185452573089,0
newt_re1_n64,9.328,0.0185452573089,0
newt_re1_n64,9.336,0.0185452573089,0
newt_re1_n64,9.344,0.0185452573089,0
newt_re1_n64,9.352,0.0185452573089,0
newt_re1_n64,9.36,0.0185452573089,0
newt_re1_n64,9.368,0.0185452573089,0
newt_re1_n64,9.376,0.0185452573089,0
newt_re1_n64,9.384,0.0185452573089,0
newt_re1_n64,9.392,0.0185452573089,0
newt_re1_n64,9.4,0.0185452573089,0
newt_re1_n64,9.408,0.0185452573089,0
newt_re1_n64,9.416,0.0185452573089,0
newt_re1_n64,9.424,0.0185452573089,0
newt_re1_n64,9.432,0.0185452573089,0
newt_re1_n64,9.44,0.0185452573089,0
newt_re1_n64,9.448,0.0185452573089,0
newt_re1_n64,9.456,0.0185452573089,0
newt_re1_n64,9.464,0.0185452573089,0
newt_re1_n64,9.472,0.0185452573089,0
newt_re1_n64,9.48,0.0185452573089,0
newt_re1_n64,9.488,0.0185452573089,0
newt_re1_n64,9.496,0.0185452573089,0
newt_re1_n64,9.504,0.0185452573089,0
newt_re1_n64,9.512,0.0185452573089,0
newt_re1_n64,9.52,0.0185452573089,0
newt_re1_n64,9.528,0.0185452573089,0
newt_re1_n64,9.536,0.0185452573089,0
newt_re1_n64,9.544,0.0185452573089,0
newt_re1_n64,9.552,0.0185452573089,0
newt_re1_n64,9.56,0.0185452573089,0
newt_re1_n64,9.568,0.0185452573089,0
newt_re1_n64,9.576,0.0185452573089,0
newt_re1_n64,9.584,0.0185452573089,0
newt_re1_n64,9.592,0.0185452573089,0
newt_re1_n64,9.6,0.0185452573089,0
newt_re1_n64,9.608,0.0185452573089,0
newt_re1_n64,9.616,0.0185452573089,0
newt_re1_n64,9.624,0.0185452573089,0
newt_re1_n64,9.632,0.0185452573089,0
newt_re1_n64,9.64,0.0185452573089,0
newt_re1_n64,9.648,0.0185452573089,0
newt_re1_n64,9.656,0.0185452573089,0
newt_re1_n64,9.664,0.0185452573089,0
newt_re1_n64,9.672,0.0185452573089,0
newt_re1_n64,9.68,0.0185452573089,0
newt_re1_n64,9.688,0.0185452573089,0
newt_re1_n64,9.696,0.0185452573089,0
newt_re1_n64,9.704,0.0185452573089,0
newt_re1_n64,9.712,0.0185452573089,0
newt_re1_n64,9.72,0.0185452573089,0
newt_re1_n64,9.728,0.0185452573089,0
newt_re1_n64,9.736,0.0185452573089,0
newt_re1_n64,9.744,0.0185452573089,0
newt_re1_n64,9.752,0.0185452573089,0
newt_re1_n64,9.76,0.0185452573089,0
newt_re1_n64,9.768,0.0185452573089,0
newt_re1_n64,9.776,0.0185452573089,0
newt_re1_n64,9.784,0.0185452573089,0
newt_re1_n64,9.792,0.0185452573089,0
newt_re1_n64,9.8,0.0185452573089,0
newt_re1_n64,9.808,0.0185452573089,0
newt_re1_n64,9.816,0.0185452573089,0
newt_re1_n64,9.824,0.0185452573089,0
newt_re1_n64,9.832,0.0185452573089,0
newt_re1_n64,9.84,0.0185452573089,0
newt_re1_n64,9.848,0.0185452573089,0
newt_re1_n64,9.856,0.0185452573089,0
newt_re1_n64,9.864,0.0185452573089,0
newt_re1_n64,9.872,0.0185452573089,0
newt_re1_n64,9.88,0.0185452573089,0
newt_re1_n64,9.888,0.0185452573089,0
newt_re1_n64,9.896,0.0185452573089,0
newt_re1_n64,9.904,0.0185452573089,0
newt_re1_n64,9.912,0.0185452573089,0
newt_re1_n64,9.92,0.0185452573089,0
newt_re1_n64,9.928,0.0185452573089,0
newt_re1_n64,9.936,0.0185452573089,0
newt_re1_n64,9.944,0.0185452573089,0
newt_re1_n64,9.952,0.0185452573089,0
newt_re1_n64,9.96,0.0185452573089,0
newt_re1_n64,9.968,0.0185452573089,0
newt_re1_n64,9.976,0.0185452573089,0
newt_re1_n64,9.984,0.0185452573089,0
newt_re1_n64,9.992,0.0185452573089,0
newt_re1_n64,10,0.0185452573089,0
newt_re1_n128,0,0,0
newt_re1_n128,0.008,1.50061383446e-09,0
newt_re1_n128,0.016,2.40145598967e-09,0
newt_re1_n128,0.024,3.37478737654e-09,0
newt_re1_n128,0.032,4.53483379226e-09,0
newt_re1_n128,0.04,5.9753398805e-09,0
newt_re1_n128,0.048,7.79902033095e-09,0
newt_re1_n128,0.056,1.01299130593e-08,0
newt_re1_n128,0.064,1.31235043864e-08,0
newt_re1_n128,0.072,1.69777865594e-08,0
newt_re1_n128,0.08,2.19466459002e-08,0
newt_re1_n128,0.088,2.83566899656e-08,0
newt_re1_n128,0.096,3.66287033977e-08,0
newt_re1_n128,0.104,4.73051649747e-08,0
newt_re1_n128,0.112,6.10856213483e-08,0
newt_re1_n128,0.12,7.88722000603e-08,0
newt_re1_n128,0.128,1.01828178307e-07,0
newt_re1_n128,0.136,1.31453339447e-07,0
newt_re1_n128,0.144,1.69680892892e-07,0
newt_re1_n128,0.152,2.19002064081e-07,0
newt_re1_n128,0.16,2.82626154384e-07,0
newt_re1_n128,0.168,3.64686018734e-07,0
newt_re1_n128,0.176,4.70501626178e-07,0
newt_re1_n128,0.184,6.06917795305e-07,0
newt_re1_n128,0.192,7.82736502344e-07,0
newt_re1_n128,0.2,1.00926954719e-06,0
newt_re1_n128,0.208,1.30104407047e-06,0
newt_re1_n128,0.216,1.67670171818e-06,0
newt_re1_n128,0.224,2.16014245886e-06,0
newt_re1_n128,0.232,2.78197650606e-06,0
newt_re1_n128,0.24,3.58136282796e-06,0
newt_re1_n128,0.248,4.60833065382e-06,0
newt_re1_n128,0.256,5.92670145358e-06,0
newt_re1_n128,0.264,7.61775315539e-06,0
newt_re1_n128,0.272,9.7847956799e-06,0
newt_re1_n128,0.28,1.25588565633e-05,0
newt_re1_n128,0.288,1.61057061837e-05,0
newt_re1_n128,0.296,2.06344815606e-05,0
newt_re1_n128,0.304,2.6408192134e-05,0
newt_re1_n128,0.312,3.37564047443e-05,0
newt_re1_n128,0.32,4.30904001995e-05,0
newt_re1_n128,0.328,5.4921059393e-05,0
newt_re1_n128,0.336,6.98796586629e-05,0
newt_re1_n128,0.344,8.87416143029e-05,0
newt_re1_n128,0.352,0.000112452994428,0
newt_re1_n128,0.36,0.000142159291094,0
newt_re1_n128,0.368,0.000179235497054,0
newt_re1_n128,0.376,0.00022531594714,0
newt_re1_n128,0.384,0.00028232166643,0
newt_re1_n128,0.392,0.000352482142525,0
newt_re1_n128,0.4,0.000438347570647,0
newt_re1_n128,0.408,0.000542786816713,0
newt_re1_n128,0.416,0.000668965767499,0
newt_re1_n128,0.424,0.000820300599161,0
newt_re1_n128,0.432,0.00100038103688,0
newt_re1_n128,0.44,0.00121286012898,0
newt_re1_n128,0.448,0.00146130957627,0
newt_re1_n128,0.456,0.00174904324977,0
newt_re1_n128,0.464,0.00207891598036,0
newt_re1_n128,0.472,0.00245310952621,0
newt_re1_n128,0.48,0.00287292207291,0
newt_re1_n128,0.488,0.00333858079132,0
newt_re1_n128,0.496,0.00384909797888,0
newt_re1_n128,0.504,0.00440218950265,0
newt_re1_n128,0.512,0.00499426947436,0
newt_re1_n128,0.52,0.00562052775325,0
newt_re1_n128,0.528,0.00627508801421,0
newt_re1_n128,0.536,0.00695123514661,0
newt_re1_n128,0.544,0.00764169317899,0
newt_re1_n128,0.552,0.00833892997444,0
newt_re1_n128,0.56,0.00903546331488,0
newt_re1_n128,0.568,0.00972414470364,0
newt_re1_n128,0.576,0.0103984016783,0
newt_re1_n128,0.584,0.0110524256267,0
newt_re1_n128,0.592,0.0116812989038,0
newt_re1_n128,0.6,0.0122810613942,0
newt_re1_n128,0.608,0.0128487218243,0
newt_re1_n128,0.616,0.0133822226752,0
newt_re1_n128,0.624,0.0138803694303,0
newt_re1_n128,0.632,0.014342735295,0
newt_re1_n128,0.64,0.0147695518096,0
newt_re1_n128,0.648,0.0151615942908,0
newt_re1_n128,0.656,0.0155200692079,0
newt_re1_n128,0.664,0.0158465086679,0
newt_re1_n128,0.672,0.0161426754033,0
newt_re1_n128,0.68,0.0164104801223,0
newt_re1_n128,0.688,0.0166519118704,0
newt_re1_n128,0.696,0.01686898115,0
newt_re1_n128,0.704,0.0170636749406,0
newt_re1_n128,0.712,0.0172379223866,0
newt_re1_n128,0.72,0.0173935697507,0
newt_re1_n128,0.728,0.0175323631807,0
newt_re1_n128,0.736,0.0176559379011,0
newt_re1_n128,0.744,0.0177658125514,0
newt_re1_n128,0.752,0.0178633875405,0
newt_re1_n128,0.76,0.0179499464456,0
newt_re1_n128,0.768,0.01802665964,0
newt_re1_n128,0.776,0.0180945894837,0
newt_re1_n128,0.784,0.0181546965364,0
newt_re1_n128,0.792,0.0182078463737,0
newt_re1_n128,0.8,0.0182548166822,0
newt_re1_n128,0.808,0.0182963043865,0
newt_re1_n128,0.816,0.0183329326341,0
newt_re1_n128,0.824,0.0183652575109,0
newt_re1_n128,0.832,0.0183937744045,0
newt_re1_n128,0.84,0.0184189239645,0
newt_re1_n128,0.848,0.018441097633,0
newt_re1_n128,0.856,0.0184606427357,0
newt_re1_n128,0.864,0.0184778671406,0
newt_re1_n128,0.872,0.0184930434964,0
newt_re1_n128,0.88,0.0185064130717,0
newt_re1_n128,0.888,0.0185181892197,0
newt_re1_n128,0.896,0.0185285604932,0
newt_re1_n128,0.904,0.018537693439,0
newt_re1_n128,0.912,0.0185457350966,0
newt_re1_n128,0.92,0.0185528152301,0
newt_re1_n128,0.928,0.0185590483162,0
newt_re1_n128,0.936,0.0185645353127,0
newt_re1_n128,0.944,0.0185693652305,0
newt_re1_n128,0.952,0.0185736165275,0
newt_re1_n128,0.96,0.018577358345,0
newt_re1_n128,0.968,0.0185806516024,0
newt_re1_n128,0.976,0.0185835499656,0
newt_re1_n128,0.984,0.0185861007041,0
newt_re1_n128,0.992,0.0185883454476,0
newt_re1_n128,1,0.0185903208549,0
newt_re1_n128,1.008,0.0185920592041,0
newt_re1_n128,1.016,0.0185935889137,0
newt_re1_n128,1.024,0.018594935002,0
newt_re1_n128,1.032,0.0185961194925,0
newt_re1_n128,1.04,0.0185971617713,0
newt_re1_n128,1.048,0.0185980789019,0
newt_re1_n128,1.056,0.0185988859028,0
newt_re1_n128,1.064,0.018599595992,0
newt_re1_n128,1.072,0.0186002208026,0
newt_re1_n128,1.08,0.0186007705725,0
newt_re1_n128,1.088,0.018601254311,0
newt_re1_n128,1.096,0.0186016799468,0
newt_re1_n128,1.104,0.0186020544569,0
newt_re1_n128,1.112,0.018602383981,0
newt_re1_n128,1.12,0.0186026739216,0
newt_re1_n128,1.128,0.0186029290329,0
newt_re1_n128,1.136,0.0186031534981,0
newt_re1_n128,1.144,0.0186033509982,0
newt_re1_n128,1.152,0.0186035247722,0
newt_re1_n128,1.16,0.0186036776699,0
newt_re1_n128,1.168,0.0186038121992,0
newt_re1_n128,1.176,0.0186039305666,0
newt_re1_n128,1.184,0.0186040347135,0
newt_re1_n128,1.192,0.0186041263483,0
newt_re1_n128,1.2,0.0186042069741,0
newt_re1_n128,1.208,0.0186042779134,0
newt_re1_n128,1.216,0.01860434033,0
newt_re1_n128,1.224,0.0186043952477,0
newt_re1_n128,1.232,0.0186044435675,0
newt_re1_n128,1.24,0.0186044860819,0
newt_re1_n128,1.248,0.0186045234886,0
newt_re1_n128,1.256,0.018604556401,0
newt_re1_n128,1.264,0.0186045853592,0
newt_re1_n128,1.272,0.0186046108383,0
newt_re1_n128,1.28,0.0186046332561,0
newt_re1_n128,1.288,0.0186046529806,0
newt_re1_n128,1.296,0.0186046703353,0
newt_re1_n128,1.304,0.0186046856048,0
newt_re1_n128,1.312,0.0186046990398,0
newt_re1_n128,1.32,0.0186047108607,0
newt_re1_n128,1.328,0.0186047212613,0
newt_re1_n128,1.336,0.0186047304124,0
newt_re1_n128,1.344,0.0186047384639,0
newt_re1_n128,1.352,0.0186047455482,0
newt_re1_n128,1.36,0.0186047517812,0
newt_re1_n128,1.368,0.0186047572654,0
newt_re1_n128,1.376,0.0186047620907,0
newt_re1_n128,1.384,0.0186047663363,0
newt_re1_n128,1.392,0.0186047700717,0
newt_re1_n128,1.4,0.0186047733584,0
newt_re1_n128,1.408,0.0186047762501,0
newt_re1_n128,1.416,0.0186047787945,0
newt_re1_n128,1.424,0.0186047810331,0
newt_re1_n128,1.432,0.0186047830028,0
newt_re1_n128,1.44,0.0186047847358,0
newt_re1_n128,1.448,0.0186047862607,0
newt_re1_n128,1.456,0.0186047876023,0
newt_re1_n128,1.464,0.0186047887827,0
newt_re1_n128,1.472,0.0186047898213,0
newt_re1_n128,1.48,0.0186047907351,0
newt_re1_n128,1.488,0.0186047915391,0
newt_re1_n128,1.496,0.0186047922466,0
newt_re1_n128,1.504,0.018604792869,0
newt_re1_n128,1.512,0.0186047934166,0
newt_re1_n128,1.52,0.0186047938985,0
newt_re1_n128,1.528,0.0186047943224,0
newt_re1_n128,1.536,0.0186047946955,0
newt_re1_n128,1.544,0.0186047950237,0
newt_re1_n128,1.552,0.0186047953124,0
newt_re1_n128,1.56,0.0186047955665,0
newt_re1_n128,1.568,0.01860479579,0
newt_re1_n128,1.576,0.0186047959867,0
newt_re1_n128,1.584,0.0186047961598,0
newt_re1_n128,1.592,0.0186047963121,0
newt_re1_n128,1.6,0.018604796446,0
newt_re1_n128,1.608,0.0186047965639,0
newt_re1_n128,1.616,0.0186047966676,0
newt_re1_n128,1.624,0.0186047967589,0
newt_re1_n128,1.632,0.0186047968392,0
newt_re1_n128,1.64,0.0186047969098,0
newt_re1_n128,1.648,0.018604796972,0
newt_re1_n128,1.656,0.0186047970266,0
newt_re1_n128,1.664,0.0186047970748,0
newt_re1_n128,1.672,0.0186047971171,0
newt_re1_n128,1.68,0.0186047971543,0
newt_re1_n128,1.688,0.0186047971871,0
newt_re1_n128,1.696,0.018604797216,0
newt_re1_n128,1.704,0.0186047972413,0
newt_re1_n128,1.712,0.0186047972637,0
newt_re1_n128,1.72,0.0186047972833,0
newt_re1_n128,1.728,0.0186047973006,0
newt_re1_n128,1.736,0.0186047973158,0
newt_re1_n128,1.744,0.0186047973292,0
newt_re1_n128,1.752,0.0186047973409,0
newt_re1_n128,1.76,0.0186047973513,0
newt_re1_n128,1.768,0.0186047973604,0
newt_re1_n128,1.776,0.0186047973684,0
newt_re1_n128,1.784,0.0186047973755,0
newt_re1_n128,1.792,0.0186047973817,0
newt_re1_n128,1.8,0.0186047973871,0
newt_re1_n128,1.808,0.0186047973919,0
newt_re1_n128,1.816,0.0186047973962,0
newt_re1_n128,1.824,0.0186047973999,0
newt_re1_n128,1.832,0.0186047974032,0
newt_re1_n128,1.84,0.018604797406,0
newt_re1_n128,1.848,0.0186047974086,0
newt_re1_n128,1.856,0.0186047974108,0
newt_re1_n128,1.864,0.0186047974128,0
newt_re1_n128,1.872,0.0186047974145,0
newt_re1_n128,1.88,0.018604797416,0
newt_re1_n128,1.888,0.0186047974173,0
newt_re1_n128,1.896,0.0186047974185,0
newt_re1_n128,1.904,0.0186047974196,0
newt_re1_n128,1.912,0.0186047974205,0
newt_re1_n128,1.92,0.0186047974213,0
newt_re1_n128,1.928,0.018604797422,0
newt_re1_n128,1.936,0.0186047974226,0
newt_re1_n128,1.944,0.0186047974231,0
newt_re1_n128,1.952,0.0186047974236,0
newt_re1_n128,1.96,0.018604797424,0
newt_re1_n128,1.968,0.0186047974244,0
newt_re1_n128,1.976,0.0186047974247,0
newt_re1_n128,1.984,0.018604797425,0
newt_re1_n128,1.992,0.0186047974253,0
newt_re1_n128,2,0.0186047974255,0
newt_re1_n128,2.008,0.0186047974257,0
newt_re1_n128,2.016,0.0186047974259,0
newt_re1_n128,2.024,0.018604797426,0
newt_re1_n128,2.032,0.0186047974262,0
newt_re1_n128,2.04,0.0186047974263,0
newt_re1_n128,2.048,0.0186047974264,0
newt_re1_n128,2.056,0.0186047974265,0
newt_re1_n128,2.064,0.0186047974265,0
newt_re1_n128,2.072,0.0186047974266,0
newt_re1_n128,2.08,0.0186047974267,0
newt_re1_n128,2.088,0.0186047974267,0
newt_re1_n128,2.096,0.0186047974268,0
newt_re1_n128,2.104,0.0186047974268,0
newt_re1_n128,2.112,0.0186047974269,0
newt_re1_n128,2.12,0.0186047974269,0
newt_re1_n128,2.128,0.0186047974269,0
newt_re1_n128,2.136,0.0186047974269,0
newt_re1_n128,2.144,0.018604797427,0
newt_re1_n128,2.152,0.018604797427,0
newt_re1_n128,2.16,0.018604797427,0
newt_re1_n128,2.168,0.018604797427,0
newt_re1_n128,2.176,0.018604797427,0
newt_re1_n128,2.184,0.018604797427,0
newt_re1_n128,2.192,0.0186047974271,0
newt_re1_n128,2.2,0.0186047974271,0
newt_re1_n128,2.208,0.0186047974271,0
newt_re1_n128,2.216,0.0186047974271,0
newt_re1_n128,2.224,0.0186047974271,0
newt_re1_n128,2.232,0.0186047974271,0
newt_re1_n128,2.24,0.0186047974271,0
newt_re1_n128,2.248,0.0186047974271,0
newt_re1_n128,2.256,0.0186047974271,0
newt_re1_n128,2.264,0.0186047974271,0
newt_re1_n128,2.272,0.0186047974271,0
newt_re1_n128,2.28,0.0186047974271,0
newt_re1_n128,2.288,0.0186047974271,0
newt_re1_n128,2.296,0.0186047974271,0
newt_re1_n128,2.304,0.0186047974271,0
newt_re1_n128,2.312,0.0186047974271,0
newt_re1_n128,2.32,0.0186047974271,0
newt_re1_n128,2.328,0.0186047974271,0
newt_re1_n128,2.336,0.0186047974271,0
newt_re1_n128,2.344,0.0186047974271,0
newt_re1_n128,2.352,0.0186047974271,0
newt_re1_n128,2.36,0.0186047974271,0
newt_re1_n128,2.368,0.0186047974271,0
newt_re1_n128,2.376,0.0186047974271,0
newt_re1_n128,2.384,0.0186047974271,0
newt_re1_n128,2.392,0.0186047974271,0
newt_re1_n128,2.4,0.0186047974271,0
newt_re1_n128,2.408,0.0186047974271,0
newt_re1_n128,2.416,0.0186047974271,0
newt_re1_n128,2.424,0.0186047974271,0
newt_re1_n128,2.432,0.0186047974271,0
newt_re1_n128,2.44,0.0186047974271,0
newt_re1_n128,2.448,0.0186047974271,0
newt_re1_n128,2.456,0.0186047974271,0
newt_re1_n128,2.464,0.0186047974271,0
newt_re1_n128,2.472,0.0186047974271,0
newt_re1_n128,2.48,0.0186047974271,0
newt_re1_n128,2.488,0.0186047974271,0
newt_re1_n128,2.496,0.0186047974271,0
newt_re1_n128,2.504,0.0186047974271,0
newt_re1_n128,2.512,0.0186047974271,0
newt_re1_n128,2.52,0.0186047974271,0
newt_re1_n128,2.528,0.0186047974271,0
newt_re1_n128,2.536,0.0186047974271,0
newt_re1_n128,2.544,0.0186047974271,0
newt_re1_n128,2.552,0.0186047974271,0
newt_re1_n128,2.56,0.0186047974271,0
newt_re1_n128,2.568,0.0186047974271,0
newt_re1_n128,2.576,0.0186047974271,0
newt_re1_n128,2.584,0.0186047974271,0
newt_re1_n128,2.592,0.0186047974271,0
newt_re1_n128,2.6,0.0186047974271,0
newt_re1_n128,2.608,0.0186047974271,0
newt_re1_n128,2.616,0.0186047974271,0
newt_re1_n128,2.624,0.0186047974271,0
newt_re1_n128,2.632,0.0186047974271,0
newt_re1_n128,2.64,0.0186047974271,0
newt_re1_n128,2.648,0.0186047974271,0
newt_re1_n128,2.656,0.0186047974271,0
newt_re1_n128,2.664,0.0186047974271,0
newt_re1_n128,2.672,0.0186047974271,0
newt_re1_n128,2.68,0.0186047974271,0
newt_re1_n128,2.688,0.0186047974271,0
newt_re1_n128,2.696,0.0186047974271,0
newt_re1_n128,2.704,0.0186047974271,0
newt_re1_n128,2.712,0.0186047974271,0
newt_re1_n128,2.72,0.0186047974271,0
newt_re1_n128,2.728,0.0186047974271,0
newt_re1_n128,2.736,0.0186047974271,0
newt_re1_n128,2.744,0.0186047974271,0
newt_re1_n128,2.752,0.0186047974271,0
newt_re1_n128,2.76,0.0186047974271,0
newt_re1_n128,2.768,0.0186047974271,0
newt_re1_n128,2.776,0.0186047974271,0
newt_re1_n128,2.784,0.0186047974271,0
newt_re1_n128,2.792,0.0186047974271,0
newt_re1_n128,2.8,0.0186047974271,0
newt_re1_n128,2.808,0.0186047974271,0
newt_re1_n128,2.816,0.0186047974271,0
newt_re1_n128,2.824,0.0186047974271,0
newt_re1_n128,2.832,0.0186047974271,0
newt_re1_n128,2.84,0.0186047974271,0
newt_re1_n128,2.848,0.0186047974271,0
newt_re1_n128,2.856,0.0186047974271,0
newt_re1_n128,2.864,0.0186047974271,0
newt_re1_n128,2.872,0.0186047974271,0
newt_re1_n128,2.88,0.0186047974271,0
newt_re1_n128,2.888,0.0186047974271,0
newt_re1_n128,2.896,0.0186047974271,0
newt_re1_n128,2.904,0.0186047974271,0
newt_re1_n128,2.912,0.0186047974271,0
newt_re1_n128,2.92,0.0186047974271,0
newt_re1_n128,2.928,0.0186047974271,0
newt_re1_n128,2.936,0.0186047974271,0
newt_re1_n128,2.944,0.0186047974271,0
newt_re1_n128,2.952,0.0186047974271,0
newt_re1_n128,2.96,0.0186047974271,0
newt_re1_n128,2.968,0.0186047974271,0
newt_re1_n128,2.976,0.0186047974271,0
newt_re1_n128,2.984,0.0186047974271,0
newt_re1_n128,2.992,0.0186047974271,0
newt_re1_n128,3,0.0186047974271,0
newt_re1_n128,3.008,0.0186047974271,0
newt_re1_n128,3.016,0.0186047974271,0
newt_re1_n128,3.024,0.0186047974271,0
newt_re1_n128,3.032,0.0186047974271,0
newt_re1_n128,3.04,0.0186047974271,0
newt_re1_n128,3.048,0.0186047974271,0
newt_re1_n128,3.056,0.0186047974271,0
newt_re1_n128,3.064,0.0186047974271,0
newt_re1_n128,3.072,0.0186047974271,0
newt_re1_n128,3.08,0.0186047974271,0
newt_re1_n128,3.088,0.0186047974271,0
newt_re1_n128,3.096,0.0186047974271,0
newt_re1_n128,3.104,0.0186047974271,0
newt_re1_n128,3.112,0.0186047974271,0
newt_re1_n128,3.12,0.0186047974271,0
newt_re1_n128,3.128,0.0186047974271,0
newt_re1_n128,3.136,0.0186047974271,0
newt_re1_n128,3.144,0.0186047974271,0
newt_re1_n128,3.152,0.0186047974271,0
newt_re1_n128,3.16,0.0186047974271,0
newt_re1_n128,3.168,0.0186047974271,0
newt_re1_n128,3.176,0.0186047974271,0
newt_re1_n128,3.184,0.0186047974271,0
newt_re1_n128,3.192,0.0186047974271,0
newt_re1_n128,3.2,0.0186047974271,0
newt_re1_n128,3.208,0.0186047974271,0
newt_re1_n128,3.216,0.0186047974271,0
newt_re1_n128,3.224,0.0186047974271,0
newt_re1_n128,3.232,0.0186047974271,0
newt_re1_n128,3.24,0.0186047974271,0
newt_re1_n128,3.248,0.0186047974271,0
newt_re1_n128,3.256,0.0186047974271,0
newt_re1_n128,3.264,0.0186047974271,0
newt_re1_n128,3.272,0.0186047974271,0
newt_re1_n128,3.28,0.0186047974271,0
newt_re1_n128,3.288,0.0186047974271,0
newt_re1_n128,3.296,0.0186047974271,0
newt_re1_n128,3.304,0.0186047974271,0
newt_re1_n128,3.312,0.0186047974271,0
newt_re1_n128,3.32,0.0186047974271,0
newt_re1_n128,3.328,0.0186047974271,0
newt_re1_n128,3.336,0.0186047974271,0
newt_re1_n128,3.344,0.0186047974271,0
newt_re1_n128,3.352,0.0186047974271,0
newt_re1_n128,3.36,0.0186047974271,0
newt_re1_n128,3.368,0.0186047974271,0
newt_re1_n128,3.376,0.0186047974271,0
newt_re1_n128,3.384,0.0186047974271,0
newt_re1_n128,3.392,0.0186047974271,0
newt_re1_n128,3.4,0.0186047974271,0
newt_re1_n128,3.408,0.0186047974271,0
newt_re1_n128,3.416,0.0186047974271,0
newt_re1_n128,3.424,0.0186047974271,0
newt_re1_n128,3.432,0.0186047974271,0
newt_re1_n128,3.44,0.0186047974271,0
newt_re1_n128,3.448,0.0186047974271,0
newt_re1_n128,3.456,0.0186047974271,0
newt_re1_n128,3.464,0.0186047974271,0
newt_re1_n128,3.472,0.0186047974271,0
newt_re1_n128,3.48,0.0186047974271,0
newt_re1_n128,3.488,0.0186047974271,0
newt_re1_n128,3.496,0.0186047974271,0
newt_re1_n128,3.504,0.0186047974271,0
newt_re1_n128,3.512,0.0186047974271,0
newt_re1_n128,3.52,0.0186047974271,0
newt_re1_n128,3.528,0.0186047974271,0
newt_re1_n128,3.536,0.0186047974271,0
newt_re1_n128,3.544,0.0186047974271,0
newt_re1_n128,3.552,0.0186047974271,0
newt_re1_n128,3.56,0.0186047974271,0
newt_re1_n128,3.568,0.0186047974271,0
newt_re1_n128,3.576,0.0186047974271,0
newt_re1_n128,3.584,0.0186047974271,0
newt_re1_n128,3.592,0.0186047974271,0
newt_re1_n128,3.6,0.0186047974271,0
newt_re1_n128,3.608,0.0186047974271,0
newt_re1_n128,3.616,0.0186047974271,0
newt_re1_n128,3.624,0.0186047974271,0
newt_re1_n128,3.632,0.0186047974271,0
newt_re1_n128,3.64,0.0186047974271,0
newt_re1_n128,3.648,0.0186047974271,0
newt_re1_n128,3.656,0.0186047974271,0
newt_re1_n128,3.664,0.0186047974271,0
newt_re1_n128,3.672,0.0186047974271,0
newt_re1_n128,3.68,0.0186047974271,0
newt_re1_n128,3.688,0.0186047974271,0
newt_re1_n128,3.696,0.0186047974271,0
newt_re1_n128,3.704,0.0186047974271,0
newt_re1_n128,3.712,0.0186047974271,0
newt_re1_n128,3.72,0.0186047974271,0
newt_re1_n128,3.728,0.0186047974271,0
newt_re1_n128,3.736,0.0186047974271,0
newt_re1_n128,3.744,0.0186047974271,0
newt_re1_n128,3.752,0.0186047974271,0
newt_re1_n128,3.76,0.0186047974271,0
newt_re1_n128,3.768,0.0186047974271,0
newt_re1_n128,3.776,0.0186047974271,0
newt_re1_n128,3.784,0.0186047974271,0
newt_re1_n128,3.792,0.0186047974271,0
newt_re1_n128,3.8,0.0186047974271,0
newt_re1_n128,3.808,0.0186047974271,0
newt_re1_n128,3.816,0.0186047974271,0
newt_re1_n128,3.824,0.0186047974271,0
newt_re1_n128,3.832,0.0186047974271,0
newt_re1_n128,3.84,0.0186047974271,0
newt_re1_n128,3.848,0.0186047974271,0
newt_re1_n128,3.856,0.0186047974271,0
newt_re1_n128,3.864,0.0186047974271,0
newt_re1_n128,3.872,0.0186047974271,0
newt_re1_n128,3.88,0.0186047974271,0
newt_re1_n128,3.888,0.0186047974271,0
newt_re1_n128,3.896,0.0186047974271,0
newt_re1_n128,3.904,0.0186047974271,0
newt_re1_n128,3.912,0.0186047974271,0
newt_re1_n128,3.92,0.0186047974271,0
newt_re1_n128,3.928,0.0186047974271,0
newt_re1_n128,3.936,0.0186047974271,0
newt_re1_n128,3.944,0.0186047974271,0
newt_re1_n128,3.952,0.0186047974271,0
newt_re1_n128,3.96,0.0186047974271,0
newt_re1_n128,3.968,0.0186047974271,0
newt_re1_n128,3.976,0.0186047974271,0
newt_re1_n128,3.984,0.0186047974271,0
newt_re1_n128,3.992,0.0186047974271,0
newt_re1_n128,4,0.0186047974271,0
newt_re1_n128,4.008,0.0186047974271,0
newt_re1_n128,4.016,0.0186047974271,0
newt_re1_n128,4.024,0.0186047974271,0
newt_re1_n128,4.032,0.0186047974271,0
newt_re1_n128,4.04,0.0186047974271,0
newt_re1_n128,4.048,0.0186047974271,0
newt_re1_n128,4.056,0.0186047974271,0
newt_re1_n128,4.064,0.0186047974271,0
newt_re1_n128,4.072,0.0186047974271,0
newt_re1_n128,4.08,0.0186047974271,0
newt_re1_n128,4.088,0.0186047974271,0
newt_re1_n128,4.096,0.0186047974271,0
newt_re1_n128,4.104,0.0186047974271,0
newt_re1_n128,4.112,0.0186047974271,0
newt_re1_n128,4.12,0.0186047974271,0
newt_re1_n128,4.128,0.0186047974271,0
newt_re1_n128,4.136,0.0186047974271,0
newt_re1_n128,4.144,0.0186047974271,0
newt_re1_n128,4.152,0.0186047974271,0
newt_re1_n128,4.16,0.0186047974271,0
newt_re1_n128,4.168,0.0186047974271,0
newt_re1_n128,4.176,0.0186047974271,0
newt_re1_n128,4.184,0.0186047974271,0
newt_re1_n128,4.192,0.0186047974271,0
newt_re1_n128,4.2,0.0186047974271,0
newt_re1_n128,4.208,0.0186047974271,0
newt_re1_n128,4.216,0.0186047974271,0
newt_re1_n128,4.224,0.0186047974271,0
newt_re1_n128,4.232,0.0186047974271,0
newt_re1_n128,4.24,0.0186047974271,0
newt_re1_n128,4.248,0.0186047974271,0
newt_re1_n128,4.256,0.0186047974271,0
newt_re1_n128,4.264,0.0186047974271,0
newt_re1_n128,4.272,0.0186047974271,0
newt_re1_n128,4.28,0.0186047974271,0
newt_re1_n128,4.288,0.0186047974271,0
newt_re1_n128,4.296,0.0186047974271,0
newt_re1_n128,4.304,0.0186047974271,0
newt_re1_n128,4.312,0.0186047974271,0
newt_re1_n128,4.32,0.0186047974271,0
newt_re1_n128,4.328,0.0186047974271,0
newt_re1_n128,4.336,0.0186047974271,0
newt_re1_n128,4.344,0.0186047974271,0
newt_re1_n128,4.352,0.0186047974271,0
newt_re1_n128,4.36,0.0186047974271,0
newt_re1_n128,4.368,0.0186047974271,0
newt_re1_n128,4.376,0.0186047974271,0
newt_re1_n128,4.384,0.0186047974271,0
newt_re1_n128,4.392,0.0186047974271,0
newt_re1_n128,4.4,0.0186047974271,0
newt_re1_n128,4.408,0.0186047974271,0
newt_re1_n128,4.416,0.0186047974271,0
newt_re1_n128,4.424,0.0186047974271,0
newt_re1_n128,4.432,0.0186047974271,0
newt_re1_n128,4.44,0.0186047974271,0
newt_re1_n128,4.448,0.0186047974271,0
newt_re1_n128,4.456,0.0186047974271,0
newt_re1_n128,4.464,0.0186047974271,0
newt_re1_n128,4.472,0.0186047974271,0
newt_re1_n128,4.48,0.0186047974271,0
newt_re1_n128,4.488,0.0186047974271,0
newt_re1_n128,4.496,0.0186047974271,0
newt_re1_n128,4.504,0.0186047974271,0
newt_re1_n128,4.512,0.0186047974271,0
newt_re1_n128,4.52,0.0186047974271,0
newt_re1_n128,4.528,0.0186047974271,0
newt_re1_n128,4.536,0.0186047974271,0
newt_re1_n128,4.544,0.0186047974271,0
newt_re1_n128,4.552,0.0186047974271,0
newt_re1_n128,4.56,0.0186047974271,0
newt_re1_n128,4.568,0.0186047974271,0
newt_re1_n128,4.576,0.0186047974271,0
newt_re1_n128,4.584,0.0186047974271,0
newt_re1_n128,4.592,0.0186047974271,0
newt_re1_n128,4.6,0.0186047974271,0
newt_re1_n128,4.608,0.0186047974271,0
newt_re1_n128,4.616,0.0186047974271,0
newt_re1_n128,4.624,0.0186047974271,0
newt_re1_n128,4.632,0.0186047974271,0
newt_re1_n128,4.64,0.0186047974271,0
newt_re1_n128,4.648,0.0186047974271,0
newt_re1_n128,4.656,0.0186047974271,0
newt_re1_n128,4.664,0.0186047974271,0
newt_re1_n128,4.672,0.0186047974271,0
newt_re1_n128,4.68,0.0186047974271,0
newt_re1_n128,4.688,0.0186047974271,0
newt_re1_n128,4.696,0.0186047974271,0
newt_re1_n128,4.704,0.0186047974271,0
newt_re1_n128,4.712,0.0186047974271,0
newt_re1_n128,4.72,0.0186047974271,0
newt_re1_n128,4.728,0.0186047974271,0
newt_re1_n128,4.736,0.0186047974271,0
newt_re1_n128,4.744,0.0186047974271,0
newt_re1_n128,4.752,0.0186047974271,0
newt_re1_n128,4.76,0.0186047974271,0
newt_re1_n128,4.768,0.0186047974271,0
newt_re1_n128,4.776,0.0186047974271,0
newt_re1_n128,4.784,0.0186047974271,0
newt_re1_n128,4.792,0.0186047974271,0
newt_re1_n128,4.8,0.0186047974271,0
newt_re1_n128,4.808,0.0186047974271,0
newt_re1_n128,4.816,0.0186047974271,0
newt_re1_n128,4.824,0.0186047974271,0
newt_re1_n128,4.832,0.0186047974271,0
newt_re1_n128,4.84,0.0186047974271,0
newt_re1_n128,4.848,0.0186047974271,0
newt_re1_n128,4.856,0.0186047974271,0
newt_re1_n128,4.864,0.0186047974271,0
newt_re1_n128,4.872,0.0186047974271,0
newt_re1_n128,4.88,0.0186047974271,0
newt_re1_n128,4.888,0.0186047974271,0
newt_re1_n128,4.896,0.0186047974271,0
newt_re1_n128,4.904,0.0186047974271,0
newt_re1_n128,4.912,0.0186047974271,0
newt_re1_n128,4.92,0.0186047974271,0
newt_re1_n128,4.928,0.0186047974271,0
newt_re1_n128,4.936,0.0186047974271,0
newt_re1_n128,4.944,0.0186047974271,0
newt_re1_n128,4.952,0.0186047974271,0
newt_re1_n128,4.96,0.0186047974271,0
newt_re1_n128,4.968,0.0186047974271,0
newt_re1_n128,4.976,0.0186047974271,0
newt_re1_n128,4.984,0.0186047974271,0
newt_re1_n128,4.992,0.0186047974271,0
newt_re1_n128,5,0.0186047974271,0
newt_re1_n128,5.008,0.0186047974271,0
newt_re1_n128,5.016,0.0186047974271,0
newt_re1_n128,5.024,0.0186047974271,0
newt_re1_n128,5.032,0.0186047974271,0
newt_re1_n128,5.04,0.0186047974271,0
newt_re1_n128,5.048,0.0186047974271,0
newt_re1_n128,5.056,0.0186047974271,0
newt_re1_n128,5.064,0.0186047974271,0
newt_re1_n128,5.072,0.0186047974271,0
newt_re1_n128,5.08,0.0186047974271,0
newt_re1_n128,5.088,0.0186047974271,0
newt_re1_n128,5.096,0.0186047974271,0
newt_re1_n128,5.104,0.0186047974271,0
newt_re1_n128,5.112,0.0186047974271,0
newt_re1_n128,5.12,0.0186047974271,0
newt_re1_n128,5.128,0.0186047974271,0
newt_re1_n128,5.136,0.0186047974271,0
newt_re1_n128,5.144,0.0186047974271,0
newt_re1_n128,5.152,0.0186047974271,0
newt_re1_n128,5.16,0.0186047974271,0
newt_re1_n128,5.168,0.0186047974271,0
newt_re1_n128,5.176,0.0186047974271,0
newt_re1_n128,5.184,0.0186047974271,0
newt_re1_n128,5.192,0.0186047974271,0
newt_re1_n128,5.2,0.0186047974271,0
newt_re1_n128,5.208,0.0186047974271,0
newt_re1_n128,5.216,0.0186047974271,0
newt_re1_n128,5.224,0.0186047974271,0
newt_re1_n128,5.232,0.0186047974271,0
newt_re1_n128,5.24,0.0186047974271,0
newt_re1_n128,5.248,0.0186047974271,0
newt_re1_n128,5.256,0.0186047974271,0
newt_re1_n128,5.264,0.0186047974271,0
newt_re1_n128,5.272,0.0186047974271,0
newt_re1_n128,5.28,0.0186047974271,0
newt_re1_n128,5.288,0.0186047974271,0
newt_re1_n128,5.296,0.0186047974271,0
newt_re1_n128,5.304,0.0186047974271,0
newt_re1_n128,5.312,0.0186047974271,0
newt_re1_n128,5.32,0.0186047974271,0
newt_re1_n128,5.328,0.0186047974271,0
newt_re1_n128,5.336,0.0186047974271,0
newt_re1_n128,5.344,0.0186047974271,0
newt_re1_n128,5.352,0.0186047974271,0
newt_re1_n128,5.36,0.0186047974271,0
newt_re1_n128,5.368,0.0186047974271,0
newt_re1_n128,5.376,0.0186047974271,0
newt_re1_n128,5.384,0.0186047974271,0
newt_re1_n128,5.392,0.0186047974271,0
newt_re1_n128,5.4,0.0186047974271,0
newt_re1_n128,5.408,0.0186047974271,0
newt_re1_n128,5.416,0.0186047974271,0
newt_re1_n128,5.424,0.0186047974271,0
newt_re1_n128,5.432,0.0186047974271,0
newt_re1_n128,5.44,0.0186047974271,0
newt_re1_n128,5.448,0.0186047974271,0
newt_re1_n128,5.456,0.0186047974271,0
newt_re1_n128,5.464,0.0186047974271,0
newt_re1_n128,5.472,0.0186047974271,0
newt_re1_n128,5.48,0.0186047974271,0
newt_re1_n128,5.488,0.0186047974271,0
newt_re1_n128,5.496,0.0186047974271,0
newt_re1_n128,5.504,0.0186047974271,0
newt_re1_n128,5.512,0.0186047974271,0
newt_re1_n128,5.52,0.0186047974271,0
newt_re1_n128,5.528,0.0186047974271,0
newt_re1_n128,5.536,0.0186047974271,0
newt_re1_n128,5.544,0.0186047974271,0
newt_re1_n128,5.552,0.0186047974271,0
newt_re1_n128,5.56,0.0186047974271,0
newt_re1_n128,5.568,0.0186047974271,0
newt_re1_n128,5.576,0.0186047974271,0
newt_re1_n128,5.584,0.0186047974271,0
newt_re1_n128,5.592,0.0186047974271,0
newt_re1_n128,5.6,0.0186047974271,0
newt_re1_n128,5.608,0.0186047974271,0
newt_re1_n128,5.616,0.0186047974271,0
newt_re1_n128,5.624,0.0186047974271,0
newt_re1_n128,5.632,0.0186047974271,0
newt_re1_n128,5.64,0.0186047974271,0
newt_re1_n128,5.648,0.0186047974271,0
newt_re1_n128,5.656,0.0186047974271,0
newt_re1_n128,5.664,0.0186047974271,0
newt_re1_n128,5.672,0.0186047974271,0
newt_re1_n128,5.68,0.0186047974271,0
newt_re1_n128,5.688,0.0186047974271,0
newt_re1_n128,5.696,0.0186047974271,0
newt_re1_n128,5.704,0.0186047974271,0
newt_re1_n128,5.712,0.0186047974271,0
newt_re1_n128,5.72,0.0186047974271,0
newt_re1_n128,5.728,0.0186047974271,0
newt_re1_n128,5.736,0.0186047974271,0
newt_re1_n128,5.744,0.0186047974271,0
newt_re1_n128,5.752,0.0186047974271,0
newt_re1_n128,5.76,0.0186047974271,0
newt_re1_n128,5.768,0.0186047974271,0
newt_re1_n128,5.776,0.0186047974271,0
newt_re1_n128,5.784,0.0186047974271,0
newt_re1_n128,5.792,0.0186047974271,0
newt_re1_n128,5.8,0.0186047974271,0
newt_re1_n128,5.808,0.0186047974271,0
newt_re1_n128,5.816,0.0186047974271,0
newt_re1_n128,5.824,0.0186047974271,0
newt_re1_n128,5.832,0.0186047974271,0
newt_re1_n128,5.84,0.0186047974271,0
newt_re1_n128,5.848,0.0186047974271,0
newt_re1_n128,5.856,0.0186047974271,0
newt_re1_n128,5.864,0.0186047974271,0
newt_re1_n128,5.872,0.0186047974271,0
newt_re1_n128,5.88,0.0186047974271,0
newt_re1_n128,5.888,0.0186047974271,0
newt_re1_n128,5.896,0.0186047974271,0
newt_re1_n128,5.904,0.0186047974271,0
newt_re1_n128,5.912,0.0186047974271,0
newt_re1_n128,5.92,0.0186047974271,0
newt_re1_n128,5.928,0.0186047974271,0
newt_re1_n128,5.936,0.0186047974271,0
newt_re1_n128,5.944,0.0186047974271,0
newt_re1_n128,5.952,0.0186047974271,0
newt_re1_n128,5.96,0.0186047974271,0
newt_re1_n128,5.968,0.0186047974271,0
newt_re1_n128,5.976,0.0186047974271,0
newt_re1_n128,5.984,0.0186047974271,0
newt_re1_n128,5.992,0.0186047974271,0
newt_re1_n128,6,0.0186047974271,0
newt_re1_n128,6.008,0.0186047974271,0
newt_re1_n128,6.016,0.0186047974271,0
newt_re1_n128,6.024,0.0186047974271,0
newt_re1_n128,6.032,0.0186047974271,0
newt_re1_n128,6.04,0.0186047974271,0
newt_re1_n128,6.048,0.0186047974271,0
newt_re1_n128,6.056,0.0186047974271,0
newt_re1_n128,6.064,0.0186047974271,0
newt_re1_n128,6.072,0.0186047974271,0
newt_re1_n128,6.08,0.0186047974271,0
newt_re1_n128,6.088,0.0186047974271,0
newt_re1_n128,6.096,0.0186047974271,0
newt_re1_n128,6.104,0.0186047974271,0
newt_re1_n128,6.112,0.0186047974271,0
newt_re1_n128,6.12,0.0186047974271,0
newt_re1_n128,6.128,0.0186047974271,0
newt_re1_n128,6.136,0.0186047974271,0
newt_re1_n128,6.144,0.0186047974271,0
newt_re1_n128,6.152,0.0186047974271,0
newt_re1_n128,6.16,0.0186047974271,0
newt_re1_n128,6.168,0.0186047974271,0
newt_re1_n128,6.176,0.0186047974271,0
newt_re1_n128,6.184,0.0186047974271,0
newt_re1_n128,6.192,0.0186047974271,0
newt_re1_n128,6.2,0.0186047974271,0
newt_re1_n128,6.208,0.0186047974271,0
newt_re1_n128,6.216,0.0186047974271,0
newt_re1_n128,6.224,0.0186047974271,0
newt_re1_n128,6.232,0.0186047974271,0
newt_re1_n128,6.24,0.0186047974271,0
newt_re1_n128,6.248,0.0186047974271,0
newt_re1_n128,6.256,0.0186047974271,0
newt_re1_n128,6.264,0.0186047974271,0
newt_re1_n128,6.272,0.0186047974271,0
newt_re1_n128,6.28,0.0186047974271,0
newt_re1_n128,6.288,0.0186047974271,0
newt_re1_n128,6.296,0.0186047974271,0
newt_re1_n128,6.304,0.0186047974271,0
newt_re1_n128,6.312,0.0186047974271,0
newt_re1_n128,6.32,0.0186047974271,0
newt_re1_n128,6.328,0.0186047974271,0
newt_re1_n128,6.336,0.0186047974271,0
newt_re1_n128,6.344,0.0186047974271,0
newt_re1_n128,6.352,0.0186047974271,0
newt_re1_n128,6.36,0.0186047974271,0
newt_re1_n128,6.368,0.0186047974271,0
newt_re1_n128,6.376,0.0186047974271,0
newt_re1_n128,6.384,0.0186047974271,0
newt_re1_n128,6.392,0.0186047974271,0
newt_re1_n128,6.4,0.0186047974271,0
newt_re1_n128,6.408,0.0186047974271,0
newt_re1_n128,6.416,0.0186047974271,0
newt_re1_n128,6.424,0.0186047974271,0
newt_re1_n128,6.432,0.0186047974271,0
newt_re1_n128,6.44,0.0186047974271,0
newt_re1_n128,6.448,0.0186047974271,0
newt_re1_n128,6.456,0.0186047974271,0
newt_re1_n128,6.464,0.0186047974271,0
newt_re1_n128,6.472,0.0186047974271,0
newt_re1_n128,6.48,0.0186047974271,0
newt_re1_n128,6.488,0.0186047974271,0
newt_re1_n128,6.496,0.0186047974271,0
newt_re1_n128,6.504,0.0186047974271,0
newt_re1_n128,6.512,0.0186047974271,0
newt_re1_n128,6.52,0.0186047974271,0
newt_re1_n128,6.528,0.0186047974271,0
newt_re1_n128,6.536,0.0186047974271,0
newt_re1_n128,6.544,0.0186047974271,0
newt_re1_n128,6.552,0.0186047974271,0
newt_re1_n128,6.56,0.0186047974271,0
newt_re1_n128,6.56800000001,0.0186047974271,0
newt_re1_n128,6.57600000001,0.0186047974271,0
newt_re1_n128,6.58400000001,0.0186047974271,0
newt_re1_n128,6.59200000001,0.0186047974271,0
newt_re1_n128,6.60000000001,0.0186047974271,0
newt_re1_n128,6.60800000001,0.0186047974271,0
newt_re1_n128,6.61600000001,0.0186047974271,0
newt_re1_n128,6.62400000001,0.0186047974271,0
newt_re1_n128,6.63200000001,0.0186047974271,0
newt_re1_n128,6.64000000001,0.0186047974271,0
newt_re1_n128,6.64800000001,0.0186047974271,0
newt_re1_n128,6.65600000001,0.0186047974271,0
newt_re1_n128,6.66400000001,0.0186047974271,0
newt_re1_n128,6.67200000001,0.0186047974271,0
newt_re1_n128,6.68000000001,0.0186047974271,0
newt_re1_n128,6.68800000001,0.0186047974271,0
newt_re1_n128,6.69600000001,0.0186047974271,0
newt_re1_n128,6.70400000001,0.0186047974271,0
newt_re1_n128,6.71200000001,0.0186047974271,0
newt_re1_n128,6.72000000001,0.0186047974271,0
newt_re1_n128,6.72800000001,0.0186047974271,0
newt_re1_n128,6.73600000001,0.0186047974271,0
newt_re1_n128,6.74400000001,0.0186047974271,0
newt_re1_n128,6.75200000001,0.0186047974271,0
newt_re1_n128,6.76000000001,0.0186047974271,0
newt_re1_n128,6.76800000001,0.0186047974271,0
newt_re1_n128,6.77600000001,0.0186047974271,0
newt_re1_n128,6.78400000001,0.0186047974271,0
newt_re1_n128,6.79200000001,0.0186047974271,0
newt_re1_n128,6.80000000001,0.0186047974271,0
newt_re1_n128,6.80800000001,0.0186047974271,0
newt_re1_n128,6.81600000001,0.0186047974271,0
newt_re1_n128,6.82400000001,0.0186047974271,0
newt_re1_n128,6.83200000001,0.0186047974271,0
newt_re1_n128,6.84000000001,0.0186047974271,0
newt_re1_n128,6.84800000001,0.0186047974271,0
newt_re1_n128,6.85600000001,0.0186047974271,0
newt_re1_n128,6.86400000001,0.0186047974271,0
newt_re1_n128,6.87200000001,0.0186047974271,0
newt_re1_n128,6.88000000001,0.0186047974271,0
newt_re1_n128,6.88800000001,0.0186047974271,0
newt_re1_n128,6.89600000001,0.0186047974271,0
newt_re1_n128,6.90400000001,0.0186047974271,0
newt_re1_n128,6.91200000001,0.0186047974271,0
newt_re1_n128,6.92000000001,0.0186047974271,0
newt_re1_n128,6.92800000001,0.0186047974271,0
newt_re1_n128,6.93600000001,0.0186047974271,0
newt_re1_n128,6.94400000001,0.0186047974271,0
newt_re1_n128,6.95200000001,0.0186047974271,0
newt_re1_n128,6.96000000001,0.0186047974271,0
newt_re1_n128,6.96800000001,0.0186047974271,0
newt_re1_n128,6.97600000001,0.0186047974271,0
newt_re1_n128,6.98400000001,0.0186047974271,0
newt_re1_n128,6.99200000001,0.0186047974271,0
newt_re1_n128,7.00000000001,0.0186047974271,0
newt_re1_n128,7.00800000001,0.0186047974271,0
newt_re1_n128,7.01600000001,0.0186047974271,0
newt_re1_n128,7.02400000001,0.0186047974271,0
newt_re1_n128,7.03200000001,0.0186047974271,0
newt_re1_n128,7.04000000001,0.0186047974271,0
newt_re1_n128,7.04800000001,0.0186047974271,0
newt_re1_n128,7.05600000001,0.0186047974271,0
newt_re1_n128,7.06400000001,0.0186047974271,0
newt_re1_n128,7.07200000001,0.0186047974271,0
newt_re1_n128,7.08000000001,0.0186047974271,0
newt_re1_n128,7.08800000001,0.0186047974271,0
newt_re1_n128,7.09600000001,0.0186047974271,0
newt_re1_n128,7.10400000001,0.0186047974271,0
newt_re1_n128,7.11200000001,0.0186047974271,0
newt_re1_n128,7.12000000001,0.0186047974271,0
newt_re1_n128,7.12800000001,0.0186047974271,0
newt_re1_n128,7.13600000001,0.0186047974271,0
newt_re1_n128,7.14400000001,0.0186047974271,0
newt_re1_n128,7.15200000001,0.0186047974271,0
newt_re1_n128,7.16000000001,0.0186047974271,0
newt_re1_n128,7.16800000001,0.0186047974271,0
newt_re1_n128,7.17600000001,0.0186047974271,0
newt_re1_n128,7.18400000001,0.0186047974271,0
newt_re1_n128,7.19200000001,0.0186047974271,0
newt_re1_n128,7.20000000001,0.0186047974271,0
newt_re1_n128,7.20800000001,0.0186047974271,0
newt_re1_n128,7.21600000001,0.0186047974271,0
newt_re1_n128,7.22400000001,0.0186047974271,0
newt_re1_n128,7.23200000001,0.0186047974271,0
newt_re1_n128,7.24000000001,0.0186047974271,0
newt_re1_n128,7.24800000001,0.0186047974271,0
newt_re1_n128,7.25600000001,0.0186047974271,0
newt_re1_n128,7.26400000001,0.0186047974271,0
newt_re1_n128,7.27200000001,0.0186047974271,0
newt_re1_n128,7.28000000001,0.0186047974271,0
newt_re1_n128,7.28800000001,0.0186047974271,0
newt_re1_n128,7.29600000001,0.0186047974271,0
newt_re1_n128,7.30400000001,0.0186047974271,0
newt_re1_n128,7.31200000001,0.0186047974271,0
newt_re1_n128,7.32000000001,0.0186047974271,0
newt_re1_n128,7.32800000001,0.0186047974271,0
newt_re1_n128,7.33600000001,0.0186047974271,0
newt_re1_n128,7.34400000001,0.0186047974271,0
newt_re1_n128,7.35200000001,0.0186047974271,0
newt_re1_n128,7.36000000001,0.0186047974271,0
newt_re1_n128,7.36800000001,0.0186047974271,0
newt_re1_n128,7.37600000001,0.0186047974271,0
newt_re1_n128,7.38400000001,0.0186047974271,0
newt_re1_n128,7.39200000001,0.0186047974271,0
newt_re1_n128,7.40000000001,0.0186047974271,0
newt_re1_n128,7.40800000001,0.0186047974271,0
newt_re1_n128,7.41600000001,0.0186047974271,0
newt_re1_n128,7.42400000001,0.0186047974271,0
newt_re1_n128,7.43200000001,0.0186047974271,0
newt_re1_n128,7.44000000001,0.0186047974271,0
newt_re1_n128,7.44800000001,0.0186047974271,0
newt_re1_n128,7.45600000001,0.0186047974271,0
newt_re1_n128,7.46400000001,0.0186047974271,0
newt_re1_n128,7.47200000001,0.0186047974271,0
newt_re1_n128,7.48000000001,0.0186047974271,0
newt_re1_n128,7.48800000001,0.0186047974271,0
newt_re1_n128,7.49600000001,0.0186047974271,0
newt_re1_n128,7.50400000001,0.0186047974271,0
newt_re1_n128,7.51200000001,0.0186047974271,0
newt_re1_n128,7.52000000001,0.0186047974271,0
newt_re1_n128,7.52800000001,0.0186047974271,0
newt_re1_n128,7.53600000001,0.0186047974271,0
newt_re1_n128,7.54400000001,0.0186047974271,0
newt_re1_n128,7.55200000001,0.0186047974271,0
newt_re1_n128,7.56000000001,0.0186047974271,0
newt_re1_n128,7.56800000001,0.0186047974271,0
newt_re1_n128,7.57600000001,0.0186047974271,0
newt_re1_n128,7.58400000001,0.0186047974271,0
newt_re1_n128,7.59200000001,0.0186047974271,0
newt_re1_n128,7.60000000001,0.0186047974271,0
newt_re1_n128,7.60800000001,0.0186047974271,0
newt_re1_n128,7.61600000001,0.0186047974271,0
newt_re1_n128,7.62400000001,0.0186047974271,0
newt_re1_n128,7.63200000001,0.0186047974271,0
newt_re1_n128,7.64000000001,0.0186047974271,0
newt_re1_n128,7.64800000001,0.0186047974271,0
newt_re1_n128,7.65600000001,0.0186047974271,0
newt_re1_n128,7.66400000001,0.0186047974271,0
newt_re1_n128,7.67200000001,0.0186047974271,0
newt_re1_n128,7.68000000001,0.0186047974271,0
newt_re1_n128,7.68800000001,0.0186047974271,0
newt_re1_n128,7.69600000001,0.0186047974271,0
newt_re1_n128,7.70400000001,0.0186047974271,0
newt_re1_n128,7.71200000001,0.0186047974271,0
newt_re1_n128,7.72000000001,0.0186047974271,0
newt_re1_n128,7.72800000001,0.0186047974271,0
newt_re1_n128,7.73600000001,0.0186047974271,0
newt_re1_n128,7.74400000001,0.0186047974271,0
newt_re1_n128,7.75200000001,0.0186047974271,0
newt_re1_n128,7.76000000001,0.0186047974271,0
newt_re1_n128,7.76800000001,0.0186047974271,0
newt_re1_n128,7.77600000001,0.0186047974271,0
newt_re1_n128,7.78400000001,0.0186047974271,0
newt_re1_n128,7.79200000001,0.0186047974271,0
newt_re1_n128,7.80000000001,0.0186047974271,0
newt_re1_n128,7.80800000001,0.0186047974271,0
newt_re1_n128,7.81600000001,0.0186047974271,0
newt_re1_n128,7.82400000001,0.0186047974271,0
newt_re1_n128,7.83200000001,0.0186047974271,0
newt_re1_n128,7.84000000001,0.0186047974271,0
newt_re1_n128,7.84800000001,0.0186047974271,0
newt_re1_n128,7.85600000001,0.0186047974271,0
newt_re1_n128,7.86400000001,0.0186047974271,0
newt_re1_n128,7.87200000001,0.0186047974271,0
newt_re1_n128,7.88000000001,0.0186047974271,0
newt_re1_n128,7.88800000001,0.0186047974271,0
newt_re1_n128,7.89600000001,0.0186047974271,0
newt_re1_n128,7.90400000001,0.0186047974271,0
newt_re1_n128,7.91200000001,0.0186047974271,0
newt_re1_n128,7.92000000001,0.0186047974271,0
newt_re1_n128,7.92800000001,0.0186047974271,0
newt_re1_n128,7.93600000001,0.0186047974271,0
newt_re1_n128,7.94400000001,0.0186047974271,0
newt_re1_n128,7.95200000001,0.0186047974271,0
newt_re1_n128,7.96000000001,0.0186047974271,0
newt_re1_n128,7.96800000001,0.0186047974271,0
newt_re1_n128,7.97600000001,0.0186047974271,0
newt_re1_n128,7.98400000001,0.0186047974271,0
newt_re1_n128,7.99200000001,0.0186047974271,0
newt_re1_n128,8.00000000001,0.0186047974271,0
newt_re1_n128,8.00800000001,0.0186047974271,0
newt_re1_n128,8.01600000001,0.0186047974271,0
newt_re1_n128,8.02400000001,0.0186047974271,0
newt_re1_n128,8.03200000001,0.0186047974271,0
newt_re1_n128,8.04000000001,0.0186047974271,0
newt_re1_n128,8.04800000001,0.0186047974271,0
newt_re1_n128,8.05600000001,0.0186047974271,0
newt_re1_n128,8.06400000001,0.0186047974271,0
newt_re1_n128,8.07200000001,0.0186047974271,0
newt_re1_n128,8.08000000001,0.0186047974271,0
newt_re1_n128,8.08800000001,0.0186047974271,0
newt_re1_n128,8.09600000001,0.0186047974271,0
newt_re1_n128,8.10400000001,0.0186047974271,0
newt_re1_n128,8.11200000001,0.0186047974271,0
newt_re1_n128,8.12000000001,0.0186047974271,0
newt_re1_n128,8.12800000001,0.0186047974271,0
newt_re1_n128,8.13600000001,0.0186047974271,0
newt_re1_n128,8.14400000001,0.0186047974271,0
newt_re1_n128,8.15200000001,0.0186047974271,0
newt_re1_n128,8.16000000001,0.0186047974271,0
newt_re1_n128,8.16800000001,0.0186047974271,0
newt_re1_n128,8.17600000001,0.0186047974271,0
newt_re1_n128,8.18400000001,0.0186047974271,0
newt_re1_n128,8.19200000001,0.0186047974271,0
newt_re1_n128,8.20000000001,0.0186047974271,0
newt_re1_n128,8.20800000001,0.0186047974271,0
newt_re1_n128,8.21600000001,0.0186047974271,0
newt_re1_n128,8.22400000001,0.0186047974271,0
newt_re1_n128,8.23200000001,0.0186047974271,0
newt_re1_n128,8.24000000001,0.0186047974271,0
newt_re1_n128,8.24800000001,0.0186047974271,0
newt_re1_n128,8.25600000001,0.0186047974271,0
newt_re1_n128,8.26400000001,0.0186047974271,0
newt_re1_n128,8.27200000001,0.0186047974271,0
newt_re1_n128,8.28000000001,0.0186047974271,0
newt_re1_n128,8.28800000001,0.0186047974271,0
newt_re1_n128,8.29600000001,0.0186047974271,0
newt_re1_n128,8.30400000001,0.0186047974271,0
newt_re1_n128,8.31200000001,0.0186047974271,0
newt_re1_n128,8.32000000001,0.0186047974271,0
newt_re1_n128,8.32800000001,0.0186047974271,0
newt_re1_n128,8.33600000001,0.0186047974271,0
newt_re1_n128,8.34400000001,0.0186047974271,0
newt_re1_n128,8.35200000001,0.0186047974271,0
newt_re1_n128,8.36000000001,0.0186047974271,0
newt_re1_n128,8.36800000001,0.0186047974271,0
newt_re1_n128,8.37600000001,0.0186047974271,0
newt_re1_n128,8.38400000001,0.0186047974271,0
newt_re1_n128,8.39200000001,0.0186047974271,0
newt_re1_n128,8.40000000001,0.0186047974271,0
newt_re1_n128,8.40800000001,0.0186047974271,0
newt_re1_n128,8.41600000001,0.0186047974271,0
newt_re1_n128,8.42400000001,0.0186047974271,0
newt_re1_n128,8.43200000001,0.0186047974271,0
newt_re1_n128,8.44000000001,0.0186047974271,0
newt_re1_n128,8.44800000001,0.0186047974271,0
newt_re1_n128,8.45600000001,0.0186047974271,0
newt_re1_n128,8.46400000001,0.0186047974271,0
newt_re1_n128,8.47200000001,0.0186047974271,0
newt_re1_n128,8.48000000001,0.0186047974271,0
newt_re1_n128,8.48800000001,0.0186047974271,0
newt_re1_n128,8.49600000001,0.0186047974271,0
newt_re1_n128,8.50400000001,0.0186047974271,0
newt_re1_n128,8.51200000001,0.0186047974271,0
newt_re1_n128,8.52000000001,0.0186047974271,0
newt_re1_n128,8.52800000001,0.0186047974271,0
newt_re1_n128,8.53600000001,0.0186047974271,0
newt_re1_n128,8.54400000001,0.0186047974271,0
newt_re1_n128,8.55200000001,0.0186047974271,0
newt_re1_n128,8.56000000001,0.0186047974271,0
newt_re1_n128,8.56800000001,0.0186047974271,0
newt_re1_n128,8.57600000001,0.0186047974271,0
newt_re1_n128,8.58400000001,0.0186047974271,0
newt_re1_n128,8.59200000001,0.0186047974271,0
newt_re1_n128,8.60000000001,0.0186047974271,0
newt_re1_n128,8.60800000001,0.0186047974271,0
newt_re1_n128,8.61600000001,0.0186047974271,0
newt_re1_n128,8.62400000001,0.0186047974271,0
newt_re1_n128,8.63200000001,0.0186047974271,0
newt_re1_n128,8.64000000001,0.0186047974271,0
newt_re1_n128,8.64800000001,0.0186047974271,0
newt_re1_n128,8.65600000001,0.0186047974271,0
newt_re1_n128,8.66400000001,0.0186047974271,0
newt_re1_n128,8.67200000001,0.0186047974271,0
newt_re1_n128,8.68000000001,0.0186047974271,0
newt_re1_n128,8.68800000001,0.0186047974271,0
newt_re1_n128,8.69600000001,0.0186047974271,0
newt_re1_n128,8.70400000001,0.0186047974271,0
newt_re1_n128,8.71200000001,0.0186047974271,0
newt_re1_n128,8.72000000001,0.0186047974271,0
newt_re1_n128,8.72800000001,0.0186047974271,0
newt_re1_n128,8.73600000001,0.0186047974271,0
newt_re1_n128,8.74400000001,0.0186047974271,0
newt_re1_n128,8.75200000001,0.0186047974271,0
newt_re1_n128,8.76000000001,0.0186047974271,0
newt_re1_n128,8.76800000001,0.0186047974271,0
newt_re1_n128,8.77600000001,0.0186047974271,0
newt_re1_n128,8.78400000001,0.0186047974271,0
newt_re1_n128,8.79200000001,0.0186047974271,0
newt_re1_n128,8.80000000001,0.0186047974271,0
newt_re1_n128,8.80800000001,0.0186047974271,0
newt_re1_n128,8.81600000001,0.0186047974271,0
newt_re1_n128,8.82400000001,0.0186047974271,0
newt_re1_n128,8.83200000001,0.0186047974271,0
newt_re1_n128,8.84000000001,0.0186047974271,0
newt_re1_n128,8.84800000001,0.0186047974271,0
newt_re1_n128,8.85600000001,0.0186047974271,0
newt_re1_n128,8.86400000001,0.0186047974271,0
newt_re1_n128,8.87200000001,0.0186047974271,0
newt_re1_n128,8.88000000001,0.0186047974271,0
newt_re1_n128,8.88800000001,0.0186047974271,0
newt_re1_n128,8.89600000001,0.0186047974271,0
newt_re1_n128,8.90400000001,0.0186047974271,0
newt_re1_n128,8.91200000001,0.0186047974271,0
newt_re1_n128,8.92000000001,0.0186047974271,0
newt_re1_n128,8.92800000001,0.0186047974271,0
newt_re1_n128,8.93600000001,0.0186047974271,0
newt_re1_n128,8.94400000001,0.0186047974271,0
newt_re1_n128,8.95200000001,0.0186047974271,0
newt_re1_n128,8.96000000001,0.0186047974271,0
newt_re1_n128,8.96800000001,0.0186047974271,0
newt_re1_n128,8.97600000001,0.0186047974271,0
newt_re1_n128,8.98400000001,0.0186047974271,0
newt_re1_n128,8.99200000001,0.0186047974271,0
newt_re1_n128,9.00000000001,0.0186047974271,0
newt_re1_n128,9.00800000001,0.0186047974271,0
newt_re1_n128,9.01600000001,0.0186047974271,0
newt_re1_n128,9.02400000001,0.0186047974271,0
newt_re1_n128,9.03200000001,0.0186047974271,0
newt_re1_n128,9.04000000001,0.0186047974271,0
newt_re1_n128,9.04800000001,0.0186047974271,0
newt_re1_n128,9.05600000001,0.0186047974271,0
newt_re1_n128,9.06400000001,0.0186047974271,0
newt_re1_n128,9.07200000001,0.0186047974271,0
newt_re1_n128,9.08000000001,0.0186047974271,0
newt_re1_n128,9.08800000001,0.0186047974271,0
newt_re1_n128,9.09600000001,0.0186047974271,0
newt_re1_n128,9.10400000001,0.0186047974271,0
newt_re1_n128,9.11200000001,0.0186047974271,0
newt_re1_n128,9.12000000001,0.0186047974271,0
newt_re1_n128,9.12800000001,0.0186047974271,0
newt_re1_n128,9.13600000001,0.0186047974271,0
newt_re1_n128,9.14400000001,0.0186047974271,0
newt_re1_n128,9.15200000001,0.0186047974271,0
newt_re1_n128,9.16000000001,0.0186047974271,0
newt_re1_n128,9.16800000001,0.0186047974271,0
newt_re1_n128,9.17600000001,0.0186047974271,0
newt_re1_n128,9.18400000001,0.0186047974271,0
newt_re1_n128,9.19200000001,0.0186047974271,0
newt_re1_n128,9.20000000001,0.0186047974271,0
newt_re1_n128,9.20800000001,0.0186047974271,0
newt_re1_n128,9.21600000001,0.0186047974271,0
newt_re1_n128,9.22400000001,0.0186047974271,0
newt_re1_n128,9.23200000001,0.0186047974271,0
newt_re1_n128,9.24000000001,0.0186047974271,0
newt_re1_n128,9.24800000001,0.0186047974271,0
newt_re1_n128,9.25600000001,0.0186047974271,0
newt_re1_n128,9.26400000001,0.0186047974271,0
newt_re1_n128,9.27200000001,0.0186047974271,0
newt_re1_n128,9.28000000001,0.0186047974271,0
newt_re1_n128,9.28800000001,0.0186047974271,0
newt_re1_n128,9.29600000001,0.0186047974271,0
newt_re1_n128,9.304,0.0186047974271,0
newt_re1_n128,9.312,0.0186047974271,0
newt_re1_n128,9.32,0.0186047974271,0
newt_re1_n128,9.328,0.0186047974271,0
newt_re1_n128,9.336,0.0186047974271,0
newt_re1_n128,9.344,0.0186047974271,0
newt_re1_n128,9.352,0.0186047974271,0
newt_re1_n128,9.36,0.0186047974271,0
newt_re1_n128,9.368,0.0186047974271,0
newt_re1_n128,9.376,0.0186047974271,0
newt_re1_n128,9.384,0.0186047974271,0
newt_re1_n128,9.392,0.0186047974271,0
newt_re1_n128,9.4,0.0186047974271,0
newt_re1_n128,9.408,0.0186047974271,0
newt_re1_n128,9.416,0.0186047974271,0
newt_re1_n128,9.424,0.0186047974271,0
newt_re1_n128,9.432,0.0186047974271,0
newt_re1_n128,9.44,0.0186047974271,0
newt_re1_n128,9.448,0.0186047974271,0
newt_re1_n128,9.456,0.0186047974271,0
newt_re1_n128,9.464,0.0186047974271,0
newt_re1_n128,9.472,0.0186047974271,0
newt_re1_n128,9.48,0.0186047974271,0
newt_re1_n128,9.488,0.0186047974271,0
newt_re1_n128,9.496,0.0186047974271,0
newt_re1_n128,9.504,0.0186047974271,0
newt_re1_n128,9.512,0.0186047974271,0
newt_re1_n128,9.52,0.0186047974271,0
newt_re1_n128,9.528,0.0186047974271,0
newt_re1_n128,9.536,0.0186047974271,0
newt_re1_n128,9.544,0.0186047974271,0
newt_re1_n128,9.552,0.0186047974271,0
newt_re1_n128,9.56,0.0186047974271,0
newt_re1_n128,9.568,0.0186047974271,0
newt_re1_n128,9.576,0.0186047974271,0
newt_re1_n128,9.584,0.0186047974271,0
newt_re1_n128,9.592,0.0186047974271,0
newt_re1_n128,9.6,0.0186047974271,0
newt_re1_n128,9.608,0.0186047974271,0
newt_re1_n128,9.616,0.0186047974271,0
newt_re1_n128,9.624,0.0186047974271,0
newt_re1_n128,9.632,0.0186047974271,0
newt_re1_n128,9.64,0.0186047974271,0
newt_re1_n128,9.648,0.0186047974271,0
newt_re1_n128,9.656,0.0186047974271,0
newt_re1_n128,9.664,0.0186047974271,0
newt_re1_n128,9.672,0.0186047974271,0
newt_re1_n128,9.68,0.0186047974271,0
newt_re1_n128,9.688,0.0186047974271,0
newt_re1_n128,9.696,0.0186047974271,0
newt_re1_n128,9.704,0.0186047974271,0
newt_re1_n128,9.712,0.0186047974271,0
newt_re1_n128,9.72,0.0186047974271,0
newt_re1_n128,9.728,0.0186047974271,0
newt_re1_n128,9.736,0.0186047974271,0
newt_re1_n128,9.744,0.0186047974271,0
newt_re1_n128,9.752,0.0186047974271,0
newt_re1_n128,9.76,0.0186047974271,0
newt_re1_n128,9.768,0.0186047974271,0
newt_re1_n128,9.776,0.0186047974271,0
newt_re1_n128,9.784,0.0186047974271,0
newt_re1_n128,9.792,0.0186047974271,0
newt_re1_n128,9.8,0.0186047974271,0
newt_re1_n128,9.808,0.0186047974271,0
newt_re1_n128,9.816,0.0186047974271,0
newt_re1_n128,9.824,0.0186047974271,0
newt_re1_n128,9.832,0.0186047974271,0
newt_re1_n128,9.84,0.0186047974271,0
newt_re1_n128,9.848,0.0186047974271,0
newt_re1_n128,9.856,0.0186047974271,0
newt_re1_n128,9.864,0.0186047974271,0
newt_re1_n128,9.872,0.0186047974271,0
newt_re1_n128,9.88,0.0186047974271,0
newt_re1_n128,9.888,0.0186047974271,0
newt_re1_n128,9.896,0.0186047974271,0
newt_re1_n128,9.904,0.0186047974271,0
newt_re1_n128,9.912,0.0186047974271,0
newt_re1_n128,9.92,0.0186047974271,0
newt_re1_n128,9.928,0.0186047974271,0
newt_re1_n128,9.936,0.0186047974271,0
newt_re1_n128,9.944,0.0186047974271,0
newt_re1_n128,9.952,0.0186047974271,0
newt_re1_n128,9.96,0.0186047974271,0
newt_re1_n128,9.968,0.0186047974271,0
newt_re1_n128,9.976,0.0186047974271,0
newt_re1_n128,9.984,0.0186047974271,0
newt_re1_n128,9.992,0.0186047974271,0
newt_re1_n128,10,0.0186047974271,0
newt_re1_n256,0,0,0
newt_re1_n256,0.008,1.50358448294e-09,0
newt_re1_n256,0.016,2.40493719674e-09,0
newt_re1_n256,0.024,3.37915803925e-09,0
newt_re1_n256,0.032,4.54040549044e-09,0
newt_re1_n256,0.04,5.98248652487e-09,0
newt_re1_n256,0.048,7.80821515093e-09,0
newt_re1_n256,0.056,1.01417623284e-08,0
newt_re1_n256,0.064,1.31387880349e-08,0
newt_re1_n256,0.072,1.69975096451e-08,0
newt_re1_n256,0.08,2.19721046224e-08,0
newt_re1_n256,0.088,2.83895566181e-08,0
newt_re1_n256,0.096,3.66711358115e-08,0
newt_re1_n256,0.104,4.7359947559e-08,0
newt_re1_n256,0.112,6.11563468547e-08,0
newt_re1_n256,0.12,7.89635037958e-08,0
newt_re1_n256,0.128,1.01946039856e-07,0
newt_re1_n256,0.136,1.31605471241e-07,0
newt_re1_n256,0.144,1.69877240416e-07,0
newt_re1_n256,0.152,2.19255449517e-07,0
newt_re1_n256,0.16,2.82953104373e-07,0
newt_re1_n256,0.168,3.65107828294e-07,0
newt_re1_n256,0.176,4.71045725209e-07,0
newt_re1_n256,0.184,6.07619502382e-07,0
newt_re1_n256,0.192,7.83641273555e-07,0
newt_re1_n256,0.2,1.01043585685e-06,0
newt_re1_n256,0.208,1.30254709693e-06,0
newt_re1_n256,0.216,1.6786380539e-06,0
newt_re1_n256,0.224,2.16263611988e-06,0
newt_re1_n256,0.232,2.78518658677e-06,0
newt_re1_n256,0.24,3.5854932326e-06,0
newt_re1_n256,0.248,4.61364244096e-06,0
newt_re1_n256,0.256,5.93352845558e-06,0
newt_re1_n256,0.264,7.62652168657e-06,0
newt_re1_n256,0.272,9.79604931979e-06,0
newt_re1_n256,0.28,1.25732872076e-05,0
newt_re1_n256,0.288,1.61241927822e-05,0
newt_re1_n256,0.296,2.06581382085e-05,0
newt_re1_n256,0.304,2.64384274378e-05,0
newt_re1_n256,0.312,3.37949946429e-05,0
newt_re1_n256,0.32,4.31395766188e-05,0
newt_re1_n256,0.328,5.49836172548e-05,0
newt_re1_n256,0.336,6.99590837854e-05,0
newt_re1_n256,0.344,8.88422344855e-05,0
newt_re1_n256,0.352,0.000112580155511,0
newt_re1_n256,0.36,0.000142319558882,0
newt_re1_n256,0.368,0.00017943688441,0
newt_re1_n256,0.376,0.000225568163504,0
newt_re1_n256,0.384,0.000282636384051,0
newt_re1_n256,0.392,0.000352873269983,0
newt_re1_n256,0.4,0.000438831519848,0
newt_re1_n256,0.408,0.00054338274464,0
newt_re1_n256,0.416,0.000669695769096,0
newt_re1_n256,0.424,0.000821189823439,0
newt_re1_n256,0.432,0.00100145769554,0
newt_re1_n256,0.44,0.00121415536694,0
newt_re1_n256,0.448,0.00146285717659,0
newt_re1_n256,0.456,0.00175087915366,0
newt_re1_n256,0.464,0.00208107761513,0
newt_re1_n256,0.472,0.00245563495083,0
newt_re1_n256,0.48,0.0028758489698,0
newt_re1_n256,0.488,0.00334194535222,0
newt_re1_n256,0.496,0.00385293374991,0
newt_re1_n256,0.504,0.00440652626344,0
newt_re1_n256,0.512,0.00499913222977,0
newt_re1_n256,0.52,0.00562593591005,0
newt_re1_n256,0.528,0.00628105479909,0
newt_re1_n256,0.536,0.00695776730193,0
newt_re1_n256,0.544,0.00764879094496,0
newt_re1_n256,0.552,0.00834658734385,0
newt_re1_n256,0.56,0.00904366852333,0
newt_re1_n256,0.568,0.00973288090552,0
newt_re1_n256,0.576,0.0104076477479,0
newt_re1_n256,0.584,0.0110621570262,0
newt_re1_n256,0.592,0.0116914885601,0
newt_re1_n256,0.6,0.0122916805402,0
newt_re1_n256,0.608,0.0128597407709,0
newt_re1_n256,0.616,0.0133936114889,0
newt_re1_n256,0.624,0.0138920985042,0
newt_re1_n256,0.632,0.014354775813,0
newt_re1_n256,0.64,0.0147818761033,0
newt_re1_n256,0.648,0.0151741761,0
newt_re1_n256,0.656,0.0155328838555,0
newt_re1_n256,0.664,0.0158595331614,0
newt_re1_n256,0.672,0.016155888479,0
newt_re1_n256,0.68,0.0164238622409,0
newt_re1_n256,0.688,0.0166654451764,0
newt_re1_n256,0.696,0.0168826494058,0
newt_re1_n256,0.704,0.0170774634419,0
newt_re1_n256,0.712,0.017251817867,0
newt_re1_n256,0.72,0.0174075602778,0
newt_re1_n256,0.728,0.0175464380522,0
newt_re1_n256,0.736,0.0176700875423,0
newt_re1_n256,0.744,0.0177800284135,0
newt_re1_n256,0.752,0.0178776620048,0
newt_re1_n256,0.76,0.017964272732,0
newt_re1_n256,0.768,0.0180410317257,0
newt_re1_n256,0.776,0.0181090020238,0
newt_re1_n256,0.784,0.0181691447926,0
newt_re1_n256,0.792,0.0182223261498,0
newt_re1_n256,0.8,0.0182693242645,0
newt_re1_n256,0.808,0.0183108364897,0
newt_re1_n256,0.816,0.0183474863564,0
newt_re1_n256,0.824,0.0183798302889,0
newt_re1_n256,0.832,0.0184083639752,0
newt_re1_n256,0.84,0.0184335283308,0
newt_re1_n256,0.848,0.018455715033,0
newt_re1_n256,0.856,0.0184752716156,0
newt_re1_n256,0.864,0.0184925061307,0
newt_re1_n256,0.872,0.0185076913891,0
newt_re1_n256,0.88,0.0185210688033,0
newt_re1_n256,0.888,0.0185328518527,0
newt_re1_n256,0.896,0.0185432292018,0
newt_re1_n256,0.904,0.0185523674958,0
newt_re1_n256,0.912,0.0185604138611,0
newt_re1_n256,0.92,0.0185674981383,0
newt_re1_n256,0.928,0.0185737348714,0
newt_re1_n256,0.936,0.0185792250777,0
newt_re1_n256,0.944,0.0185840578204,0
newt_re1_n256,0.952,0.0185883116034,0
newt_re1_n256,0.96,0.0185920556087,0
newt_re1_n256,0.968,0.0185953507914,0
newt_re1_n256,0.976,0.0185982508488,0
newt_re1_n256,0.984,0.0186008030782,0
newt_re1_n256,0.992,0.0186030491336,0
newt_re1_n256,1,0.0186050256953,0
newt_re1_n256,1.008,0.0186067650603,0
newt_re1_n256,1.016,0.0186082956637,0
newt_re1_n256,1.024,0.0186096425384,0
newt_re1_n256,1.032,0.018610827721,0
newt_re1_n256,1.04,0.0186118706076,0
newt_re1_n256,1.048,0.0186127882736,0
newt_re1_n256,1.056,0.0186135957457,0
newt_re1_n256,1.064,0.0186143062497,0
newt_re1_n256,1.072,0.0186149314253,0
newt_re1_n256,1.08,0.0186154815162,0
newt_re1_n256,1.088,0.0186159655373,0
newt_re1_n256,1.096,0.0186163914217,0
newt_re1_n256,1.104,0.0186167661505,0
newt_re1_n256,1.112,0.0186170958671,0
newt_re1_n256,1.12,0.0186173859771,0
newt_re1_n256,1.128,0.0186176412374,0
newt_re1_n256,1.136,0.0186178658337,0
newt_re1_n256,1.144,0.0186180634492,0
newt_re1_n256,1.152,0.0186182373246,0
newt_re1_n256,1.16,0.0186183903117,0
newt_re1_n256,1.168,0.0186185249195,0
newt_re1_n256,1.176,0.018618643356,0
newt_re1_n256,1.184,0.0186187475637,0
newt_re1_n256,1.192,0.0186188392521,0
newt_re1_n256,1.2,0.0186189199249,0
newt_re1_n256,1.208,0.0186189909057,0
newt_re1_n256,1.216,0.0186190533587,0
newt_re1_n256,1.224,0.0186191083085,0
newt_re1_n256,1.232,0.0186191566565,0
newt_re1_n256,1.24,0.0186191991958,0
newt_re1_n256,1.248,0.0186192366243,0
newt_re1_n256,1.256,0.018619269556,0
newt_re1_n256,1.264,0.0186192985311,0
newt_re1_n256,1.272,0.018619324025,0
newt_re1_n256,1.28,0.0186193464559,0
newt_re1_n256,1.288,0.0186193661919,0
newt_re1_n256,1.296,0.0186193835567,0
newt_re1_n256,1.304,0.0186193988352,0
newt_re1_n256,1.312,0.0186194122781,0
newt_re1_n256,1.32,0.0186194241059,0
newt_re1_n256,1.328,0.0186194345126,0
newt_re1_n256,1.336,0.0186194436689,0
newt_re1_n256,1.344,0.0186194517252,0
newt_re1_n256,1.352,0.0186194588136,0
newt_re1_n256,1.36,0.0186194650503,0
newt_re1_n256,1.368,0.0186194705377,0
newt_re1_n256,1.376,0.0186194753658,0
newt_re1_n256,1.384,0.0186194796138,0
newt_re1_n256,1.392,0.0186194833514,0
newt_re1_n256,1.4,0.01861948664,0
newt_re1_n256,1.408,0.0186194895335,0
newt_re1_n256,1.416,0.0186194920793,0
newt_re1_n256,1.424,0.0186194943193,0
newt_re1_n256,1.432,0.0186194962901,0
newt_re1_n256,1.44,0.0186194980241,0
newt_re1_n256,1.448,0.0186194995499,0
newt_re1_n256,1.456,0.0186195008922,0
newt_re1_n256,1.464,0.0186195020734,0
newt_re1_n256,1.472,0.0186195031126,0
newt_re1_n256,1.48,0.0186195040269,0
newt_re1_n256,1.488,0.0186195048314,0
newt_re1_n256,1.496,0.0186195055392,0
newt_re1_n256,1.504,0.018619506162,0
newt_re1_n256,1.512,0.01861950671,0
newt_re1_n256,1.52,0.0186195071921,0
newt_re1_n256,1.528,0.0186195076163,0
newt_re1_n256,1.536,0.0186195079896,0
newt_re1_n256,1.544,0.018619508318,0
newt_re1_n256,1.552,0.0186195086069,0
newt_re1_n256,1.56,0.0186195088611,0
newt_re1_n256,1.568,0.0186195090848,0
newt_re1_n256,1.576,0.0186195092816,0
newt_re1_n256,1.584,0.0186195094548,0
newt_re1_n256,1.592,0.0186195096071,0
newt_re1_n256,1.6,0.0186195097412,0
newt_re1_n256,1.608,0.0186195098591,0
newt_re1_n256,1.616,0.0186195099629,0
newt_re1_n256,1.624,0.0186195100542,0
newt_re1_n256,1.632,0.0186195101345,0
newt_re1_n256,1.64,0.0186195102052,0
newt_re1_n256,1.648,0.0186195102674,0
newt_re1_n256,1.656,0.0186195103221,0
newt_re1_n256,1.664,0.0186195103703,0
newt_re1_n256,1.672,0.0186195104126,0
newt_re1_n256,1.68,0.0186195104499,0
newt_re1_n256,1.688,0.0186195104827,0
newt_re1_n256,1.696,0.0186195105115,0
newt_re1_n256,1.704,0.0186195105369,0
newt_re1_n256,1.712,0.0186195105593,0
newt_re1_n256,1.72,0.0186195105789,0
newt_re1_n256,1.728,0.0186195105962,0
newt_re1_n256,1.736,0.0186195106114,0
newt_re1_n256,1.744,0.0186195106248,0
newt_re1_n256,1.752,0.0186195106366,0
newt_re1_n256,1.76,0.018619510647,0
newt_re1_n256,1.768,0.0186195106561,0
newt_re1_n256,1.776,0.0186195106641,0
newt_re1_n256,1.784,0.0186195106711,0
newt_re1_n256,1.792,0.0186195106774,0
newt_re1_n256,1.8,0.0186195106828,0
newt_re1_n256,1.808,0.0186195106876,0
newt_re1_n256,1.816,0.0186195106919,0
newt_re1_n256,1.824,0.0186195106956,0
newt_re1_n256,1.832,0.0186195106989,0
newt_re1_n256,1.84,0.0186195107017,0
newt_re1_n256,1.848,0.0186195107043,0
newt_re1_n256,1.856,0.0186195107065,0
newt_re1_n256,1.864,0.0186195107085,0
newt_re1_n256,1.872,0.0186195107102,0
newt_re1_n256,1.88,0.0186195107117,0
newt_re1_n256,1.888,0.0186195107131,0
newt_re1_n256,1.896,0.0186195107142,0
newt_re1_n256,1.904,0.0186195107153,0
newt_re1_n256,1.912,0.0186195107162,0
newt_re1_n256,1.92,0.018619510717,0
newt_re1_n256,1.928,0.0186195107177,0
newt_re1_n256,1.936,0.0186195107183,0
newt_re1_n256,1.944,0.0186195107188,0
newt_re1_n256,1.952,0.0186195107193,0
newt_re1_n256,1.96,0.0186195107197,0
newt_re1_n256,1.968,0.0186195107201,0
newt_re1_n256,1.976,0.0186195107204,0
newt_re1_n256,1.984,0.0186195107207,0
newt_re1_n256,1.992,0.018619510721,0
newt_re1_n256,2,0.0186195107212,0
newt_re1_n256,2.008,0.0186195107214,0
newt_re1_n256,2.016,0.0186195107216,0
newt_re1_n256,2.024,0.0186195107217,0
newt_re1_n256,2.032,0.0186195107219,0
newt_re1_n256,2.04,0.018619510722,0
newt_re1_n256,2.048,0.0186195107221,0
newt_re1_n256,2.056,0.0186195107222,0
newt_re1_n256,2.064,0.0186195107223,0
newt_re1_n256,2.072,0.0186195107223,0
newt_re1_n256,2.08,0.0186195107224,0
newt_re1_n256,2.088,0.0186195107224,0
newt_re1_n256,2.096,0.0186195107225,0
newt_re1_n256,2.104,0.0186195107225,0
newt_re1_n256,2.112,0.0186195107226,0
newt_re1_n256,2.12,0.0186195107226,0
newt_re1_n256,2.128,0.0186195107226,0
newt_re1_n256,2.136,0.0186195107227,0
newt_re1_n256,2.144,0.0186195107227,0
newt_re1_n256,2.152,0.0186195107227,0
newt_re1_n256,2.16,0.0186195107227,0
newt_re1_n256,2.168,0.0186195107227,0
newt_re1_n256,2.176,0.0186195107227,0
newt_re1_n256,2.184,0.0186195107228,0
newt_re1_n256,2.192,0.0186195107228,0
newt_re1_n256,2.2,0.0186195107228,0
newt_re1_n256,2.208,0.0186195107228,0
newt_re1_n256,2.216,0.0186195107228,0
newt_re1_n256,2.224,0.0186195107228,0
newt_re1_n256,2.232,0.0186195107228,0
newt_re1_n256,2.24,0.0186195107228,0
newt_re1_n256,2.248,0.0186195107228,0
newt_re1_n256,2.256,0.0186195107228,0
newt_re1_n256,2.264,0.0186195107228,0
newt_re1_n256,2.272,0.0186195107228,0
newt_re1_n256,2.28,0.0186195107228,0
newt_re1_n256,2.288,0.0186195107228,0
newt_re1_n256,2.296,0.0186195107228,0
newt_re1_n256,2.304,0.0186195107228,0
newt_re1_n256,2.312,0.0186195107228,0
newt_re1_n256,2.32,0.0186195107228,0
newt_re1_n256,2.328,0.0186195107228,0
newt_re1_n256,2.336,0.0186195107228,0
newt_re1_n256,2.344,0.0186195107228,0
newt_re1_n256,2.352,0.0186195107228,0
newt_re1_n256,2.36,0.0186195107228,0
newt_re1_n256,2.368,0.0186195107228,0
newt_re1_n256,2.376,0.0186195107228,0
newt_re1_n256,2.384,0.0186195107228,0
newt_re1_n256,2.392,0.0186195107228,0
newt_re1_n256,2.4,0.0186195107228,0
newt_re1_n256,2.408,0.0186195107228,0
newt_re1_n256,2.416,0.0186195107228,0
newt_re1_n256,2.424,0.0186195107228,0
newt_re1_n256,2.432,0.0186195107228,0
newt_re1_n256,2.44,0.0186195107228,0
newt_re1_n256,2.448,0.0186195107228,0
newt_re1_n256,2.456,0.0186195107228,0
newt_re1_n256,2.464,0.0186195107228,0
newt_re1_n256,2.472,0.0186195107228,0
newt_re1_n256,2.48,0.0186195107228,0
newt_re1_n256,2.488,0.0186195107228,0
newt_re1_n256,2.496,0.0186195107228,0
newt_re1_n256,2.504,0.0186195107228,0
newt_re1_n256,2.512,0.0186195107228,0
newt_re1_n256,2.52,0.0186195107228,0
newt_re1_n256,2.528,0.0186195107228,0
newt_re1_n256,2.536,0.0186195107228,0
newt_re1_n256,2.544,0.0186195107228,0
newt_re1_n256,2.552,0.0186195107228,0
newt_re1_n256,2.56,0.0186195107228,0
newt_re1_n256,2.568,0.0186195107228,0
newt_re1_n256,2.576,0.0186195107228,0
newt_re1_n256,2.584,0.0186195107228,0
newt_re1_n256,2.592,0.0186195107228,0
newt_re1_n256,2.6,0.0186195107228,0
newt_re1_n256,2.608,0.0186195107228,0
newt_re1_n256,2.616,0.0186195107228,0
newt_re1_n256,2.624,0.0186195107228,0
newt_re1_n256,2.632,0.0186195107228,0
newt_re1_n256,2.64,0.0186195107228,0
newt_re1_n256,2.648,0.0186195107228,0
newt_re1_n256,2.656,0.0186195107228,0
newt_re1_n256,2.664,0.0186195107228,0
newt_re1_n256,2.672,0.0186195107228,0
newt_re1_n256,2.68,0.0186195107228,0
newt_re1_n256,2.688,0.0186195107228,0
newt_re1_n256,2.696,0.0186195107228,0
newt_re1_n256,2.704,0.0186195107228,0
newt_re1_n256,2.712,0.0186195107228,0
newt_re1_n256,2.72,0.0186195107228,0
newt_re1_n256,2.728,0.0186195107228,0
newt_re1_n256,2.736,0.0186195107228,0
newt_re1_n256,2.744,0.0186195107228,0
newt_re1_n256,2.752,0.0186195107228,0
newt_re1_n256,2.76,0.0186195107228,0
newt_re1_n256,2.768,0.0186195107228,0
newt_re1_n256,2.776,0.0186195107228,0
newt_re1_n256,2.784,0.0186195107228,0
newt_re1_n256,2.792,0.0186195107228,0
newt_re1_n256,2.8,0.0186195107228,0
newt_re1_n256,2.808,0.0186195107228,0
newt_re1_n256,2.816,0.0186195107228,0
newt_re1_n256,2.824,0.0186195107228,0
newt_re1_n256,2.832,0.0186195107228,0
newt_re1_n256,2.84,0.0186195107228,0
newt_re1_n256,2.848,0.0186195107228,0
newt_re1_n256,2.856,0.0186195107228,0
newt_re1_n256,2.864,0.0186195107228,0
newt_re1_n256,2.872,0.0186195107228,0
newt_re1_n256,2.88,0.0186195107228,0
newt_re1_n256,2.888,0.0186195107228,0
newt_re1_n256,2.896,0.0186195107228,0
newt_re1_n256,2.904,0.0186195107228,0
newt_re1_n256,2.912,0.0186195107228,0
newt_re1_n256,2.92,0.0186195107228,0
newt_re1_n256,2.928,0.0186195107228,0
newt_re1_n256,2.936,0.0186195107228,0
newt_re1_n256,2.944,0.0186195107228,0
newt_re1_n256,2.952,0.0186195107228,0
newt_re1_n256,2.96,0.0186195107228,0
newt_re1_n256,2.968,0.0186195107228,0
newt_re1_n256,2.976,0.0186195107228,0
newt_re1_n256,2.984,0.0186195107228,0
newt_re1_n256,2.992,0.0186195107228,0
newt_re1_n256,3,0.0186195107228,0
newt_re1_n256,3.008,0.0186195107228,0
newt_re1_n256,3.016,0.0186195107228,0
newt_re1_n256,3.024,0.0186195107228,0
newt_re1_n256,3.032,0.0186195107228,0
newt_re1_n256,3.04,0.0186195107228,0
newt_re1_n256,3.048,0.0186195107228,0
newt_re1_n256,3.056,0.0186195107228,0
newt_re1_n256,3.064,0.0186195107228,0
newt_re1_n256,3.072,0.0186195107228,0
newt_re1_n256,3.08,0.0186195107228,0
newt_re1_n256,3.088,0.0186195107228,0
newt_re1_n256,3.096,0.0186195107228,0
newt_re1_n256,3.104,0.0186195107228,0
newt_re1_n256,3.112,0.0186195107228,0
newt_re1_n256,3.12,0.0186195107228,0
newt_re1_n256,3.128,0.0186195107228,0
newt_re1_n256,3.136,0.0186195107228,0
newt_re1_n256,3.144,0.0186195107228,0
newt_re1_n256,3.152,0.0186195107228,0
newt_re1_n256,3.16,0.0186195107228,0
newt_re1_n256,3.168,0.0186195107228,0
newt_re1_n256,3.176,0.0186195107228,0
newt_re1_n256,3.184,0.0186195107228,0
newt_re1_n256,3.192,0.0186195107228,0
newt_re1_n256,3.2,0.0186195107228,0
newt_re1_n256,3.208,0.0186195107228,0
newt_re1_n256,3.216,0.0186195107228,0
newt_re1_n256,3.224,0.0186195107228,0
newt_re1_n256,3.232,0.0186195107228,0
newt_re1_n256,3.24,0.0186195107228,0
newt_re1_n256,3.248,0.0186195107228,0
newt_re1_n256,3.256,0.0186195107228,0
newt_re1_n256,3.264,0.0186195107228,0
newt_re1_n256,3.272,0.0186195107228,0
newt_re1_n256,3.28,0.0186195107228,0
newt_re1_n256,3.288,0.0186195107228,0
newt_re1_n256,3.296,0.0186195107228,0
newt_re1_n256,3.304,0.0186195107228,0
newt_re1_n256,3.312,0.0186195107228,0
newt_re1_n256,3.32,0.0186195107228,0
newt_re1_n256,3.328,0.0186195107228,0
newt_re1_n256,3.336,0.0186195107228,0
newt_re1_n256,3.344,0.0186195107228,0
newt_re1_n256,3.352,0.0186195107228,0
newt_re1_n256,3.36,0.0186195107228,0
newt_re1_n256,3.368,0.0186195107228,0
newt_re1_n256,3.376,0.0186195107228,0
newt_re1_n256,3.384,0.0186195107228,0
newt_re1_n256,3.392,0.0186195107228,0
newt_re1_n256,3.4,0.0186195107228,0
newt_re1_n256,3.408,0.0186195107228,0
newt_re1_n256,3.416,0.0186195107228,0
newt_re1_n256,3.424,0.0186195107228,0
newt_re1_n256,3.432,0.0186195107228,0
newt_re1_n256,3.44,0.0186195107228,0
newt_re1_n256,3.448,0.0186195107228,0
newt_re1_n256,3.456,0.0186195107228,0
newt_re1_n256,3.464,0.0186195107228,0
newt_re1_n256,3.472,0.0186195107228,0
newt_re1_n256,3.48,0.0186195107228,0
newt_re1_n256,3.488,0.0186195107228,0
newt_re1_n256,3.496,0.0186195107228,0
newt_re1_n256,3.504,0.0186195107228,0
newt_re1_n256,3.512,0.0186195107228,0
newt_re1_n256,3.52,0.0186195107228,0
newt_re1_n256,3.528,0.0186195107228,0
newt_re1_n256,3.536,0.0186195107228,0
newt_re1_n256,3.544,0.0186195107228,0
newt_re1_n256,3.552,0.0186195107228,0
newt_re1_n256,3.56,0.0186195107228,0
newt_re1_n256,3.568,0.0186195107228,0
newt_re1_n256,3.576,0.0186195107228,0
newt_re1_n256,3.584,0.0186195107228,0
newt_re1_n256,3.592,0.0186195107228,0
newt_re1_n256,3.6,0.0186195107228,0
newt_re1_n256,3.608,0.0186195107228,0
newt_re1_n256,3.616,0.0186195107228,0
newt_re1_n256,3.624,0.0186195107228,0
newt_re1_n256,3.632,0.0186195107228,0
newt_re1_n256,3.64,0.0186195107228,0
newt_re1_n256,3.648,0.0186195107228,0
newt_re1_n256,3.656,0.0186195107228,0
newt_re1_n256,3.664,0.0186195107228,0
newt_re1_n256,3.672,0.0186195107228,0
newt_re1_n256,3.68,0.0186195107228,0
newt_re1_n256,3.688,0.0186195107228,0
newt_re1_n256,3.696,0.0186195107228,0
newt_re1_n256,3.704,0.0186195107228,0
newt_re1_n256,3.712,0.0186195107228,0
newt_re1_n256,3.72,0.0186195107228,0
newt_re1_n256,3.728,0.0186195107228,0
newt_re1_n256,3.736,0.0186195107228,0
newt_re1_n256,3.744,0.0186195107228,0
newt_re1_n256,3.752,0.0186195107228,0
newt_re1_n256,3.76,0.0186195107228,0
newt_re1_n256,3.768,0.0186195107228,0
newt_re1_n256,3.776,0.0186195107228,0
newt_re1_n256,3.784,0.0186195107228,0
newt_re1_n256,3.792,0.0186195107228,0
newt_re1_n256,3.8,0.0186195107228,0
newt_re1_n256,3.808,0.0186195107228,0
newt_re1_n256,3.816,0.0186195107228,0
newt_re1_n256,3.824,0.0186195107228,0
newt_re1_n256,3.832,0.0186195107228,0
newt_re1_n256,3.84,0.0186195107228,0
newt_re1_n256,3.848,0.0186195107228,0
newt_re1_n256,3.856,0.0186195107228,0
newt_re1_n256,3.864,0.0186195107228,0
newt_re1_n256,3.872,0.0186195107228,0
newt_re1_n256,3.88,0.0186195107228,0
newt_re1_n256,3.888,0.0186195107228,0
newt_re1_n256,3.896,0.0186195107228,0
newt_re1_n256,3.904,0.0186195107228,0
newt_re1_n256,3.912,0.0186195107228,0
newt_re1_n256,3.92,0.0186195107228,0
newt_re1_n256,3.928,0.0186195107228,0
newt_re1_n256,3.936,0.0186195107228,0
newt_re1_n256,3.944,0.0186195107228,0
newt_re1_n256,3.952,0.0186195107228,0
newt_re1_n256,3.96,0.0186195107228,0
newt_re1_n256,3.968,0.0186195107228,0
newt_re1_n256,3.976,0.0186195107228,0
newt_re1_n256,3.984,0.0186195107228,0
newt_re1_n256,3.992,0.0186195107228,0
newt_re1_n256,4,0.0186195107228,0
newt_re1_n256,4.008,0.0186195107228,0
newt_re1_n256,4.016,0.0186195107228,0
newt_re1_n256,4.024,0.0186195107228,0
newt_re1_n256,4.032,0.0186195107228,0
newt_re1_n256,4.04,0.0186195107228,0
newt_re1_n256,4.048,0.0186195107228,0
newt_re1_n256,4.056,0.0186195107228,0
newt_re1_n256,4.064,0.0186195107228,0
newt_re1_n256,4.072,0.0186195107228,0
newt_re1_n256,4.08,0.0186195107228,0
newt_re1_n256,4.088,0.0186195107228,0
newt_re1_n256,4.096,0.0186195107228,0
newt_re1_n256,4.104,0.0186195107228,0
newt_re1_n256,4.112,0.0186195107228,0
newt_re1_n256,4.12,0.0186195107228,0
newt_re1_n256,4.128,0.0186195107228,0
newt_re1_n256,4.136,0.0186195107228,0
newt_re1_n256,4.144,0.0186195107228,0
newt_re1_n256,4.152,0.0186195107228,0
newt_re1_n256,4.16,0.0186195107228,0
newt_re1_n256,4.168,0.0186195107228,0
newt_re1_n256,4.176,0.0186195107228,0
newt_re1_n256,4.184,0.0186195107228,0
newt_re1_n256,4.192,0.0186195107228,0
newt_re1_n256,4.2,0.0186195107228,0
newt_re1_n256,4.208,0.0186195107228,0
newt_re1_n256,4.216,0.0186195107228,0
newt_re1_n256,4.224,0.0186195107228,0
newt_re1_n256,4.232,0.0186195107228,0
newt_re1_n256,4.24,0.0186195107228,0
newt_re1_n256,4.248,0.0186195107228,0
newt_re1_n256,4.256,0.0186195107228,0
newt_re1_n256,4.264,0.0186195107228,0
newt_re1_n256,4.272,0.0186195107228,0
newt_re1_n256,4.28,0.0186195107228,0
newt_re1_n256,4.288,0.0186195107228,0
newt_re1_n256,4.296,0.0186195107228,0
newt_re1_n256,4.304,0.0186195107228,0
newt_re1_n256,4.312,0.0186195107228,0
newt_re1_n256,4.32,0.0186195107228,0
newt_re1_n256,4.328,0.0186195107228,0
newt_re1_n256,4.336,0.0186195107228,0
newt_re1_n256,4.344,0.0186195107228,0
newt_re1_n256,4.352,0.0186195107228,0
newt_re1_n256,4.36,0.0186195107228,0
newt_re1_n256,4.368,0.0186195107228,0
newt_re1_n256,4.376,0.0186195107228,0
newt_re1_n256,4.384,0.0186195107228,0
newt_re1_n256,4.392,0.0186195107228,0
newt_re1_n256,4.4,0.0186195107228,0
newt_re1_n256,4.408,0.0186195107228,0
newt_re1_n256,4.416,0.0186195107228,0
newt_re1_n256,4.424,0.0186195107228,0
newt_re1_n256,4.432,0.0186195107228,0
newt_re1_n256,4.44,0.0186195107228,0
newt_re1_n256,4.448,0.0186195107228,0
newt_re1_n256,4.456,0.0186195107228,0
newt_re1_n256,4.464,0.0186195107228,0
newt_re1_n256,4.472,0.0186195107228,0
newt_re1_n256,4.48,0.0186195107228,0
newt_re1_n256,4.488,0.0186195107228,0
newt_re1_n256,4.496,0.0186195107228,0
newt_re1_n256,4.504,0.0186195107228,0
newt_re1_n256,4.512,0.0186195107228,0
newt_re1_n256,4.52,0.0186195107228,0
newt_re1_n256,4.528,0.0186195107228,0
newt_re1_n256,4.536,0.0186195107228,0
newt_re1_n256,4.544,0.0186195107228,0
newt_re1_n256,4.552,0.0186195107228,0
newt_re1_n256,4.56,0.0186195107228,0
newt_re1_n256,4.568,0.0186195107228,0
newt_re1_n256,4.576,0.0186195107228,0
newt_re1_n256,4.584,0.0186195107228,0
newt_re1_n256,4.592,0.0186195107228,0
newt_re1_n256,4.6,0.0186195107228,0
newt_re1_n256,4.608,0.0186195107228,0
newt_re1_n256,4.616,0.0186195107228,0
newt_re1_n256,4.624,0.0186195107228,0
newt_re1_n256,4.632,0.0186195107228,0
newt_re1_n256,4.64,0.0186195107228,0
newt_re1_n256,4.648,0.0186195107228,0
newt_re1_n256,4.656,0.0186195107228,0
newt_re1_n256,4.664,0.0186195107228,0
newt_re1_n256,4.672,0.0186195107228,0
newt_re1_n256,4.68,0.0186195107228,0
newt_re1_n256,4.688,0.0186195107228,0
newt_re1_n256,4.696,0.0186195107228,0
newt_re1_n256,4.704,0.0186195107228,0
newt_re1_n256,4.712,0.0186195107228,0
newt_re1_n256,4.72,0.0186195107228,0
newt_re1_n256,4.728,0.0186195107228,0
newt_re1_n256,4.736,0.0186195107228,0
newt_re1_n256,4.744,0.0186195107228,0
newt_re1_n256,4.752,0.0186195107228,0
newt_re1_n256,4.76,0.0186195107228,0
newt_re1_n256,4.768,0.0186195107228,0
newt_re1_n256,4.776,0.0186195107228,0
newt_re1_n256,4.784,0.0186195107228,0
newt_re1_n256,4.792,0.0186195107228,0
newt_re1_n256,4.8,0.0186195107228,0
newt_re1_n256,4.808,0.0186195107228,0
newt_re1_n256,4.816,0.0186195107228,0
newt_re1_n256,4.824,0.0186195107228,0
newt_re1_n256,4.832,0.0186195107228,0
newt_re1_n256,4.84,0.0186195107228,0
newt_re1_n256,4.848,0.0186195107228,0
newt_re1_n256,4.856,0.0186195107228,0
newt_re1_n256,4.864,0.0186195107228,0
newt_re1_n256,4.872,0.0186195107228,0
newt_re1_n256,4.88,0.0186195107228,0
newt_re1_n256,4.888,0.0186195107228,0
newt_re1_n256,4.896,0.0186195107228,0
newt_re1_n256,4.904,0.0186195107228,0
newt_re1_n256,4.912,0.0186195107228,0
newt_re1_n256,4.92,0.0186195107228,0
newt_re1_n256,4.928,0.0186195107228,0
newt_re1_n256,4.936,0.0186195107228,0
newt_re1_n256,4.944,0.0186195107228,0
newt_re1_n256,4.952,0.0186195107228,0
newt_re1_n256,4.96,0.0186195107228,0
newt_re1_n256,4.968,0.0186195107228,0
newt_re1_n256,4.976,0.0186195107228,0
newt_re1_n256,4.984,0.0186195107228,0
newt_re1_n256,4.992,0.0186195107228,0
newt_re1_n256,5,0.0186195107228,0
newt_re1_n256,5.008,0.0186195107228,0
newt_re1_n256,5.016,0.0186195107228,0
newt_re1_n256,5.024,0.0186195107228,0
newt_re1_n256,5.032,0.0186195107228,0
newt_re1_n256,5.04,0.0186195107228,0
newt_re1_n256,5.048,0.0186195107228,0
newt_re1_n256,5.056,0.0186195107228,0
newt_re1_n256,5.064,0.0186195107228,0
newt_re1_n256,5.072,0.0186195107228,0
newt_re1_n256,5.08,0.0186195107228,0
newt_re1_n256,5.088,0.0186195107228,0
newt_re1_n256,5.096,0.0186195107228,0
newt_re1_n256,5.104,0.0186195107228,0
newt_re1_n256,5.112,0.0186195107228,0
newt_re1_n256,5.12,0.0186195107228,0
newt_re1_n256,5.128,0.0186195107228,0
newt_re1_n256,5.136,0.0186195107228,0
newt_re1_n256,5.144,0.0186195107228,0
newt_re1_n256,5.152,0.0186195107228,0
newt_re1_n256,5.16,0.0186195107228,0
newt_re1_n256,5.168,0.0186195107228,0
newt_re1_n256,5.176,0.0186195107228,0
newt_re1_n256,5.184,0.0186195107228,0
newt_re1_n256,5.192,0.0186195107228,0
newt_re1_n256,5.2,0.0186195107228,0
newt_re1_n256,5.208,0.0186195107228,0
newt_re1_n256,5.216,0.0186195107228,0
newt_re1_n256,5.224,0.0186195107228,0
newt_re1_n256,5.232,0.0186195107228,0
newt_re1_n256,5.24,0.0186195107228,0
newt_re1_n256,5.248,0.0186195107228,0
newt_re1_n256,5.256,0.0186195107228,0
newt_re1_n256,5.264,0.0186195107228,0
newt_re1_n256,5.272,0.0186195107228,0
newt_re1_n256,5.28,0.0186195107228,0
newt_re1_n256,5.288,0.0186195107228,0
newt_re1_n256,5.296,0.0186195107228,0
newt_re1_n256,5.304,0.0186195107228,0
newt_re1_n256,5.312,0.0186195107228,0
newt_re1_n256,5.32,0.0186195107228,0
newt_re1_n256,5.328,0.0186195107228,0
newt_re1_n256,5.336,0.0186195107228,0
newt_re1_n256,5.344,0.0186195107228,0
newt_re1_n256,5.352,0.0186195107228,0
newt_re1_n256,5.36,0.0186195107228,0
newt_re1_n256,5.368,0.0186195107228,0
newt_re1_n256,5.376,0.0186195107228,0
newt_re1_n256,5.384,0.0186195107228,0
newt_re1_n256,5.392,0.0186195107228,0
newt_re1_n256,5.4,0.0186195107228,0
newt_re1_n256,5.408,0.0186195107228,0
newt_re1_n256,5.416,0.0186195107228,0
newt_re1_n256,5.424,0.0186195107228,0
newt_re1_n256,5.432,0.0186195107228,0
newt_re1_n256,5.44,0.0186195107228,0
newt_re1_n256,5.448,0.0186195107228,0
newt_re1_n256,5.456,0.0186195107228,0
newt_re1_n256,5.464,0.0186195107228,0
newt_re1_n256,5.472,0.0186195107228,0
newt_re1_n256,5.48,0.0186195107228,0
newt_re1_n256,5.488,0.0186195107228,0
newt_re1_n256,5.496,0.0186195107228,0
newt_re1_n256,5.504,0.0186195107228,0
newt_re1_n256,5.512,0.0186195107228,0
newt_re1_n256,5.52,0.0186195107228,0
newt_re1_n256,5.528,0.0186195107228,0
newt_re1_n256,5.536,0.0186195107228,0
newt_re1_n256,5.544,0.0186195107228,0
newt_re1_n256,5.552,0.0186195107228,0
newt_re1_n256,5.56,0.0186195107228,0
newt_re1_n256,5.568,0.0186195107228,0
newt_re1_n256,5.576,0.0186195107228,0
newt_re1_n256,5.584,0.0186195107228,0
newt_re1_n256,5.592,0.0186195107228,0
newt_re1_n256,5.6,0.0186195107228,0
newt_re1_n256,5.608,0.0186195107228,0
newt_re1_n256,5.616,0.0186195107228,0
newt_re1_n256,5.624,0.0186195107228,0
newt_re1_n256,5.632,0.0186195107228,0
newt_re1_n256,5.64,0.0186195107228,0
newt_re1_n256,5.648,0.0186195107228,0
newt_re1_n256,5.656,0.0186195107228,0
newt_re1_n256,5.664,0.0186195107228,0
newt_re1_n256,5.672,0.0186195107228,0
newt_re1_n256,5.68,0.0186195107228,0
newt_re1_n256,5.688,0.0186195107228,0
newt_re1_n256,5.696,0.0186195107228,0
newt_re1_n256,5.704,0.0186195107228,0
newt_re1_n256,5.712,0.0186195107228,0
newt_re1_n256,5.72,0.0186195107228,0
newt_re1_n256,5.728,0.0186195107228,0
newt_re1_n256,5.736,0.0186195107228,0
newt_re1_n256,5.744,0.0186195107228,0
newt_re1_n256,5.752,0.0186195107228,0
newt_re1_n256,5.76,0.0186195107228,0
newt_re1_n256,5.768,0.0186195107228,0
newt_re1_n256,5.776,0.0186195107228,0
newt_re1_n256,5.784,0.0186195107228,0
newt_re1_n256,5.792,0.0186195107228,0
newt_re1_n256,5.8,0.0186195107228,0
newt_re1_n256,5.808,0.0186195107228,0
newt_re1_n256,5.816,0.0186195107228,0
newt_re1_n256,5.824,0.0186195107228,0
newt_re1_n256,5.832,0.0186195107228,0
newt_re1_n256,5.84,0.0186195107228,0
newt_re1_n256,5.848,0.0186195107228,0
newt_re1_n256,5.856,0.0186195107228,0
newt_re1_n256,5.864,0.0186195107228,0
newt_re1_n256,5.872,0.0186195107228,0
newt_re1_n256,5.88,0.0186195107228,0
newt_re1_n256,5.888,0.0186195107228,0
newt_re1_n256,5.896,0.0186195107228,0
newt_re1_n256,5.904,0.0186195107228,0
newt_re1_n256,5.912,0.0186195107228,0
newt_re1_n256,5.92,0.0186195107228,0
newt_re1_n256,5.928,0.0186195107228,0
newt_re1_n256,5.936,0.0186195107228,0
newt_re1_n256,5.944,0.0186195107228,0
newt_re1_n256,5.952,0.0186195107228,0
newt_re1_n256,5.96,0.0186195107228,0
newt_re1_n256,5.968,0.0186195107228,0
newt_re1_n256,5.976,0.0186195107228,0
newt_re1_n256,5.984,0.0186195107228,0
newt_re1_n256,5.992,0.0186195107228,0
newt_re1_n256,6,0.0186195107228,0
newt_re1_n256,6.008,0.0186195107228,0
newt_re1_n256,6.016,0.0186195107228,0
newt_re1_n256,6.024,0.0186195107228,0
newt_re1_n256,6.032,0.0186195107228,0
newt_re1_n256,6.04,0.0186195107228,0
newt_re1_n256,6.048,0.0186195107228,0
newt_re1_n256,6.056,0.0186195107228,0
newt_re1_n256,6.064,0.0186195107228,0
newt_re1_n256,6.072,0.0186195107228,0
newt_re1_n256,6.08,0.0186195107228,0
newt_re1_n256,6.088,0.0186195107228,0
newt_re1_n256,6.096,0.0186195107228,0
newt_re1_n256,6.104,0.0186195107228,0
newt_re1_n256,6.112,0.0186195107228,0
newt_re1_n256,6.12,0.0186195107228,0
newt_re1_n256,6.128,0.0186195107228,0
newt_re1_n256,6.136,0.0186195107228,0
newt_re1_n256,6.144,0.0186195107228,0
newt_re1_n256,6.152,0.0186195107228,0
newt_re1_n256,6.16,0.0186195107228,0
newt_re1_n256,6.168,0.0186195107228,0
newt_re1_n256,6.176,0.0186195107228,0
newt_re1_n256,6.184,0.0186195107228,0
newt_re1_n256,6.192,0.0186195107228,0
newt_re1_n256,6.2,0.0186195107228,0
newt_re1_n256,6.208,0.0186195107228,0
newt_re1_n256,6.216,0.0186195107228,0
newt_re1_n256,6.224,0.0186195107228,0
newt_re1_n256,6.232,0.0186195107228,0
newt_re1_n256,6.24,0.0186195107228,0
newt_re1_n256,6.248,0.0186195107228,0
newt_re1_n256,6.256,0.0186195107228,0
newt_re1_n256,6.264,0.0186195107228,0
newt_re1_n256,6.272,0.0186195107228,0
newt_re1_n256,6.28,0.0186195107228,0
newt_re1_n256,6.288,0.0186195107228,0
newt_re1_n256,6.296,0.0186195107228,0
newt_re1_n256,6.304,0.0186195107228,0
newt_re1_n256,6.312,0.0186195107228,0
newt_re1_n256,6.32,0.0186195107228,0
newt_re1_n256,6.328,0.0186195107228,0
newt_re1_n256,6.336,0.0186195107228,0
newt_re1_n256,6.344,0.0186195107228,0
newt_re1_n256,6.352,0.0186195107228,0
newt_re1_n256,6.36,0.0186195107228,0
newt_re1_n256,6.368,0.0186195107228,0
newt_re1_n256,6.376,0.0186195107228,0
newt_re1_n256,6.384,0.0186195107228,0
newt_re1_n256,6.392,0.0186195107228,0
newt_re1_n256,6.4,0.0186195107228,0
newt_re1_n256,6.408,0.0186195107228,0
newt_re1_n256,6.416,0.0186195107228,0
newt_re1_n256,6.424,0.0186195107228,0
newt_re1_n256,6.432,0.0186195107228,0
newt_re1_n256,6.44,0.0186195107228,0
newt_re1_n256,6.448,0.0186195107228,0
newt_re1_n256,6.456,0.0186195107228,0
newt_re1_n256,6.464,0.0186195107228,0
newt_re1_n256,6.472,0.0186195107228,0
newt_re1_n256,6.48,0.0186195107228,0
newt_re1_n256,6.488,0.0186195107228,0
newt_re1_n256,6.496,0.0186195107228,0
newt_re1_n256,6.504,0.0186195107228,0
newt_re1_n256,6.512,0.0186195107228,0
newt_re1_n256,6.52,0.0186195107228,0
newt_re1_n256,6.528,0.0186195107228,0
newt_re1_n256,6.536,0.0186195107228,0
newt_re1_n256,6.544,0.0186195107228,0
newt_re1_n256,6.552,0.0186195107228,0
newt_re1_n256,6.56,0.0186195107228,0
newt_re1_n256,6.56800000001,0.0186195107228,0
newt_re1_n256,6.57600000001,0.0186195107228,0
newt_re1_n256,6.58400000001,0.0186195107228,0
newt_re1_n256,6.59200000001,0.0186195107228,0
newt_re1_n256,6.60000000001,0.0186195107228,0
newt_re1_n256,6.60800000001,0.0186195107228,0
newt_re1_n256,6.61600000001,0.0186195107228,0
newt_re1_n256,6.62400000001,0.0186195107228,0
newt_re1_n256,6.63200000001,0.0186195107228,0
newt_re1_n256,6.64000000001,0.0186195107228,0
newt_re1_n256,6.64800000001,0.0186195107228,0
newt_re1_n256,6.65600000001,0.0186195107228,0
newt_re1_n256,6.66400000001,0.0186195107228,0
newt_re1_n256,6.67200000001,0.0186195107228,0
newt_re1_n256,6.68000000001,0.0186195107228,0
newt_re1_n256,6.68800000001,0.0186195107228,0
newt_re1_n256,6.69600000001,0.0186195107228,0
newt_re1_n256,6.70400000001,0.0186195107228,0
newt_re1_n256,6.71200000001,0.0186195107228,0
newt_re1_n256,6.72000000001,0.0186195107228,0
newt_re1_n256,6.72800000001,0.0186195107228,0
newt_re1_n256,6.73600000001,0.0186195107228,0
newt_re1_n256,6.74400000001,0.0186195107228,0
newt_re1_n256,6.75200000001,0.0186195107228,0
newt_re1_n256,6.76000000001,0.0186195107228,0
newt_re1_n256,6.76800000001,0.0186195107228,0
newt_re1_n256,6.77600000001,0.0186195107228,0
newt_re1_n256,6.78400000001,0.0186195107228,0
newt_re1_n256,6.79200000001,0.0186195107228,0
newt_re1_n256,6.80000000001,0.0186195107228,0
newt_re1_n256,6.80800000001,0.0186195107228,0
newt_re1_n256,6.81600000001,0.0186195107228,0
newt_re1_n256,6.82400000001,0.0186195107228,0
newt_re1_n256,6.83200000001,0.0186195107228,0
newt_re1_n256,6.84000000001,0.0186195107228,0
newt_re1_n256,6.84800000001,0.0186195107228,0
newt_re1_n256,6.85600000001,0.0186195107228,0
newt_re1_n256,6.86400000001,0.0186195107228,0
newt_re1_n256,6.87200000001,0.0186195107228,0
newt_re1_n256,6.88000000001,0.0186195107228,0
newt_re1_n256,6.88800000001,0.0186195107228,0
newt_re1_n256,6.89600000001,0.0186195107228,0
newt_re1_n256,6.90400000001,0.0186195107228,0
newt_re1_n256,6.91200000001,0.0186195107228,0
newt_re1_n256,6.92000000001,0.0186195107228,0
newt_re1_n256,6.92800000001,0.0186195107228,0
newt_re1_n256,6.93600000001,0.0186195107228,0
newt_re1_n256,6.94400000001,0.0186195107228,0
newt_re1_n256,6.95200000001,0.0186195107228,0
newt_re1_n256,6.96000000001,0.0186195107228,0
newt_re1_n256,6.96800000001,0.0186195107228,0
newt_re1_n256,6.97600000001,0.0186195107228,0
newt_re1_n256,6.98400000001,0.0186195107228,0
newt_re1_n256,6.99200000001,0.0186195107228,0
newt_re1_n256,7.00000000001,0.0186195107228,0
newt_re1_n256,7.00800000001,0.0186195107228,0
newt_re1_n256,7.01600000001,0.0186195107228,0
newt_re1_n256,7.02400000001,0.0186195107228,0
newt_re1_n256,7.03200000001,0.0186195107228,0
newt_re1_n256,7.04000000001,0.0186195107228,0
newt_re1_n256,7.04800000001,0.0186195107228,0
newt_re1_n256,7.05600000001,0.0186195107228,0
newt_re1_n256,7.06400000001,0.0186195107228,0
newt_re1_n256,7.07200000001,0.0186195107228,0
newt_re1_n256,7.08000000001,0.0186195107228,0
newt_re1_n256,7.08800000001,0.0186195107228,0
newt_re1_n256,7.09600000001,0.0186195107228,0
newt_re1_n256,7.10400000001,0.0186195107228,0
newt_re1_n256,7.11200000001,0.0186195107228,0
newt_re1_n256,7.12000000001,0.0186195107228,0
newt_re1_n256,7.12800000001,0.0186195107228,0
newt_re1_n256,7.13600000001,0.0186195107228,0
newt_re1_n256,7.14400000001,0.0186195107228,0
newt_re1_n256,7.15200000001,0.0186195107228,0
newt_re1_n256,7.16000000001,0.0186195107228,0
newt_re1_n256,7.16800000001,0.0186195107228,0
newt_re1_n256,7.17600000001,0.0186195107228,0
newt_re1_n256,7.18400000001,0.0186195107228,0
newt_re1_n256,7.19200000001,0.0186195107228,0
newt_re1_n256,7.20000000001,0.0186195107228,0
newt_re1_n256,7.20800000001,0.0186195107228,0
newt_re1_n256,7.21600000001,0.0186195107228,0
newt_re1_n256,7.22400000001,0.0186195107228,0
newt_re1_n256,7.23200000001,0.0186195107228,0
newt_re1_n256,7.24000000001,0.0186195107228,0
newt_re1_n256,7.24800000001,0.0186195107228,0
newt_re1_n256,7.25600000001,0.0186195107228,0
newt_re1_n256,7.26400000001,0.0186195107228,0
newt_re1_n256,7.27200000001,0.0186195107228,0
newt_re1_n256,7.28000000001,0.0186195107228,0
newt_re1_n256,7.28800000001,0.0186195107228,0
newt_re1_n256,7.29600000001,0.0186195107228,0
newt_re1_n256,7.30400000001,0.0186195107228,0
newt_re1_n256,7.31200000001,0.0186195107228,0
newt_re1_n256,7.32000000001,0.0186195107228,0
newt_re1_n256,7.32800000001,0.0186195107228,0
newt_re1_n256,7.33600000001,0.0186195107228,0
newt_re1_n256,7.34400000001,0.0186195107228,0
newt_re1_n256,7.35200000001,0.0186195107228,0
newt_re1_n256,7.36000000001,0.0186195107228,0
newt_re1_n256,7.36800000001,0.0186195107228,0
newt_re1_n256,7.37600000001,0.0186195107228,0
newt_re1_n256,7.38400000001,0.0186195107228,0
newt_re1_n256,7.39200000001,0.0186195107228,0
newt_re1_n256,7.40000000001,0.0186195107228,0
newt_re1_n256,7.40800000001,0.0186195107228,0
newt_re1_n256,7.41600000001,0.0186195107228,0
newt_re1_n256,7.42400000001,0.0186195107228,0
newt_re1_n256,7.43200000001,0.0186195107228,0
newt_re1_n256,7.44000000001,0.0186195107228,0
newt_re1_n256,7.44800000001,0.0186195107228,0
newt_re1_n256,7.45600000001,0.0186195107228,0
newt_re1_n256,7.46400000001,0.0186195107228,0
newt_re1_n256,7.47200000001,0.0186195107228,0
newt_re1_n256,7.48000000001,0.0186195107228,0
newt_re1_n256,7.48800000001,0.0186195107228,0
newt_re1_n256,7.49600000001,0.0186195107228,0
newt_re1_n256,7.50400000001,0.0186195107228,0
newt_re1_n256,7.51200000001,0.0186195107228,0
newt_re1_n256,7.52000000001,0.0186195107228,0
newt_re1_n256,7.52800000001,0.0186195107228,0
newt_re1_n256,7.53600000001,0.0186195107228,0
newt_re1_n256,7.54400000001,0.0186195107228,0
newt_re1_n256,7.55200000001,0.0186195107228,0
newt_re1_n256,7.56000000001,0.0186195107228,0
newt_re1_n256,7.56800000001,0.0186195107228,0
newt_re1_n256,7.57600000001,0.0186195107228,0
newt_re1_n256,7.58400000001,0.0186195107228,0
newt_re1_n256,7.59200000001,0.0186195107228,0
newt_re1_n256,7.60000000001,0.0186195107228,0
newt_re1_n256,7.60800000001,0.0186195107228,0
newt_re1_n256,7.61600000001,0.0186195107228,0
newt_re1_n256,7.62400000001,0.0186195107228,0
newt_re1_n256,7.63200000001,0.0186195107228,0
newt_re1_n256,7.64000000001,0.0186195107228,0
newt_re1_n256,7.64800000001,0.0186195107228,0
newt_re1_n256,7.65600000001,0.0186195107228,0
newt_re1_n256,7.66400000001,0.0186195107228,0
newt_re1_n256,7.67200000001,0.0186195107228,0
newt_re1_n256,7.68000000001,0.0186195107228,0
newt_re1_n256,7.68800000001,0.0186195107228,0
newt_re1_n256,7.69600000001,0.0186195107228,0
newt_re1_n256,7.70400000001,0.0186195107228,0
newt_re1_n256,7.71200000001,0.0186195107228,0
newt_re1_n256,7.72000000001,0.0186195107228,0
newt_re1_n256,7.72800000001,0.0186195107228,0
newt_re1_n256,7.73600000001,0.0186195107228,0
newt_re1_n256,7.74400000001,0.0186195107228,0
newt_re1_n256,7.75200000001,0.0186195107228,0
newt_re1_n256,7.76000000001,0.0186195107228,0
newt_re1_n256,7.76800000001,0.0186195107228,0
newt_re1_n256,7.77600000001,0.0186195107228,0
newt_re1_n256,7.78400000001,0.0186195107228,0
newt_re1_n256,7.79200000001,0.0186195107228,0
newt_re1_n256,7.80000000001,0.0186195107228,0
newt_re1_n256,7.80800000001,0.0186195107228,0
newt_re1_n256,7.81600000001,0.0186195107228,0
newt_re1_n256,7.82400000001,0.0186195107228,0
newt_re1_n256,7.83200000001,0.0186195107228,0
newt_re1_n256,7.84000000001,0.0186195107228,0
newt_re1_n256,7.84800000001,0.0186195107228,0
newt_re1_n256,7.85600000001,0.0186195107228,0
newt_re1_n256,7.86400000001,0.0186195107228,0
newt_re1_n256,7.87200000001,0.0186195107228,0
newt_re1_n256,7.88000000001,0.0186195107228,0
newt_re1_n256,7.88800000001,0.0186195107228,0
newt_re1_n256,7.89600000001,0.0186195107228,0
newt_re1_n256,7.90400000001,0.0186195107228,0
newt_re1_n256,7.91200000001,0.0186195107228,0
newt_re1_n256,7.92000000001,0.0186195107228,0
newt_re1_n256,7.92800000001,0.0186195107228,0
newt_re1_n256,7.93600000001,0.0186195107228,0
newt_re1_n256,7.94400000001,0.0186195107228,0
newt_re1_n256,7.95200000001,0.0186195107228,0
newt_re1_n256,7.96000000001,0.0186195107228,0
newt_re1_n256,7.96800000001,0.0186195107228,0
newt_re1_n256,7.97600000001,0.0186195107228,0
newt_re1_n256,7.98400000001,0.0186195107228,0
newt_re1_n256,7.99200000001,0.0186195107228,0
newt_re1_n256,8.00000000001,0.0186195107228,0
newt_re1_n256,8.00800000001,0.0186195107228,0
newt_re1_n256,8.01600000001,0.0186195107228,0
newt_re1_n256,8.02400000001,0.0186195107228,0
newt_re1_n256,8.03200000001,0.0186195107228,0
newt_re1_n256,8.04000000001,0.0186195107228,0
newt_re1_n256,8.04800000001,0.0186195107228,0
newt_re1_n256,8.05600000001,0.0186195107228,0
newt_re1_n256,8.06400000001,0.0186195107228,0
newt_re1_n256,8.07200000001,0.0186195107228,0
newt_re1_n256,8.08000000001,0.0186195107228,0
newt_re1_n256,8.08800000001,0.0186195107228,0
newt_re1_n256,8.09600000001,0.0186195107228,0
newt_re1_n256,8.10400000001,0.0186195107228,0
newt_re1_n256,8.11200000001,0.0186195107228,0
newt_re1_n256,8.12000000001,0.0186195107228,0
newt_re1_n256,8.12800000001,0.0186195107228,0
newt_re1_n256,8.13600000001,0.0186195107228,0
newt_re1_n256,8.14400000001,0.0186195107228,0
newt_re1_n256,8.15200000001,0.0186195107228,0
newt_re1_n256,8.16000000001,0.0186195107228,0
newt_re1_n256,8.16800000001,0.0186195107228,0
newt_re1_n256,8.17600000001,0.0186195107228,0
newt_re1_n256,8.18400000001,0.0186195107228,0
newt_re1_n256,8.19200000001,0.0186195107228,0
newt_re1_n256,8.20000000001,0.0186195107228,0
newt_re1_n256,8.20800000001,0.0186195107228,0
newt_re1_n256,8.21600000001,0.0186195107228,0
newt_re1_n256,8.22400000001,0.0186195107228,0
newt_re1_n256,8.23200000001,0.0186195107228,0
newt_re1_n256,8.24000000001,0.0186195107228,0
newt_re1_n256,8.24800000001,0.0186195107228,0
newt_re1_n256,8.25600000001,0.0186195107228,0
newt_re1_n256,8.26400000001,0.0186195107228,0
newt_re1_n256,8.27200000001,0.0186195107228,0
newt_re1_n256,8.28000000001,0.0186195107228,0
newt_re1_n256,8.28800000001,0.0186195107228,0
newt_re1_n256,8.29600000001,0.0186195107228,0
newt_re1_n256,8.30400000001,0.0186195107228,0
newt_re1_n256,8.31200000001,0.0186195107228,0
newt_re1_n256,8.32000000001,0.0186195107228,0
newt_re1_n256,8.32800000001,0.0186195107228,0
newt_re1_n256,8.33600000001,0.0186195107228,0
newt_re1_n256,8.34400000001,0.0186195107228,0
newt_re1_n256,8.35200000001,0.0186195107228,0
newt_re1_n256,8.36000000001,0.0186195107228,0
newt_re1_n256,8.36800000001,0.0186195107228,0
newt_re1_n256,8.37600000001,0.0186195107228,0
newt_re1_n256,8.38400000001,0.0186195107228,0
newt_re1_n256,8.39200000001,0.0186195107228,0
newt_re1_n256,8.40000000001,0.0186195107228,0
newt_re1_n256,8.40800000001,0.0186195107228,0
newt_re1_n256,8.41600000001,0.0186195107228,0
newt_re1_n256,8.42400000001,0.0186195107228,0
newt_re1_n256,8.43200000001,0.0186195107228,0
newt_re1_n256,8.44000000001,0.0186195107228,0
newt_re1_n256,8.44800000001,0.0186195107228,0
newt_re1_n256,8.45600000001,0.0186195107228,0
newt_re1_n256,8.46400000001,0.0186195107228,0
newt_re1_n256,8.47200000001,0.0186195107228,0
newt_re1_n256,8.48000000001,0.0186195107228,0
newt_re1_n256,8.48800000001,0.0186195107228,0
newt_re1_n256,8.49600000001,0.0186195107228,0
newt_re1_n256,8.50400000001,0.0186195107228,0
newt_re1_n256,8.51200000001,0.0186195107228,0
newt_re1_n256,8.52000000001,0.0186195107228,0
newt_re1_n256,8.52800000001,0.0186195107228,0
newt_re1_n256,8.53600000001,0.0186195107228,0
newt_re1_n256,8.54400000001,0.0186195107228,0
newt_re1_n256,8.55200000001,0.0186195107228,0
newt_re1_n256,8.56000000001,0.0186195107228,0
newt_re1_n256,8.56800000001,0.0186195107228,0
newt_re1_n256,8.57600000001,0.0186195107228,0
newt_re1_n256,8.58400000001,0.0186195107228,0
newt_re1_n256,8.59200000001,0.0186195107228,0
newt_re1_n256,8.60000000001,0.0186195107228,0
newt_re1_n256,8.60800000001,0.0186195107228,0
newt_re1_n256,8.61600000001,0.0186195107228,0
newt_re1_n256,8.62400000001,0.0186195107228,0
newt_re1_n256,8.63200000001,0.0186195107228,0
newt_re1_n256,8.64000000001,0.0186195107228,0
newt_re1_n256,8.64800000001,0.0186195107228,0
newt_re1_n256,8.65600000001,0.0186195107228,0
newt_re1_n256,8.66400000001,0.0186195107228,0
newt_re1_n256,8.67200000001,0.0186195107228,0
newt_re1_n256,8.68000000001,0.0186195107228,0
newt_re1_n256,8.68800000001,0.0186195107228,0
newt_re1_n256,8.69600000001,0.0186195107228,0
newt_re1_n256,8.70400000001,0.0186195107228,0
newt_re1_n256,8.71200000001,0.0186195107228,0
newt_re1_n256,8.72000000001,0.0186195107228,0
newt_re1_n256,8.72800000001,0.0186195107228,0
newt_re1_n256,8.73600000001,0.0186195107228,0
newt_re1_n256,8.74400000001,0.0186195107228,0
newt_re1_n256,8.75200000001,0.0186195107228,0
newt_re1_n256,8.76000000001,0.0186195107228,0
newt_re1_n256,8.76800000001,0.0186195107228,0
newt_re1_n256,8.77600000001,0.0186195107228,0
newt_re1_n256,8.78400000001,0.0186195107228,0
newt_re1_n256,8.79200000001,0.0186195107228,0
newt_re1_n256,8.80000000001,0.0186195107228,0
newt_re1_n256,8.80800000001,0.0186195107228,0
newt_re1_n256,8.81600000001,0.0186195107228,0
newt_re1_n256,8.82400000001,0.0186195107228,0
newt_re1_n256,8.83200000001,0.0186195107228,0
newt_re1_n256,8.84000000001,0.0186195107228,0
newt_re1_n256,8.84800000001,0.0186195107228,0
newt_re1_n256,8.85600000001,0.0186195107228,0
newt_re1_n256,8.86400000001,0.0186195107228,0
newt_re1_n256,8.87200000001,0.0186195107228,0
newt_re1_n256,8.88000000001,0.0186195107228,0
newt_re1_n256,8.88800000001,0.0186195107228,0
newt_re1_n256,8.89600000001,0.0186195107228,0
newt_re1_n256,8.90400000001,0.0186195107228,0
newt_re1_n256,8.91200000001,0.0186195107228,0
newt_re1_n256,8.92000000001,0.0186195107228,0
newt_re1_n256,8.92800000001,0.0186195107228,0
newt_re1_n256,8.93600000001,0.0186195107228,0
newt_re1_n256,8.94400000001,0.0186195107228,0
newt_re1_n256,8.95200000001,0.0186195107228,0
newt_re1_n256,8.96000000001,0.0186195107228,0
newt_re1_n256,8.96800000001,0.0186195107228,0
newt_re1_n256,8.97600000001,0.0186195107228,0
newt_re1_n256,8.98400000001,0.0186195107228,0
newt_re1_n256,8.99200000001,0.0186195107228,0
newt_re1_n256,9.00000000001,0.0186195107228,0
newt_re1_n256,9.00800000001,0.0186195107228,0
newt_re1_n256,9.01600000001,0.0186195107228,0
newt_re1_n256,9.02400000001,0.0186195107228,0
newt_re1_n256,9.03200000001,0.0186195107228,0
newt_re1_n256,9.04000000001,0.0186195107228,0
newt_re1_n256,9.04800000001,0.0186195107228,0
newt_re1_n256,9.05600000001,0.0186195107228,0
newt_re1_n256,9.06400000001,0.0186195107228,0
newt_re1_n256,9.07200000001,0.0186195107228,0
newt_re1_n256,9.08000000001,0.0186195107228,0
newt_re1_n256,9.08800000001,0.0186195107228,0
newt_re1_n256,9.09600000001,0.0186195107228,0
newt_re1_n256,9.10400000001,0.0186195107228,0
newt_re1_n256,9.11200000001,0.0186195107228,0
newt_re1_n256,9.12000000001,0.0186195107228,0
newt_re1_n256,9.12800000001,0.0186195107228,0
newt_re1_n256,9.13600000001,0.0186195107228,0
newt_re1_n256,9.14400000001,0.0186195107228,0
newt_re1_n256,9.15200000001,0.0186195107228,0
newt_re1_n256,9.16000000001,0.0186195107228,0
newt_re1_n256,9.16800000001,0.0186195107228,0
newt_re1_n256,9.17600000001,0.0186195107228,0
newt_re1_n256,9.18400000001,0.0186195107228,0
newt_re1_n256,9.19200000001,0.0186195107228,0
newt_re1_n256,9.20000000001,0.0186195107228,0
newt_re1_n256,9.20800000001,0.0186195107228,0
newt_re1_n256,9.21600000001,0.0186195107228,0
newt_re1_n256,9.22400000001,0.0186195107228,0
newt_re1_n256,9.23200000001,0.0186195107228,0
newt_re1_n256,9.24000000001,0.0186195107228,0
newt_re1_n256,9.24800000001,0.0186195107228,0
newt_re1_n256,9.25600000001,0.0186195107228,0
newt_re1_n256,9.26400000001,0.0186195107228,0
newt_re1_n256,9.27200000001,0.0186195107228,0
newt_re1_n256,9.28000000001,0.0186195107228,0
newt_re1_n256,9.28800000001,0.0186195107228,0
newt_re1_n256,9.29600000001,0.0186195107228,0
newt_re1_n256,9.304,0.0186195107228,0
newt_re1_n256,9.312,0.0186195107228,0
newt_re1_n256,9.32,0.0186195107228,0
newt_re1_n256,9.328,0.0186195107228,0
newt_re1_n256,9.336,0.0186195107228,0
newt_re1_n256,9.344,0.0186195107228,0
newt_re1_n256,9.352,0.0186195107228,0
newt_re1_n256,9.36,0.0186195107228,0
newt_re1_n256,9.368,0.0186195107228,0
newt_re1_n256,9.376,0.0186195107228,0
newt_re1_n256,9.384,0.0186195107228,0
newt_re1_n256,9.392,0.0186195107228,0
newt_re1_n256,9.4,0.0186195107228,0
newt_re1_n256,9.408,0.0186195107228,0
newt_re1_n256,9.416,0.0186195107228,0
newt_re1_n256,9.424,0.0186195107228,0
newt_re1_n256,9.432,0.0186195107228,0
newt_re1_n256,9.44,0.0186195107228,0
newt_re1_n256,9.448,0.0186195107228,0
newt_re1_n256,9.456,0.0186195107228,0
newt_re1_n256,9.464,0.0186195107228,0
newt_re1_n256,9.472,0.0186195107228,0
newt_re1_n256,9.48,0.0186195107228,0
newt_re1_n256,9.488,0.0186195107228,0
newt_re1_n256,9.496,0.0186195107228,0
newt_re1_n256,9.504,0.0186195107228,0
newt_re1_n256,9.512,0.0186195107228,0
newt_re1_n256,9.52,0.0186195107228,0
newt_re1_n256,9.528,0.0186195107228,0
newt_re1_n256,9.536,0.0186195107228,0
newt_re1_n256,9.544,0.0186195107228,0
newt_re1_n256,9.552,0.0186195107228,0
newt_re1_n256,9.56,0.0186195107228,0
newt_re1_n256,9.568,0.0186195107228,0
newt_re1_n256,9.576,0.0186195107228,0
newt_re1_n256,9.584,0.0186195107228,0
newt_re1_n256,9.592,0.0186195107228,0
newt_re1_n256,9.6,0.0186195107228,0
newt_re1_n256,9.608,0.0186195107228,0
newt_re1_n256,9.616,0.0186195107228,0
newt_re1_n256,9.624,0.0186195107228,0
newt_re1_n256,9.632,0.0186195107228,0
newt_re1_n256,9.64,0.0186195107228,0
newt_re1_n256,9.648,0.0186195107228,0
newt_re1_n256,9.656,0.0186195107228,0
newt_re1_n256,9.664,0.0186195107228,0
newt_re1_n256,9.672,0.0186195107228,0
newt_re1_n256,9.68,0.0186195107228,0
newt_re1_n256,9.688,0.0186195107228,0
newt_re1_n256,9.696,0.0186195107228,0
newt_re1_n256,9.704,0.0186195107228,0
newt_re1_n256,9.712,0.0186195107228,0
newt_re1_n256,9.72,0.0186195107228,0
newt_re1_n256,9.728,0.0186195107228,0
newt_re1_n256,9.736,0.0186195107228,0
newt_re1_n256,9.744,0.0186195107228,0
newt_re1_n256,9.752,0.0186195107228,0
newt_re1_n256,9.76,0.0186195107228,0
newt_re1_n256,9.768,0.0186195107228,0
newt_re1_n256,9.776,0.0186195107228,0
newt_re1_n256,9.784,0.0186195107228,0
newt_re1_n256,9.792,0.0186195107228,0
newt_re1_n256,9.8,0.0186195107228,0
newt_re1_n256,9.808,0.0186195107228,0
newt_re1_n256,9.816,0.0186195107228,0
newt_re1_n256,9.824,0.0186195107228,0
newt_re1_n256,9.832,0.0186195107228,0
newt_re1_n256,9.84,0.0186195107228,0
newt_re1_n256,9.848,0.0186195107228,0
newt_re1_n256,9.856,0.0186195107228,0
newt_re1_n256,9.864,0.0186195107228,0
newt_re1_n256,9.872,0.0186195107228,0
newt_re1_n256,9.88,0.0186195107228,0
newt_re1_n256,9.888,0.0186195107228,0
newt_re1_n256,9.896,0.0186195107228,0
newt_re1_n256,9.904,0.0186195107228,0
newt_re1_n256,9.912,0.0186195107228,0
newt_re1_n256,9.92,0.0186195107228,0
newt_re1_n256,9.928,0.0186195107228,0
newt_re1_n256,9.936,0.0186195107228,0
newt_re1_n256,9.944,0.0186195107228,0
newt_re1_n256,9.952,0.0186195107228,0
newt_re1_n256,9.96,0.0186195107228,0
newt_re1_n256,9.968,0.0186195107228,0
newt_re1_n256,9.976,0.0186195107228,0
newt_re1_n256,9.984,0.0186195107228,0
newt_re1_n256,9.992,0.0186195107228,0
newt_re1_n256,10,0.0186195107228,0
ve_re1_n64,0,0,0
ve_re1_n64,0.008,1.06239097814e-09,2.168513825e-11
ve_re1_n64,0.016,1.80410489879e-09,8.35146225585e-11
ve_re1_n64,0.024,2.63547614065e-09,1.97312085385e-10
ve_re1_n64,0.032,3.64222748613e-09,3.8188096389e-10
ve_re1_n64,0.04,4.89868415152e-09,6.62469441662e-10
ve_re1_n64,0.048,6.48981870603e-09,1.0724114901e-09
ve_re1_n64,0.056,8.52060674734e-09,1.65546973692e-09
ve_re1_n64,0.064,1.11241164348e-08,2.46892571986e-09
ve_re1_n64,0.072,1.44706883136e-08,3.58759917971e-09
ve_re1_n64,0.08,1.87792811839e-08,5.10905573163e-09
ve_re1_n64,0.088,2.43318785883e-08,7.1603448015e-09
ve_re1_n64,0.096,3.14919492794e-08,9.90671089707e-09
ve_re1_n64,0.104,4.07281798201e-08,1.35628505936e-08
ve_re1_n64,0.112,5.26450199731e-08,1.84074532235e-08
ve_re1_n64,0.12,6.80220083425e-08,2.48019757563e-08
ve_re1_n64,0.128,8.78643979226e-08,3.32148760003e-08
ve_re1_n64,0.136,1.13468309948e-07,4.42528787517e-08
ve_re1_n64,0.144,1.46504550631e-07,5.87013000053e-08
ve_re1_n64,0.152,1.89126381137e-07,7.75760313684e-08
ve_re1_n64,0.16,2.44108001801e-07,1.02190525774e-07
ve_re1_n64,0.168,3.15022378635e-07,1.34242071031e-07
ve_re1_n64,0.176,4.06469404157e-07,1.75922844557e-07
ve_re1_n64,0.184,5.24368368897e-07,2.30062782184e-07
ve_re1_n64,0.192,6.76332474536e-07,3.00313252633e-07
ve_re1_n64,0.2,8.72147824401e-07,3.91383017626e-07
ve_re1_n64,0.208,1.12438519517e-06,5.09341109452e-07
ve_re1_n64,0.216,1.44918017277e-06,6.620052405e-07
ve_re1_n64,0.224,1.86722620697e-06,8.59439374603e-07
ve_re1_n64,0.232,2.40503611165e-06,1.11459038219e-06
ve_re1_n64,0.24,3.09654083402e-06,1.44410156215e-06
ve_re1_n64,0.248,3.98511024944e-06,1.86935058323e-06
ve_re1_n64,0.256,5.12609956836e-06,2.41777147067e-06
ve_re1_n64,0.264,6.59004681228e-06,3.12453507891e-06
ve_re1_n64,0.272,8.4666716533e-06,4.03468052271e-06
ve_re1_n64,0.28,1.08698532875e-05,5.20581177521e-06
ve_re1_n64,0.288,1.39437939394e-05,6.71149953442e-06
ve_re1_n64,0.296,1.78706032643e-05,8.64555886938e-06
ve_re1_n64,0.304,2.28795643676e-05,1.11274082419e-05
ve_re1_n64,0.312,2.9258359828e-05,1.43087550756e-05
ve_re1_n64,0.32,3.73665394183e-05,1.83818963861e-05
ve_re1_n64,0.328,4.7651490991e-05,2.35899685636e-05
ve_re1_n64,0.336,6.06671201636e-05,3.023952555e-05
ve_re1_n64,0.344,7.70953377794e-05,3.87158651974e-05
ve_re1_n64,0.352,9.77702786242e-05,4.9501553386e-05
ve_re1_n64,0.36,0.000123704910868,6.31986061092e-05
ve_re1_n64,0.368,0.000156119324204,8.05547700519e-05
ve_re1_n64,0.376,0.000196469491472,0.000102494278382
ve_re1_n64,0.384,0.000246474680468,0.000130153334845
ve_re1_n64,0.392,0.000308140965504,0.0001649203785
ve_re1_n64,0.4,0.000383777497165,0.000208480887916
ve_re1_n64,0.408,0.000476001417342,0.000262866085035
ve_re1_n64,0.416,0.000587726684507,0.000330504394203
ve_re1_n64,0.424,0.000722131776717,0.000414273910307
ve_re1_n64,0.432,0.000882601475109,0.000517553458829
ve_re1_n64,0.44,0.0010726389092,0.000644269169422
ve_re1_n64,0.448,0.00129574593582,0.000798932861138
ve_re1_n64,0.456,0.00155527277937,0.000986668113038
ve_re1_n64,0.464,0.00185424156819,0.001213219757
ve_re1_n64,0.472,0.00219515260924,0.00148494273404
ve_re1_n64,0.48,0.00257978639286,0.00180876706798
ve_re1_n64,0.488,0.00300901764949,0.00219213677554
ve_re1_n64,0.496,0.00348265950801,0.00264292226788
ve_re1_n64,0.504,0.00399935530423,0.00316930770613
ve_re1_n64,0.512,0.00455653255684,0.00377965700386
ve_re1_n64,0.52,0.00515042818773,0.00448236353241
ve_re1_n64,0.528,0.00577618697733,0.00528569085866
ve_re1_n64,0.536,0.00642802755501,0.00619761221242
ve_re1_n64,0.544,0.00709946300656,0.0072256558148
ve_re1_n64,0.552,0.0077835580181,0.00837676556426
ve_re1_n64,0.56,0.00847320141302,0.00965718002001
ve_re1_n64,0.568,0.00916137303723,0.0110723376634
ve_re1_n64,0.576,0.0098413863759,0.0126268078688
ve_re1_n64,0.584,0.0105070924559,0.014324250621
ve_re1_n64,0.592,0.0111530363357,0.0161674031083
ve_re1_n64,0.6,0.0117745617579,0.018158088819
ve_re1_n64,0.608,0.0123678662332,0.0202972511193
ve_re1_n64,0.616,0.0129300104149,0.0225849983706
ve_re1_n64,0.624,0.0134588898819,0.0250206689819
ve_re1_n64,0.632,0.0139531774851,0.027602895343
ve_re1_n64,0.64,0.0144122455574,0.0303296876844
ve_re1_n64,0.648,0.0148360752573,0.0331985022334
ve_re1_n64,0.656,0.0152251612689,0.0362063257309
ve_re1_n64,0.664,0.0155804168429,0.0393497458914
ve_re1_n64,0.672,0.0159030828568,0.0426250231543
ve_re1_n64,0.68,0.0161946453838,0.0460281626361
ve_re1_n64,0.688,0.0164567615734,0.0495549586543
ve_re1_n64,0.696,0.0166911966012,0.053201063539
ve_re1_n64,0.704,0.0168997700651,0.0569620328924
ve_re1_n64,0.712,0.0170843116947,0.0608333563115
ve_re1_n64,0.72,0.0172466278314,0.0648105152479
ve_re1_n64,0.728,0.0173884743521,0.0688890032389
ve_re1_n64,0.736,0.0175115359177,0.0730643416979
ve_re1_n64,0.744,0.0176174132272,0.0773321230712
ve_re1_n64,0.752,0.0177076144748,0.0816880348656
ve_re1_n64,0.76,0.0177835494925,0.086127858886
ve_re1_n64,0.768,0.0178465271313,0.0906474765635
ve_re1_n64,0.776,0.017897757916,0.0952429120718
ve_re1_n64,0.784,0.017938355665,0.099910320812
ve_re1_n64,0.792,0.0179693404614,0.104645998917
ve_re1_n64,0.8,0.0179916423216,0.109446356903
ve_re1_n64,0.808,0.0180061080287,0.114307968277
ve_re1_n64,0.816,0.0180135077314,0.119227557529
ve_re1_n64,0.824,0.0180145393428,0.124201995863
ve_re1_n64,0.832,0.0180098340465,0.12922829554
ve_re1_n64,0.84,0.0179999606603,0.134303586817
ve_re1_n64,0.848,0.0179854323227,0.139425161071
ve_re1_n64,0.856,0.0179667127197,0.144590469167
ve_re1_n64,0.864,0.0179442201225,0.149797089341
ve_re1_n64,0.872,0.0179183310662,0.155042741688
ve_re1_n64,0.88,0.0178893841282,0.160325271301
ve_re1_n64,0.888,0.0178576833805,0.165642628173
ve_re1_n64,0.896,0.0178235022901,0.170992884802
ve_re1_n64,0.904,0.017787088466,0.176374265788
ve_re1_n64,0.912,0.0177486662103,0.18178508242
ve_re1_n64,0.92,0.0177084377576,0.187223780473
ve_re1_n64,0.928,0.0176665861666,0.192688912298
ve_re1_n64,0.936,0.0176232765816,0.198179121528
ve_re1_n64,0.944,0.0175786583712,0.203693149005
ve_re1_n64,0.952,0.0175328660447,0.209229784646
ve_re1_n64,0.96,0.0174860217134,0.214787920738
ve_re1_n64,0.968,0.0174382379098,0.220366540559
ve_re1_n64,0.976,0.017389617246,0.225964682617
ve_re1_n64,0.984,0.0173402530033,0.231581486322
ve_re1_n64,0.992,0.0172902305685,0.237216157209
ve_re1_n64,1,0.0172396282409,0.242867943381
ve_re1_n64,1.008,0.0171885174418,0.248536184773
ve_re1_n64,1.016,0.0171369641479,0.254220272444
ve_re1_n64,1.024,0.0170850287773,0.259919611052
ve_re1_n64,1.032,0.0170327666303,0.265633579957
ve_re1_n64,1.04,0.0169802298474,0.271361616106
ve_re1_n64,1.048,0.0169274668667,0.27710323598
ve_re1_n64,1.056,0.0168745221414,0.282857989821
ve_re1_n64,1.064,0.0168214370121,0.288625463328
ve_re1_n64,1.072,0.0167682503208,0.29440529816
ve_re1_n64,1.08,0.0167149984826,0.300197144868
ve_re1_n64,1.088,0.0166617152322,0.306000712513
ve_re1_n64,1.096,0.0166084320451,0.31181574539
ve_re1_n64,1.104,0.0165551785195,0.317642011926
ve_re1_n64,1.112,0.0165019831962,0.323479325037
ve_re1_n64,1.12,0.0164488729856,0.329327390664
ve_re1_n64,1.128,0.0163958720935,0.335185852331
ve_re1_n64,1.136,0.0163430038016,0.341054365546
ve_re1_n64,1.144,0.0162902900669,0.346932717559
ve_re1_n64,1.152,0.0162377510598,0.35282064929
ve_re1_n64,1.16,0.0161854058875,0.358718000067
ve_re1_n64,1.168,0.0161332730603,0.364624643625
ve_re1_n64,1.176,0.0160813703758,0.370540391689
ve_re1_n64,1.184,0.0160297143722,0.37646505628
ve_re1_n64,1.192,0.0159783203458,0.382398515638
ve_re1_n64,1.2,0.0159272022661,0.388340625746
ve_re1_n64,1.208,0.0158763735218,0.3942911889
ve_re1_n64,1.216,0.0158258470301,0.400249966343
ve_re1_n64,1.224,0.0157756349702,0.406216703563
ve_re1_n64,1.232,0.0157257484802,0.412191180471
ve_re1_n64,1.24,0.0156761980917,0.418173109408
ve_re1_n64,1.248,0.0156269938194,0.424162199677
ve_re1_n64,1.256,0.0155781438219,0.430157884155
ve_re1_n64,1.264,0.015529655875,0.436159767383
ve_re1_n64,1.272,0.0154815376527,0.44216765324
ve_re1_n64,1.28,0.0154337963758,0.448181262723
ve_re1_n64,1.288,0.0153864389349,0.454200369248
ve_re1_n64,1.296,0.0153394722684,0.460224770678
ve_re1_n64,1.304,0.0152929034785,0.466254264293
ve_re1_n64,1.312,0.0152467383507,0.472288613016
ve_re1_n64,1.32,0.015200981922,0.478327662493
ve_re1_n64,1.328,0.0151556388265,0.484371254784
ve_re1_n64,1.336,0.0151107133842,0.490419190665
ve_re1_n64,1.344,0.0150662098403,0.496471143369
ve_re1_n64,1.352,0.0150221319697,0.502526808352
ve_re1_n64,1.36,0.0149784829639,0.5085859147
ve_re1_n64,1.368,0.014935266054,0.514648103532
ve_re1_n64,1.376,0.0148924839657,0.520713109838
ve_re1_n64,1.384,0.0148501389108,0.526780637894
ve_re1_n64,1.392,0.0148082327932,0.532850327318
ve_re1_n64,1.4,0.0147667674845,0.538921766406
ve_re1_n64,1.408,0.0147257441482,0.544994535664
ve_re1_n64,1.416,0.0146851634174,0.551068219026
ve_re1_n64,1.424,0.0146450252445,0.55714197666
ve_re1_n64,1.432,0.0146053290503,0.563215156951
ve_re1_n64,1.44,0.0145660747143,0.56928732179
ve_re1_n64,1.448,0.0145272622355,0.575358027214
ve_re1_n64,1.456,0.0144888914395,0.581426763524
ve_re1_n64,1.464,0.0144509619871,0.587493175167
ve_re1_n64,1.472,0.0144134732254,0.593556958995
ve_re1_n64,1.48,0.0143764241101,0.599617853077
ve_re1_n64,1.488,0.0143398134536,0.605675548049
ve_re1_n64,1.496,0.0143036398804,0.611729743903
ve_re1_n64,1.504,0.0142679016128,0.617780268986
ve_re1_n64,1.512,0.0142325969505,0.623826891396
ve_re1_n64,1.52,0.0141977242664,0.629869330828
ve_re1_n64,1.528,0.0141632825474,0.635907410365
ve_re1_n64,1.536,0.014129270265,0.641940813767
ve_re1_n64,1.544,0.0140956854116,0.647969195387
ve_re1_n64,1.552,0.0140625254906,0.65399231955
ve_re1_n64,1.56,0.0140297876199,0.660009971293
ve_re1_n64,1.568,0.0139974688278,0.666021940369
ve_re1_n64,1.576,0.0139655661601,0.672027930721
ve_re1_n64,1.584,0.0139340766506,0.678027672816
ve_re1_n64,1.592,0.0139029976646,0.684020780191
ve_re1_n64,1.6,0.0138723264421,0.690006911442
ve_re1_n64,1.608,0.0138420599388,0.695985787383
ve_re1_n64,1.616,0.0138121950091,0.701957124707
ve_re1_n64,1.624,0.0137827282311,0.707920640706
ve_re1_n64,1.632,0.0137536560105,0.713875984746
ve_re1_n64,1.64,0.0137249747059,0.719822770382
ve_re1_n64,1.648,0.0136966807251,0.72576052524
ve_re1_n64,1.656,0.0136687702007,0.731688557684
ve_re1_n64,1.664,0.0136412392575,0.737605958839
ve_re1_n64,1.672,0.0136140847495,0.743511820111
ve_re1_n64,1.68,0.0135873035094,0.749405490241
ve_re1_n64,1.688,0.0135608913949,0.755286702661
ve_re1_n64,1.696,0.0135348440723,0.761155191642
ve_re1_n64,1.704,0.0135091577083,0.767010703324
ve_re1_n64,1.712,0.0134838286305,0.772852891664
ve_re1_n64,1.72,0.0134588531279,0.778681513057
ve_re1_n64,1.728,0.0134342273114,0.784496368321
ve_re1_n64,1.736,0.0134099470957,0.790297194213
ve_re1_n64,1.744,0.0133860085674,0.796083684506
ve_re1_n64,1.752,0.0133624079779,0.801855581556
ve_re1_n64,1.76,0.0133391414759,0.807612645843
ve_re1_n64,1.768,0.0133162050706,0.813354686428
ve_re1_n64,1.776,0.013293594568,0.819081571434
ve_re1_n64,1.784,0.0132713058224,0.824793125417
ve_re1_n64,1.792,0.0132493348675,0.83048917297
ve_re1_n64,1.8,0.0132276775346,0.836169542104
ve_re1_n64,1.808,0.013206329759,0.841834037777
ve_re1_n64,1.816,0.0131852875573,0.847482551536
ve_re1_n64,1.824,0.0131645467598,0.853115011762
ve_re1_n64,1.832,0.0131441032264,0.858731312867
ve_re1_n64,1.84,0.013123953026,0.864331329027
ve_re1_n64,1.848,0.0131040926085,0.86991488418
ve_re1_n64,1.856,0.0130845178231,0.87548178042
ve_re1_n64,1.864,0.0130652244999,0.881031869713
ve_re1_n64,1.872,0.013046208776,0.886565018316
ve_re1_n64,1.88,0.0130274669126,0.892080757747
ve_re1_n64,1.888,0.0130089956531,0.897578148423
ve_re1_n64,1.896,0.0129907913638,0.903057095725
ve_re1_n64,1.904,0.012972850122,0.908517593381
ve_re1_n64,1.912,0.0129551679874,0.913959592585
ve_re1_n64,1.92,0.0129377411405,0.919383057149
ve_re1_n64,1.928,0.0129205656402,0.924787952449
ve_re1_n64,1.936,0.0129036377083,0.930174117307
ve_re1_n64,1.944,0.0128869536585,0.935541453957
ve_re1_n64,1.952,0.0128705097079,0.940889938868
ve_re1_n64,1.96,0.0128543019451,0.946219546654
ve_re1_n64,1.968,0.0128383264061,0.951530250534
ve_re1_n64,1.976,0.0128225793558,0.956821994034
ve_re1_n64,1.984,0.012807057006,0.962094718073
ve_re1_n64,1.992,0.0127917556916,0.967348253654
ve_re1_n64,2,0.0127766720586,0.97258215043
ve_re1_n64,2.008,0.0127618026813,0.977796346137
ve_re1_n64,2.016,0.0127471440826,0.982990814161
ve_re1_n64,2.024,0.0127326928656,0.988165488399
ve_re1_n64,2.032,0.0127184458223,0.993320148149
ve_re1_n64,2.04,0.0127043997083,0.998454444161
ve_re1_n64,2.048,0.0126905512822,1.00356829238
ve_re1_n64,2.056,0.0126768974336,1.00866166253
ve_re1_n64,2.064,0.0126634350043,1.01373451422
ve_re1_n64,2.072,0.0126501610118,1.01878665432
ve_re1_n64,2.08,0.0126370725279,1.02381794373
ve_re1_n64,2.088,0.0126241663167,1.02882835165
ve_re1_n64,2.096,0.0126114392248,1.03381782605
ve_re1_n64,2.104,0.0125988882496,1.03878632637
ve_re1_n64,2.112,0.012586510466,1.04373378733
ve_re1_n64,2.12,0.0125743030308,1.04866013551
ve_re1_n64,2.128,0.0125622632329,1.05356519661
ve_re1_n64,2.136,0.0125503883267,1.05844890229
ve_re1_n64,2.144,0.0125386755194,1.0633111997
ve_re1_n64,2.152,0.0125271221649,1.06815193293
ve_re1_n64,2.16,0.012515725584,1.07297098195
ve_re1_n64,2.168,0.0125044831915,1.07776835559
ve_re1_n64,2.176,0.0124933925585,1.08254402646
ve_re1_n64,2.184,0.0124824513644,1.08729800091
ve_re1_n64,2.192,0.0124716571864,1.09203032998
ve_re1_n64,2.2,0.0124610075788,1.09674103525
ve_re1_n64,2.208,0.012450500194,1.10143014379
ve_re1_n64,2.216,0.0124401326864,1.106097702
ve_re1_n64,2.224,0.0124299027427,1.11074371765
ve_re1_n64,2.232,0.0124198080325,1.11536816753
ve_re1_n64,2.24,0.0124098462956,1.11997101915
ve_re1_n64,2.248,0.0124000153047,1.12455229091
ve_re1_n64,2.256,0.0123903128905,1.12911198048
ve_re1_n64,2.264,0.0123807368257,1.13365012612
ve_re1_n64,2.272,0.012371284877,1.13816678036
ve_re1_n64,2.28,0.0123619548446,1.1426619991
ve_re1_n64,2.288,0.0123527445602,1.14713580877
ve_re1_n64,2.296,0.0123436523414,1.15158758082
ve_re1_n64,2.304,0.0123346763692,1.15601714496
ve_re1_n64,2.312,0.0123258144399,1.16042456725
ve_re1_n64,2.32,0.0123170645937,1.16480988339
ve_re1_n64,2.328,0.012308425064,1.1691730289
ve_re1_n64,2.336,0.0122998940457,1.17351409797
ve_re1_n64,2.344,0.0122914696943,1.17783319208
ve_re1_n64,2.352,0.0122831502163,1.18213042807
ve_re1_n64,2.36,0.012274933813,1.18640590395
ve_re1_n64,2.368,0.0122668188388,1.19065962829
ve_re1_n64,2.376,0.0122588036531,1.19489170417
ve_re1_n64,2.384,0.0122508865401,1.19910225695
ve_re1_n64,2.392,0.0122430657335,1.20329140823
ve_re1_n64,2.4,0.0122353394805,1.20745927404
ve_re1_n64,2.408,0.0122277060569,1.21160598006
ve_re1_n64,2.416,0.0122201637822,1.21573160955
ve_re1_n64,2.424,0.0122127109274,1.21983624419
ve_re1_n64,2.432,0.0122053458079,1.22391996562
ve_re1_n64,2.44,0.0121980667783,1.22798285572
ve_re1_n64,2.448,0.0121908723297,1.23202479301
ve_re1_n64,2.456,0.012183761113,1.23604570578
ve_re1_n64,2.464,0.0121767317145,1.24004565456
ve_re1_n64,2.472,0.0121697827068,1.24402469812
ve_re1_n64,2.48,0.0121629126809,1.24798294218
ve_re1_n64,2.488,0.0121561203088,1.25192048499
ve_re1_n64,2.496,0.0121494042187,1.25583742846
ve_re1_n64,2.504,0.0121427631177,1.25973382542
ve_re1_n64,2.512,0.0121361958337,1.26360974832
ve_re1_n64,2.52,0.0121297012333,1.26746528938
ve_re1_n64,2.528,0.0121232781024,1.27130053865
ve_re1_n64,2.536,0.0121169251754,1.27511551205
ve_re1_n64,2.544,0.0121106411916,1.27891025944
ve_re1_n64,2.552,0.0121044248919,1.28268487169
ve_re1_n64,2.56,0.0120982750512,1.28643943363
ve_re1_n64,2.568,0.0120921905109,1.29017401701
ve_re1_n64,2.576,0.0120861701503,1.29388870522
ve_re1_n64,2.584,0.0120802128842,1.29758355531
ve_re1_n64,2.592,0.0120743176488,1.30125862149
ve_re1_n64,2.6,0.0120684833754,1.30491395937
ve_re1_n64,2.608,0.0120627090465,1.30854960574
ve_re1_n64,2.616,0.0120569936552,1.31216562816
ve_re1_n64,2.624,0.0120513361783,1.31576207175
ve_re1_n64,2.632,0.0120457357731,1.3193388761
ve_re1_n64,2.64,0.0120401915846,1.32289609436
ve_re1_n64,2.648,0.0120347027437,1.32643379744
ve_re1_n64,2.656,0.012029268415,1.32995204124
ve_re1_n64,2.664,0.0120238877995,1.33345089822
ve_re1_n64,2.672,0.0120185601163,1.33693042929
ve_re1_n64,2.68,0.0120132844403,1.34039069616
ve_re1_n64,2.688,0.0120080599127,1.34383173045
ve_re1_n64,2.696,0.0120028857749,1.34725357151
ve_re1_n64,2.704,0.0119977612679,1.35065629769
ve_re1_n64,2.712,0.0119926856411,1.35403997972
ve_re1_n64,2.72,0.0119876581309,1.35740469378
ve_re1_n64,2.728,0.0119826779684,1.36075051415
ve_re1_n64,2.736,0.0119777443944,1.36407750334
ve_re1_n64,2.744,0.011972856708,1.36738571031
ve_re1_n64,2.752,0.011968014256,1.37067521037
ve_re1_n64,2.76,0.0119632163632,1.37394607567
ve_re1_n64,2.768,0.0119584623435,1.37719837082
ve_re1_n64,2.776,0.0119537515149,1.38043216105
ve_re1_n64,2.784,0.0119490832498,1.38364750119
ve_re1_n64,2.792,0.0119444569505,1.38684436445
ve_re1_n64,2.8,0.0119398720829,1.39002276802
ve_re1_n64,2.808,0.0119353281043,1.39318275467
ve_re1_n64,2.816,0.0119308244314,1.39632433248
ve_re1_n64,2.824,0.0119263605211,1.39944756033
ve_re1_n64,2.832,0.0119219358466,1.40255251061
ve_re1_n64,2.84,0.011917549946,1.40563925848
ve_re1_n64,2.848,0.0119132022982,1.4087078905
ve_re1_n64,2.856,0.0119088923548,1.41175848261
ve_re1_n64,2.864,0.0119046195898,1.41479109671
ve_re1_n64,2.872,0.0119003834892,1.41780580699
ve_re1_n64,2.88,0.0118961835626,1.42080268849
ve_re1_n64,2.888,0.0118920193331,1.42378182504
ve_re1_n64,2.896,0.0118878903267,1.42674328657
ve_re1_n64,2.904,0.0118837960832,1.42968714785
ve_re1_n64,2.912,0.0118797361397,1.43261349086
ve_re1_n64,2.92,0.0118757100214,1.43552239851
ve_re1_n64,2.928,0.0118717172869,1.43841394487
ve_re1_n64,2.936,0.01186775751,1.44128821328
ve_re1_n64,2.944,0.011863830242,1.44414528325
ve_re1_n64,2.952,0.0118599350545,1.44698520368
ve_re1_n64,2.96,0.0118560715526,1.44980799771
ve_re1_n64,2.968,0.0118522393537,1.45261372044
ve_re1_n64,2.976,0.0118484380579,1.4554024397
ve_re1_n64,2.984,0.0118446673133,1.45817422204
ve_re1_n64,2.992,0.0118409267996,1.46092914604
ve_re1_n64,3,0.0118372161679,1.46366728232
ve_re1_n64,3.008,0.0118335350704,1.46638869867
ve_re1_n64,3.016,0.0118298831292,1.46909348745
ve_re1_n64,3.024,0.0118262599727,1.47178169565
ve_re1_n64,3.032,0.0118226652477,1.47445337328
ve_re1_n64,3.04,0.0118190986138,1.47710860973
ve_re1_n64,3.048,0.0118155597412,1.47974749072
ve_re1_n64,3.056,0.0118120483164,1.48237010718
ve_re1_n64,3.064,0.0118085640482,1.48497654968
ve_re1_n64,3.072,0.0118051066386,1.48756690259
ve_re1_n64,3.08,0.0118016758284,1.49014119446
ve_re1_n64,3.088,0.0117982714497,1.4926993502
ve_re1_n64,3.096,0.0117948932947,1.49524144903
ve_re1_n64,3.104,0.0117915411117,1.49776758635
ve_re1_n64,3.112,0.0117882146492,1.50027784708
ve_re1_n64,3.12,0.0117849137066,1.50277228947
ve_re1_n64,3.128,0.0117816381133,1.50525098587
ve_re1_n64,3.136,0.0117783876612,1.50771401503
ve_re1_n64,3.144,0.011775162134,1.51016145307
ve_re1_n64,3.152,0.0117719613202,1.51259338601
ve_re1_n64,3.16,0.0117687849962,1.51500990509
ve_re1_n64,3.168,0.011765632953,1.51741110482
ve_re1_n64,3.176,0.0117625049874,1.51979706131
ve_re1_n64,3.184,0.0117594009037,1.52216786323
ve_re1_n64,3.192,0.0117563204961,1.52452361581
ve_re1_n64,3.2,0.0117532635411,1.52686442221
ve_re1_n64,3.208,0.0117502298257,1.52919037146
ve_re1_n64,3.216,0.0117472191148,1.53150156106
ve_re1_n64,3.224,0.0117442311869,1.53379808033
ve_re1_n64,3.232,0.0117412658993,1.53608002268
ve_re1_n64,3.24,0.0117383230924,1.53834748375
ve_re1_n64,3.248,0.0117354025711,1.54060055651
ve_re1_n64,3.256,0.0117325041159,1.5428393393
ve_re1_n64,3.264,0.011729627493,1.54506392642
ve_re1_n64,3.272,0.0117267724772,1.5472744153
ve_re1_n64,3.28,0.0117239388548,1.54947089527
ve_re1_n64,3.288,0.0117211264288,1.55165344699
ve_re1_n64,3.296,0.0117183350078,1.55382215625
ve_re1_n64,3.304,0.0117155643921,1.55597711948
ve_re1_n64,3.312,0.0117128143801,1.5581184272
ve_re1_n64,3.32,0.0117100847906,1.56024615199
ve_re1_n64,3.328,0.011707375465,1.56236037228
ve_re1_n64,3.336,0.0117046862526,1.56446116679
ve_re1_n64,3.344,0.0117020170119,1.56654860952
ve_re1_n64,3.352,0.0116993676065,1.56862278832
ve_re1_n64,3.36,0.0116967378876,1.57068380197
ve_re1_n64,3.368,0.0116941277042,1.57273173741
ve_re1_n64,3.376,0.0116915369026,1.57476668648
ve_re1_n64,3.384,0.01168896531,1.57678874403
ve_re1_n64,3.392,0.0116864127452,1.57879800017
ve_re1_n64,3.4,0.0116838790256,1.58079454437
ve_re1_n64,3.408,0.0116813639741,1.5827784695
ve_re1_n64,3.416,0.0116788674153,1.58474987069
ve_re1_n64,3.424,0.0116763891809,1.58670883455
ve_re1_n64,3.432,0.0116739291411,1.58865536197
ve_re1_n64,3.44,0.0116714871754,1.59058951079
ve_re1_n64,3.448,0.011669063125,1.5925113826
ve_re1_n64,3.456,0.0116666567993,1.59442108086
ve_re1_n64,3.464,0.0116642679842,1.59631870639
ve_re1_n64,3.472,0.0116618964699,1.59820435651
ve_re1_n64,3.48,0.0116595420422,1.60007813139
ve_re1_n64,3.488,0.0116572045023,1.60194012787
ve_re1_n64,3.496,0.0116548836612,1.60379045984
ve_re1_n64,3.504,0.0116525793549,1.60562924176
ve_re1_n64,3.512,0.0116502914086,1.60745658005
ve_re1_n64,3.52,0.0116480196275,1.6092725804
ve_re1_n64,3.528,0.0116457638167,1.61107733692
ve_re1_n64,3.536,0.0116435238032,1.61287093677
ve_re1_n64,3.544,0.0116412994279,1.61465346518
ve_re1_n64,3.552,0.0116390905246,1.61642501579
ve_re1_n64,3.56,0.0116368969322,1.61818567097
ve_re1_n64,3.568,0.0116347185065,1.61993553325
ve_re1_n64,3.576,0.0116325551065,1.62167470915
ve_re1_n64,3.584,0.0116304065658,1.62340329339
ve_re1_n64,3.592,0.0116282727135,1.62512137245
ve_re1_n64,3.6,0.0116261534106,1.62682900523
ve_re1_n64,3.608,0.0116240485122,1.62852627762
ve_re1_n64,3.616,0.0116219578528,1.63021328148
ve_re1_n64,3.624,0.0116198812512,1.6318901113
ve_re1_n64,3.632,0.0116178185208,1.63355686122
ve_re1_n64,3.64,0.0116157694724,1.63521361972
ve_re1_n64,3.648,0.0116137339263,1.63686046638
ve_re1_n64,3.656,0.011611711701,1.63849748827
ve_re1_n64,3.664,0.0116097026005,1.64012477888
ve_re1_n64,3.672,0.0116077064419,1.6417424293
ve_re1_n64,3.68,0.0116057230894,1.6433505288
ve_re1_n64,3.688,0.0116037523686,1.64494916192
ve_re1_n64,3.696,0.011601794098,1.64653840557
ve_re1_n64,3.704,0.0115998481037,1.64811834167
ve_re1_n64,3.712,0.0115979142054,1.64968905451
ve_re1_n64,3.72,0.0115959922124,1.65125062759
ve_re1_n64,3.728,0.0115940819377,1.65280314046
ve_re1_n64,3.736,0.0115921832187,1.65434667483
ve_re1_n64,3.744,0.011590295912,1.65588130527
ve_re1_n64,3.752,0.011588419869,1.65740710191
ve_re1_n64,3.76,0.0115865549498,1.65892413488
ve_re1_n64,3.768,0.0115847010231,1.66043247418
ve_re1_n64,3.776,0.011582857951,1.66193218621
ve_re1_n64,3.784,0.0115810256252,1.66342333204
ve_re1_n64,3.792,0.0115792039552,1.6649059769
ve_re1_n64,3.8,0.011577392842,1.66638019537
ve_re1_n64,3.808,0.0115755921813,1.66784605728
ve_re1_n64,3.816,0.0115738018659,1.6693036318
ve_re1_n64,3.824,0.0115720217856,1.67075298558
ve_re1_n64,3.832,0.0115702518194,1.67219418503
ve_re1_n64,3.84,0.0115684918445,1.67362729653
ve_re1_n64,3.848,0.0115667417509,1.6750523518
ve_re1_n64,3.856,0.0115650014749,1.6764693406
ve_re1_n64,3.864,0.0115632709388,1.67787833017
ve_re1_n64,3.872,0.0115615500413,1.67927939092
ve_re1_n64,3.88,0.0115598386744,1.6806725885
ve_re1_n64,3.888,0.0115581367281,1.68205799014
ve_re1_n64,3.896,0.0115564440949,1.68343565298
ve_re1_n64,3.904,0.011554760651,1.68480564763
ve_re1_n64,3.912,0.0115530862713,1.68616804237
ve_re1_n64,3.92,0.0115514208411,1.68752290166
ve_re1_n64,3.928,0.0115497642467,1.68887028764
ve_re1_n64,3.936,0.0115481163735,1.69021026268
ve_re1_n64,3.944,0.0115464771203,1.69154288226
ve_re1_n64,3.952,0.0115448463954,1.69286820636
ve_re1_n64,3.96,0.0115432241086,1.69418629689
ve_re1_n64,3.968,0.0115416101826,1.69549720993
ve_re1_n64,3.976,0.0115400045446,1.69680100351
ve_re1_n64,3.984,0.0115384071105,1.69809774045
ve_re1_n64,3.992,0.0115368177898,1.69938747685
ve_re1_n64,4,0.011535236495,1.70067026411
ve_re1_n64,4.008,0.0115336631459,1.70194615783
ve_re1_n64,4.016,0.0115320976598,1.70321521484
ve_re1_n64,4.024,0.0115305399552,1.70447749092
ve_re1_n64,4.032,0.0115289899528,1.70573304266
ve_re1_n64,4.04,0.0115274475906,1.70698191955
ve_re1_n64,4.048,0.0115259128005,1.70822417131
ve_re1_n64,4.056,0.0115243855087,1.70945985427
ve_re1_n64,4.064,0.0115228656371,1.71068902456
ve_re1_n64,4.072,0.0115213531038,1.71191173916
ve_re1_n64,4.08,0.0115198478278,1.71312805068
ve_re1_n64,4.088,0.0115183497306,1.71433800736
ve_re1_n64,4.096,0.0115168587319,1.71554166086
ve_re1_n64,4.104,0.0115153747516,1.71673906478
ve_re1_n64,4.112,0.0115138977103,1.71793026958
ve_re1_n64,4.12,0.0115124275254,1.71911532671
ve_re1_n64,4.128,0.0115109641219,1.72029428281
ve_re1_n64,4.136,0.0115095074374,1.72146718076
ve_re1_n64,4.144,0.0115080574474,1.72263407093
ve_re1_n64,4.152,0.0115066141331,1.72379500303
ve_re1_n64,4.16,0.0115051774468,1.72495002676
ve_re1_n64,4.168,0.0115037473339,1.72609919
ve_re1_n64,4.176,0.0115023237365,1.72724253946
ve_re1_n64,4.184,0.0115009065868,1.72838011913
ve_re1_n64,4.192,0.0114994958145,1.72951197364
ve_re1_n64,4.2,0.0114980913583,1.7306381474
ve_re1_n64,4.208,0.0114966931678,1.73175868414
ve_re1_n64,4.216,0.0114953011859,1.73287363105
ve_re1_n64,4.224,0.0114939153545,1.73398303439
ve_re1_n64,4.232,0.0114925356165,1.73508693995
ve_re1_n64,4.24,0.011491161915,1.73618539409
ve_re1_n64,4.248,0.0114897941946,1.7372784401
ve_re1_n64,4.256,0.0114884324027,1.73836611798
ve_re1_n64,4.264,0.0114870764977,1.73944846407
ve_re1_n64,4.272,0.0114857264465,1.74052551998
ve_re1_n64,4.28,0.0114843822176,1.74159732813
ve_re1_n64,4.288,0.0114830437793,1.74266393075
ve_re1_n64,4.296,0.0114817111008,1.74372536787
ve_re1_n64,4.304,0.0114803841531,1.74478167841
ve_re1_n64,4.312,0.0114790629153,1.74583290328
ve_re1_n64,4.32,0.0114777473512,1.74687908679
ve_re1_n64,4.328,0.0114764374171,1.74792026862
ve_re1_n64,4.336,0.0114751330761,1.74895648867
ve_re1_n64,4.344,0.0114738342902,1.7499877905
ve_re1_n64,4.352,0.0114725410203,1.75101421758
ve_re1_n64,4.36,0.0114712532286,1.75203581157
ve_re1_n64,4.368,0.0114699708667,1.75305261653
ve_re1_n64,4.376,0.0114686938823,1.75406467558
ve_re1_n64,4.384,0.0114674222276,1.75507202892
ve_re1_n64,4.392,0.0114661558546,1.75607471486
ve_re1_n64,4.4,0.0114648947445,1.75707272088
ve_re1_n64,4.408,0.0114636389044,1.75806604935
ve_re1_n64,4.416,0.0114623883153,1.75905473966
ve_re1_n64,4.424,0.0114611429411,1.76003883439
ve_re1_n64,4.432,0.0114599027235,1.76101837491
ve_re1_n64,4.44,0.0114586676144,1.76199340058
ve_re1_n64,4.448,0.0114574375555,1.76296395171
ve_re1_n64,4.456,0.0114562124858,1.76393007031
ve_re1_n64,4.464,0.0114549923397,1.76489179737
ve_re1_n64,4.472,0.0114537770524,1.76584917125
ve_re1_n64,4.48,0.0114525665635,1.7668022295
ve_re1_n64,4.488,0.0114513608171,1.76775100873
ve_re1_n64,4.496,0.0114501597598,1.76869554634
ve_re1_n64,4.504,0.0114489633387,1.76963587697
ve_re1_n64,4.512,0.0114477715012,1.77057203593
ve_re1_n64,4.52,0.0114465841943,1.77150405831
ve_re1_n64,4.528,0.0114454013637,1.77243198008
ve_re1_n64,4.536,0.0114442229536,1.77335583447
ve_re1_n64,4.544,0.0114430489041,1.77427565082
ve_re1_n64,4.552,0.0114418791619,1.77519145846
ve_re1_n64,4.56,0.0114407136794,1.77610328989
ve_re1_n64,4.568,0.0114395524076,1.77701117839
ve_re1_n64,4.576,0.0114383952965,1.77791515568
ve_re1_n64,4.584,0.0114372422982,1.77881525428
ve_re1_n64,4.592,0.0114360933734,1.77971150464
ve_re1_n64,4.6,0.0114349484863,1.78060393594
ve_re1_n64,4.608,0.0114338076004,1.78149257573
ve_re1_n64,4.616,0.0114326706778,1.78237745374
ve_re1_n64,4.624,0.0114315376799,1.78325860157
ve_re1_n64,4.632,0.0114304085581,1.78413605077
ve_re1_n64,4.64,0.0114292832722,1.78500983157
ve_re1_n64,4.648,0.0114281617856,1.78587997261
ve_re1_n64,4.656,0.0114270440635,1.78674649902
ve_re1_n64,4.664,0.0114259300734,1.78760943857
ve_re1_n64,4.672,0.0114248197828,1.78846881955
ve_re1_n64,4.68,0.0114237131563,1.78932467099
ve_re1_n64,4.688,0.0114226101499,1.79017702372
ve_re1_n64,4.696,0.0114215107142,1.79102590701
ve_re1_n64,4.704,0.0114204148102,1.79187134523
ve_re1_n64,4.712,0.0114193224028,1.79271336082
ve_re1_n64,4.72,0.0114182334587,1.7935519767
ve_re1_n64,4.728,0.011417147945,1.79438721821
ve_re1_n64,4.736,0.0114160658283,1.7952191093
ve_re1_n64,4.744,0.0114149870799,1.79604767284
ve_re1_n64,4.752,0.0114139116643,1.7968729335
ve_re1_n64,4.76,0.0114128395513,1.79769491523
ve_re1_n64,4.768,0.0114117707148,1.79851363813
ve_re1_n64,4.776,0.0114107051358,1.79932912418
ve_re1_n64,4.784,0.0114096427919,1.8001413956
ve_re1_n64,4.792,0.0114085836657,1.80095047535
ve_re1_n64,4.8,0.0114075277373,1.80175638599
ve_re1_n64,4.808,0.0114064749877,1.80255915037
ve_re1_n64,4.816,0.0114054253979,1.80335879145
ve_re1_n64,4.824,0.0114043789492,1.80415533173
ve_re1_n64,4.832,0.0114033356236,1.8049487936
ve_re1_n64,4.84,0.0114022954041,1.80573919978
ve_re1_n64,4.848,0.0114012582723,1.80652657277
ve_re1_n64,4.856,0.0114002242078,1.8073109349
ve_re1_n64,4.864,0.0113991931936,1.80809230686
ve_re1_n64,4.872,0.0113981652159,1.80887070942
ve_re1_n64,4.88,0.0113971402584,1.80964616849
ve_re1_n64,4.888,0.0113961183078,1.81041870476
ve_re1_n64,4.896,0.0113950993328,1.81118833926
ve_re1_n64,4.904,0.0113940833351,1.81195509515
ve_re1_n64,4.912,0.0113930702953,1.81271899456
ve_re1_n64,4.92,0.0113920602013,1.81348005617
ve_re1_n64,4.928,0.0113910530524,1.81423829692
ve_re1_n64,4.936,0.0113900488474,1.81499373912
ve_re1_n64,4.944,0.0113890475799,1.81574640484
ve_re1_n64,4.952,0.0113880492415,1.8164963154
ve_re1_n64,4.96,0.0113870538216,1.81724349216
ve_re1_n64,4.968,0.0113860613092,1.81798795728
ve_re1_n64,4.976,0.0113850716906,1.8187297331
ve_re1_n64,4.984,0.0113840849532,1.81946884174
ve_re1_n64,4.992,0.0113831010837,1.82020530608
ve_re1_n64,5,0.011382120071,1.82093914844
ve_re1_n64,5.008,0.0113811419088,1.82167038861
ve_re1_n64,5.016,0.0113801665836,1.82239904472
ve_re1_n64,5.024,0.0113791940764,1.82312513697
ve_re1_n64,5.032,0.0113782243673,1.82384868537
ve_re1_n64,5.04,0.0113772574404,1.82456971099
ve_re1_n64,5.048,0.0113762932885,1.82528823097
ve_re1_n64,5.056,0.0113753319026,1.82600426249
ve_re1_n64,5.064,0.0113743732712,1.82671782301
ve_re1_n64,5.072,0.0113734173814,1.8274289258
ve_re1_n64,5.08,0.0113724642201,1.8281375887
ve_re1_n64,5.088,0.0113715137657,1.8288438307
ve_re1_n64,5.096,0.0113705659932,1.82954767038
ve_re1_n64,5.104,0.0113696208819,1.83024912525
ve_re1_n64,5.112,0.0113686784097,1.83094821225
ve_re1_n64,5.12,0.011367738553,1.83164494914
ve_re1_n64,5.128,0.0113668012868,1.8323393531
ve_re1_n64,5.136,0.0113658665858,1.83303144036
ve_re1_n64,5.144,0.0113649344263,1.83372122616
ve_re1_n64,5.152,0.0113640047834,1.83440872572
ve_re1_n64,5.16,0.0113630776305,1.83509395503
ve_re1_n64,5.168,0.0113621529421,1.83577693036
ve_re1_n64,5.176,0.0113612306942,1.83645766649
ve_re1_n64,5.184,0.011360310864,1.83713617798
ve_re1_n64,5.192,0.0113593934281,1.83781247969
ve_re1_n64,5.2,0.011358478361,1.83848658659
ve_re1_n64,5.208,0.0113575656368,1.83915851337
ve_re1_n64,5.216,0.0113566552318,1.83982827372
ve_re1_n64,5.224,0.0113557471235,1.84049588079
ve_re1_n64,5.232,0.0113548412909,1.84116134665
ve_re1_n64,5.24,0.0113539377144,1.84182468347
ve_re1_n64,5.248,0.0113530363741,1.84248590285
ve_re1_n64,5.256,0.01135213725,1.84314501675
ve_re1_n64,5.264,0.0113512403219,1.84380203732
ve_re1_n64,5.272,0.0113503455691,1.84445697614
ve_re1_n64,5.28,0.0113494529725,1.8451098444
ve_re1_n64,5.288,0.0113485625137,1.84576065325
ve_re1_n64,5.296,0.0113476741758,1.84640941305
ve_re1_n64,5.304,0.0113467879434,1.84705613313
ve_re1_n64,5.312,0.0113459038038,1.84770082143
ve_re1_n64,5.32,0.0113450217476,1.84834348761
ve_re1_n64,5.328,0.0113441417668,1.8489841421
ve_re1_n64,5.336,0.011343263853,1.84962279478
ve_re1_n64,5.344,0.0113423879984,1.85025945503
ve_re1_n64,5.352,0.0113415141953,1.85089413253
ve_re1_n64,5.36,0.0113406424364,1.85152683665
ve_re1_n64,5.368,0.0113397727175,1.85215756609
ve_re1_n64,5.376,0.0113389050454,1.85278631076
ve_re1_n64,5.384,0.0113380394163,1.85341308024
ve_re1_n64,5.392,0.0113371758221,1.85403787397
ve_re1_n64,5.4,0.0113363142542,1.85466069535
ve_re1_n64,5.408,0.0113354547039,1.8552815544
ve_re1_n64,5.416,0.0113345971624,1.85590046099
ve_re1_n64,5.424,0.0113337416203,1.85651742486
ve_re1_n64,5.432,0.0113328880661,1.85713245559
ve_re1_n64,5.44,0.0113320364883,1.85774556269
ve_re1_n64,5.448,0.0113311868774,1.85835675504
ve_re1_n64,5.456,0.0113303392257,1.85896604147
ve_re1_n64,5.464,0.011329493526,1.85957343104
ve_re1_n64,5.472,0.0113286497712,1.86017893243
ve_re1_n64,5.48,0.0113278079546,1.86078255418
ve_re1_n64,5.488,0.0113269680706,1.86138430442
ve_re1_n64,5.496,0.0113261301163,1.86198419119
ve_re1_n64,5.504,0.0113252940771,1.86258222225
ve_re1_n64,5.512,0.0113244599588,1.86317840445
ve_re1_n64,5.52,0.0113236277566,1.86377274522
ve_re1_n64,5.528,0.0113227974673,1.86436525206
ve_re1_n64,5.536,0.011321969087,1.86495593423
ve_re1_n64,5.544,0.0113211426083,1.86554480093
ve_re1_n64,5.552,0.0113203180253,1.86613185904
ve_re1_n64,5.56,0.0113194953346,1.86671711541
ve_re1_n64,5.568,0.0113186745402,1.867300573
ve_re1_n64,5.576,0.0113178556417,1.86788223859
ve_re1_n64,5.584,0.0113170386369,1.86846211913
ve_re1_n64,5.592,0.0113162235227,1.86904022156
ve_re1_n64,5.6,0.0113154102994,1.86961655244
ve_re1_n64,5.608,0.0113145989674,1.87019111812
ve_re1_n64,5.616,0.0113137895268,1.87076392464
ve_re1_n64,5.624,0.0113129819787,1.87133497762
ve_re1_n64,5.632,0.0113121763245,1.87190428284
ve_re1_n64,5.64,0.0113113725651,1.87247184564
ve_re1_n64,5.648,0.011310570702,1.87303767156
ve_re1_n64,5.656,0.0113097707367,1.87360176579
ve_re1_n64,5.664,0.0113089726718,1.87416413286
ve_re1_n64,5.672,0.011308176511,1.87472477747
ve_re1_n64,5.68,0.0113073822585,1.87528370398
ve_re1_n64,5.688,0.0113065899184,1.87584091753
ve_re1_n64,5.696,0.0113057994935,1.87639642291
ve_re1_n64,5.704,0.0113050109862,1.87695022453
ve_re1_n64,5.712,0.0113042243992,1.87750232646
ve_re1_n64,5.72,0.0113034397369,1.87805273308
ve_re1_n64,5.728,0.0113026570042,1.87860144883
ve_re1_n64,5.736,0.0113018762054,1.87914847742
ve_re1_n64,5.744,0.0113010973455,1.87969382222
ve_re1_n64,5.752,0.0113003204282,1.88023748757
ve_re1_n64,5.76,0.0112995454572,1.88077947747
ve_re1_n64,5.768,0.0112987724389,1.88131979399
ve_re1_n64,5.776,0.0112980013809,1.88185844095
ve_re1_n64,5.784,0.0112972322931,1.88239542281
ve_re1_n64,5.792,0.011296465182,1.88293074393
ve_re1_n64,5.8,0.0112957000507,1.8834644086
ve_re1_n64,5.808,0.0112949369025,1.88399642087
ve_re1_n64,5.816,0.0112941757416,1.8845267842
ve_re1_n64,5.824,0.0112934165719,1.88505550207
ve_re1_n64,5.832,0.0112926593976,1.88558257786
ve_re1_n64,5.84,0.011291904223,1.88610801577
ve_re1_n64,5.848,0.0112911510512,1.88663182004
ve_re1_n64,5.856,0.0112903998856,1.88715399471
ve_re1_n64,5.864,0.0112896507295,1.88767454408
ve_re1_n64,5.872,0.0112889035861,1.88819347224
ve_re1_n64,5.88,0.0112881584592,1.88871078339
ve_re1_n64,5.888,0.0112874153505,1.88922648202
ve_re1_n64,5.896,0.0112866742635,1.88974057126
ve_re1_n64,5.904,0.0112859352034,1.89025305406
ve_re1_n64,5.912,0.0112851981756,1.89076393491
ve_re1_n64,5.92,0.0112844631852,1.89127321733
ve_re1_n64,5.928,0.0112837302376,1.89178090335
ve_re1_n64,5.936,0.0112829993379,1.89228699769
ve_re1_n64,5.944,0.0112822704902,1.89279150526
ve_re1_n64,5.952,0.0112815436982,1.89329443098
ve_re1_n64,5.96,0.011280818967,1.89379577955
ve_re1_n64,5.968,0.011280096295,1.89429555547
ve_re1_n64,5.976,0.0112793756901,1.89479376358
ve_re1_n64,5.984,0.0112786571539,1.89529040868
ve_re1_n64,5.992,0.011277940689,1.89578549565
ve_re1_n64,6,0.0112772262982,1.89627902925
ve_re1_n64,6.008,0.011276513983,1.89677101434
ve_re1_n64,6.016,0.0112758037446,1.89726145578
ve_re1_n64,6.024,0.0112750955836,1.89775035758
ve_re1_n64,6.032,0.0112743895004,1.89823772411
ve_re1_n64,6.04,0.0112736854955,1.89872355971
ve_re1_n64,6.048,0.0112729835686,1.89920786892
ve_re1_n64,6.056,0.0112722837193,1.89969065729
ve_re1_n64,6.064,0.0112715859477,1.9001719294
ve_re1_n64,6.072,0.0112708902531,1.90065168966
ve_re1_n64,6.08,0.0112701966351,1.90112994271
ve_re1_n64,6.088,0.0112695050918,1.90160669311
ve_re1_n64,6.096,0.0112688156204,1.90208194534
ve_re1_n64,6.104,0.0112681282182,1.90255570383
ve_re1_n64,6.112,0.0112674428824,1.90302797289
ve_re1_n64,6.12,0.0112667596101,1.90349875684
ve_re1_n64,6.128,0.0112660783982,1.9039680599
ve_re1_n64,6.136,0.0112653992418,1.90443588628
ve_re1_n64,6.144,0.0112647221351,1.90490223754
ve_re1_n64,6.152,0.0112640470692,1.90536711663
ve_re1_n64,6.16,0.0112633740381,1.90583052786
ve_re1_n64,6.168,0.0112627030366,1.90629247523
ve_re1_n64,6.176,0.0112620340594,1.90675296256
ve_re1_n64,6.184,0.011261367102,1.90721199387
ve_re1_n64,6.192,0.0112607021599,1.90766957394
ve_re1_n64,6.2,0.0112600392292,1.90812570655
ve_re1_n64,6.208,0.0112593783072,1.90858039524
ve_re1_n64,6.216,0.0112587193911,1.90903364352
ve_re1_n64,6.224,0.0112580624774,1.90948545471
ve_re1_n64,6.232,0.0112574075632,1.90993583198
ve_re1_n64,6.24,0.0112567546456,1.91038477871
ve_re1_n64,6.248,0.0112561037212,1.91083229842
ve_re1_n64,6.256,0.0112554547863,1.91127839473
ve_re1_n64,6.264,0.0112548078356,1.91172307199
ve_re1_n64,6.272,0.0112541628612,1.91216633481
ve_re1_n64,6.28,0.0112535198572,1.91260818624
ve_re1_n64,6.288,0.0112528788187,1.9130486293
ve_re1_n64,6.296,0.0112522397408,1.91348766707
ve_re1_n64,6.304,0.0112516026178,1.91392530247
ve_re1_n64,6.312,0.0112509674458,1.91436153828
ve_re1_n64,6.32,0.0112503342212,1.91479637693
ve_re1_n64,6.328,0.01124970294,1.91522982073
ve_re1_n64,6.336,0.0112490735988,1.91566187242
ve_re1_n64,6.344,0.0112484461943,1.91609253484
ve_re1_n64,6.352,0.011247820723,1.91652181081
ve_re1_n64,6.36,0.0112471971812,1.91694970308
ve_re1_n64,6.368,0.0112465755664,1.91737621444
ve_re1_n64,6.376,0.0112459558761,1.91780134749
ve_re1_n64,6.384,0.0112453381078,1.91822510497
ve_re1_n64,6.392,0.0112447222584,1.91864748971
ve_re1_n64,6.4,0.0112441083255,1.91906850446
ve_re1_n64,6.408,0.0112434963031,1.91948815196
ve_re1_n64,6.416,0.0112428861875,1.9199064349
ve_re1_n64,6.424,0.0112422779759,1.92032335587
ve_re1_n64,6.432,0.0112416716658,1.92073891773
ve_re1_n64,6.44,0.0112410672549,1.92115312338
ve_re1_n64,6.448,0.0112404647404,1.92156597573
ve_re1_n64,6.456,0.0112398641197,1.92197747779
ve_re1_n64,6.464,0.01123926539,1.92238763256
ve_re1_n64,6.472,0.0112386685484,1.92279644294
ve_re1_n64,6.48,0.0112380735921,1.92320391187
ve_re1_n64,6.488,0.0112374805188,1.92361004233
ve_re1_n64,6.496,0.0112368893258,1.92401483737
ve_re1_n64,6.504,0.0112363000106,1.92441830003
ve_re1_n64,6.512,0.0112357125705,1.92482043335
ve_re1_n64,6.52,0.011235127003,1.92522124043
ve_re1_n64,6.528,0.0112345433061,1.9256207243
ve_re1_n64,6.536,0.0112339614789,1.92601888779
ve_re1_n64,6.544,0.0112333815199,1.92641573314
ve_re1_n64,6.552,0.0112328034278,1.9268112635
ve_re1_n64,6.56,0.011232227201,1.92720548154
ve_re1_n64,6.56800000001,0.0112316528372,1.92759838998
ve_re1_n64,6.57600000001,0.0112310803333,1.92798999203
ve_re1_n64,6.58400000001,0.0112305096861,1.92838029098
ve_re1_n64,6.59200000001,0.0112299408914,1.92876929019
ve_re1_n64,6.60000000001,0.0112293739446,1.92915699301
ve_re1_n64,6.60800000001,0.011228808842,1.92954340255
ve_re1_n64,6.61600000001,0.0112282455796,1.92992852197
ve_re1_n64,6.62400000001,0.0112276841539,1.9303123546
ve_re1_n64,6.63200000001,0.0112271245619,1.93069490378
ve_re1_n64,6.64000000001,0.0112265668011,1.9310761728
ve_re1_n64,6.64800000001,0.0112260108696,1.93145616499
ve_re1_n64,6.65600000001,0.0112254567651,1.93183488369
ve_re1_n64,6.66400000001,0.0112249044855,1.93221233224
ve_re1_n64,6.67200000001,0.0112243540291,1.93258851302
ve_re1_n64,6.68000000001,0.0112238053958,1.93296342918
ve_re1_n64,6.68800000001,0.0112232585847,1.93333708421
ve_re1_n64,6.69600000001,0.0112227135941,1.93370948166
ve_re1_n64,6.70400000001,0.0112221704236,1.93408062441
ve_re1_n64,6.71200000001,0.0112216290752,1.9344505151
ve_re1_n64,6.72000000001,0.0112210895481,1.93481915694
ve_re1_n64,6.72800000001,0.0112205518403,1.93518655316
ve_re1_n64,6.73600000001,0.0112200159494,1.93555270702
ve_re1_n64,6.74400000001,0.0112194818726,1.93591762187
ve_re1_n64,6.75200000001,0.0112189496065,1.93628130113
ve_re1_n64,6.76000000001,0.0112184191474,1.93664374823
ve_re1_n64,6.76800000001,0.0112178904923,1.93700496648
ve_re1_n64,6.77600000001,0.0112173636381,1.9373649593
ve_re1_n64,6.78400000001,0.0112168385817,1.93772373013
ve_re1_n64,6.79200000001,0.0112163153188,1.93808128234
ve_re1_n64,6.80000000001,0.0112157938455,1.93843761936
ve_re1_n64,6.80800000001,0.0112152741573,1.93879274474
ve_re1_n64,6.81600000001,0.0112147562493,1.93914666197
ve_re1_n64,6.82400000001,0.0112142401169,1.93949937455
ve_re1_n64,6.83200000001,0.011213725756,1.93985088601
ve_re1_n64,6.84000000001,0.0112132131625,1.94020119983
ve_re1_n64,6.84800000001,0.0112127023353,1.94055031948
ve_re1_n64,6.85600000001,0.0112121932727,1.94089824848
ve_re1_n64,6.86400000001,0.0112116859716,1.94124499038
ve_re1_n64,6.87200000001,0.0112111804281,1.94159054867
ve_re1_n64,6.88000000001,0.0112106766381,1.94193492679
ve_re1_n64,6.88800000001,0.0112101745978,1.94227812826
ve_re1_n64,6.89600000001,0.011209674303,1.94262015712
ve_re1_n64,6.90400000001,0.0112091757489,1.94296101702
ve_re1_n64,6.91200000001,0.0112086789307,1.94330071165
ve_re1_n64,6.92000000001,0.0112081838435,1.94363924455
ve_re1_n64,6.92800000001,0.0112076904828,1.94397661917
ve_re1_n64,6.93600000001,0.0112071988438,1.944312839
ve_re1_n64,6.94400000001,0.0112067089218,1.94464790753
ve_re1_n64,6.95200000001,0.0112062207118,1.94498182828
ve_re1_n64,6.96000000001,0.0112057342089,1.94531460477
ve_re1_n64,6.96800000001,0.0112052494083,1.94564624049
ve_re1_n64,6.97600000001,0.0112047663049,1.94597673893
ve_re1_n64,6.98400000001,0.0112042848936,1.94630610359
ve_re1_n64,6.99200000001,0.0112038051691,1.94663433795
ve_re1_n64,7.00000000001,0.0112033271256,1.94696144566
ve_re1_n64,7.00800000001,0.0112028507576,1.94728743029
ve_re1_n64,7.01600000001,0.0112023760611,1.94761229534
ve_re1_n64,7.02400000001,0.0112019030345,1.94793604431
ve_re1_n64,7.03200000001,0.0112014316746,1.94825868072
ve_re1_n64,7.04000000001,0.0112009619764,1.94858020808
ve_re1_n64,7.04800000001,0.0112004939346,1.94890062987
ve_re1_n64,7.05600000001,0.011200027543,1.94921994959
ve_re1_n64,7.06400000001,0.0111995627953,1.94953817079
ve_re1_n64,7.07200000001,0.0111990996851,1.94985529714
ve_re1_n64,7.08000000001,0.0111986382055,1.95017133204
ve_re1_n64,7.08800000001,0.0111981783497,1.95048627885
ve_re1_n64,7.09600000001,0.0111977201108,1.95080014106
ve_re1_n64,7.10400000001,0.0111972634824,1.95111292214
ve_re1_n64,7.11200000001,0.0111968084579,1.95142462566
ve_re1_n64,7.12000000001,0.0111963550302,1.95173525513
ve_re1_n64,7.12800000001,0.0111959031928,1.95204481405
ve_re1_n64,7.13600000001,0.0111954529394,1.95235330586
ve_re1_n64,7.14400000001,0.0111950042639,1.95266073405
ve_re1_n64,7.15200000001,0.0111945571603,1.95296710211
ve_re1_n64,7.16000000001,0.0111941116221,1.95327241427
ve_re1_n64,7.16800000001,0.0111936676421,1.95357667442
ve_re1_n64,7.17600000001,0.0111932252133,1.95387988599
ve_re1_n64,7.18400000001,0.0111927843294,1.95418205258
ve_re1_n64,7.19200000001,0.011192344985,1.95448317772
ve_re1_n64,7.20000000001,0.0111919071739,1.95478326486
ve_re1_n64,7.20800000001,0.0111914708903,1.95508231738
ve_re1_n64,7.21600000001,0.0111910361292,1.95538033861
ve_re1_n64,7.22400000001,0.0111906028853,1.95567733203
ve_re1_n64,7.23200000001,0.0111901711532,1.95597330113
ve_re1_n64,7.24000000001,0.0111897409275,1.95626824936
ve_re1_n64,7.24800000001,0.011189312203,1.95656218019
ve_re1_n64,7.25600000001,0.0111888849744,1.95685509711
ve_re1_n64,7.26400000001,0.011188459236,1.9571470036
ve_re1_n64,7.27200000001,0.0111880349828,1.95743790313
ve_re1_n64,7.28000000001,0.0111876122096,1.95772779916
ve_re1_n64,7.28800000001,0.0111871909113,1.9580166949
ve_re1_n64,7.29600000001,0.0111867710833,1.95830459339
ve_re1_n64,7.30400000001,0.0111863527213,1.95859149797
ve_re1_n64,7.31200000001,0.0111859358206,1.95887741203
ve_re1_n64,7.32000000001,0.0111855203767,1.95916233896
ve_re1_n64,7.32800000001,0.0111851063854,1.95944628195
ve_re1_n64,7.33600000001,0.0111846938417,1.95972924433
ve_re1_n64,7.34400000001,0.0111842827412,1.96001122948
ve_re1_n64,7.35200000001,0.0111838730789,1.96029224077
ve_re1_n64,7.36000000001,0.0111834648501,1.96057228153
ve_re1_n64,7.36800000001,0.0111830580495,1.96085135502
ve_re1_n64,7.37600000001,0.0111826526726,1.96112946447
ve_re1_n64,7.38400000001,0.0111822487155,1.96140661318
ve_re1_n64,7.39200000001,0.011181846174,1.96168280455
ve_re1_n64,7.40000000001,0.0111814450438,1.96195804181
ve_re1_n64,7.40800000001,0.0111810453206,1.96223232819
ve_re1_n64,7.41600000001,0.0111806469999,1.96250566683
ve_re1_n64,7.42400000001,0.0111802500773,1.96277806061
ve_re1_n64,7.43200000001,0.0111798545482,1.96304951265
ve_re1_n64,7.44000000001,0.0111794604084,1.96332002608
ve_re1_n64,7.44800000001,0.0111790676532,1.96358960402
ve_re1_n64,7.45600000001,0.0111786762784,1.9638582496
ve_re1_n64,7.46400000001,0.0111782862793,1.96412596588
ve_re1_n64,7.47200000001,0.0111778976521,1.96439275593
ve_re1_n64,7.48000000001,0.0111775103918,1.96465862271
ve_re1_n64,7.48800000001,0.0111771244945,1.96492356913
ve_re1_n64,7.49600000001,0.011176739956,1.96518759811
ve_re1_n64,7.50400000001,0.0111763567716,1.96545071264
ve_re1_n64,7.51200000001,0.011175974937,1.9657129157
ve_re1_n64,7.52000000001,0.0111755944477,1.96597421025
ve_re1_n64,7.52800000001,0.011175215299,1.96623459924
ve_re1_n64,7.53600000001,0.0111748374863,1.96649408564
ve_re1_n64,7.54400000001,0.011174461005,1.96675267234
ve_re1_n64,7.55200000001,0.0111740858505,1.96701036225
ve_re1_n64,7.56000000001,0.011173712018,1.96726715828
ve_re1_n64,7.56800000001,0.011173339503,1.96752306333
ve_re1_n64,7.57600000001,0.0111729683015,1.9677780803
ve_re1_n64,7.58400000001,0.0111725984107,1.9680322121
ve_re1_n64,7.59200000001,0.0111722298271,1.9682854616
ve_re1_n64,7.60000000001,0.0111718625463,1.96853783172
ve_re1_n64,7.60800000001,0.0111714965639,1.96878932531
ve_re1_n64,7.61600000001,0.0111711318755,1.96903994527
ve_re1_n64,7.62400000001,0.0111707684761,1.96928969446
ve_re1_n64,7.63200000001,0.0111704063609,1.96953857577
ve_re1_n64,7.64000000001,0.0111700455252,1.96978659201
ve_re1_n64,7.64800000001,0.0111696859643,1.97003374588
ve_re1_n64,7.65600000001,0.0111693276736,1.97028004021
ve_re1_n64,7.66400000001,0.0111689706486,1.97052547785
ve_re1_n64,7.67200000001,0.011168614885,1.97077006165
ve_re1_n64,7.68000000001,0.0111682603783,1.97101379444
ve_re1_n64,7.68800000001,0.0111679071243,1.97125667906
ve_re1_n64,7.69600000001,0.0111675551186,1.97149871834
ve_re1_n64,7.70400000001,0.0111672043568,1.97173991523
ve_re1_n64,7.71200000001,0.0111668548344,1.97198027281
ve_re1_n64,7.72000000001,0.0111665065467,1.97221979389
ve_re1_n64,7.72800000001,0.0111661594895,1.97245848134
ve_re1_n64,7.73600000001,0.0111658136585,1.97269633811
ve_re1_n64,7.74400000001,0.0111654690492,1.97293336714
ve_re1_n64,7.75200000001,0.0111651256576,1.97316957118
ve_re1_n64,7.76000000001,0.0111647834794,1.97340495299
ve_re1_n64,7.76800000001,0.0111644425106,1.97363951529
ve_re1_n64,7.77600000001,0.0111641027469,1.9738732608
ve_re1_n64,7.78400000001,0.0111637641844,1.97410619225
ve_re1_n64,7.79200000001,0.0111634268188,1.97433831233
ve_re1_n64,7.80000000001,0.0111630906461,1.97456962374
ve_re1_n64,7.80800000001,0.0111627556625,1.97480012915
ve_re1_n64,7.81600000001,0.011162421864,1.97502983127
ve_re1_n64,7.82400000001,0.0111620892466,1.97525873276
ve_re1_n64,7.83200000001,0.0111617578065,1.97548683629
ve_re1_n64,7.84000000001,0.0111614275396,1.97571414453
ve_re1_n64,7.84800000001,0.0111610984417,1.97594066014
ve_re1_n64,7.85600000001,0.0111607705091,1.97616638574
ve_re1_n64,7.86400000001,0.0111604437375,1.97639132396
ve_re1_n64,7.87200000001,0.0111601181232,1.97661547741
ve_re1_n64,7.88000000001,0.011159793662,1.97683884876
ve_re1_n64,7.88800000001,0.0111594703481,1.97706144089
ve_re1_n64,7.89600000001,0.0111591481768,1.97728325636
ve_re1_n64,7.90400000001,0.0111588271446,1.97750429769
ve_re1_n64,7.91200000001,0.0111585072477,1.97772456743
ve_re1_n64,7.92000000001,0.0111581884821,1.977944068
ve_re1_n64,7.92800000001,0.0111578708432,1.97816280157
ve_re1_n64,7.93600000001,0.0111575543269,1.97838077066
ve_re1_n64,7.94400000001,0.011157238929,1.9785979778
ve_re1_n64,7.95200000001,0.0111569246458,1.97881442555
ve_re1_n64,7.96000000001,0.0111566114732,1.97903011643
ve_re1_n64,7.96800000001,0.0111562994074,1.97924505295
ve_re1_n64,7.97600000001,0.0111559884447,1.97945923757
ve_re1_n64,7.98400000001,0.0111556785814,1.97967267278
ve_re1_n64,7.99200000001,0.0111553698138,1.97988536104
ve_re1_n64,8.00000000001,0.0111550621381,1.98009730477
ve_re1_n64,8.00800000001,0.0111547555507,1.98030850644
ve_re1_n64,8.01600000001,0.0111544500473,1.98051896845
ve_re1_n64,8.02400000001,0.0111541456243,1.98072869323
ve_re1_n64,8.03200000001,0.0111538422781,1.9809376832
ve_re1_n64,8.04000000001,0.0111535400048,1.98114594078
ve_re1_n64,8.04800000001,0.0111532388015,1.98135346831
ve_re1_n64,8.05600000001,0.0111529386661,1.98156026816
ve_re1_n64,8.06400000001,0.0111526395955,1.98176634272
ve_re1_n64,8.07200000001,0.0111523415869,1.98197169438
ve_re1_n64,8.08000000001,0.011152044637,1.98217632554
ve_re1_n64,8.08800000001,0.0111517487423,1.98238023856
ve_re1_n64,8.09600000001,0.0111514538988,1.98258343583
ve_re1_n64,8.10400000001,0.0111511601027,1.98278591972
ve_re1_n64,8.11200000001,0.01115086735,1.98298769262
ve_re1_n64,8.12000000001,0.0111505756368,1.9831887569
ve_re1_n64,8.12800000001,0.0111502849588,1.98338911492
ve_re1_n64,8.13600000001,0.0111499953122,1.98358876906
ve_re1_n64,8.14400000001,0.011149706693,1.98378772169
ve_re1_n64,8.15200000001,0.0111494190969,1.98398597518
ve_re1_n64,8.16000000001,0.0111491325198,1.98418353187
ve_re1_n64,8.16800000001,0.0111488469576,1.98438039415
ve_re1_n64,8.17600000001,0.0111485624062,1.98457656435
ve_re1_n64,8.18400000001,0.0111482788616,1.98477204481
ve_re1_n64,8.19200000001,0.0111479963199,1.98496683778
ve_re1_n64,8.20000000001,0.0111477147774,1.98516094532
ve_re1_n64,8.20800000001,0.0111474342305,1.98535436975
ve_re1_n64,8.21600000001,0.0111471546754,1.98554711344
ve_re1_n64,8.22400000001,0.011146876109,1.98573917989
ve_re1_n64,8.23200000001,0.0111465985302,1.98593057275
ve_re1_n64,8.24000000001,0.0111463219356,1.98612129421
ve_re1_n64,8.24800000001,0.0111460463219,1.9863113465
ve_re1_n64,8.25600000001,0.0111457716854,1.98650073186
ve_re1_n64,8.26400000001,0.0111454980228,1.98668945255
ve_re1_n64,8.27200000001,0.0111452253305,1.98687751086
ve_re1_n64,8.28000000001,0.0111449536045,1.98706490903
ve_re1_n64,8.28800000001,0.0111446828409,1.98725164934
ve_re1_n64,8.29600000001,0.0111444130353,1.98743773404
ve_re1_n64,8.30400000001,0.0111441441836,1.98762316541
ve_re1_n64,8.31200000001,0.0111438762813,1.98780794562
ve_re1_n64,8.32000000001,0.0111436093242,1.98799207678
ve_re1_n64,8.32800000001,0.0111433433079,1.98817556111
ve_re1_n64,8.33600000001,0.0111430782281,1.98835840082
ve_re1_n64,8.34400000001,0.0111428140804,1.9885405981
ve_re1_n64,8.35200000001,0.0111425508603,1.98872215515
ve_re1_n64,8.36000000001,0.0111422885634,1.98890307414
ve_re1_n64,8.36800000001,0.0111420271851,1.98908335723
ve_re1_n64,8.37600000001,0.011141766721,1.98926300656
ve_re1_n64,8.38400000001,0.0111415071665,1.98944202428
ve_re1_n64,8.39200000001,0.0111412485173,1.9896204125
ve_re1_n64,8.40000000001,0.0111409907688,1.98979817331
ve_re1_n64,8.40800000001,0.0111407339167,1.98997530876
ve_re1_n64,8.41600000001,0.0111404779568,1.99015182094
ve_re1_n64,8.42400000001,0.0111402228848,1.99032771191
ve_re1_n64,8.43200000001,0.0111399686966,1.99050298374
ve_re1_n64,8.44000000001,0.011139715388,1.99067763848
ve_re1_n64,8.44800000001,0.0111394629549,1.99085167811
ve_re1_n64,8.45600000001,0.0111392113934,1.99102510392
ve_re1_n64,8.46400000001,0.011138960699,1.99119791776
ve_re1_n64,8.47200000001,0.0111387108676,1.9913701217
ve_re1_n64,8.48000000001,0.0111384618952,1.99154171776
ve_re1_n64,8.48800000001,0.0111382137784,1.99171270796
ve_re1_n64,8.49600000001,0.0111379665138,1.99188309434
ve_re1_n64,8.50400000001,0.0111377200975,1.99205287892
ve_re1_n64,8.51200000001,0.0111374745261,1.99222206375
ve_re1_n64,8.52000000001,0.0111372297958,1.99239065086
ve_re1_n64,8.52800000001,0.0111369859034,1.99255864229
ve_re1_n64,8.53600000001,0.0111367428455,1.9927260401
ve_re1_n64,8.54400000001,0.011136500619,1.99289284634
ve_re1_n64,8.55200000001,0.0111362592208,1.99305906314
ve_re1_n64,8.56000000001,0.0111360186484,1.99322469269
ve_re1_n64,8.56800000001,0.0111357788991,1.99338973705
ve_re1_n64,8.57600000001,0.0111355399704,1.99355419829
ve_re1_n64,8.58400000001,0.0111353018596,1.99371807849
ve_re1_n64,8.59200000001,0.011135064564,1.99388137981
ve_re1_n64,8.60000000001,0.0111348280809,1.99404410453
ve_re1_n64,8.60800000001,0.0111345924073,1.99420625477
ve_re1_n64,8.61600000001,0.0111343575404,1.9943678326
ve_re1_n64,8.62400000001,0.0111341234778,1.99452884011
ve_re1_n64,8.63200000001,0.0111338902167,1.9946892794
ve_re1_n64,8.64000000001,0.0111336577545,1.9948491525
ve_re1_n64,8.64800000001,0.0111334260899,1.99500846092
ve_re1_n64,8.65600000001,0.0111331952217,1.99516720634
ve_re1_n64,8.66400000001,0.0111329651479,1.99532539063
ve_re1_n64,8.67200000001,0.0111327358662,1.99548301566
ve_re1_n64,8.68000000001,0.0111325073742,1.99564008331
ve_re1_n64,8.68800000001,0.0111322796695,1.99579659548
ve_re1_n64,8.69600000001,0.0111320527496,1.9959525541
ve_re1_n64,8.70400000001,0.0111318266118,1.99610796107
ve_re1_n64,8.71200000001,0.0111316012536,1.99626281834
ve_re1_n64,8.72000000001,0.0111313766723,1.99641712781
ve_re1_n64,8.72800000001,0.0111311528652,1.99657089144
ve_re1_n64,8.73600000001,0.0111309298296,1.99672411114
ve_re1_n64,8.74400000001,0.0111307075629,1.99687678885
ve_re1_n64,8.75200000001,0.0111304860623,1.99702892651
ve_re1_n64,8.76000000001,0.0111302653255,1.99718052604
ve_re1_n64,8.76800000001,0.0111300453496,1.99733158939
ve_re1_n64,8.77600000001,0.0111298261321,1.99748211849
ve_re1_n64,8.78400000001,0.0111296076704,1.99763211529
ve_re1_n64,8.79200000001,0.0111293899616,1.99778158173
ve_re1_n64,8.80000000001,0.0111291730029,1.99793051973
ve_re1_n64,8.80800000001,0.0111289567915,1.99807893125
ve_re1_n64,8.81600000001,0.0111287413243,1.99822681832
ve_re1_n64,8.82400000001,0.0111285265995,1.99837418286
ve_re1_n64,8.83200000001,0.0111283126139,1.99852102679
ve_re1_n64,8.84000000001,0.0111280993649,1.99866735203
ve_re1_n64,8.84800000001,0.01112788685,1.99881316051
ve_re1_n64,8.85600000001,0.0111276750668,1.99895845415
ve_re1_n64,8.86400000001,0.0111274640127,1.99910323486
ve_re1_n64,8.87200000001,0.0111272536849,1.99924750457
ve_re1_n64,8.88000000001,0.0111270440809,1.9993912652
ve_re1_n64,8.88800000001,0.011126835198,1.99953451865
ve_re1_n64,8.89600000001,0.0111266270336,1.99967726684
ve_re1_n64,8.90400000001,0.0111264195851,1.99981951169
ve_re1_n64,8.91200000001,0.0111262128501,1.99996125511
ve_re1_n64,8.92000000001,0.0111260068273,2.00010249903
ve_re1_n64,8.92800000001,0.0111258015133,2.00024324535
ve_re1_n64,8.93600000001,0.0111255969055,2.00038349598
ve_re1_n64,8.94400000001,0.0111253930012,2.00052325277
ve_re1_n64,8.95200000001,0.0111251897978,2.0006625176
ve_re1_n64,8.96000000001,0.0111249872941,2.00080129231
ve_re1_n64,8.96800000001,0.0111247854859,2.00093957875
ve_re1_n64,8.97600000001,0.0111245843702,2.00107737873
ve_re1_n64,8.98400000001,0.0111243839444,2.00121469404
ve_re1_n64,8.99200000001,0.0111241842058,2.00135152647
ve_re1_n64,9.00000000001,0.0111239851516,2.00148787781
ve_re1_n64,9.00800000001,0.011123786779,2.00162374982
ve_re1_n64,9.01600000001,0.0111235890851,2.00175914423
ve_re1_n64,9.02400000001,0.011123392067,2.00189406277
ve_re1_n64,9.03200000001,0.0111231957218,2.00202850716
ve_re1_n64,9.04000000001,0.0111230000466,2.0021624791
ve_re1_n64,9.04800000001,0.0111228050384,2.0022959803
ve_re1_n64,9.05600000001,0.0111226106944,2.00242901244
ve_re1_n64,9.06400000001,0.0111224170115,2.0025615772
ve_re1_n64,9.07200000001,0.0111222239869,2.00269367626
ve_re1_n64,9.08000000001,0.0111220316177,2.00282531127
ve_re1_n64,9.08800000001,0.011121839901,2.0029564839
ve_re1_n64,9.09600000001,0.011121648834,2.0030871958
ve_re1_n64,9.10400000001,0.0111214584138,2.00321744859
ve_re1_n64,9.11200000001,0.0111212686377,2.00334724392
ve_re1_n64,9.12000000001,0.0111210795028,2.00347658341
ve_re1_n64,9.12800000001,0.0111208910063,2.00360546866
ve_re1_n64,9.13600000001,0.0111207031456,2.00373390128
ve_re1_n64,9.14400000001,0.0111205159178,2.00386188289
ve_re1_n64,9.15200000001,0.0111203293204,2.00398941505
ve_re1_n64,9.16000000001,0.0111201433505,2.00411649937
ve_re1_n64,9.16800000001,0.0111199580055,2.00424313741
ve_re1_n64,9.17600000001,0.0111197732829,2.00436933075
ve_re1_n64,9.18400000001,0.01111958918,2.00449508095
ve_re1_n64,9.19200000001,0.0111194056943,2.00462038955
ve_re1_n64,9.20000000001,0.0111192228232,2.00474525813
ve_re1_n64,9.20800000001,0.0111190405643,2.00486968823
ve_re1_n64,9.21600000001,0.0111188589151,2.00499368123
ve_re1_n64,9.22400000001,0.0111186778735,2.00511723824
ve_re1_n64,9.23200000001,0.0111184974376,2.00524036076
ve_re1_n64,9.24000000001,0.0111183176053,2.00536305036
ve_re1_n64,9.24800000001,0.0111181383749,2.00548530857
ve_re1_n64,9.25600000001,0.0111179597443,2.00560713691
ve_re1_n64,9.26400000001,0.0111177817113,2.00572853689
ve_re1_n64,9.27200000001,0.0111176042739,2.00584951003
ve_re1_n64,9.28000000001,0.0111174274299,2.00597005784
ve_re1_n64,9.28800000001,0.0111172511776,2.0060901818
ve_re1_n64,9.29600000001,0.011117075515,2.00620988343
ve_re1_n64,9.304,0.0111169004398,2.00632916422
ve_re1_n64,9.312,0.0111167259498,2.00644802568
ve_re1_n64,9.32,0.0111165520431,2.00656646931
ve_re1_n64,9.328,0.0111163787175,2.0066844966
ve_re1_n64,9.336,0.011116205971,2.00680210905
ve_re1_n64,9.344,0.0111160338016,2.00691930815
ve_re1_n64,9.352,0.0111158622073,2.00703609541
ve_re1_n64,9.36,0.0111156911862,2.00715247231
ve_re1_n64,9.368,0.0111155207364,2.00726844035
ve_re1_n64,9.376,0.0111153508559,2.00738400101
ve_re1_n64,9.384,0.0111151815427,2.00749915579
ve_re1_n64,9.392,0.0111150127948,2.00761390616
ve_re1_n64,9.4,0.0111148446102,2.00772825363
ve_re1_n64,9.408,0.011114676987,2.00784219967
ve_re1_n64,9.416,0.011114509923,2.00795574576
ve_re1_n64,9.424,0.0111143434164,2.00806889329
ve_re1_n64,9.432,0.0111141774651,2.00818164372
ve_re1_n64,9.44,0.011114012067,2.00829399851
ve_re1_n64,9.448,0.0111138472202,2.00840595914
ve_re1_n64,9.456,0.0111136829225,2.00851752707
ve_re1_n64,9.464,0.0111135191721,2.00862870375
ve_re1_n64,9.472,0.0111133559668,2.00873949065
ve_re1_n64,9.48,0.0111131933046,2.00884988921
ve_re1_n64,9.488,0.0111130311834,2.00895990086
ve_re1_n64,9.496,0.0111128696013,2.00906952706
ve_re1_n64,9.504,0.011112708556,2.00917876922
ve_re1_n64,9.512,0.0111125480455,2.00928762878
ve_re1_n64,9.52,0.0111123880677,2.00939610715
ve_re1_n64,9.528,0.0111122286206,2.00950420576
ve_re1_n64,9.536,0.0111120697019,2.00961192599
ve_re1_n64,9.544,0.0111119113095,2.00971926924
ve_re1_n64,9.552,0.0111117534414,2.00982623688
ve_re1_n64,9.56,0.0111115960955,2.00993283029
ve_re1_n64,9.568,0.0111114392694,2.01003905083
ve_re1_n64,9.576,0.0111112829612,2.01014489986
ve_re1_n64,9.584,0.0111111271687,2.01025037873
ve_re1_n64,9.592,0.0111109718898,2.01035548878
ve_re1_n64,9.6,0.0111108171223,2.01046023134
ve_re1_n64,9.608,0.0111106628641,2.01056460776
ve_re1_n64,9.616,0.0111105091131,2.01066861936
ve_re1_n64,9.624,0.0111103558672,2.01077226745
ve_re1_n64,9.632,0.0111102031243,2.01087555333
ve_re1_n64,9.64,0.0111100508825,2.01097847831
ve_re1_n64,9.648,0.0111098991395,2.01108104368
ve_re1_n64,9.656,0.0111097478935,2.01118325071
ve_re1_n64,9.664,0.0111095971423,2.01128510071
ve_re1_n64,9.672,0.0111094468839,2.01138659495
ve_re1_n64,9.68,0.0111092971164,2.01148773471
ve_re1_n64,9.688,0.0111091478378,2.01158852126
ve_re1_n64,9.696,0.011108999046,2.01168895589
ve_re1_n64,9.704,0.0111088507392,2.01178903984
ve_re1_n64,9.712,0.0111087029154,2.01188877438
ve_re1_n64,9.72,0.0111085555727,2.01198816077
ve_re1_n64,9.728,0.0111084087092,2.01208720027
ve_re1_n64,9.736,0.0111082623229,2.01218589412
ve_re1_n64,9.744,0.0111081164121,2.01228424358
ve_re1_n64,9.752,0.0111079709748,2.01238224989
ve_re1_n64,9.76,0.0111078260092,2.0124799143
ve_re1_n64,9.768,0.0111076815134,2.01257723803
ve_re1_n64,9.776,0.0111075374855,2.01267422233
ve_re1_n64,9.784,0.0111073939238,2.01277086843
ve_re1_n64,9.792,0.0111072508264,2.01286717757
ve_re1_n64,9.8,0.0111071081914,2.01296315096
ve_re1_n64,9.808,0.011106966017,2.01305878982
ve_re1_n64,9.816,0.0111068243015,2.01315409539
ve_re1_n64,9.824,0.0111066830429,2.01324906887
ve_re1_n64,9.832,0.0111065422395,2.01334371148
ve_re1_n64,9.84,0.0111064018895,2.01343802443
ve_re1_n64,9.848,0.011106261991,2.0135320089
ve_re1_n64,9.856,0.0111061225422,2.01362566605
ve_re1_n64,9.864,0.0111059835414,2.01371899708
ve_re1_n64,9.872,0.0111058449866,2.01381200318
ve_re1_n64,9.88,0.0111057068762,2.01390468554
ve_re1_n64,9.888,0.0111055692083,2.01399704535
ve_re1_n64,9.896,0.0111054319811,2.01408908378
ve_re1_n64,9.904,0.0111052951929,2.01418080202
ve_re1_n64,9.912,0.0111051588419,2.01427220123
ve_re1_n64,9.92,0.0111050229263,2.0143632826
ve_re1_n64,9.928,0.0111048874443,2.01445404729
ve_re1_n64,9.936,0.0111047523941,2.01454449646
ve_re1_n64,9.944,0.0111046177741,2.01463463128
ve_re1_n64,9.952,0.0111044835823,2.01472445291
ve_re1_n64,9.96,0.0111043498171,2.01481396249
ve_re1_n64,9.968,0.0111042164768,2.01490316112
ve_re1_n64,9.976,0.0111040835604,2.01499204997
ve_re1_n64,9.984,0.0111039510657,2.01508063016
ve_re1_n64,9.992,0.0111038189908,2.01516890286
ve_re1_n64,10,0.0111036873343,2.01525686919
ve_re1_n128,0,0,0
ve_re1_n128,0.008,1.07411092493e-09,2.21844324866e-11
ve_re1_n128,0.016,1.81796646624e-09,8.46445123059e-11
ve_re1_n128,0.024,2.65297512687e-09,1.99434850304e-10
ve_re1_n128,0.032,3.66469128783e-09,3.85493509493e-10
ve_re1_n128,0.04,4.92767624036e-09,6.68240830861e-10
ve_re1_n128,0.048,6.52730289408e-09,1.08123568112e-09
ve_re1_n128,0.056,8.56909391705e-09,1.66853463955e-09
ve_re1_n128,0.064,1.11868355343e-08,2.48780294159e-09
ve_re1_n128,0.072,1.45518005229e-08,3.6143604e-09
ve_re1_n128,0.08,1.8884153628e-08,5.14642359529e-09
ve_re1_n128,0.088,2.44674362356e-08,7.21188829973e-09
ve_re1_n128,0.096,3.16671282179e-08,9.97709832331e-09
ve_re1_n128,0.104,4.09545114249e-08,1.36581768019e-08
ve_re1_n128,0.112,5.29373838021e-08,1.85356628075e-08
ve_re1_n128,0.12,6.83996023483e-08,2.49734100816e-08
ve_re1_n128,0.128,8.83519883904e-08,3.34429799576e-08
ve_re1_n128,0.136,1.1409784128e-07,4.455511352e-08
ve_re1_n128,0.144,1.47317217777e-07,5.91003213268e-08
ve_re1_n128,0.152,1.90175296414e-07,7.81012099088e-08
ve_re1_n128,0.16,2.45461624826e-07,1.02879908083e-07
ve_re1_n128,0.168,3.16768925109e-07,1.35144907447e-07
ve_re1_n128,0.176,4.08722509031e-07,1.77102846457e-07
ve_re1_n128,0.184,5.27274355235e-07,2.31602316626e-07
ve_re1_n128,0.192,6.80079675187e-07,3.02318741085e-07
ve_re1_n128,0.2,8.76978524326e-07,3.93991879772e-07
ve_re1_n128,0.208,1.13061091382e-06,5.12730687949e-07
ve_re1_n128,0.216,1.45720119554e-06,6.66404262694e-07
ve_re1_n128,0.224,1.8775565104e-06,8.6514265915e-07
ve_re1_n128,0.232,2.41833511876e-06,1.12197769059e-06
ve_re1_n128,0.24,3.11365379439e-06,1.45366173617e-06
ve_re1_n128,0.248,4.00711947532e-06,1.88171241149e-06
ve_re1_n128,0.256,5.15438928421e-06,2.43374310438e-06
ve_re1_n128,0.264,6.62638500345e-06,3.14515428367e-06
ve_re1_n128,0.272,8.51331303764e-06,4.06127862976e-06
ve_re1_n128,0.28,1.09296683842e-05,5.24009490014e-06
ve_re1_n128,0.288,1.40204301685e-05,6.75565148736e-06
ve_re1_n128,0.296,1.79686850594e-05,8.70237120963e-06
ve_re1_n128,0.304,2.30049403758e-05,1.12004441518e-05
ve_re1_n128,0.312,2.94184063431e-05,1.44025551601e-05
ve_re1_n128,0.32,3.75705301212e-05,1.8502236152e-05
ve_re1_n128,0.328,4.79110436934e-05,2.37441791885e-05
ve_re1_n128,0.336,6.09967313242e-05,3.04368915856e-05
ve_re1_n128,0.344,7.75130147717e-05,3.89681149977e-05
ve_re1_n128,0.352,9.82982776781e-05,4.98234602157e-05
ve_re1_n128,0.36,0.000124370584804,6.36087198671e-05
ve_re1_n128,0.368,0.000156956077989,8.10763011122e-05
ve_re1_n128,0.376,0.000197517834765,0.000103156155981
ve_re1_n128,0.384,0.000247783354199,0.000130991462141
ve_re1_n128,0.392,0.000309768104095,0.000165979104642
ve_re1_n128,0.4,0.000385791769423,0.000209814713353
ve_re1_n128,0.408,0.000478483068341,0.00026454161006
ve_re1_n128,0.416,0.000590768379802,0.00033260251062
ve_re1_n128,0.424,0.000725839131695,0.000416892223026
ve_re1_n128,0.432,0.000887093139959,0.000520808918425
ve_re1_n128,0.44,0.00107804607904,0.000648300834575
ve_re1_n128,0.448,0.00130221116871,0.000803904779759
ve_re1_n128,0.456,0.00156294803772,0.00099277218401
ve_re1_n128,0.464,0.00186328545077,0.00122067848526
ve_re1_n128,0.472,0.00220572681462,0.00149401178316
ve_re1_n128,0.48,0.0025920515348,0.00181973744079
ve_re1_n128,0.488,0.0030231286262,0.00220533653542
ve_re1_n128,0.496,0.00349876070467,0.00265871769946
ve_re1_n128,0.504,0.00401757595586,0.00318810386564
ve_re1_n128,0.512,0.00457698260153,0.00380189747116
ve_re1_n128,0.52,0.00517319492754,0.00450852957337
ve_re1_n128,0.528,0.00580133279267,0.00531629983391
ve_re1_n128,0.536,0.0064555887921,0.00623321522523
ve_re1_n128,0.544,0.00712945012155,0.00726683539656
ve_re1_n128,0.552,0.00781595683427,0.00842413209808
ve_re1_n128,0.56,0.00850797537247,0.00971136885283
ve_re1_n128,0.568,0.00919846621453,0.0111340053628
ve_re1_n128,0.576,0.00988072695081,0.012696629105
ve_re1_n128,0.584,0.0105485964586,0.0144029148439
ve_re1_n128,0.592,0.0111966111526,0.016255610941
ve_re1_n128,0.6,0.0118201097098,0.0182565502002
ve_re1_n128,0.608,0.0124152874984,0.0204066814601
ve_re1_n128,0.616,0.0129792056736,0.0227061183093
ve_re1_n128,0.624,0.0135097623779,0.025154200474
ve_re1_n128,0.632,0.0140056346926,0.0277495646628
ve_re1_n128,0.64,0.0144662001659,0.0304902200163
ve_re1_n128,0.648,0.0148914461135,0.0333736260859
ve_re1_n128,0.656,0.0152818737189,0.0363967698154
ve_re1_n128,0.664,0.0156384026389,0.0395562407051
ve_re1_n128,0.672,0.0159622803098,0.0428483018818
ve_re1_n128,0.68,0.016254998876,0.0462689556498
ve_re1_n128,0.688,0.0165182214427,0.0498140044195
ve_re1_n128,0.696,0.0167537184661,0.053479104556
ve_re1_n128,0.704,0.0169633143417,0.0572598149999
ve_re1_n128,0.712,0.0171488437476,0.0611516409868
ve_re1_n128,0.72,0.0173121169095,0.0651500707081
ve_re1_n128,0.728,0.0174548929826,0.0692506074875
ve_re1_n128,0.736,0.0175788602784,0.0734487981874
ve_re1_n128,0.744,0.0176856224713,0.0777402552023
ve_re1_n128,0.752,0.0177766895987,0.0821206787149
ve_re1_n128,0.76,0.0178534731133,0.0865858696118
ve_re1_n128,0.768,0.0179172840643,0.0911317455174
ve_re1_n128,0.776,0.0179693336862,0.095754347519
ve_re1_n128,0.784,0.0180107358826,0.100449852328
ve_re1_n128,0.792,0.0180425109574,0.10521457366
ve_re1_n128,0.8,0.0180655903907,0.110044972136
ve_re1_n128,0.808,0.0180808220739,0.114937656031
ve_re1_n128,0.816,0.0180889759572,0.119889381705
ve_re1_n128,0.824,0.018090749778,0.124897056615
ve_re1_n128,0.832,0.0180867746766,0.129957733653
ve_re1_n128,0.84,0.0180776208561,0.135068612848
ve_re1_n128,0.848,0.0180638028475,0.140227040431
ve_re1_n128,0.856,0.0180457845647,0.145430502053
ve_re1_n128,0.864,0.0180239840992,0.150676623762
ve_re1_n128,0.872,0.017998778073,0.155963171408
ve_re1_n128,0.88,0.0179705058246,0.161288040058
ve_re1_n128,0.888,0.0179394729601,0.166649253475
ve_re1_n128,0.896,0.01790595486,0.172044963295
ve_re1_n128,0.904,0.0178701998959,0.177473436063
ve_re1_n128,0.912,0.0178324321176,0.182933046651
ve_re1_n128,0.92,0.0177928537551,0.188422284167
ve_re1_n128,0.928,0.0177516475775,0.193939746283
ve_re1_n128,0.936,0.0177089791042,0.199484123985
ve_re1_n128,0.944,0.0176649981806,0.205054202141
ve_re1_n128,0.952,0.0176198407162,0.210648859085
ve_re1_n128,0.96,0.017573630333,0.216267064857
ve_re1_n128,0.968,0.0175264797214,0.221907862052
ve_re1_n128,0.976,0.0174784914434,0.2275703682
ve_re1_n128,0.984,0.0174297590813,0.23325377743
ve_re1_n128,0.992,0.017380368319,0.238957355635
ve_re1_n128,1,0.0173303978381,0.244680421443
ve_re1_n128,1.008,0.017279919866,0.250422351355
ve_re1_n128,1.016,0.0172290006876,0.256182576021
ve_re1_n128,1.024,0.0171777014036,0.261960584043
ve_re1_n128,1.032,0.0171260785403,0.267755907059
ve_re1_n128,1.04,0.017074184508,0.273568113923
ve_re1_n128,1.048,0.0170220678746,0.279396821064
ve_re1_n128,1.056,0.0169697735654,0.285241672975
ve_re1_n128,1.064,0.0169173433953,0.291102356307
ve_re1_n128,1.072,0.0168648164253,0.296978582088
ve_re1_n128,1.08,0.0168122291261,0.30287008222
ve_re1_n128,1.088,0.0167596155511,0.308776615716
ve_re1_n128,1.096,0.0167070074357,0.314697958556
ve_re1_n128,1.104,0.0166544344199,0.320633910129
ve_re1_n128,1.112,0.016601924376,0.326584290326
ve_re1_n128,1.12,0.0165495035392,0.332548920749
ve_re1_n128,1.128,0.0164971964974,0.338527635236
ve_re1_n128,1.136,0.0164450262899,0.344520283335
ve_re1_n128,1.144,0.0163930145373,0.350526731815
ve_re1_n128,1.152,0.0163411817774,0.356546866929
ve_re1_n128,1.16,0.0162895472851,0.362580555348
ve_re1_n128,1.168,0.0162381292519,0.368627649747
ve_re1_n128,1.176,0.0161869449087,0.374688014473
ve_re1_n128,1.184,0.0161360104051,0.380761518816
ve_re1_n128,1.192,0.0160853406932,0.386848021812
ve_re1_n128,1.2,0.0160349497671,0.392947383859
ve_re1_n128,1.208,0.0159848509455,0.399059479992
ve_re1_n128,1.216,0.0159350567886,0.405184170065
ve_re1_n128,1.224,0.015885579037,0.411321307313
ve_re1_n128,1.232,0.0158364286978,0.41747074268
ve_re1_n128,1.24,0.0157876161177,0.423632331469
ve_re1_n128,1.248,0.0157391509868,0.429805941773
ve_re1_n128,1.256,0.0156910424105,0.435991437863
ve_re1_n128,1.264,0.0156432989122,0.442188679064
ve_re1_n128,1.272,0.0155959285255,0.448397480849
ve_re1_n128,1.28,0.0155489387931,0.454617595477
ve_re1_n128,1.288,0.0155023367413,0.460848808496
ve_re1_n128,1.296,0.015456128754,0.46709090118
ve_re1_n128,1.304,0.0154103206855,0.473343646686
ve_re1_n128,1.312,0.0153649176256,0.479606807586
ve_re1_n128,1.32,0.0153199244114,0.485880150765
ve_re1_n128,1.328,0.0152753454974,0.492163456374
ve_re1_n128,1.336,0.0152311849393,0.498456507101
ve_re1_n128,1.344,0.0151874464359,0.504759054548
ve_re1_n128,1.352,0.0151441333395,0.511070891082
ve_re1_n128,1.36,0.015101248921,0.517391796404
ve_re1_n128,1.368,0.0150587959043,0.52372153654
ve_re1_n128,1.376,0.0150167764361,0.530059846045
ve_re1_n128,1.384,0.0149751923936,0.536406460871
ve_re1_n128,1.392,0.0149340454909,0.542761111145
ve_re1_n128,1.4,0.0148933373391,0.549123430647
ve_re1_n128,1.408,0.0148530690527,0.555493067108
ve_re1_n128,1.416,0.0148132414748,0.561869636173
ve_re1_n128,1.424,0.0147738551462,0.568252798743
ve_re1_n128,1.432,0.014734910386,0.574642224265
ve_re1_n128,1.44,0.0146964072247,0.581037582247
ve_re1_n128,1.448,0.0146583451873,0.587438510212
ve_re1_n128,1.456,0.0146207235865,0.593844705368
ve_re1_n128,1.464,0.0145835417113,0.600255882791
ve_re1_n128,1.472,0.014546798819,0.606671787725
ve_re1_n128,1.48,0.0145104942589,0.613092171104
ve_re1_n128,1.488,0.014474626876,0.61951675925
ve_re1_n128,1.496,0.0144391952778,0.625945235239
ve_re1_n128,1.504,0.0144041979048,0.632377295254
ve_re1_n128,1.512,0.0143696330222,0.638812605716
ve_re1_n128,1.52,0.0143354987525,0.645250835693
ve_re1_n128,1.528,0.0143017928961,0.651691631591
ve_re1_n128,1.536,0.0142685127997,0.658134499142
ve_re1_n128,1.544,0.0142356559814,0.664579001434
ve_re1_n128,1.552,0.0142032200536,0.671024701813
ve_re1_n128,1.56,0.0141712024716,0.677471231941
ve_re1_n128,1.568,0.0141396006432,0.683918207292
ve_re1_n128,1.576,0.0141084118644,0.690365302058
ve_re1_n128,1.584,0.0140776331406,0.69681219759
ve_re1_n128,1.592,0.0140472613163,0.703258579449
ve_re1_n128,1.6,0.0140172931731,0.709704155527
ve_re1_n128,1.608,0.0139877257751,0.716148700586
ve_re1_n128,1.616,0.0139585560383,0.722591961618
ve_re1_n128,1.624,0.0139297804807,0.729033647777
ve_re1_n128,1.632,0.0139013955648,0.735473419784
ve_re1_n128,1.64,0.013873397616,0.741910844457
ve_re1_n128,1.648,0.01384578278,0.748345512284
ve_re1_n128,1.656,0.0138185473966,0.754777125994
ve_re1_n128,1.664,0.0137916877304,0.761205343715
ve_re1_n128,1.672,0.0137651999831,0.767629902125
ve_re1_n128,1.68,0.0137390801254,0.774050543125
ve_re1_n128,1.688,0.0137133242934,0.780467003848
ve_re1_n128,1.696,0.0136879286317,0.786878976314
ve_re1_n128,1.704,0.0136628892297,0.793286134137
ve_re1_n128,1.712,0.0136382021689,0.799688136687
ve_re1_n128,1.72,0.0136138634292,0.806084675375
ve_re1_n128,1.728,0.0135898690305,0.812475417663
ve_re1_n128,1.736,0.0135662149843,0.81886004706
ve_re1_n128,1.744,0.0135428972116,0.825238323698
ve_re1_n128,1.752,0.0135199116206,0.831610005652
ve_re1_n128,1.76,0.0134972540703,0.837974847549
ve_re1_n128,1.768,0.0134749207248,0.844332488405
ve_re1_n128,1.776,0.0134529072913,0.850682374829
ve_re1_n128,1.784,0.0134312095553,0.857024222049
ve_re1_n128,1.792,0.0134098234274,0.863357759647
ve_re1_n128,1.8,0.0133887447565,0.869682713363
ve_re1_n128,1.808,0.0133679694279,0.875998908834
ve_re1_n128,1.816,0.0133474933724,0.882306153015
ve_re1_n128,1.824,0.0133273125433,0.888604233373
ve_re1_n128,1.832,0.0133074229309,0.894892923265
ve_re1_n128,1.84,0.0132878205889,0.901172022769
ve_re1_n128,1.848,0.0132685015385,0.90744133594
ve_re1_n128,1.856,0.0132494617609,0.913700662679
ve_re1_n128,1.864,0.0132306970742,0.919949794058
ve_re1_n128,1.872,0.0132122034754,0.926188510996
ve_re1_n128,1.88,0.0131939770042,0.932416607502
ve_re1_n128,1.888,0.0131760137324,0.938633901422
ve_re1_n128,1.896,0.0131583097374,0.944840208685
ve_re1_n128,1.904,0.0131408610757,0.951035350798
ve_re1_n128,1.912,0.0131236638182,0.957219167698
ve_re1_n128,1.92,0.0131067141216,0.963391498202
ve_re1_n128,1.928,0.0130900081849,0.969552159387
ve_re1_n128,1.936,0.013073542298,0.975700925138
ve_re1_n128,1.944,0.0130573127261,0.981837541402
ve_re1_n128,1.952,0.01304131556,0.987961549978
ve_re1_n128,1.96,0.0130255470553,0.994072796787
ve_re1_n128,1.968,0.0130100037339,1.00017100473
ve_re1_n128,1.976,0.0129946819465,1.00625594106
ve_re1_n128,1.984,0.0129795780879,1.01232750528
ve_re1_n128,1.992,0.0129646886513,1.01838561623
ve_re1_n128,2,0.0129500100957,1.02443011929
ve_re1_n128,2.008,0.0129355388798,1.03046091109
ve_re1_n128,2.016,0.0129212715465,1.03647788885
ve_re1_n128,2.024,0.012907204773,1.04248077197
ve_re1_n128,2.032,0.0128933353209,1.04846939003
ve_re1_n128,2.04,0.0128796600036,1.0544436122
ve_re1_n128,2.048,0.012866175659,1.06040329571
ve_re1_n128,2.056,0.0128528790946,1.06634831187
ve_re1_n128,2.064,0.0128397671349,1.07227853096
ve_re1_n128,2.072,0.012826836661,1.07819379904
ve_re1_n128,2.08,0.0128140846127,1.08409395655
ve_re1_n128,2.088,0.0128015079843,1.08997882904
ve_re1_n128,2.096,0.0127891038873,1.09584803411
ve_re1_n128,2.104,0.0127768693461,1.10170145217
ve_re1_n128,2.112,0.0127648013878,1.10753905073
ve_re1_n128,2.12,0.0127528971182,1.11336077124
ve_re1_n128,2.128,0.0127411537101,1.11916653617
ve_re1_n128,2.136,0.0127295683711,1.12495627344
ve_re1_n128,2.144,0.0127181383438,1.13072988276
ve_re1_n128,2.152,0.0127068609267,1.13648729428
ve_re1_n128,2.16,0.0126957334507,1.1422284415
ve_re1_n128,2.168,0.0126847532746,1.14795326681
ve_re1_n128,2.176,0.0126739177959,1.15366172122
ve_re1_n128,2.184,0.0126632244153,1.15935376355
ve_re1_n128,2.192,0.0126526705388,1.16502921215
ve_re1_n128,2.2,0.0126422536093,1.17068788295
ve_re1_n128,2.208,0.012631971162,1.17632967382
ve_re1_n128,2.216,0.0126218207638,1.18195448375
ve_re1_n128,2.224,0.0126118000492,1.18756226255
ve_re1_n128,2.232,0.0126019067434,1.19315303118
ve_re1_n128,2.24,0.0125921386293,1.19872675051
ve_re1_n128,2.248,0.0125824934221,1.20428336763
ve_re1_n128,2.256,0.0125729688421,1.20982287724
ve_re1_n128,2.264,0.0125635626693,1.21534526985
ve_re1_n128,2.272,0.0125542727122,1.22085051629
ve_re1_n128,2.28,0.0125450968201,1.22633855725
ve_re1_n128,2.288,0.0125360328952,1.23180935703
ve_re1_n128,2.296,0.0125270789416,1.23726278758
ve_re1_n128,2.304,0.0125182330576,1.24269869185
ve_re1_n128,2.312,0.0125094933587,1.24811684897
ve_re1_n128,2.32,0.0125008580395,1.25351702603
ve_re1_n128,2.328,0.0124923252839,1.25889925917
ve_re1_n128,2.336,0.012483893268,1.26426355366
ve_re1_n128,2.344,0.0124755601304,1.26960991019
ve_re1_n128,2.352,0.0124673240763,1.27493833047
ve_re1_n128,2.36,0.0124591833591,1.28024880681
ve_re1_n128,2.368,0.012451136274,1.28554132362
ve_re1_n128,2.376,0.0124431811993,1.29081583354
ve_re1_n128,2.384,0.0124353165732,1.29607218814
ve_re1_n128,2.392,0.0124275407945,1.30131031998
ve_re1_n128,2.4,0.0124198522647,1.3065301893
ve_re1_n128,2.408,0.0124122494395,1.31173175082
ve_re1_n128,2.416,0.0124047308196,1.316914939
ve_re1_n128,2.424,0.0123972949459,1.32207967181
ve_re1_n128,2.432,0.012389940331,1.3272258761
ve_re1_n128,2.44,0.012382665538,1.33235347537
ve_re1_n128,2.448,0.0123754691904,1.33746237459
ve_re1_n128,2.456,0.012368349919,1.34255249963
ve_re1_n128,2.464,0.0123613063847,1.34762386761
ve_re1_n128,2.472,0.0123543373502,1.35267646005
ve_re1_n128,2.48,0.0123474415741,1.35771024633
ve_re1_n128,2.488,0.01234061781,1.36272519313
ve_re1_n128,2.496,0.0123338648358,1.36772126941
ve_re1_n128,2.504,0.0123271814548,1.37269843583
ve_re1_n128,2.512,0.012320566493,1.37765666211
ve_re1_n128,2.52,0.0123140187984,1.38259593295
ve_re1_n128,2.528,0.0123075372476,1.38751620584
ve_re1_n128,2.536,0.0123011207249,1.39241746508
ve_re1_n128,2.544,0.0122947681343,1.39729967921
ve_re1_n128,2.552,0.0122884784132,1.40216277679
ve_re1_n128,2.56,0.0122822505017,1.40700671751
ve_re1_n128,2.568,0.0122760833631,1.41183147727
ve_re1_n128,2.576,0.0122699759949,1.41663700495
ve_re1_n128,2.584,0.0122639274072,1.42142330307
ve_re1_n128,2.592,0.0122579366171,1.42619037294
ve_re1_n128,2.6,0.012252002658,1.43093819782
ve_re1_n128,2.608,0.0122461245894,1.43566676806
ve_re1_n128,2.616,0.0122403015008,1.44037609679
ve_re1_n128,2.624,0.0122345325083,1.44506613963
ve_re1_n128,2.632,0.0122288167293,1.44973681437
ve_re1_n128,2.64,0.0122231533169,1.45438808402
ve_re1_n128,2.648,0.0122175414259,1.45901996918
ve_re1_n128,2.656,0.0122119802644,1.46363245795
ve_re1_n128,2.664,0.0122064690724,1.46822536328
ve_re1_n128,2.672,0.0122010070199,1.47279868658
ve_re1_n128,2.68,0.0121955933162,1.47735247939
ve_re1_n128,2.688,0.0121902271979,1.4818868055
ve_re1_n128,2.696,0.0121849079205,1.4864017298
ve_re1_n128,2.704,0.0121796347594,1.49089729319
ve_re1_n128,2.712,0.0121744070314,1.49537350892
ve_re1_n128,2.72,0.0121692240586,1.49983043401
ve_re1_n128,2.728,0.0121640851565,1.50426812223
ve_re1_n128,2.736,0.0121589896642,1.5086866248
ve_re1_n128,2.744,0.0121539369349,1.51308598325
ve_re1_n128,2.752,0.0121489263491,1.51746619793
ve_re1_n128,2.76,0.0121439573071,1.52182730359
ve_re1_n128,2.768,0.0121390292437,1.5261692841
ve_re1_n128,2.776,0.0121341415879,1.53049215271
ve_re1_n128,2.784,0.012129293761,1.53479596727
ve_re1_n128,2.792,0.0121244852091,1.53908076313
ve_re1_n128,2.8,0.0121197154179,1.5433465094
ve_re1_n128,2.808,0.0121149838993,1.54759320437
ve_re1_n128,2.816,0.0121102901078,1.55182088589
ve_re1_n128,2.824,0.0121056335016,1.55602960743
ve_re1_n128,2.832,0.0121010135839,1.56021941159
ve_re1_n128,2.84,0.0120964298664,1.56439034595
ve_re1_n128,2.848,0.0120918818697,1.56854242692
ve_re1_n128,2.856,0.0120873691335,1.57267565595
ve_re1_n128,2.864,0.0120828912022,1.57679003351
ve_re1_n128,2.872,0.0120784476221,1.58088558794
ve_re1_n128,2.88,0.0120740379538,1.58496234443
ve_re1_n128,2.888,0.0120696617785,1.58902031882
ve_re1_n128,2.896,0.0120653186747,1.59305954318
ve_re1_n128,2.904,0.0120610082409,1.59708001165
ve_re1_n128,2.912,0.0120567301205,1.60108176217
ve_re1_n128,2.92,0.0120524840154,1.60506483289
ve_re1_n128,2.928,0.0120482696099,1.60902926443
ve_re1_n128,2.936,0.0120440865716,1.61297509376
ve_re1_n128,2.944,0.01203993459,1.61690234636
ve_re1_n128,2.952,0.0120358133536,1.62081098767
ve_re1_n128,2.96,0.0120317225361,1.62470099725
ve_re1_n128,2.968,0.0120276618498,1.62857233304
ve_re1_n128,2.976,0.0120236309787,1.63242501829
ve_re1_n128,2.984,0.0120196296022,1.63625909213
ve_re1_n128,2.992,0.0120156574158,1.6400745863
ve_re1_n128,3,0.0120117141371,1.64387153055
ve_re1_n128,3.008,0.0120077994553,1.64764995423
ve_re1_n128,3.016,0.0120039130541,1.6514098949
ve_re1_n128,3.024,0.0120000546425,1.65515134368
ve_re1_n128,3.032,0.011996223948,1.65887429141
ve_re1_n128,3.04,0.0119924207011,1.66257879965
ve_re1_n128,3.048,0.0119886446419,1.66626490659
ve_re1_n128,3.056,0.0119848955104,1.66993271149
ve_re1_n128,3.064,0.0119811730719,1.67358229454
ve_re1_n128,3.072,0.0119774770729,1.67721369139
ve_re1_n128,3.08,0.0119738072535,1.68082695604
ve_re1_n128,3.088,0.0119701633839,1.684422135
ve_re1_n128,3.096,0.0119665452217,1.68799922549
ve_re1_n128,3.104,0.0119629525213,1.69155826076
ve_re1_n128,3.112,0.011959385043,1.69509929203
ve_re1_n128,3.12,0.0119558425503,1.69862237385
ve_re1_n128,3.128,0.0119523248057,1.7021275622
ve_re1_n128,3.136,0.0119488315649,1.70561491329
ve_re1_n128,3.144,0.0119453626026,1.70908446326
ve_re1_n128,3.152,0.0119419177031,1.71253625572
ve_re1_n128,3.16,0.0119384966435,1.71597034307
ve_re1_n128,3.168,0.0119350991946,1.71938674069
ve_re1_n128,3.176,0.0119317251305,1.72278547647
ve_re1_n128,3.184,0.0119283742212,1.72616660897
ve_re1_n128,3.192,0.011925046238,1.72953019985
ve_re1_n128,3.2,0.0119217409501,1.73287631139
ve_re1_n128,3.208,0.0119184581253,1.73620500076
ve_re1_n128,3.216,0.0119151975432,1.7395163243
ve_re1_n128,3.224,0.0119119589976,1.74281034271
ve_re1_n128,3.232,0.0119087422907,1.74608711039
ve_re1_n128,3.24,0.0119055472237,1.74934667739
ve_re1_n128,3.248,0.0119023735922,1.75258902076
ve_re1_n128,3.256,0.0118992211852,1.75581416432
ve_re1_n128,3.264,0.0118960897617,1.75902217073
ve_re1_n128,3.272,0.0118929790837,1.76221310414
ve_re1_n128,3.28,0.0118898889408,1.76538703499
ve_re1_n128,3.288,0.011886819126,1.76854402794
ve_re1_n128,3.296,0.0118837694229,1.77168414459
ve_re1_n128,3.304,0.0118807396207,1.7748074444
ve_re1_n128,3.312,0.0118777295145,1.77791396808
ve_re1_n128,3.32,0.011874738895,1.781003758
ve_re1_n128,3.328,0.0118717675414,1.78407685689
ve_re1_n128,3.336,0.0118688152288,1.78713325916
ve_re1_n128,3.344,0.0118658817496,1.79017299025
ve_re1_n128,3.352,0.0118629669105,1.79319608505
ve_re1_n128,3.36,0.0118600705201,1.79620259755
ve_re1_n128,3.368,0.0118571924007,1.7991925823
ve_re1_n128,3.376,0.0118543323735,1.80216609595
ve_re1_n128,3.384,0.0118514902557,1.80512319897
ve_re1_n128,3.392,0.0118486658632,1.80806394864
ve_re1_n128,3.4,0.0118458590293,1.81098839357
ve_re1_n128,3.408,0.0118430695886,1.81389658637
ve_re1_n128,3.416,0.01184029737,1.81678858447
ve_re1_n128,3.424,0.0118375421995,1.81966443216
ve_re1_n128,3.432,0.0118348039067,1.82252412413
ve_re1_n128,3.44,0.0118320823337,1.8253676964
ve_re1_n128,3.448,0.0118293773253,1.82819519529
ve_re1_n128,3.456,0.0118266887272,1.83100668063
ve_re1_n128,3.464,0.0118240163921,1.83380221147
ve_re1_n128,3.472,0.0118213601824,1.83658184918
ve_re1_n128,3.48,0.0118187199625,1.83934564798
ve_re1_n128,3.488,0.0118160955975,1.84209366472
ve_re1_n128,3.496,0.0118134869543,1.84482595911
ve_re1_n128,3.504,0.0118108938979,1.84754259483
ve_re1_n128,3.512,0.0118083162955,1.85024363081
ve_re1_n128,3.52,0.0118057540248,1.85292911875
ve_re1_n128,3.528,0.0118032069679,1.85559904982
ve_re1_n128,3.536,0.0118006750013,1.85825345086
ve_re1_n128,3.544,0.0117981580022,1.86089237423
ve_re1_n128,3.552,0.0117956558486,1.86351588364
ve_re1_n128,3.56,0.0117931684234,1.86612403939
ve_re1_n128,3.568,0.0117906956227,1.86871689679
ve_re1_n128,3.576,0.0117882373403,1.87129451971
ve_re1_n128,3.584,0.0117857934635,1.87385697157
ve_re1_n128,3.592,0.0117833638922,1.8764043126
ve_re1_n128,3.6,0.0117809485322,1.87893660746
ve_re1_n128,3.608,0.0117785472883,1.88145392127
ve_re1_n128,3.616,0.011776160064,1.8839563198
ve_re1_n128,3.624,0.0117737867665,1.88644386493
ve_re1_n128,3.632,0.0117714273004,1.88891658813
ve_re1_n128,3.64,0.0117690815746,1.89137450707
ve_re1_n128,3.648,0.011766749491,1.89381768902
ve_re1_n128,3.656,0.0117644309456,1.89624620306
ve_re1_n128,3.664,0.0117621258159,1.8986601196
ve_re1_n128,3.672,0.0117598339957,1.90105950303
ve_re1_n128,3.68,0.0117575553932,1.90344440266
ve_re1_n128,3.688,0.0117552899165,1.90581488385
ve_re1_n128,3.696,0.011753037479,1.90817101848
ve_re1_n128,3.704,0.0117507979954,1.91051287828
ve_re1_n128,3.712,0.0117485713775,1.91284053361
ve_re1_n128,3.72,0.0117463575427,1.91515405406
ve_re1_n128,3.728,0.0117441564083,1.91745351352
ve_re1_n128,3.736,0.0117419678914,1.91973898546
ve_re1_n128,3.744,0.0117397919142,1.92201053019
ve_re1_n128,3.752,0.0117376284165,1.92426815565
ve_re1_n128,3.76,0.0117354773356,1.92651192467
ve_re1_n128,3.768,0.0117333385972,1.92874190787
ve_re1_n128,3.776,0.0117312121231,1.93095816336
ve_re1_n128,3.784,0.0117290978321,1.93316076054
ve_re1_n128,3.792,0.0117269956467,1.93534977408
ve_re1_n128,3.8,0.0117249054908,1.93752527703
ve_re1_n128,3.808,0.0117228272915,1.93968734216
ve_re1_n128,3.816,0.0117207609805,1.94183604074
ve_re1_n128,3.824,0.0117187064924,1.94397144758
ve_re1_n128,3.832,0.0117166637604,1.94609363647
ve_re1_n128,3.84,0.0117146327164,1.9482026805
ve_re1_n128,3.848,0.0117126132922,1.95029865314
ve_re1_n128,3.856,0.0117106054167,1.95238163052
ve_re1_n128,3.864,0.011708609013,1.95445168798
ve_re1_n128,3.872,0.0117066240054,1.9565088582
ve_re1_n128,3.88,0.011704650324,1.95855317468
ve_re1_n128,3.888,0.0117026878975,1.96058471629
ve_re1_n128,3.896,0.0117007366614,1.96260355448
ve_re1_n128,3.904,0.0116987965557,1.964609757
ve_re1_n128,3.912,0.0116968675168,1.96660339274
ve_re1_n128,3.92,0.011694949478,1.96858453387
ve_re1_n128,3.928,0.0116930423708,1.97055325407
ve_re1_n128,3.936,0.0116911461277,1.97250962408
ve_re1_n128,3.944,0.0116892606833,1.97445371236
ve_re1_n128,3.952,0.0116873859762,1.9763855933
ve_re1_n128,3.96,0.0116855219448,1.97830534067
ve_re1_n128,3.968,0.0116836685268,1.98021303037
ve_re1_n128,3.976,0.011681825658,1.98210873082
ve_re1_n128,3.984,0.0116799932716,1.98399249861
ve_re1_n128,3.992,0.0116781713111,1.985864407
ve_re1_n128,4,0.0116763597265,1.9877245146
ve_re1_n128,4.008,0.0116745584669,1.98957282451
ve_re1_n128,4.016,0.0116727674802,1.99140938414
ve_re1_n128,4.024,0.0116709867123,1.99323426666
ve_re1_n128,4.032,0.0116692161,1.99504754505
ve_re1_n128,4.04,0.0116674555752,1.99684929072
ve_re1_n128,4.048,0.0116657050684,1.99863957344
ve_re1_n128,4.056,0.0116639645091,2.00041845405
ve_re1_n128,4.064,0.0116622338252,2.00218598019
ve_re1_n128,4.072,0.0116605129463,2.00394221923
ve_re1_n128,4.08,0.0116588018058,2.00568724257
ve_re1_n128,4.088,0.0116571003365,2.00742112215
ve_re1_n128,4.096,0.0116554084699,2.00914392808
ve_re1_n128,4.104,0.0116537261351,2.0108557336
ve_re1_n128,4.112,0.011652053259,2.01255661276
ve_re1_n128,4.12,0.0116503897698,2.01424663959
ve_re1_n128,4.128,0.0116487356042,2.01592588366
ve_re1_n128,4.136,0.011647090697,2.01759440918
ve_re1_n128,4.144,0.0116454549829,2.01925228308
ve_re1_n128,4.152,0.0116438283981,2.02089954444
ve_re1_n128,4.16,0.0116422108849,2.02253621687
ve_re1_n128,4.168,0.0116406023864,2.02416238556
ve_re1_n128,4.176,0.0116390028482,2.02577812482
ve_re1_n128,4.184,0.0116374122121,2.0273834973
ve_re1_n128,4.192,0.0116358304174,2.0289785702
ve_re1_n128,4.2,0.0116342574032,2.03056341806
ve_re1_n128,4.208,0.0116326931111,2.03213812161
ve_re1_n128,4.216,0.0116311374839,2.03370276011
ve_re1_n128,4.224,0.0116295904597,2.03525739759
ve_re1_n128,4.232,0.0116280519786,2.03680210585
ve_re1_n128,4.24,0.0116265219847,2.038336955
ve_re1_n128,4.248,0.0116250004183,2.0398620138
ve_re1_n128,4.256,0.0116234872192,2.04137734938
ve_re1_n128,4.264,0.0116219823271,2.0428830295
ve_re1_n128,4.272,0.0116204856836,2.04437912197
ve_re1_n128,4.28,0.0116189972302,2.04586569281
ve_re1_n128,4.288,0.0116175169075,2.0473428026
ve_re1_n128,4.296,0.0116160446571,2.048810516
ve_re1_n128,4.304,0.011614580421,2.05026889737
ve_re1_n128,4.312,0.0116131241399,2.05171799777
ve_re1_n128,4.32,0.0116116757589,2.05315782645
ve_re1_n128,4.328,0.0116102352282,2.05458844638
ve_re1_n128,4.336,0.011608802498,2.05600992343
ve_re1_n128,4.344,0.0116073775182,2.05742232001
ve_re1_n128,4.352,0.0116059602385,2.05882569991
ve_re1_n128,4.36,0.0116045506069,2.06022012856
ve_re1_n128,4.368,0.0116031485685,2.0616056614
ve_re1_n128,4.376,0.0116017540671,2.06298235954
ve_re1_n128,4.384,0.0116003670445,2.06435028875
ve_re1_n128,4.392,0.011598987442,2.06570951441
ve_re1_n128,4.4,0.0115976151994,2.06706009875
ve_re1_n128,4.408,0.0115962502585,2.06840209765
ve_re1_n128,4.416,0.01159489256,2.06973557091
ve_re1_n128,4.424,0.0115935420437,2.07106057927
ve_re1_n128,4.432,0.0115921986498,2.07237718364
ve_re1_n128,4.44,0.0115908623193,2.07368544528
ve_re1_n128,4.448,0.0115895329938,2.07498542436
ve_re1_n128,4.456,0.0115882106149,2.07627717916
ve_re1_n128,4.464,0.0115868951255,2.07756076715
ve_re1_n128,4.472,0.0115855864705,2.07883624503
ve_re1_n128,4.48,0.0115842845972,2.0801036711
ve_re1_n128,4.488,0.0115829894636,2.08136310854
ve_re1_n128,4.496,0.0115817010279,2.08261459841
ve_re1_n128,4.504,0.0115804192496,2.08385817908
ve_re1_n128,4.512,0.011579144084,2.08509391039
ve_re1_n128,4.52,0.0115778754808,2.08632185097
ve_re1_n128,4.528,0.0115766133887,2.08754205828
ve_re1_n128,4.536,0.0115753577548,2.08875458982
ve_re1_n128,4.544,0.0115741085254,2.08995950233
ve_re1_n128,4.552,0.011572865649,2.09115684755
ve_re1_n128,4.56,0.011571629073,2.09234667664
ve_re1_n128,4.568,0.0115703987458,2.09352904465
ve_re1_n128,4.576,0.0115691746163,2.09470400717
ve_re1_n128,4.584,0.0115679566343,2.09587161901
ve_re1_n128,4.592,0.0115667447471,2.09703193521
ve_re1_n128,4.6,0.0115655389012,2.09818501032
ve_re1_n128,4.608,0.0115643390443,2.09933089742
ve_re1_n128,4.616,0.0115631451245,2.10046964858
ve_re1_n128,4.624,0.0115619570898,2.10160131676
ve_re1_n128,4.632,0.0115607748879,2.10272595456
ve_re1_n128,4.64,0.0115595984649,2.10384361458
ve_re1_n128,4.648,0.0115584277638,2.10495434802
ve_re1_n128,4.656,0.0115572627265,2.10605820595
ve_re1_n128,4.664,0.0115561032968,2.10715523836
ve_re1_n128,4.672,0.0115549494207,2.10824549174
ve_re1_n128,4.68,0.0115538010477,2.10932901151
ve_re1_n128,4.688,0.0115526581326,2.11040584174
ve_re1_n128,4.696,0.0115515206334,2.11147598347
ve_re1_n128,4.704,0.0115503885114,2.11253947138
ve_re1_n128,4.712,0.0115492617293,2.11359635502
ve_re1_n128,4.72,0.0115481402482,2.11464668297
ve_re1_n128,4.728,0.0115470240269,2.11569050427
ve_re1_n128,4.736,0.0115459130231,2.11672786758
ve_re1_n128,4.744,0.0115448071966,2.1177588209
ve_re1_n128,4.752,0.0115437065142,2.11878341121
ve_re1_n128,4.76,0.0115426109372,2.11980168483
ve_re1_n128,4.768,0.0115415204219,2.12081368647
ve_re1_n128,4.776,0.0115404349231,2.12181946213
ve_re1_n128,4.784,0.0115393543938,2.12281905781
ve_re1_n128,4.792,0.011538278786,2.12381251862
ve_re1_n128,4.8,0.0115372080518,2.12479988921
ve_re1_n128,4.808,0.0115361421447,2.12578121326
ve_re1_n128,4.816,0.0115350810209,2.12675653231
ve_re1_n128,4.824,0.0115340246418,2.12772588617
ve_re1_n128,4.832,0.0115329729681,2.12868931672
ve_re1_n128,4.84,0.0115319259616,2.12964686575
ve_re1_n128,4.848,0.0115308835848,2.13059857469
ve_re1_n128,4.856,0.0115298458017,2.13154448321
ve_re1_n128,4.864,0.0115288125783,2.13248463129
ve_re1_n128,4.872,0.0115277838791,2.13341906022
ve_re1_n128,4.88,0.0115267596672,2.13434781033
ve_re1_n128,4.888,0.0115257399071,2.13527092134
ve_re1_n128,4.896,0.0115247245632,2.13618843234
ve_re1_n128,4.904,0.0115237136008,2.13710038178
ve_re1_n128,4.912,0.0115227069876,2.138006783
ve_re1_n128,4.92,0.0115217046966,2.13890764221
ve_re1_n128,4.928,0.0115207067011,2.13980299962
ve_re1_n128,4.936,0.011519712972,2.14069289551
ve_re1_n128,4.944,0.0115187234778,2.1415773697
ve_re1_n128,4.952,0.0115177381866,2.14245646222
ve_re1_n128,4.96,0.0115167570688,2.14333021303
ve_re1_n128,4.968,0.0115157800964,2.14419866078
ve_re1_n128,4.976,0.0115148072407,2.14506184335
ve_re1_n128,4.984,0.0115138384727,2.14591979936
ve_re1_n128,4.992,0.0115128737637,2.14677256631
ve_re1_n128,5,0.0115119130852,2.14762018158
ve_re1_n128,5.008,0.0115109564082,2.14846268133
ve_re1_n128,5.016,0.011510003702,2.14930010009
ve_re1_n128,5.024,0.0115090549353,2.15013247489
ve_re1_n128,5.032,0.011508110076,2.15095984296
ve_re1_n128,5.04,0.0115071690928,2.15178224122
ve_re1_n128,5.048,0.0115062319588,2.15259970593
ve_re1_n128,5.056,0.0115052986477,2.15341227339
ve_re1_n128,5.064,0.0115043691305,2.15421997912
ve_re1_n128,5.072,0.0115034433796,2.15502285719
ve_re1_n128,5.08,0.0115025213679,2.15582094208
ve_re1_n128,5.088,0.011501603067,2.15661426927
ve_re1_n128,5.096,0.0115006884487,2.15740287332
ve_re1_n128,5.104,0.0114997774855,2.15818678878
ve_re1_n128,5.112,0.0114988701498,2.15896604974
ve_re1_n128,5.12,0.0114979664156,2.15974069059
ve_re1_n128,5.128,0.0114970662582,2.16051074555
ve_re1_n128,5.136,0.0114961696542,2.1612762493
ve_re1_n128,5.144,0.0114952765818,2.162037236
ve_re1_n128,5.152,0.0114943870209,2.16279373836
ve_re1_n128,5.16,0.0114935009565,2.16354573964
ve_re1_n128,5.168,0.0114926183746,2.16429310208
ve_re1_n128,5.176,0.0114917392523,2.16503581278
ve_re1_n128,5.184,0.0114908635714,2.16577389861
ve_re1_n128,5.192,0.0114899913159,2.16650738671
ve_re1_n128,5.2,0.0114891224704,2.16723630402
ve_re1_n128,5.208,0.0114882570185,2.16796067677
ve_re1_n128,5.216,0.0114873949425,2.16868053206
ve_re1_n128,5.224,0.0114865362265,2.16939589754
ve_re1_n128,5.232,0.011485680855,2.17010680114
ve_re1_n128,5.24,0.011484828812,2.17081327066
ve_re1_n128,5.248,0.0114839800801,2.17151533396
ve_re1_n128,5.256,0.0114831346412,2.17221301868
ve_re1_n128,5.264,0.0114822924775,2.17290635211
ve_re1_n128,5.272,0.0114814535699,2.17359536287
ve_re1_n128,5.28,0.0114806179,2.1742800792
ve_re1_n128,5.288,0.0114797854487,2.17496052852
ve_re1_n128,5.296,0.0114789561975,2.17563673698
ve_re1_n128,5.304,0.0114781301296,2.176308731
ve_re1_n128,5.312,0.011477307232,2.17697653512
ve_re1_n128,5.32,0.0114764874973,2.17764017421
ve_re1_n128,5.328,0.0114756709171,2.17829967328
ve_re1_n128,5.336,0.0114748574819,2.17895505834
ve_re1_n128,5.344,0.0114740471824,2.17960635555
ve_re1_n128,5.352,0.0114732400101,2.18025359106
ve_re1_n128,5.36,0.0114724359572,2.18089679061
ve_re1_n128,5.368,0.0114716350162,2.18153598037
ve_re1_n128,5.376,0.0114708371798,2.18217118636
ve_re1_n128,5.384,0.0114700424408,2.18280243448
ve_re1_n128,5.392,0.0114692507924,2.18342975053
ve_re1_n128,5.4,0.0114684622275,2.18405316037
ve_re1_n128,5.408,0.0114676767383,2.18467268972
ve_re1_n128,5.416,0.0114668943157,2.18528836398
ve_re1_n128,5.424,0.01146611495,2.18590020864
ve_re1_n128,5.432,0.0114653386309,2.1865082489
ve_re1_n128,5.44,0.011464565351,2.18711248432
ve_re1_n128,5.448,0.0114637951058,2.18771292198
ve_re1_n128,5.456,0.0114630278891,2.18830958822
ve_re1_n128,5.464,0.0114622636935,2.18890250822
ve_re1_n128,5.472,0.0114615025112,2.18949170589
ve_re1_n128,5.48,0.0114607443354,2.1900772057
ve_re1_n128,5.488,0.0114599891596,2.19065903263
ve_re1_n128,5.496,0.0114592369775,2.19123721061
ve_re1_n128,5.504,0.0114584877832,2.19181176284
ve_re1_n128,5.512,0.011457741571,2.19238271313
ve_re1_n128,5.52,0.0114569983356,2.19295008424
ve_re1_n128,5.528,0.0114562580714,2.19351389923
ve_re1_n128,5.536,0.0114555207683,2.19407418167
ve_re1_n128,5.544,0.0114547864146,2.19463095398
ve_re1_n128,5.552,0.0114540549984,2.19518423926
ve_re1_n128,5.56,0.0114533265071,2.19573406077
ve_re1_n128,5.568,0.0114526009287,2.19628044149
ve_re1_n128,5.576,0.0114518782506,2.19682340527
ve_re1_n128,5.584,0.0114511584609,2.19736297567
ve_re1_n128,5.592,0.0114504415484,2.19789917652
ve_re1_n128,5.6,0.0114497275045,2.19843203162
ve_re1_n128,5.608,0.0114490163225,2.1989615635
ve_re1_n128,5.616,0.0114483079954,2.19948779534
ve_re1_n128,5.624,0.0114476025159,2.20001075153
ve_re1_n128,5.632,0.0114468998755,2.2005304566
ve_re1_n128,5.64,0.0114462000664,2.20104693447
ve_re1_n128,5.648,0.0114455030815,2.20156020882
ve_re1_n128,5.656,0.011444808914,2.20207030444
ve_re1_n128,5.664,0.0114441175594,2.20257724599
ve_re1_n128,5.672,0.0114434290139,2.20308105891
ve_re1_n128,5.68,0.0114427432743,2.20358176811
ve_re1_n128,5.688,0.0114420603381,2.20407939756
ve_re1_n128,5.696,0.011441380204,2.20457397173
ve_re1_n128,5.704,0.01144070287,2.20506551556
ve_re1_n128,5.712,0.0114400283344,2.20555405356
ve_re1_n128,5.72,0.0114393565944,2.20603961069
ve_re1_n128,5.728,0.0114386876474,2.20652221146
ve_re1_n128,5.736,0.0114380214922,2.20700187907
ve_re1_n128,5.744,0.0114373581269,2.20747863682
ve_re1_n128,5.752,0.0114366975479,2.20795250785
ve_re1_n128,5.76,0.0114360397498,2.20842351685
ve_re1_n128,5.768,0.0114353847266,2.2088916888
ve_re1_n128,5.776,0.011434732473,2.20935703064
ve_re1_n128,5.784,0.0114340829871,2.20981955124
ve_re1_n128,5.792,0.0114334362641,2.2102792769
ve_re1_n128,5.8,0.0114327922962,2.21073623388
ve_re1_n128,5.808,0.0114321510739,2.21119044849
ve_re1_n128,5.816,0.011431512587,2.21164194676
ve_re1_n128,5.824,0.0114308768254,2.21209075444
ve_re1_n128,5.832,0.0114302437788,2.21253689634
ve_re1_n128,5.84,0.0114296134353,2.21298039763
ve_re1_n128,5.848,0.0114289857825,2.21342128416
ve_re1_n128,5.856,0.0114283608075,2.21385958115
ve_re1_n128,5.864,0.011427738498,2.21429531424
ve_re1_n128,5.872,0.0114271188403,2.21472850912
ve_re1_n128,5.88,0.0114265018193,2.21515919102
ve_re1_n128,5.888,0.0114258874196,2.21558738528
ve_re1_n128,5.896,0.011425275624,2.21601311719
ve_re1_n128,5.904,0.0114246664162,2.21643641138
ve_re1_n128,5.912,0.01142405978,2.21685729302
ve_re1_n128,5.92,0.0114234556984,2.21727578697
ve_re1_n128,5.928,0.0114228541539,2.21769191841
ve_re1_n128,5.936,0.011422255128,2.21810571219
ve_re1_n128,5.944,0.0114216586018,2.21851719312
ve_re1_n128,5.952,0.0114210645563,2.21892638603
ve_re1_n128,5.96,0.0114204729723,2.21933331594
ve_re1_n128,5.968,0.011419883832,2.2197380072
ve_re1_n128,5.976,0.011419297119,2.22014048292
ve_re1_n128,5.984,0.0114187128153,2.22054076702
ve_re1_n128,5.992,0.0114181309025,2.22093888351
ve_re1_n128,6,0.0114175513614,2.22133485616
ve_re1_n128,6.008,0.011416974172,2.22172870835
ve_re1_n128,6.016,0.0114163993143,2.22212046321
ve_re1_n128,6.024,0.0114158267672,2.22251014353
ve_re1_n128,6.032,0.0114152565085,2.22289777172
ve_re1_n128,6.04,0.0114146885153,2.22328337006
ve_re1_n128,6.048,0.0114141227642,2.22366696022
ve_re1_n128,6.056,0.0114135592316,2.22404856321
ve_re1_n128,6.064,0.0114129978955,2.22442819966
ve_re1_n128,6.072,0.011412438733,2.22480589013
ve_re1_n128,6.08,0.0114118817196,2.2251816546
ve_re1_n128,6.088,0.0114113268304,2.22555551292
ve_re1_n128,6.096,0.0114107740401,2.22592748316
ve_re1_n128,6.104,0.0114102233249,2.22629758431
ve_re1_n128,6.112,0.0114096746613,2.22666583496
ve_re1_n128,6.12,0.0114091280244,2.2270322531
ve_re1_n128,6.128,0.0114085833884,2.22739685651
ve_re1_n128,6.136,0.0114080407278,2.22775966261
ve_re1_n128,6.144,0.0114075000178,2.22812068816
ve_re1_n128,6.152,0.0114069612342,2.22847994904
ve_re1_n128,6.16,0.0114064243534,2.22883746129
ve_re1_n128,6.168,0.0114058893518,2.22919324051
ve_re1_n128,6.176,0.0114053562055,2.22954730182
ve_re1_n128,6.184,0.0114048248911,2.22989966014
ve_re1_n128,6.192,0.0114042953846,2.23025033071
ve_re1_n128,6.2,0.0114037676617,2.23059932762
ve_re1_n128,6.208,0.0114032417006,2.23094665089
ve_re1_n128,6.216,0.0114027174814,2.23129230287
ve_re1_n128,6.224,0.0114021949839,2.23163629763
ve_re1_n128,6.232,0.0114016741874,2.23197864885
ve_re1_n128,6.24,0.0114011550706,2.23231936981
ve_re1_n128,6.248,0.0114006376131,2.23265847358
ve_re1_n128,6.256,0.0114001217995,2.23299597198
ve_re1_n128,6.264,0.0113996076139,2.23333187654
ve_re1_n128,6.272,0.0113990950396,2.23366619872
ve_re1_n128,6.28,0.0113985840598,2.2339989497
ve_re1_n128,6.288,0.0113980746575,2.23433014064
ve_re1_n128,6.296,0.0113975668152,2.23465978277
ve_re1_n128,6.304,0.0113970605144,2.23498788702
ve_re1_n128,6.312,0.0113965557387,2.23531446416
ve_re1_n128,6.32,0.0113960524727,2.23563952512
ve_re1_n128,6.328,0.011395550702,2.23596308038
ve_re1_n128,6.336,0.0113950504125,2.23628514004
ve_re1_n128,6.344,0.0113945515903,2.23660571444
ve_re1_n128,6.352,0.0113940542217,2.23692481389
ve_re1_n128,6.36,0.0113935582944,2.23724244841
ve_re1_n128,6.368,0.0113930637961,2.23755862776
ve_re1_n128,6.376,0.0113925707134,2.23787336165
ve_re1_n128,6.384,0.0113920790333,2.23818666003
ve_re1_n128,6.392,0.0113915887445,2.23849853243
ve_re1_n128,6.4,0.0113910998367,2.23880898772
ve_re1_n128,6.408,0.0113906122998,2.23911803442
ve_re1_n128,6.416,0.0113901261243,2.2394256813
ve_re1_n128,6.424,0.0113896413009,2.23973193679
ve_re1_n128,6.432,0.0113891578196,2.24003680914
ve_re1_n128,6.44,0.0113886756695,2.24034030631
ve_re1_n128,6.448,0.0113881948411,2.2406424354
ve_re1_n128,6.456,0.0113877153245,2.24094320394
ve_re1_n128,6.464,0.0113872371108,2.24124261915
ve_re1_n128,6.472,0.0113867601922,2.24154068803
ve_re1_n128,6.48,0.0113862845615,2.24183741765
ve_re1_n128,6.488,0.0113858102117,2.24213281505
ve_re1_n128,6.496,0.0113853371361,2.24242688678
ve_re1_n128,6.504,0.0113848653291,2.24271963899
ve_re1_n128,6.512,0.0113843947845,2.24301107811
ve_re1_n128,6.52,0.0113839254973,2.24330121073
ve_re1_n128,6.528,0.011383457463,2.24359004328
ve_re1_n128,6.536,0.0113829906776,2.24387758174
ve_re1_n128,6.544,0.0113825251373,2.24416383218
ve_re1_n128,6.552,0.0113820608395,2.24444880051
ve_re1_n128,6.56,0.0113815977833,2.24473249247
ve_re1_n128,6.56800000001,0.0113811359678,2.24501491375
ve_re1_n128,6.57600000001,0.0113806753919,2.24529607007
ve_re1_n128,6.58400000001,0.0113802160559,2.24557596701
ve_re1_n128,6.59200000001,0.0113797579596,2.24585461008
ve_re1_n128,6.60000000001,0.0113793011021,2.2461320046
ve_re1_n128,6.60800000001,0.0113788454836,2.2464081562
ve_re1_n128,6.61600000001,0.0113783911048,2.24668307039
ve_re1_n128,6.62400000001,0.0113779379668,2.24695675243
ve_re1_n128,6.63200000001,0.0113774860714,2.24722920794
ve_re1_n128,6.64000000001,0.0113770354227,2.24750044264
ve_re1_n128,6.64800000001,0.0113765860229,2.24777046231
ve_re1_n128,6.65600000001,0.0113761378729,2.24803927265
ve_re1_n128,6.66400000001,0.0113756909741,2.24830687953
ve_re1_n128,6.67200000001,0.0113752453282,2.24857328894
ve_re1_n128,6.68000000001,0.0113748009373,2.24883850632
ve_re1_n128,6.68800000001,0.0113743578033,2.24910253708
ve_re1_n128,6.69600000001,0.0113739159275,2.24936538701
ve_re1_n128,6.70400000001,0.0113734753104,2.24962706205
ve_re1_n128,6.71200000001,0.0113730359526,2.24988756823
ve_re1_n128,6.72000000001,0.0113725978552,2.25014691173
ve_re1_n128,6.72800000001,0.0113721610196,2.25040509887
ve_re1_n128,6.73600000001,0.0113717254477,2.250662136
ve_re1_n128,6.74400000001,0.011371291142,2.25091802942
ve_re1_n128,6.75200000001,0.0113708581056,2.25117278571
ve_re1_n128,6.76000000001,0.0113704263432,2.25142641169
ve_re1_n128,6.76800000001,0.0113699958586,2.25167891432
ve_re1_n128,6.77600000001,0.0113695666555,2.25193030077
ve_re1_n128,6.78400000001,0.0113691387375,2.25218057835
ve_re1_n128,6.79200000001,0.0113687121083,2.25242975448
ve_re1_n128,6.80000000001,0.0113682867725,2.25267783667
ve_re1_n128,6.80800000001,0.0113678627342,2.25292483243
ve_re1_n128,6.81600000001,0.0113674399968,2.25317074921
ve_re1_n128,6.82400000001,0.0113670185636,2.25341559159
ve_re1_n128,6.83200000001,0.0113665984378,2.25365935772
ve_re1_n128,6.84000000001,0.0113661796222,2.25390205553
ve_re1_n128,6.84800000001,0.0113657621178,2.25414369364
ve_re1_n128,6.85600000001,0.0113653459257,2.25438428069
ve_re1_n128,6.86400000001,0.0113649310469,2.25462382528
ve_re1_n128,6.87200000001,0.0113645174818,2.25486233607
ve_re1_n128,6.88000000001,0.0113641052297,2.25509982171
ve_re1_n128,6.88800000001,0.0113636942895,2.25533629078
ve_re1_n128,6.89600000001,0.0113632846599,2.25557175155
ve_re1_n128,6.90400000001,0.0113628763386,2.25580621239
ve_re1_n128,6.91200000001,0.0113624693214,2.25603968182
ve_re1_n128,6.92000000001,0.0113620636037,2.25627216778
ve_re1_n128,6.92800000001,0.0113616591819,2.2565036779
ve_re1_n128,6.93600000001,0.0113612560519,2.25673422033
ve_re1_n128,6.94400000001,0.0113608542093,2.25696380327
ve_re1_n128,6.95200000001,0.0113604536489,2.25719243472
ve_re1_n128,6.96000000001,0.0113600543656,2.25742012266
ve_re1_n128,6.96800000001,0.0113596563539,2.257646875
ve_re1_n128,6.97600000001,0.0113592596082,2.25787269954
ve_re1_n128,6.98400000001,0.0113588641246,2.25809760399
ve_re1_n128,6.99200000001,0.0113584698979,2.25832159594
ve_re1_n128,7.00000000001,0.0113580769215,2.25854468312
ve_re1_n128,7.00800000001,0.0113576851897,2.25876687299
ve_re1_n128,7.01600000001,0.0113572946963,2.25898817264
ve_re1_n128,7.02400000001,0.0113569054348,2.25920858892
ve_re1_n128,7.03200000001,0.0113565173978,2.25942812857
ve_re1_n128,7.04000000001,0.0113561305784,2.25964679813
ve_re1_n128,7.04800000001,0.0113557449696,2.259864604
ve_re1_n128,7.05600000001,0.0113553605641,2.26008155253
ve_re1_n128,7.06400000001,0.0113549773541,2.26029764975
ve_re1_n128,7.07200000001,0.011354595333,2.26051290147
ve_re1_n128,7.08000000001,0.0113542144951,2.26072731325
ve_re1_n128,7.08800000001,0.0113538348345,2.26094089048
ve_re1_n128,7.09600000001,0.011353456344,2.26115363833
ve_re1_n128,7.10400000001,0.0113530790161,2.26136556177
ve_re1_n128,7.11200000001,0.0113527028435,2.26157666542
ve_re1_n128,7.12000000001,0.0113523278193,2.26178695374
ve_re1_n128,7.12800000001,0.0113519539367,2.26199643091
ve_re1_n128,7.13600000001,0.0113515811901,2.26220510068
ve_re1_n128,7.14400000001,0.0113512095741,2.2624129669
ve_re1_n128,7.15200000001,0.0113508390835,2.26262003337
ve_re1_n128,7.16000000001,0.0113504697126,2.26282630374
ve_re1_n128,7.16800000001,0.0113501014565,2.26303178149
ve_re1_n128,7.17600000001,0.0113497343106,2.26323646991
ve_re1_n128,7.18400000001,0.0113493682706,2.26344037209
ve_re1_n128,7.19200000001,0.0113490033326,2.26364349107
ve_re1_n128,7.20000000001,0.0113486394927,2.26384582977
ve_re1_n128,7.20800000001,0.0113482767472,2.26404739084
ve_re1_n128,7.21600000001,0.0113479150917,2.26424817685
ve_re1_n128,7.22400000001,0.011347554522,2.26444819022
ve_re1_n128,7.23200000001,0.0113471950337,2.26464743313
ve_re1_n128,7.24000000001,0.0113468366238,2.26484590766
ve_re1_n128,7.24800000001,0.0113464792898,2.26504361575
ve_re1_n128,7.25600000001,0.0113461230286,2.26524055923
ve_re1_n128,7.26400000001,0.0113457678373,2.26543673989
ve_re1_n128,7.27200000001,0.0113454137129,2.26563215934
ve_re1_n128,7.28000000001,0.0113450606527,2.26582681888
ve_re1_n128,7.28800000001,0.0113447086542,2.26602071982
ve_re1_n128,7.29600000001,0.0113443577152,2.26621386359
ve_re1_n128,7.30400000001,0.011344007833,2.26640625156
ve_re1_n128,7.31200000001,0.0113436590056,2.26659788486
ve_re1_n128,7.32000000001,0.011343311231,2.26678876465
ve_re1_n128,7.32800000001,0.0113429645081,2.26697889207
ve_re1_n128,7.33600000001,0.0113426188365,2.26716826821
ve_re1_n128,7.34400000001,0.011342274218,2.26735689411
ve_re1_n128,7.35200000001,0.0113419306545,2.26754477081
ve_re1_n128,7.36000000001,0.0113415881471,2.26773189934
ve_re1_n128,7.36800000001,0.0113412466958,2.26791828074
ve_re1_n128,7.37600000001,0.0113409063008,2.268103916
ve_re1_n128,7.38400000001,0.0113405669623,2.26828880618
ve_re1_n128,7.39200000001,0.0113402286815,2.2684729525
ve_re1_n128,7.40000000001,0.0113398914598,2.26865635619
ve_re1_n128,7.40800000001,0.0113395552993,2.26883901849
ve_re1_n128,7.41600000001,0.0113392202024,2.26902094085
ve_re1_n128,7.42400000001,0.0113388861719,2.26920212481
ve_re1_n128,7.43200000001,0.0113385532102,2.26938257201
ve_re1_n128,7.44000000001,0.0113382213209,2.2695622842
ve_re1_n128,7.44800000001,0.0113378905081,2.2697412632
ve_re1_n128,7.45600000001,0.0113375607749,2.26991951098
ve_re1_n128,7.46400000001,0.0113372321244,2.27009702962
ve_re1_n128,7.47200000001,0.0113369045603,2.27027382127
ve_re1_n128,7.48000000001,0.0113365780871,2.27044988818
ve_re1_n128,7.48800000001,0.0113362527088,2.27062523266
ve_re1_n128,7.49600000001,0.011335928429,2.27079985719
ve_re1_n128,7.50400000001,0.0113356052514,2.27097376439
ve_re1_n128,7.51200000001,0.0113352831793,2.27114695715
ve_re1_n128,7.52000000001,0.0113349622163,2.27131943821
ve_re1_n128,7.52800000001,0.0113346423662,2.27149121035
ve_re1_n128,7.53600000001,0.0113343236324,2.27166227624
ve_re1_n128,7.54400000001,0.0113340060185,2.27183263861
ve_re1_n128,7.55200000001,0.0113336895275,2.27200230038
ve_re1_n128,7.56000000001,0.0113333741625,2.2721712646
ve_re1_n128,7.56800000001,0.011333059927,2.27233953437
ve_re1_n128,7.57600000001,0.0113327468235,2.27250711287
ve_re1_n128,7.58400000001,0.0113324348542,2.27267400339
ve_re1_n128,7.59200000001,0.0113321240208,2.27284020666
ve_re1_n128,7.60000000001,0.0113318143244,2.27300572432
ve_re1_n128,7.60800000001,0.0113315057664,2.27317055962
ve_re1_n128,7.61600000001,0.0113311983478,2.27333471597
ve_re1_n128,7.62400000001,0.0113308920697,2.27349819689
ve_re1_n128,7.63200000001,0.0113305869338,2.27366100596
ve_re1_n128,7.64000000001,0.0113302829414,2.27382314683
ve_re1_n128,7.64800000001,0.0113299800934,2.27398462324
ve_re1_n128,7.65600000001,0.0113296783903,2.27414543929
ve_re1_n128,7.66400000001,0.0113293778324,2.2743055989
ve_re1_n128,7.67200000001,0.0113290784213,2.27446510586
ve_re1_n128,7.68000000001,0.0113287801569,2.27462396409
ve_re1_n128,7.68800000001,0.011328483039,2.27478217729
ve_re1_n128,7.69600000001,0.0113281870653,2.27493974931
ve_re1_n128,7.70400000001,0.0113278922343,2.27509668415
ve_re1_n128,7.71200000001,0.0113275985449,2.27525298582
ve_re1_n128,7.72000000001,0.0113273059962,2.27540865834
ve_re1_n128,7.72800000001,0.0113270145875,2.27556370562
ve_re1_n128,7.73600000001,0.0113267243178,2.27571813178
ve_re1_n128,7.74400000001,0.011326435186,2.27587194096
ve_re1_n128,7.75200000001,0.011326147191,2.27602513739
ve_re1_n128,7.76000000001,0.0113258603312,2.2761777253
ve_re1_n128,7.76800000001,0.0113255746053,2.27632970891
ve_re1_n128,7.77600000001,0.0113252900127,2.27648109243
ve_re1_n128,7.78400000001,0.0113250065518,2.27663188011
ve_re1_n128,7.79200000001,0.0113247242206,2.27678207618
ve_re1_n128,7.80000000001,0.0113244430174,2.27693168481
ve_re1_n128,7.80800000001,0.0113241629405,2.27708071021
ve_re1_n128,7.81600000001,0.011323883988,2.27722915662
ve_re1_n128,7.82400000001,0.0113236061577,2.27737702829
ve_re1_n128,7.83200000001,0.0113233294469,2.27752432944
ve_re1_n128,7.84000000001,0.0113230538524,2.27767106432
ve_re1_n128,7.84800000001,0.011322779371,2.27781723718
ve_re1_n128,7.85600000001,0.0113225059991,2.2779628522
ve_re1_n128,7.86400000001,0.0113222337328,2.27810791361
ve_re1_n128,7.87200000001,0.0113219625678,2.27825242559
ve_re1_n128,7.88000000001,0.0113216924994,2.27839639235
ve_re1_n128,7.88800000001,0.0113214235228,2.27853981802
ve_re1_n128,7.89600000001,0.0113211556332,2.27868270668
ve_re1_n128,7.90400000001,0.0113208888255,2.27882506231
ve_re1_n128,7.91200000001,0.0113206230949,2.27896688886
ve_re1_n128,7.92000000001,0.0113203584362,2.27910819024
ve_re1_n128,7.92800000001,0.0113200948442,2.27924897035
ve_re1_n128,7.93600000001,0.0113198323131,2.27938923308
ve_re1_n128,7.94400000001,0.0113195708368,2.27952898224
ve_re1_n128,7.95200000001,0.0113193104091,2.27966822165
ve_re1_n128,7.96000000001,0.0113190510238,2.27980695476
ve_re1_n128,7.96800000001,0.0113187926745,2.27994518493
ve_re1_n128,7.97600000001,0.0113185353551,2.28008291574
ve_re1_n128,7.98400000001,0.011318279059,2.2802201507
ve_re1_n128,7.99200000001,0.0113180237796,2.28035689327
ve_re1_n128,8.00000000001,0.0113177695104,2.28049314687
ve_re1_n128,8.00800000001,0.0113175162447,2.28062891485
ve_re1_n128,8.01600000001,0.011317263976,2.28076420052
ve_re1_n128,8.02400000001,0.0113170126979,2.28089900716
ve_re1_n128,8.03200000001,0.0113167624037,2.28103333798
ve_re1_n128,8.04000000001,0.011316513087,2.28116719621
ve_re1_n128,8.04800000001,0.0113162647415,2.28130058498
ve_re1_n128,8.05600000001,0.0113160173607,2.2814335074
ve_re1_n128,8.06400000001,0.011315770938,2.28156596654
ve_re1_n128,8.07200000001,0.0113155254668,2.2816979654
ve_re1_n128,8.08000000001,0.0113152809405,2.28182950704
ve_re1_n128,8.08800000001,0.0113150373524,2.28196059446
ve_re1_n128,8.09600000001,0.011314794696,2.28209123057
ve_re1_n128,8.10400000001,0.0113145529645,2.28222141822
ve_re1_n128,8.11200000001,0.0113143121515,2.28235116007
ve_re1_n128,8.12000000001,0.0113140722507,2.28248045881
ve_re1_n128,8.12800000001,0.0113138332556,2.28260931716
ve_re1_n128,8.13600000001,0.0113135951601,2.28273773771
ve_re1_n128,8.14400000001,0.0113133579579,2.28286572314
ve_re1_n128,8.15200000001,0.0113131216431,2.28299327608
ve_re1_n128,8.16000000001,0.0113128862097,2.28312039911
ve_re1_n128,8.16800000001,0.0113126516519,2.28324709478
ve_re1_n128,8.17600000001,0.0113124179642,2.2833733656
ve_re1_n128,8.18400000001,0.0113121851412,2.28349921399
ve_re1_n128,8.19200000001,0.0113119531778,2.28362464239
ve_re1_n128,8.20000000001,0.011311722069,2.28374965285
ve_re1_n128,8.20800000001,0.01131149181,2.28387424557
ve_re1_n128,8.21600000001,0.011311262396,2.2839984226
ve_re1_n128,8.22400000001,0.0113110338227,2.28412218637
ve_re1_n128,8.23200000001,0.0113108060852,2.28424553928
ve_re1_n128,8.24000000001,0.0113105791793,2.28436848372
ve_re1_n128,8.24800000001,0.0113103531005,2.28449102202
ve_re1_n128,8.25600000001,0.0113101278446,2.28461315647
ve_re1_n128,8.26400000001,0.0113099034074,2.2847348893
ve_re1_n128,8.27200000001,0.0113096797849,2.28485622275
ve_re1_n128,8.28000000001,0.0113094569732,2.28497715903
ve_re1_n128,8.28800000001,0.0113092349683,2.28509770033
ve_re1_n128,8.29600000001,0.0113090137664,2.28521784881
ve_re1_n128,8.30400000001,0.0113087933638,2.28533760658
ve_re1_n128,8.31200000001,0.0113085737566,2.28545697574
ve_re1_n128,8.32000000001,0.011308354941,2.28557595838
ve_re1_n128,8.32800000001,0.0113081369135,2.28569455654
ve_re1_n128,8.33600000001,0.0113079196705,2.28581277226
ve_re1_n128,8.34400000001,0.0113077032085,2.28593060754
ve_re1_n128,8.35200000001,0.0113074875239,2.28604806436
ve_re1_n128,8.36000000001,0.0113072726134,2.28616514476
ve_re1_n128,8.36800000001,0.0113070584736,2.28628185076
ve_re1_n128,8.37600000001,0.011306845101,2.28639818431
ve_re1_n128,8.38400000001,0.011306632492,2.28651414736
ve_re1_n128,8.39200000001,0.0113064206434,2.28662974183
ve_re1_n128,8.40000000001,0.0113062095522,2.28674496966
ve_re1_n128,8.40800000001,0.0113059992157,2.28685983271
ve_re1_n128,8.41600000001,0.0113057896308,2.28697433284
ve_re1_n128,8.42400000001,0.0113055807951,2.28708847195
ve_re1_n128,8.43200000001,0.0113053727058,2.2872022519
ve_re1_n128,8.44000000001,0.0113051653603,2.28731567454
ve_re1_n128,8.44800000001,0.0113049587558,2.28742874157
ve_re1_n128,8.45600000001,0.0113047528896,2.28754145474
ve_re1_n128,8.46400000001,0.0113045477589,2.28765381581
ve_re1_n128,8.47200000001,0.011304343361,2.28776582651
ve_re1_n128,8.48000000001,0.0113041396932,2.28787748853
ve_re1_n128,8.48800000001,0.0113039367527,2.28798880357
ve_re1_n128,8.49600000001,0.011303734537,2.28809977328
ve_re1_n128,8.50400000001,0.0113035330433,2.28821039929
ve_re1_n128,8.51200000001,0.0113033322691,2.28832068324
ve_re1_n128,8.52000000001,0.0113031322115,2.28843062671
ve_re1_n128,8.52800000001,0.0113029328678,2.28854023126
ve_re1_n128,8.53600000001,0.0113027342354,2.28864949841
ve_re1_n128,8.54400000001,0.0113025363116,2.28875842966
ve_re1_n128,8.55200000001,0.0113023390939,2.28886702649
ve_re1_n128,8.56000000001,0.0113021425798,2.28897529037
ve_re1_n128,8.56800000001,0.0113019467672,2.28908322275
ve_re1_n128,8.57600000001,0.0113017516535,2.28919082504
ve_re1_n128,8.58400000001,0.0113015572366,2.28929809858
ve_re1_n128,8.59200000001,0.011301363514,2.28940504474
ve_re1_n128,8.60000000001,0.0113011704834,2.28951166489
ve_re1_n128,8.60800000001,0.0113009781423,2.28961796038
ve_re1_n128,8.61600000001,0.0113007864879,2.28972393251
ve_re1_n128,8.62400000001,0.0113005955176,2.28982958257
ve_re1_n128,8.63200000001,0.0113004052287,2.2899349118
ve_re1_n128,8.64000000001,0.0113002156187,2.29003992141
ve_re1_n128,8.64800000001,0.0113000266853,2.29014461272
ve_re1_n128,8.65600000001,0.0112998384258,2.29024898703
ve_re1_n128,8.66400000001,0.0112996508378,2.29035304548
ve_re1_n128,8.67200000001,0.0112994639188,2.29045678923
ve_re1_n128,8.68000000001,0.0112992776663,2.29056021934
ve_re1_n128,8.68800000001,0.011299092078,2.29066333691
ve_re1_n128,8.69600000001,0.0112989071514,2.29076614298
ve_re1_n128,8.70400000001,0.0112987228842,2.29086863859
ve_re1_n128,8.71200000001,0.0112985392741,2.29097082474
ve_re1_n128,8.72000000001,0.0112983563187,2.29107270243
ve_re1_n128,8.72800000001,0.0112981740156,2.29117427263
ve_re1_n128,8.73600000001,0.0112979923626,2.29127553632
ve_re1_n128,8.74400000001,0.0112978113577,2.29137649443
ve_re1_n128,8.75200000001,0.0112976309991,2.29147714791
ve_re1_n128,8.76000000001,0.0112974512847,2.29157749768
ve_re1_n128,8.76800000001,0.0112972722125,2.29167754464
ve_re1_n128,8.77600000001,0.0112970937802,2.29177728979
ve_re1_n128,8.78400000001,0.0112969159858,2.291876734
ve_re1_n128,8.79200000001,0.0112967388271,2.29197587815
ve_re1_n128,8.80000000001,0.0112965623021,2.29207472314
ve_re1_n128,8.80800000001,0.0112963864091,2.29217327049
ve_re1_n128,8.81600000001,0.0112962111462,2.2922715213
ve_re1_n128,8.82400000001,0.011296036512,2.29236947639
ve_re1_n128,8.83200000001,0.0112958625048,2.29246713661
ve_re1_n128,8.84000000001,0.0112956891232,2.29256450279
ve_re1_n128,8.84800000001,0.0112955163658,2.29266157576
ve_re1_n128,8.85600000001,0.011295344231,2.29275835641
ve_re1_n128,8.86400000001,0.0112951727175,2.29285484554
ve_re1_n128,8.87200000001,0.0112950018238,2.29295104395
ve_re1_n128,8.88000000001,0.0112948315486,2.29304695245
ve_re1_n128,8.88800000001,0.0112946618902,2.29314257188
ve_re1_n128,8.89600000001,0.0112944928471,2.29323790316
ve_re1_n128,8.90400000001,0.011294324418,2.29333294707
ve_re1_n128,8.91200000001,0.0112941566014,2.29342770438
ve_re1_n128,8.92000000001,0.0112939893957,2.29352217586
ve_re1_n128,8.92800000001,0.0112938227995,2.29361636229
ve_re1_n128,8.93600000001,0.0112936568113,2.29371026442
ve_re1_n128,8.94400000001,0.0112934914294,2.29380388298
ve_re1_n128,8.95200000001,0.0112933266522,2.2938972187
ve_re1_n128,8.96000000001,0.0112931624781,2.29399027228
ve_re1_n128,8.96800000001,0.0112929989056,2.29408304444
ve_re1_n128,8.97600000001,0.0112928359327,2.29417553585
ve_re1_n128,8.98400000001,0.0112926735578,2.29426774719
ve_re1_n128,8.99200000001,0.011292511779,2.29435967911
ve_re1_n128,9.00000000001,0.0112923505946,2.29445133227
ve_re1_n128,9.00800000001,0.0112921900028,2.2945427073
ve_re1_n128,9.01600000001,0.0112920300013,2.29463380483
ve_re1_n128,9.02400000001,0.0112918705883,2.29472462546
ve_re1_n128,9.03200000001,0.0112917117615,2.29481516981
ve_re1_n128,9.04000000001,0.0112915535192,2.29490543846
ve_re1_n128,9.04800000001,0.0112913958592,2.29499543199
ve_re1_n128,9.05600000001,0.0112912387795,2.29508515098
ve_re1_n128,9.06400000001,0.0112910822782,2.29517459597
ve_re1_n128,9.07200000001,0.0112909263532,2.29526376753
ve_re1_n128,9.08000000001,0.0112907710026,2.2953526662
ve_re1_n128,9.08800000001,0.0112906162245,2.29544129251
ve_re1_n128,9.09600000001,0.0112904620171,2.29552964701
ve_re1_n128,9.10400000001,0.0112903083785,2.29561773024
ve_re1_n128,9.11200000001,0.0112901553068,2.29570554273
ve_re1_n128,9.12000000001,0.0112900028003,2.295793085
ve_re1_n128,9.12800000001,0.0112898508571,2.29588035759
ve_re1_n128,9.13600000001,0.0112896994756,2.2959673611
ve_re1_n128,9.14400000001,0.0112895486539,2.29605409607
ve_re1_n128,9.15200000001,0.0112893983904,2.29614056305
ve_re1_n128,9.16000000001,0.0112892486834,2.29622676257
ve_re1_n128,9.16800000001,0.0112890995314,2.2963126952
ve_re1_n128,9.17600000001,0.0112889509327,2.29639836158
ve_re1_n128,9.18400000001,0.0112888028858,2.29648376225
ve_re1_n128,9.19200000001,0.0112886553891,2.2965688977
ve_re1_n128,9.20000000001,0.0112885084411,2.29665376846
ve_re1_n128,9.20800000001,0.0112883620403,2.29673837502
ve_re1_n128,9.21600000001,0.0112882161851,2.2968227179
ve_re1_n128,9.22400000001,0.0112880708742,2.29690679761
ve_re1_n128,9.23200000001,0.011287926106,2.29699061467
ve_re1_n128,9.24000000001,0.0112877818792,2.29707416957
ve_re1_n128,9.24800000001,0.0112876381924,2.29715746283
ve_re1_n128,9.25600000001,0.0112874950443,2.29724049494
ve_re1_n128,9.26400000001,0.0112873524336,2.29732326643
ve_re1_n128,9.27200000001,0.0112872103588,2.29740577778
ve_re1_n128,9.28000000001,0.0112870688188,2.29748802951
ve_re1_n128,9.28800000001,0.0112869278121,2.2975700221
ve_re1_n128,9.29600000001,0.0112867873373,2.29765175606
ve_re1_n128,9.304,0.0112866473928,2.2977332319
ve_re1_n128,9.312,0.0112865079773,2.29781445011
ve_re1_n128,9.32,0.0112863690894,2.29789541117
ve_re1_n128,9.328,0.0112862307274,2.29797611555
ve_re1_n128,9.336,0.0112860928901,2.29805656373
ve_re1_n128,9.344,0.0112859555759,2.29813675618
ve_re1_n128,9.352,0.0112858187834,2.29821669337
ve_re1_n128,9.36,0.0112856825111,2.29829637576
ve_re1_n128,9.368,0.0112855467575,2.29837580384
ve_re1_n128,9.376,0.0112854115213,2.29845497805
ve_re1_n128,9.384,0.0112852768008,2.29853389889
ve_re1_n128,9.392,0.0112851425948,2.2986125668
ve_re1_n128,9.4,0.0112850089017,2.29869098227
ve_re1_n128,9.408,0.0112848757201,2.29876914575
ve_re1_n128,9.416,0.0112847430485,2.29884705771
ve_re1_n128,9.424,0.0112846108854,2.29892471862
ve_re1_n128,9.432,0.0112844792294,2.29900212897
ve_re1_n128,9.44,0.0112843480789,2.29907928927
ve_re1_n128,9.448,0.0112842174324,2.29915620002
ve_re1_n128,9.456,0.0112840872885,2.29923286173
ve_re1_n128,9.464,0.0112839576458,2.29930927492
ve_re1_n128,9.472,0.0112838285027,2.29938544012
ve_re1_n128,9.48,0.0112836998577,2.29946135786
ve_re1_n128,9.488,0.0112835717095,2.29953702869
ve_re1_n128,9.496,0.0112834440566,2.29961245317
ve_re1_n128,9.504,0.0112833168977,2.29968763185
ve_re1_n128,9.512,0.0112831902312,2.29976256529
ve_re1_n128,9.52,0.0112830640557,2.29983725405
ve_re1_n128,9.528,0.0112829383696,2.29991169869
ve_re1_n128,9.536,0.0112828131715,2.2999858998
ve_re1_n128,9.544,0.01128268846,2.30005985792
ve_re1_n128,9.552,0.0112825642337,2.30013357365
ve_re1_n128,9.56,0.011282440491,2.30020704753
ve_re1_n128,9.568,0.0112823172304,2.30028028014
ve_re1_n128,9.576,0.0112821944507,2.30035327201
ve_re1_n128,9.584,0.0112820721501,2.30042602374
ve_re1_n128,9.592,0.0112819503274,2.30049853589
ve_re1_n128,9.6,0.011281828981,2.30057080904
ve_re1_n128,9.608,0.0112817081094,2.30064284376
ve_re1_n128,9.616,0.0112815877111,2.30071464063
ve_re1_n128,9.624,0.0112814677845,2.30078620022
ve_re1_n128,9.632,0.0112813483282,2.30085752309
ve_re1_n128,9.64,0.0112812293406,2.3009286098
ve_re1_n128,9.648,0.0112811108203,2.3009994609
ve_re1_n128,9.656,0.0112809927658,2.30107007696
ve_re1_n128,9.664,0.0112808751756,2.30114045854
ve_re1_n128,9.672,0.0112807580483,2.30121060622
ve_re1_n128,9.68,0.0112806413823,2.30128052056
ve_re1_n128,9.688,0.0112805251763,2.30135020213
ve_re1_n128,9.696,0.0112804094289,2.30141965151
ve_re1_n128,9.704,0.0112802941385,2.30148886925
ve_re1_n128,9.712,0.0112801793039,2.30155785592
ve_re1_n128,9.72,0.0112800649236,2.3016266121
ve_re1_n128,9.728,0.0112799509963,2.30169513836
ve_re1_n128,9.736,0.0112798375205,2.30176343525
ve_re1_n128,9.744,0.011279724495,2.30183150336
ve_re1_n128,9.752,0.0112796119185,2.30189934326
ve_re1_n128,9.76,0.0112794997896,2.30196695552
ve_re1_n128,9.768,0.0112793881069,2.30203434072
ve_re1_n128,9.776,0.011279276869,2.30210149945
ve_re1_n128,9.784,0.0112791660747,2.30216843228
ve_re1_n128,9.792,0.0112790557224,2.30223513977
ve_re1_n128,9.8,0.011278945811,2.30230162251
ve_re1_n128,9.808,0.0112788363389,2.30236788103
ve_re1_n128,9.816,0.0112787273048,2.3024339159
ve_re1_n128,9.824,0.0112786187075,2.30249972768
ve_re1_n128,9.832,0.0112785105454,2.30256531695
ve_re1_n128,9.84,0.0112784028173,2.30263068425
ve_re1_n128,9.848,0.0112782955217,2.30269583017
ve_re1_n128,9.856,0.0112781886574,2.30276075525
ve_re1_n128,9.864,0.011278082223,2.30282546007
ve_re1_n128,9.872,0.0112779762171,2.30288994519
ve_re1_n128,9.88,0.0112778706385,2.30295421117
ve_re1_n128,9.888,0.0112777654856,2.30301825857
ve_re1_n128,9.896,0.0112776607572,2.30308208795
ve_re1_n128,9.904,0.0112775564518,2.30314569987
ve_re1_n128,9.912,0.011277452568,2.30320909488
ve_re1_n128,9.92,0.0112773491045,2.30327227355
ve_re1_n128,9.928,0.0112772460598,2.30333523642
ve_re1_n128,9.936,0.0112771434327,2.30339798406
ve_re1_n128,9.944,0.0112770412215,2.30346051701
ve_re1_n128,9.952,0.0112769394251,2.30352283584
ve_re1_n128,9.96,0.0112768380419,2.30358494111
ve_re1_n128,9.968,0.0112767370708,2.30364683335
ve_re1_n128,9.976,0.0112766365102,2.30370851315
ve_re1_n128,9.984,0.011276536359,2.30376998104
ve_re1_n128,9.992,0.0112764366159,2.30383123759
ve_re1_n128,10,0.0112763372795,2.30389228337
ve_re1_n256,0,0,0
ve_re1_n256,0.008,1.07658638773e-09,2.24787191653e-11
ve_re1_n256,0.016,1.82095175898e-09,8.52134984897e-11
ve_re1_n256,0.024,2.65679790867e-09,2.00421593464e-10
ve_re1_n256,0.032,3.66964013619e-09,3.87092608714e-10
ve_re1_n256,0.04,4.93409599035e-09,6.70712937326e-10
ve_re1_n256,0.048,6.53562995711e-09,1.08492757618e-09
ve_re1_n256,0.056,8.57988809491e-09,1.67390549208e-09
ve_re1_n256,0.064,1.12008178035e-08,2.49545836804e-09
ve_re1_n256,0.072,1.4569900718e-08,3.62509664469e-09
ve_re1_n256,0.08,1.89075715503e-08,5.16128474456e-09
ve_re1_n256,0.088,2.44977203114e-08,7.23224035131e-09
ve_re1_n256,0.096,3.17062768743e-08,1.00047249905e-08
ve_re1_n256,0.104,4.10051037822e-08,1.3695403402e-08
ve_re1_n256,0.112,5.30027481521e-08,1.8585516366e-08
ve_re1_n256,0.12,6.84840333024e-08,2.50398261916e-08
ve_re1_n256,0.128,8.84610266849e-08,3.35310698478e-08
ve_re1_n256,0.136,1.14238634204e-07,4.46715087758e-08
ve_re1_n256,0.144,1.47498983279e-07,5.92536185969e-08
ve_re1_n256,0.152,1.90409920461e-07,7.8302544359e-08
ve_re1_n256,0.16,2.45764429892e-07,1.03143692462e-07
ve_re1_n256,0.168,3.17159658266e-07,1.35489784112e-07
ve_re1_n256,0.176,4.09226611606e-07,1.77552913009e-07
ve_re1_n256,0.184,5.27924593065e-07,2.32188702776e-07
ve_re1_n256,0.192,6.8091823019e-07,3.03081636029e-07
ve_re1_n256,0.2,8.78059675386e-07,3.9498313674e-07
ve_re1_n256,0.208,1.13200446942e-06,5.14017167399e-07
ve_re1_n256,0.216,1.45899688347e-06,6.68072119513e-07
ve_re1_n256,0.224,1.87986958403e-06,8.67302834497e-07
ve_re1_n256,0.232,2.42131350532e-06,1.12477293835e-06
ve_re1_n256,0.24,3.1174871933e-06,1.45727560057e-06
ve_re1_n256,0.248,4.01205091487e-06,1.88638068005e-06
ve_re1_n256,0.256,5.16072976696e-06,2.43976839325e-06
ve_re1_n256,0.264,6.63453201595e-06,3.15292457551e-06
ve_re1_n256,0.272,8.5237738758e-06,4.07129078291e-06
ve_re1_n256,0.28,1.09430894418e-05,5.25298438686e-06
ve_re1_n256,0.288,1.40376335708e-05,6.77222990471e-06
ve_re1_n256,0.296,1.7990714279e-05,8.72367344138e-06
ve_re1_n256,0.304,2.30331167355e-05,1.12277874481e-05
ve_re1_n256,0.312,2.94543985893e-05,1.44376128403e-05
ve_re1_n256,0.32,3.7616439517e-05,1.85471291198e-05
ve_re1_n256,0.328,4.79695072597e-05,2.38015889625e-05
ve_re1_n256,0.336,6.10710459726e-05,3.05101990683e-05
ve_re1_n256,0.344,7.76072849862e-05,3.90615696871e-05
ve_re1_n256,0.352,9.84175890376e-05,4.9942384958e-05
ve_re1_n256,0.36,0.000124521204916,6.37597564722e-05
ve_re1_n256,0.368,0.000157145685186,8.12677020963e-05
ve_re1_n256,0.376,0.000197755772974,0.000103398127836
ve_re1_n256,0.384,0.000248080909796,0.000131296561157
ve_re1_n256,0.392,0.000310138797113,0.000166362693043
ve_re1_n256,0.4,0.000386251647007,0.000210295469981
ve_re1_n256,0.408,0.00047905098349,0.000265142094819
ve_re1_n256,0.416,0.000591466233144,0.000333349774476
ve_re1_n256,0.424,0.000726692048873,0.000417818451002
ve_re1_n256,0.432,0.000888129553355,0.000521952082084
ve_re1_n256,0.44,0.00107929768068,0.000649705358776
ve_re1_n256,0.448,0.00130371270281,0.000805622142245
ve_re1_n256,0.456,0.00156473690716,0.000994861470549
ve_re1_n256,0.464,0.00186540112247,0.00122320684447
ve_re1_n256,0.472,0.00220821002467,0.00149705475447
ve_re1_n256,0.48,0.00259494331284,0.00182337913508
ve_re1_n256,0.488,0.00302646918051,0.00220966965003
ve_re1_n256,0.496,0.00350258822883,0.00266384336611
ve_re1_n256,0.504,0.00402192543425,0.0031941313335
ve_re1_n256,0.512,0.00458188469686,0.00380894364165
ve_re1_n256,0.52,0.00517867503152,0.00451671842028
ve_re1_n256,0.528,0.00580741031175,0.00532576174173
ve_re1_n256,0.536,0.00646227671365,0.00624408625821
ve_re1_n256,0.544,0.00713675488279,0.00727925655585
ve_re1_n256,0.552,0.00782387849367,0.00843824860531
ve_re1_n256,0.56,0.00851650804995,0.0097273294763
ve_re1_n256,0.568,0.0092075987469,0.0111519617578
ve_re1_n256,0.576,0.00989044370367,0.0127167352633
ve_re1_n256,0.584,0.0105588782226,0.0144253266172
ve_re1_n256,0.592,0.0112074360603,0.0162804856911
ve_re1_n256,0.6,0.0118314541234,0.018284046385
ve_re1_n256,0.608,0.0124271268258,0.0204369584111
ve_re1_n256,0.616,0.0129915150821,0.0227393360286
ve_re1_n256,0.624,0.0135225173888,0.0251905197198
ve_re1_n256,0.632,0.014018811653,0.0277891466611
ve_re1_n256,0.64,0.0144797766028,0.0305332265545
ve_re1_n256,0.648,0.0149054009687,0.0334202194291
ve_re1_n256,0.656,0.0152961874979,0.0364471131153
ve_re1_n256,0.664,0.0156530574756,0.0396104981278
ve_re1_n256,0.672,0.01597725997,0.0429066386149
ve_re1_n256,0.68,0.0162702887077,0.0463315384209
ve_re1_n256,0.688,0.0165338082948,0.0498810013835
ve_re1_n256,0.696,0.0167695905817,0.0535506859815
ve_re1_n256,0.704,0.0169794612277,0.0573361539954
ve_re1_n256,0.712,0.017165256033,0.0612329132881
ve_re1_n256,0.72,0.0173287862429,0.0652364553958
ve_re1_n256,0.728,0.0174718118834,0.0693422878875
ve_re1_n256,0.736,0.017596022027,0.0735459618104
ve_re1_n256,0.744,0.0177030209805,0.0778430952769
ve_re1_n256,0.752,0.0177943193465,0.0822293930079
ve_re1_n256,0.76,0.0178713290704,0.0867006623318
ve_re1_n256,0.768,0.0179353616271,0.0912528263126
ve_re1_n256,0.776,0.0179876286425,0.0958819343576
ve_re1_n256,0.784,0.0180292443598,0.10058417048
ve_re1_n256,0.792,0.0180612294189,0.105355858791
ve_re1_n256,0.8,0.0180845155618,0.110193468182
ve_re1_n256,0.808,0.0180999509326,0.115093615595
ve_re1_n256,0.816,0.0181083056854,0.12005306728
ve_re1_n256,0.824,0.0181102777199,0.125068738711
ve_re1_n256,0.832,0.0181064983819,0.130137693998
ve_re1_n256,0.84,0.0180975380347,0.135257145573
ve_re1_n256,0.848,0.0180839113924,0.140424451587
ve_re1_n256,0.856,0.0180660825623,0.145637112964
ve_re1_n256,0.864,0.018044469799,0.150892770328
ve_re1_n256,0.872,0.0180194499087,0.156189200088
ve_re1_n256,0.88,0.017991362345,0.161524311403
ve_re1_n256,0.888,0.0179605129312,0.166896142126
ve_re1_n256,0.896,0.0179271772704,0.172302854211
ve_re1_n256,0.904,0.0178916038654,0.177742728352
ve_re1_n256,0.912,0.0178540169256,0.183214159319
ve_re1_n256,0.92,0.0178146189238,0.188715651658
ve_re1_n256,0.928,0.0177735928931,0.194245816498
ve_re1_n256,0.936,0.0177311044743,0.199803365354
ve_re1_n256,0.944,0.0176873037581,0.205387104135
ve_re1_n256,0.952,0.0176423269179,0.210995928851
ve_re1_n256,0.96,0.0175962977169,0.216628820645
ve_re1_n256,0.968,0.0175493288233,0.22228484354
ve_re1_n256,0.976,0.0175015229767,0.227963138466
ve_re1_n256,0.984,0.0174529740108,0.233662917567
ve_re1_n256,0.992,0.0174037677761,0.239383459597
ve_re1_n256,1,0.01735398297,0.245124105551
ve_re1_n256,1.008,0.0173036918623,0.250884255306
ve_re1_n256,1.016,0.0172529609991,0.256663365118
ve_re1_n256,1.024,0.0172018517367,0.262460943286
ve_re1_n256,1.032,0.0171504207549,0.268276542749
ve_re1_n256,1.04,0.0170987204729,0.274109759292
ve_re1_n256,1.048,0.0170467994687,0.279960227283
ve_re1_n256,1.056,0.0169947028697,0.285827615759
ve_re1_n256,1.064,0.016942472665,0.291711632752
ve_re1_n256,1.072,0.0168901479732,0.297612014089
ve_re1_n256,1.08,0.0168377652657,0.303528521244
ve_re1_n256,1.088,0.0167853585939,0.309460939527
ve_re1_n256,1.096,0.0167329598129,0.315409071398
ve_re1_n256,1.104,0.0166805987331,0.321372738875
ve_re1_n256,1.112,0.0166283033466,0.327351787504
ve_re1_n256,1.12,0.0165760999278,0.333346074656
ve_re1_n256,1.128,0.0165240131017,0.33935546931
ve_re1_n256,1.136,0.0164720660043,0.345379848009
ve_re1_n256,1.144,0.0164202803818,0.351419091227
ve_re1_n256,1.152,0.0163686766651,0.357473084931
ve_re1_n256,1.16,0.0163172741408,0.363541730519
ve_re1_n256,1.168,0.0162660909664,0.369624931281
ve_re1_n256,1.176,0.0162151442005,0.375722591592
ve_re1_n256,1.184,0.0161644498809,0.381834613944
ve_re1_n256,1.192,0.0161140230866,0.387960895045
ve_re1_n256,1.2,0.0160638779906,0.394101323753
ve_re1_n256,1.208,0.016014027965,0.400255802904
ve_re1_n256,1.216,0.0159644856204,0.406424233581
ve_re1_n256,1.224,0.0159152627558,0.412606509916
ve_re1_n256,1.232,0.0158663704207,0.418802519539
ve_re1_n256,1.24,0.0158178189751,0.425012141711
ve_re1_n256,1.248,0.0157696180993,0.431235234628
ve_re1_n256,1.256,0.0157217768775,0.437471660938
ve_re1_n256,1.264,0.0156743038376,0.443721295882
ve_re1_n256,1.272,0.0156272069231,0.449984001065
ve_re1_n256,1.28,0.0155804935061,0.456259627553
ve_re1_n256,1.288,0.0155341704004,0.462548017462
ve_re1_n256,1.296,0.015488243909,0.46884900077
ve_re1_n256,1.304,0.0154427198601,0.475162376206
ve_re1_n256,1.312,0.015397603631,0.481487961143
ve_re1_n256,1.32,0.015352900215,0.487825585517
ve_re1_n256,1.328,0.0153086141782,0.494175062965
ve_re1_n256,1.336,0.0152647496181,0.50053619191
ve_re1_n256,1.344,0.0152213101888,0.506908760106
ve_re1_n256,1.352,0.0151782991912,0.513292548801
ve_re1_n256,1.36,0.0151357195789,0.519687301741
ve_re1_n256,1.368,0.015093573957,0.526092777277
ve_re1_n256,1.376,0.0150518646703,0.53250875884
ve_re1_n256,1.384,0.015010593721,0.538935017305
ve_re1_n256,1.392,0.0149697627419,0.54537130951
ve_re1_n256,1.4,0.014929373032,0.551817379228
ve_re1_n256,1.408,0.0148894255905,0.558272966837
ve_re1_n256,1.416,0.0148499211916,0.564737783112
ve_re1_n256,1.424,0.0148108603658,0.571211527714
ve_re1_n256,1.432,0.0147722433879,0.577693929049
ve_re1_n256,1.44,0.0147340703203,0.584184731682
ve_re1_n256,1.448,0.0146963409692,0.59068366552
ve_re1_n256,1.456,0.0146590548622,0.597190447059
ve_re1_n256,1.464,0.0146222113037,0.603704791102
ve_re1_n256,1.472,0.0145858093614,0.610226404883
ve_re1_n256,1.48,0.0145498479198,0.616754965345
ve_re1_n256,1.488,0.0145143257324,0.623290142732
ve_re1_n256,1.496,0.0144792413878,0.629831630554
ve_re1_n256,1.504,0.0144445933551,0.636379151446
ve_re1_n256,1.512,0.0144103798251,0.642932420434
ve_re1_n256,1.52,0.0143765988316,0.649491135578
ve_re1_n256,1.528,0.0143432482396,0.656054993948
ve_re1_n256,1.536,0.0143103257491,0.66262369195
ve_re1_n256,1.544,0.0142778289201,0.669196920867
ve_re1_n256,1.552,0.0142457551951,0.675774341473
ve_re1_n256,1.56,0.0142141019334,0.682355621334
ve_re1_n256,1.568,0.0141828664575,0.688940464307
ve_re1_n256,1.576,0.0141520459774,0.695528571151
ve_re1_n256,1.584,0.014121637512,0.70211964164
ve_re1_n256,1.592,0.0140916378984,0.708713378565
ve_re1_n256,1.6,0.0140620438725,0.715309479737
ve_re1_n256,1.608,0.0140328521268,0.721907644299
ve_re1_n256,1.616,0.0140040592676,0.72850758112
ve_re1_n256,1.624,0.0139756618451,0.735108969084
ve_re1_n256,1.632,0.0139476563351,0.741711472944
ve_re1_n256,1.64,0.0139200391505,0.748314816535
ve_re1_n256,1.648,0.013892806769,0.754918722553
ve_re1_n256,1.656,0.0138659555073,0.761522897774
ve_re1_n256,1.664,0.0138394815802,0.76812703126
ve_re1_n256,1.672,0.0138133811196,0.774730827696
ve_re1_n256,1.68,0.0137876501807,0.781334001749
ve_re1_n256,1.688,0.0137622848239,0.787936275782
ve_re1_n256,1.696,0.0137372810759,0.794537381387
ve_re1_n256,1.704,0.0137126349016,0.801137046978
ve_re1_n256,1.712,0.0136883422908,0.807734962699
ve_re1_n256,1.72,0.0136643992202,0.81433083399
ve_re1_n256,1.728,0.0136408016634,0.82092441995
ve_re1_n256,1.736,0.0136175455755,0.827515497572
ve_re1_n256,1.744,0.0135946268808,0.834103794586
ve_re1_n256,1.752,0.0135720414707,0.840689049577
ve_re1_n256,1.76,0.0135497851807,0.847270976972
ve_re1_n256,1.768,0.0135278538202,0.853849271787
ve_re1_n256,1.776,0.0135062431744,0.860423665657
ve_re1_n256,1.784,0.0134849490059,0.866993907399
ve_re1_n256,1.792,0.0134639671347,0.873559785841
ve_re1_n256,1.8,0.0134432933926,0.880121067862
ve_re1_n256,1.808,0.0134229236792,0.886677496269
ve_re1_n256,1.816,0.0134028538939,0.893228888638
ve_re1_n256,1.824,0.0133830800269,0.899775049481
ve_re1_n256,1.832,0.013363597982,0.906315736718
ve_re1_n256,1.84,0.0133444036204,0.912850702531
ve_re1_n256,1.848,0.0133254927842,0.919379668473
ve_re1_n256,1.856,0.0133068613909,0.925902406698
ve_re1_n256,1.864,0.0132885053403,0.932418711761
ve_re1_n256,1.872,0.0132704205829,0.938928372283
ve_re1_n256,1.88,0.0132526031079,0.945431113463
ve_re1_n256,1.888,0.0132350489101,0.951926739035
ve_re1_n256,1.896,0.0132177540091,0.958415078992
ve_re1_n256,1.904,0.0132007144618,0.964895943717
ve_re1_n256,1.912,0.0131839263732,0.97136910579
ve_re1_n256,1.92,0.0131673858398,0.977834328189
ve_re1_n256,1.928,0.013151089117,0.984291479769
ve_re1_n256,1.936,0.0131350323872,0.990740420279
ve_re1_n256,1.944,0.0131192118547,0.997180984175
ve_re1_n256,1.952,0.0131036237796,1.00361296975
ve_re1_n256,1.96,0.0130882644509,1.01003619327
ve_re1_n256,1.968,0.0130731301824,1.01645044976
ve_re1_n256,1.976,0.0130582172842,1.02285554129
ve_re1_n256,1.984,0.0130435221324,1.02925128936
ve_re1_n256,1.992,0.0130290411637,1.03563753065
ve_re1_n256,2,0.0130147708411,1.04201412818
ve_re1_n256,2.008,0.0130007076045,1.04838082162
ve_re1_n256,2.016,0.0129868479662,1.05473737495
ve_re1_n256,2.024,0.0129731885051,1.06108368823
ve_re1_n256,2.032,0.0129597258657,1.06741963194
ve_re1_n256,2.04,0.0129464567638,1.07374513023
ve_re1_n256,2.048,0.0129333779739,1.08006005772
ve_re1_n256,2.056,0.0129204862159,1.08636426994
ve_re1_n256,2.064,0.0129077782575,1.09265763234
ve_re1_n256,2.072,0.0128952509227,1.09893999118
ve_re1_n256,2.08,0.0128829010843,1.1052112101
ve_re1_n256,2.088,0.0128707256713,1.11147111901
ve_re1_n256,2.096,0.0128587216541,1.11771956732
ve_re1_n256,2.104,0.0128468859973,1.12395642741
ve_re1_n256,2.112,0.0128352157123,1.13018149781
ve_re1_n256,2.12,0.0128237078729,1.13639449374
ve_re1_n256,2.128,0.0128123596118,1.1425953407
ve_re1_n256,2.136,0.0128011680876,1.14878398154
ve_re1_n256,2.144,0.0127901304869,1.15496036777
ve_re1_n256,2.152,0.0127792440265,1.16112444761
ve_re1_n256,2.16,0.0127685059781,1.16727617148
ve_re1_n256,2.168,0.0127579136778,1.17341538655
ve_re1_n256,2.176,0.0127474645515,1.17954193642
ve_re1_n256,2.184,0.0127371560431,1.18565574879
ve_re1_n256,2.192,0.0127269855717,1.19175673278
ve_re1_n256,2.2,0.0127169506159,1.19784479602
ve_re1_n256,2.208,0.0127070487116,1.2039198015
ve_re1_n256,2.216,0.0126972774461,1.20998163031
ve_re1_n256,2.224,0.0126876344387,1.21603018433
ve_re1_n256,2.232,0.0126781173524,1.22206535971
ve_re1_n256,2.24,0.0126687238795,1.22808697165
ve_re1_n256,2.248,0.012659451744,1.23409479574
ve_re1_n256,2.256,0.0126502987367,1.24008872892
ve_re1_n256,2.264,0.012641262656,1.24606871883
ve_re1_n256,2.272,0.0126323413659,1.25203471898
ve_re1_n256,2.28,0.01262353275,1.2579866888
ve_re1_n256,2.288,0.0126148347267,1.26392457803
ve_re1_n256,2.296,0.0126062452617,1.26984827632
ve_re1_n256,2.304,0.0125977623434,1.27575773139
ve_re1_n256,2.312,0.0125893839927,1.28165293561
ve_re1_n256,2.32,0.0125811082569,1.2875338919
ve_re1_n256,2.328,0.0125729332154,1.29340058704
ve_re1_n256,2.336,0.0125648570312,1.29925298524
ve_re1_n256,2.344,0.0125568779153,1.30509101699
ve_re1_n256,2.352,0.0125489940476,1.31091457701
ve_re1_n256,2.36,0.0125412036558,1.31672350374
ve_re1_n256,2.368,0.0125335050033,1.32251772066
ve_re1_n256,2.376,0.012525896394,1.3282971605
ve_re1_n256,2.384,0.0125183761751,1.3340617461
ve_re1_n256,2.392,0.0125109427335,1.33981136757
ve_re1_n256,2.4,0.0125035944558,1.34554580974
ve_re1_n256,2.408,0.012496329796,1.35126498712
ve_re1_n256,2.416,0.0124891472425,1.3569688532
ve_re1_n256,2.424,0.0124820453012,1.36265737956
ve_re1_n256,2.432,0.0124750225133,1.36833053855
ve_re1_n256,2.44,0.0124680774376,1.37398827736
ve_re1_n256,2.448,0.0124612086427,1.37963058223
ve_re1_n256,2.456,0.0124544147605,1.38525741434
ve_re1_n256,2.464,0.0124476944416,1.39086874624
ve_re1_n256,2.472,0.0124410463591,1.3964645828
ve_re1_n256,2.48,0.0124344692128,1.40204490381
ve_re1_n256,2.488,0.0124279617199,1.40760970807
ve_re1_n256,2.496,0.012421522612,1.41315899729
ve_re1_n256,2.504,0.0124151506516,1.41869278219
ve_re1_n256,2.512,0.0124088446317,1.42421101553
ve_re1_n256,2.52,0.01240260337,1.42971368918
ve_re1_n256,2.528,0.0123964257054,1.43520081833
ve_re1_n256,2.536,0.0123903105141,1.44067237346
ve_re1_n256,2.544,0.012384256659,1.44612828144
ve_re1_n256,2.552,0.0123782630314,1.45156848549
ve_re1_n256,2.56,0.0123723285615,1.45699294254
ve_re1_n256,2.568,0.0123664522158,1.46240159353
ve_re1_n256,2.576,0.012360632981,1.46779435126
ve_re1_n256,2.584,0.0123548698606,1.4731710713
ve_re1_n256,2.592,0.0123491618712,1.47853165798
ve_re1_n256,2.6,0.0123435080654,1.48387596484
ve_re1_n256,2.608,0.0123379075325,1.48920396339
ve_re1_n256,2.616,0.0123323593759,1.49451563318
ve_re1_n256,2.624,0.0123268627112,1.49981098564
ve_re1_n256,2.632,0.0123214166816,1.50509001977
ve_re1_n256,2.64,0.0123160204452,1.51035272492
ve_re1_n256,2.648,0.0123106731777,1.515599078
ve_re1_n256,2.656,0.0123053740787,1.52082907249
ve_re1_n256,2.664,0.0123001223635,1.52604270484
ve_re1_n256,2.672,0.0122949172618,1.53123997353
ve_re1_n256,2.68,0.0122897580081,1.5364209009
ve_re1_n256,2.688,0.0122846438775,1.54158552709
ve_re1_n256,2.696,0.0122795741538,1.54673389065
ve_re1_n256,2.704,0.0122745481356,1.55186602714
ve_re1_n256,2.712,0.0122695651227,1.55698197452
ve_re1_n256,2.72,0.0122646244291,1.56208173826
ve_re1_n256,2.728,0.0122597253786,1.56716533917
ve_re1_n256,2.736,0.0122548673039,1.57223280962
ve_re1_n256,2.744,0.0122500495516,1.57728418128
ve_re1_n256,2.752,0.0122452714905,1.58231948599
ve_re1_n256,2.76,0.0122405324942,1.5873387523
ve_re1_n256,2.768,0.0122358319455,1.59234200451
ve_re1_n256,2.776,0.012231169243,1.59732923766
ve_re1_n256,2.784,0.0122265437968,1.60230036479
ve_re1_n256,2.792,0.0122219550102,1.60725533619
ve_re1_n256,2.8,0.012217402318,1.6121940916
ve_re1_n256,2.808,0.0122128851783,1.61711657539
ve_re1_n256,2.816,0.0122084030522,1.62202276023
ve_re1_n256,2.824,0.0122039554236,1.62691260602
ve_re1_n256,2.832,0.0121995417919,1.63178608374
ve_re1_n256,2.84,0.0121951616634,1.63664318245
ve_re1_n256,2.848,0.01219081456,1.64148381044
ve_re1_n256,2.856,0.0121865000153,1.6463078719
ve_re1_n256,2.864,0.0121822175767,1.65111534687
ve_re1_n256,2.872,0.0121779667927,1.65590616489
ve_re1_n256,2.88,0.0121737472309,1.66068031717
ve_re1_n256,2.888,0.0121695584723,1.66543781154
ve_re1_n256,2.896,0.012165400114,1.67017863186
ve_re1_n256,2.904,0.0121612717553,1.6749027714
ve_re1_n256,2.912,0.0121571730026,1.679610224
ve_re1_n256,2.92,0.0121531034753,1.68430101139
ve_re1_n256,2.928,0.0121490627988,1.68897516789
ve_re1_n256,2.936,0.0121450506096,1.69363272212
ve_re1_n256,2.944,0.0121410665567,1.69827370309
ve_re1_n256,2.952,0.0121371102912,1.70289815112
ve_re1_n256,2.96,0.0121331814735,1.70750610828
ve_re1_n256,2.968,0.0121292797727,1.71209762252
ve_re1_n256,2.976,0.0121254048632,1.71667273529
ve_re1_n256,2.984,0.0121215564297,1.72123153732
ve_re1_n256,2.992,0.012117734175,1.72577406967
ve_re1_n256,3,0.0121139377887,1.73030038066
ve_re1_n256,3.008,0.0121101669651,1.73481052956
ve_re1_n256,3.016,0.012106421406,1.73930456828
ve_re1_n256,3.024,0.0121027008169,1.74378254184
ve_re1_n256,3.032,0.0120990049053,1.74824449486
ve_re1_n256,3.04,0.0120953333871,1.7526904676
ve_re1_n256,3.048,0.0120916859831,1.75712048374
ve_re1_n256,3.056,0.0120880624132,1.76153458408
ve_re1_n256,3.064,0.0120844623955,1.765932806
ve_re1_n256,3.072,0.0120808856522,1.77031517946
ve_re1_n256,3.08,0.0120773319139,1.77468172837
ve_re1_n256,3.088,0.0120738009158,1.77903247507
ve_re1_n256,3.096,0.0120702924,1.7833674337
ve_re1_n256,3.104,0.0120668061069,1.78768659191
ve_re1_n256,3.112,0.0120633417811,1.79198991342
ve_re1_n256,3.12,0.0120598991838,1.79627737314
ve_re1_n256,3.128,0.0120564780913,1.80054896037
ve_re1_n256,3.136,0.0120530782789,1.80480468247
ve_re1_n256,3.144,0.0120496995154,1.80904452904
ve_re1_n256,3.152,0.012046341577,1.81326852437
ve_re1_n256,3.16,0.0120430042515,1.81747664208
ve_re1_n256,3.168,0.0120396873398,1.82166887834
ve_re1_n256,3.176,0.0120363906443,1.82584519983
ve_re1_n256,3.184,0.0120331139644,1.83000553189
ve_re1_n256,3.192,0.0120298571077,1.83414987097
ve_re1_n256,3.2,0.0120266198928,1.83827821676
ve_re1_n256,3.208,0.0120234021434,1.84239056896
ve_re1_n256,3.216,0.0120202036774,1.84648694005
ve_re1_n256,3.224,0.0120170243144,1.85056734958
ve_re1_n256,3.232,0.0120138638821,1.85463180389
ve_re1_n256,3.24,0.0120107222087,1.85868029091
ve_re1_n256,3.248,0.0120075991244,1.86271282299
ve_re1_n256,3.256,0.0120044944683,1.86672941397
ve_re1_n256,3.264,0.0120014080838,1.87073008168
ve_re1_n256,3.272,0.011998339816,1.87471484425
ve_re1_n256,3.28,0.0119952895116,1.87868371543
ve_re1_n256,3.288,0.0119922570199,1.88263670616
ve_re1_n256,3.296,0.0119892421904,1.88657384822
ve_re1_n256,3.304,0.0119862448705,1.89049517319
ve_re1_n256,3.312,0.0119832649151,1.8944007078
ve_re1_n256,3.32,0.0119803021837,1.89829048328
ve_re1_n256,3.328,0.0119773565359,1.90216454921
ve_re1_n256,3.336,0.0119744278349,1.90602294717
ve_re1_n256,3.344,0.0119715159437,1.9098657096
ve_re1_n256,3.352,0.0119686207195,1.91369286517
ve_re1_n256,3.36,0.0119657420239,1.91750445673
ve_re1_n256,3.368,0.0119628797218,1.92130052728
ve_re1_n256,3.376,0.0119600336816,1.92508112209
ve_re1_n256,3.384,0.011957203778,1.92884628508
ve_re1_n256,3.392,0.0119543898806,1.93259608668
ve_re1_n256,3.4,0.0119515918592,1.93633063326
ve_re1_n256,3.408,0.0119488095923,1.94004998581
ve_re1_n256,3.416,0.011946042956,1.94375420022
ve_re1_n256,3.424,0.0119432918277,1.94744333009
ve_re1_n256,3.432,0.0119405560846,1.95111742349
ve_re1_n256,3.44,0.0119378356038,1.95477652438
ve_re1_n256,3.448,0.0119351302608,1.95842068252
ve_re1_n256,3.456,0.0119324399307,1.96204994002
ve_re1_n256,3.464,0.011929764494,1.96566433826
ve_re1_n256,3.472,0.0119271038339,1.96926391458
ve_re1_n256,3.48,0.0119244578349,1.97284870056
ve_re1_n256,3.488,0.011921826386,1.976418724
ve_re1_n256,3.496,0.0119192093726,1.97997401617
ve_re1_n256,3.504,0.0119166066819,1.98351460141
ve_re1_n256,3.512,0.0119140182046,1.98704051188
ve_re1_n256,3.52,0.0119114438338,1.99055178293
ve_re1_n256,3.528,0.0119088834651,1.99404845204
ve_re1_n256,3.536,0.0119063369931,1.99753054656
ve_re1_n256,3.544,0.0119038043105,2.00099804795
ve_re1_n256,3.552,0.0119012853146,2.00445095957
ve_re1_n256,3.56,0.0118987799086,2.00788930317
ve_re1_n256,3.568,0.0118962879973,2.01131310714
ve_re1_n256,3.576,0.011893809488,2.01472239536
ve_re1_n256,3.584,0.0118913442897,2.01811719449
ve_re1_n256,3.592,0.0118888923153,2.02149753324
ve_re1_n256,3.6,0.0118864534828,2.02486342441
ve_re1_n256,3.608,0.0118840277147,2.02821482787
ve_re1_n256,3.616,0.0118816149256,2.03155167524
ve_re1_n256,3.624,0.0118792150253,2.03487394386
ve_re1_n256,3.632,0.0118768279309,2.03818163579
ve_re1_n256,3.64,0.011874453567,2.04147474747
ve_re1_n256,3.648,0.0118720918611,2.04475326817
ve_re1_n256,3.656,0.0118697427421,2.04801718866
ve_re1_n256,3.664,0.0118674061398,2.05126651264
ve_re1_n256,3.672,0.0118650819853,2.05450124333
ve_re1_n256,3.68,0.011862770211,2.05772138537
ve_re1_n256,3.688,0.0118604707497,2.06092694509
ve_re1_n256,3.696,0.0118581835351,2.06411792976
ve_re1_n256,3.704,0.011855908496,2.06729434229
ve_re1_n256,3.712,0.0118536455656,2.07045619441
ve_re1_n256,3.72,0.0118513946825,2.07360349815
ve_re1_n256,3.728,0.0118491557887,2.07673626523
ve_re1_n256,3.736,0.011846928824,2.07985451428
ve_re1_n256,3.744,0.0118447137212,2.08295825423
ve_re1_n256,3.752,0.0118425104147,2.08604749936
ve_re1_n256,3.76,0.0118403188427,2.0891222697
ve_re1_n256,3.768,0.0118381389455,2.09218257579
ve_re1_n256,3.776,0.0118359706598,2.09522844192
ve_re1_n256,3.784,0.0118338139157,2.09825988286
ve_re1_n256,3.792,0.0118316686481,2.10127692819
ve_re1_n256,3.8,0.0118295347968,2.1042796034
ve_re1_n256,3.808,0.0118274123017,2.10726793435
ve_re1_n256,3.816,0.0118253011014,2.11024192311
ve_re1_n256,3.824,0.0118232011347,2.11320160454
ve_re1_n256,3.832,0.0118211123417,2.11614699621
ve_re1_n256,3.84,0.0118190346608,2.11907813454
ve_re1_n256,3.848,0.0118169680321,2.12199503116
ve_re1_n256,3.856,0.0118149123906,2.12489772283
ve_re1_n256,3.864,0.0118128676666,2.12778625046
ve_re1_n256,3.872,0.0118108337992,2.13066063685
ve_re1_n256,3.88,0.0118088107303,2.13352092249
ve_re1_n256,3.888,0.0118067984021,2.13636712641
ve_re1_n256,3.896,0.0118047967505,2.13919929152
ve_re1_n256,3.904,0.0118028057131,2.1420174452
ve_re1_n256,3.912,0.011800825229,2.14482162536
ve_re1_n256,3.92,0.0117988552379,2.14761187393
ve_re1_n256,3.928,0.0117968956811,2.15038821192
ve_re1_n256,3.936,0.0117949464981,2.15315067038
ve_re1_n256,3.944,0.0117930076267,2.15589927179
ve_re1_n256,3.952,0.0117910790096,2.1586340358
ve_re1_n256,3.96,0.0117891605888,2.16135501376
ve_re1_n256,3.968,0.0117872523086,2.16406223521
ve_re1_n256,3.976,0.0117853541147,2.16675574062
ve_re1_n256,3.984,0.0117834659524,2.16943558148
ve_re1_n256,3.992,0.0117815877684,2.17210178118
ve_re1_n256,4,0.0117797195108,2.17475438175
ve_re1_n256,4.008,0.0117778611266,2.17739343662
ve_re1_n256,4.016,0.011776012559,2.18001897152
ve_re1_n256,4.024,0.0117741737506,2.18263104742
ve_re1_n256,4.032,0.0117723446513,2.1852297415
ve_re1_n256,4.04,0.011770525213,2.18781507945
ve_re1_n256,4.048,0.0117687153866,2.19038710314
ve_re1_n256,4.056,0.0117669151244,2.1929458697
ve_re1_n256,4.064,0.0117651243743,2.1954914118
ve_re1_n256,4.072,0.011763343082,2.19802376748
ve_re1_n256,4.08,0.0117615711959,2.200542994
ve_re1_n256,4.088,0.0117598086652,2.2030491344
ve_re1_n256,4.096,0.0117580554373,2.20554221543
ve_re1_n256,4.104,0.0117563114576,2.20802229832
ve_re1_n256,4.112,0.0117545766774,2.21048943731
ve_re1_n256,4.12,0.0117528510495,2.21294365371
ve_re1_n256,4.128,0.0117511345267,2.21538499568
ve_re1_n256,4.136,0.0117494270618,2.21781352664
ve_re1_n256,4.144,0.0117477286089,2.22022929123
ve_re1_n256,4.152,0.0117460391236,2.22263232113
ve_re1_n256,4.16,0.0117443585607,2.22502265412
ve_re1_n256,4.168,0.011742686873,2.22740033131
ve_re1_n256,4.176,0.0117410240139,2.22976537726
ve_re1_n256,4.184,0.0117393699345,2.23211783474
ve_re1_n256,4.192,0.0117377245846,2.23445776026
ve_re1_n256,4.2,0.0117360879176,2.23678520822
ve_re1_n256,4.208,0.0117344598884,2.23910020432
ve_re1_n256,4.216,0.0117328404501,2.2414027976
ve_re1_n256,4.224,0.0117312295555,2.2436930431
ve_re1_n256,4.232,0.0117296271578,2.24597098784
ve_re1_n256,4.24,0.011728033211,2.2482366528
ve_re1_n256,4.248,0.0117264476704,2.25049009342
ve_re1_n256,4.256,0.0117248704926,2.25273135823
ve_re1_n256,4.264,0.0117233016306,2.25496047093
ve_re1_n256,4.272,0.0117217410366,2.25717744637
ve_re1_n256,4.28,0.0117201886545,2.2593823331
ve_re1_n256,4.288,0.0117186444308,2.26157518422
ve_re1_n256,4.296,0.0117171083155,2.26375604745
ve_re1_n256,4.304,0.0117155802602,2.26592493887
ve_re1_n256,4.312,0.0117140602158,2.26808189459
ve_re1_n256,4.32,0.0117125481315,2.27022697182
ve_re1_n256,4.328,0.011711043958,2.27236022925
ve_re1_n256,4.336,0.0117095476468,2.27448169237
ve_re1_n256,4.344,0.0117080591486,2.27659139302
ve_re1_n256,4.352,0.0117065784155,2.27868938516
ve_re1_n256,4.36,0.0117051054003,2.28077572291
ve_re1_n256,4.368,0.0117036400544,2.28285044977
ve_re1_n256,4.376,0.0117021823267,2.28491358395
ve_re1_n256,4.384,0.0117007321642,2.28696517538
ve_re1_n256,4.392,0.0116992895158,2.28900527584
ve_re1_n256,4.4,0.0116978543316,2.29103393438
ve_re1_n256,4.408,0.0116964265631,2.29305117685
ve_re1_n256,4.416,0.0116950061613,2.29505703347
ve_re1_n256,4.424,0.0116935930773,2.29705155717
ve_re1_n256,4.432,0.011692187262,2.29903479577
ve_re1_n256,4.44,0.0116907886654,2.30100679683
ve_re1_n256,4.448,0.0116893972389,2.30296757519
ve_re1_n256,4.456,0.0116880129335,2.30491716924
ve_re1_n256,4.464,0.0116866357005,2.30685563094
ve_re1_n256,4.472,0.0116852654917,2.30878300841
ve_re1_n256,4.48,0.0116839022593,2.31069934799
ve_re1_n256,4.488,0.0116825459539,2.31260466444
ve_re1_n256,4.496,0.0116811965264,2.31449899831
ve_re1_n256,4.504,0.0116798539301,2.3163823967
ve_re1_n256,4.512,0.0116785181193,2.31825490467
ve_re1_n256,4.52,0.01167718905,2.32011656969
ve_re1_n256,4.528,0.0116758666782,2.3219674074
ve_re1_n256,4.536,0.0116745509591,2.3238074562
ve_re1_n256,4.544,0.0116732418477,2.32563676649
ve_re1_n256,4.552,0.0116719392981,2.32745538853
ve_re1_n256,4.56,0.0116706432637,2.32926337189
ve_re1_n256,4.568,0.0116693537007,2.33106073789
ve_re1_n256,4.576,0.0116680705659,2.33284752062
ve_re1_n256,4.584,0.0116667938167,2.33462377439
ve_re1_n256,4.592,0.0116655234101,2.33638954846
ve_re1_n256,4.6,0.0116642593047,2.33814489112
ve_re1_n256,4.608,0.01166300146,2.33988983844
ve_re1_n256,4.616,0.0116617498326,2.34162440318
ve_re1_n256,4.624,0.0116605043809,2.34334863206
ve_re1_n256,4.632,0.0116592650653,2.34506257407
ve_re1_n256,4.64,0.0116580318471,2.34676627855
ve_re1_n256,4.648,0.0116568046891,2.34845979278
ve_re1_n256,4.656,0.0116555835539,2.35014313168
ve_re1_n256,4.664,0.0116543684031,2.35181632572
ve_re1_n256,4.672,0.0116531591995,2.35347942399
ve_re1_n256,4.68,0.0116519559066,2.35513247558
ve_re1_n256,4.688,0.0116507584892,2.3567755287
ve_re1_n256,4.696,0.0116495669129,2.35840862952
ve_re1_n256,4.704,0.0116483811431,2.36003179171
ve_re1_n256,4.712,0.0116472011452,2.3616450551
ve_re1_n256,4.72,0.0116460268855,2.36324846972
ve_re1_n256,4.728,0.011644858331,2.36484208573
ve_re1_n256,4.736,0.0116436954491,2.36642595313
ve_re1_n256,4.744,0.0116425382081,2.36800011756
ve_re1_n256,4.752,0.0116413865757,2.36956459329
ve_re1_n256,4.76,0.0116402405194,2.37111942274
ve_re1_n256,4.768,0.0116391000067,2.3726646556
ve_re1_n256,4.776,0.0116379650081,2.37420034176
ve_re1_n256,4.784,0.011636835496,2.37572653195
ve_re1_n256,4.792,0.0116357114433,2.37724327601
ve_re1_n256,4.8,0.0116345928217,2.37875059623
ve_re1_n256,4.808,0.0116334796032,2.38024853047
ve_re1_n256,4.816,0.0116323717599,2.38173712734
ve_re1_n256,4.824,0.0116312692644,2.38321643877
ve_re1_n256,4.832,0.0116301720905,2.38468651632
ve_re1_n256,4.84,0.0116290802124,2.38614741107
ve_re1_n256,4.848,0.0116279936037,2.38759915312
ve_re1_n256,4.856,0.011626912237,2.38904176882
ve_re1_n256,4.864,0.0116258360857,2.39047531019
ve_re1_n256,4.872,0.0116247651236,2.39189982872
ve_re1_n256,4.88,0.0116236993252,2.39331537719
ve_re1_n256,4.888,0.0116226386667,2.3947220087
ve_re1_n256,4.896,0.0116215831239,2.3961197724
ve_re1_n256,4.904,0.0116205326701,2.39750868642
ve_re1_n256,4.912,0.0116194872788,2.39888879637
ve_re1_n256,4.92,0.0116184469241,2.40026015651
ve_re1_n256,4.928,0.0116174115807,2.40162282109
ve_re1_n256,4.936,0.0116163812239,2.40297684445
ve_re1_n256,4.944,0.011615355826,2.40432228026
ve_re1_n256,4.952,0.0116143353566,2.40565917328
ve_re1_n256,4.96,0.0116133197862,2.40698754521
ve_re1_n256,4.968,0.0116123090868,2.40830744864
ve_re1_n256,4.976,0.0116113032316,2.40961893782
ve_re1_n256,4.984,0.0116103021943,2.41092206678
ve_re1_n256,4.992,0.0116093059484,2.41221689014
ve_re1_n256,5,0.0116083144666,2.41350346175
ve_re1_n256,5.008,0.0116073277208,2.41478182697
ve_re1_n256,5.016,0.0116063456805,2.41605200755
ve_re1_n256,5.024,0.0116053683161,2.41731405648
ve_re1_n256,5.032,0.0116043955994,2.41856802893
ve_re1_n256,5.04,0.0116034275031,2.41981397949
ve_re1_n256,5.048,0.011602464,2.42105196156
ve_re1_n256,5.056,0.0116015050617,2.42228202911
ve_re1_n256,5.064,0.0116005506591,2.42350423317
ve_re1_n256,5.072,0.011599600761,2.42471859667
ve_re1_n256,5.08,0.0115986553366,2.42592516652
ve_re1_n256,5.088,0.0115977143568,2.4271239935
ve_re1_n256,5.096,0.0115967777934,2.42831513007
ve_re1_n256,5.104,0.0115958456185,2.4294986313
ve_re1_n256,5.112,0.0115949178039,2.43067455326
ve_re1_n256,5.12,0.0115939943209,2.43184295248
ve_re1_n256,5.128,0.0115930751392,2.43300386952
ve_re1_n256,5.136,0.0115921602277,2.43415733364
ve_re1_n256,5.144,0.0115912495583,2.43530339936
ve_re1_n256,5.152,0.0115903431046,2.43644212098
ve_re1_n256,5.16,0.0115894408402,2.43757355295
ve_re1_n256,5.168,0.0115885427391,2.43869775334
ve_re1_n256,5.176,0.0115876487744,2.43981477843
ve_re1_n256,5.184,0.0115867589178,2.44092468126
ve_re1_n256,5.192,0.0115858731408,2.44202749493
ve_re1_n256,5.2,0.0115849914144,2.44312324889
ve_re1_n256,5.208,0.0115841137123,2.44421199525
ve_re1_n256,5.216,0.0115832400098,2.44529378582
ve_re1_n256,5.224,0.0115823702832,2.44636867183
ve_re1_n256,5.232,0.0115815045089,2.44743670549
ve_re1_n256,5.24,0.0115806426629,2.44849793452
ve_re1_n256,5.248,0.0115797847201,2.44955240475
ve_re1_n256,5.256,0.0115789306549,2.45060015205
ve_re1_n256,5.264,0.0115780804418,2.45164119868
ve_re1_n256,5.272,0.0115772340576,2.45267559285
ve_re1_n256,5.28,0.0115763914818,2.45370338281
ve_re1_n256,5.288,0.0115755526933,2.45472461598
ve_re1_n256,5.296,0.0115747176706,2.45573933972
ve_re1_n256,5.304,0.0115738863908,2.45674760091
ve_re1_n256,5.312,0.011573058831,2.45774944608
ve_re1_n256,5.32,0.0115722349684,2.45874491873
ve_re1_n256,5.328,0.0115714147802,2.45973403493
ve_re1_n256,5.336,0.0115705982459,2.46071683176
ve_re1_n256,5.344,0.0115697853469,2.46169335516
ve_re1_n256,5.352,0.011568976065,2.46266364674
ve_re1_n256,5.36,0.0115681703815,2.46362774491
ve_re1_n256,5.368,0.0115673682766,2.46458569664
ve_re1_n256,5.376,0.0115665697303,2.46553754557
ve_re1_n256,5.384,0.0115657747214,2.46648333363
ve_re1_n256,5.392,0.0115649832294,2.4674230956
ve_re1_n256,5.4,0.0115641952353,2.46835684427
ve_re1_n256,5.408,0.0115634107222,2.46928461817
ve_re1_n256,5.416,0.0115626296748,2.4702064584
ve_re1_n256,5.424,0.0115618520779,2.47112240572
ve_re1_n256,5.432,0.0115610779159,2.47203250055
ve_re1_n256,5.44,0.0115603071721,2.47293678254
ve_re1_n256,5.448,0.0115595398284,2.47383529132
ve_re1_n256,5.456,0.0115587758667,2.47472806543
ve_re1_n256,5.464,0.01155801527,2.47561513839
ve_re1_n256,5.472,0.0115572580223,2.4764965229
ve_re1_n256,5.48,0.0115565041101,2.47737225344
ve_re1_n256,5.488,0.011555753521,2.4782423678
ve_re1_n256,5.496,0.0115550062423,2.47910690317
ve_re1_n256,5.504,0.0115542622606,2.47996589652
ve_re1_n256,5.512,0.0115535215614,2.48081938459
ve_re1_n256,5.52,0.0115527841294,2.4816674043
ve_re1_n256,5.528,0.0115520499488,2.48250999219
ve_re1_n256,5.536,0.0115513190042,2.48334718402
ve_re1_n256,5.544,0.0115505912813,2.48417899304
ve_re1_n256,5.552,0.0115498667674,2.4850054408
ve_re1_n256,5.56,0.0115491454514,2.48582656295
ve_re1_n256,5.568,0.0115484273226,2.48664239472
ve_re1_n256,5.576,0.0115477123697,2.487452971
ve_re1_n256,5.584,0.0115470005802,2.48825832648
ve_re1_n256,5.592,0.0115462919408,2.48905849589
ve_re1_n256,5.6,0.0115455864374,2.48985351369
ve_re1_n256,5.608,0.011544884056,2.49064341568
ve_re1_n256,5.616,0.0115441847841,2.49142823631
ve_re1_n256,5.624,0.0115434886102,2.49220798407
ve_re1_n256,5.632,0.0115427955241,2.49298268499
ve_re1_n256,5.64,0.0115421055161,2.49375237271
ve_re1_n256,5.648,0.0115414185754,2.49451708104
ve_re1_n256,5.656,0.0115407346898,2.49527684355
ve_re1_n256,5.664,0.0115400538459,2.49603169383
ve_re1_n256,5.672,0.0115393760297,2.49678166517
ve_re1_n256,5.68,0.0115387012272,2.49752679037
ve_re1_n256,5.688,0.0115380294253,2.49826710213
ve_re1_n256,5.696,0.0115373606113,2.4990026329
ve_re1_n256,5.704,0.0115366947732,2.49973339624
ve_re1_n256,5.712,0.0115360318998,2.50045940976
ve_re1_n256,5.72,0.0115353719799,2.50118070624
ve_re1_n256,5.728,0.0115347150018,2.50189731835
ve_re1_n256,5.736,0.0115340609531,2.50260927849
ve_re1_n256,5.744,0.0115334098202,2.50331661875
ve_re1_n256,5.752,0.0115327615891,2.50401937039
ve_re1_n256,5.76,0.011532116245,2.50471756457
ve_re1_n256,5.768,0.0115314737739,2.50541123261
ve_re1_n256,5.776,0.0115308341626,2.50610040569
ve_re1_n256,5.784,0.0115301973991,2.50678511375
ve_re1_n256,5.792,0.0115295634711,2.50746536624
ve_re1_n256,5.8,0.0115289323667,2.50814118638
ve_re1_n256,5.808,0.0115283040748,2.50881260587
ve_re1_n256,5.816,0.0115276785836,2.50947965639
ve_re1_n256,5.824,0.0115270558793,2.51014236934
ve_re1_n256,5.832,0.0115264359471,2.51080077613
ve_re1_n256,5.84,0.0115258187724,2.51145490756
ve_re1_n256,5.848,0.0115252043414,2.51210479429
ve_re1_n256,5.856,0.0115245926421,2.51275046778
ve_re1_n256,5.864,0.011523983663,2.51339195903
ve_re1_n256,5.872,0.0115233773933,2.51402929875
ve_re1_n256,5.88,0.0115227738222,2.51466250587
ve_re1_n256,5.888,0.0115221729377,2.51529159335
ve_re1_n256,5.896,0.0115215747278,2.51591659224
ve_re1_n256,5.904,0.0115209791791,2.51653753343
ve_re1_n256,5.912,0.0115203862771,2.51715444757
ve_re1_n256,5.92,0.011519796007,2.51776736505
ve_re1_n256,5.928,0.0115192083544,2.51837631623
ve_re1_n256,5.936,0.0115186233059,2.51898133133
ve_re1_n256,5.944,0.0115180408494,2.51958244046
ve_re1_n256,5.952,0.0115174609733,2.52017967352
ve_re1_n256,5.96,0.0115168836667,2.52077306012
ve_re1_n256,5.968,0.0115163089186,2.52136263021
ve_re1_n256,5.976,0.0115157367175,2.52194840261
ve_re1_n256,5.984,0.0115151670505,2.5225303902
ve_re1_n256,5.992,0.0115145999044,2.52310862311
ve_re1_n256,6,0.0115140352649,2.52368313171
ve_re1_n256,6.008,0.011513473117,2.52425394609
ve_re1_n256,6.016,0.0115129134455,2.52482109587
ve_re1_n256,6.024,0.0115123562359,2.52538461055
ve_re1_n256,6.032,0.011511801474,2.52594451936
ve_re1_n256,6.04,0.0115112491464,2.52650085134
ve_re1_n256,6.048,0.0115106992398,2.52705363571
ve_re1_n256,6.056,0.0115101517413,2.52760290131
ve_re1_n256,6.064,0.0115096066379,2.52814867683
ve_re1_n256,6.072,0.0115090639157,2.52869099021
ve_re1_n256,6.08,0.0115085235588,2.52922985153
ve_re1_n256,6.088,0.0115079855502,2.52976528053
ve_re1_n256,6.096,0.0115074498732,2.53029730512
ve_re1_n256,6.104,0.0115069165113,2.53082595281
ve_re1_n256,6.112,0.0115063854481,2.53135125002
ve_re1_n256,6.12,0.0115058566677,2.53187322346
ve_re1_n256,6.128,0.0115053301541,2.53239189976
ve_re1_n256,6.136,0.0115048058911,2.53290730484
ve_re1_n256,6.144,0.0115042838639,2.53341946452
ve_re1_n256,6.152,0.0115037640582,2.53392840452
ve_re1_n256,6.16,0.0115032464595,2.5344341505
ve_re1_n256,6.168,0.0115027310517,2.53493672761
ve_re1_n256,6.176,0.0115022178172,2.53543616052
ve_re1_n256,6.184,0.0115017067367,2.5359324646
ve_re1_n256,6.192,0.0115011977902,2.53642564773
ve_re1_n256,6.2,0.0115006909591,2.53691573334
ve_re1_n256,6.208,0.0115001862258,2.53740274449
ve_re1_n256,6.216,0.0114996835729,2.53788670382
ve_re1_n256,6.224,0.0114991829828,2.53836763361
ve_re1_n256,6.232,0.0114986844392,2.53884555587
ve_re1_n256,6.24,0.011498187926,2.53932049217
ve_re1_n256,6.248,0.0114976934282,2.53979246404
ve_re1_n256,6.256,0.0114972009306,2.54026149252
ve_re1_n256,6.264,0.0114967104175,2.54072759829
ve_re1_n256,6.272,0.0114962218723,2.54119080156
ve_re1_n256,6.28,0.0114957352772,2.54165112191
ve_re1_n256,6.288,0.0114952506148,2.54210857851
ve_re1_n256,6.296,0.011494767868,2.54256318355
ve_re1_n256,6.304,0.0114942870196,2.54301493918
ve_re1_n256,6.312,0.0114938080543,2.54346386307
ve_re1_n256,6.32,0.0114933309573,2.54390997335
ve_re1_n256,6.328,0.0114928557146,2.54435328766
ve_re1_n256,6.336,0.011492382313,2.54479382359
ve_re1_n256,6.344,0.0114919107406,2.54523159824
ve_re1_n256,6.352,0.0114914409864,2.54566662846
ve_re1_n256,6.36,0.0114909730394,2.546098931
ve_re1_n256,6.368,0.0114905068886,2.54652852249
ve_re1_n256,6.376,0.011490042522,2.54695541935
ve_re1_n256,6.384,0.0114895799278,2.54737963766
ve_re1_n256,6.392,0.011489119094,2.54780119289
ve_re1_n256,6.4,0.011488660009,2.54822010037
ve_re1_n256,6.408,0.0114882026617,2.54863637526
ve_re1_n256,6.416,0.0114877470419,2.54905002427
ve_re1_n256,6.424,0.0114872931399,2.54946104891
ve_re1_n256,6.432,0.0114868409477,2.54986946425
ve_re1_n256,6.44,0.0114863904575,2.55027528519
ve_re1_n256,6.448,0.0114859416627,2.55067852653
ve_re1_n256,6.456,0.0114854945573,2.55107920296
ve_re1_n256,6.464,0.011485049135,2.55147732919
ve_re1_n256,6.472,0.0114846053895,2.55187292024
ve_re1_n256,6.48,0.0114841633138,2.55226599085
ve_re1_n256,6.488,0.0114837229009,2.55265655532
ve_re1_n256,6.496,0.0114832841439,2.55304462785
ve_re1_n256,6.504,0.0114828470354,2.55343022262
ve_re1_n256,6.512,0.0114824115683,2.55381335358
ve_re1_n256,6.52,0.0114819777363,2.55419403447
ve_re1_n256,6.528,0.011481545532,2.55457227887
ve_re1_n256,6.536,0.011481114948,2.55494809996
ve_re1_n256,6.544,0.0114806859772,2.55532150041
ve_re1_n256,6.552,0.0114802586146,2.55569248433
ve_re1_n256,6.56,0.0114798328557,2.55606106543
ve_re1_n256,6.56800000001,0.0114794086959,2.55642725747
ve_re1_n256,6.57600000001,0.0114789861307,2.55679107405
ve_re1_n256,6.58400000001,0.011478565155,2.55715252895
ve_re1_n256,6.59200000001,0.0114781457633,2.55751163595
ve_re1_n256,6.60000000001,0.0114777279504,2.55786840864
ve_re1_n256,6.60800000001,0.0114773117109,2.5582228603
ve_re1_n256,6.61600000001,0.0114768970402,2.55857500383
ve_re1_n256,6.62400000001,0.0114764839326,2.55892485234
ve_re1_n256,6.63200000001,0.0114760723816,2.55927241865
ve_re1_n256,6.64000000001,0.0114756623807,2.55961771548
ve_re1_n256,6.64800000001,0.0114752539239,2.55996075556
ve_re1_n256,6.65600000001,0.0114748470056,2.56030155173
ve_re1_n256,6.66400000001,0.0114744416215,2.56064011673
ve_re1_n256,6.67200000001,0.0114740377675,2.56097646213
ve_re1_n256,6.68000000001,0.0114736354398,2.56131059148
ve_re1_n256,6.68800000001,0.0114732346347,2.56164250795
ve_re1_n256,6.69600000001,0.0114728353493,2.56197222492
ve_re1_n256,6.70400000001,0.0114724375811,2.56229975585
ve_re1_n256,6.71200000001,0.0114720413278,2.56262511422
ve_re1_n256,6.72000000001,0.0114716465867,2.56294831349
ve_re1_n256,6.72800000001,0.0114712533547,2.56326936712
ve_re1_n256,6.73600000001,0.0114708616278,2.56358828798
ve_re1_n256,6.74400000001,0.0114704714007,2.5639050887
ve_re1_n256,6.75200000001,0.0114700826687,2.56421978263
ve_re1_n256,6.76000000001,0.0114696954275,2.5645323828
ve_re1_n256,6.76800000001,0.0114693096739,2.56484290153
ve_re1_n256,6.77600000001,0.0114689254044,2.56515135213
ve_re1_n256,6.78400000001,0.0114685426164,2.56545774838
ve_re1_n256,6.79200000001,0.0114681613075,2.56576210424
ve_re1_n256,6.80000000001,0.0114677814766,2.56606443381
ve_re1_n256,6.80800000001,0.0114674031228,2.56636475139
ve_re1_n256,6.81600000001,0.0114670262447,2.5666630716
ve_re1_n256,6.82400000001,0.0114666508418,2.5669594075
ve_re1_n256,6.83200000001,0.0114662769136,2.56725376162
ve_re1_n256,6.84000000001,0.0114659044598,2.56754614701
ve_re1_n256,6.84800000001,0.0114655334796,2.56783657929
ve_re1_n256,6.85600000001,0.0114651639716,2.56812507431
ve_re1_n256,6.86400000001,0.0114647959343,2.568411648
ve_re1_n256,6.87200000001,0.0114644293658,2.56869631626
ve_re1_n256,6.88000000001,0.0114640642645,2.56897909509
ve_re1_n256,6.88800000001,0.0114637006281,2.56926000063
ve_re1_n256,6.89600000001,0.0114633384539,2.56953904907
ve_re1_n256,6.90400000001,0.0114629777387,2.56981625682
ve_re1_n256,6.91200000001,0.0114626184795,2.57009164035
ve_re1_n256,6.92000000001,0.0114622606727,2.57036521622
ve_re1_n256,6.92800000001,0.0114619043153,2.57063700111
ve_re1_n256,6.93600000001,0.0114615494043,2.57090701162
ve_re1_n256,6.94400000001,0.0114611959367,2.57117526311
ve_re1_n256,6.95200000001,0.0114608439092,2.57144177232
ve_re1_n256,6.96000000001,0.0114604933183,2.5717065561
ve_re1_n256,6.96800000001,0.0114601441602,2.57196963122
ve_re1_n256,6.97600000001,0.0114597964291,2.5722310145
ve_re1_n256,6.98400000001,0.0114594501184,2.57249072184
ve_re1_n256,6.99200000001,0.0114591052208,2.57274875924
ve_re1_n256,7.00000000001,0.0114587617295,2.57300513954
ve_re1_n256,7.00800000001,0.0114584196372,2.57325987923
ve_re1_n256,7.01600000001,0.0114580789356,2.57351299461
ve_re1_n256,7.02400000001,0.0114577396155,2.57376450172
ve_re1_n256,7.03200000001,0.0114574016673,2.57401441633
ve_re1_n256,7.04000000001,0.0114570650814,2.574262754
ve_re1_n256,7.04800000001,0.0114567298479,2.57450953006
ve_re1_n256,7.05600000001,0.0114563959569,2.57475475954
ve_re1_n256,7.06400000001,0.011456063398,2.57499845719
ve_re1_n256,7.07200000001,0.0114557321608,2.57524063768
ve_re1_n256,7.08000000001,0.0114554022344,2.57548131526
ve_re1_n256,7.08800000001,0.0114550736079,2.5757205041
ve_re1_n256,7.09600000001,0.0114547462702,2.5759582181
ve_re1_n256,7.10400000001,0.0114544202098,2.57619447066
ve_re1_n256,7.11200000001,0.0114540954149,2.57642927487
ve_re1_n256,7.12000000001,0.0114537718739,2.57666264363
ve_re1_n256,7.12800000001,0.0114534495756,2.57689458943
ve_re1_n256,7.13600000001,0.0114531285094,2.57712512428
ve_re1_n256,7.14400000001,0.0114528086642,2.57735425976
ve_re1_n256,7.15200000001,0.011452490028,2.57758200709
ve_re1_n256,7.16000000001,0.0114521725887,2.57780837718
ve_re1_n256,7.16800000001,0.0114518563343,2.57803337325
ve_re1_n256,7.17600000001,0.0114515412531,2.57825700031
ve_re1_n256,7.18400000001,0.0114512273344,2.57847926872
ve_re1_n256,7.19200000001,0.0114509145678,2.57870018864
ve_re1_n256,7.20000000001,0.0114506029429,2.57891976992
ve_re1_n256,7.20800000001,0.0114502924499,2.57913802202
ve_re1_n256,7.21600000001,0.0114499830793,2.57935495368
ve_re1_n256,7.22400000001,0.0114496748217,2.5795705742
ve_re1_n256,7.23200000001,0.0114493676688,2.57978489283
ve_re1_n256,7.24000000001,0.0114490616132,2.57999791867
ve_re1_n256,7.24800000001,0.0114487566479,2.58020966085
ve_re1_n256,7.25600000001,0.0114484527664,2.58042012848
ve_re1_n256,7.26400000001,0.0114481499624,2.58062933058
ve_re1_n256,7.27200000001,0.0114478482299,2.58083727616
ve_re1_n256,7.28000000001,0.0114475475632,2.58104397415
ve_re1_n256,7.28800000001,0.0114472479568,2.58124943339
ve_re1_n256,7.29600000001,0.0114469494055,2.58145366257
ve_re1_n256,7.30400000001,0.0114466519047,2.58165667041
ve_re1_n256,7.31200000001,0.01144635545,2.58185846565
ve_re1_n256,7.32000000001,0.011446060037,2.58205905708
ve_re1_n256,7.32800000001,0.0114457656618,2.58225845351
ve_re1_n256,7.33600000001,0.0114454723204,2.58245666371
ve_re1_n256,7.34400000001,0.0114451800088,2.58265369642
ve_re1_n256,7.35200000001,0.0114448887232,2.58284956057
ve_re1_n256,7.36000000001,0.0114445984602,2.58304426413
ve_re1_n256,7.36800000001,0.0114443092166,2.58323780785
ve_re1_n256,7.37600000001,0.0114440209894,2.58343019903
ve_re1_n256,7.38400000001,0.0114437337771,2.58362144713
ve_re1_n256,7.39200000001,0.0114434475785,2.5838115615
ve_re1_n256,7.40000000001,0.0114431623918,2.58400055173
ve_re1_n256,7.40800000001,0.0114428782144,2.58418842744
ve_re1_n256,7.41600000001,0.011442595044,2.58437519818
ve_re1_n256,7.42400000001,0.0114423128781,2.58456087365
ve_re1_n256,7.43200000001,0.0114420317141,2.58474546349
ve_re1_n256,7.44000000001,0.0114417515492,2.58492897715
ve_re1_n256,7.44800000001,0.0114414723799,2.58511142412
ve_re1_n256,7.45600000001,0.0114411942021,2.5852928138
ve_re1_n256,7.46400000001,0.0114409170111,2.58547315548
ve_re1_n256,7.47200000001,0.0114406408023,2.58565245829
ve_re1_n256,7.48000000001,0.0114403655709,2.58583073132
ve_re1_n256,7.48800000001,0.0114400913122,2.58600798334
ve_re1_n256,7.49600000001,0.0114398180213,2.58618422291
ve_re1_n256,7.50400000001,0.0114395456926,2.58635945818
ve_re1_n256,7.51200000001,0.011439274319,2.58653369704
ve_re1_n256,7.52000000001,0.0114390038938,2.58670694728
ve_re1_n256,7.52800000001,0.0114387344104,2.58687921647
ve_re1_n256,7.53600000001,0.0114384658615,2.58705051184
ve_re1_n256,7.54400000001,0.0114381982394,2.58722084042
ve_re1_n256,7.55200000001,0.0114379315365,2.58739020895
ve_re1_n256,7.56000000001,0.0114376657451,2.58755862398
ve_re1_n256,7.56800000001,0.0114374008581,2.58772609182
ve_re1_n256,7.57600000001,0.0114371368684,2.58789261848
ve_re1_n256,7.58400000001,0.0114368737692,2.58805820611
ve_re1_n256,7.59200000001,0.0114366115534,2.58822285418
ve_re1_n256,7.60000000001,0.0114363502137,2.58838656798
ve_re1_n256,7.60800000001,0.0114360897432,2.58854935255
ve_re1_n256,7.61600000001,0.0114358301353,2.58871121251
ve_re1_n256,7.62400000001,0.0114355713827,2.58887215233
ve_re1_n256,7.63200000001,0.0114353134778,2.58903217609
ve_re1_n256,7.64000000001,0.0114350564138,2.58919128744
ve_re1_n256,7.64800000001,0.011434800184,2.58934948963
ve_re1_n256,7.65600000001,0.0114345447816,2.5895067858
ve_re1_n256,7.66400000001,0.0114342901997,2.58966317887
ve_re1_n256,7.67200000001,0.0114340364317,2.58981867143
ve_re1_n256,7.68000000001,0.0114337834718,2.58997326593
ve_re1_n256,7.68800000001,0.0114335313143,2.59012696451
ve_re1_n256,7.69600000001,0.0114332799545,2.59027976915
ve_re1_n256,7.70400000001,0.0114330293888,2.59043168178
ve_re1_n256,7.71200000001,0.0114327796142,2.59058270417
ve_re1_n256,7.72000000001,0.0114325306281,2.59073283803
ve_re1_n256,7.72800000001,0.0114322824282,2.590882085
ve_re1_n256,7.73600000001,0.0114320350126,2.59103044667
ve_re1_n256,7.74400000001,0.0114317883792,2.59117792469
ve_re1_n256,7.75200000001,0.0114315425263,2.59132452066
ve_re1_n256,7.76000000001,0.0114312974537,2.59147023624
ve_re1_n256,7.76800000001,0.0114310531619,2.59161507319
ve_re1_n256,7.77600000001,0.011430809652,2.59175903333
ve_re1_n256,7.78400000001,0.0114305669256,2.59190211849
ve_re1_n256,7.79200000001,0.011430324985,2.59204433058
ve_re1_n256,7.80000000001,0.0114300838325,2.5921856718
ve_re1_n256,7.80800000001,0.0114298434708,2.59232614441
ve_re1_n256,7.81600000001,0.0114296039031,2.59246575097
ve_re1_n256,7.82400000001,0.0114293651322,2.59260449413
ve_re1_n256,7.83200000001,0.0114291271616,2.59274237198
ve_re1_n256,7.84000000001,0.0114288899949,2.59287938405
ve_re1_n256,7.84800000001,0.0114286536362,2.59301553365
ve_re1_n256,7.85600000001,0.0114284180892,2.59315082437
ve_re1_n256,7.86400000001,0.0114281833571,2.5932852599
ve_re1_n256,7.87200000001,0.0114279494434,2.59341884405
ve_re1_n256,7.88000000001,0.0114277163519,2.59355158082
ve_re1_n256,7.88800000001,0.0114274840862,2.59368347444
ve_re1_n256,7.89600000001,0.0114272526494,2.59381452934
ve_re1_n256,7.90400000001,0.011427022045,2.59394475016
ve_re1_n256,7.91200000001,0.0114267922766,2.59407414171
ve_re1_n256,7.92000000001,0.0114265633476,2.59420270882
ve_re1_n256,7.92800000001,0.0114263352609,2.59433045656
ve_re1_n256,7.93600000001,0.0114261080195,2.59445739017
ve_re1_n256,7.94400000001,0.0114258816262,2.59458351496
ve_re1_n256,7.95200000001,0.0114256560834,2.59470883635
ve_re1_n256,7.96000000001,0.0114254313932,2.59483335994
ve_re1_n256,7.96800000001,0.0114252075575,2.59495709154
ve_re1_n256,7.97600000001,0.0114249845783,2.59508003705
ve_re1_n256,7.98400000001,0.0114247624578,2.59520220243
ve_re1_n256,7.99200000001,0.0114245411973,2.59532359375
ve_re1_n256,8.00000000001,0.0114243207974,2.59544421714
ve_re1_n256,8.00800000001,0.0114241012581,2.59556407864
ve_re1_n256,8.01600000001,0.0114238825794,2.59568318433
ve_re1_n256,8.02400000001,0.0114236647612,2.5958015403
ve_re1_n256,8.03200000001,0.0114234478021,2.59591915264
ve_re1_n256,8.04000000001,0.0114232317008,2.59603602733
ve_re1_n256,8.04800000001,0.0114230164551,2.5961521703
ve_re1_n256,8.05600000001,0.0114228020628,2.59626758734
ve_re1_n256,8.06400000001,0.0114225885216,2.59638228408
ve_re1_n256,8.07200000001,0.0114223758292,2.59649626606
ve_re1_n256,8.08000000001,0.0114221639827,2.59660953869
ve_re1_n256,8.08800000001,0.0114219529791,2.59672210715
ve_re1_n256,8.09600000001,0.0114217428145,2.59683397654
ve_re1_n256,8.10400000001,0.0114215334844,2.5969451518
ve_re1_n256,8.11200000001,0.0114213249847,2.59705563379
ve_re1_n256,8.12000000001,0.0114211173108,2.59716542436
ve_re1_n256,8.12800000001,0.0114209104581,2.59727452795
ve_re1_n256,8.13600000001,0.0114207044223,2.59738294891
ve_re1_n256,8.14400000001,0.0114204991984,2.5974906915
ve_re1_n256,8.15200000001,0.0114202947811,2.59759775969
ve_re1_n256,8.16000000001,0.0114200911657,2.59770415739
ve_re1_n256,8.16800000001,0.0114198883473,2.59780988835
ve_re1_n256,8.17600000001,0.011419686321,2.59791495624
ve_re1_n256,8.18400000001,0.0114194850824,2.59801936459
ve_re1_n256,8.19200000001,0.0114192846272,2.59812311684
ve_re1_n256,8.20000000001,0.0114190849514,2.59822621633
ve_re1_n256,8.20800000001,0.0114188860513,2.59832866637
ve_re1_n256,8.21600000001,0.0114186879234,2.59843047012
ve_re1_n256,8.22400000001,0.0114184905646,2.59853163072
ve_re1_n256,8.23200000001,0.0114182939721,2.59863215127
ve_re1_n256,8.24000000001,0.0114180981436,2.59873203487
ve_re1_n256,8.24800000001,0.011417903077,2.59883128456
ve_re1_n256,8.25600000001,0.0114177087706,2.59892990337
ve_re1_n256,8.26400000001,0.0114175152229,2.59902789437
ve_re1_n256,8.27200000001,0.0114173224324,2.59912526071
ve_re1_n256,8.28000000001,0.0114171303977,2.59922200554
ve_re1_n256,8.28800000001,0.0114169391176,2.599318132
ve_re1_n256,8.29600000001,0.0114167485907,2.59941364333
ve_re1_n256,8.30400000001,0.0114165588164,2.59950854278
ve_re1_n256,8.31200000001,0.011416369794,2.59960283378
ve_re1_n256,8.32000000001,0.011416181523,2.59969651982
ve_re1_n256,8.32800000001,0.0114159940032,2.59978960454
ve_re1_n256,8.33600000001,0.0114158072344,2.59988209166
ve_re1_n256,8.34400000001,0.0114156212166,2.59997398505
ve_re1_n256,8.35200000001,0.0114154359497,2.60006528862
ve_re1_n256,8.36000000001,0.0114152514343,2.60015600652
ve_re1_n256,8.36800000001,0.0114150676712,2.60024614303
ve_re1_n256,8.37600000001,0.0114148846608,2.60033570263
ve_re1_n256,8.38400000001,0.0114147024035,2.60042468996
ve_re1_n256,8.39200000001,0.0114145208998,2.60051310981
ve_re1_n256,8.40000000001,0.0114143401501,2.60060096714
ve_re1_n256,8.40800000001,0.011414160155,2.6006882671
ve_re1_n256,8.41600000001,0.0114139809146,2.60077501499
ve_re1_n256,8.42400000001,0.0114138024292,2.6008612163
ve_re1_n256,8.43200000001,0.0114136246993,2.60094687674
ve_re1_n256,8.44000000001,0.011413447725,2.60103200212
ve_re1_n256,8.44800000001,0.0114132715062,2.60111659699
ve_re1_n256,8.45600000001,0.0114130960427,2.6012006643
ve_re1_n256,8.46400000001,0.0114129213341,2.60128421056
ve_re1_n256,8.47200000001,0.0114127473807,2.60136724263
ve_re1_n256,8.48000000001,0.0114125741825,2.60144976752
ve_re1_n256,8.48800000001,0.0114124017395,2.60153179251
ve_re1_n256,8.49600000001,0.0114122300516,2.60161332512
ve_re1_n256,8.50400000001,0.0114120591183,2.60169437306
ve_re1_n256,8.51200000001,0.0114118889388,2.60177494412
ve_re1_n256,8.52000000001,0.011411719512,2.60185504613
ve_re1_n256,8.52800000001,0.0114115508361,2.60193468713
ve_re1_n256,8.53600000001,0.011411382909,2.60201387521
ve_re1_n256,8.54400000001,0.0114112157282,2.60209261851
ve_re1_n256,8.55200000001,0.0114110492908,2.6021709252
ve_re1_n256,8.56000000001,0.0114108835934,2.60224880348
ve_re1_n256,8.56800000001,0.0114107186323,2.60232626154
ve_re1_n256,8.57600000001,0.0114105544033,2.60240330752
ve_re1_n256,8.58400000001,0.0114103909023,2.60247994951
ve_re1_n256,8.59200000001,0.0114102281243,2.60255619569
ve_re1_n256,8.60000000001,0.0114100660642,2.60263205415
ve_re1_n256,8.60800000001,0.0114099047162,2.60270753293
ve_re1_n256,8.61600000001,0.0114097440747,2.60278264001
ve_re1_n256,8.62400000001,0.0114095841332,2.60285738327
ve_re1_n256,8.63200000001,0.0114094248851,2.60293177046
ve_re1_n256,8.64000000001,0.0114092663234,2.6030058092
ve_re1_n256,8.64800000001,0.0114091084407,2.60307950696
ve_re1_n256,8.65600000001,0.0114089512296,2.60315287098
ve_re1_n256,8.66400000001,0.0114087946825,2.60322590827
ve_re1_n256,8.67200000001,0.0114086387915,2.60329862568
ve_re1_n256,8.68000000001,0.0114084835482,2.60337102986
ve_re1_n256,8.68800000001,0.011408328944,2.60344312719
ve_re1_n256,8.69600000001,0.0114081749699,2.60351492377
ve_re1_n256,8.70400000001,0.0114080216169,2.60358642547
ve_re1_n256,8.71200000001,0.0114078688758,2.60365763787
ve_re1_n256,8.72000000001,0.011407716737,2.60372856629
ve_re1_n256,8.72800000001,0.0114075651912,2.60379921578
ve_re1_n256,8.73600000001,0.0114074142291,2.60386959115
ve_re1_n256,8.74400000001,0.0114072638414,2.60393969693
ve_re1_n256,8.75200000001,0.0114071140189,2.60400953734
ve_re1_n256,8.76000000001,0.0114069647527,2.60407911636
ve_re1_n256,8.76800000001,0.011406816034,2.6041484377
ve_re1_n256,8.77600000001,0.011406667854,2.60421750484
ve_re1_n256,8.78400000001,0.0114065202046,2.60428632101
ve_re1_n256,8.79200000001,0.0114063730776,2.60435488917
ve_re1_n256,8.80000000001,0.0114062264649,2.60442321206
ve_re1_n256,8.80800000001,0.0114060803591,2.60449129216
ve_re1_n256,8.81600000001,0.0114059347527,2.60455913174
ve_re1_n256,8.82400000001,0.0114057896383,2.60462673276
ve_re1_n256,8.83200000001,0.0114056450089,2.60469409696
ve_re1_n256,8.84000000001,0.011405500858,2.60476122587
ve_re1_n256,8.84800000001,0.0114053571789,2.60482812081
ve_re1_n256,8.85600000001,0.0114052139655,2.60489478285
ve_re1_n256,8.86400000001,0.0114050712116,2.60496121286
ve_re1_n256,8.87200000001,0.0114049289114,2.60502741151
ve_re1_n256,8.88000000001,0.0114047870597,2.60509337925
ve_re1_n256,8.88800000001,0.011404645651,2.60515911588
ve_re1_n256,8.89600000001,0.0114045046803,2.60522461877
ve_re1_n256,8.90400000001,0.0114043641427,2.60528988752
ve_re1_n256,8.91200000001,0.0114042240341,2.60535492196
ve_re1_n256,8.92000000001,0.0114040843505,2.60541972183
ve_re1_n256,8.92800000001,0.0114039450884,2.60548428673
ve_re1_n256,8.93600000001,0.0114038062445,2.60554861616
ve_re1_n256,8.94400000001,0.0114036678157,2.60561270949
ve_re1_n256,8.95200000001,0.0114035297993,2.60567656604
ve_re1_n256,8.96000000001,0.011403392193,2.60574018502
ve_re1_n256,8.96800000001,0.0114032549948,2.60580356558
ve_re1_n256,8.97600000001,0.0114031182026,2.6058667068
ve_re1_n256,8.98400000001,0.0114029818147,2.60592960771
ve_re1_n256,8.99200000001,0.0114028458298,2.60599226727
ve_re1_n256,9.00000000001,0.0114027102466,2.60605468448
ve_re1_n256,9.00800000001,0.0114025750643,2.60611685827
ve_re1_n256,9.01600000001,0.0114024402824,2.60617878758
ve_re1_n256,9.02400000001,0.0114023059003,2.60624047137
ve_re1_n256,9.03200000001,0.0114021719179,2.60630190856
ve_re1_n256,9.04000000001,0.0114020383353,2.60636309809
ve_re1_n256,9.04800000001,0.0114019051528,2.60642403892
ve_re1_n256,9.05600000001,0.0114017723706,2.60648472995
ve_re1_n256,9.06400000001,0.0114016399893,2.60654517018
ve_re1_n256,9.07200000001,0.0114015080096,2.60660535869
ve_re1_n256,9.08000000001,0.0114013764326,2.60666529462
ve_re1_n256,9.08800000001,0.0114012452592,2.60672497714
ve_re1_n256,9.09600000001,0.0114011144906,2.60678440554
ve_re1_n256,9.10400000001,0.011400984128,2.60684357918
ve_re1_n256,9.11200000001,0.0114008541728,2.60690249753
ve_re1_n256,9.12000000001,0.011400724627,2.60696116018
ve_re1_n256,9.12800000001,0.0114005954925,2.60701956683
ve_re1_n256,9.13600000001,0.0114004667718,2.6070777173
ve_re1_n256,9.14400000001,0.0114003384672,2.60713561158
ve_re1_n256,9.15200000001,0.0114002105814,2.60719324978
ve_re1_n256,9.16000000001,0.011400083117,2.60725063219
ve_re1_n256,9.16800000001,0.0113999560767,2.60730775919
ve_re1_n256,9.17600000001,0.0113998294632,2.60736463133
ve_re1_n256,9.18400000001,0.0113997032791,2.60742124924
ve_re1_n256,9.19200000001,0.0113995775271,2.60747761372
ve_re1_n256,9.20000000001,0.0113994522095,2.60753372564
ve_re1_n256,9.20800000001,0.0113993273289,2.60758958601
ve_re1_n256,9.21600000001,0.0113992028875,2.60764519593
ve_re1_n256,9.22400000001,0.0113990788876,2.60770055661
ve_re1_n256,9.23200000001,0.0113989553311,2.60775566938
ve_re1_n256,9.24000000001,0.01139883222,2.60781053565
ve_re1_n256,9.24800000001,0.011398709556,2.60786515693
ve_re1_n256,9.25600000001,0.0113985873407,2.60791953484
ve_re1_n256,9.26400000001,0.0113984655757,2.6079736711
ve_re1_n256,9.27200000001,0.0113983442625,2.60802756752
ve_re1_n256,9.28000000001,0.0113982234022,2.60808122597
ve_re1_n256,9.28800000001,0.0113981029961,2.6081346484
ve_re1_n256,9.29600000001,0.011397983045,2.6081878368
ve_re1_n256,9.304,0.0113978635496,2.60824079326
ve_re1_n256,9.312,0.0113977445105,2.60829351995
ve_re1_n256,9.32,0.0113976259279,2.60834601909
ve_re1_n256,9.328,0.011397507802,2.60839829291
ve_re1_n256,9.336,0.0113973901326,2.6084503437
ve_re1_n256,9.344,0.0113972729197,2.60850217377
ve_re1_n256,9.352,0.0113971561627,2.60855378548
ve_re1_n256,9.36,0.0113970398612,2.60860518116
ve_re1_n256,9.368,0.0113969240143,2.60865636319
ve_re1_n256,9.376,0.011396808621,2.60870733398
ve_re1_n256,9.384,0.0113966936798,2.60875809593
ve_re1_n256,9.392,0.0113965791894,2.60880865139
ve_re1_n256,9.4,0.0113964651481,2.60885900265
ve_re1_n256,9.408,0.0113963515541,2.60890915199
ve_re1_n256,9.416,0.0113962384055,2.60895910167
ve_re1_n256,9.424,0.0113961257002,2.60900885389
ve_re1_n256,9.432,0.0113960134359,2.60905841081
ve_re1_n256,9.44,0.0113959016101,2.60910777457
ve_re1_n256,9.448,0.0113957902202,2.60915694723
ve_re1_n256,9.456,0.0113956792636,2.60920593079
ve_re1_n256,9.464,0.0113955687374,2.60925472721
ve_re1_n256,9.472,0.0113954586387,2.60930333841
ve_re1_n256,9.48,0.0113953489646,2.60935176623
ve_re1_n256,9.488,0.011395239712,2.60940001209
ve_re1_n256,9.496,0.0113951308777,2.60944807601
ve_re1_n256,9.504,0.0113950224586,2.60949595945
ve_re1_n256,9.512,0.0113949144513,2.60954366408
ve_re1_n256,9.52,0.0113948068527,2.60959119145
ve_re1_n256,9.528,0.0113946996595,2.60963854307
ve_re1_n256,9.536,0.0113945928685,2.60968572037
ve_re1_n256,9.544,0.0113944864762,2.60973272474
ve_re1_n256,9.552,0.0113943804796,2.60977955745
ve_re1_n256,9.56,0.0113942748755,2.60982621976
ve_re1_n256,9.568,0.0113941696607,2.60987271283
ve_re1_n256,9.576,0.0113940648323,2.6099190378
ve_re1_n256,9.584,0.0113939603875,2.60996519577
ve_re1_n256,9.592,0.0113938563234,2.61001118777
ve_re1_n256,9.6,0.0113937526375,2.61005701485
ve_re1_n256,9.608,0.0113936493273,2.6101026777
ve_re1_n256,9.616,0.0113935463903,2.61014817695
ve_re1_n256,9.624,0.0113934438242,2.61019351351
ve_re1_n256,9.632,0.0113933416269,2.61023868824
ve_re1_n256,9.64,0.0113932397964,2.61028370202
ve_re1_n256,9.648,0.0113931383305,2.61032855566
ve_re1_n256,9.656,0.0113930372274,2.61037324999
ve_re1_n256,9.664,0.0113929364852,2.61041778575
ve_re1_n256,9.672,0.0113928361018,2.61046216368
ve_re1_n256,9.68,0.0113927360756,2.61050638447
ve_re1_n256,9.688,0.0113926364046,2.61055044877
ve_re1_n256,9.696,0.0113925370871,2.61059435717
ve_re1_n256,9.704,0.0113924381212,2.61063811023
ve_re1_n256,9.712,0.0113923395054,2.61068170845
ve_re1_n256,9.72,0.011392241238,2.61072515232
ve_re1_n256,9.728,0.0113921433172,2.61076844229
ve_re1_n256,9.736,0.0113920457414,2.61081157876
ve_re1_n256,9.744,0.011391948509,2.61085456214
ve_re1_n256,9.752,0.0113918516184,2.61089739279
ve_re1_n256,9.76,0.0113917550684,2.61094007103
ve_re1_n256,9.768,0.0113916588575,2.61098259719
ve_re1_n256,9.776,0.0113915629845,2.61102497155
ve_re1_n256,9.784,0.0113914674481,2.61106719436
ve_re1_n256,9.792,0.0113913722471,2.61110926584
ve_re1_n256,9.8,0.0113912773801,2.6111511862
ve_re1_n256,9.808,0.0113911828461,2.61119295563
ve_re1_n256,9.816,0.0113910886438,2.61123457426
ve_re1_n256,9.824,0.0113909947721,2.61127604224
ve_re1_n256,9.832,0.0113909012301,2.61131735966
ve_re1_n256,9.84,0.0113908080168,2.61135852661
ve_re1_n256,9.848,0.0113907151312,2.61139954314
ve_re1_n256,9.856,0.0113906225726,2.61144040926
ve_re1_n256,9.864,0.0113905303399,2.61148112496
ve_re1_n256,9.872,0.0113904384325,2.6115216902
ve_re1_n256,9.88,0.0113903468495,2.61156210492
ve_re1_n256,9.888,0.01139025559,2.61160236901
ve_re1_n256,9.896,0.0113901646534,2.61164248236
ve_re1_n256,9.904,0.0113900740389,2.61168244484
ve_re1_n256,9.912,0.0113899837458,2.61172225627
ve_re1_n256,9.92,0.0113898937733,2.6117619165
ve_re1_n256,9.928,0.0113898041208,2.61180142535
ve_re1_n256,9.936,0.0113897147876,2.61184078263
ve_re1_n256,9.944,0.0113896257733,2.61187998814
ve_re1_n256,9.952,0.0113895370771,2.6119190417
ve_re1_n256,9.96,0.0113894486987,2.61195794312
ve_re1_n256,9.968,0.0113893606375,2.61199669223
ve_re1_n256,9.976,0.0113892728932,2.61203528884
ve_re1_n256,9.984,0.0113891854654,2.61207373278
ve_re1_n256,9.992,0.0113890983539,2.61211202387
ve_re1_n256,10,0.0113890115583,2.61215016197
ve_re1_n64_dt1e-4,0,0,0
ve_re1_n64_dt1e-4,0.008,1.08312903496e-09,2.22221502674e-11
ve_re1_n64_dt1e-4,0.016,1.82639160678e-09,8.43349274421e-11
ve_re1_n64_dt1e-4,0.024,2.66228393907e-09,1.98346578338e-10
ve_re1_n64_dt1e-4,0.032,3.67556378524e-09,3.83051788653e-10
ve_re1_n64_dt1e-4,0.04,4.94072767115e-09,6.63670925386e-10
ve_re1_n64_dt1e-4,0.048,6.54323344656e-09,1.0734954463e-09
ve_re1_n64_dt1e-4,0.056,8.58876441827e-09,1.65622899487e-09
ve_re1_n64_dt1e-4,0.064,1.12113341198e-08,2.46907355724e-09
ve_re1_n64_dt1e-4,0.072,1.45825175013e-08,3.58674299141e-09
ve_re1_n64_dt1e-4,0.08,1.89228731184e-08,5.10666296615e-09
ve_re1_n64_dt1e-4,0.088,2.45164518811e-08,7.15569884547e-09
ve_re1_n64_dt1e-4,0.096,3.17293909507e-08,9.89885377828e-09
ve_re1_n64_dt1e-4,0.104,4.10338189615e-08,1.35505087464e-08
ve_re1_n64_dt1e-4,0.112,5.30386239999e-08,1.83889412228e-08
ve_re1_n64_dt1e-4,0.12,6.8529065809e-08,2.47750717781e-08
ve_re1_n64_dt1e-4,0.128,8.85177698896e-08,3.31766606071e-08
ve_re1_n64_dt1e-4,0.136,1.14310354955e-07,4.41995265078e-08
ve_re1_n64_dt1e-4,0.144,1.47589857781e-07,5.86278103088e-08
ve_re1_n64_dt1e-4,0.152,1.90525283301e-07,7.74758810122e-08
ve_re1_n64_dt1e-4,0.16,2.4591108867e-07,1.02055220879e-07
ve_re1_n64_dt1e-4,0.168,3.17346289786e-07,1.34060569628e-07
ve_re1_n64_dt1e-4,0.176,4.09464258774e-07,1.75680813167e-07
ve_re1_n64_dt1e-4,0.184,5.28227285206e-07,2.29741639495e-07
ve_re1_n64_dt1e-4,0.192,6.81303753032e-07,2.99888940524e-07
ve_re1_n64_dt1e-4,0.2,8.78550520371e-07,3.90824423445e-07
ve_re1_n64_dt1e-4,0.208,1.13262899436e-06,5.08608042856e-07
ve_re1_n64_dt1e-4,0.216,1.45979071715e-06,6.61045842538e-07
ve_re1_n64_dt1e-4,0.224,1.88087730371e-06,8.58186804169e-07
ve_re1_n64_dt1e-4,0.232,2.42259060715e-06,1.11295858517e-06
ve_re1_n64_dt1e-4,0.24,3.11910235546e-06,1.44197987862e-06
ve_re1_n64_dt1e-4,0.248,4.01408851718e-06,1.86659688739e-06
ve_re1_n64_dt1e-4,0.256,5.16329256995e-06,2.41420346383e-06
ve_re1_n64_dt1e-4,0.264,6.63774380512e-06,3.11991926594e-06
ve_re1_n64_dt1e-4,0.272,8.52778172061e-06,4.02871829607e-06
ve_re1_n64_dt1e-4,0.28,1.09480649932e-05,5.19812190444e-06
ve_re1_n64_dt1e-4,0.288,1.40437724716e-05,6.70159621427e-06
ve_re1_n64_dt1e-4,0.296,1.79982322599e-05,8.63282431582e-06
ve_re1_n64_dt1e-4,0.304,2.30422402601e-05,1.1111058646e-05
ve_re1_n64_dt1e-4,0.312,2.94653469056e-05,1.42877985372e-05
ve_re1_n64_dt1e-4,0.32,3.76293935855e-05,1.83550812629e-05
ve_re1_n64_dt1e-4,0.328,4.79845591926e-05,2.35557205066e-05
ve_re1_n64_dt1e-4,0.336,6.10881201527e-05,3.01958713799e-05
ve_re1_n64_dt1e-4,0.344,7.76260189055e-05,3.86603417426e-05
ve_re1_n64_dt1e-4,0.352,9.84371580161e-05,4.94310995074e-05
ve_re1_n64_dt1e-4,0.36,0.000124540070207,6.31094364405e-05
ve_re1_n64_dt1e-4,0.368,0.000157161239694,8.04422295508e-05
ve_re1_n64_dt1e-4,0.376,0.000197763853307,0.000102352677718
ve_re1_n64_dt1e-4,0.384,0.000248075138186,0.000129975767983
ve_re1_n64_dt1e-4,0.392,0.000310109712861,0.000164698525708
ve_re1_n64_dt1e-4,0.4,0.000386185586451,0.000208204809695
ve_re1_n64_dt1e-4,0.408,0.000478928671267,0.000262524015394
ve_re1_n64_dt1e-4,0.416,0.000591261058522,0.000330082544591
ve_re1_n64_dt1e-4,0.424,0.000726368021643,0.00041375629849
ve_re1_n64_dt1e-4,0.432,0.000887638965883,0.000516921780601
ve_re1_n64_dt1e-4,0.44,0.00107857854514,0.000643502730544
ve_re1_n64_dt1e-4,0.448,0.00130268608746,0.000798008589963
ve_re1_n64_dt1e-4,0.456,0.00156330435439,0.00098556067068
ve_re1_n64_dt1e-4,0.464,0.00186344238774,0.00121190175288
ve_re1_n64_dt1e-4,0.472,0.00220558141717,0.00148338506509
ve_re1_n64_dt1e-4,0.48,0.00259147693957,0.00180693934969
ve_re1_n64_dt1e-4,0.488,0.00302197337234,0.0021900078886
ve_re1_n64_dt1e-4,0.496,0.00349684936398,0.00264046093816
ve_re1_n64_dt1e-4,0.504,0.00401471126726,0.00316648316271
ve_re1_n64_dt1e-4,0.512,0.0045729491608,0.00377643955319
ve_re1_n64_dt1e-4,0.52,0.00516776431222,0.00447872514832
ve_re1_n64_dt1e-4,0.528,0.00579426985092,0.00528160558401
ve_re1_n64_dt1e-4,0.536,0.00644665871637,0.00619305646835
ve_re1_n64_dt1e-4,0.544,0.00711842579315,0.00722060868043
ve_re1_n64_dt1e-4,0.552,0.00780262593126,0.00837120871716
ve_re1_n64_dt1e-4,0.56,0.00849214670286,0.00965109761391
ve_re1_n64_dt1e-4,0.568,0.0091799748785,0.0110657159681
ve_re1_n64_dt1e-4,0.576,0.00985943820085,0.0126196351328
ve_re1_n64_dt1e-4,0.584,0.0105244079122,0.0143165165177
ve_re1_n64_dt1e-4,0.592,0.0111694535915,0.016159098156
ve_re1_n64_dt1e-4,0.6,0.0117899464296,0.0181492045501
ve_re1_n64_dt1e-4,0.608,0.0123821124946,0.0202877790756
ve_re1_n64_dt1e-4,0.616,0.012943040978,0.0225749299514
ve_re1_n64_dt1e-4,0.624,0.0134706546802,0.0250099958581
ve_re1_n64_dt1e-4,0.632,0.0139636516052,0.0275916090147
ve_re1_n64_dt1e-4,0.64,0.0144214264736,0.0303177781997
ve_re1_n64_dt1e-4,0.648,0.0148439799074,0.0331859601936
ve_re1_n64_dt1e-4,0.656,0.0152318228196,0.0361931418591
ve_re1_n64_dt1e-4,0.664,0.0155858815068,0.0393359107719
ve_re1_n64_dt1e-4,0.672,0.0159074070555,0.0426105268389
ve_re1_n64_dt1e-4,0.68,0.0161978929746,0.0460129951491
ve_re1_n64_dt1e-4,0.688,0.0164590014089,0.0495391121447
ve_re1_n64_dt1e-4,0.696,0.016692500503,0.0531845318132
ve_re1_n64_dt1e-4,0.704,0.0169002110401,0.0569448102196
ve_re1_n64_dt1e-4,0.712,0.0170839624459,0.0608154378916
ve_re1_n64_dt1e-4,0.72,0.0172455596203,0.0647918970656
ve_re1_n64_dt1e-4,0.728,0.017386756085,0.0688696841138
ve_re1_n64_dt1e-4,0.736,0.0175092335246,0.0730443244374
ve_re1_n64_dt1e-4,0.744,0.0176145892582,0.0773114111462
ve_re1_n64_dt1e-4,0.752,0.0177043275935,0.0816666330532
ve_re1_n64_dt1e-4,0.76,0.0177798542404,0.0861057750137
ve_re1_n64_dt1e-4,0.768,0.0178424740541,0.0906247198927
ve_re1_n64_dt1e-4,0.776,0.0178933936246,0.0952194941945
ve_re1_n64_dt1e-4,0.784,0.0179337230537,0.0998862574484
ve_re1_n64_dt1e-4,0.792,0.0179644787582,0.104621307517
ve_re1_n64_dt1e-4,0.8,0.0179865872778,0.109421057738
ve_re1_n64_dt1e-4,0.808,0.0180008920902,0.114282083268
ve_re1_n64_dt1e-4,0.816,0.0180081602584,0.119201110964
ve_re1_n64_dt1e-4,0.824,0.0180090868036,0.124175012688
ve_re1_n64_dt1e-4,0.832,0.0180043002243,0.129200804429
ve_re1_n64_dt1e-4,0.84,0.0179943668248,0.134275619315
ve_re1_n64_dt1e-4,0.848,0.0179797974573,0.139396749113
ve_re1_n64_dt1e-4,0.856,0.0179610537191,0.144561646576
ve_re1_n64_dt1e-4,0.864,0.0179385519406,0.149767890608
ve_re1_n64_dt1e-4,0.872,0.0179126669219,0.155013202822
ve_re1_n64_dt1e-4,0.88,0.017883735661,0.160295428865
ve_re1_n64_dt1e-4,0.888,0.017852060798,0.16561251924
ve_re1_n64_dt1e-4,0.896,0.0178179145506,0.170962545799
ve_re1_n64_dt1e-4,0.904,0.0177815434034,0.17634373542
ve_re1_n64_dt1e-4,0.912,0.0177431706381,0.181754399451
ve_re1_n64_dt1e-4,0.92,0.0177029975595,0.187192983125
ve_re1_n64_dt1e-4,0.928,0.017661206399,0.192658038537
ve_re1_n64_dt1e-4,0.936,0.0176179615363,0.198148209768
ve_re1_n64_dt1e-4,0.944,0.017573411655,0.203662237275
ve_re1_n64_dt1e-4,0.952,0.0175276906562,0.209198911149
ve_re1_n64_dt1e-4,0.96,0.0174809201833,0.214757123524
ve_re1_n64_dt1e-4,0.968,0.0174332123268,0.220335856956
ve_re1_n64_dt1e-4,0.976,0.0173846692616,0.225934149165
ve_re1_n64_dt1e-4,0.984,0.0173353839031,0.231551139181
ve_re1_n64_dt1e-4,0.992,0.0172854413185,0.237186030882
ve_re1_n64_dt1e-4,1,0.0172349195211,0.242838072032
ve_re1_n64_dt1e-4,1.008,0.0171838897155,0.24850660132
ve_re1_n64_dt1e-4,1.016,0.0171324176455,0.254191008606
ve_re1_n64_dt1e-4,1.024,0.0170805635242,0.259890697533
ve_re1_n64_dt1e-4,1.032,0.0170283824674,0.265605045892
ve_re1_n64_dt1e-4,1.04,0.0169759265227,0.271333489667
ve_re1_n64_dt1e-4,1.048,0.0169232439501,0.277075543938
ve_re1_n64_dt1e-4,1.056,0.0168703791107,0.282830757481
ve_re1_n64_dt1e-4,1.064,0.0168173731944,0.288598714003
ve_re1_n64_dt1e-4,1.072,0.0167642649487,0.294379054912
ve_re1_n64_dt1e-4,1.08,0.0167110907099,0.300171430297
ve_re1_n64_dt1e-4,1.088,0.0166578841781,0.305975547999
ve_re1_n64_dt1e-4,1.096,0.0166046767574,0.311791150573
ve_re1_n64_dt1e-4,1.104,0.0165514980372,0.317618006367
ve_re1_n64_dt1e-4,1.112,0.0164983765518,0.323455925836
ve_re1_n64_dt1e-4,1.12,0.0164453391121,0.329304613218
ve_re1_n64_dt1e-4,1.128,0.016392409882,0.33516371049
ve_re1_n64_dt1e-4,1.136,0.0163396121598,0.341032873212
ve_re1_n64_dt1e-4,1.144,0.0162869678876,0.34691188578
ve_re1_n64_dt1e-4,1.152,0.0162344972313,0.352800489129
ve_re1_n64_dt1e-4,1.16,0.0161822192941,0.358698522236
ve_re1_n64_dt1e-4,1.168,0.0161301525835,0.364605857358
ve_re1_n64_dt1e-4,1.176,0.016078314901,0.370522304384
ve_re1_n64_dt1e-4,1.184,0.0160267227992,0.376447675329
ve_re1_n64_dt1e-4,1.192,0.0159753915649,0.382381846499
ve_re1_n64_dt1e-4,1.2,0.0159243351714,0.388324671792
ve_re1_n64_dt1e-4,1.208,0.0158735670306,0.394275953165
ve_re1_n64_dt1e-4,1.216,0.0158231000688,0.400235449109
ve_re1_n64_dt1e-4,1.224,0.0157729464575,0.406202905454
ve_re1_n64_dt1e-4,1.232,0.0157231173421,0.412178099997
ve_re1_n64_dt1e-4,1.24,0.0156736232747,0.418160744655
ve_re1_n64_dt1e-4,1.248,0.0156244742593,0.424150543415
ve_re1_n64_dt1e-4,1.256,0.0155756784204,0.430146927193
ve_re1_n64_dt1e-4,1.264,0.0155272436141,0.436149506408
ve_re1_n64_dt1e-4,1.272,0.0154791775321,0.442158082923
ve_re1_n64_dt1e-4,1.28,0.0154314873523,0.44817237943
ve_re1_n64_dt1e-4,1.288,0.0153841800185,0.454192167785
ve_re1_n64_dt1e-4,1.296,0.0153372625459,0.460217250187
ve_re1_n64_dt1e-4,1.304,0.0152907420422,0.466247417974
ve_re1_n64_dt1e-4,1.312,0.0152446242813,0.47228243414
ve_re1_n64_dt1e-4,1.32,0.0151989143114,0.478322145464
ve_re1_n64_dt1e-4,1.328,0.0151536167787,0.484366392642
ve_re1_n64_dt1e-4,1.336,0.0151087360352,0.490414975427
ve_re1_n64_dt1e-4,1.344,0.0150642763469,0.496467564694
ve_re1_n64_dt1e-4,1.352,0.0150202415029,0.50252385719
ve_re1_n64_dt1e-4,1.36,0.0149766347135,0.508583579769
ve_re1_n64_dt1e-4,1.368,0.0149334592125,0.514646374188
ve_re1_n64_dt1e-4,1.376,0.0148907177532,0.520711971688
ve_re1_n64_dt1e-4,1.384,0.01484841257,0.526780078823
ve_re1_n64_dt1e-4,1.392,0.0148065455696,0.532850332798
ve_re1_n64_dt1e-4,1.4,0.0147651186267,0.538922324023
ve_re1_n64_dt1e-4,1.408,0.0147241328721,0.544995631216
ve_re1_n64_dt1e-4,1.416,0.0146835889866,0.551069835536
ve_re1_n64_dt1e-4,1.424,0.0146434868725,0.557144082955
ve_re1_n64_dt1e-4,1.432,0.0146038260006,0.56321773844
ve_re1_n64_dt1e-4,1.44,0.0145646062831,0.569290362731
ve_re1_n64_dt1e-4,1.448,0.014525827726,0.575361512499
ve_re1_n64_dt1e-4,1.456,0.0144874901826,0.581430677363
ve_re1_n64_dt1e-4,1.464,0.0144495933277,0.587497504519
ve_re1_n64_dt1e-4,1.472,0.0144121365035,0.593561689524
ve_re1_n64_dt1e-4,1.48,0.014375118687,0.599622972668
ve_re1_n64_dt1e-4,1.488,0.0143385386976,0.605681043982
ve_re1_n64_dt1e-4,1.496,0.0143023951455,0.611735604938
ve_re1_n64_dt1e-4,1.504,0.0142666862744,0.617786484372
ve_re1_n64_dt1e-4,1.512,0.0142314104374,0.623833448669
ve_re1_n64_dt1e-4,1.52,0.0141965660239,0.62987622004
ve_re1_n64_dt1e-4,1.528,0.0141621520727,0.635914620512
ve_re1_n64_dt1e-4,1.536,0.014128167015,0.641948332627
ve_re1_n64_dt1e-4,1.544,0.014094608848,0.647977011221
ve_re1_n64_dt1e-4,1.552,0.0140614750832,0.654000421525
ve_re1_n64_dt1e-4,1.56,0.0140287628292,0.660018348587
ve_re1_n64_dt1e-4,1.568,0.0139964691325,0.666030580628
ve_re1_n64_dt1e-4,1.576,0.013964591059,0.672036819426
ve_re1_n64_dt1e-4,1.584,0.013933125664,0.678036797849
ve_re1_n64_dt1e-4,1.592,0.0139020703154,0.684030131083
ve_re1_n64_dt1e-4,1.6,0.0138714222763,0.690016477879
ve_re1_n64_dt1e-4,1.608,0.013841178514,0.695995558989
ve_re1_n64_dt1e-4,1.616,0.0138113358969,0.701967090987
ve_re1_n64_dt1e-4,1.624,0.0137818910052,0.707930790205
ve_re1_n64_dt1e-4,1.632,0.0137528402627,0.713886304353
ve_re1_n64_dt1e-4,1.64,0.0137241800223,0.719833248458
ve_re1_n64_dt1e-4,1.648,0.0136959066753,0.725771139739
ve_re1_n64_dt1e-4,1.656,0.0136680163317,0.731699275135
ve_re1_n64_dt1e-4,1.664,0.0136405051483,0.737616760081
ve_re1_n64_dt1e-4,1.672,0.0136133700239,0.743522688861
ve_re1_n64_dt1e-4,1.68,0.0135866077461,0.749416417975
ve_re1_n64_dt1e-4,1.688,0.0135602140729,0.755297681603
ve_re1_n64_dt1e-4,1.696,0.0135341847433,0.761166214944
ve_re1_n64_dt1e-4,1.704,0.0135085159706,0.767021757605
ve_re1_n64_dt1e-4,1.712,0.0134832041128,0.772863956614
ve_re1_n64_dt1e-4,1.72,0.0134582454263,0.778692579225
ve_re1_n64_dt1e-4,1.728,0.0134336360301,0.784507425208
ve_re1_n64_dt1e-4,1.736,0.0134093718532,0.79030823052
ve_re1_n64_dt1e-4,1.744,0.0133854490006,0.796094689354
ve_re1_n64_dt1e-4,1.752,0.0133618637209,0.801866545861
ve_re1_n64_dt1e-4,1.76,0.0133386121739,0.807623558129
ve_re1_n64_dt1e-4,1.768,0.0133156903694,0.813365536483
ve_re1_n64_dt1e-4,1.776,0.0132930941219,0.819092347506
ve_re1_n64_dt1e-4,1.784,0.0132708193012,0.824803812054
ve_re1_n64_dt1e-4,1.792,0.0132488619341,0.830499784276
ve_re1_n64_dt1e-4,1.8,0.0132272178568,0.836180072961
ve_re1_n64_dt1e-4,1.808,0.0132058830069,0.841844504333
ve_re1_n64_dt1e-4,1.816,0.0131848534269,0.847492962637
ve_re1_n64_dt1e-4,1.824,0.0131641249365,0.853125354847
ve_re1_n64_dt1e-4,1.832,0.0131436934047,0.858741580205
ve_re1_n64_dt1e-4,1.84,0.0131235549327,0.864341514316
ve_re1_n64_dt1e-4,1.848,0.0131037059749,0.869924980504
ve_re1_n64_dt1e-4,1.856,0.0130841423771,0.875491780267
ve_re1_n64_dt1e-4,1.864,0.0130648599777,0.881041765711
ve_re1_n64_dt1e-4,1.872,0.0130458549032,0.886574808007
ve_re1_n64_dt1e-4,1.88,0.0130271234318,0.892090428415
ve_re1_n64_dt1e-4,1.888,0.0130086623391,0.897587680511
ve_re1_n64_dt1e-4,1.896,0.012990468024,0.9030664752
ve_re1_n64_dt1e-4,1.904,0.0129725365354,0.908526823177
ve_re1_n64_dt1e-4,1.912,0.0129548639402,0.913968675387
ve_re1_n64_dt1e-4,1.92,0.0129374464031,0.919391996237
ve_re1_n64_dt1e-4,1.928,0.0129202799915,0.92479674737
ve_re1_n64_dt1e-4,1.936,0.0129033609401,0.930182767422
ve_re1_n64_dt1e-4,1.944,0.012886685563,0.935549963245
ve_re1_n64_dt1e-4,1.952,0.0128702500731,0.940898312456
ve_re1_n64_dt1e-4,1.96,0.0128540505532,0.94622779072
ve_re1_n64_dt1e-4,1.968,0.0128380830562,0.951538369787
ve_re1_n64_dt1e-4,1.976,0.0128223438738,0.956829992179
ve_re1_n64_dt1e-4,1.984,0.0128068291865,0.962102598455
ve_re1_n64_dt1e-4,1.992,0.0127915353494,0.967356018896
ve_re1_n64_dt1e-4,2,0.0127764590194,0.972589805206
ve_re1_n64_dt1e-4,2.008,0.0127615967752,0.977803895265
ve_re1_n64_dt1e-4,2.016,0.0127469451476,0.982998267422
ve_re1_n64_dt1e-4,2.024,0.0127325007493,0.988172845952
ve_re1_n64_dt1e-4,2.032,0.0127182603691,0.993327403919
ve_re1_n64_dt1e-4,2.04,0.0127042207672,0.998461597401
ve_re1_n64_dt1e-4,2.048,0.0126903787072,1.00357534854
ve_re1_n64_dt1e-4,2.056,0.0126767310853,1.00866862604
ve_re1_n64_dt1e-4,2.064,0.0126632747482,1.01374138813
ve_re1_n64_dt1e-4,2.072,0.0126500067271,1.0187934295
ve_re1_n64_dt1e-4,2.08,0.0126369240844,1.02382462411
ve_re1_n64_dt1e-4,2.088,0.0126240235731,1.02883494065
ve_re1_n64_dt1e-4,2.096,0.0126113020617,1.03382432687
ve_re1_n64_dt1e-4,2.104,0.0125987565435,1.03879274186
ve_re1_n64_dt1e-4,2.112,0.0125863840944,1.04374011991
ve_re1_n64_dt1e-4,2.12,0.0125741818762,1.04866638249
ve_re1_n64_dt1e-4,2.128,0.0125621471911,1.05357135523
ve_re1_n64_dt1e-4,2.136,0.0125502772888,1.05845497441
ve_re1_n64_dt1e-4,2.144,0.0125385693784,1.06331718672
ve_re1_n64_dt1e-4,2.152,0.0125270208211,1.06815783847
ve_re1_n64_dt1e-4,2.16,0.0125156289394,1.07297680296
ve_re1_n64_dt1e-4,2.168,0.0125043911539,1.07777409227
ve_re1_n64_dt1e-4,2.176,0.0124933050426,1.08254967694
ve_re1_n64_dt1e-4,2.184,0.0124823682861,1.08730356565
ve_re1_n64_dt1e-4,2.192,0.0124715784588,1.09203580933
ve_re1_n64_dt1e-4,2.2,0.0124609331157,1.09674642966
ve_re1_n64_dt1e-4,2.208,0.012450429914,1.10143545292
ve_re1_n64_dt1e-4,2.216,0.0124400665141,1.10610292581
ve_re1_n64_dt1e-4,2.224,0.0124298405969,1.1107488693
ve_re1_n64_dt1e-4,2.232,0.0124197498319,1.11537324809
ve_re1_n64_dt1e-4,2.24,0.0124097919648,1.11997602916
ve_re1_n64_dt1e-4,2.248,0.0123999647718,1.12455723407
ve_re1_n64_dt1e-4,2.256,0.0123902660947,1.12911686403
ve_re1_n64_dt1e-4,2.264,0.0123806937069,1.13365495499
ve_re1_n64_dt1e-4,2.272,0.0123712453715,1.13817155961
ve_re1_n64_dt1e-4,2.28,0.0123619189125,1.14266672031
ve_re1_n64_dt1e-4,2.288,0.0123527121583,1.14714045012
ve_re1_n64_dt1e-4,2.296,0.0123436234934,1.15159209658
ve_re1_n64_dt1e-4,2.304,0.012334651028,1.15602154611
ve_re1_n64_dt1e-4,2.312,0.0123257925505,1.16042886867
ve_re1_n64_dt1e-4,2.32,0.0123170461183,1.16481408234
ve_re1_n64_dt1e-4,2.328,0.0123084099788,1.16917712657
ve_re1_n64_dt1e-4,2.336,0.0122998823152,1.17351810388
ve_re1_n64_dt1e-4,2.344,0.0122914612939,1.17783711949
ve_re1_n64_dt1e-4,2.352,0.0122831451155,1.18213428365
ve_re1_n64_dt1e-4,2.36,0.0122749319919,1.18640968909
ve_re1_n64_dt1e-4,2.368,0.0122668202986,1.19066334605
ve_re1_n64_dt1e-4,2.376,0.0122588083606,1.19489536238
ve_re1_n64_dt1e-4,2.384,0.0122508944751,1.19910586429
ve_re1_n64_dt1e-4,2.392,0.012243076862,1.20329497423
ve_re1_n64_dt1e-4,2.4,0.012235353765,1.2074628092
ve_re1_n64_dt1e-4,2.408,0.0122277234601,1.21160949513
ve_re1_n64_dt1e-4,2.416,0.0122201842667,1.21573511574
ve_re1_n64_dt1e-4,2.424,0.0122127344603,1.21983975311
ve_re1_n64_dt1e-4,2.432,0.012205372357,1.22392348873
ve_re1_n64_dt1e-4,2.44,0.0121980963132,1.22798640389
ve_re1_n64_dt1e-4,2.448,0.0121909048449,1.2320283581
ve_re1_n64_dt1e-4,2.456,0.0121837965935,1.236049298
ve_re1_n64_dt1e-4,2.464,0.01217677014,1.24004928833
ve_re1_n64_dt1e-4,2.472,0.0121698240437,1.24402838948
ve_re1_n64_dt1e-4,2.48,0.0121629568875,1.24798670192
ve_re1_n64_dt1e-4,2.488,0.0121561673474,1.25192432726
ve_re1_n64_dt1e-4,2.496,0.0121494540573,1.25584136616
ve_re1_n64_dt1e-4,2.504,0.0121428157392,1.25973787083
ve_re1_n64_dt1e-4,2.512,0.0121362512182,1.26361391654
ve_re1_n64_dt1e-4,2.52,0.0121297593571,1.26746959459
ve_re1_n64_dt1e-4,2.528,0.0121233389379,1.27130499402
ve_re1_n64_dt1e-4,2.536,0.0121169886977,1.27512012269
ve_re1_n64_dt1e-4,2.544,0.0121107073722,1.27891503884
ve_re1_n64_dt1e-4,2.552,0.012104493703,1.28268983259
ve_re1_n64_dt1e-4,2.56,0.012098346468,1.28644458758
ve_re1_n64_dt1e-4,2.568,0.0120922645126,1.29017937656
ve_re1_n64_dt1e-4,2.576,0.0120862467182,1.2938942821
ve_re1_n64_dt1e-4,2.584,0.0120802920136,1.29758935758
ve_re1_n64_dt1e-4,2.592,0.0120743993258,1.30126466138
ve_re1_n64_dt1e-4,2.6,0.0120685675907,1.30492024859
ve_re1_n64_dt1e-4,2.608,0.0120627957845,1.30855615512
ve_re1_n64_dt1e-4,2.616,0.0120570829028,1.31217244954
ve_re1_n64_dt1e-4,2.624,0.0120514279324,1.31576917598
ve_re1_n64_dt1e-4,2.632,0.0120458300349,1.31934627585
ve_re1_n64_dt1e-4,2.64,0.0120402883442,1.3229038017
ve_re1_n64_dt1e-4,2.648,0.0120348019953,1.32644182435
ve_re1_n64_dt1e-4,2.656,0.0120293701571,1.32996039968
ve_re1_n64_dt1e-4,2.664,0.0120239920311,1.3334596002
ve_re1_n64_dt1e-4,2.672,0.0120186668331,1.33693948664
ve_re1_n64_dt1e-4,2.68,0.0120133936222,1.34040012136
ve_re1_n64_dt1e-4,2.688,0.0120081715544,1.34384153381
ve_re1_n64_dt1e-4,2.696,0.0120029998765,1.34726376459
ve_re1_n64_dt1e-4,2.704,0.0119978778337,1.35066689358
ve_re1_n64_dt1e-4,2.712,0.0119928046735,1.35405099005
ve_re1_n64_dt1e-4,2.72,0.0119877796315,1.35741612985
ve_re1_n64_dt1e-4,2.728,0.0119828019384,1.36076238781
ve_re1_n64_dt1e-4,2.736,0.0119778708369,1.36408982648
ve_re1_n64_dt1e-4,2.744,0.0119729856346,1.3673984922
ve_re1_n64_dt1e-4,2.752,0.0119681456669,1.37068846171
ve_re1_n64_dt1e-4,2.76,0.0119633502561,1.37395980658
ve_re1_n64_dt1e-4,2.768,0.0119585987209,1.37721259128
ve_re1_n64_dt1e-4,2.776,0.0119538903832,1.38044688084
ve_re1_n64_dt1e-4,2.784,0.0119492246195,1.3836627265
ve_re1_n64_dt1e-4,2.792,0.0119446008495,1.38686010121
ve_re1_n64_dt1e-4,2.8,0.0119400185388,1.39003902727
ve_re1_n64_dt1e-4,2.808,0.0119354771685,1.39319955273
ve_re1_n64_dt1e-4,2.816,0.0119309762357,1.39634168544
ve_re1_n64_dt1e-4,2.824,0.0119265151665,1.3994654769
ve_re1_n64_dt1e-4,2.832,0.0119220933797,1.40257099769
ve_re1_n64_dt1e-4,2.84,0.0119177103834,1.40565832368
ve_re1_n64_dt1e-4,2.848,0.0119133656403,1.40872754113
ve_re1_n64_dt1e-4,2.856,0.0119090585905,1.41177872714
ve_re1_n64_dt1e-4,2.864,0.0119047886932,1.41481194239
ve_re1_n64_dt1e-4,2.872,0.0119005554328,1.41782726162
ve_re1_n64_dt1e-4,2.88,0.0118963583177,1.42082476021
ve_re1_n64_dt1e-4,2.888,0.011892196866,1.42380452138
ve_re1_n64_dt1e-4,2.896,0.0118880706009,1.42676661406
ve_re1_n64_dt1e-4,2.904,0.0118839790603,1.42971111294
ve_re1_n64_dt1e-4,2.912,0.0118799217785,1.43263810017
ve_re1_n64_dt1e-4,2.92,0.0118758982767,1.43554765715
ve_re1_n64_dt1e-4,2.928,0.0118719081131,1.43843985516
ve_re1_n64_dt1e-4,2.936,0.0118679508844,1.44131471715
ve_re1_n64_dt1e-4,2.944,0.0118640261633,1.44417230213
ve_re1_n64_dt1e-4,2.952,0.0118601335227,1.44701269429
ve_re1_n64_dt1e-4,2.96,0.0118562725616,1.44983597195
ve_re1_n64_dt1e-4,2.968,0.0118524428624,1.45264219404
ve_re1_n64_dt1e-4,2.976,0.0118486440227,1.45543142484
ve_re1_n64_dt1e-4,2.984,0.0118448756959,1.45820373038
ve_re1_n64_dt1e-4,2.992,0.0118411375573,1.46095918843
ve_re1_n64_dt1e-4,3,0.011837429256,1.46369787057
ve_re1_n64_dt1e-4,3.008,0.0118337504435,1.46641984298
ve_re1_n64_dt1e-4,3.016,0.0118301007397,1.46912519724
ve_re1_n64_dt1e-4,3.024,0.0118264797726,1.47181397899
ve_re1_n64_dt1e-4,3.032,0.0118228871912,1.47448623913
ve_re1_n64_dt1e-4,3.04,0.0118193226555,1.47714206659
ve_re1_n64_dt1e-4,3.048,0.0118157858331,1.47978154803
ve_re1_n64_dt1e-4,3.056,0.0118122764107,1.48240477324
ve_re1_n64_dt1e-4,3.064,0.0118087940987,1.48501183223
ve_re1_n64_dt1e-4,3.072,0.0118053385969,1.48760280938
ve_re1_n64_dt1e-4,3.08,0.011801909617,1.4901777391
ve_re1_n64_dt1e-4,3.088,0.011798506939,1.49273654229
ve_re1_n64_dt1e-4,3.096,0.0117951303306,1.49527930087
ve_re1_n64_dt1e-4,3.104,0.011791779527,1.49780610898
ve_re1_n64_dt1e-4,3.112,0.011788454269,1.50031705028
ve_re1_n64_dt1e-4,3.12,0.0117851543598,1.50281217918
ve_re1_n64_dt1e-4,3.128,0.0117818796252,1.50529157231
ve_re1_n64_dt1e-4,3.136,0.0117786298451,1.50775531026
ve_re1_n64_dt1e-4,3.144,0.0117754048199,1.51020346462
ve_re1_n64_dt1e-4,3.152,0.011772204352,1.51263611825
ve_re1_n64_dt1e-4,3.16,0.0117690282565,1.5150533602
ve_re1_n64_dt1e-4,3.168,0.0117658763457,1.51745528277
ve_re1_n64_dt1e-4,3.176,0.0117627484293,1.5198419615
ve_re1_n64_dt1e-4,3.184,0.0117596443194,1.52221348533
ve_re1_n64_dt1e-4,3.192,0.0117565638164,1.52456995893
ve_re1_n64_dt1e-4,3.2,0.011753506704,1.52691148541
ve_re1_n64_dt1e-4,3.208,0.0117504727746,1.5292381531
ve_re1_n64_dt1e-4,3.216,0.0117474617988,1.53155005725
ve_re1_n64_dt1e-4,3.224,0.0117444735663,1.53384728503
ve_re1_n64_dt1e-4,3.232,0.0117415079452,1.53612993049
ve_re1_n64_dt1e-4,3.24,0.0117385647737,1.53839808972
ve_re1_n64_dt1e-4,3.248,0.0117356438569,1.5406518557
ve_re1_n64_dt1e-4,3.256,0.0117327449782,1.54289132604
ve_re1_n64_dt1e-4,3.264,0.0117298679057,1.54511659501
ve_re1_n64_dt1e-4,3.272,0.0117270124167,1.54732775878
ve_re1_n64_dt1e-4,3.28,0.0117241783046,1.54952490317
ve_re1_n64_dt1e-4,3.288,0.0117213653718,1.55170811627
ve_re1_n64_dt1e-4,3.296,0.0117185734184,1.55387748463
ve_re1_n64_dt1e-4,3.304,0.0117158022495,1.55603309988
ve_re1_n64_dt1e-4,3.312,0.0117130516804,1.55817504988
ve_re1_n64_dt1e-4,3.32,0.0117103215462,1.56030340771
ve_re1_n64_dt1e-4,3.328,0.0117076116773,1.56241825658
ve_re1_n64_dt1e-4,3.336,0.0117049219113,1.56451967143
ve_re1_n64_dt1e-4,3.344,0.0117022521136,1.56660772574
ve_re1_n64_dt1e-4,3.352,0.0116996021527,1.56868250759
ve_re1_n64_dt1e-4,3.36,0.0116969718799,1.57074411546
ve_re1_n64_dt1e-4,3.368,0.0116943611488,1.57279263513
ve_re1_n64_dt1e-4,3.376,0.0116917698049,1.57482815914
ve_re1_n64_dt1e-4,3.384,0.0116891976773,1.57685078327
ve_re1_n64_dt1e-4,3.392,0.0116866445933,1.57886059296
ve_re1_n64_dt1e-4,3.4,0.0116841103725,1.58085767966
ve_re1_n64_dt1e-4,3.408,0.0116815948309,1.58284213829
ve_re1_n64_dt1e-4,3.416,0.0116790977919,1.58481406277
ve_re1_n64_dt1e-4,3.424,0.0116766190869,1.58677353943
ve_re1_n64_dt1e-4,3.432,0.0116741585853,1.58872056779
ve_re1_n64_dt1e-4,3.44,0.0116717161655,1.59065520844
ve_re1_n64_dt1e-4,3.448,0.0116692916679,1.59257756291
ve_re1_n64_dt1e-4,3.456,0.0116668848989,1.5944877341
ve_re1_n64_dt1e-4,3.464,0.0116644956427,1.59638582305
ve_re1_n64_dt1e-4,3.472,0.0116621236937,1.59827192721
ve_re1_n64_dt1e-4,3.48,0.0116597688382,1.60014614679
ve_re1_n64_dt1e-4,3.488,0.0116574308791,1.60200857722
ve_re1_n64_dt1e-4,3.496,0.0116551096256,1.60385931931
ve_re1_n64_dt1e-4,3.504,0.0116528048986,1.60569849671
ve_re1_n64_dt1e-4,3.512,0.0116505165306,1.60752621944
ve_re1_n64_dt1e-4,3.52,0.0116482443273,1.609342593
ve_re1_n64_dt1e-4,3.528,0.0116459880975,1.61114771131
ve_re1_n64_dt1e-4,3.536,0.0116437476723,1.61294165913
ve_re1_n64_dt1e-4,3.544,0.0116415228936,1.61472452389
ve_re1_n64_dt1e-4,3.552,0.0116393135958,1.61649640012
ve_re1_n64_dt1e-4,3.56,0.0116371196196,1.61825736985
ve_re1_n64_dt1e-4,3.568,0.0116349408206,1.62000753606
ve_re1_n64_dt1e-4,3.576,0.0116327770574,1.62174700513
ve_re1_n64_dt1e-4,3.584,0.0116306281634,1.62347587164
ve_re1_n64_dt1e-4,3.592,0.0116284939672,1.62519422456
ve_re1_n64_dt1e-4,3.6,0.0116263743266,1.62690212456
ve_re1_n64_dt1e-4,3.608,0.0116242691011,1.62859965288
ve_re1_n64_dt1e-4,3.616,0.0116221781254,1.63028690149
ve_re1_n64_dt1e-4,3.624,0.0116201012183,1.63196396521
ve_re1_n64_dt1e-4,3.632,0.0116180381936,1.63363093766
ve_re1_n64_dt1e-4,3.64,0.0116159888628,1.63528790754
ve_re1_n64_dt1e-4,3.648,0.0116139530435,1.63693496112
ve_re1_n64_dt1e-4,3.656,0.0116119305532,1.63857218339
ve_re1_n64_dt1e-4,3.664,0.0116099211909,1.640199664
ve_re1_n64_dt1e-4,3.672,0.011607924787,1.64181749417
ve_re1_n64_dt1e-4,3.68,0.0116059412015,1.64342576261
ve_re1_n64_dt1e-4,3.688,0.0116039702571,1.64502455184
ve_re1_n64_dt1e-4,3.696,0.0116020117746,1.6466139393
ve_re1_n64_dt1e-4,3.704,0.0116000655798,1.6481940087
ve_re1_n64_dt1e-4,3.712,0.0115981314905,1.64976484561
ve_re1_n64_dt1e-4,3.72,0.0115962093186,1.65132653287
ve_re1_n64_dt1e-4,3.728,0.0115942988779,1.65287914974
ve_re1_n64_dt1e-4,3.736,0.0115924000144,1.6544227785
ve_re1_n64_dt1e-4,3.744,0.0115905125755,1.65595749605
ve_re1_n64_dt1e-4,3.752,0.0115886364098,1.65748337229
ve_re1_n64_dt1e-4,3.76,0.0115867713769,1.65900047501
ve_re1_n64_dt1e-4,3.768,0.0115849173504,1.66050887436
ve_re1_n64_dt1e-4,3.776,0.0115830742048,1.66200863644
ve_re1_n64_dt1e-4,3.784,0.011581241828,1.66349982048
ve_re1_n64_dt1e-4,3.792,0.0115794201262,1.66498249234
ve_re1_n64_dt1e-4,3.8,0.0115776089782,1.66645672624
ve_re1_n64_dt1e-4,3.808,0.0115758082842,1.66792259372
ve_re1_n64_dt1e-4,3.816,0.0115740179357,1.66938016772
ve_re1_n64_dt1e-4,3.824,0.011572237815,1.67082951556
ve_re1_n64_dt1e-4,3.832,0.0115704677949,1.67227070702
ve_re1_n64_dt1e-4,3.84,0.0115687077448,1.6737038139
ve_re1_n64_dt1e-4,3.848,0.0115669575589,1.67512885503
ve_re1_n64_dt1e-4,3.856,0.011565217186,1.67654582
ve_re1_n64_dt1e-4,3.864,0.011563486552,1.67795477737
ve_re1_n64_dt1e-4,3.872,0.0115617655575,1.67935579746
ve_re1_n64_dt1e-4,3.88,0.0115600540954,1.68074894612
ve_re1_n64_dt1e-4,3.888,0.0115583520557,1.68213429377
ve_re1_n64_dt1e-4,3.896,0.0115566593247,1.68351191187
ve_re1_n64_dt1e-4,3.904,0.0115549757752,1.68488186193
ve_re1_n64_dt1e-4,3.912,0.0115533012879,1.68624420425
ve_re1_n64_dt1e-4,3.92,0.0115516357491,1.68759900301
ve_re1_n64_dt1e-4,3.928,0.0115499790468,1.68894632186
ve_re1_n64_dt1e-4,3.936,0.0115483310664,1.69028622344
ve_re1_n64_dt1e-4,3.944,0.0115466917068,1.69161876314
ve_re1_n64_dt1e-4,3.952,0.0115450608767,1.69294400098
ve_re1_n64_dt1e-4,3.96,0.0115434384876,1.6942619988
ve_re1_n64_dt1e-4,3.968,0.0115418244626,1.69557281228
ve_re1_n64_dt1e-4,3.976,0.011540218727,1.69687650018
ve_re1_n64_dt1e-4,3.984,0.0115386211952,1.69817312536
ve_re1_n64_dt1e-4,3.992,0.0115370317729,1.69946274406
ve_re1_n64_dt1e-4,4,0.0115354503723,1.70074540789
ve_re1_n64_dt1e-4,4.008,0.0115338769137,1.70202117141
ve_re1_n64_dt1e-4,4.016,0.0115323113256,1.70329009211
ve_re1_n64_dt1e-4,4.024,0.0115307535286,1.70455222592
ve_re1_n64_dt1e-4,4.032,0.0115292034601,1.70580762825
ve_re1_n64_dt1e-4,4.04,0.0115276610562,1.70705634829
ve_re1_n64_dt1e-4,4.048,0.0115261262406,1.70829843823
ve_re1_n64_dt1e-4,4.056,0.0115245989336,1.70953395487
ve_re1_n64_dt1e-4,4.064,0.0115230790562,1.71076295443
ve_re1_n64_dt1e-4,4.072,0.0115215665261,1.71198549379
ve_re1_n64_dt1e-4,4.08,0.0115200612613,1.71320162428
ve_re1_n64_dt1e-4,4.088,0.011518563182,1.71441139539
ve_re1_n64_dt1e-4,4.096,0.0115170722062,1.71561485928
ve_re1_n64_dt1e-4,4.104,0.0115155882467,1.71681206984
ve_re1_n64_dt1e-4,4.112,0.0115141112247,1.71800307754
ve_re1_n64_dt1e-4,4.12,0.0115126410632,1.71918793381
ve_re1_n64_dt1e-4,4.128,0.0115111776782,1.72036668483
ve_re1_n64_dt1e-4,4.136,0.0115097210082,1.72153937331
ve_re1_n64_dt1e-4,4.144,0.0115082710396,1.72270604968
ve_re1_n64_dt1e-4,4.152,0.0115068277503,1.72386676411
ve_re1_n64_dt1e-4,4.16,0.011505391092,1.72502156624
ve_re1_n64_dt1e-4,4.168,0.0115039610083,1.72617050367
ve_re1_n64_dt1e-4,4.176,0.0115025374373,1.72731362303
ve_re1_n64_dt1e-4,4.184,0.0115011203107,1.72845096827
ve_re1_n64_dt1e-4,4.192,0.0114997095653,1.72958258486
ve_re1_n64_dt1e-4,4.2,0.0114983051421,1.7307085181
ve_re1_n64_dt1e-4,4.208,0.0114969069865,1.73182881188
ve_re1_n64_dt1e-4,4.216,0.0114955150406,1.73294351332
ve_re1_n64_dt1e-4,4.224,0.0114941292486,1.73405266895
ve_re1_n64_dt1e-4,4.232,0.0114927495491,1.73515632527
ve_re1_n64_dt1e-4,4.24,0.0114913758835,1.73625452824
ve_re1_n64_dt1e-4,4.248,0.0114900081952,1.73734732144
ve_re1_n64_dt1e-4,4.256,0.0114886464313,1.73843474483
ve_re1_n64_dt1e-4,4.264,0.0114872905512,1.73951683497
ve_re1_n64_dt1e-4,4.272,0.0114859405214,1.74059363353
ve_re1_n64_dt1e-4,4.28,0.0114845963107,1.74166518302
ve_re1_n64_dt1e-4,4.288,0.0114832578874,1.74273152585
ve_re1_n64_dt1e-4,4.296,0.0114819252232,1.74379270219
ve_re1_n64_dt1e-4,4.304,0.0114805982887,1.74484874972
ve_re1_n64_dt1e-4,4.312,0.0114792770577,1.74589971121
ve_re1_n64_dt1e-4,4.32,0.0114779614918,1.74694563135
ve_re1_n64_dt1e-4,4.328,0.0114766515508,1.74798654971
ve_re1_n64_dt1e-4,4.336,0.0114753471976,1.74902250623
ve_re1_n64_dt1e-4,4.344,0.0114740483952,1.75005354437
ve_re1_n64_dt1e-4,4.352,0.0114727551047,1.75107970832
ve_re1_n64_dt1e-4,4.36,0.0114714672774,1.75210104176
ve_re1_n64_dt1e-4,4.368,0.0114701848647,1.7531175867
ve_re1_n64_dt1e-4,4.376,0.0114689078218,1.75412938569
ve_re1_n64_dt1e-4,4.384,0.0114676361033,1.75513647868
ve_re1_n64_dt1e-4,4.392,0.0114663696797,1.75613889884
ve_re1_n64_dt1e-4,4.4,0.0114651085404,1.75713662541
ve_re1_n64_dt1e-4,4.408,0.0114638526767,1.75812967542
ve_re1_n64_dt1e-4,4.416,0.0114626020636,1.75911808853
ve_re1_n64_dt1e-4,4.424,0.0114613566615,1.76010190721
ve_re1_n64_dt1e-4,4.432,0.0114601164156,1.76108117269
ve_re1_n64_dt1e-4,4.44,0.0114588812701,1.76205592478
ve_re1_n64_dt1e-4,4.448,0.0114576511696,1.76302620366
ve_re1_n64_dt1e-4,4.456,0.0114564260508,1.76399205168
ve_re1_n64_dt1e-4,4.464,0.0114552058482,1.7649535097
ve_re1_n64_dt1e-4,4.472,0.0114539904975,1.76591061622
ve_re1_n64_dt1e-4,4.48,0.011452779936,1.76686340895
ve_re1_n64_dt1e-4,4.488,0.0114515741059,1.76781192445
ve_re1_n64_dt1e-4,4.496,0.011450372954,1.76875620026
ve_re1_n64_dt1e-4,4.504,0.0114491764272,1.76969627161
ve_re1_n64_dt1e-4,4.512,0.0114479844718,1.770632174
ve_re1_n64_dt1e-4,4.52,0.0114467970352,1.77156394241
ve_re1_n64_dt1e-4,4.528,0.011445614064,1.77249161276
ve_re1_n64_dt1e-4,4.536,0.0114444355044,1.77341521874
ve_re1_n64_dt1e-4,4.544,0.0114432613026,1.77433478806
ve_re1_n64_dt1e-4,4.552,0.0114420914059,1.77525034904
ve_re1_n64_dt1e-4,4.56,0.0114409257664,1.77616193477
ve_re1_n64_dt1e-4,4.568,0.0114397643357,1.77706957868
ve_re1_n64_dt1e-4,4.576,0.0114386070646,1.77797331256
ve_re1_n64_dt1e-4,4.584,0.0114374539024,1.77887316876
ve_re1_n64_dt1e-4,4.592,0.011436304806,1.77976917788
ve_re1_n64_dt1e-4,4.6,0.0114351597395,1.78066136916
ve_re1_n64_dt1e-4,4.608,0.0114340186661,1.78154977191
ve_re1_n64_dt1e-4,4.616,0.0114328815485,1.78243441632
ve_re1_n64_dt1e-4,4.624,0.011431748348,1.78331533392
ve_re1_n64_dt1e-4,4.632,0.011430619024,1.78419255549
ve_re1_n64_dt1e-4,4.64,0.0114294935352,1.78506611063
ve_re1_n64_dt1e-4,4.648,0.0114283718408,1.78593602729
ve_re1_n64_dt1e-4,4.656,0.0114272539031,1.78680233133
ve_re1_n64_dt1e-4,4.664,0.0114261396865,1.78766505063
ve_re1_n64_dt1e-4,4.672,0.0114250291515,1.7885242153
ve_re1_n64_dt1e-4,4.68,0.011423922254,1.78937985484
ve_re1_n64_dt1e-4,4.688,0.0114228189524,1.79023199831
ve_re1_n64_dt1e-4,4.696,0.0114217192066,1.79108067353
ve_re1_n64_dt1e-4,4.704,0.0114206229818,1.79192590517
ve_re1_n64_dt1e-4,4.712,0.0114195302342,1.79276771567
ve_re1_n64_dt1e-4,4.72,0.0114184409373,1.79360612761
ve_re1_n64_dt1e-4,4.728,0.0114173550611,1.79444116628
ve_re1_n64_dt1e-4,4.736,0.0114162725739,1.79527285636
ve_re1_n64_dt1e-4,4.744,0.0114151934492,1.79610122157
ve_re1_n64_dt1e-4,4.752,0.0114141176502,1.79692628636
ve_re1_n64_dt1e-4,4.76,0.0114130451457,1.79774807504
ve_re1_n64_dt1e-4,4.768,0.0114119759146,1.79856660884
ve_re1_n64_dt1e-4,4.776,0.0114109099309,1.79938190988
ve_re1_n64_dt1e-4,4.784,0.0114098471774,1.80019400048
ve_re1_n64_dt1e-4,4.792,0.011408787636,1.80100290236
ve_re1_n64_dt1e-4,4.8,0.0114077312876,1.80180863697
ve_re1_n64_dt1e-4,4.808,0.0114066781131,1.80261122735
ve_re1_n64_dt1e-4,4.816,0.0114056280937,1.80341069653
ve_re1_n64_dt1e-4,4.824,0.0114045812111,1.804207067
ve_re1_n64_dt1e-4,4.832,0.0114035374477,1.80500036117
ve_re1_n64_dt1e-4,4.84,0.0114024967866,1.80579060172
ve_re1_n64_dt1e-4,4.848,0.0114014592099,1.80657781123
ve_re1_n64_dt1e-4,4.856,0.0114004246985,1.80736201207
ve_re1_n64_dt1e-4,4.864,0.011399393235,1.80814322475
ve_re1_n64_dt1e-4,4.872,0.0113983648061,1.80892147017
ve_re1_n64_dt1e-4,4.88,0.0113973393969,1.80969677445
ve_re1_n64_dt1e-4,4.888,0.0113963169951,1.81046915846
ve_re1_n64_dt1e-4,4.896,0.011395297559,1.81123864292
ve_re1_n64_dt1e-4,4.904,0.0113942811006,1.81200525017
ve_re1_n64_dt1e-4,4.912,0.0113932676099,1.81276900115
ve_re1_n64_dt1e-4,4.92,0.0113922570795,1.81352991649
ve_re1_n64_dt1e-4,4.928,0.0113912495027,1.814288017
ve_re1_n64_dt1e-4,4.936,0.0113902448736,1.81504332426
ve_re1_n64_dt1e-4,4.944,0.0113892431836,1.81579585777
ve_re1_n64_dt1e-4,4.952,0.0113882444234,1.81654563842
ve_re1_n64_dt1e-4,4.96,0.0113872485824,1.81729268748
ve_re1_n64_dt1e-4,4.968,0.0113862556491,1.81803702689
ve_re1_n64_dt1e-4,4.976,0.01138526561,1.81877867897
ve_re1_n64_dt1e-4,4.984,0.0113842784515,1.81951766609
ve_re1_n64_dt1e-4,4.992,0.0113832941589,1.82025401043
ve_re1_n64_dt1e-4,5,0.0113823127162,1.82098773304
ve_re1_n64_dt1e-4,5.008,0.011381334107,1.82171885468
ve_re1_n64_dt1e-4,5.016,0.0113803583269,1.82244739609
ve_re1_n64_dt1e-4,5.024,0.0113793853647,1.82317337795
ve_re1_n64_dt1e-4,5.032,0.0113784152036,1.82389682024
ve_re1_n64_dt1e-4,5.04,0.0113774478284,1.82461774304
ve_re1_n64_dt1e-4,5.048,0.0113764832229,1.82533615977
ve_re1_n64_dt1e-4,5.056,0.0113755213673,1.82605208603
ve_re1_n64_dt1e-4,5.064,0.0113745622399,1.826765541
ve_re1_n64_dt1e-4,5.072,0.0113736058247,1.82747654637
ve_re1_n64_dt1e-4,5.08,0.0113726521134,1.82818512113
ve_re1_n64_dt1e-4,5.088,0.0113717010842,1.82889128336
ve_re1_n64_dt1e-4,5.096,0.0113707527173,1.8295950509
ve_re1_n64_dt1e-4,5.104,0.0113698069916,1.83029644154
ve_re1_n64_dt1e-4,5.112,0.0113688638854,1.83099547246
ve_re1_n64_dt1e-4,5.12,0.0113679233771,1.83169216095
ve_re1_n64_dt1e-4,5.128,0.011366985443,1.83238652153
ve_re1_n64_dt1e-4,5.136,0.0113660500616,1.83307856543
ve_re1_n64_dt1e-4,5.144,0.0113651172129,1.83376830775
ve_re1_n64_dt1e-4,5.152,0.0113641868761,1.83445576394
ve_re1_n64_dt1e-4,5.16,0.0113632590286,1.83514094845
ve_re1_n64_dt1e-4,5.168,0.011362333648,1.83582387698
ve_re1_n64_dt1e-4,5.176,0.0113614107112,1.8365045636
ve_re1_n64_dt1e-4,5.184,0.0113604901936,1.8371830231
ve_re1_n64_dt1e-4,5.192,0.0113595720714,1.8378592705
ve_re1_n64_dt1e-4,5.2,0.0113586563187,1.83853332075
ve_re1_n64_dt1e-4,5.208,0.0113577429103,1.83920518842
ve_re1_n64_dt1e-4,5.216,0.0113568318226,1.83987488693
ve_re1_n64_dt1e-4,5.224,0.0113559230337,1.84054242963
ve_re1_n64_dt1e-4,5.232,0.0113550165231,1.84120782872
ve_re1_n64_dt1e-4,5.24,0.0113541122717,1.84187109648
ve_re1_n64_dt1e-4,5.248,0.0113532102603,1.84253224573
ve_re1_n64_dt1e-4,5.256,0.0113523104695,1.84319128892
ve_re1_n64_dt1e-4,5.264,0.0113514128792,1.84384823838
ve_re1_n64_dt1e-4,5.272,0.0113505174689,1.84450310568
ve_re1_n64_dt1e-4,5.28,0.0113496242194,1.84515590194
ve_re1_n64_dt1e-4,5.288,0.0113487331129,1.84580663818
ve_re1_n64_dt1e-4,5.296,0.0113478441326,1.84645532468
ve_re1_n64_dt1e-4,5.304,0.0113469572628,1.8471019708
ve_re1_n64_dt1e-4,5.312,0.0113460724903,1.84774658451
ve_re1_n64_dt1e-4,5.32,0.0113451898054,1.84838916464
ve_re1_n64_dt1e-4,5.328,0.0113443092,1.84902971533
ve_re1_n64_dt1e-4,5.336,0.0113434306662,1.84966824676
ve_re1_n64_dt1e-4,5.344,0.0113425541961,1.85030476832
ve_re1_n64_dt1e-4,5.352,0.0113416797829,1.85093928806
ve_re1_n64_dt1e-4,5.36,0.0113408074291,1.85157179229
ve_re1_n64_dt1e-4,5.368,0.0113399371406,1.85220228494
ve_re1_n64_dt1e-4,5.376,0.0113390689144,1.852830777
ve_re1_n64_dt1e-4,5.384,0.0113382027405,1.85345727856
ve_re1_n64_dt1e-4,5.392,0.0113373386066,1.8540817994
ve_re1_n64_dt1e-4,5.4,0.0113364765017,1.85470434936
ve_re1_n64_dt1e-4,5.408,0.0113356164155,1.85532493841
ve_re1_n64_dt1e-4,5.416,0.0113347583382,1.85594357637
ve_re1_n64_dt1e-4,5.424,0.0113339022597,1.85656027308
ve_re1_n64_dt1e-4,5.432,0.0113330481677,1.85717503804
ve_re1_n64_dt1e-4,5.44,0.0113321960506,1.85778788063
ve_re1_n64_dt1e-4,5.448,0.0113313458992,1.85839880964
ve_re1_n64_dt1e-4,5.456,0.011330497706,1.85900783382
ve_re1_n64_dt1e-4,5.464,0.0113296514638,1.85961496214
ve_re1_n64_dt1e-4,5.472,0.0113288071657,1.86022020322
ve_re1_n64_dt1e-4,5.48,0.0113279648051,1.8608235654
ve_re1_n64_dt1e-4,5.488,0.0113271243768,1.8614250567
ve_re1_n64_dt1e-4,5.496,0.0113262858827,1.86202468502
ve_re1_n64_dt1e-4,5.504,0.0113254492962,1.86262245817
ve_re1_n64_dt1e-4,5.512,0.0113246146333,1.86321838311
ve_re1_n64_dt1e-4,5.52,0.0113237818874,1.86381246704
ve_re1_n64_dt1e-4,5.528,0.0113229510553,1.86440471757
ve_re1_n64_dt1e-4,5.536,0.0113221221324,1.86499514463
ve_re1_n64_dt1e-4,5.544,0.0113212951114,1.86558375682
ve_re1_n64_dt1e-4,5.552,0.0113204699863,1.86617056086
ve_re1_n64_dt1e-4,5.56,0.0113196467518,1.86675556492
ve_re1_n64_dt1e-4,5.568,0.0113188254064,1.86733877455
ve_re1_n64_dt1e-4,5.576,0.0113180059562,1.86792019237
ve_re1_n64_dt1e-4,5.584,0.011317188401,1.86849982508
ve_re1_n64_dt1e-4,5.592,0.0113163727393,1.86907767953
ve_re1_n64_dt1e-4,5.6,0.0113155589723,1.86965376222
ve_re1_n64_dt1e-4,5.608,0.0113147470999,1.87022807943
ve_re1_n64_dt1e-4,5.616,0.0113139371224,1.87080063704
ve_re1_n64_dt1e-4,5.624,0.0113131290429,1.87137143995
ve_re1_n64_dt1e-4,5.632,0.0113123228659,1.87194049347
ve_re1_n64_dt1e-4,5.64,0.0113115185946,1.87250780285
ve_re1_n64_dt1e-4,5.648,0.0113107162316,1.87307337358
ve_re1_n64_dt1e-4,5.656,0.0113099157788,1.87363721097
ve_re1_n64_dt1e-4,5.664,0.0113091172378,1.8741993202
ve_re1_n64_dt1e-4,5.672,0.0113083206102,1.87475970574
ve_re1_n64_dt1e-4,5.68,0.0113075258997,1.87531837186
ve_re1_n64_dt1e-4,5.688,0.0113067331093,1.87587532382
ve_re1_n64_dt1e-4,5.696,0.0113059422416,1.87643056634
ve_re1_n64_dt1e-4,5.704,0.0113051532983,1.87698410379
ve_re1_n64_dt1e-4,5.712,0.0113043662818,1.87753593944
ve_re1_n64_dt1e-4,5.72,0.0113035811968,1.87808607462
ve_re1_n64_dt1e-4,5.728,0.0113027980481,1.87863451359
ve_re1_n64_dt1e-4,5.736,0.0113020168404,1.87918126013
ve_re1_n64_dt1e-4,5.744,0.0113012375788,1.87972631741
ve_re1_n64_dt1e-4,5.752,0.0113004602678,1.88026968981
ve_re1_n64_dt1e-4,5.76,0.0112996849118,1.88081138061
ve_re1_n64_dt1e-4,5.768,0.0112989115183,1.88135139218
ve_re1_n64_dt1e-4,5.776,0.0112981400961,1.88188972863
ve_re1_n64_dt1e-4,5.784,0.0112973706532,1.88242639441
ve_re1_n64_dt1e-4,5.792,0.0112966031978,1.88296139371
ve_re1_n64_dt1e-4,5.8,0.01129583773,1.88349473072
ve_re1_n64_dt1e-4,5.808,0.01129507425,1.88402640995
ve_re1_n64_dt1e-4,5.816,0.0112943127596,1.88455643555
ve_re1_n64_dt1e-4,5.824,0.0112935532614,1.88508481164
ve_re1_n64_dt1e-4,5.832,0.011292795758,1.88561154168
ve_re1_n64_dt1e-4,5.84,0.0112920402524,1.88613662929
ve_re1_n64_dt1e-4,5.848,0.0112912867489,1.88666007871
ve_re1_n64_dt1e-4,5.856,0.0112905352514,1.88718189405
ve_re1_n64_dt1e-4,5.864,0.0112897857643,1.88770207943
ve_re1_n64_dt1e-4,5.872,0.0112890382919,1.88822063926
ve_re1_n64_dt1e-4,5.88,0.0112882928389,1.88873757755
ve_re1_n64_dt1e-4,5.888,0.0112875494099,1.88925289863
ve_re1_n64_dt1e-4,5.896,0.0112868080098,1.88976660626
ve_re1_n64_dt1e-4,5.904,0.0112860686449,1.89027870305
ve_re1_n64_dt1e-4,5.912,0.0112853313216,1.89078919348
ve_re1_n64_dt1e-4,5.92,0.0112845960461,1.89129808222
ve_re1_n64_dt1e-4,5.928,0.0112838628241,1.89180537376
ve_re1_n64_dt1e-4,5.936,0.0112831316616,1.8923110729
ve_re1_n64_dt1e-4,5.944,0.0112824025635,1.89281518452
ve_re1_n64_dt1e-4,5.952,0.0112816755342,1.89331771357
ve_re1_n64_dt1e-4,5.96,0.0112809505782,1.89381866475
ve_re1_n64_dt1e-4,5.968,0.0112802276977,1.89431804254
ve_re1_n64_dt1e-4,5.976,0.0112795068968,1.89481585179
ve_re1_n64_dt1e-4,5.984,0.0112787881788,1.89531209734
ve_re1_n64_dt1e-4,5.992,0.0112780715463,1.89580678401
ve_re1_n64_dt1e-4,6,0.011277357002,1.89629991663
ve_re1_n64_dt1e-4,6.008,0.0112766445475,1.89679150006
ve_re1_n64_dt1e-4,6.016,0.0112759341838,1.89728153918
ve_re1_n64_dt1e-4,6.024,0.0112752259111,1.89777003824
ve_re1_n64_dt1e-4,6.032,0.0112745197297,1.89825700126
ve_re1_n64_dt1e-4,6.04,0.0112738156399,1.89874243293
ve_re1_n64_dt1e-4,6.048,0.0112731136412,1.89922633888
ve_re1_n64_dt1e-4,6.056,0.0112724137339,1.89970872399
ve_re1_n64_dt1e-4,6.064,0.0112717159181,1.90018959276
ve_re1_n64_dt1e-4,6.072,0.0112710201928,1.90066894945
ve_re1_n64_dt1e-4,6.08,0.0112703265574,1.90114679855
ve_re1_n64_dt1e-4,6.088,0.0112696350103,1.90162314458
ve_re1_n64_dt1e-4,6.096,0.011268945547,1.90209799194
ve_re1_n64_dt1e-4,6.104,0.011268258166,1.90257134501
ve_re1_n64_dt1e-4,6.112,0.0112675728638,1.90304320805
ve_re1_n64_dt1e-4,6.12,0.0112668896373,1.90351358531
ve_re1_n64_dt1e-4,6.128,0.0112662084831,1.90398248094
ve_re1_n64_dt1e-4,6.136,0.0112655293974,1.90444989885
ve_re1_n64_dt1e-4,6.144,0.0112648523752,1.9049158426
ve_re1_n64_dt1e-4,6.152,0.0112641774104,1.90538031615
ve_re1_n64_dt1e-4,6.16,0.0112635044978,1.90584332353
ve_re1_n64_dt1e-4,6.168,0.0112628336317,1.90630486868
ve_re1_n64_dt1e-4,6.176,0.0112621648071,1.9067649553
ve_re1_n64_dt1e-4,6.184,0.0112614980194,1.90722358713
ve_re1_n64_dt1e-4,6.192,0.0112608332639,1.90768076871
ve_re1_n64_dt1e-4,6.2,0.0112601705365,1.90813650373
ve_re1_n64_dt1e-4,6.208,0.0112595098349,1.9085907955
ve_re1_n64_dt1e-4,6.216,0.0112588511561,1.90904364737
ve_re1_n64_dt1e-4,6.224,0.0112581944962,1.90949506246
ve_re1_n64_dt1e-4,6.232,0.0112575398492,1.90994504125
ve_re1_n64_dt1e-4,6.24,0.0112568872079,1.91039358581
ve_re1_n64_dt1e-4,6.248,0.0112562365674,1.91084069927
ve_re1_n64_dt1e-4,6.256,0.0112555879227,1.91128638485
ve_re1_n64_dt1e-4,6.264,0.0112549412667,1.91173064803
ve_re1_n64_dt1e-4,6.272,0.0112542965902,1.9121734925
ve_re1_n64_dt1e-4,6.28,0.0112536538868,1.91261492134
ve_re1_n64_dt1e-4,6.288,0.0112530131512,1.9130549377
ve_re1_n64_dt1e-4,6.296,0.011252374378,1.91349354455
ve_re1_n64_dt1e-4,6.304,0.0112517375625,1.91393074481
ve_re1_n64_dt1e-4,6.312,0.0112511027002,1.91436654129
ve_re1_n64_dt1e-4,6.32,0.0112504697867,1.9148009367
ve_re1_n64_dt1e-4,6.328,0.0112498388165,1.91523393395
ve_re1_n64_dt1e-4,6.336,0.0112492097871,1.91566553593
ve_re1_n64_dt1e-4,6.344,0.0112485826956,1.91609574547
ve_re1_n64_dt1e-4,6.352,0.0112479575386,1.91652456539
ve_re1_n64_dt1e-4,6.36,0.0112473343125,1.91695199845
ve_re1_n64_dt1e-4,6.368,0.0112467130148,1.91737804741
ve_re1_n64_dt1e-4,6.376,0.0112460936431,1.91780271489
ve_re1_n64_dt1e-4,6.384,0.011245476195,1.91822600363
ve_re1_n64_dt1e-4,6.392,0.0112448606661,1.91864791646
ve_re1_n64_dt1e-4,6.4,0.0112442470582,1.91906845615
ve_re1_n64_dt1e-4,6.408,0.0112436353618,1.91948762542
ve_re1_n64_dt1e-4,6.416,0.0112430255742,1.91990542694
ve_re1_n64_dt1e-4,6.424,0.0112424176927,1.92032186344
ve_re1_n64_dt1e-4,6.432,0.0112418117147,1.92073693789
ve_re1_n64_dt1e-4,6.44,0.0112412076379,1.921150653
ve_re1_n64_dt1e-4,6.448,0.0112406054597,1.92156301169
ve_re1_n64_dt1e-4,6.456,0.0112400051778,1.92197401696
ve_re1_n64_dt1e-4,6.464,0.0112394067893,1.92238367185
ve_re1_n64_dt1e-4,6.472,0.0112388102917,1.92279197934
ve_re1_n64_dt1e-4,6.48,0.0112382156822,1.92319894236
ve_re1_n64_dt1e-4,6.488,0.0112376229584,1.92360456388
ve_re1_n64_dt1e-4,6.496,0.0112370321179,1.924008847
ve_re1_n64_dt1e-4,6.504,0.0112364431581,1.92441179475
ve_re1_n64_dt1e-4,6.512,0.0112358560765,1.92481341019
ve_re1_n64_dt1e-4,6.52,0.0112352708706,1.92521369641
ve_re1_n64_dt1e-4,6.528,0.0112346875387,1.9256126565
ve_re1_n64_dt1e-4,6.536,0.0112341060799,1.92601029352
ve_re1_n64_dt1e-4,6.544,0.0112335264922,1.92640660983
ve_re1_n64_dt1e-4,6.552,0.011232948774,1.92680160821
ve_re1_n64_dt1e-4,6.56,0.0112323729225,1.92719529197
ve_re1_n64_dt1e-4,6.568,0.0112317989362,1.92758766444
ve_re1_n64_dt1e-4,6.576,0.0112312268132,1.92797872891
ve_re1_n64_dt1e-4,6.584,0.0112306565506,1.92836848859
ve_re1_n64_dt1e-4,6.592,0.0112300881447,1.92875694673
ve_re1_n64_dt1e-4,6.6,0.0112295215919,1.92914410661
ve_re1_n64_dt1e-4,6.608,0.0112289568882,1.92952997143
ve_re1_n64_dt1e-4,6.616,0.0112283940294,1.92991454403
ve_re1_n64_dt1e-4,6.624,0.0112278330128,1.9302978269
ve_re1_n64_dt1e-4,6.632,0.0112272738348,1.93067982326
ve_re1_n64_dt1e-4,6.64,0.0112267164924,1.93106053644
ve_re1_n64_dt1e-4,6.648,0.0112261609829,1.9314399698
ve_re1_n64_dt1e-4,6.656,0.0112256073043,1.93181812615
ve_re1_n64_dt1e-4,6.664,0.0112250554566,1.93219500796
ve_re1_n64_dt1e-4,6.672,0.0112245054391,1.93257061868
ve_re1_n64_dt1e-4,6.68,0.0112239572519,1.93294496181
ve_re1_n64_dt1e-4,6.688,0.0112234108936,1.93331804099
ve_re1_n64_dt1e-4,6.696,0.011222866362,1.9336898598
ve_re1_n64_dt1e-4,6.704,0.0112223236563,1.93406042135
ve_re1_n64_dt1e-4,6.712,0.0112217827786,1.93442972826
ve_re1_n64_dt1e-4,6.72,0.0112212437281,1.93479778378
ve_re1_n64_dt1e-4,6.728,0.0112207065027,1.93516459115
ve_re1_n64_dt1e-4,6.736,0.0112201711,1.93553015364
ve_re1_n64_dt1e-4,6.744,0.0112196375173,1.9358944746
ve_re1_n64_dt1e-4,6.752,0.0112191057514,1.93625755745
ve_re1_n64_dt1e-4,6.76,0.0112185757991,1.9366194056
ve_re1_n64_dt1e-4,6.768,0.0112180476575,1.93698002236
ve_re1_n64_dt1e-4,6.776,0.0112175213237,1.93733941116
ve_re1_n64_dt1e-4,6.784,0.0112169967944,1.93769757548
ve_re1_n64_dt1e-4,6.792,0.0112164740657,1.93805451878
ve_re1_n64_dt1e-4,6.8,0.0112159531336,1.93841024449
ve_re1_n64_dt1e-4,6.808,0.0112154339937,1.93876475615
ve_re1_n64_dt1e-4,6.816,0.0112149166411,1.93911805736
ve_re1_n64_dt1e-4,6.824,0.0112144010709,1.93947015171
ve_re1_n64_dt1e-4,6.832,0.0112138872787,1.93982104277
ve_re1_n64_dt1e-4,6.84,0.0112133752606,1.94017073408
ve_re1_n64_dt1e-4,6.848,0.0112128650157,1.9405192291
ve_re1_n64_dt1e-4,6.856,0.0112123565422,1.9408665314
ve_re1_n64_dt1e-4,6.864,0.0112118498371,1.94121264454
ve_re1_n64_dt1e-4,6.872,0.0112113448964,1.94155757206
ve_re1_n64_dt1e-4,6.88,0.0112108417162,1.94190131744
ve_re1_n64_dt1e-4,6.888,0.0112103402922,1.9422438842
ve_re1_n64_dt1e-4,6.896,0.0112098406203,1.94258527622
ve_re1_n64_dt1e-4,6.904,0.011209342696,1.94292549742
ve_re1_n64_dt1e-4,6.912,0.0112088465142,1.94326455144
ve_re1_n64_dt1e-4,6.92,0.01120835207,1.94360244194
ve_re1_n64_dt1e-4,6.928,0.0112078593571,1.94393917223
ve_re1_n64_dt1e-4,6.936,0.0112073683716,1.94427474579
ve_re1_n64_dt1e-4,6.944,0.0112068791092,1.94460916617
ve_re1_n64_dt1e-4,6.952,0.0112063915653,1.94494243693
ve_re1_n64_dt1e-4,6.96,0.011205905735,1.94527456165
ve_re1_n64_dt1e-4,6.968,0.0112054216134,1.94560554384
ve_re1_n64_dt1e-4,6.976,0.0112049391955,1.94593538704
ve_re1_n64_dt1e-4,6.984,0.0112044584762,1.94626409477
ve_re1_n64_dt1e-4,6.992,0.0112039794504,1.94659167053
ve_re1_n64_dt1e-4,7,0.0112035021127,1.94691811784
ve_re1_n64_dt1e-4,7.008,0.0112030264581,1.94724344025
ve_re1_n64_dt1e-4,7.016,0.0112025524827,1.94756764128
ve_re1_n64_dt1e-4,7.024,0.0112020801848,1.94789072442
ve_re1_n64_dt1e-4,7.032,0.0112016095616,1.94821269309
ve_re1_n64_dt1e-4,7.04,0.0112011406089,1.94853355073
ve_re1_n64_dt1e-4,7.048,0.0112006733214,1.94885330085
ve_re1_n64_dt1e-4,7.056,0.0112002076938,1.94917194693
ve_re1_n64_dt1e-4,7.064,0.0111997437198,1.94948949246
ve_re1_n64_dt1e-4,7.072,0.011199281393,1.94980594096
ve_re1_n64_dt1e-4,7.08,0.0111988207058,1.95012129606
ve_re1_n64_dt1e-4,7.088,0.0111983616514,1.95043556126
ve_re1_n64_dt1e-4,7.096,0.0111979042232,1.9507487401
ve_re1_n64_dt1e-4,7.104,0.0111974484148,1.95106083608
ve_re1_n64_dt1e-4,7.112,0.0111969942198,1.95137185278
ve_re1_n64_dt1e-4,7.12,0.0111965416318,1.95168179378
ve_re1_n64_dt1e-4,7.128,0.0111960906444,1.9519906626
ve_re1_n64_dt1e-4,7.136,0.0111956412512,1.95229846267
ve_re1_n64_dt1e-4,7.144,0.0111951934458,1.95260519758
ve_re1_n64_dt1e-4,7.152,0.0111947472209,1.95291087171
ve_re1_n64_dt1e-4,7.16,0.0111943025691,1.95321548866
ve_re1_n64_dt1e-4,7.168,0.011193859483,1.95351905193
ve_re1_n64_dt1e-4,7.176,0.0111934179557,1.953821565
ve_re1_n64_dt1e-4,7.184,0.0111929779799,1.95412303139
ve_re1_n64_dt1e-4,7.192,0.0111925395489,1.95442345461
ve_re1_n64_dt1e-4,7.2,0.0111921026559,1.9547228382
ve_re1_n64_dt1e-4,7.208,0.011191667295,1.95502118565
ve_re1_n64_dt1e-4,7.216,0.01119123346,1.95531850048
ve_re1_n64_dt1e-4,7.224,0.0111908011452,1.95561478625
ve_re1_n64_dt1e-4,7.232,0.0111903703445,1.9559100465
ve_re1_n64_dt1e-4,7.24,0.0111899410524,1.95620428476
ve_re1_n64_dt1e-4,7.248,0.0111895132632,1.95649750475
ve_re1_n64_dt1e-4,7.256,0.0111890869717,1.95678970998
ve_re1_n64_dt1e-4,7.264,0.0111886621722,1.95708090399
ve_re1_n64_dt1e-4,7.272,0.0111882388596,1.95737109028
ve_re1_n64_dt1e-4,7.28,0.0111878170286,1.95766027237
ve_re1_n64_dt1e-4,7.288,0.0111873966739,1.95794845372
ve_re1_n64_dt1e-4,7.296,0.0111869777905,1.9582356374
ve_re1_n64_dt1e-4,7.304,0.011186560374,1.95852182665
ve_re1_n64_dt1e-4,7.312,0.0111861444197,1.95880702493
ve_re1_n64_dt1e-4,7.32,0.0111857299231,1.95909123569
ve_re1_n64_dt1e-4,7.328,0.0111853168801,1.95937446229
ve_re1_n64_dt1e-4,7.336,0.0111849052857,1.95965670797
ve_re1_n64_dt1e-4,7.344,0.0111844951354,1.95993797609
ve_re1_n64_dt1e-4,7.352,0.0111840864245,1.96021827003
ve_re1_n64_dt1e-4,7.36,0.0111836791485,1.96049759316
ve_re1_n64_dt1e-4,7.368,0.0111832733029,1.96077594887
ve_re1_n64_dt1e-4,7.376,0.0111828688841,1.96105334062
ve_re1_n64_dt1e-4,7.384,0.011182465888,1.9613297717
ve_re1_n64_dt1e-4,7.392,0.0111820643106,1.96160524528
ve_re1_n64_dt1e-4,7.4,0.0111816641475,1.96187976456
ve_re1_n64_dt1e-4,7.408,0.0111812653947,1.96215333276
ve_re1_n64_dt1e-4,7.416,0.0111808680481,1.96242595308
ve_re1_n64_dt1e-4,7.424,0.0111804721035,1.96269762872
ve_re1_n64_dt1e-4,7.432,0.0111800775568,1.96296836288
ve_re1_n64_dt1e-4,7.44,0.0111796844035,1.96323815878
ve_re1_n64_dt1e-4,7.448,0.0111792926392,1.9635070196
ve_re1_n64_dt1e-4,7.456,0.0111789022597,1.96377494848
ve_re1_n64_dt1e-4,7.464,0.0111785132595,1.96404194855
ve_re1_n64_dt1e-4,7.472,0.0111781256376,1.96430802292
ve_re1_n64_dt1e-4,7.48,0.0111777393867,1.96457317468
ve_re1_n64_dt1e-4,7.488,0.0111773545031,1.96483740686
ve_re1_n64_dt1e-4,7.496,0.0111769709823,1.96510072244
ve_re1_n64_dt1e-4,7.504,0.0111765888195,1.96536312435
ve_re1_n64_dt1e-4,7.512,0.0111762080101,1.96562461563
ve_re1_n64_dt1e-4,7.52,0.0111758285493,1.96588519924
ve_re1_n64_dt1e-4,7.528,0.0111754504327,1.96614487816
ve_re1_n64_dt1e-4,7.536,0.0111750736555,1.96640365538
ve_re1_n64_dt1e-4,7.544,0.0111746982132,1.96666153387
ve_re1_n64_dt1e-4,7.552,0.0111743241011,1.96691851656
ve_re1_n64_dt1e-4,7.56,0.0111739513148,1.96717460648
ve_re1_n64_dt1e-4,7.568,0.0111735798497,1.96742980668
ve_re1_n64_dt1e-4,7.576,0.011173209702,1.9676841201
ve_re1_n64_dt1e-4,7.584,0.011172840869,1.96793754968
ve_re1_n64_dt1e-4,7.592,0.011172473347,1.96819009834
ve_re1_n64_dt1e-4,7.6,0.0111721071317,1.96844176875
ve_re1_n64_dt1e-4,7.608,0.0111717422183,1.96869256374
ve_re1_n64_dt1e-4,7.616,0.0111713786024,1.96894248626
ve_re1_n64_dt1e-4,7.624,0.011171016279,1.96919153922
ve_re1_n64_dt1e-4,7.632,0.0111706552432,1.96943972551
ve_re1_n64_dt1e-4,7.64,0.0111702954903,1.96968704804
ve_re1_n64_dt1e-4,7.648,0.0111699370154,1.9699335097
ve_re1_n64_dt1e-4,7.656,0.0111695798139,1.97017911338
ve_re1_n64_dt1e-4,7.664,0.0111692238815,1.97042386193
ve_re1_n64_dt1e-4,7.672,0.0111688692134,1.97066775825
ve_re1_n64_dt1e-4,7.68,0.0111685158052,1.97091080521
ve_re1_n64_dt1e-4,7.688,0.0111681636525,1.97115300568
ve_re1_n64_dt1e-4,7.696,0.0111678127508,1.97139436252
ve_re1_n64_dt1e-4,7.704,0.0111674630955,1.97163487861
ve_re1_n64_dt1e-4,7.712,0.011167114682,1.97187455705
ve_re1_n64_dt1e-4,7.72,0.0111667675054,1.97211340081
ve_re1_n64_dt1e-4,7.728,0.0111664215612,1.97235141274
ve_re1_n64_dt1e-4,7.736,0.0111660768448,1.97258859574
ve_re1_n64_dt1e-4,7.744,0.0111657333521,1.97282495266
ve_re1_n64_dt1e-4,7.752,0.0111653910788,1.9730604863
ve_re1_n64_dt1e-4,7.76,0.0111650500206,1.9732951995
ve_re1_n64_dt1e-4,7.768,0.0111647101735,1.97352909505
ve_re1_n64_dt1e-4,7.776,0.0111643715331,1.97376217577
ve_re1_n64_dt1e-4,7.784,0.0111640340955,1.97399444446
ve_re1_n64_dt1e-4,7.792,0.0111636978567,1.97422590391
ve_re1_n64_dt1e-4,7.8,0.0111633628127,1.97445655689
ve_re1_n64_dt1e-4,7.808,0.0111630289595,1.9746864061
ve_re1_n64_dt1e-4,7.816,0.0111626962933,1.97491545417
ve_re1_n64_dt1e-4,7.824,0.0111623648101,1.97514370385
ve_re1_n64_dt1e-4,7.832,0.0111620345059,1.97537115788
ve_re1_n64_dt1e-4,7.84,0.0111617053768,1.97559781902
ve_re1_n64_dt1e-4,7.848,0.0111613774188,1.97582368997
ve_re1_n64_dt1e-4,7.856,0.0111610506279,1.97604877345
ve_re1_n64_dt1e-4,7.864,0.0111607250001,1.97627307212
ve_re1_n64_dt1e-4,7.87199999999,0.0111604005315,1.97649658865
ve_re1_n64_dt1e-4,7.87999999999,0.0111600772181,1.97671932567
ve_re1_n64_dt1e-4,7.88799999999,0.0111597550558,1.97694128583
ve_re1_n64_dt1e-4,7.89599999999,0.0111594340409,1.97716247175
ve_re1_n64_dt1e-4,7.90399999999,0.0111591141694,1.97738288606
ve_re1_n64_dt1e-4,7.91199999999,0.0111587954377,1.97760253138
ve_re1_n64_dt1e-4,7.91999999999,0.0111584778417,1.97782141027
ve_re1_n64_dt1e-4,7.92799999999,0.0111581613765,1.97803952547
ve_re1_n64_dt1e-4,7.93599999999,0.0111578460366,1.9782568797
ve_re1_n64_dt1e-4,7.94399999999,0.0111575318178,1.97847347544
ve_re1_n64_dt1e-4,7.95199999999,0.0111572187163,1.97868931518
ve_re1_n64_dt1e-4,7.95999999999,0.0111569067282,1.97890440143
ve_re1_n64_dt1e-4,7.96799999999,0.0111565958498,1.97911873665
ve_re1_n64_dt1e-4,7.97599999999,0.0111562860768,1.97933232329
ve_re1_n64_dt1e-4,7.98399999999,0.0111559774055,1.9795451638
ve_re1_n64_dt1e-4,7.99199999999,0.0111556698326,1.97975726067
ve_re1_n64_dt1e-4,7.99999999999,0.011155363354,1.97996861652
ve_re1_n64_dt1e-4,8.00799999999,0.0111550579658,1.98017923377
ve_re1_n64_dt1e-4,8.01599999999,0.0111547536633,1.98038911479
ve_re1_n64_dt1e-4,8.02399999999,0.0111544504444,1.9805982619
ve_re1_n64_dt1e-4,8.03199999999,0.0111541483051,1.98080667748
ve_re1_n64_dt1e-4,8.03999999999,0.0111538472418,1.98101436389
ve_re1_n64_dt1e-4,8.04799999999,0.0111535472512,1.98122132353
ve_re1_n64_dt1e-4,8.05599999999,0.011153248331,1.98142755877
ve_re1_n64_dt1e-4,8.06399999999,0.0111529504782,1.98163307198
ve_re1_n64_dt1e-4,8.07199999999,0.0111526536893,1.98183786554
ve_re1_n64_dt1e-4,8.07999999999,0.0111523579604,1.98204194182
ve_re1_n64_dt1e-4,8.08799999999,0.0111520632877,1.98224530318
ve_re1_n64_dt1e-4,8.09599999999,0.0111517696671,1.98244795199
ve_re1_n64_dt1e-4,8.10399999999,0.0111514770944,1.98264989059
ve_re1_n64_dt1e-4,8.11199999999,0.0111511855654,1.98285112135
ve_re1_n64_dt1e-4,8.11999999999,0.0111508950761,1.98305164664
ve_re1_n64_dt1e-4,8.12799999999,0.0111506056222,1.98325146864
ve_re1_n64_dt1e-4,8.13599999999,0.0111503172001,1.98345058942
ve_re1_n64_dt1e-4,8.14399999999,0.0111500298061,1.98364901134
ve_re1_n64_dt1e-4,8.15199999999,0.0111497434363,1.98384673678
ve_re1_n64_dt1e-4,8.15999999999,0.0111494580868,1.9840437681
ve_re1_n64_dt1e-4,8.16799999999,0.0111491737534,1.98424010766
ve_re1_n64_dt1e-4,8.17599999999,0.011148890432,1.98443575784
ve_re1_n64_dt1e-4,8.18399999999,0.0111486081185,1.98463072094
ve_re1_n64_dt1e-4,8.19199999999,0.0111483268089,1.98482499935
ve_re1_n64_dt1e-4,8.19999999999,0.0111480464991,1.98501859541
ve_re1_n64_dt1e-4,8.20799999999,0.0111477671849,1.98521151148
ve_re1_n64_dt1e-4,8.21599999999,0.0111474888621,1.98540374992
ve_re1_n64_dt1e-4,8.22399999999,0.0111472115265,1.98559531307
ve_re1_n64_dt1e-4,8.23199999999,0.0111469351735,1.98578620316
ve_re1_n64_dt1e-4,8.23999999999,0.0111466597981,1.98597642228
ve_re1_n64_dt1e-4,8.24799999999,0.0111463853955,1.98616597284
ve_re1_n64_dt1e-4,8.25599999999,0.0111461119608,1.98635485723
ve_re1_n64_dt1e-4,8.26399999999,0.0111458394912,1.98654307784
ve_re1_n64_dt1e-4,8.27199999999,0.0111455679814,1.98673063701
ve_re1_n64_dt1e-4,8.27999999999,0.0111452974272,1.98691753709
ve_re1_n64_dt1e-4,8.28799999999,0.0111450278241,1.9871037804
ve_re1_n64_dt1e-4,8.29599999999,0.0111447591677,1.98728936922
ve_re1_n64_dt1e-4,8.30399999999,0.0111444914536,1.98747430585
ve_re1_n64_dt1e-4,8.31199999999,0.0111442246771,1.98765859255
ve_re1_n64_dt1e-4,8.31999999999,0.011143958834,1.9878422315
ve_re1_n64_dt1e-4,8.32799999999,0.0111436939197,1.9880252248
ve_re1_n64_dt1e-4,8.33599999999,0.0111434299301,1.98820757469
ve_re1_n64_dt1e-4,8.34399999999,0.0111431668607,1.98838928336
ve_re1_n64_dt1e-4,8.35199999999,0.0111429047073,1.988570353
ve_re1_n64_dt1e-4,8.35999999999,0.0111426434656,1.98875078581
ve_re1_n64_dt1e-4,8.36799999999,0.0111423831312,1.98893058394
ve_re1_n64_dt1e-4,8.37599999999,0.0111421236998,1.98910974954
ve_re1_n64_dt1e-4,8.38399999999,0.0111418651671,1.98928828474
ve_re1_n64_dt1e-4,8.39199999999,0.0111416075288,1.98946619168
ve_re1_n64_dt1e-4,8.39999999999,0.0111413507807,1.98964347245
ve_re1_n64_dt1e-4,8.40799999999,0.0111410949187,1.98982012914
ve_re1_n64_dt1e-4,8.41599999999,0.0111408399387,1.98999616383
ve_re1_n64_dt1e-4,8.42399999999,0.0111405858367,1.99017157858
ve_re1_n64_dt1e-4,8.43199999999,0.0111403326088,1.99034637542
ve_re1_n64_dt1e-4,8.43999999999,0.0111400802509,1.99052055638
ve_re1_n64_dt1e-4,8.44799999999,0.0111398287594,1.9906941235
ve_re1_n64_dt1e-4,8.45599999999,0.0111395781304,1.99086707882
ve_re1_n64_dt1e-4,8.46399999999,0.0111393283611,1.99103942565
ve_re1_n64_dt1e-4,8.47199999999,0.0111390794502,1.99121116692
ve_re1_n64_dt1e-4,8.47999999999,0.0111388313947,1.99138230449
ve_re1_n64_dt1e-4,8.48799999999,0.0111385841916,1.99155284026
ve_re1_n64_dt1e-4,8.49599999999,0.0111383378377,1.99172277615
ve_re1_n64_dt1e-4,8.50399999999,0.0111380923301,1.99189211412
ve_re1_n64_dt1e-4,8.51199999999,0.0111378476655,1.99206085612
ve_re1_n64_dt1e-4,8.51999999999,0.0111376038408,1.99222900412
ve_re1_n64_dt1e-4,8.52799999999,0.0111373608531,1.99239656011
ve_re1_n64_dt1e-4,8.53599999999,0.0111371186992,1.9925635261
ve_re1_n64_dt1e-4,8.54399999999,0.0111368773759,1.9927299043
ve_re1_n64_dt1e-4,8.55199999999,0.01113663688,1.9928956968
ve_re1_n64_dt1e-4,8.55999999999,0.0111363972082,1.9930609056
ve_re1_n64_dt1e-4,8.56799999999,0.0111361583572,1.99322553273
ve_re1_n64_dt1e-4,8.57599999999,0.0111359203242,1.9933895802
ve_re1_n64_dt1e-4,8.58399999999,0.0111356831061,1.99355305007
ve_re1_n64_dt1e-4,8.59199999999,0.0111354467001,1.99371594436
ve_re1_n64_dt1e-4,8.59999999999,0.0111352111033,1.99387826511
ve_re1_n64_dt1e-4,8.60799999999,0.0111349763131,1.99404001437
ve_re1_n64_dt1e-4,8.61599999999,0.011134742327,1.99420119419
ve_re1_n64_dt1e-4,8.62399999999,0.0111345091425,1.99436180663
ve_re1_n64_dt1e-4,8.63199999999,0.0111342767568,1.99452185373
ve_re1_n64_dt1e-4,8.63999999999,0.0111340451675,1.99468133755
ve_re1_n64_dt1e-4,8.64799999999,0.0111338143723,1.99484025982
ve_re1_n64_dt1e-4,8.65599999999,0.0111335843704,1.99499862199
ve_re1_n64_dt1e-4,8.66399999999,0.0111333551601,1.99515642587
ve_re1_n64_dt1e-4,8.67199999999,0.0111331267391,1.99531367331
ve_re1_n64_dt1e-4,8.67999999999,0.011132899105,1.99547036615
ve_re1_n64_dt1e-4,8.68799999999,0.0111326722553,1.99562650628
ve_re1_n64_dt1e-4,8.69599999999,0.0111324461877,1.99578209505
ve_re1_n64_dt1e-4,8.70399999999,0.0111322209003,1.99593713402
ve_re1_n64_dt1e-4,8.71199999999,0.0111319963903,1.9960916252
ve_re1_n64_dt1e-4,8.71999999999,0.0111317726548,1.99624557052
ve_re1_n64_dt1e-4,8.72799999999,0.0111315496909,1.9963989719
ve_re1_n64_dt1e-4,8.73599999999,0.011131327496,1.99655183126
ve_re1_n64_dt1e-4,8.74399999999,0.0111311060674,1.99670415052
ve_re1_n64_dt1e-4,8.75199999999,0.0111308854025,1.99685593162
ve_re1_n64_dt1e-4,8.75999999999,0.0111306654987,1.99700717648
ve_re1_n64_dt1e-4,8.76799999999,0.0111304463534,1.99715788704
ve_re1_n64_dt1e-4,8.77599999999,0.011130227964,1.99730806523
ve_re1_n64_dt1e-4,8.78399999999,0.011130010328,1.99745771298
ve_re1_n64_dt1e-4,8.79199999999,0.0111297934427,1.99760683221
ve_re1_n64_dt1e-4,8.79999999999,0.0111295773051,1.99775542486
ve_re1_n64_dt1e-4,8.80799999999,0.0111293619125,1.99790349283
ve_re1_n64_dt1e-4,8.81599999999,0.0111291472624,1.99805103811
ve_re1_n64_dt1e-4,8.82399999999,0.0111289333517,1.99819806267
ve_re1_n64_dt1e-4,8.83199999999,0.0111287201788,1.99834456842
ve_re1_n64_dt1e-4,8.83999999999,0.0111285077404,1.99849055727
ve_re1_n64_dt1e-4,8.84799999999,0.011128296034,1.99863603112
ve_re1_n64_dt1e-4,8.85599999999,0.011128085057,1.9987809919
ve_re1_n64_dt1e-4,8.86399999999,0.0111278748071,1.9989254415
ve_re1_n64_dt1e-4,8.87199999999,0.0111276652815,1.99906938184
ve_re1_n64_dt1e-4,8.87999999999,0.0111274564779,1.99921281481
ve_re1_n64_dt1e-4,8.88799999999,0.0111272483938,1.99935574232
ve_re1_n64_dt1e-4,8.89599999999,0.0111270410266,1.99949816625
ve_re1_n64_dt1e-4,8.90399999999,0.0111268343738,1.99964008853
ve_re1_n64_dt1e-4,8.91199999999,0.011126628433,1.99978151105
ve_re1_n64_dt1e-4,8.91999999999,0.0111264232012,1.99992243574
ve_re1_n64_dt1e-4,8.92799999999,0.011126218676,2.00006286448
ve_re1_n64_dt1e-4,8.93599999999,0.0111260148546,2.00020279915
ve_re1_n64_dt1e-4,8.94399999999,0.0111258117345,2.00034224162
ve_re1_n64_dt1e-4,8.95199999999,0.0111256093129,2.00048119373
ve_re1_n64_dt1e-4,8.95999999999,0.0111254075873,2.00061965734
ve_re1_n64_dt1e-4,8.96799999999,0.0111252065549,2.00075763425
ve_re1_n64_dt1e-4,8.97599999999,0.0111250062128,2.00089512629
ve_re1_n64_dt1e-4,8.98399999999,0.0111248065584,2.00103213523
ve_re1_n64_dt1e-4,8.99199999999,0.0111246075886,2.00116866284
ve_re1_n64_dt1e-4,8.99999999999,0.0111244093006,2.0013047109
ve_re1_n64_dt1e-4,9.00799999999,0.0111242116915,2.00144028112
ve_re1_n64_dt1e-4,9.01599999999,0.0111240147598,2.00157537526
ve_re1_n64_dt1e-4,9.02399999999,0.0111238185016,2.00170999502
ve_re1_n64_dt1e-4,9.03199999999,0.0111236229135,2.00184414211
ve_re1_n64_dt1e-4,9.03999999999,0.0111234279926,2.00197781823
ve_re1_n64_dt1e-4,9.04799999999,0.0111232337379,2.00211102507
ve_re1_n64_dt1e-4,9.05599999999,0.0111230401439,2.00224376431
ve_re1_n64_dt1e-4,9.06399999999,0.0111228472079,2.00237603762
ve_re1_n64_dt1e-4,9.07199999999,0.0111226549271,2.00250784664
ve_re1_n64_dt1e-4,9.07999999999,0.0111224632987,2.00263919304
ve_re1_n64_dt1e-4,9.08799999999,0.01112227232,2.00277007845
ve_re1_n64_dt1e-4,9.09599999999,0.0111220819881,2.00290050451
ve_re1_n64_dt1e-4,9.10399999999,0.0111218923003,2.00303047284
ve_re1_n64_dt1e-4,9.11199999999,0.0111217032537,2.00315998506
ve_re1_n64_dt1e-4,9.11999999999,0.0111215148457,2.00328904278
ve_re1_n64_dt1e-4,9.12799999999,0.0111213270735,2.00341764761
ve_re1_n64_dt1e-4,9.13599999999,0.0111211399344,2.00354580113
ve_re1_n64_dt1e-4,9.14399999999,0.0111209534256,2.00367350495
ve_re1_n64_dt1e-4,9.15199999999,0.0111207675446,2.00380076063
ve_re1_n64_dt1e-4,9.15999999999,0.0111205822886,2.00392756974
ve_re1_n64_dt1e-4,9.16799999999,0.011120397655,2.00405393387
ve_re1_n64_dt1e-4,9.17599999999,0.0111202136412,2.00417985456
ve_re1_n64_dt1e-4,9.18399999999,0.0111200302448,2.00430533336
ve_re1_n64_dt1e-4,9.19199999999,0.0111198474631,2.00443037183
ve_re1_n64_dt1e-4,9.19999999999,0.0111196652937,2.0045549715
ve_re1_n64_dt1e-4,9.20799999999,0.011119483734,2.0046791339
ve_re1_n64_dt1e-4,9.21599999999,0.0111193027819,2.00480286058
ve_re1_n64_dt1e-4,9.22399999999,0.0111191224347,2.00492615305
ve_re1_n64_dt1e-4,9.23199999999,0.0111189426903,2.00504901285
ve_re1_n64_dt1e-4,9.23999999999,0.0111187635463,2.0051714415
ve_re1_n64_dt1e-4,9.24799999999,0.0111185850005,2.00529344049
ve_re1_n64_dt1e-4,9.25599999999,0.0111184070506,2.00541501136
ve_re1_n64_dt1e-4,9.26399999999,0.0111182296944,2.0055361556
ve_re1_n64_dt1e-4,9.27199999999,0.0111180529298,2.0056568747
ve_re1_n64_dt1e-4,9.27999999999,0.0111178767545,2.00577717018
ve_re1_n64_dt1e-4,9.28799999999,0.0111177011664,2.00589704353
ve_re1_n64_dt1e-4,9.29599999999,0.0111175261636,2.00601649624
ve_re1_n64_dt1e-4,9.30399999999,0.0111173517442,2.0061355298
ve_re1_n64_dt1e-4,9.31199999999,0.0111171779061,2.0062541457
ve_re1_n64_dt1e-4,9.31999999999,0.0111170046473,2.00637234543
ve_re1_n64_dt1e-4,9.32799999999,0.0111168319657,2.00649013048
ve_re1_n64_dt1e-4,9.33599999999,0.0111166598595,2.00660750236
ve_re1_n64_dt1e-4,9.34399999999,0.0111164883267,2.00672446257
ve_re1_n64_dt1e-4,9.35199999999,0.0111163173657,2.00684101259
ve_re1_n64_dt1e-4,9.35999999999,0.0111161469744,2.00695715392
ve_re1_n64_dt1e-4,9.36799999999,0.011115977151,2.00707288803
ve_re1_n64_dt1e-4,9.37599999999,0.0111158078937,2.00718821642
ve_re1_n64_dt1e-4,9.38399999999,0.0111156392008,2.00730314057
ve_re1_n64_dt1e-4,9.39199999999,0.0111154710707,2.00741766195
ve_re1_n64_dt1e-4,9.39999999999,0.0111153035013,2.00753178205
ve_re1_n64_dt1e-4,9.40799999999,0.0111151364905,2.00764550236
ve_re1_n64_dt1e-4,9.41599999999,0.0111149700364,2.00775882436
ve_re1_n64_dt1e-4,9.42399999999,0.0111148041369,2.00787174953
ve_re1_n64_dt1e-4,9.43199999999,0.0111146387902,2.00798427934
ve_re1_n64_dt1e-4,9.43999999999,0.0111144739942,2.00809641527
ve_re1_n64_dt1e-4,9.44799999999,0.011114309747,2.00820815879
ve_re1_n64_dt1e-4,9.45599999999,0.0111141460466,2.00831951136
ve_re1_n64_dt1e-4,9.46399999999,0.011113982891,2.00843047444
ve_re1_n64_dt1e-4,9.47199999999,0.0111138202781,2.00854104949
ve_re1_n64_dt1e-4,9.47999999999,0.0111136582061,2.00865123795
ve_re1_n64_dt1e-4,9.48799999999,0.0111134966727,2.00876104127
ve_re1_n64_dt1e-4,9.49599999999,0.0111133356761,2.00887046089
ve_re1_n64_dt1e-4,9.50399999999,0.0111131752141,2.00897949821
ve_re1_n64_dt1e-4,9.51199999999,0.0111130152846,2.00908815468
ve_re1_n64_dt1e-4,9.51999999999,0.0111128558856,2.0091964317
ve_re1_n64_dt1e-4,9.52799999999,0.0111126970149,2.00930433067
ve_re1_n64_dt1e-4,9.53599999999,0.0111125386705,2.009411853
ve_re1_n64_dt1e-4,9.54399999999,0.0111123808502,2.00951900007
ve_re1_n64_dt1e-4,9.55199999999,0.0111122235519,2.00962577328
ve_re1_n64_dt1e-4,9.55999999999,0.0111120667734,2.00973217398
ve_re1_n64_dt1e-4,9.56799999999,0.0111119105127,2.00983820354
ve_re1_n64_dt1e-4,9.57599999999,0.0111117547675,2.00994386332
ve_re1_n64_dt1e-4,9.58399999999,0.0111115995359,2.01004915466
ve_re1_n64_dt1e-4,9.59199999999,0.0111114448156,2.0101540789
ve_re1_n64_dt1e-4,9.59999999999,0.0111112906046,2.01025863738
ve_re1_n64_dt1e-4,9.60799999999,0.0111111369006,2.01036283142
ve_re1_n64_dt1e-4,9.61599999999,0.0111109837018,2.01046666223
ve_re1_n64_dt1e-4,9.62399999999,0.0111108310062,2.01057013073
ve_re1_n64_dt1e-4,9.63199999999,0.0111106788121,2.01067323823
ve_re1_n64_dt1e-4,9.63999999999,0.0111105271175,2.01077598605
ve_re1_n64_dt1e-4,9.64799999999,0.0111103759205,2.01087837548
ve_re1_n64_dt1e-4,9.65599999999,0.0111102252192,2.01098040782
ve_re1_n64_dt1e-4,9.66399999999,0.0111100750115,2.01108208437
ve_re1_n64_dt1e-4,9.67199999999,0.0111099252957,2.01118340641
ve_re1_n64_dt1e-4,9.67999999999,0.0111097760696,2.01128437522
ve_re1_n64_dt1e-4,9.68799999999,0.0111096273314,2.01138499209
ve_re1_n64_dt1e-4,9.69599999999,0.0111094790791,2.0114852583
ve_re1_n64_dt1e-4,9.70399999999,0.0111093313107,2.0115851751
ve_re1_n64_dt1e-4,9.71199999999,0.0111091840243,2.01168474377
ve_re1_n64_dt1e-4,9.71999999999,0.011109037218,2.01178396557
ve_re1_n64_dt1e-4,9.72799999999,0.01110889089,2.01188284176
ve_re1_n64_dt1e-4,9.73599999999,0.0111087450382,2.01198137359
ve_re1_n64_dt1e-4,9.74399999999,0.011108599661,2.01207956232
ve_re1_n64_dt1e-4,9.75199999999,0.0111084547562,2.01217740921
ve_re1_n64_dt1e-4,9.75999999999,0.0111083103222,2.01227491549
ve_re1_n64_dt1e-4,9.76799999999,0.0111081663569,2.01237208242
ve_re1_n64_dt1e-4,9.77599999999,0.0111080228586,2.01246891122
ve_re1_n64_dt1e-4,9.78399999999,0.0111078798254,2.01256540315
ve_re1_n64_dt1e-4,9.79199999999,0.0111077372555,2.01266155947
ve_re1_n64_dt1e-4,9.79999999999,0.0111075951471,2.01275738142
ve_re1_n64_dt1e-4,9.80799999999,0.0111074534985,2.01285287021
ve_re1_n64_dt1e-4,9.81599999999,0.0111073123078,2.01294802708
ve_re1_n64_dt1e-4,9.82399999999,0.0111071715732,2.01304285322
ve_re1_n64_dt1e-4,9.83199999999,0.0111070312929,2.01313734987
ve_re1_n64_dt1e-4,9.83999999999,0.0111068914651,2.01323151822
ve_re1_n64_dt1e-4,9.84799999999,0.0111067520879,2.01332535948
ve_re1_n64_dt1e-4,9.85599999999,0.0111066131595,2.01341887483
ve_re1_n64_dt1e-4,9.86399999999,0.0111064746781,2.01351206542
ve_re1_n64_dt1e-4,9.87199999999,0.011106336642,2.01360493245
ve_re1_n64_dt1e-4,9.87999999999,0.0111061990492,2.01369747709
ve_re1_n64_dt1e-4,9.88799999999,0.011106061898,2.01378970054
ve_re1_n64_dt1e-4,9.89599999999,0.0111059251865,2.01388160397
ve_re1_n64_dt1e-4,9.90399999999,0.0111057889129,2.01397318855
ve_re1_n64_dt1e-4,9.91199999999,0.0111056530755,2.01406445547
ve_re1_n64_dt1e-4,9.91999999999,0.0111055176725,2.01415540588
ve_re1_n64_dt1e-4,9.92799999999,0.0111053827019,2.01424604096
ve_re1_n64_dt1e-4,9.93599999999,0.0111052481621,2.01433636186
ve_re1_n64_dt1e-4,9.94399999999,0.0111051140513,2.01442636974
ve_re1_n64_dt1e-4,9.95199999999,0.0111049803677,2.01451606575
ve_re1_n64_dt1e-4,9.95999999999,0.0111048471096,2.01460545104
ve_re1_n64_dt1e-4,9.96799999999,0.0111047142751,2.01469452677
ve_re1_n64_dt1e-4,9.97599999999,0.0111045818627,2.01478329406
ve_re1_n64_dt1e-4,9.98399999999,0.0111044498706,2.01487175406
ve_re1_n64_dt1e-4,9.99199999999,0.0111043182971,2.01495990791
ve_re1_n64_dt1e-4,9.99999999999,0.0111041871405,2.01504775675
ve_re1_n128_dt1e-4,0,0,0
ve_re1_n128_dt1e-4,0.008,1.09601591618e-09,2.25947594713e-11
ve_re1_n128_dt1e-4,0.016,1.8414118149e-09,8.52494879498e-11
ve_re1_n128_dt1e-4,0.024,2.68112993921e-09,2.00134867866e-10
ve_re1_n128_dt1e-4,0.032,3.69967237123e-09,3.86165280379e-10
ve_re1_n128_dt1e-4,0.04,4.97177499577e-09,6.68717059184e-10
ve_re1_n128_dt1e-4,0.048,6.58331822268e-09,1.08128623914e-09
ve_re1_n128_dt1e-4,0.056,8.64056651799e-09,1.66784425299e-09
ve_re1_n128_dt1e-4,0.064,1.12782976702e-08,2.48594288925e-09
ve_re1_n128_dt1e-4,0.072,1.46690795297e-08,3.61075215122e-09
ve_re1_n128_dt1e-4,0.08,1.90347554702e-08,5.1402917332e-09
ve_re1_n128_dt1e-4,0.088,2.46610363497e-08,7.20219953408e-09
ve_re1_n128_dt1e-4,0.096,3.19162023683e-08,9.96248242759e-09
ve_re1_n128_dt1e-4,0.104,4.1275147705e-08,1.36368242121e-08
ve_re1_n128_dt1e-4,0.112,5.3350328217e-08,1.85051920656e-08
ve_re1_n128_dt1e-4,0.12,6.8931605107e-08,2.49306963583e-08
ve_re1_n128_dt1e-4,0.128,8.90375369353e-08,3.33839333535e-08
ve_re1_n128_dt1e-4,0.136,1.14981390275e-07,4.44743926742e-08
ve_re1_n128_dt1e-4,0.144,1.48456057159e-07,5.89909637136e-08
ve_re1_n128_dt1e-4,0.152,1.91643237971e-07,7.79541549235e-08
ve_re1_n128_dt1e-4,0.16,2.47353737752e-07,1.02683382272e-07
ve_re1_n128_dt1e-4,0.168,3.19207614405e-07,1.3488363265e-07
ve_re1_n128_dt1e-4,0.176,4.11865310769e-07,1.76757020683e-07
ve_re1_n128_dt1e-4,0.184,5.31323923734e-07,2.31146303562e-07
ve_re1_n128_dt1e-4,0.192,6.85296563992e-07,3.01719386528e-07
ve_re1_n128_dt1e-4,0.2,8.83697521464e-07,3.93206350987e-07
ve_re1_n128_dt1e-4,0.208,1.13926188912e-06,5.11703703889e-07
ve_re1_n128_dt1e-4,0.216,1.46833566165e-06,6.65064547825e-07
ve_re1_n128_dt1e-4,0.224,1.89188139879e-06,8.63398409608e-07
ve_re1_n128_dt1e-4,0.232,2.43675563651e-06,1.11971078667e-06
ve_re1_n128_dt1e-4,0.24,3.1373276672e-06,1.45072036753e-06
ve_re1_n128_dt1e-4,0.248,4.03752540489e-06,1.87790169849e-06
ve_re1_n128_dt1e-4,0.256,5.19341306164e-06,2.42881319791e-06
ve_re1_n128_dt1e-4,0.264,6.67642742383e-06,3.13878530402e-06
ve_re1_n128_dt1e-4,0.272,8.57742454915e-06,4.05306166019e-06
ve_re1_n128_dt1e-4,0.28,1.10117162564e-05,5.2295080805e-06
ve_re1_n128_dt1e-4,0.288,1.41253048367e-05,6.74203005703e-06
ve_re1_n128_dt1e-4,0.296,1.81025531243e-05,8.6848701286e-06
ve_re1_n128_dt1e-4,0.304,2.31755523955e-05,1.11779916878e-05
ve_re1_n128_dt1e-4,0.312,2.96354678833e-05,1.4373795579e-05
ve_re1_n128_dt1e-4,0.32,3.78461442817e-05,1.8465459403e-05
ve_re1_n128_dt1e-4,0.328,4.8260232192e-05,2.36972352623e-05
ve_re1_n128_dt1e-4,0.336,6.14380387643e-05,3.03770870796e-05
ve_re1_n128_dt1e-4,0.344,7.80691964381e-05,3.8892089399e-05
ve_re1_n128_dt1e-4,0.352,9.89970645152e-05,4.97270395834e-05
ve_re1_n128_dt1e-4,0.36,0.000125245509511,6.34867460408e-05
ve_re1_n128_dt1e-4,0.368,0.000158047332894,8.0922435401e-05
ve_re1_n128_dt1e-4,0.376,0.000198873114993,0.000102962657604
ve_re1_n128_dt1e-4,0.384,0.000249458618782,0.000130748943605
ve_re1_n128_dt1e-4,0.392,0.000311828163977,0.00016567626881
ve_re1_n128_dt1e-4,0.4,0.000388310586659,0.000209438080266
ve_re1_n128_dt1e-4,0.408,0.000481543628513,0.000264075245397
ve_re1_n128_dt1e-4,0.416,0.000594461984448,0.000332027772022
ve_re1_n128_dt1e-4,0.424,0.000730263955419,0.000416187544718
ve_re1_n128_dt1e-4,0.432,0.000892351914582,0.000519949652692
ve_re1_n128_dt1e-4,0.44,0.0010842428108,0.000647259203928
ve_re1_n128_dt1e-4,0.448,0.00130944686816,0.000802649912219
ve_re1_n128_dt1e-4,0.456,0.00157131554533,0.000991270308487
ve_re1_n128_dt1e-4,0.464,0.00187286356702,0.00121889327747
ve_re1_n128_dt1e-4,0.472,0.00221657407808,0.00149190487327
ve_re1_n128_dt1e-4,0.48,0.00260420011352,0.0018172690763
ve_re1_n128_dt1e-4,0.488,0.0030365788737,0.00220246637541
ve_re1_n128_dt1e-4,0.496,0.00351347695478,0.0026554057011
ve_re1_n128_dt1e-4,0.504,0.00403348408299,0.00318431121213
ve_re1_n128_dt1e-4,0.512,0.00459396973654,0.00379758748136
ve_re1_n128_dt1e-4,0.52,0.00519111152002,0.00450366852478
ve_re1_n128_dt1e-4,0.528,0.00581999697495,0.00531085764674
ve_re1_n128_dt1e-4,0.536,0.00647479275037,0.0062271659492
ve_re1_n128_dt1e-4,0.544,0.00714896798024,0.00726015748736
ve_re1_n128_dt1e-4,0.552,0.0078355534163,0.00841680846548
ve_re1_n128_dt1e-4,0.56,0.00852741514807,0.00970338668835
ve_re1_n128_dt1e-4,0.568,0.00921752177639,0.01112535577
ve_re1_n128_dt1e-4,0.576,0.0098991864815,0.0126873066231
ve_re1_n128_dt1e-4,0.584,0.0105662697754,0.0143929168269
ve_re1_n128_dt1e-4,0.592,0.0112133341128,0.0162449369343
ve_re1_n128_dt1e-4,0.6,0.0118357469314,0.0182452012841
ve_re1_n128_dt1e-4,0.608,0.012429733478,0.0203946597153
ve_re1_n128_dt1e-4,0.616,0.0129923844929,0.0226934262236
ve_re1_n128_dt1e-4,0.624,0.0135216262619,0.0251408406308
ve_re1_n128_dt1e-4,0.632,0.0140161617013,0.0277355393082
ve_re1_n128_dt1e-4,0.64,0.0144753913037,0.0304755309852
ve_re1_n128_dt1e-4,0.648,0.0148993221156,0.0333582746494
ve_re1_n128_dt1e-4,0.656,0.0152884717208,0.0363807566759
ve_re1_n128_dt1e-4,0.664,0.015643772915,0.0395395660918
ve_re1_n128_dt1e-4,0.672,0.0159664831977,0.042830965615
ve_re1_n128_dt1e-4,0.68,0.0162581019739,0.0462509574366
ve_re1_n128_dt1e-4,0.688,0.0165202971604,0.0497953440501
ve_re1_n128_dt1e-4,0.696,0.0167548418775,0.0534597821967
ve_re1_n128_dt1e-4,0.704,0.0169635614376,0.057239831494
ve_re1_n128_dt1e-4,0.712,0.0171482899767,0.0611309979995
ve_re1_n128_dt1e-4,0.72,0.0173108360166,0.0651287709862
ve_re1_n128_dt1e-4,0.728,0.0174529561696,0.0692286554076
ve_re1_n128_dt1e-4,0.736,0.0175763355114,0.0734261990746
ve_re1_n128_dt1e-4,0.744,0.0176825740273,0.0777170162978
ve_re1_n128_dt1e-4,0.752,0.0177731777977,0.0820968092589
ve_re1_n128_dt1e-4,0.76,0.0178495541821,0.0865613805342
ve_re1_n128_dt1e-4,0.768,0.0179130100748,0.0911066495995
ve_re1_n128_dt1e-4,0.776,0.017964752585,0.0957286598663
ve_re1_n128_dt1e-4,0.784,0.0180058915945,0.10042359012
ve_re1_n128_dt1e-4,0.792,0.0180374435608,0.105187756076
ve_re1_n128_dt1e-4,0.8,0.0180603363007,0.110017619658
ve_re1_n128_dt1e-4,0.808,0.0180754142611,0.114909791698
ve_re1_n128_dt1e-4,0.816,0.0180834441267,0.119861030196
ve_re1_n128_dt1e-4,0.824,0.0180851206048,0.124868244321
ve_re1_n128_dt1e-4,0.832,0.0180810720712,0.129928488909
ve_re1_n128_dt1e-4,0.84,0.0180718661894,0.135038965461
ve_re1_n128_dt1e-4,0.848,0.0180580151367,0.140197021573
ve_re1_n128_dt1e-4,0.856,0.0180399806788,0.145400144398
ve_re1_n128_dt1e-4,0.864,0.0180181789242,0.150645960583
ve_re1_n128_dt1e-4,0.872,0.0179929847129,0.155932237085
ve_re1_n128_dt1e-4,0.88,0.0179647358061,0.161256870762
ve_re1_n128_dt1e-4,0.888,0.0179337363804,0.166617885573
ve_re1_n128_dt1e-4,0.896,0.0179002605308,0.172013433405
ve_re1_n128_dt1e-4,0.904,0.0178645554543,0.177441781834
ve_re1_n128_dt1e-4,0.912,0.0178268441457,0.182901306034
ve_re1_n128_dt1e-4,0.92,0.0177873279138,0.188390495133
ve_re1_n128_dt1e-4,0.928,0.0177461887027,0.193907946909
ve_re1_n128_dt1e-4,0.936,0.0177035912905,0.199452352454
ve_re1_n128_dt1e-4,0.944,0.0176596848452,0.205022496321
ve_re1_n128_dt1e-4,0.952,0.0176146047105,0.210617256294
ve_re1_n128_dt1e-4,0.96,0.0175684739833,0.216235601993
ve_re1_n128_dt1e-4,0.968,0.0175214048851,0.221876575967
ve_re1_n128_dt1e-4,0.976,0.0174734995763,0.227539295453
ve_re1_n128_dt1e-4,0.984,0.017424851286,0.233222953647
ve_re1_n128_dt1e-4,0.992,0.0173755453755,0.238926815716
ve_re1_n128_dt1e-4,1,0.0173256602307,0.244650199478
ve_re1_n128_dt1e-4,1.008,0.0172752678332,0.250392480795
ve_re1_n128_dt1e-4,1.016,0.0172244342596,0.256153089417
ve_re1_n128_dt1e-4,1.024,0.0171732204304,0.261931512798
ve_re1_n128_dt1e-4,1.032,0.0171216827108,0.267727281645
ve_re1_n128_dt1e-4,1.04,0.01706987335,0.273539963756
ve_re1_n128_dt1e-4,1.048,0.0170178407939,0.279369174363
ve_re1_n128_dt1e-4,1.056,0.0169656299341,0.285214556674
ve_re1_n128_dt1e-4,1.064,0.0169132825787,0.291075796202
ve_re1_n128_dt1e-4,1.072,0.016860837652,0.296952604127
ve_re1_n128_dt1e-4,1.08,0.0168083314914,0.302844710486
ve_re1_n128_dt1e-4,1.088,0.0167557980712,0.308751872705
ve_re1_n128_dt1e-4,1.096,0.016703269056,0.314673865408
ve_re1_n128_dt1e-4,1.104,0.0166507740379,0.320610486682
ve_re1_n128_dt1e-4,1.112,0.01659834087,0.326561555148
ve_re1_n128_dt1e-4,1.12,0.0165459957568,0.332526891352
ve_re1_n128_dt1e-4,1.128,0.0164937632598,0.338506327832
ve_re1_n128_dt1e-4,1.136,0.016441666408,0.344499712634
ve_re1_n128_dt1e-4,1.144,0.0163897268251,0.350506912031
ve_re1_n128_dt1e-4,1.152,0.0163379650349,0.35652781071
ve_re1_n128_dt1e-4,1.16,0.0162864003039,0.36256227346
ve_re1_n128_dt1e-4,1.168,0.01623505083,0.368610152417
ve_re1_n128_dt1e-4,1.176,0.0161839338482,0.374671310718
ve_re1_n128_dt1e-4,1.184,0.0161330655076,0.380745616328
ve_re1_n128_dt1e-4,1.192,0.0160824607554,0.386832927007
ve_re1_n128_dt1e-4,1.2,0.0160321336,0.392933101982
ve_re1_n128_dt1e-4,1.208,0.0159820973778,0.399046015068
ve_re1_n128_dt1e-4,1.216,0.0159323646453,0.405171525014
ve_re1_n128_dt1e-4,1.224,0.0158829471439,0.411309485592
ve_re1_n128_dt1e-4,1.232,0.0158338558605,0.417459747377
ve_re1_n128_dt1e-4,1.24,0.0157851011782,0.423622169776
ve_re1_n128_dt1e-4,1.248,0.0157366928267,0.429796615195
ve_re1_n128_dt1e-4,1.256,0.0156886399191,0.435982945842
ve_re1_n128_dt1e-4,1.264,0.0156409509922,0.442181019899
ve_re1_n128_dt1e-4,1.272,0.015593634096,0.448390650154
ve_re1_n128_dt1e-4,1.28,0.0155466967943,0.454611588738
ve_re1_n128_dt1e-4,1.288,0.0155001461229,0.460843621182
ve_re1_n128_dt1e-4,1.296,0.0154539884766,0.467086528338
ve_re1_n128_dt1e-4,1.304,0.0154082297091,0.473340084954
ve_re1_n128_dt1e-4,1.312,0.0153628749251,0.479604049983
ve_re1_n128_dt1e-4,1.32,0.0153179289928,0.48587819023
ve_re1_n128_dt1e-4,1.328,0.0152733963765,0.492162285574
ve_re1_n128_dt1e-4,1.336,0.0152292811272,0.498456123477
ve_re1_n128_dt1e-4,1.344,0.0151855869538,0.504759449472
ve_re1_n128_dt1e-4,1.352,0.0151423172581,0.511072056532
ve_re1_n128_dt1e-4,1.36,0.0150994753426,0.517393723773
ve_re1_n128_dt1e-4,1.368,0.0150570639343,0.52372421609
ve_re1_n128_dt1e-4,1.376,0.0150150851923,0.53006326708
ve_re1_n128_dt1e-4,1.384,0.0149735410221,0.536410612883
ve_re1_n128_dt1e-4,1.392,0.014932433159,0.542765981827
ve_re1_n128_dt1e-4,1.4,0.0148917632281,0.549129005978
ve_re1_n128_dt1e-4,1.408,0.0148515323535,0.55549932971
ve_re1_n128_dt1e-4,1.416,0.0148117413917,0.561876566882
ve_re1_n128_dt1e-4,1.424,0.0147723909028,0.568260383767
ve_re1_n128_dt1e-4,1.432,0.014733481218,0.574650450767
ve_re1_n128_dt1e-4,1.44,0.0146950123745,0.581046436298
ve_re1_n128_dt1e-4,1.448,0.0146569838935,0.587447977329
ve_re1_n128_dt1e-4,1.456,0.0146193951211,0.593854773492
ve_re1_n128_dt1e-4,1.464,0.0145822453658,0.600266540111
ve_re1_n128_dt1e-4,1.472,0.0145455339224,0.606683023143
ve_re1_n128_dt1e-4,1.48,0.014509260137,0.613103972843
ve_re1_n128_dt1e-4,1.488,0.0144734228612,0.619529114604
ve_re1_n128_dt1e-4,1.496,0.0144380207159,0.625958131095
ve_re1_n128_dt1e-4,1.504,0.0144030521517,0.632390717308
ve_re1_n128_dt1e-4,1.512,0.0143685154436,0.638826539922
ve_re1_n128_dt1e-4,1.52,0.0143344087265,0.645265267705
ve_re1_n128_dt1e-4,1.528,0.0143007297896,0.651706544105
ve_re1_n128_dt1e-4,1.536,0.0142674759867,0.658149871637
ve_re1_n128_dt1e-4,1.544,0.0142346448801,0.664594816588
ve_re1_n128_dt1e-4,1.552,0.014202234094,0.671040943642
ve_re1_n128_dt1e-4,1.56,0.0141702410895,0.677487886916
ve_re1_n128_dt1e-4,1.568,0.0141386632894,0.683935260778
ve_re1_n128_dt1e-4,1.576,0.0141074979964,0.690382741287
ve_re1_n128_dt1e-4,1.584,0.0140767422166,0.696830008934
ve_re1_n128_dt1e-4,1.592,0.0140463927986,0.703276750229
ve_re1_n128_dt1e-4,1.6,0.0140164465436,0.709722674638
ve_re1_n128_dt1e-4,1.608,0.0139869005597,0.716167556954
ve_re1_n128_dt1e-4,1.616,0.0139577517371,0.722611140738
ve_re1_n128_dt1e-4,1.624,0.0139289966124,0.729053134214
ve_re1_n128_dt1e-4,1.632,0.013900631655,0.735493200825
ve_re1_n128_dt1e-4,1.64,0.0138726531679,0.741930896141
ve_re1_n128_dt1e-4,1.648,0.0138450573321,0.748365823484
ve_re1_n128_dt1e-4,1.656,0.0138178405013,0.754797682584
ve_re1_n128_dt1e-4,1.664,0.0137909989491,0.761226134642
ve_re1_n128_dt1e-4,1.672,0.0137645288742,0.767650916278
ve_re1_n128_dt1e-4,1.68,0.0137384262518,0.774071769807
ve_re1_n128_dt1e-4,1.688,0.0137126872386,0.780488431386
ve_re1_n128_dt1e-4,1.696,0.0136873079855,0.786900591869
ve_re1_n128_dt1e-4,1.704,0.0136622845936,0.793307921203
ve_re1_n128_dt1e-4,1.712,0.0136376131443,0.799710078785
ve_re1_n128_dt1e-4,1.72,0.013613289622,0.806106756919
ve_re1_n128_dt1e-4,1.728,0.0135893100598,0.812497619749
ve_re1_n128_dt1e-4,1.736,0.013565670474,0.818882389529
ve_re1_n128_dt1e-4,1.744,0.0135423667868,0.825260799531
ve_re1_n128_dt1e-4,1.752,0.0135193949095,0.831632605605
ve_re1_n128_dt1e-4,1.76,0.0134967507147,0.837997561765
ve_re1_n128_dt1e-4,1.768,0.013474430383,0.844355299727
ve_re1_n128_dt1e-4,1.776,0.0134524295864,0.850705263763
ve_re1_n128_dt1e-4,1.784,0.0134307441514,0.85704718323
ve_re1_n128_dt1e-4,1.792,0.0134093699967,0.863380779756
ve_re1_n128_dt1e-4,1.8,0.013388302974,0.869705786659
ve_re1_n128_dt1e-4,1.808,0.0133675389769,0.876022029719
ve_re1_n128_dt1e-4,1.816,0.0133470739448,0.882329315513
ve_re1_n128_dt1e-4,1.824,0.0133269038371,0.888627431032
ve_re1_n128_dt1e-4,1.832,0.0133070246536,0.894916163428
ve_re1_n128_dt1e-4,1.84,0.0132874324502,0.90119532304
ve_re1_n128_dt1e-4,1.848,0.0132681232493,0.907464686323
ve_re1_n128_dt1e-4,1.856,0.0132490930347,0.913724054754
ve_re1_n128_dt1e-4,1.864,0.0132303376309,0.919973219638
ve_re1_n128_dt1e-4,1.872,0.013211853045,0.926211960311
ve_re1_n128_dt1e-4,1.88,0.0131936353237,0.932440072615
ve_re1_n128_dt1e-4,1.888,0.0131756805459,0.938657374372
ve_re1_n128_dt1e-4,1.896,0.0131579847937,0.944863681699
ve_re1_n128_dt1e-4,1.904,0.0131405441268,0.951058816787
ve_re1_n128_dt1e-4,1.912,0.0131233546258,0.957242621584
ve_re1_n128_dt1e-4,1.92,0.0131064124523,0.963414933798
ve_re1_n128_dt1e-4,1.928,0.0130897138135,0.969575567347
ve_re1_n128_dt1e-4,1.936,0.0130732550069,0.97572429629
ve_re1_n128_dt1e-4,1.944,0.0130570322882,0.981860856454
ve_re1_n128_dt1e-4,1.952,0.0130410417512,0.98798479442
ve_re1_n128_dt1e-4,1.96,0.0130252796763,0.994095965364
ve_re1_n128_dt1e-4,1.968,0.0130097425869,1.00019408299
ve_re1_n128_dt1e-4,1.976,0.012994426829,1.00627892475
ve_re1_n128_dt1e-4,1.984,0.012979328807,1.01235039229
ve_re1_n128_dt1e-4,1.992,0.0129644450207,1.01840840345
ve_re1_n128_dt1e-4,2,0.0129497719302,1.02445280296
ve_re1_n128_dt1e-4,2.008,0.0129353060006,1.03048348893
ve_re1_n128_dt1e-4,2.016,0.0129210437802,1.03650035724
ve_re1_n128_dt1e-4,2.024,0.0129069819547,1.04250312712
ve_re1_n128_dt1e-4,2.032,0.0128931172932,1.04849162975
ve_re1_n128_dt1e-4,2.04,0.0128794466136,1.05446573375
ve_re1_n128_dt1e-4,2.048,0.0128659667569,1.06042529621
ve_re1_n128_dt1e-4,2.056,0.0128526745303,1.06637018882
ve_re1_n128_dt1e-4,2.064,0.012839566764,1.07230028172
ve_re1_n128_dt1e-4,2.072,0.0128266403439,1.07821542142
ve_re1_n128_dt1e-4,2.08,0.0128138922111,1.08411544789
ve_re1_n128_dt1e-4,2.088,0.0128013193638,1.0900001858
ve_re1_n128_dt1e-4,2.096,0.0127889189177,1.09586925615
ve_re1_n128_dt1e-4,2.104,0.0127766878913,1.10172254004
ve_re1_n128_dt1e-4,2.112,0.0127646233227,1.10756000353
ve_re1_n128_dt1e-4,2.12,0.0127527223223,1.11338158782
ve_re1_n128_dt1e-4,2.128,0.0127409820655,1.11918721487
ve_re1_n128_dt1e-4,2.136,0.0127293997627,1.1249768115
ve_re1_n128_dt1e-4,2.144,0.0127179726613,1.13075027876
ve_re1_n128_dt1e-4,2.152,0.0127066980643,1.1365075468
ve_re1_n128_dt1e-4,2.16,0.012695573303,1.14224854871
ve_re1_n128_dt1e-4,2.168,0.012684595739,1.1479732274
ve_re1_n128_dt1e-4,2.176,0.012673762773,1.15368153447
ve_re1_n128_dt1e-4,2.184,0.0126630718042,1.15937342826
ve_re1_n128_dt1e-4,2.192,0.0126525202363,1.16504870765
ve_re1_n128_dt1e-4,2.2,0.0126421055265,1.17070718529
ve_re1_n128_dt1e-4,2.208,0.0126318252148,1.17634876971
ve_re1_n128_dt1e-4,2.216,0.0126216768658,1.1819733731
ve_re1_n128_dt1e-4,2.224,0.0126116581193,1.18758094112
ve_re1_n128_dt1e-4,2.232,0.01260176673,1.19317148895
ve_re1_n128_dt1e-4,2.24,0.012592000473,1.19874498595
ve_re1_n128_dt1e-4,2.248,0.0125823570601,1.20430138146
ve_re1_n128_dt1e-4,2.256,0.0125728342094,1.20984066878
ve_re1_n128_dt1e-4,2.264,0.012563429704,1.21536284012
ve_re1_n128_dt1e-4,2.272,0.0125541413521,1.22086786425
ve_re1_n128_dt1e-4,2.28,0.0125449670045,1.22635568288
ve_re1_n128_dt1e-4,2.288,0.0125359045669,1.2318262604
ve_re1_n128_dt1e-4,2.296,0.0125269520496,1.23727946373
ve_re1_n128_dt1e-4,2.304,0.0125181075519,1.24271513691
ve_re1_n128_dt1e-4,2.312,0.0125093692098,1.24813304661
ve_re1_n128_dt1e-4,2.32,0.0125007352142,1.25353298094
ve_re1_n128_dt1e-4,2.328,0.0124922037444,1.25891497526
ve_re1_n128_dt1e-4,2.336,0.0124837729689,1.2642790344
ve_re1_n128_dt1e-4,2.344,0.0124754410273,1.26962515797
ve_re1_n128_dt1e-4,2.352,0.0124672061276,1.27495334755
ve_re1_n128_dt1e-4,2.36,0.0124590665237,1.28026359446
ve_re1_n128_dt1e-4,2.368,0.012451020514,1.28555588304
ve_re1_n128_dt1e-4,2.376,0.0124430664796,1.29083016552
ve_re1_n128_dt1e-4,2.384,0.0124352028587,1.29608629365
ve_re1_n128_dt1e-4,2.392,0.01242742805,1.3013242004
ve_re1_n128_dt1e-4,2.4,0.0124197404571,1.30654384579
ve_re1_n128_dt1e-4,2.408,0.012412138538,1.31174518413
ve_re1_n128_dt1e-4,2.416,0.0124046207985,1.31692814747
ve_re1_n128_dt1e-4,2.424,0.0123971857783,1.32209265419
ve_re1_n128_dt1e-4,2.432,0.0123898319863,1.3272386313
ve_re1_n128_dt1e-4,2.44,0.0123825579935,1.33236600296
ve_re1_n128_dt1e-4,2.448,0.0123753624239,1.33747467764
ve_re1_n128_dt1e-4,2.456,0.0123682439052,1.34256458039
ve_re1_n128_dt1e-4,2.464,0.0123612011077,1.34763572677
ve_re1_n128_dt1e-4,2.472,0.0123542327958,1.35268809722
ve_re1_n128_dt1e-4,2.48,0.0123473377288,1.35772166198
ve_re1_n128_dt1e-4,2.488,0.0123405146601,1.36273638573
ve_re1_n128_dt1e-4,2.496,0.0123337623687,1.36773223933
ve_re1_n128_dt1e-4,2.504,0.012327079661,1.37270918128
ve_re1_n128_dt1e-4,2.512,0.0123204653651,1.37766718378
ve_re1_n128_dt1e-4,2.52,0.0123139183318,1.38260623051
ve_re1_n128_dt1e-4,2.528,0.0123074374396,1.38752627909
ve_re1_n128_dt1e-4,2.536,0.0123010215673,1.39242731681
ve_re1_n128_dt1e-4,2.544,0.0122946696158,1.39730931879
ve_re1_n128_dt1e-4,2.552,0.0122883805264,1.40217219941
ve_re1_n128_dt1e-4,2.56,0.0122821532386,1.40701592367
ve_re1_n128_dt1e-4,2.568,0.0122759867173,1.41184046447
ve_re1_n128_dt1e-4,2.576,0.012269879961,1.41664577083
ve_re1_n128_dt1e-4,2.584,0.0122638319792,1.4214318492
ve_re1_n128_dt1e-4,2.592,0.0122578417902,1.42619869193
ve_re1_n128_dt1e-4,2.6,0.0122519084262,1.43094628832
ve_re1_n128_dt1e-4,2.608,0.0122460309477,1.43567463167
ve_re1_n128_dt1e-4,2.616,0.0122402084456,1.44038373475
ve_re1_n128_dt1e-4,2.624,0.0122344400331,1.44507353836
ve_re1_n128_dt1e-4,2.632,0.0122287248292,1.44974395739
ve_re1_n128_dt1e-4,2.64,0.0122230619862,1.45439497386
ve_re1_n128_dt1e-4,2.648,0.0122174506614,1.45902660926
ve_re1_n128_dt1e-4,2.656,0.0122118900671,1.46363884738
ve_re1_n128_dt1e-4,2.664,0.0122063794389,1.4682315009
ve_re1_n128_dt1e-4,2.672,0.0122009179478,1.47280457488
ve_re1_n128_dt1e-4,2.68,0.0121955048029,1.47735812205
ve_re1_n128_dt1e-4,2.688,0.0121901392418,1.481892206
ve_re1_n128_dt1e-4,2.696,0.0121848205212,1.48640689147
ve_re1_n128_dt1e-4,2.704,0.0121795479164,1.4909022165
ve_re1_n128_dt1e-4,2.712,0.012174320745,1.49537819563
ve_re1_n128_dt1e-4,2.72,0.0121691383246,1.49983488793
ve_re1_n128_dt1e-4,2.728,0.01216399996,1.50427234717
ve_re1_n128_dt1e-4,2.736,0.0121589049904,1.50869062391
ve_re1_n128_dt1e-4,2.744,0.0121538527733,1.51308975745
ve_re1_n128_dt1e-4,2.752,0.0121488426914,1.51746974819
ve_re1_n128_dt1e-4,2.76,0.0121438741455,1.52183063328
ve_re1_n128_dt1e-4,2.768,0.0121389465716,1.52617239625
ve_re1_n128_dt1e-4,2.776,0.0121340593985,1.53049504938
ve_re1_n128_dt1e-4,2.784,0.0121292120486,1.53479864894
ve_re1_n128_dt1e-4,2.792,0.0121244039701,1.53908322866
ve_re1_n128_dt1e-4,2.8,0.0121196346491,1.54334876462
ve_re1_n128_dt1e-4,2.808,0.012114903597,1.54759525013
ve_re1_n128_dt1e-4,2.816,0.0121102102637,1.55182272392
ve_re1_n128_dt1e-4,2.824,0.0121055541117,1.5560312395
ve_re1_n128_dt1e-4,2.832,0.0121009346435,1.56022083976
ve_re1_n128_dt1e-4,2.84,0.0120963513714,1.56439157191
ve_re1_n128_dt1e-4,2.848,0.012091803817,1.56854344771
ve_re1_n128_dt1e-4,2.856,0.0120872915209,1.57267647188
ve_re1_n128_dt1e-4,2.864,0.0120828140283,1.57679064588
ve_re1_n128_dt1e-4,2.872,0.0120783708852,1.58088599796
ve_re1_n128_dt1e-4,2.88,0.0120739616524,1.58496255631
ve_re1_n128_dt1e-4,2.888,0.012069585912,1.58902033468
ve_re1_n128_dt1e-4,2.896,0.0120652432438,1.59305936157
ve_re1_n128_dt1e-4,2.904,0.012060933247,1.59707963208
ve_re1_n128_dt1e-4,2.912,0.0120566555665,1.60108118567
ve_re1_n128_dt1e-4,2.92,0.0120524099039,1.60506406038
ve_re1_n128_dt1e-4,2.928,0.0120481959436,1.60902829702
ve_re1_n128_dt1e-4,2.936,0.0120440133529,1.61297393252
ve_re1_n128_dt1e-4,2.944,0.012039861823,1.61690099218
ve_re1_n128_dt1e-4,2.952,0.0120357410421,1.6208094418
ve_re1_n128_dt1e-4,2.96,0.0120316506832,1.62469925785
ve_re1_n128_dt1e-4,2.968,0.0120275904602,1.62857040126
ve_re1_n128_dt1e-4,2.976,0.0120235600571,1.63242289538
ve_re1_n128_dt1e-4,2.984,0.0120195591542,1.63625677913
ve_re1_n128_dt1e-4,2.992,0.012015587448,1.64007208429
ve_re1_n128_dt1e-4,3,0.012011644654,1.643868841
ve_re1_n128_dt1e-4,3.008,0.0120077304581,1.64764707857
ve_re1_n128_dt1e-4,3.016,0.0120038445466,1.65140683388
ve_re1_n128_dt1e-4,3.024,0.0119999866289,1.65514809469
ve_re1_n128_dt1e-4,3.032,0.0119961564328,1.65887085662
ve_re1_n128_dt1e-4,3.04,0.0119923536892,1.66257518083
ve_re1_n128_dt1e-4,3.048,0.0119885781375,1.66626110625
ve_re1_n128_dt1e-4,3.056,0.011984829518,1.66992872976
ve_re1_n128_dt1e-4,3.064,0.0119811075968,1.67357813161
ve_re1_n128_dt1e-4,3.072,0.0119774121205,1.67720934691
ve_re1_n128_dt1e-4,3.08,0.0119737428278,1.68082243078
ve_re1_n128_dt1e-4,3.088,0.0119700994901,1.68441742757
ve_re1_n128_dt1e-4,3.096,0.0119664818646,1.68799433346
ve_re1_n128_dt1e-4,3.104,0.0119628897052,1.69155318565
ve_re1_n128_dt1e-4,3.112,0.0119593227722,1.69509403529
ve_re1_n128_dt1e-4,3.12,0.0119557808293,1.69861693735
ve_re1_n128_dt1e-4,3.128,0.0119522636388,1.70212194822
ve_re1_n128_dt1e-4,3.136,0.0119487709579,1.70560912242
ve_re1_n128_dt1e-4,3.144,0.0119453025613,1.70907849554
ve_re1_n128_dt1e-4,3.152,0.0119418582323,1.71253011218
ve_re1_n128_dt1e-4,3.16,0.0119384377473,1.71596402451
ve_re1_n128_dt1e-4,3.168,0.0119350408763,1.7193802442
ve_re1_n128_dt1e-4,3.176,0.011931667393,1.722778804
ve_re1_n128_dt1e-4,3.184,0.0119283170676,1.72615976283
ve_re1_n128_dt1e-4,3.192,0.0119249896717,1.72952318222
ve_re1_n128_dt1e-4,3.2,0.0119216849741,1.73286912447
ve_re1_n128_dt1e-4,3.208,0.0119184027426,1.73619764656
ve_re1_n128_dt1e-4,3.216,0.0119151427566,1.73950880515
ve_re1_n128_dt1e-4,3.224,0.0119119048105,1.74280265995
ve_re1_n128_dt1e-4,3.232,0.0119086887074,1.74607926566
ve_re1_n128_dt1e-4,3.24,0.0119054942474,1.74933867313
ve_re1_n128_dt1e-4,3.248,0.0119023212252,1.75258085424
ve_re1_n128_dt1e-4,3.256,0.0118991694285,1.7558058383
ve_re1_n128_dt1e-4,3.264,0.0118960386118,1.75901368762
ve_re1_n128_dt1e-4,3.272,0.011892928539,1.76220446662
ve_re1_n128_dt1e-4,3.28,0.0118898390014,1.76537824532
ve_re1_n128_dt1e-4,3.288,0.0118867697907,1.76853508829
ve_re1_n128_dt1e-4,3.296,0.0118837206914,1.7716750575
ve_re1_n128_dt1e-4,3.304,0.0118806914927,1.77479821178
ve_re1_n128_dt1e-4,3.312,0.0118776819892,1.77790459409
ve_re1_n128_dt1e-4,3.32,0.0118746919719,1.78099424502
ve_re1_n128_dt1e-4,3.328,0.0118717212196,1.78406720565
ve_re1_n128_dt1e-4,3.336,0.0118687695072,1.78712346736
ve_re1_n128_dt1e-4,3.344,0.0118658366273,1.79016306107
ve_re1_n128_dt1e-4,3.352,0.0118629223866,1.79318602176
ve_re1_n128_dt1e-4,3.36,0.0118600265942,1.79619240237
ve_re1_n128_dt1e-4,3.368,0.0118571490725,1.79918225751
ve_re1_n128_dt1e-4,3.376,0.0118542896431,1.80215564311
ve_re1_n128_dt1e-4,3.384,0.0118514481227,1.8051126201
ve_re1_n128_dt1e-4,3.392,0.0118486243274,1.80805324568
ve_re1_n128_dt1e-4,3.4,0.0118458180906,1.81097756876
ve_re1_n128_dt1e-4,3.408,0.0118430292468,1.81388564362
ve_re1_n128_dt1e-4,3.416,0.0118402576253,1.8167775257
ve_re1_n128_dt1e-4,3.424,0.0118375030524,1.81965325527
ve_re1_n128_dt1e-4,3.432,0.0118347653576,1.8225128287
ve_re1_n128_dt1e-4,3.44,0.0118320443827,1.82535628629
ve_re1_n128_dt1e-4,3.448,0.0118293399728,1.82818367277
ve_re1_n128_dt1e-4,3.456,0.0118266519731,1.8309950478
ve_re1_n128_dt1e-4,3.464,0.0118239802369,1.83379047016
ve_re1_n128_dt1e-4,3.472,0.0118213246266,1.83657000075
ve_re1_n128_dt1e-4,3.48,0.0118186850065,1.8393336945
ve_re1_n128_dt1e-4,3.488,0.0118160612413,1.84208160783
ve_re1_n128_dt1e-4,3.496,0.0118134531982,1.84481380025
ve_re1_n128_dt1e-4,3.504,0.011810860742,1.84753033573
ve_re1_n128_dt1e-4,3.512,0.0118082837397,1.85023127333
ve_re1_n128_dt1e-4,3.52,0.0118057220692,1.85291666533
ve_re1_n128_dt1e-4,3.528,0.011803175613,1.85558650781
ve_re1_n128_dt1e-4,3.536,0.0118006442491,1.85824082353
ve_re1_n128_dt1e-4,3.544,0.0117981278537,1.86087966435
ve_re1_n128_dt1e-4,3.552,0.0117956263041,1.86350309346
ve_re1_n128_dt1e-4,3.56,0.0117931394834,1.8661111711
ve_re1_n128_dt1e-4,3.568,0.0117906672877,1.86870395244
ve_re1_n128_dt1e-4,3.576,0.0117882096104,1.87128150137
ve_re1_n128_dt1e-4,3.584,0.0117857663384,1.87384388231
ve_re1_n128_dt1e-4,3.592,0.0117833373719,1.87639115502
ve_re1_n128_dt1e-4,3.6,0.0117809226174,1.87892338392
ve_re1_n128_dt1e-4,3.608,0.0117785219797,1.88144063386
ve_re1_n128_dt1e-4,3.616,0.011776135362,1.88394297047
ve_re1_n128_dt1e-4,3.624,0.0117737626714,1.88643045566
ve_re1_n128_dt1e-4,3.632,0.0117714038124,1.88890311563
ve_re1_n128_dt1e-4,3.64,0.0117690586938,1.89136097343
ve_re1_n128_dt1e-4,3.648,0.011766727218,1.89380409729
ve_re1_n128_dt1e-4,3.656,0.0117644092772,1.89623255536
ve_re1_n128_dt1e-4,3.664,0.0117621047492,1.89864641805
ve_re1_n128_dt1e-4,3.672,0.0117598135295,1.9010457494
ve_re1_n128_dt1e-4,3.68,0.0117575355263,1.90343059876
ve_re1_n128_dt1e-4,3.688,0.0117552706481,1.90580103158
ve_re1_n128_dt1e-4,3.696,0.0117530188083,1.90815711979
ve_re1_n128_dt1e-4,3.704,0.0117507799217,1.91049893527
ve_re1_n128_dt1e-4,3.712,0.0117485539004,1.91282654856
ve_re1_n128_dt1e-4,3.72,0.0117463406619,1.91514002912
ve_re1_n128_dt1e-4,3.728,0.0117441401231,1.91743945047
ve_re1_n128_dt1e-4,3.736,0.0117419522016,1.91972488621
ve_re1_n128_dt1e-4,3.744,0.0117397768209,1.9219963934
ve_re1_n128_dt1e-4,3.752,0.0117376139232,1.92425398037
ve_re1_n128_dt1e-4,3.76,0.0117354634438,1.9264977127
ve_re1_n128_dt1e-4,3.768,0.0117333253076,1.9287276608
ve_re1_n128_dt1e-4,3.776,0.0117311994361,1.93094388285
ve_re1_n128_dt1e-4,3.784,0.0117290857479,1.93314644805
ve_re1_n128_dt1e-4,3.792,0.0117269841656,1.9353354303
ve_re1_n128_dt1e-4,3.8,0.0117248946136,1.93751090265
ve_re1_n128_dt1e-4,3.808,0.0117228170188,1.9396729386
ve_re1_n128_dt1e-4,3.816,0.0117207513135,1.94182160931
ve_re1_n128_dt1e-4,3.824,0.0117186974318,1.94395698991
ve_re1_n128_dt1e-4,3.832,0.0117166553071,1.94607915439
ve_re1_n128_dt1e-4,3.84,0.0117146248718,1.9481881756
ve_re1_n128_dt1e-4,3.848,0.0117126060573,1.950284127
ve_re1_n128_dt1e-4,3.856,0.0117105987933,1.95236708472
ve_re1_n128_dt1e-4,3.864,0.0117086030008,1.95443712356
ve_re1_n128_dt1e-4,3.872,0.0117066186054,1.95649427034
ve_re1_n128_dt1e-4,3.88,0.0117046455389,1.95853856389
ve_re1_n128_dt1e-4,3.888,0.0117026837346,1.96057007793
ve_re1_n128_dt1e-4,3.896,0.0117007331251,1.96258888678
ve_re1_n128_dt1e-4,3.904,0.0116987936454,1.96459506128
ve_re1_n128_dt1e-4,3.912,0.0116968652297,1.96658867025
ve_re1_n128_dt1e-4,3.92,0.0116949478101,1.96856978575
ve_re1_n128_dt1e-4,3.928,0.0116930413165,1.97053848163
ve_re1_n128_dt1e-4,3.936,0.0116911456812,1.97249482825
ve_re1_n128_dt1e-4,3.944,0.0116892608384,1.97443889469
ve_re1_n128_dt1e-4,3.952,0.0116873867261,1.97637075562
ve_re1_n128_dt1e-4,3.96,0.0116855232825,1.97829048478
ve_re1_n128_dt1e-4,3.968,0.0116836704446,1.98019815823
ve_re1_n128_dt1e-4,3.976,0.0116818281478,1.98209385327
ve_re1_n128_dt1e-4,3.984,0.0116799963264,1.98397764593
ve_re1_n128_dt1e-4,3.992,0.0116781749274,1.98584959159
ve_re1_n128_dt1e-4,4,0.0116763638978,1.98770973658
ve_re1_n128_dt1e-4,4.008,0.011674563185,1.98955808473
ve_re1_n128_dt1e-4,4.016,0.0116727727371,1.99139468818
ve_re1_n128_dt1e-4,4.024,0.0116709924991,1.99321962001
ve_re1_n128_dt1e-4,4.032,0.0116692224086,1.99503295356
ve_re1_n128_dt1e-4,4.04,0.0116674623968,1.99683475989
ve_re1_n128_dt1e-4,4.048,0.0116657123934,1.99862510866
ve_re1_n128_dt1e-4,4.056,0.0116639723281,2.00040405604
ve_re1_n128_dt1e-4,4.064,0.0116622421285,2.00217165354
ve_re1_n128_dt1e-4,4.072,0.0116605217245,2.00392796981
ve_re1_n128_dt1e-4,4.08,0.0116588110491,2.00567307579
ve_re1_n128_dt1e-4,4.088,0.0116571100354,2.00740704324
ve_re1_n128_dt1e-4,4.096,0.0116554186148,2.00912994224
ve_re1_n128_dt1e-4,4.104,0.0116537367165,2.01084184635
ve_re1_n128_dt1e-4,4.112,0.0116520642677,2.01254282961
ve_re1_n128_dt1e-4,4.12,0.011650401197,2.01423296793
ve_re1_n128_dt1e-4,4.128,0.011648747442,2.01591232875
ve_re1_n128_dt1e-4,4.136,0.011647102937,2.01758097642
ve_re1_n128_dt1e-4,4.144,0.011645467617,2.01923897783
ve_re1_n128_dt1e-4,4.152,0.0116438414184,2.02088636677
ve_re1_n128_dt1e-4,4.16,0.0116422242839,2.02252317268
ve_re1_n128_dt1e-4,4.168,0.0116406161573,2.02414948199
ve_re1_n128_dt1e-4,4.176,0.0116390169838,2.02576536599
ve_re1_n128_dt1e-4,4.184,0.0116374267054,2.02737088822
ve_re1_n128_dt1e-4,4.192,0.0116358452608,2.02896611735
ve_re1_n128_dt1e-4,4.2,0.0116342725899,2.03055112913
ve_re1_n128_dt1e-4,4.208,0.0116327086344,2.03212600034
ve_re1_n128_dt1e-4,4.216,0.011631153337,2.03369080989
ve_re1_n128_dt1e-4,4.224,0.0116296066359,2.03524562346
ve_re1_n128_dt1e-4,4.232,0.0116280684734,2.03679051367
ve_re1_n128_dt1e-4,4.24,0.0116265387925,2.03832555062
ve_re1_n128_dt1e-4,4.248,0.0116250175334,2.03985080292
ve_re1_n128_dt1e-4,4.256,0.0116235046356,2.04136633772
ve_re1_n128_dt1e-4,4.264,0.0116220000387,2.04287222279
ve_re1_n128_dt1e-4,4.272,0.011620503685,2.04436852567
ve_re1_n128_dt1e-4,4.28,0.0116190155162,2.04585531115
ve_re1_n128_dt1e-4,4.288,0.011617535473,2.04733263788
ve_re1_n128_dt1e-4,4.296,0.0116160634964,2.04880057044
ve_re1_n128_dt1e-4,4.304,0.0116145995287,2.0502591736
ve_re1_n128_dt1e-4,4.312,0.0116131435108,2.05170849752
ve_re1_n128_dt1e-4,4.32,0.0116116953881,2.05314855351
ve_re1_n128_dt1e-4,4.328,0.0116102551115,2.05457940685
ve_re1_n128_dt1e-4,4.336,0.0116088226321,2.05600111221
ve_re1_n128_dt1e-4,4.344,0.0116073979002,2.05741372695
ve_re1_n128_dt1e-4,4.352,0.0116059808655,2.05881731603
ve_re1_n128_dt1e-4,4.36,0.0116045714761,2.06021194625
ve_re1_n128_dt1e-4,4.368,0.0116031696762,2.06159768397
ve_re1_n128_dt1e-4,4.376,0.011601775409,2.0629745947
ve_re1_n128_dt1e-4,4.384,0.0116003886169,2.06434274363
ve_re1_n128_dt1e-4,4.392,0.0115990092411,2.06570219563
ve_re1_n128_dt1e-4,4.4,0.0115976372219,2.0670530117
ve_re1_n128_dt1e-4,4.408,0.0115962725008,2.06839524812
ve_re1_n128_dt1e-4,4.416,0.0115949150186,2.0697289652
ve_re1_n128_dt1e-4,4.424,0.0115935647148,2.07105422362
ve_re1_n128_dt1e-4,4.432,0.0115922215297,2.07237108444
ve_re1_n128_dt1e-4,4.44,0.0115908854042,2.07367960886
ve_re1_n128_dt1e-4,4.448,0.0115895562799,2.0749798565
ve_re1_n128_dt1e-4,4.456,0.0115882340984,2.0762718853
ve_re1_n128_dt1e-4,4.464,0.0115869188022,2.07755575301
ve_re1_n128_dt1e-4,4.472,0.0115856103359,2.07883151601
ve_re1_n128_dt1e-4,4.48,0.0115843086482,2.08009923252
ve_re1_n128_dt1e-4,4.488,0.0115830136978,2.08135896088
ve_re1_n128_dt1e-4,4.496,0.0115817254402,2.082610737
ve_re1_n128_dt1e-4,4.504,0.0115804438349,2.08385460849
ve_re1_n128_dt1e-4,4.512,0.011579168837,2.08509063505
ve_re1_n128_dt1e-4,4.52,0.0115779003957,2.08631887505
ve_re1_n128_dt1e-4,4.528,0.0115766384595,2.08753938541
ve_re1_n128_dt1e-4,4.536,0.0115753829771,2.08875222413
ve_re1_n128_dt1e-4,4.544,0.0115741338957,2.08995744786
ve_re1_n128_dt1e-4,4.552,0.0115728911629,2.09115510891
ve_re1_n128_dt1e-4,4.56,0.0115716547262,2.09234525742
ve_re1_n128_dt1e-4,4.568,0.0115704245339,2.09352794834
ve_re1_n128_dt1e-4,4.576,0.0115692005345,2.09470323702
ve_re1_n128_dt1e-4,4.584,0.0115679826775,2.09587117815
ve_re1_n128_dt1e-4,4.592,0.0115667709096,2.09703182662
ve_re1_n128_dt1e-4,4.6,0.0115655651776,2.09818523673
ve_re1_n128_dt1e-4,4.608,0.0115643654286,2.09933146125
ve_re1_n128_dt1e-4,4.616,0.0115631716108,2.10047055203
ve_re1_n128_dt1e-4,4.624,0.0115619836718,2.10160256202
ve_re1_n128_dt1e-4,4.632,0.011560801559,2.10272754294
ve_re1_n128_dt1e-4,4.64,0.0115596252182,2.10384554418
ve_re1_n128_dt1e-4,4.648,0.0115584545918,2.10495661653
ve_re1_n128_dt1e-4,4.656,0.0115572896228,2.10606081035
ve_re1_n128_dt1e-4,4.664,0.011556130255,2.10715817552
ve_re1_n128_dt1e-4,4.672,0.0115549764347,2.10824876092
ve_re1_n128_dt1e-4,4.68,0.0115538281118,2.10933261354
ve_re1_n128_dt1e-4,4.688,0.0115526852409,2.11040977546
ve_re1_n128_dt1e-4,4.696,0.0115515477799,2.11148024652
ve_re1_n128_dt1e-4,4.704,0.0115504156912,2.11254406439
ve_re1_n128_dt1e-4,4.712,0.0115492889378,2.11360127834
ve_re1_n128_dt1e-4,4.72,0.0115481674806,2.11465193663
ve_re1_n128_dt1e-4,4.728,0.0115470512777,2.11569608832
ve_re1_n128_dt1e-4,4.736,0.0115459402873,2.11673378168
ve_re1_n128_dt1e-4,4.744,0.011544834471,2.11776506456
ve_re1_n128_dt1e-4,4.752,0.011543733797,2.11878998393
ve_re1_n128_dt1e-4,4.76,0.0115426382252,2.11980858556
ve_re1_n128_dt1e-4,4.768,0.0115415477115,2.12082091396
ve_re1_n128_dt1e-4,4.776,0.0115404622107,2.12182701495
ve_re1_n128_dt1e-4,4.784,0.011539381676,2.12282693423
ve_re1_n128_dt1e-4,4.792,0.0115383060593,2.12382071661
ve_re1_n128_dt1e-4,4.8,0.0115372353131,2.1248084067
ve_re1_n128_dt1e-4,4.808,0.011536169391,2.12579004798
ve_re1_n128_dt1e-4,4.816,0.0115351082506,2.12676568061
ve_re1_n128_dt1e-4,4.824,0.0115340518523,2.12773534548
ve_re1_n128_dt1e-4,4.832,0.0115330001565,2.12869908443
ve_re1_n128_dt1e-4,4.84,0.011531953125,2.12965693909
ve_re1_n128_dt1e-4,4.848,0.0115309107203,2.13060895082
ve_re1_n128_dt1e-4,4.856,0.0115298729063,2.13155515905
ve_re1_n128_dt1e-4,4.864,0.0115288396491,2.13249560346
ve_re1_n128_dt1e-4,4.872,0.0115278109129,2.13343032506
ve_re1_n128_dt1e-4,4.88,0.011526786661,2.13435936369
ve_re1_n128_dt1e-4,4.888,0.0115257668584,2.13528275896
ve_re1_n128_dt1e-4,4.896,0.0115247514697,2.13620054993
ve_re1_n128_dt1e-4,4.904,0.0115237404605,2.13711277505
ve_re1_n128_dt1e-4,4.912,0.0115227337986,2.13801944354
ve_re1_n128_dt1e-4,4.92,0.0115217314572,2.13892056542
ve_re1_n128_dt1e-4,4.928,0.0115207334102,2.13981618079
ve_re1_n128_dt1e-4,4.936,0.0115197396282,2.14070632985
ve_re1_n128_dt1e-4,4.944,0.0115187500794,2.14159105223
ve_re1_n128_dt1e-4,4.952,0.0115177647322,2.14247038797
ve_re1_n128_dt1e-4,4.96,0.0115167835577,2.14334437699
ve_re1_n128_dt1e-4,4.968,0.0115158065274,2.14421305713
ve_re1_n128_dt1e-4,4.976,0.0115148336126,2.14507646639
ve_re1_n128_dt1e-4,4.984,0.0115138647846,2.14593464321
ve_re1_n128_dt1e-4,4.992,0.0115129000145,2.14678762491
ve_re1_n128_dt1e-4,5,0.0115119392739,2.14763544871
ve_re1_n128_dt1e-4,5.008,0.0115109825338,2.14847815069
ve_re1_n128_dt1e-4,5.016,0.0115100297633,2.14931576511
ve_re1_n128_dt1e-4,5.024,0.0115090809312,2.15014832892
ve_re1_n128_dt1e-4,5.032,0.0115081360054,2.15097587947
ve_re1_n128_dt1e-4,5.04,0.0115071949558,2.15179845322
ve_re1_n128_dt1e-4,5.048,0.0115062577557,2.15261608614
ve_re1_n128_dt1e-4,5.056,0.0115053243774,2.15342881436
ve_re1_n128_dt1e-4,5.064,0.0115043947922,2.15423667306
ve_re1_n128_dt1e-4,5.072,0.0115034689731,2.15503969609
ve_re1_n128_dt1e-4,5.08,0.0115025468921,2.15583791789
ve_re1_n128_dt1e-4,5.088,0.011501628521,2.15663137355
ve_re1_n128_dt1e-4,5.096,0.0115007138321,2.1574200971
ve_re1_n128_dt1e-4,5.104,0.0114998027975,2.15820412336
ve_re1_n128_dt1e-4,5.112,0.0114988953901,2.15898348647
ve_re1_n128_dt1e-4,5.12,0.0114979915838,2.15975822062
ve_re1_n128_dt1e-4,5.128,0.0114970913542,2.16052836017
ve_re1_n128_dt1e-4,5.136,0.011496194678,2.16129394033
ve_re1_n128_dt1e-4,5.144,0.0114953015333,2.16205499481
ve_re1_n128_dt1e-4,5.152,0.0114944119005,2.16281153238
ve_re1_n128_dt1e-4,5.16,0.0114935257611,2.16356339707
ve_re1_n128_dt1e-4,5.168,0.0114926430956,2.16431057523
ve_re1_n128_dt1e-4,5.176,0.011491763887,2.16505309414
ve_re1_n128_dt1e-4,5.184,0.0114908881198,2.16579098123
ve_re1_n128_dt1e-4,5.192,0.0114900157787,2.16652426397
ve_re1_n128_dt1e-4,5.2,0.0114891468486,2.16725297003
ve_re1_n128_dt1e-4,5.208,0.0114882813133,2.16797712596
ve_re1_n128_dt1e-4,5.216,0.0114874191555,2.16869675914
ve_re1_n128_dt1e-4,5.224,0.0114865603595,2.16941189746
ve_re1_n128_dt1e-4,5.232,0.0114857049099,2.17012256905
ve_re1_n128_dt1e-4,5.24,0.011484852791,2.17082880193
ve_re1_n128_dt1e-4,5.248,0.0114840039855,2.17153062423
ve_re1_n128_dt1e-4,5.256,0.0114831584752,2.1722280636
ve_re1_n128_dt1e-4,5.264,0.0114823162424,2.17292114755
ve_re1_n128_dt1e-4,5.272,0.0114814772686,2.17360990501
ve_re1_n128_dt1e-4,5.28,0.0114806415351,2.17429436412
ve_re1_n128_dt1e-4,5.288,0.0114798090228,2.17497455235
ve_re1_n128_dt1e-4,5.296,0.0114789797134,2.17565049593
ve_re1_n128_dt1e-4,5.304,0.0114781535905,2.17632222117
ve_re1_n128_dt1e-4,5.312,0.0114773306429,2.17698975283
ve_re1_n128_dt1e-4,5.32,0.0114765108632,2.17765311598
ve_re1_n128_dt1e-4,5.328,0.0114756942416,2.17831233588
ve_re1_n128_dt1e-4,5.336,0.0114748807681,2.17896743858
ve_re1_n128_dt1e-4,5.344,0.0114740704336,2.17961845025
ve_re1_n128_dt1e-4,5.352,0.0114732632297,2.18026539717
ve_re1_n128_dt1e-4,5.36,0.0114724591488,2.18090830515
ve_re1_n128_dt1e-4,5.368,0.0114716581834,2.18154720054
ve_re1_n128_dt1e-4,5.376,0.0114708603261,2.18218210938
ve_re1_n128_dt1e-4,5.384,0.0114700655698,2.18281305762
ve_re1_n128_dt1e-4,5.392,0.0114692739078,2.18344007107
ve_re1_n128_dt1e-4,5.4,0.0114684853331,2.18406317591
ve_re1_n128_dt1e-4,5.408,0.0114676998374,2.18468239788
ve_re1_n128_dt1e-4,5.416,0.0114669174121,2.18529776236
ve_re1_n128_dt1e-4,5.424,0.0114661380473,2.18590929493
ve_re1_n128_dt1e-4,5.432,0.0114653617327,2.18651702051
ve_re1_n128_dt1e-4,5.44,0.011464588461,2.18712093645
ve_re1_n128_dt1e-4,5.448,0.0114638182275,2.18772105237
ve_re1_n128_dt1e-4,5.456,0.0114630510259,2.18831739466
ve_re1_n128_dt1e-4,5.464,0.0114622868487,2.18890998878
ve_re1_n128_dt1e-4,5.472,0.0114615256885,2.18949885915
ve_re1_n128_dt1e-4,5.48,0.0114607675387,2.19008402988
ve_re1_n128_dt1e-4,5.488,0.0114600123925,2.190665526
ve_re1_n128_dt1e-4,5.496,0.0114592602436,2.1912433715
ve_re1_n128_dt1e-4,5.504,0.0114585110859,2.1918175897
ve_re1_n128_dt1e-4,5.512,0.0114577649135,2.19238820446
ve_re1_n128_dt1e-4,5.52,0.0114570217215,2.19295523835
ve_re1_n128_dt1e-4,5.528,0.0114562815038,2.19351871461
ve_re1_n128_dt1e-4,5.536,0.0114555442503,2.19407865685
ve_re1_n128_dt1e-4,5.544,0.0114548099492,2.19463508765
ve_re1_n128_dt1e-4,5.552,0.0114540785886,2.19518803023
ve_re1_n128_dt1e-4,5.56,0.0114533501567,2.19573750861
ve_re1_n128_dt1e-4,5.568,0.0114526246396,2.19628354622
ve_re1_n128_dt1e-4,5.576,0.0114519020255,2.1968261666
ve_re1_n128_dt1e-4,5.584,0.0114511823027,2.19736539335
ve_re1_n128_dt1e-4,5.592,0.0114504654607,2.19790125037
ve_re1_n128_dt1e-4,5.6,0.0114497514921,2.19843376157
ve_re1_n128_dt1e-4,5.608,0.0114490403889,2.19896294961
ve_re1_n128_dt1e-4,5.616,0.0114483321438,2.19948883784
ve_re1_n128_dt1e-4,5.624,0.0114476267493,2.20001145069
ve_re1_n128_dt1e-4,5.632,0.011446924197,2.2005308127
ve_re1_n128_dt1e-4,5.64,0.0114462244792,2.20104694795
ve_re1_n128_dt1e-4,5.648,0.0114455275885,2.2015598803
ve_re1_n128_dt1e-4,5.656,0.0114448335185,2.20206963454
ve_re1_n128_dt1e-4,5.664,0.0114441422648,2.2025762355
ve_re1_n128_dt1e-4,5.672,0.0114434538234,2.20307970871
ve_re1_n128_dt1e-4,5.68,0.0114427681911,2.20358007891
ve_re1_n128_dt1e-4,5.688,0.0114420853656,2.20407737029
ve_re1_n128_dt1e-4,5.696,0.0114414053453,2.2045716074
ve_re1_n128_dt1e-4,5.704,0.0114407281284,2.20506281521
ve_re1_n128_dt1e-4,5.712,0.0114400537128,2.20555101821
ve_re1_n128_dt1e-4,5.72,0.0114393820957,2.20603624141
ve_re1_n128_dt1e-4,5.728,0.0114387132744,2.20651850842
ve_re1_n128_dt1e-4,5.736,0.0114380472486,2.20699784245
ve_re1_n128_dt1e-4,5.744,0.0114373840155,2.20747426765
ve_re1_n128_dt1e-4,5.752,0.011436723571,2.20794780839
ve_re1_n128_dt1e-4,5.76,0.0114360659097,2.20841848973
ve_re1_n128_dt1e-4,5.768,0.0114354110253,2.20888633664
ve_re1_n128_dt1e-4,5.776,0.0114347589125,2.20935135472
ve_re1_n128_dt1e-4,5.784,0.0114341095695,2.2098135545
ve_re1_n128_dt1e-4,5.792,0.0114334629909,2.21027296234
ve_re1_n128_dt1e-4,5.8,0.0114328191689,2.21072960417
ve_re1_n128_dt1e-4,5.808,0.0114321780936,2.21118350532
ve_re1_n128_dt1e-4,5.816,0.0114315397547,2.21163469185
ve_re1_n128_dt1e-4,5.824,0.0114309041418,2.21208318935
ve_re1_n128_dt1e-4,5.832,0.0114302712448,2.2125290227
ve_re1_n128_dt1e-4,5.84,0.0114296410514,2.2129722172
ve_re1_n128_dt1e-4,5.848,0.0114290135492,2.21341279882
ve_re1_n128_dt1e-4,5.856,0.0114283887249,2.21385079285
ve_re1_n128_dt1e-4,5.864,0.0114277665662,2.21428622499
ve_re1_n128_dt1e-4,5.872,0.0114271470593,2.21471912106
ve_re1_n128_dt1e-4,5.88,0.0114265301889,2.21514950631
ve_re1_n128_dt1e-4,5.888,0.0114259159393,2.21557740615
ve_re1_n128_dt1e-4,5.896,0.0114253042934,2.2160028458
ve_re1_n128_dt1e-4,5.904,0.0114246952347,2.2164258499
ve_re1_n128_dt1e-4,5.912,0.011424088747,2.21684644365
ve_re1_n128_dt1e-4,5.92,0.0114234848132,2.21726465197
ve_re1_n128_dt1e-4,5.928,0.0114228834155,2.21768050002
ve_re1_n128_dt1e-4,5.936,0.0114222845354,2.2180940126
ve_re1_n128_dt1e-4,5.944,0.0114216881538,2.21850521457
ve_re1_n128_dt1e-4,5.952,0.0114210942517,2.21891413081
ve_re1_n128_dt1e-4,5.96,0.0114205028101,2.21932078637
ve_re1_n128_dt1e-4,5.968,0.0114199138128,2.21972520544
ve_re1_n128_dt1e-4,5.976,0.0114193272428,2.22012741114
ve_re1_n128_dt1e-4,5.984,0.0114187430813,2.22052742744
ve_re1_n128_dt1e-4,5.992,0.0114181613098,2.22092527835
ve_re1_n128_dt1e-4,6,0.0114175819088,2.22132098761
ve_re1_n128_dt1e-4,6.008,0.0114170048584,2.22171457859
ve_re1_n128_dt1e-4,6.016,0.0114164301383,2.22210607445
ve_re1_n128_dt1e-4,6.024,0.0114158577274,2.22249549787
ve_re1_n128_dt1e-4,6.032,0.0114152876034,2.22288287116
ve_re1_n128_dt1e-4,6.04,0.0114147197433,2.22326821643
ve_re1_n128_dt1e-4,6.048,0.0114141541237,2.2236515553
ve_re1_n128_dt1e-4,6.056,0.0114135907209,2.22403290889
ve_re1_n128_dt1e-4,6.064,0.0114130295129,2.22441229786
ve_re1_n128_dt1e-4,6.072,0.0114124704765,2.22478974275
ve_re1_n128_dt1e-4,6.08,0.0114119135873,2.22516526344
ve_re1_n128_dt1e-4,6.088,0.0114113588202,2.22553887971
ve_re1_n128_dt1e-4,6.096,0.0114108061503,2.22591061025
ve_re1_n128_dt1e-4,6.104,0.0114102555537,2.22628047373
ve_re1_n128_dt1e-4,6.112,0.0114097070065,2.22664848827
ve_re1_n128_dt1e-4,6.12,0.0114091604836,2.22701467184
ve_re1_n128_dt1e-4,6.128,0.0114086159595,2.22737904222
ve_re1_n128_dt1e-4,6.136,0.0114080734085,2.22774161682
ve_re1_n128_dt1e-4,6.144,0.0114075328059,2.22810241225
ve_re1_n128_dt1e-4,6.152,0.0114069941277,2.22846144441
ve_re1_n128_dt1e-4,6.16,0.0114064573503,2.22881872936
ve_re1_n128_dt1e-4,6.168,0.0114059224501,2.22917428265
ve_re1_n128_dt1e-4,6.176,0.0114053894031,2.22952811935
ve_re1_n128_dt1e-4,6.184,0.011404858186,2.22988025436
ve_re1_n128_dt1e-4,6.192,0.0114043287749,2.23023070295
ve_re1_n128_dt1e-4,6.2,0.0114038011457,2.23057947909
ve_re1_n128_dt1e-4,6.208,0.0114032752764,2.23092658228
ve_re1_n128_dt1e-4,6.216,0.0114027511472,2.2312720154
ve_re1_n128_dt1e-4,6.224,0.0114022287381,2.23161579249
ve_re1_n128_dt1e-4,6.232,0.0114017080284,2.23195792717
ve_re1_n128_dt1e-4,6.24,0.0114011889966,2.2322984327
ve_re1_n128_dt1e-4,6.248,0.0114006716236,2.23263732206
ve_re1_n128_dt1e-4,6.256,0.0114001558948,2.23297460696
ve_re1_n128_dt1e-4,6.264,0.0113996417932,2.23331029895
ve_re1_n128_dt1e-4,6.272,0.011399129302,2.23364440951
ve_re1_n128_dt1e-4,6.28,0.0113986184042,2.23397694978
ve_re1_n128_dt1e-4,6.288,0.0113981090829,2.23430793094
ve_re1_n128_dt1e-4,6.296,0.0113976013204,2.23463736418
ve_re1_n128_dt1e-4,6.304,0.0113970950985,2.2349652604
ve_re1_n128_dt1e-4,6.312,0.0113965904009,2.23529163032
ve_re1_n128_dt1e-4,6.32,0.0113960872123,2.23561648493
ve_re1_n128_dt1e-4,6.328,0.0113955855185,2.23593983468
ve_re1_n128_dt1e-4,6.336,0.0113950853056,2.2362616897
ve_re1_n128_dt1e-4,6.344,0.0113945865596,2.23658206027
ve_re1_n128_dt1e-4,6.352,0.0113940892672,2.23690095671
ve_re1_n128_dt1e-4,6.36,0.011393593416,2.23721838899
ve_re1_n128_dt1e-4,6.368,0.011393098994,2.23753436689
ve_re1_n128_dt1e-4,6.376,0.0113926059876,2.23784890012
ve_re1_n128_dt1e-4,6.384,0.0113921143841,2.23816199821
ve_re1_n128_dt1e-4,6.392,0.0113916241722,2.2384736703
ve_re1_n128_dt1e-4,6.4,0.0113911353417,2.2387839253
ve_re1_n128_dt1e-4,6.408,0.0113906478823,2.23909277245
ve_re1_n128_dt1e-4,6.416,0.0113901617847,2.23940022055
ve_re1_n128_dt1e-4,6.424,0.0113896770396,2.23970627799
ve_re1_n128_dt1e-4,6.432,0.0113891936371,2.24001095305
ve_re1_n128_dt1e-4,6.44,0.0113887115666,2.24031425372
ve_re1_n128_dt1e-4,6.448,0.0113882308187,2.24061618741
ve_re1_n128_dt1e-4,6.456,0.0113877513833,2.24091676151
ve_re1_n128_dt1e-4,6.464,0.0113872732516,2.24121598299
ve_re1_n128_dt1e-4,6.472,0.0113867964159,2.24151385885
ve_re1_n128_dt1e-4,6.48,0.0113863208692,2.24181039615
ve_re1_n128_dt1e-4,6.488,0.0113858466042,2.24210560194
ve_re1_n128_dt1e-4,6.496,0.0113853736145,2.24239948274
ve_re1_n128_dt1e-4,6.504,0.0113849018943,2.24269204474
ve_re1_n128_dt1e-4,6.512,0.0113844314375,2.24298329432
ve_re1_n128_dt1e-4,6.52,0.0113839622394,2.2432732381
ve_re1_n128_dt1e-4,6.528,0.0113834942955,2.24356188258
ve_re1_n128_dt1e-4,6.536,0.0113830276017,2.24384923367
ve_re1_n128_dt1e-4,6.544,0.0113825621543,2.24413529742
ve_re1_n128_dt1e-4,6.552,0.0113820979512,2.24442007972
ve_re1_n128_dt1e-4,6.56,0.011381634992,2.2447035863
ve_re1_n128_dt1e-4,6.568,0.0113811732749,2.24498582284
ve_re1_n128_dt1e-4,6.576,0.0113807127989,2.24526679508
ve_re1_n128_dt1e-4,6.584,0.0113802535644,2.24554650862
ve_re1_n128_dt1e-4,6.592,0.0113797955712,2.24582496874
ve_re1_n128_dt1e-4,6.6,0.0113793388183,2.24610218094
ve_re1_n128_dt1e-4,6.608,0.0113788833061,2.24637815091
ve_re1_n128_dt1e-4,6.616,0.0113784290354,2.24665288411
ve_re1_n128_dt1e-4,6.624,0.0113779760073,2.24692638588
ve_re1_n128_dt1e-4,6.632,0.0113775242253,2.24719866184
ve_re1_n128_dt1e-4,6.64,0.0113770736926,2.24746971772
ve_re1_n128_dt1e-4,6.648,0.0113766244105,2.24773955933
ve_re1_n128_dt1e-4,6.656,0.01137617638,2.24800819243
ve_re1_n128_dt1e-4,6.664,0.0113757296023,2.24827562288
ve_re1_n128_dt1e-4,6.672,0.0113752840791,2.24854185658
ve_re1_n128_dt1e-4,6.68,0.0113748398126,2.24880689898
ve_re1_n128_dt1e-4,6.688,0.0113743968044,2.24907075555
ve_re1_n128_dt1e-4,6.696,0.0113739550556,2.24933343206
ve_re1_n128_dt1e-4,6.704,0.0113735145666,2.24959493449
ve_re1_n128_dt1e-4,6.712,0.0113730753382,2.2498552689
ve_re1_n128_dt1e-4,6.72,0.0113726373713,2.25011444146
ve_re1_n128_dt1e-4,6.728,0.0113722006672,2.2503724585
ve_re1_n128_dt1e-4,6.736,0.011371765228,2.25062932639
ve_re1_n128_dt1e-4,6.744,0.011371331056,2.25088505146
ve_re1_n128_dt1e-4,6.752,0.0113708981556,2.25113964025
ve_re1_n128_dt1e-4,6.76,0.011370466531,2.25139309961
ve_re1_n128_dt1e-4,6.768,0.0113700361855,2.25164543648
ve_re1_n128_dt1e-4,6.776,0.0113696071226,2.25189665798
ve_re1_n128_dt1e-4,6.784,0.0113691793459,2.25214677147
ve_re1_n128_dt1e-4,6.792,0.011368752859,2.25239578444
ve_re1_n128_dt1e-4,6.8,0.0113683276667,2.25264370443
ve_re1_n128_dt1e-4,6.808,0.0113679037729,2.25289053898
ve_re1_n128_dt1e-4,6.816,0.011367481181,2.25313629557
ve_re1_n128_dt1e-4,6.824,0.0113670598941,2.25338097917
ve_re1_n128_dt1e-4,6.832,0.0113666399154,2.25362458775
ve_re1_n128_dt1e-4,6.84,0.0113662212474,2.25386712896
ve_re1_n128_dt1e-4,6.848,0.0113658038916,2.25410861147
ve_re1_n128_dt1e-4,6.856,0.0113653878495,2.25434904386
ve_re1_n128_dt1e-4,6.864,0.0113649731218,2.25458843476
ve_re1_n128_dt1e-4,6.872,0.0113645597086,2.25482679282
ve_re1_n128_dt1e-4,6.88,0.0113641476089,2.25506412672
ve_re1_n128_dt1e-4,6.888,0.0113637368217,2.2553004451
ve_re1_n128_dt1e-4,6.896,0.0113633273457,2.25553575625
ve_re1_n128_dt1e-4,6.904,0.0113629191781,2.25577006846
ve_re1_n128_dt1e-4,6.912,0.0113625123149,2.25600339018
ve_re1_n128_dt1e-4,6.92,0.0113621067514,2.25623572934
ve_re1_n128_dt1e-4,6.928,0.011361702484,2.25646709423
ve_re1_n128_dt1e-4,6.936,0.0113612995088,2.25669749293
ve_re1_n128_dt1e-4,6.944,0.0113608978213,2.25692693309
ve_re1_n128_dt1e-4,6.952,0.0113604974162,2.25715542271
ve_re1_n128_dt1e-4,6.96,0.0113600982883,2.25738296975
ve_re1_n128_dt1e-4,6.968,0.0113597004322,2.25760958214
ve_re1_n128_dt1e-4,6.976,0.0113593038439,2.25783526765
ve_re1_n128_dt1e-4,6.984,0.0113589085189,2.25806003401
ve_re1_n128_dt1e-4,6.992,0.0113585144509,2.25828388877
ve_re1_n128_dt1e-4,7,0.0113581216335,2.25850683974
ve_re1_n128_dt1e-4,7.008,0.0113577300607,2.25872889432
ve_re1_n128_dt1e-4,7.016,0.0113573397263,2.25895005959
ve_re1_n128_dt1e-4,7.024,0.0113569506235,2.25917034238
ve_re1_n128_dt1e-4,7.032,0.0113565627449,2.25938974937
ve_re1_n128_dt1e-4,7.04,0.0113561760836,2.25960828709
ve_re1_n128_dt1e-4,7.048,0.0113557906326,2.25982596193
ve_re1_n128_dt1e-4,7.056,0.0113554063843,2.26004278023
ve_re1_n128_dt1e-4,7.064,0.0113550233313,2.260258748
ve_re1_n128_dt1e-4,7.072,0.011354641467,2.26047387106
ve_re1_n128_dt1e-4,7.08,0.011354260787,2.2606881549
ve_re1_n128_dt1e-4,7.088,0.0113538812841,2.26090160479
ve_re1_n128_dt1e-4,7.096,0.0113535029509,2.26111422593
ve_re1_n128_dt1e-4,7.104,0.0113531257798,2.26132602324
ve_re1_n128_dt1e-4,7.112,0.0113527497634,2.26153700134
ve_re1_n128_dt1e-4,7.12,0.0113523748946,2.26174716473
ve_re1_n128_dt1e-4,7.128,0.0113520011669,2.26195651758
ve_re1_n128_dt1e-4,7.136,0.0113516285746,2.26216506362
ve_re1_n128_dt1e-4,7.144,0.0113512571124,2.26237280668
ve_re1_n128_dt1e-4,7.152,0.0113508867748,2.26257975058
ve_re1_n128_dt1e-4,7.16,0.0113505175563,2.26278589892
ve_re1_n128_dt1e-4,7.168,0.0113501494518,2.26299125519
ve_re1_n128_dt1e-4,7.176,0.011349782457,2.26319582268
ve_re1_n128_dt1e-4,7.184,0.0113494165675,2.26339960445
ve_re1_n128_dt1e-4,7.192,0.0113490517794,2.26360260352
ve_re1_n128_dt1e-4,7.2,0.0113486880888,2.26380482281
ve_re1_n128_dt1e-4,7.208,0.011348325492,2.26400626493
ve_re1_n128_dt1e-4,7.216,0.0113479639846,2.26420693237
ve_re1_n128_dt1e-4,7.224,0.0113476035621,2.26440682754
ve_re1_n128_dt1e-4,7.232,0.0113472442202,2.2646059527
ve_re1_n128_dt1e-4,7.24,0.0113468859562,2.26480430992
ve_re1_n128_dt1e-4,7.248,0.0113465287675,2.26500190113
ve_re1_n128_dt1e-4,7.256,0.0113461726508,2.26519872816
ve_re1_n128_dt1e-4,7.264,0.0113458176034,2.26539479276
ve_re1_n128_dt1e-4,7.272,0.0113454636222,2.26559009657
ve_re1_n128_dt1e-4,7.28,0.0113451107046,2.26578464092
ve_re1_n128_dt1e-4,7.288,0.0113447588481,2.26597842707
ve_re1_n128_dt1e-4,7.296,0.0113444080502,2.26617145642
ve_re1_n128_dt1e-4,7.304,0.0113440583086,2.26636373025
ve_re1_n128_dt1e-4,7.312,0.0113437096211,2.2665552497
ve_re1_n128_dt1e-4,7.32,0.0113433619858,2.2667460159
ve_re1_n128_dt1e-4,7.328,0.011343015402,2.26693603005
ve_re1_n128_dt1e-4,7.336,0.0113426698708,2.26712529328
ve_re1_n128_dt1e-4,7.344,0.0113423253932,2.26731380657
ve_re1_n128_dt1e-4,7.352,0.0113419819707,2.26750157094
ve_re1_n128_dt1e-4,7.36,0.011341639604,2.26768858741
ve_re1_n128_dt1e-4,7.368,0.0113412982932,2.26787485701
ve_re1_n128_dt1e-4,7.376,0.0113409580384,2.26806038074
ve_re1_n128_dt1e-4,7.384,0.0113406188399,2.26824515965
ve_re1_n128_dt1e-4,7.392,0.0113402806988,2.26842919496
ve_re1_n128_dt1e-4,7.4,0.0113399436166,2.26861248788
ve_re1_n128_dt1e-4,7.408,0.0113396075954,2.26879503967
ve_re1_n128_dt1e-4,7.416,0.0113392726377,2.26897685176
ve_re1_n128_dt1e-4,7.424,0.0113389387461,2.26915792569
ve_re1_n128_dt1e-4,7.432,0.0113386059232,2.26933826312
ve_re1_n128_dt1e-4,7.44,0.0113382741727,2.26951786577
ve_re1_n128_dt1e-4,7.448,0.0113379434985,2.26969673547
ve_re1_n128_dt1e-4,7.456,0.011337613904,2.2698748742
ve_re1_n128_dt1e-4,7.464,0.0113372853933,2.27005228399
ve_re1_n128_dt1e-4,7.472,0.0113369579702,2.270228967
ve_re1_n128_dt1e-4,7.48,0.0113366316385,2.27040492547
ve_re1_n128_dt1e-4,7.488,0.0113363064018,2.27058016179
ve_re1_n128_dt1e-4,7.496,0.011335982264,2.27075467846
ve_re1_n128_dt1e-4,7.504,0.0113356592286,2.27092847812
ve_re1_n128_dt1e-4,7.512,0.011335337299,2.2711015636
ve_re1_n128_dt1e-4,7.52,0.0113350164789,2.2712739376
ve_re1_n128_dt1e-4,7.528,0.0113346967719,2.27144560293
ve_re1_n128_dt1e-4,7.536,0.0113343781816,2.27161656221
ve_re1_n128_dt1e-4,7.544,0.0113340607113,2.27178681823
ve_re1_n128_dt1e-4,7.552,0.0113337443642,2.27195637388
ve_re1_n128_dt1e-4,7.56,0.0113334291434,2.27212523223
ve_re1_n128_dt1e-4,7.568,0.0113331150523,2.27229339637
ve_re1_n128_dt1e-4,7.576,0.0113328020935,2.2724608695
ve_re1_n128_dt1e-4,7.584,0.0113324902692,2.27262765494
ve_re1_n128_dt1e-4,7.592,0.011332179581,2.27279375605
ve_re1_n128_dt1e-4,7.6,0.0113318700306,2.27295917623
ve_re1_n128_dt1e-4,7.608,0.0113315616194,2.27312391771
ve_re1_n128_dt1e-4,7.616,0.0113312543483,2.27328798096
ve_re1_n128_dt1e-4,7.624,0.0113309482183,2.27345136929
ve_re1_n128_dt1e-4,7.632,0.0113306432308,2.27361408629
ve_re1_n128_dt1e-4,7.64,0.0113303393873,2.27377613562
ve_re1_n128_dt1e-4,7.648,0.0113300366888,2.27393752105
ve_re1_n128_dt1e-4,7.656,0.0113297351365,2.2740982467
ve_re1_n128_dt1e-4,7.664,0.0113294347313,2.2742583164
ve_re1_n128_dt1e-4,7.672,0.0113291354738,2.27441773396
ve_re1_n128_dt1e-4,7.68,0.0113288373634,2.27457650329
ve_re1_n128_dt1e-4,7.688,0.0113285403999,2.27473462809
ve_re1_n128_dt1e-4,7.696,0.0113282445807,2.27489211223
ve_re1_n128_dt1e-4,7.704,0.0113279499044,2.27504895972
ve_re1_n128_dt1e-4,7.712,0.0113276563699,2.2752051746
ve_re1_n128_dt1e-4,7.72,0.0113273639765,2.27536076092
ve_re1_n128_dt1e-4,7.728,0.0113270727233,2.27551572261
ve_re1_n128_dt1e-4,7.736,0.0113267826093,2.27567006379
ve_re1_n128_dt1e-4,7.744,0.0113264936335,2.27582378861
ve_re1_n128_dt1e-4,7.752,0.0113262057948,2.27597690123
ve_re1_n128_dt1e-4,7.76,0.0113259190927,2.27612940586
ve_re1_n128_dt1e-4,7.768,0.0113256335258,2.27628130675
ve_re1_n128_dt1e-4,7.776,0.0113253490928,2.27643260809
ve_re1_n128_dt1e-4,7.784,0.0113250657917,2.27658331413
ve_re1_n128_dt1e-4,7.792,0.0113247836205,2.2767334291
ve_re1_n128_dt1e-4,7.8,0.0113245025773,2.27688295722
ve_re1_n128_dt1e-4,7.808,0.0113242226605,2.27703190266
ve_re1_n128_dt1e-4,7.816,0.0113239438681,2.27718026969
ve_re1_n128_dt1e-4,7.824,0.0113236661978,2.27732806256
ve_re1_n128_dt1e-4,7.832,0.0113233896468,2.2774752855
ve_re1_n128_dt1e-4,7.84,0.011323114212,2.27762194276
ve_re1_n128_dt1e-4,7.848,0.0113228398901,2.27776803854
ve_re1_n128_dt1e-4,7.856,0.0113225666773,2.27791357702
ve_re1_n128_dt1e-4,7.864,0.0113222945696,2.27805856242
ve_re1_n128_dt1e-4,7.87199999999,0.0113220235627,2.27820299893
ve_re1_n128_dt1e-4,7.87999999999,0.0113217536518,2.27834689077
ve_re1_n128_dt1e-4,7.88799999999,0.0113214848322,2.27849024215
ve_re1_n128_dt1e-4,7.89599999999,0.0113212170989,2.27863305714
ve_re1_n128_dt1e-4,7.90399999999,0.0113209504471,2.27877533975
ve_re1_n128_dt1e-4,7.91199999999,0.0113206848719,2.27891709393
ve_re1_n128_dt1e-4,7.91999999999,0.011320420368,2.2790583236
ve_re1_n128_dt1e-4,7.92799999999,0.0113201569301,2.27919903267
ve_re1_n128_dt1e-4,7.93599999999,0.0113198945525,2.27933922502
ve_re1_n128_dt1e-4,7.94399999999,0.011319633229,2.27947890446
ve_re1_n128_dt1e-4,7.95199999999,0.0113193729532,2.27961807481
ve_re1_n128_dt1e-4,7.95999999999,0.0113191137191,2.27975673976
ve_re1_n128_dt1e-4,7.96799999999,0.0113188555203,2.27989490301
ve_re1_n128_dt1e-4,7.97599999999,0.0113185983505,2.28003256817
ve_re1_n128_dt1e-4,7.98399999999,0.0113183422033,2.28016973846
ve_re1_n128_dt1e-4,7.99199999999,0.0113180870719,2.28030641713
ve_re1_n128_dt1e-4,7.99999999999,0.0113178329498,2.28044260758
ve_re1_n128_dt1e-4,8.00799999999,0.0113175798303,2.28057831318
ve_re1_n128_dt1e-4,8.01599999999,0.011317327707,2.28071353722
ve_re1_n128_dt1e-4,8.02399999999,0.0113170765733,2.28084828297
ve_re1_n128_dt1e-4,8.03199999999,0.0113168264225,2.28098255365
ve_re1_n128_dt1e-4,8.03999999999,0.0113165772483,2.28111635246
ve_re1_n128_dt1e-4,8.04799999999,0.0113163290443,2.28124968255
ve_re1_n128_dt1e-4,8.05599999999,0.011316081804,2.28138254702
ve_re1_n128_dt1e-4,8.06399999999,0.0113158355206,2.28151494891
ve_re1_n128_dt1e-4,8.07199999999,0.0113155901876,2.28164689122
ve_re1_n128_dt1e-4,8.07999999999,0.0113153457984,2.28177837702
ve_re1_n128_dt1e-4,8.08799999999,0.0113151023462,2.2819094093
ve_re1_n128_dt1e-4,8.09599999999,0.0113148598244,2.28203999092
ve_re1_n128_dt1e-4,8.10399999999,0.0113146182265,2.28217012457
ve_re1_n128_dt1e-4,8.11199999999,0.011314377546,2.28229981299
ve_re1_n128_dt1e-4,8.11999999999,0.0113141377765,2.28242905896
ve_re1_n128_dt1e-4,8.12799999999,0.0113138989115,2.28255786519
ve_re1_n128_dt1e-4,8.13599999999,0.0113136609448,2.28268623428
ve_re1_n128_dt1e-4,8.14399999999,0.0113134238702,2.28281416888
ve_re1_n128_dt1e-4,8.15199999999,0.0113131876817,2.2829416716
ve_re1_n128_dt1e-4,8.15999999999,0.0113129523734,2.28306874503
ve_re1_n128_dt1e-4,8.16799999999,0.0113127179394,2.28319539171
ve_re1_n128_dt1e-4,8.17599999999,0.0113124843743,2.28332161413
ve_re1_n128_dt1e-4,8.18399999999,0.0113122516726,2.2834474147
ve_re1_n128_dt1e-4,8.19199999999,0.0113120198293,2.28357279585
ve_re1_n128_dt1e-4,8.19999999999,0.0113117888394,2.28369775996
ve_re1_n128_dt1e-4,8.20799999999,0.0113115586978,2.28382230857
ve_re1_n128_dt1e-4,8.21599999999,0.0113113294,2.28394644208
ve_re1_n128_dt1e-4,8.22399999999,0.0113111009416,2.2840701628
ve_re1_n128_dt1e-4,8.23199999999,0.011310873318,2.28419347314
ve_re1_n128_dt1e-4,8.23999999999,0.0113106465248,2.28431637545
ve_re1_n128_dt1e-4,8.24799999999,0.0113104205576,2.28443887206
ve_re1_n128_dt1e-4,8.25599999999,0.0113101954124,2.28456096525
ve_re1_n128_dt1e-4,8.26399999999,0.011309971085,2.28468265724
ve_re1_n128_dt1e-4,8.27199999999,0.0113097475714,2.28480395026
ve_re1_n128_dt1e-4,8.27999999999,0.0113095248675,2.28492484651
ve_re1_n128_dt1e-4,8.28799999999,0.0113093029696,2.28504534817
ve_re1_n128_dt1e-4,8.29599999999,0.0113090818737,2.28516545737
ve_re1_n128_dt1e-4,8.30399999999,0.0113088615762,2.28528517622
ve_re1_n128_dt1e-4,8.31199999999,0.0113086420732,2.28540450681
ve_re1_n128_dt1e-4,8.31999999999,0.0113084233611,2.2855234512
ve_re1_n128_dt1e-4,8.32799999999,0.0113082054362,2.28564201145
ve_re1_n128_dt1e-4,8.33599999999,0.0113079882949,2.28576018956
ve_re1_n128_dt1e-4,8.34399999999,0.0113077719339,2.28587798754
ve_re1_n128_dt1e-4,8.35199999999,0.0113075563495,2.28599540736
ve_re1_n128_dt1e-4,8.35999999999,0.0113073415384,2.28611245103
ve_re1_n128_dt1e-4,8.36799999999,0.0113071274973,2.28622912057
ve_re1_n128_dt1e-4,8.37599999999,0.0113069142227,2.28634541793
ve_re1_n128_dt1e-4,8.38399999999,0.0113067017109,2.28646134505
ve_re1_n128_dt1e-4,8.39199999999,0.0113064899588,2.28657690385
ve_re1_n128_dt1e-4,8.39999999999,0.0113062789634,2.28669209625
ve_re1_n128_dt1e-4,8.40799999999,0.011306068722,2.28680692414
ve_re1_n128_dt1e-4,8.41599999999,0.0113058592316,2.28692138939
ve_re1_n128_dt1e-4,8.42399999999,0.0113056504898,2.28703549388
ve_re1_n128_dt1e-4,8.43199999999,0.0113054424939,2.28714923943
ve_re1_n128_dt1e-4,8.43999999999,0.0113052352411,2.28726262788
ve_re1_n128_dt1e-4,8.44799999999,0.0113050287288,2.28737566092
ve_re1_n128_dt1e-4,8.45599999999,0.0113048229541,2.28748834031
ve_re1_n128_dt1e-4,8.46399999999,0.0113046179142,2.28760066782
ve_re1_n128_dt1e-4,8.47199999999,0.0113044136065,2.28771264516
ve_re1_n128_dt1e-4,8.47999999999,0.0113042100282,2.28782427404
ve_re1_n128_dt1e-4,8.48799999999,0.0113040071766,2.28793555612
ve_re1_n128_dt1e-4,8.49599999999,0.0113038050491,2.28804649308
ve_re1_n128_dt1e-4,8.50399999999,0.0113036036431,2.28815708654
ve_re1_n128_dt1e-4,8.51199999999,0.0113034029557,2.2882673381
ve_re1_n128_dt1e-4,8.51999999999,0.0113032029844,2.28837724935
ve_re1_n128_dt1e-4,8.52799999999,0.0113030037262,2.28848682183
ve_re1_n128_dt1e-4,8.53599999999,0.0113028051786,2.28859605706
ve_re1_n128_dt1e-4,8.54399999999,0.0113026073389,2.28870495653
ve_re1_n128_dt1e-4,8.55199999999,0.0113024102048,2.28881352173
ve_re1_n128_dt1e-4,8.55999999999,0.0113022137736,2.28892175413
ve_re1_n128_dt1e-4,8.56799999999,0.0113020180432,2.28902965518
ve_re1_n128_dt1e-4,8.57599999999,0.0113018230111,2.28913722628
ve_re1_n128_dt1e-4,8.58399999999,0.0113016286752,2.28924446886
ve_re1_n128_dt1e-4,8.59199999999,0.011301435033,2.28935138427
ve_re1_n128_dt1e-4,8.59999999999,0.0113012420821,2.28945797382
ve_re1_n128_dt1e-4,8.60799999999,0.0113010498199,2.28956423883
ve_re1_n128_dt1e-4,8.61599999999,0.0113008582439,2.28967018061
ve_re1_n128_dt1e-4,8.62399999999,0.0113006673513,2.28977580044
ve_re1_n128_dt1e-4,8.63199999999,0.0113004771394,2.28988109956
ve_re1_n128_dt1e-4,8.63999999999,0.0113002876058,2.28998607918
ve_re1_n128_dt1e-4,8.64799999999,0.0113000987482,2.29009074051
ve_re1_n128_dt1e-4,8.65599999999,0.0112999105638,2.29019508491
ve_re1_n128_dt1e-4,8.66399999999,0.0112997230503,2.29029911357
ve_re1_n128_dt1e-4,8.67199999999,0.0112995362052,2.29040282762
ve_re1_n128_dt1e-4,8.67999999999,0.0112993500261,2.29050622813
ve_re1_n128_dt1e-4,8.68799999999,0.0112991645105,2.29060931619
ve_re1_n128_dt1e-4,8.69599999999,0.0112989796562,2.29071209285
ve_re1_n128_dt1e-4,8.70399999999,0.0112987954607,2.29081455913
ve_re1_n128_dt1e-4,8.71199999999,0.0112986119218,2.29091671604
ve_re1_n128_dt1e-4,8.71999999999,0.0112984290371,2.29101856457
ve_re1_n128_dt1e-4,8.72799999999,0.0112982468043,2.29112010571
ve_re1_n128_dt1e-4,8.73599999999,0.011298065221,2.29122134041
ve_re1_n128_dt1e-4,8.74399999999,0.0112978842855,2.29132226962
ve_re1_n128_dt1e-4,8.75199999999,0.0112977039959,2.29142289427
ve_re1_n128_dt1e-4,8.75999999999,0.01129752435,2.29152321528
ve_re1_n128_dt1e-4,8.76799999999,0.0112973453459,2.29162323356
ve_re1_n128_dt1e-4,8.77599999999,0.0112971669813,2.29172295008
ve_re1_n128_dt1e-4,8.78399999999,0.0112969892541,2.29182236572
ve_re1_n128_dt1e-4,8.79199999999,0.0112968121622,2.29192148136
ve_re1_n128_dt1e-4,8.79999999999,0.0112966357036,2.29202029785
ve_re1_n128_dt1e-4,8.80799999999,0.0112964598763,2.29211881603
ve_re1_n128_dt1e-4,8.81599999999,0.0112962846788,2.29221703671
ve_re1_n128_dt1e-4,8.82399999999,0.0112961101092,2.29231496072
ve_re1_n128_dt1e-4,8.83199999999,0.0112959361659,2.29241258888
ve_re1_n128_dt1e-4,8.83999999999,0.0112957628475,2.29250992199
ve_re1_n128_dt1e-4,8.84799999999,0.0112955901525,2.29260696132
ve_re1_n128_dt1e-4,8.85599999999,0.0112954180796,2.29270370817
ve_re1_n128_dt1e-4,8.86399999999,0.0112952466273,2.29280016336
ve_re1_n128_dt1e-4,8.87199999999,0.0112950757943,2.2928963277
ve_re1_n128_dt1e-4,8.87999999999,0.011294905579,2.29299220202
ve_re1_n128_dt1e-4,8.88799999999,0.0112947359799,2.29308778727
ve_re1_n128_dt1e-4,8.89599999999,0.0112945669955,2.29318308427
ve_re1_n128_dt1e-4,8.90399999999,0.0112943986244,2.29327809381
ve_re1_n128_dt1e-4,8.91199999999,0.0112942308652,2.29337281663
ve_re1_n128_dt1e-4,8.91999999999,0.0112940637165,2.29346725349
ve_re1_n128_dt1e-4,8.92799999999,0.0112938971767,2.29356140517
ve_re1_n128_dt1e-4,8.93599999999,0.0112937312445,2.29365527242
ve_re1_n128_dt1e-4,8.94399999999,0.0112935659181,2.29374885596
ve_re1_n128_dt1e-4,8.95199999999,0.0112934011961,2.29384215653
ve_re1_n128_dt1e-4,8.95999999999,0.0112932370768,2.29393517482
ve_re1_n128_dt1e-4,8.96799999999,0.0112930735587,2.29402791154
ve_re1_n128_dt1e-4,8.97599999999,0.0112929106401,2.29412036738
ve_re1_n128_dt1e-4,8.98399999999,0.0112927483191,2.294212543
ve_re1_n128_dt1e-4,8.99199999999,0.0112925865939,2.29430443908
ve_re1_n128_dt1e-4,8.99999999999,0.011292425463,2.29439605626
ve_re1_n128_dt1e-4,9.00799999999,0.0112922649244,2.29448739517
ve_re1_n128_dt1e-4,9.01599999999,0.0112921049761,2.29457845646
ve_re1_n128_dt1e-4,9.02399999999,0.011291945616,2.29466924073
ve_re1_n128_dt1e-4,9.03199999999,0.0112917868421,2.29475974859
ve_re1_n128_dt1e-4,9.03999999999,0.0112916286524,2.29484998064
ve_re1_n128_dt1e-4,9.04799999999,0.0112914710451,2.29493993746
ve_re1_n128_dt1e-4,9.05599999999,0.0112913140179,2.29502961961
ve_re1_n128_dt1e-4,9.06399999999,0.011291157569,2.29511902768
ve_re1_n128_dt1e-4,9.07199999999,0.0112910016964,2.29520816219
ve_re1_n128_dt1e-4,9.07999999999,0.0112908463982,2.29529702372
ve_re1_n128_dt1e-4,9.08799999999,0.0112906916724,2.2953856128
ve_re1_n128_dt1e-4,9.09599999999,0.0112905375172,2.29547392997
ve_re1_n128_dt1e-4,9.10399999999,0.0112903839307,2.29556197579
ve_re1_n128_dt1e-4,9.11199999999,0.0112902309111,2.29564975078
ve_re1_n128_dt1e-4,9.11999999999,0.0112900784565,2.2957372555
ve_re1_n128_dt1e-4,9.12799999999,0.0112899265653,2.29582449052
ve_re1_n128_dt1e-4,9.13599999999,0.0112897752355,2.29591145635
ve_re1_n128_dt1e-4,9.14399999999,0.0112896244655,2.29599815354
ve_re1_n128_dt1e-4,9.15199999999,0.0112894742536,2.29608458263
ve_re1_n128_dt1e-4,9.15999999999,0.011289324598,2.29617074414
ve_re1_n128_dt1e-4,9.16799999999,0.0112891754973,2.29625663863
ve_re1_n128_dt1e-4,9.17599999999,0.0112890269498,2.29634226663
ve_re1_n128_dt1e-4,9.18399999999,0.011288878954,2.29642762867
ve_re1_n128_dt1e-4,9.19199999999,0.0112887315084,2.29651272541
ve_re1_n128_dt1e-4,9.19999999999,0.0112885846114,2.29659755745
ve_re1_n128_dt1e-4,9.20799999999,0.0112884382614,2.29668212537
ve_re1_n128_dt1e-4,9.21599999999,0.011288292457,2.29676642969
ve_re1_n128_dt1e-4,9.22399999999,0.0112881471967,2.29685047092
ve_re1_n128_dt1e-4,9.23199999999,0.0112880024792,2.29693424955
ve_re1_n128_dt1e-4,9.23999999999,0.0112878583028,2.2970177661
ve_re1_n128_dt1e-4,9.24799999999,0.0112877146664,2.29710102107
ve_re1_n128_dt1e-4,9.25599999999,0.0112875715686,2.29718401497
ve_re1_n128_dt1e-4,9.26399999999,0.0112874290081,2.29726674829
ve_re1_n128_dt1e-4,9.27199999999,0.0112872869834,2.29734922152
ve_re1_n128_dt1e-4,9.27999999999,0.0112871454934,2.29743143517
ve_re1_n128_dt1e-4,9.28799999999,0.0112870045367,2.29751338974
ve_re1_n128_dt1e-4,9.29599999999,0.0112868641116,2.29759508569
ve_re1_n128_dt1e-4,9.30399999999,0.0112867242168,2.29767652352
ve_re1_n128_dt1e-4,9.31199999999,0.0112865848509,2.29775770372
ve_re1_n128_dt1e-4,9.31999999999,0.0112864460122,2.29783862676
ve_re1_n128_dt1e-4,9.32799999999,0.0112863076994,2.29791929316
ve_re1_n128_dt1e-4,9.33599999999,0.011286169911,2.29799970339
ve_re1_n128_dt1e-4,9.34399999999,0.0112860326456,2.29807985794
ve_re1_n128_dt1e-4,9.35199999999,0.0112858959018,2.29815975727
ve_re1_n128_dt1e-4,9.35999999999,0.011285759678,2.29823940186
ve_re1_n128_dt1e-4,9.36799999999,0.0112856239729,2.29831879216
ve_re1_n128_dt1e-4,9.37599999999,0.0112854887849,2.29839792866
ve_re1_n128_dt1e-4,9.38399999999,0.0112853541127,2.29847681182
ve_re1_n128_dt1e-4,9.39199999999,0.0112852199548,2.29855544211
ve_re1_n128_dt1e-4,9.39999999999,0.0112850863097,2.29863382001
ve_re1_n128_dt1e-4,9.40799999999,0.0112849531759,2.29871194598
ve_re1_n128_dt1e-4,9.41599999999,0.011284820552,2.29878982051
ve_re1_n128_dt1e-4,9.42399999999,0.0112846884364,2.29886744406
ve_re1_n128_dt1e-4,9.43199999999,0.0112845568277,2.29894481714
ve_re1_n128_dt1e-4,9.43999999999,0.0112844257243,2.29902194022
ve_re1_n128_dt1e-4,9.44799999999,0.0112842951248,2.29909881381
ve_re1_n128_dt1e-4,9.45599999999,0.0112841650277,2.29917543843
ve_re1_n128_dt1e-4,9.46399999999,0.0112840354315,2.29925181458
ve_re1_n128_dt1e-4,9.47199999999,0.0112839063347,2.2993279428
ve_re1_n128_dt1e-4,9.47999999999,0.0112837777359,2.29940382364
ve_re1_n128_dt1e-4,9.48799999999,0.0112836496336,2.29947945762
ve_re1_n128_dt1e-4,9.49599999999,0.0112835220264,2.29955484531
ve_re1_n128_dt1e-4,9.50399999999,0.011283394913,2.29962998724
ve_re1_n128_dt1e-4,9.51199999999,0.0112832682918,2.299704884
ve_re1_n128_dt1e-4,9.51999999999,0.0112831421612,2.29977953615
ve_re1_n128_dt1e-4,9.52799999999,0.0112830165199,2.29985394426
ve_re1_n128_dt1e-4,9.53599999999,0.0112828913664,2.29992810891
ve_re1_n128_dt1e-4,9.54399999999,0.0112827666993,2.30000203066
ve_re1_n128_dt1e-4,9.55199999999,0.011282642517,2.30007571007
ve_re1_n128_dt1e-4,9.55999999999,0.0112825188182,2.30014914771
ve_re1_n128_dt1e-4,9.56799999999,0.0112823956013,2.30022234412
ve_re1_n128_dt1e-4,9.57599999999,0.011282272865,2.30029529989
ve_re1_n128_dt1e-4,9.58399999999,0.0112821506076,2.3003680156
ve_re1_n128_dt1e-4,9.59199999999,0.0112820288279,2.30044049181
ve_re1_n128_dt1e-4,9.59999999999,0.0112819075243,2.30051272912
ve_re1_n128_dt1e-4,9.60799999999,0.0112817866952,2.30058472808
ve_re1_n128_dt1e-4,9.61599999999,0.0112816663391,2.30065648927
ve_re1_n128_dt1e-4,9.62399999999,0.0112815464546,2.30072801325
ve_re1_n128_dt1e-4,9.63199999999,0.0112814270401,2.30079930059
ve_re1_n128_dt1e-4,9.63999999999,0.0112813080941,2.30087035183
ve_re1_n128_dt1e-4,9.64799999999,0.0112811896152,2.30094116756
ve_re1_n128_dt1e-4,9.65599999999,0.0112810716018,2.30101174833
ve_re1_n128_dt1e-4,9.66399999999,0.0112809540525,2.3010820947
ve_re1_n128_dt1e-4,9.67199999999,0.0112808369658,2.30115220726
ve_re1_n128_dt1e-4,9.67999999999,0.0112807203403,2.30122208656
ve_re1_n128_dt1e-4,9.68799999999,0.0112806041745,2.30129173317
ve_re1_n128_dt1e-4,9.69599999999,0.011280488467,2.30136114767
ve_re1_n128_dt1e-4,9.70399999999,0.0112803732164,2.30143033062
ve_re1_n128_dt1e-4,9.71199999999,0.0112802584212,2.30149928259
ve_re1_n128_dt1e-4,9.71999999999,0.0112801440802,2.30156800414
ve_re1_n128_dt1e-4,9.72799999999,0.0112800301919,2.30163649586
ve_re1_n128_dt1e-4,9.73599999999,0.0112799167549,2.3017047583
ve_re1_n128_dt1e-4,9.74399999999,0.011279803768,2.30177279203
ve_re1_n128_dt1e-4,9.75199999999,0.0112796912298,2.30184059764
ve_re1_n128_dt1e-4,9.75999999999,0.011279579139,2.30190817569
ve_re1_n128_dt1e-4,9.76799999999,0.0112794674942,2.30197552676
ve_re1_n128_dt1e-4,9.77599999999,0.011279356294,2.30204265146
ve_re1_n128_dt1e-4,9.78399999999,0.011279245537,2.30210955033
ve_re1_n128_dt1e-4,9.79199999999,0.0112791352219,2.30217622396
ve_re1_n128_dt1e-4,9.79999999999,0.0112790253473,2.3022426729
ve_re1_n128_dt1e-4,9.80799999999,0.0112789159119,2.30230889771
ve_re1_n128_dt1e-4,9.81599999999,0.0112788069143,2.30237489895
ve_re1_n128_dt1e-4,9.82399999999,0.0112786983532,2.30244067719
ve_re1_n128_dt1e-4,9.83199999999,0.011278590227,2.30250623298
ve_re1_n128_dt1e-4,9.83999999999,0.0112784825346,2.3025715669
ve_re1_n128_dt1e-4,9.84799999999,0.0112783752745,2.30263667951
ve_re1_n128_dt1e-4,9.85599999999,0.0112782684455,2.30270157137
ve_re1_n128_dt1e-4,9.86399999999,0.011278162046,2.30276624304
ve_re1_n128_dt1e-4,9.87199999999,0.0112780560749,2.30283069509
ve_re1_n128_dt1e-4,9.87999999999,0.0112779505308,2.30289492807
ve_re1_n128_dt1e-4,9.88799999999,0.0112778454122,2.30295894256
ve_re1_n128_dt1e-4,9.89599999999,0.0112777407177,2.30302273911
ve_re1_n128_dt1e-4,9.90399999999,0.0112776364461,2.30308631826
ve_re1_n128_dt1e-4,9.91199999999,0.0112775325958,2.3031496806
ve_re1_n128_dt1e-4,9.91999999999,0.0112774291656,2.30321282666
ve_re1_n128_dt1e-4,9.92799999999,0.0112773261539,2.303275757
ve_re1_n128_dt1e-4,9.93599999999,0.0112772235595,2.30333847219
ve_re1_n128_dt1e-4,9.94399999999,0.0112771213809,2.30340097277
ve_re1_n128_dt1e-4,9.95199999999,0.0112770196167,2.3034632593
ve_re1_n128_dt1e-4,9.95999999999,0.0112769182655,2.30352533234
ve_re1_n128_dt1e-4,9.96799999999,0.0112768173261,2.30358719244
ve_re1_n128_dt1e-4,9.97599999999,0.0112767167971,2.30364884016
ve_re1_n128_dt1e-4,9.98399999999,0.0112766166772,2.30371027606
ve_re1_n128_dt1e-4,9.99199999999,0.0112765169651,2.3037715007
ve_re1_n128_dt1e-4,9.99999999999,0.0112764176595,2.30383251463
ve_re1_n256_dt1e-4,0,0,0
ve_re1_n256_dt1e-4,0.008,1.09894817076e-09,2.27462643007e-11
ve_re1_n256_dt1e-4,0.016,1.84493255448e-09,8.55747773075e-11
ve_re1_n256_dt1e-4,0.024,2.685607212e-09,2.00733057536e-10
ve_re1_n256_dt1e-4,0.032,3.70544063092e-09,3.87171132159e-10
ve_re1_n256_dt1e-4,0.04,4.97923330378e-09,6.70311620824e-10
ve_re1_n256_dt1e-4,0.048,6.59297026282e-09,1.08371112126e-09
ve_re1_n256_dt1e-4,0.056,8.65305754034e-09,1.67142021968e-09
ve_re1_n256_dt1e-4,0.064,1.12944581439e-08,2.49109403286e-09
ve_re1_n256_dt1e-4,0.072,1.46899800864e-08,3.61803719561e-09
ve_re1_n256_dt1e-4,0.08,1.90617772431e-08,5.15044461721e-09
ve_re1_n256_dt1e-4,0.088,2.46959614705e-08,7.2161819558e-09
ve_re1_n256_dt1e-4,0.096,3.19613305654e-08,9.98155186265e-09
ve_re1_n256_dt1e-4,0.104,4.13334465889e-08,1.36626219062e-08
ve_re1_n256_dt1e-4,0.112,5.3425626979e-08,1.85398567972e-08
ve_re1_n256_dt1e-4,0.12,6.90288441277e-08,2.49770114768e-08
ve_re1_n256_dt1e-4,0.128,8.91630893523e-08,3.34455167392e-08
ve_re1_n256_dt1e-4,0.136,1.15143476118e-07,4.45559420164e-08
ve_re1_n256_dt1e-4,0.144,1.48665276484e-07,5.90985731163e-08
ve_re1_n256_dt1e-4,0.152,1.9191325688e-07,7.80957233739e-08
ve_re1_n256_dt1e-4,0.16,2.47702170668e-07,1.02869140374e-07
ve_re1_n256_dt1e-4,0.168,3.19657158079e-07,1.35126821578e-07
ve_re1_n256_dt1e-4,0.176,4.12445200843e-07,1.77074766825e-07
ve_re1_n256_dt1e-4,0.184,5.32071804163e-07,2.31560744687e-07
ve_re1_n256_dt1e-4,0.192,6.8626088422e-07,3.02259120864e-07
ve_re1_n256_dt1e-4,0.2,8.84940607258e-07,3.93908300577e-07
ve_re1_n256_dt1e-4,0.208,1.14086387187e-06,5.12615508874e-07
ve_re1_n256_dt1e-4,0.216,1.47039949958e-06,6.66247640333e-07
ve_re1_n256_dt1e-4,0.224,1.89453928398e-06,8.64931956554e-07
ve_re1_n256_dt1e-4,0.232,2.44017715635e-06,1.12169674172e-06
ve_re1_n256_dt1e-4,0.24,3.14173018084e-06,1.45328993679e-06
ve_re1_n256_dt1e-4,0.248,4.04318720671e-06,1.8812236045e-06
ve_re1_n256_dt1e-4,0.256,5.20069003856e-06,2.43310422642e-06
ve_re1_n256_dt1e-4,0.264,6.68577407382e-06,3.14432374168e-06
ve_re1_n256_dt1e-4,0.272,8.58942041621e-06,4.06020438282e-06
ve_re1_n256_dt1e-4,0.28,1.10270990542e-05,5.23871223727e-06
ve_re1_n256_dt1e-4,0.288,1.41450117762e-05,6.75388052019e-06
ve_re1_n256_dt1e-4,0.296,1.81277722284e-05,8.70011414615e-06
ve_re1_n256_dt1e-4,0.304,2.32077858545e-05,1.11975824946e-05
ve_re1_n256_dt1e-4,0.312,2.96766097772e-05,1.439894709e-05
ve_re1_n256_dt1e-4,0.32,3.78985752201e-05,1.84977145344e-05
ve_re1_n256_dt1e-4,0.328,4.8326933574e-05,2.37385508973e-05
ve_re1_n256_dt1e-4,0.336,6.15227293599e-05,3.04299392014e-05
ve_re1_n256_dt1e-4,0.344,7.8176493764e-05,3.89596024439e-05
ve_re1_n256_dt1e-4,0.352,9.91326729326e-05,4.9813144578e-05
ve_re1_n256_dt1e-4,0.36,0.000125416435971,6.35963725415e-05
ve_re1_n256_dt1e-4,0.368,0.000158262129625,8.10617425799e-05
ve_re1_n256_dt1e-4,0.376,0.000199142146201,0.000103139309939
ve_re1_n256_dt1e-4,0.384,0.000249794345167,0.00013097243644
ve_re1_n256_dt1e-4,0.392,0.000312245435053,0.00016595830839
ve_re1_n256_dt1e-4,0.4,0.000388826925971,0.000209793021617
ve_re1_n256_dt1e-4,0.408,0.000482179491645,0.000264520589615
ve_re1_n256_dt1e-4,0.416,0.000595240964483,0.000332584721786
ve_re1_n256_dt1e-4,0.424,0.000731212905845,0.000416881613379
ve_re1_n256_dt1e-4,0.432,0.000893500956784,0.000520811317933
ve_re1_n256_dt1e-4,0.44,0.00108562519331,0.000648324592712
ve_re1_n256_dt1e-4,0.448,0.00131109864887,0.000803961498416
ve_re1_n256_dt1e-4,0.456,0.00157327507623,0.000992877599467
ve_re1_n256_dt1e-4,0.464,0.00187517077517,0.00122085346374
ve_re1_n256_dt1e-4,0.472,0.00221926955553,0.0014942834508
ve_re1_n256_dt1e-4,0.48,0.00260732404728,0.00182014021615
ve_re1_n256_dt1e-4,0.488,0.00304016987153,0.00220591339537
ve_re1_n256_dt1e-4,0.496,0.0035175708397,0.00265952124365
ve_re1_n256_dt1e-4,0.504,0.00403811273758,0.0031891972916
ve_re1_n256_dt1e-4,0.512,0.004599160084,0.00380335535459
ve_re1_n256_dt1e-4,0.52,0.00519688471944,0.00451043839801
ve_re1_n256_dt1e-4,0.528,0.00582636788777,0.00531875822449
ve_re1_n256_dt1e-4,0.536,0.00648176971388,0.00623633383329
ve_re1_n256_dt1e-4,0.544,0.00715655288772,0.00727073645964
ve_re1_n256_dt1e-4,0.552,0.00784374208721,0.00842894870327
ve_re1_n256_dt1e-4,0.56,0.00853619793812,0.00971724393681
ve_re1_n256_dt1e-4,0.568,0.00922688436858,0.011141090468
ve_re1_n256_dt1e-4,0.576,0.00990911077563,0.012705083043
ve_re1_n256_dt1e-4,0.584,0.0105767348257,0.0144129023032
ve_re1_n256_dt1e-4,0.592,0.011224317043,0.0162673011643
ve_re1_n256_dt1e-4,0.6,0.0118472237808,0.0182701156069
ve_re1_n256_dt1e-4,0.608,0.0124416799469,0.0204222965225
ve_re1_n256_dt1e-4,0.616,0.0130047765694,0.0227239585656
ve_re1_n256_dt1e-4,0.624,0.013534440721,0.0251744419525
ve_re1_n256_dt1e-4,0.632,0.0140293764784,0.0277723831037
ve_re1_n256_dt1e-4,0.64,0.0144889857548,0.0305157906028
ve_re1_n256_dt1e-4,0.648,0.0149132771636,0.0334021231768
ve_re1_n256_dt1e-4,0.656,0.0153027699331,0.0364283672815
ve_re1_n256_dt1e-4,0.664,0.015658398502,0.0395911120788
ve_re1_n256_dt1e-4,0.672,0.0159814219621,0.0428866205458
ve_re1_n256_dt1e-4,0.68,0.0162733412261,0.0463108955212
ve_re1_n256_dt1e-4,0.688,0.0165358255765,0.049859740087
ve_re1_n256_dt1e-4,0.696,0.0167706493951,0.0535288123172
ve_re1_n256_dt1e-4,0.704,0.0169796390793,0.0573136738001
ve_re1_n256_dt1e-4,0.712,0.0171646297088,0.0612098325578
ve_re1_n256_dt1e-4,0.72,0.0173274306748,0.0652127806375
ve_re1_n256_dt1e-4,0.728,0.0174697992727,0.0693180263011
ve_re1_n256_dt1e-4,0.736,0.0175934212116,0.0735211215385
ve_re1_n256_dt1e-4,0.744,0.0176998970004,0.0778176856446
ve_re1_n256_dt1e-4,0.752,0.017790733174,0.0822034247377
ve_re1_n256_dt1e-4,0.76,0.0178673374713,0.0866741476324
ve_re1_n256_dt1e-4,0.768,0.0179310171243,0.0912257789453
ve_re1_n256_dt1e-4,0.776,0.0179829795671,0.09585436978
ve_re1_n256_dt1e-4,0.784,0.0180243349621,0.10055610594
ve_re1_n256_dt1e-4,0.792,0.0180561000288,0.105327313291
ve_re1_n256_dt1e-4,0.8,0.0180792027748,0.110164462352
ve_re1_n256_dt1e-4,0.808,0.0180944878247,0.115064171802
ve_re1_n256_dt1e-4,0.816,0.0181027220464,0.120023209679
ve_re1_n256_dt1e-4,0.824,0.0181046002811,0.125038493058
ve_re1_n256_dt1e-4,0.832,0.0181007510475,0.13010708751
ve_re1_n256_dt1e-4,0.84,0.0180917421102,0.13522620681
ve_re1_n256_dt1e-4,0.848,0.0180780858087,0.140393210583
ve_re1_n256_dt1e-4,0.856,0.0180602440908,0.14560560096
ve_re1_n256_dt1e-4,0.864,0.018038633247,0.150861019631
ve_re1_n256_dt1e-4,0.872,0.018013628308,0.156157243952
ve_re1_n256_dt1e-4,0.88,0.0179855671158,0.16149218386
ve_re1_n256_dt1e-4,0.888,0.0179547540363,0.166863878075
ve_re1_n256_dt1e-4,0.896,0.0179214633686,0.172270489143
ve_re1_n256_dt1e-4,0.904,0.0178859424492,0.177710298201
ve_re1_n256_dt1e-4,0.912,0.0178484144408,0.183181700359
ve_re1_n256_dt1e-4,0.92,0.0178090809067,0.188683199819
ve_re1_n256_dt1e-4,0.928,0.0177681240518,0.194213408558
ve_re1_n256_dt1e-4,0.936,0.0177257087663,0.199771038009
ve_re1_n256_dt1e-4,0.944,0.0176819844806,0.205354894013
ve_re1_n256_dt1e-4,0.952,0.0176370867933,0.210963872316
ve_re1_n256_dt1e-4,0.96,0.017591138952,0.21659695374
ve_re1_n256_dt1e-4,0.968,0.0175442531757,0.222253200985
ve_re1_n256_dt1e-4,0.976,0.0174965318112,0.227931755378
ve_re1_n256_dt1e-4,0.984,0.0174480683367,0.233631828358
ve_re1_n256_dt1e-4,0.992,0.0173989482956,0.239352698131
ve_re1_n256_dt1e-4,1,0.0173492500991,0.245093697345
ve_re1_n256_dt1e-4,1.008,0.0172990457509,0.250854230375
ve_re1_n256_dt1e-4,1.016,0.0172484016217,0.256633754804
ve_re1_n256_dt1e-4,1.024,0.0171973788915,0.262431778118
ve_re1_n256_dt1e-4,1.032,0.0171460340775,0.268247852412
ve_re1_n256_dt1e-4,1.04,0.017094419452,0.274081572375
ve_re1_n256_dt1e-4,1.048,0.0170425834551,0.279932571122
ve_re1_n256_dt1e-4,1.056,0.016990571046,0.285800516708
ve_re1_n256_dt1e-4,1.064,0.0169384241434,0.291685116163
ve_re1_n256_dt1e-4,1.072,0.0168861818148,0.297586104368
ve_re1_n256_dt1e-4,1.08,0.0168338804854,0.303503241581
ve_re1_n256_dt1e-4,1.088,0.0167815541567,0.309436312104
ve_re1_n256_dt1e-4,1.096,0.0167292346439,0.31538511714
ve_re1_n256_dt1e-4,1.104,0.0166769517318,0.321349477835
ve_re1_n256_dt1e-4,1.112,0.0166247333832,0.327329238732
ve_re1_n256_dt1e-4,1.12,0.0165726058485,0.333324255715
ve_re1_n256_dt1e-4,1.128,0.0165205937384,0.339334396574
ve_re1_n256_dt1e-4,1.136,0.0164687201733,0.345359536916
ve_re1_n256_dt1e-4,1.144,0.016417006888,0.351399555775
ve_re1_n256_dt1e-4,1.152,0.016365474314,0.357454338533
ve_re1_n256_dt1e-4,1.16,0.016314141733,0.363523785828
ve_re1_n256_dt1e-4,1.168,0.0162630273039,0.36960779937
ve_re1_n256_dt1e-4,1.176,0.0162121480837,0.375706282208
ve_re1_n256_dt1e-4,1.184,0.0161615201133,0.381819135928
ve_re1_n256_dt1e-4,1.192,0.0161111584779,0.387946255873
ve_re1_n256_dt1e-4,1.2,0.0160610773567,0.394087530318
ve_re1_n256_dt1e-4,1.208,0.0160112901346,0.40024286186
ve_re1_n256_dt1e-4,1.216,0.0159618094323,0.406412150292
ve_re1_n256_dt1e-4,1.224,0.0159126470574,0.412595288304
ve_re1_n256_dt1e-4,1.232,0.0158638140682,0.418792162456
ve_re1_n256_dt1e-4,1.24,0.0158153208375,0.425002651149
ve_re1_n256_dt1e-4,1.248,0.0157671770601,0.431226611162
ve_re1_n256_dt1e-4,1.256,0.0157193918345,0.437463905734
ve_re1_n256_dt1e-4,1.264,0.0156719737066,0.443714409467
ve_re1_n256_dt1e-4,1.272,0.0156249306313,0.449977982658
ve_re1_n256_dt1e-4,1.28,0.0155782699907,0.456254475208
ve_re1_n256_dt1e-4,1.288,0.0155319986135,0.462543728334
ve_re1_n256_dt1e-4,1.296,0.0154861228202,0.468845570839
ve_re1_n256_dt1e-4,1.304,0.0154406484549,0.475159800851
ve_re1_n256_dt1e-4,1.312,0.0153955809127,0.481486236786
ve_re1_n256_dt1e-4,1.32,0.0153509252018,0.487824707671
ve_re1_n256_dt1e-4,1.328,0.0153066859012,0.494175026166
ve_re1_n256_dt1e-4,1.336,0.0152628671211,0.500536989619
ve_re1_n256_dt1e-4,1.344,0.0152194725329,0.506910385273
ve_re1_n256_dt1e-4,1.352,0.0151765054519,0.513294993051
ve_re1_n256_dt1e-4,1.36,0.0151339688465,0.519690556148
ve_re1_n256_dt1e-4,1.368,0.0150918653413,0.526096834376
ve_re1_n256_dt1e-4,1.376,0.0150501972994,0.532513610968
ve_re1_n256_dt1e-4,1.384,0.0150089667306,0.538940655369
ve_re1_n256_dt1e-4,1.392,0.0149681752834,0.545377724039
ve_re1_n256_dt1e-4,1.4,0.014927824271,0.551824560046
ve_re1_n256_dt1e-4,1.408,0.0148879147069,0.558280903253
ve_re1_n256_dt1e-4,1.416,0.0148484473835,0.564746462805
ve_re1_n256_dt1e-4,1.424,0.0148094228404,0.571220939305
ve_re1_n256_dt1e-4,1.432,0.0147708413734,0.57770406283
ve_re1_n256_dt1e-4,1.44,0.0147327030558,0.584195576812
ve_re1_n256_dt1e-4,1.448,0.0146950077059,0.590695210582
ve_re1_n256_dt1e-4,1.456,0.0146577548625,0.597202679994
ve_re1_n256_dt1e-4,1.464,0.0146209438431,0.603717699503
ve_re1_n256_dt1e-4,1.472,0.0145845737275,0.610239976125
ve_re1_n256_dt1e-4,1.48,0.0145486434133,0.616769186013
ve_re1_n256_dt1e-4,1.488,0.0145131516401,0.623305006919
ve_re1_n256_dt1e-4,1.496,0.0144780970238,0.629847126125
ve_re1_n256_dt1e-4,1.504,0.0144434780501,0.636395265986
ve_re1_n256_dt1e-4,1.512,0.0144092929252,0.642949141226
ve_re1_n256_dt1e-4,1.52,0.0143755396957,0.64950844914
ve_re1_n256_dt1e-4,1.528,0.0143422162395,0.656072886406
ve_re1_n256_dt1e-4,1.536,0.0143093202684,0.662642149503
ve_re1_n256_dt1e-4,1.544,0.0142768493558,0.66921592896
ve_re1_n256_dt1e-4,1.552,0.0142448009571,0.675793885039
ve_re1_n256_dt1e-4,1.56,0.0142131724445,0.682375686232
ve_re1_n256_dt1e-4,1.568,0.0141819611587,0.68896103799
ve_re1_n256_dt1e-4,1.576,0.0141511643123,0.695549639408
ve_re1_n256_dt1e-4,1.584,0.0141207789333,0.702141190925
ve_re1_n256_dt1e-4,1.592,0.0140908018646,0.708735394738
ve_re1_n256_dt1e-4,1.6,0.0140612298586,0.715331973221
ve_re1_n256_dt1e-4,1.608,0.0140320596125,0.721930607286
ve_re1_n256_dt1e-4,1.616,0.0140032877408,0.72853100101
ve_re1_n256_dt1e-4,1.624,0.0139749108056,0.735132832419
ve_re1_n256_dt1e-4,1.632,0.0139469252901,0.741735766792
ve_re1_n256_dt1e-4,1.64,0.0139193276247,0.74833953035
ve_re1_n256_dt1e-4,1.648,0.0138921142939,0.754943845063
ve_re1_n256_dt1e-4,1.656,0.0138652816159,0.761548417459
ve_re1_n256_dt1e-4,1.664,0.0138388258135,0.768152936392
ve_re1_n256_dt1e-4,1.672,0.0138127430258,0.774757107121
ve_re1_n256_dt1e-4,1.68,0.0137870293185,0.781360644181
ve_re1_n256_dt1e-4,1.688,0.0137616807599,0.787963270339
ve_re1_n256_dt1e-4,1.696,0.0137366933841,0.794564716814
ve_re1_n256_dt1e-4,1.704,0.0137120631643,0.801164711904
ve_re1_n256_dt1e-4,1.712,0.013687786101,0.807762945297
ve_re1_n256_dt1e-4,1.72,0.0136638581801,0.814359123867
ve_re1_n256_dt1e-4,1.728,0.0136402753867,0.820953008284
ve_re1_n256_dt1e-4,1.736,0.0136170336768,0.827544374199
ve_re1_n256_dt1e-4,1.744,0.0135941289833,0.834132948959
ve_re1_n256_dt1e-4,1.752,0.013571557204,0.840718472151
ve_re1_n256_dt1e-4,1.76,0.0135493141766,0.847300657204
ve_re1_n256_dt1e-4,1.768,0.0135273957186,0.853879199714
ve_re1_n256_dt1e-4,1.776,0.0135057976213,0.86045383201
ve_re1_n256_dt1e-4,1.784,0.0134845156563,0.867024303108
ve_re1_n256_dt1e-4,1.792,0.0134635456514,0.87359040182
ve_re1_n256_dt1e-4,1.8,0.0134428834473,0.880151894036
ve_re1_n256_dt1e-4,1.808,0.0134225249505,0.886708523723
ve_re1_n256_dt1e-4,1.816,0.0134024660716,0.893260110683
ve_re1_n256_dt1e-4,1.824,0.013382702807,0.899806457975
ve_re1_n256_dt1e-4,1.832,0.0133632310616,0.906347323527
ve_re1_n256_dt1e-4,1.84,0.013344046699,0.912882458795
ve_re1_n256_dt1e-4,1.848,0.0133251455704,0.91941158555
ve_re1_n256_dt1e-4,1.856,0.0133065235992,0.925934476954
ve_re1_n256_dt1e-4,1.864,0.0132881766892,0.93245092748
ve_re1_n256_dt1e-4,1.872,0.013270100799,0.9389607255
ve_re1_n256_dt1e-4,1.88,0.0132522919218,0.94546359664
ve_re1_n256_dt1e-4,1.888,0.0132347460597,0.951959345027
ve_re1_n256_dt1e-4,1.896,0.0132174592375,0.958447801438
ve_re1_n256_dt1e-4,1.904,0.0132004275195,0.964928775614
ve_re1_n256_dt1e-4,1.912,0.0131836470152,0.971402039414
ve_re1_n256_dt1e-4,1.92,0.0131671138307,0.977867357928
ve_re1_n256_dt1e-4,1.928,0.0131508242287,0.98432460054
ve_re1_n256_dt1e-4,1.936,0.0131347743906,0.990773626095
ve_re1_n256_dt1e-4,1.944,0.0131189605276,0.997214269195
ve_re1_n256_dt1e-4,1.952,0.0131033789063,1.00364632734
ve_re1_n256_dt1e-4,1.96,0.0130880258201,1.01006961784
ve_re1_n256_dt1e-4,1.968,0.0130728975865,1.01648393499
ve_re1_n256_dt1e-4,1.976,0.0130579905178,1.02288908204
ve_re1_n256_dt1e-4,1.984,0.0130433009976,1.02928489462
ve_re1_n256_dt1e-4,1.992,0.0130288254622,1.03567123122
ve_re1_n256_dt1e-4,2,0.0130145603757,1.04204791741
ve_re1_n256_dt1e-4,2.008,0.0130005021778,1.04841469102
ve_re1_n256_dt1e-4,2.016,0.0129866473955,1.05477132104
ve_re1_n256_dt1e-4,2.024,0.0129729926153,1.06111770571
ve_re1_n256_dt1e-4,2.032,0.0129595344935,1.06745370439
ve_re1_n256_dt1e-4,2.04,0.0129462697773,1.07377924616
ve_re1_n256_dt1e-4,2.048,0.0129331952276,1.08009421035
ve_re1_n256_dt1e-4,2.056,0.0129203075639,1.08639845417
ve_re1_n256_dt1e-4,2.064,0.0129076035562,1.09269184347
ve_re1_n256_dt1e-4,2.072,0.0128950800314,1.0989742256
ve_re1_n256_dt1e-4,2.08,0.0128827338642,1.10524546268
ve_re1_n256_dt1e-4,2.088,0.012870561988,1.11150538377
ve_re1_n256_dt1e-4,2.096,0.0128585613751,1.11775383951
ve_re1_n256_dt1e-4,2.104,0.0128467289874,1.12399070295
ve_re1_n256_dt1e-4,2.112,0.012835061841,1.13021576314
ve_re1_n256_dt1e-4,2.12,0.012823557016,1.13642874519
ve_re1_n256_dt1e-4,2.128,0.0128122116507,1.14262957575
ve_re1_n256_dt1e-4,2.136,0.0128010229064,1.14881819782
ve_re1_n256_dt1e-4,2.144,0.0127899879721,1.15499456448
ve_re1_n256_dt1e-4,2.152,0.0127791040668,1.16115862165
ve_re1_n256_dt1e-4,2.16,0.0127683684669,1.16731031915
ve_re1_n256_dt1e-4,2.168,0.0127577785117,1.17344950432
ve_re1_n256_dt1e-4,2.176,0.0127473316371,1.17957602311
ve_re1_n256_dt1e-4,2.184,0.0127370252813,1.18568980137
ve_re1_n256_dt1e-4,2.192,0.012726856868,1.19179074778
ve_re1_n256_dt1e-4,2.2,0.0127168238788,1.19787876995
ve_re1_n256_dt1e-4,2.208,0.0127069238534,1.20395372988
ve_re1_n256_dt1e-4,2.216,0.0126971543818,1.21001550986
ve_re1_n256_dt1e-4,2.224,0.0126875130852,1.21606401217
ve_re1_n256_dt1e-4,2.232,0.0126779976305,1.22209913228
ve_re1_n256_dt1e-4,2.24,0.0126686057088,1.22812068174
ve_re1_n256_dt1e-4,2.248,0.0126593350516,1.23412844142
ve_re1_n256_dt1e-4,2.256,0.0126501834485,1.24012231023
ve_re1_n256_dt1e-4,2.264,0.0126411487026,1.24610223445
ve_re1_n256_dt1e-4,2.272,0.0126322286807,1.25206816739
ve_re1_n256_dt1e-4,2.28,0.0126234212686,1.25802006873
ve_re1_n256_dt1e-4,2.288,0.0126147243863,1.26395788793
ve_re1_n256_dt1e-4,2.296,0.012606136002,1.26988151521
ve_re1_n256_dt1e-4,2.304,0.0125976541058,1.27579089861
ve_re1_n256_dt1e-4,2.312,0.0125892767219,1.28168602959
ve_re1_n256_dt1e-4,2.32,0.012581001898,1.28756691081
ve_re1_n256_dt1e-4,2.328,0.0125728277165,1.29343352879
ve_re1_n256_dt1e-4,2.336,0.012564752348,1.29928584688
ve_re1_n256_dt1e-4,2.344,0.0125567740007,1.30512379535
ve_re1_n256_dt1e-4,2.352,0.0125488908553,1.31094727174
ve_re1_n256_dt1e-4,2.36,0.012541101142,1.31675611413
ve_re1_n256_dt1e-4,2.368,0.0125334031266,1.32255024521
ve_re1_n256_dt1e-4,2.376,0.0125257951154,1.3283295973
ve_re1_n256_dt1e-4,2.384,0.0125182754571,1.33409409335
ve_re1_n256_dt1e-4,2.392,0.0125108425387,1.3398436222
ve_re1_n256_dt1e-4,2.4,0.012503494748,1.34557796871
ve_re1_n256_dt1e-4,2.408,0.0124962305577,1.35129703145
ve_re1_n256_dt1e-4,2.416,0.0124890484639,1.35700078084
ve_re1_n256_dt1e-4,2.424,0.0124819469635,1.36268919153
ve_re1_n256_dt1e-4,2.432,0.0124749245944,1.3683622341
ve_re1_n256_dt1e-4,2.44,0.012467979913,1.3740198564
ve_re1_n256_dt1e-4,2.448,0.012461111488,1.37966204785
ve_re1_n256_dt1e-4,2.456,0.0124543179517,1.38528876783
ve_re1_n256_dt1e-4,2.464,0.012447597955,1.3908999882
ve_re1_n256_dt1e-4,2.472,0.0124409501716,1.39649571333
ve_re1_n256_dt1e-4,2.48,0.0124343733022,1.40207592298
ve_re1_n256_dt1e-4,2.488,0.0124278660642,1.40764061502
ve_re1_n256_dt1e-4,2.496,0.0124214271901,1.41318979212
ve_re1_n256_dt1e-4,2.504,0.0124150554434,1.41872346523
ve_re1_n256_dt1e-4,2.512,0.0124087496186,1.42424158743
ve_re1_n256_dt1e-4,2.52,0.0124025085344,1.42974415004
ve_re1_n256_dt1e-4,2.528,0.0123963310317,1.43523116773
ve_re1_n256_dt1e-4,2.536,0.0123902159879,1.44070260857
ve_re1_n256_dt1e-4,2.544,0.0123841622652,1.44615839989
ve_re1_n256_dt1e-4,2.552,0.0123781687562,1.45159848651
ve_re1_n256_dt1e-4,2.56,0.0123722343929,1.45702282549
ve_re1_n256_dt1e-4,2.568,0.0123663581425,1.4624313569
ve_re1_n256_dt1e-4,2.576,0.0123605389922,1.467823997
ve_re1_n256_dt1e-4,2.584,0.0123547759471,1.47320060148
ve_re1_n256_dt1e-4,2.592,0.0123490680239,1.47856106921
ve_re1_n256_dt1e-4,2.6,0.0123434142765,1.48390525449
ve_re1_n256_dt1e-4,2.608,0.0123378137961,1.48923313255
ve_re1_n256_dt1e-4,2.616,0.0123322656853,1.49454468285
ve_re1_n256_dt1e-4,2.624,0.0123267690611,1.49983991684
ve_re1_n256_dt1e-4,2.632,0.012321323068,1.50511883371
ve_re1_n256_dt1e-4,2.64,0.0123159268643,1.51038142331
ve_re1_n256_dt1e-4,2.648,0.0123105796261,1.5156276625
ve_re1_n256_dt1e-4,2.656,0.0123052805538,1.52085754376
ve_re1_n256_dt1e-4,2.664,0.0123000288626,1.52607106373
ve_re1_n256_dt1e-4,2.672,0.0122948237818,1.53126822402
ve_re1_n256_dt1e-4,2.68,0.0122896645469,1.53644904848
ve_re1_n256_dt1e-4,2.688,0.0122845504346,1.54161357301
ve_re1_n256_dt1e-4,2.696,0.0122794807292,1.54676183526
ve_re1_n256_dt1e-4,2.704,0.0122744547291,1.55189387046
ve_re1_n256_dt1e-4,2.712,0.0122694717336,1.55700971698
ve_re1_n256_dt1e-4,2.72,0.0122645310571,1.56210938068
ve_re1_n256_dt1e-4,2.728,0.0122596320239,1.56719288105
ve_re1_n256_dt1e-4,2.736,0.0122547739665,1.57226024912
ve_re1_n256_dt1e-4,2.744,0.0122499562325,1.57731151768
ve_re1_n256_dt1e-4,2.752,0.0122451781911,1.58234671912
ve_re1_n256_dt1e-4,2.76,0.0122404392153,1.58736587955
ve_re1_n256_dt1e-4,2.768,0.012235738689,1.59236902549
ve_re1_n256_dt1e-4,2.776,0.0122310760113,1.5973561527
ve_re1_n256_dt1e-4,2.784,0.0122264505916,1.60232717307
ve_re1_n256_dt1e-4,2.792,0.0122218618345,1.60728203633
ve_re1_n256_dt1e-4,2.8,0.0122173091755,1.61222068107
ve_re1_n256_dt1e-4,2.808,0.0122127920721,1.61714305328
ve_re1_n256_dt1e-4,2.816,0.0122083099849,1.62204912638
ve_re1_n256_dt1e-4,2.824,0.0122038623987,1.62693885745
ve_re1_n256_dt1e-4,2.832,0.0121994488135,1.63181222117
ve_re1_n256_dt1e-4,2.84,0.0121950687355,1.6366692066
ve_re1_n256_dt1e-4,2.848,0.0121907216865,1.64150972663
ve_re1_n256_dt1e-4,2.856,0.0121864072013,1.64633367988
ve_re1_n256_dt1e-4,2.864,0.0121821248256,1.65114104605
ve_re1_n256_dt1e-4,2.872,0.0121778741081,1.65593175492
ve_re1_n256_dt1e-4,2.88,0.0121736546174,1.660705799
ve_re1_n256_dt1e-4,2.888,0.0121694659344,1.66546318559
ve_re1_n256_dt1e-4,2.896,0.0121653076561,1.67020389893
ve_re1_n256_dt1e-4,2.904,0.0121611793814,1.67492793476
ve_re1_n256_dt1e-4,2.912,0.0121570807167,1.6796352858
ve_re1_n256_dt1e-4,2.92,0.0121530112824,1.68432597271
ve_re1_n256_dt1e-4,2.928,0.0121489707026,1.68900002932
ve_re1_n256_dt1e-4,2.936,0.0121449586151,1.69365748374
ve_re1_n256_dt1e-4,2.944,0.0121409746684,1.69829836548
ve_re1_n256_dt1e-4,2.952,0.0121370185137,1.70292271549
ve_re1_n256_dt1e-4,2.96,0.0121330898117,1.70753057549
ve_re1_n256_dt1e-4,2.968,0.0121291882319,1.71212199292
ve_re1_n256_dt1e-4,2.976,0.0121253134483,1.71669701028
ve_re1_n256_dt1e-4,2.984,0.0121214651468,1.72125571648
ve_re1_n256_dt1e-4,2.992,0.0121176430291,1.72579815169
ve_re1_n256_dt1e-4,3,0.0121138467847,1.73032436608
ve_re1_n256_dt1e-4,3.008,0.0121100761084,1.73483441906
ve_re1_n256_dt1e-4,3.016,0.0121063307018,1.73932836224
ve_re1_n256_dt1e-4,3.024,0.0121026102702,1.74380624056
ve_re1_n256_dt1e-4,3.032,0.0120989145212,1.74826809863
ve_re1_n256_dt1e-4,3.04,0.0120952431706,1.75271397722
ve_re1_n256_dt1e-4,3.048,0.0120915959402,1.75714389993
ve_re1_n256_dt1e-4,3.056,0.0120879725488,1.76155790718
ve_re1_n256_dt1e-4,3.064,0.0120843727135,1.76595603635
ve_re1_n256_dt1e-4,3.072,0.0120807961572,1.77033831725
ve_re1_n256_dt1e-4,3.08,0.0120772426106,1.77470477397
ve_re1_n256_dt1e-4,3.088,0.0120737118086,1.77905542881
ve_re1_n256_dt1e-4,3.096,0.0120702034929,1.78339029508
ve_re1_n256_dt1e-4,3.104,0.0120667174032,1.7877093603
ve_re1_n256_dt1e-4,3.112,0.0120632532845,1.79201259057
ve_re1_n256_dt1e-4,3.12,0.0120598108988,1.79629995865
ve_re1_n256_dt1e-4,3.128,0.0120563900173,1.8005714628
ve_re1_n256_dt1e-4,3.136,0.0120529904068,1.80482710588
ve_re1_n256_dt1e-4,3.144,0.0120496118432,1.8090668711
ve_re1_n256_dt1e-4,3.152,0.0120462541112,1.81329074729
ve_re1_n256_dt1e-4,3.16,0.012042917002,1.81749874021
ve_re1_n256_dt1e-4,3.168,0.0120396003133,1.82169085136
ve_re1_n256_dt1e-4,3.176,0.0120363038456,1.82586705267
ve_re1_n256_dt1e-4,3.184,0.0120330273988,1.83002726496
ve_re1_n256_dt1e-4,3.192,0.0120297707799,1.83417148369
ve_re1_n256_dt1e-4,3.2,0.0120265338073,1.83829970943
ve_re1_n256_dt1e-4,3.208,0.0120233163044,1.84241194255
ve_re1_n256_dt1e-4,3.216,0.0120201180884,1.84650819498
ve_re1_n256_dt1e-4,3.224,0.0120169389791,1.85058848636
ve_re1_n256_dt1e-4,3.232,0.0120137788042,1.85465282316
ve_re1_n256_dt1e-4,3.24,0.0120106373911,1.85870119305
ve_re1_n256_dt1e-4,3.248,0.0120075145706,1.86273360797
ve_re1_n256_dt1e-4,3.256,0.0120044101818,1.86675008204
ve_re1_n256_dt1e-4,3.264,0.0120013240677,1.87075063374
ve_re1_n256_dt1e-4,3.272,0.0119982560732,1.8747352811
ve_re1_n256_dt1e-4,3.28,0.0119952060451,1.87870403721
ve_re1_n256_dt1e-4,3.288,0.011992173833,1.88265691291
ve_re1_n256_dt1e-4,3.296,0.0119891592851,1.88659393976
ve_re1_n256_dt1e-4,3.304,0.0119861622485,1.89051514932
ve_re1_n256_dt1e-4,3.312,0.0119831825788,1.89442056886
ve_re1_n256_dt1e-4,3.32,0.0119802201353,1.89831022963
ve_re1_n256_dt1e-4,3.328,0.0119772747773,1.90218418158
ve_re1_n256_dt1e-4,3.336,0.0119743463677,1.90604246625
ve_re1_n256_dt1e-4,3.344,0.0119714347692,1.90988511574
ve_re1_n256_dt1e-4,3.352,0.0119685398386,1.91371215865
ve_re1_n256_dt1e-4,3.36,0.0119656614383,1.91752363777
ve_re1_n256_dt1e-4,3.368,0.0119627994335,1.92131959579
ve_re1_n256_dt1e-4,3.376,0.0119599536929,1.92510007814
ve_re1_n256_dt1e-4,3.384,0.0119571240913,1.92886512914
ve_re1_n256_dt1e-4,3.392,0.0119543104969,1.93261482038
ve_re1_n256_dt1e-4,3.4,0.0119515127805,1.93634925774
ve_re1_n256_dt1e-4,3.408,0.0119487308206,1.94006850173
ve_re1_n256_dt1e-4,3.416,0.0119459644932,1.94377260816
ve_re1_n256_dt1e-4,3.424,0.0119432136755,1.94746163055
ve_re1_n256_dt1e-4,3.432,0.0119404782446,1.95113561754
ve_re1_n256_dt1e-4,3.44,0.0119377580773,1.95479461295
ve_re1_n256_dt1e-4,3.448,0.0119350530481,1.95843866608
ve_re1_n256_dt1e-4,3.456,0.0119323630327,1.96206781918
ve_re1_n256_dt1e-4,3.464,0.0119296879121,1.96568211348
ve_re1_n256_dt1e-4,3.472,0.0119270275692,1.96928158619
ve_re1_n256_dt1e-4,3.48,0.011924381889,1.97286626932
ve_re1_n256_dt1e-4,3.488,0.0119217507603,1.97643619083
ve_re1_n256_dt1e-4,3.496,0.0119191340675,1.97999138141
ve_re1_n256_dt1e-4,3.504,0.0119165316981,1.9835318655
ve_re1_n256_dt1e-4,3.512,0.0119139435428,1.98705767514
ve_re1_n256_dt1e-4,3.52,0.0119113694948,1.99056884546
ve_re1_n256_dt1e-4,3.528,0.0119088094496,1.99406541406
ve_re1_n256_dt1e-4,3.536,0.011906263301,1.99754740866
ve_re1_n256_dt1e-4,3.544,0.0119037309423,2.0010148106
ve_re1_n256_dt1e-4,3.552,0.0119012122714,2.00446762301
ve_re1_n256_dt1e-4,3.56,0.0118987071914,2.00790586779
ve_re1_n256_dt1e-4,3.568,0.0118962156073,2.01132957301
ve_re1_n256_dt1e-4,3.576,0.0118937374261,2.01473876294
ve_re1_n256_dt1e-4,3.584,0.0118912725567,2.01813346369
ve_re1_n256_dt1e-4,3.592,0.0118888209122,2.02151370393
ve_re1_n256_dt1e-4,3.6,0.0118863824111,2.02487949268
ve_re1_n256_dt1e-4,3.608,0.0118839569752,2.02823079152
ve_re1_n256_dt1e-4,3.616,0.0118815445185,2.03156753361
ve_re1_n256_dt1e-4,3.624,0.0118791449499,2.03488969464
ve_re1_n256_dt1e-4,3.632,0.0118767581877,2.03819727693
ve_re1_n256_dt1e-4,3.64,0.0118743841569,2.04149027656
ve_re1_n256_dt1e-4,3.648,0.0118720227852,2.04476868327
ve_re1_n256_dt1e-4,3.656,0.0118696740009,2.04803248772
ve_re1_n256_dt1e-4,3.664,0.0118673377341,2.05128169343
ve_re1_n256_dt1e-4,3.672,0.0118650139156,2.05451630365
ve_re1_n256_dt1e-4,3.68,0.0118627024782,2.0577363236
ve_re1_n256_dt1e-4,3.688,0.0118604033546,2.06094176002
ve_re1_n256_dt1e-4,3.696,0.0118581164775,2.06413262025
ve_re1_n256_dt1e-4,3.704,0.0118558417756,2.06730890742
ve_re1_n256_dt1e-4,3.712,0.0118535791825,2.07047063283
ve_re1_n256_dt1e-4,3.72,0.0118513286374,2.07361780942
ve_re1_n256_dt1e-4,3.728,0.0118490900825,2.07675044852
ve_re1_n256_dt1e-4,3.736,0.011846863457,2.07986856785
ve_re1_n256_dt1e-4,3.744,0.0118446486929,2.08297217599
ve_re1_n256_dt1e-4,3.752,0.011842445725,2.08606128801
ve_re1_n256_dt1e-4,3.76,0.0118402544914,2.08913592513
ve_re1_n256_dt1e-4,3.768,0.0118380749323,2.09219609714
ve_re1_n256_dt1e-4,3.776,0.0118359069834,2.09524182907
ve_re1_n256_dt1e-4,3.784,0.0118337505753,2.0982731354
ve_re1_n256_dt1e-4,3.792,0.0118316056434,2.10129004516
ve_re1_n256_dt1e-4,3.8,0.0118294721273,2.10429258436
ve_re1_n256_dt1e-4,3.808,0.0118273499664,2.10728077842
ve_re1_n256_dt1e-4,3.816,0.0118252390995,2.11025463023
ve_re1_n256_dt1e-4,3.824,0.0118231394657,2.11321417452
ve_re1_n256_dt1e-4,3.832,0.0118210510049,2.11615942883
ve_re1_n256_dt1e-4,3.84,0.0118189736555,2.11909042961
ve_re1_n256_dt1e-4,3.848,0.0118169073573,2.12200718896
ve_re1_n256_dt1e-4,3.856,0.0118148520442,2.12490974454
ve_re1_n256_dt1e-4,3.864,0.0118128076474,2.12779813609
ve_re1_n256_dt1e-4,3.872,0.0118107741066,2.13067238821
ve_re1_n256_dt1e-4,3.88,0.0118087513637,2.1335325389
ve_re1_n256_dt1e-4,3.888,0.0118067393604,2.13637860856
ve_re1_n256_dt1e-4,3.896,0.0118047380323,2.13921064034
ve_re1_n256_dt1e-4,3.904,0.0118027473168,2.14202865936
ve_re1_n256_dt1e-4,3.912,0.0118007671534,2.14483270638
ve_re1_n256_dt1e-4,3.92,0.0117987974819,2.14762282152
ve_re1_n256_dt1e-4,3.928,0.0117968382437,2.15039902612
ve_re1_n256_dt1e-4,3.936,0.0117948893771,2.15316135316
ve_re1_n256_dt1e-4,3.944,0.0117929508206,2.15590982144
ve_re1_n256_dt1e-4,3.952,0.0117910225164,2.15864445389
ve_re1_n256_dt1e-4,3.96,0.0117891044067,2.16136530161
ve_re1_n256_dt1e-4,3.968,0.011787196436,2.16407239126
ve_re1_n256_dt1e-4,3.976,0.0117852985501,2.16676576612
ve_re1_n256_dt1e-4,3.984,0.0117834106942,2.16944547664
ve_re1_n256_dt1e-4,3.992,0.0117815328149,2.17211154469
ve_re1_n256_dt1e-4,4,0.0117796648606,2.17476401486
ve_re1_n256_dt1e-4,4.008,0.0117778067778,2.17740293925
ve_re1_n256_dt1e-4,4.016,0.011775958509,2.1800283425
ve_re1_n256_dt1e-4,4.024,0.0117741199975,2.18264028927
ve_re1_n256_dt1e-4,4.032,0.0117722911937,2.18523885449
ve_re1_n256_dt1e-4,4.04,0.0117704720496,2.18782406214
ve_re1_n256_dt1e-4,4.048,0.0117686625163,2.19039595679
ve_re1_n256_dt1e-4,4.056,0.0117668625461,2.1929545951
ve_re1_n256_dt1e-4,4.064,0.0117650720858,2.19550000671
ve_re1_n256_dt1e-4,4.072,0.0117632910814,2.19803223316
ve_re1_n256_dt1e-4,4.08,0.0117615194817,2.20055133161
ve_re1_n256_dt1e-4,4.088,0.011759757236,2.2030573422
ve_re1_n256_dt1e-4,4.096,0.011758004291,2.20555029395
ve_re1_n256_dt1e-4,4.104,0.0117562605926,2.20803024865
ve_re1_n256_dt1e-4,4.112,0.0117545260926,2.210497259
ve_re1_n256_dt1e-4,4.12,0.0117528007438,2.21295134556
ve_re1_n256_dt1e-4,4.128,0.0117510844991,2.21539255857
ve_re1_n256_dt1e-4,4.136,0.0117493773111,2.21782096145
ve_re1_n256_dt1e-4,4.144,0.0117476791342,2.22023659518
ve_re1_n256_dt1e-4,4.152,0.0117459899239,2.222639495
ve_re1_n256_dt1e-4,4.16,0.0117443096351,2.22502969884
ve_re1_n256_dt1e-4,4.168,0.0117426382205,2.22740724707
ve_re1_n256_dt1e-4,4.176,0.0117409756335,2.22977216225
ve_re1_n256_dt1e-4,4.184,0.0117393218245,2.23212449025
ve_re1_n256_dt1e-4,4.192,0.0117376767439,2.23446428755
ve_re1_n256_dt1e-4,4.2,0.0117360403452,2.23679160582
ve_re1_n256_dt1e-4,4.208,0.0117344125832,2.23910647155
ve_re1_n256_dt1e-4,4.216,0.0117327934107,2.24140893586
ve_re1_n256_dt1e-4,4.224,0.0117311827808,2.24369905377
ve_re1_n256_dt1e-4,4.232,0.0117295806467,2.24597686965
ve_re1_n256_dt1e-4,4.24,0.0117279869623,2.24824240555
ve_re1_n256_dt1e-4,4.248,0.0117264016831,2.25049571805
ve_re1_n256_dt1e-4,4.256,0.0117248247658,2.25273685643
ve_re1_n256_dt1e-4,4.264,0.011723256163,2.25496584176
ve_re1_n256_dt1e-4,4.272,0.0117216958261,2.25718268949
ve_re1_n256_dt1e-4,4.28,0.0117201436982,2.25938744992
ve_re1_n256_dt1e-4,4.288,0.0117185997267,2.26158017612
ve_re1_n256_dt1e-4,4.296,0.0117170638617,2.26376091393
ve_re1_n256_dt1e-4,4.304,0.0117155360549,2.26592967944
ve_re1_n256_dt1e-4,4.312,0.0117140162572,2.26808651237
ve_re1_n256_dt1e-4,4.32,0.0117125044177,2.27023146785
ve_re1_n256_dt1e-4,4.328,0.011711000487,2.2723646044
ve_re1_n256_dt1e-4,4.336,0.0117095044164,2.27448594465
ve_re1_n256_dt1e-4,4.344,0.0117080161567,2.27659552425
ve_re1_n256_dt1e-4,4.352,0.0117065356601,2.2786933968
ve_re1_n256_dt1e-4,4.36,0.0117050628791,2.28077961645
ve_re1_n256_dt1e-4,4.368,0.0117035977651,2.28285422373
ve_re1_n256_dt1e-4,4.376,0.0117021402662,2.28491723836
ve_re1_n256_dt1e-4,4.384,0.0117006903297,2.2869687121
ve_re1_n256_dt1e-4,4.392,0.011699247905,2.2890086965
ve_re1_n256_dt1e-4,4.4,0.0116978129426,2.29103724036
ve_re1_n256_dt1e-4,4.408,0.0116963853934,2.29305436565
ve_re1_n256_dt1e-4,4.416,0.0116949652087,2.29506010652
ve_re1_n256_dt1e-4,4.424,0.0116935523392,2.29705451576
ve_re1_n256_dt1e-4,4.432,0.0116921467362,2.29903764111
ve_re1_n256_dt1e-4,4.44,0.0116907483496,2.30100952893
ve_re1_n256_dt1e-4,4.448,0.0116893571306,2.30297019207
ve_re1_n256_dt1e-4,4.456,0.0116879730301,2.30491967214
ve_re1_n256_dt1e-4,4.464,0.0116865959997,2.30685802086
ve_re1_n256_dt1e-4,4.472,0.0116852259913,2.30878528622
ve_re1_n256_dt1e-4,4.48,0.0116838629567,2.31070151302
ve_re1_n256_dt1e-4,4.488,0.0116825068462,2.31260671531
ve_re1_n256_dt1e-4,4.496,0.0116811576112,2.31450093632
ve_re1_n256_dt1e-4,4.504,0.0116798152053,2.31638422288
ve_re1_n256_dt1e-4,4.512,0.0116784795831,2.31825661989
ve_re1_n256_dt1e-4,4.52,0.0116771507006,2.3201181735
ve_re1_n256_dt1e-4,4.528,0.0116758285135,2.321968898
ve_re1_n256_dt1e-4,4.536,0.0116745129772,2.32380883464
ve_re1_n256_dt1e-4,4.544,0.0116732040467,2.32563803373
ve_re1_n256_dt1e-4,4.552,0.0116719016759,2.32745654557
ve_re1_n256_dt1e-4,4.56,0.0116706058186,2.32926441919
ve_re1_n256_dt1e-4,4.568,0.0116693164309,2.33106167258
ve_re1_n256_dt1e-4,4.576,0.0116680334695,2.33284834345
ve_re1_n256_dt1e-4,4.584,0.0116667568922,2.33462448647
ve_re1_n256_dt1e-4,4.592,0.0116654866562,2.33639015074
ve_re1_n256_dt1e-4,4.6,0.0116642227202,2.33814538425
ve_re1_n256_dt1e-4,4.608,0.0116629650432,2.33989022011
ve_re1_n256_dt1e-4,4.616,0.0116617135816,2.34162467323
ve_re1_n256_dt1e-4,4.624,0.0116604682946,2.34334879145
ve_re1_n256_dt1e-4,4.632,0.0116592291426,2.34506262379
ve_re1_n256_dt1e-4,4.64,0.0116579960873,2.34676621955
ve_re1_n256_dt1e-4,4.648,0.0116567690913,2.34845962513
ve_re1_n256_dt1e-4,4.656,0.0116555481169,2.35014285257
ve_re1_n256_dt1e-4,4.664,0.0116543331261,2.35181593628
ve_re1_n256_dt1e-4,4.672,0.0116531240817,2.35347892519
ve_re1_n256_dt1e-4,4.68,0.0116519209477,2.35513186846
ve_re1_n256_dt1e-4,4.688,0.0116507236889,2.35677481439
ve_re1_n256_dt1e-4,4.696,0.0116495322706,2.3584078073
ve_re1_n256_dt1e-4,4.704,0.011648346658,2.36003086013
ve_re1_n256_dt1e-4,4.712,0.0116471668169,2.36164401534
ve_re1_n256_dt1e-4,4.72,0.0116459927141,2.36324732289
ve_re1_n256_dt1e-4,4.728,0.0116448243165,2.36484083305
ve_re1_n256_dt1e-4,4.736,0.0116436615915,2.36642459585
ve_re1_n256_dt1e-4,4.744,0.0116425045071,2.36799865488
ve_re1_n256_dt1e-4,4.752,0.011641353031,2.36956302432
ve_re1_n256_dt1e-4,4.76,0.0116402071308,2.37111774897
ve_re1_n256_dt1e-4,4.768,0.0116390667746,2.37266287854
ve_re1_n256_dt1e-4,4.776,0.0116379319328,2.37419846283
ve_re1_n256_dt1e-4,4.784,0.011636802578,2.37572455262
ve_re1_n256_dt1e-4,4.792,0.0116356786827,2.37724119622
ve_re1_n256_dt1e-4,4.8,0.0116345602184,2.37874841468
ve_re1_n256_dt1e-4,4.808,0.0116334471574,2.38024624901
ve_re1_n256_dt1e-4,4.816,0.011632339472,2.38173474766
ve_re1_n256_dt1e-4,4.824,0.0116312371349,2.38321396253
ve_re1_n256_dt1e-4,4.832,0.0116301401199,2.38468394526
ve_re1_n256_dt1e-4,4.84,0.011629048401,2.38614474692
ve_re1_n256_dt1e-4,4.848,0.0116279619515,2.38759639351
ve_re1_n256_dt1e-4,4.856,0.0116268807439,2.38903891555
ve_re1_n256_dt1e-4,4.864,0.0116258047521,2.3904723646
ve_re1_n256_dt1e-4,4.872,0.0116247339498,2.39189679257
ve_re1_n256_dt1e-4,4.88,0.0116236683115,2.39331225238
ve_re1_n256_dt1e-4,4.888,0.0116226078133,2.39471879712
ve_re1_n256_dt1e-4,4.896,0.0116215524309,2.39611647402
ve_re1_n256_dt1e-4,4.904,0.0116205021373,2.39750530091
ve_re1_n256_dt1e-4,4.912,0.011619456906,2.39888532581
ve_re1_n256_dt1e-4,4.92,0.0116184167115,2.40025660298
ve_re1_n256_dt1e-4,4.928,0.0116173815284,2.40161918659
ve_re1_n256_dt1e-4,4.936,0.0116163513314,2.40297313107
ve_re1_n256_dt1e-4,4.944,0.0116153260925,2.40431849013
ve_re1_n256_dt1e-4,4.952,0.0116143057813,2.40565530547
ve_re1_n256_dt1e-4,4.96,0.0116132903682,2.40698360056
ve_re1_n256_dt1e-4,4.968,0.0116122798257,2.40830342941
ve_re1_n256_dt1e-4,4.976,0.011611274127,2.40961484649
ve_re1_n256_dt1e-4,4.984,0.0116102732457,2.41091790553
ve_re1_n256_dt1e-4,4.992,0.0116092771548,2.41221266131
ve_re1_n256_dt1e-4,5,0.0116082858271,2.4134991677
ve_re1_n256_dt1e-4,5.008,0.0116072992341,2.41477746716
ve_re1_n256_dt1e-4,5.016,0.0116063173453,2.4160475832
ve_re1_n256_dt1e-4,5.024,0.0116053401314,2.41730956982
ve_re1_n256_dt1e-4,5.032,0.0116043675643,2.41856348214
ve_re1_n256_dt1e-4,5.04,0.0116033996165,2.41980937492
ve_re1_n256_dt1e-4,5.048,0.0116024362605,2.42104730165
ve_re1_n256_dt1e-4,5.056,0.0116014774679,2.42227731637
ve_re1_n256_dt1e-4,5.064,0.0116005232093,2.42349946834
ve_re1_n256_dt1e-4,5.072,0.0115995734534,2.42471377964
ve_re1_n256_dt1e-4,5.08,0.0115986281697,2.42592029955
ve_re1_n256_dt1e-4,5.088,0.011597687329,2.4271190788
ve_re1_n256_dt1e-4,5.096,0.0115967509031,2.42831016984
ve_re1_n256_dt1e-4,5.104,0.0115958188638,2.4294936277
ve_re1_n256_dt1e-4,5.112,0.011594891183,2.43066950832
ve_re1_n256_dt1e-4,5.12,0.0115939678318,2.43183786843
ve_re1_n256_dt1e-4,5.128,0.0115930487797,2.43299874514
ve_re1_n256_dt1e-4,5.136,0.0115921339959,2.43415217046
ve_re1_n256_dt1e-4,5.144,0.0115912234524,2.43529819953
ve_re1_n256_dt1e-4,5.152,0.0115903171228,2.43643688659
ve_re1_n256_dt1e-4,5.16,0.0115894149806,2.43756828596
ve_re1_n256_dt1e-4,5.168,0.0115885169995,2.43869245565
ve_re1_n256_dt1e-4,5.176,0.0115876231526,2.4398094521
ve_re1_n256_dt1e-4,5.184,0.0115867334118,2.44091932823
ve_re1_n256_dt1e-4,5.192,0.0115858477483,2.44202211339
ve_re1_n256_dt1e-4,5.2,0.0115849661335,2.44311784085
ve_re1_n256_dt1e-4,5.208,0.011584088541,2.44420656265
ve_re1_n256_dt1e-4,5.216,0.0115832149464,2.44528833046
ve_re1_n256_dt1e-4,5.224,0.0115823453258,2.44636319548
ve_re1_n256_dt1e-4,5.232,0.0115814796557,2.44743120978
ve_re1_n256_dt1e-4,5.24,0.0115806179121,2.44849242042
ve_re1_n256_dt1e-4,5.248,0.0115797600697,2.44954687388
ve_re1_n256_dt1e-4,5.256,0.011578906103,2.45059460278
ve_re1_n256_dt1e-4,5.264,0.0115780559863,2.45163563208
ve_re1_n256_dt1e-4,5.272,0.0115772096972,2.45267001047
ve_re1_n256_dt1e-4,5.28,0.0115763672151,2.45369778614
ve_re1_n256_dt1e-4,5.288,0.0115755285186,2.45471900652
ve_re1_n256_dt1e-4,5.296,0.0115746935862,2.45573371889
ve_re1_n256_dt1e-4,5.304,0.0115738623951,2.4567419701
ve_re1_n256_dt1e-4,5.312,0.0115730349223,2.45774380663
ve_re1_n256_dt1e-4,5.32,0.0115722111452,2.45873927035
ve_re1_n256_dt1e-4,5.328,0.0115713910409,2.45972837645
ve_re1_n256_dt1e-4,5.336,0.0115705745891,2.46071116427
ve_re1_n256_dt1e-4,5.344,0.0115697617713,2.46168767972
ve_re1_n256_dt1e-4,5.352,0.0115689525694,2.46265796706
ve_re1_n256_dt1e-4,5.36,0.0115681469649,2.46362206439
ve_re1_n256_dt1e-4,5.368,0.0115673449379,2.46458001626
ve_re1_n256_dt1e-4,5.376,0.0115665464679,2.46553186616
ve_re1_n256_dt1e-4,5.384,0.011565751534,2.46647765602
ve_re1_n256_dt1e-4,5.392,0.0115649601157,2.46741741817
ve_re1_n256_dt1e-4,5.4,0.011564172194,2.46835116645
ve_re1_n256_dt1e-4,5.408,0.0115633877526,2.46927894066
ve_re1_n256_dt1e-4,5.416,0.0115626067759,2.47020078182
ve_re1_n256_dt1e-4,5.424,0.0115618292488,2.47111673068
ve_re1_n256_dt1e-4,5.432,0.0115610551557,2.4720268276
ve_re1_n256_dt1e-4,5.44,0.0115602844797,2.47293111221
ve_re1_n256_dt1e-4,5.448,0.0115595172029,2.47382962405
ve_re1_n256_dt1e-4,5.456,0.0115587533075,2.47472240154
ve_re1_n256_dt1e-4,5.464,0.0115579927764,2.4756094761
ve_re1_n256_dt1e-4,5.472,0.0115572355936,2.47649086082
ve_re1_n256_dt1e-4,5.48,0.0115564817458,2.47736659181
ve_re1_n256_dt1e-4,5.488,0.0115557312206,2.47823670679
ve_re1_n256_dt1e-4,5.496,0.0115549840053,2.47910124291
ve_re1_n256_dt1e-4,5.504,0.0115542400865,2.47996023708
ve_re1_n256_dt1e-4,5.512,0.0115534994499,2.48081372602
ve_re1_n256_dt1e-4,5.52,0.0115527620801,2.4816617466
ve_re1_n256_dt1e-4,5.528,0.0115520279615,2.4825043353
ve_re1_n256_dt1e-4,5.536,0.0115512970788,2.48334152724
ve_re1_n256_dt1e-4,5.544,0.0115505694174,2.48417333331
ve_re1_n256_dt1e-4,5.552,0.0115498449649,2.48499977804
ve_re1_n256_dt1e-4,5.56,0.0115491237103,2.48582089708
ve_re1_n256_dt1e-4,5.568,0.0115484056429,2.48663672563
ve_re1_n256_dt1e-4,5.576,0.0115476907513,2.48744729859
ve_re1_n256_dt1e-4,5.584,0.0115469790231,2.48825265065
ve_re1_n256_dt1e-4,5.592,0.0115462704451,2.4890528165
ve_re1_n256_dt1e-4,5.6,0.0115455650031,2.48984783056
ve_re1_n256_dt1e-4,5.608,0.0115448626833,2.49063772885
ve_re1_n256_dt1e-4,5.616,0.0115441634732,2.4914225442
ve_re1_n256_dt1e-4,5.624,0.0115434673612,2.49220228437
ve_re1_n256_dt1e-4,5.632,0.0115427743374,2.49297697757
ve_re1_n256_dt1e-4,5.64,0.0115420843919,2.49374665747
ve_re1_n256_dt1e-4,5.648,0.011541397514,2.49451135792
ve_re1_n256_dt1e-4,5.656,0.0115407136913,2.49527111253
ve_re1_n256_dt1e-4,5.664,0.0115400329108,2.49602595485
ve_re1_n256_dt1e-4,5.672,0.0115393551583,2.49677591814
ve_re1_n256_dt1e-4,5.68,0.0115386804198,2.49752103516
ve_re1_n256_dt1e-4,5.688,0.0115380086822,2.49826133862
ve_re1_n256_dt1e-4,5.696,0.0115373399327,2.49899686066
ve_re1_n256_dt1e-4,5.704,0.0115366741591,2.49972761237
ve_re1_n256_dt1e-4,5.712,0.0115360113504,2.50045361433
ve_re1_n256_dt1e-4,5.72,0.0115353514954,2.5011748994
ve_re1_n256_dt1e-4,5.728,0.0115346945826,2.50189150027
ve_re1_n256_dt1e-4,5.736,0.0115340405993,2.50260344935
ve_re1_n256_dt1e-4,5.744,0.0115333895319,2.50331077855
ve_re1_n256_dt1e-4,5.752,0.0115327413664,2.50401351919
ve_re1_n256_dt1e-4,5.76,0.0115320960878,2.50471170253
ve_re1_n256_dt1e-4,5.768,0.0115314536821,2.50540535995
ve_re1_n256_dt1e-4,5.776,0.0115308141362,2.50609452267
ve_re1_n256_dt1e-4,5.784,0.011530177438,2.50677921975
ve_re1_n256_dt1e-4,5.792,0.0115295435749,2.50745945948
ve_re1_n256_dt1e-4,5.8,0.0115289125356,2.50813526731
ve_re1_n256_dt1e-4,5.808,0.0115282843089,2.50880667498
ve_re1_n256_dt1e-4,5.816,0.0115276588827,2.50947371419
ve_re1_n256_dt1e-4,5.824,0.0115270362433,2.51013641634
ve_re1_n256_dt1e-4,5.832,0.0115264163757,2.51079481282
ve_re1_n256_dt1e-4,5.84,0.0115257992652,2.51144893447
ve_re1_n256_dt1e-4,5.848,0.0115251848984,2.51209881192
ve_re1_n256_dt1e-4,5.856,0.0115245732629,2.51274447577
ve_re1_n256_dt1e-4,5.864,0.0115239643475,2.51338595751
ve_re1_n256_dt1e-4,5.872,0.0115233581412,2.51402328838
ve_re1_n256_dt1e-4,5.88,0.011522754633,2.51465648475
ve_re1_n256_dt1e-4,5.888,0.011522153811,2.5152855621
ve_re1_n256_dt1e-4,5.896,0.0115215556632,2.51591055169
ve_re1_n256_dt1e-4,5.904,0.0115209601761,2.51653148441
ve_re1_n256_dt1e-4,5.912,0.0115203673351,2.51714839093
ve_re1_n256_dt1e-4,5.92,0.0115197771255,2.51776130163
ve_re1_n256_dt1e-4,5.928,0.0115191895328,2.51837024689
ve_re1_n256_dt1e-4,5.936,0.0115186045437,2.51897525697
ve_re1_n256_dt1e-4,5.944,0.0115180221459,2.51957636194
ve_re1_n256_dt1e-4,5.952,0.0115174423279,2.52017359167
ve_re1_n256_dt1e-4,5.96,0.0115168650787,2.52076697584
ve_re1_n256_dt1e-4,5.968,0.0115162903873,2.52135654445
ve_re1_n256_dt1e-4,5.976,0.0115157182421,2.52194231393
ve_re1_n256_dt1e-4,5.984,0.01151514863,2.52252429946
ve_re1_n256_dt1e-4,5.992,0.0115145815379,2.52310253137
ve_re1_n256_dt1e-4,6,0.0115140169515,2.52367703997
ve_re1_n256_dt1e-4,6.008,0.0115134548557,2.52424785533
ve_re1_n256_dt1e-4,6.016,0.0115128952353,2.52481500708
ve_re1_n256_dt1e-4,6.024,0.0115123380757,2.52537852469
ve_re1_n256_dt1e-4,6.032,0.0115117833627,2.52593843738
ve_re1_n256_dt1e-4,6.04,0.0115112310827,2.52649477423
ve_re1_n256_dt1e-4,6.048,0.0115106812225,2.52704756443
ve_re1_n256_dt1e-4,6.056,0.0115101337693,2.52759683682
ve_re1_n256_dt1e-4,6.064,0.0115095887101,2.52814262011
ve_re1_n256_dt1e-4,6.072,0.0115090460308,2.52868494153
ve_re1_n256_dt1e-4,6.08,0.0115085057153,2.52922380995
ve_re1_n256_dt1e-4,6.088,0.0115079677466,2.52975924697
ve_re1_n256_dt1e-4,6.096,0.0115074321082,2.53029128042
ve_re1_n256_dt1e-4,6.104,0.0115068987833,2.53081993772
ve_re1_n256_dt1e-4,6.112,0.0115063677558,2.53134524528
ve_re1_n256_dt1e-4,6.12,0.0115058390094,2.53186722979
ve_re1_n256_dt1e-4,6.128,0.0115053125282,2.53238591785
ve_re1_n256_dt1e-4,6.136,0.0115047882958,2.53290133535
ve_re1_n256_dt1e-4,6.144,0.0115042662978,2.53341350808
ve_re1_n256_dt1e-4,6.152,0.0115037465199,2.53392246176
ve_re1_n256_dt1e-4,6.16,0.0115032289473,2.534428222
ve_re1_n256_dt1e-4,6.168,0.0115027135641,2.5349308139
ve_re1_n256_dt1e-4,6.176,0.0115022003524,2.53543026212
ve_re1_n256_dt1e-4,6.184,0.0115016892929,2.53592657984
ve_re1_n256_dt1e-4,6.192,0.0115011803654,2.53641977673
ve_re1_n256_dt1e-4,6.2,0.0115006735517,2.53690987641
ve_re1_n256_dt1e-4,6.208,0.0115001688342,2.53739690188
ve_re1_n256_dt1e-4,6.216,0.0114996661952,2.53788087569
ve_re1_n256_dt1e-4,6.224,0.0114991656173,2.53836182011
ve_re1_n256_dt1e-4,6.232,0.0114986670842,2.53883975707
ve_re1_n256_dt1e-4,6.24,0.0114981705799,2.53931470811
ve_re1_n256_dt1e-4,6.248,0.0114976760894,2.5397866947
ve_re1_n256_dt1e-4,6.256,0.0114971835977,2.54025573782
ve_re1_n256_dt1e-4,6.264,0.0114966930891,2.54072185812
ve_re1_n256_dt1e-4,6.272,0.0114962045469,2.54118507571
ve_re1_n256_dt1e-4,6.28,0.0114957179535,2.54164541011
ve_re1_n256_dt1e-4,6.288,0.0114952332913,2.54210288037
ve_re1_n256_dt1e-4,6.296,0.0114947505433,2.54255749689
ve_re1_n256_dt1e-4,6.304,0.0114942696925,2.54300926307
ve_re1_n256_dt1e-4,6.312,0.0114937907236,2.54345819703
ve_re1_n256_dt1e-4,6.32,0.0114933136219,2.54390431681
ve_re1_n256_dt1e-4,6.328,0.0114928383737,2.54434764002
ve_re1_n256_dt1e-4,6.336,0.0114923649657,2.5447881842
ve_re1_n256_dt1e-4,6.344,0.0114918933862,2.54522596646
ve_re1_n256_dt1e-4,6.352,0.0114914236243,2.54566100358
ve_re1_n256_dt1e-4,6.36,0.0114909556693,2.54609331232
ve_re1_n256_dt1e-4,6.368,0.0114904895099,2.54652290927
ve_re1_n256_dt1e-4,6.376,0.0114900251346,2.54694981082
ve_re1_n256_dt1e-4,6.384,0.0114895625315,2.54737403299
ve_re1_n256_dt1e-4,6.392,0.0114891016887,2.54779559127
ve_re1_n256_dt1e-4,6.4,0.0114886425947,2.54821450089
ve_re1_n256_dt1e-4,6.408,0.0114881852386,2.54863077701
ve_re1_n256_dt1e-4,6.416,0.01148772961,2.54904442441
ve_re1_n256_dt1e-4,6.424,0.0114872756997,2.54945544638
ve_re1_n256_dt1e-4,6.432,0.0114868234995,2.54986385806
ve_re1_n256_dt1e-4,6.44,0.011486373002,2.55026967435
ve_re1_n256_dt1e-4,6.448,0.0114859242006,2.55067291007
ve_re1_n256_dt1e-4,6.456,0.0114854770895,2.55107357989
ve_re1_n256_dt1e-4,6.464,0.0114850316626,2.5514716986
ve_re1_n256_dt1e-4,6.472,0.0114845879134,2.55186728125
ve_re1_n256_dt1e-4,6.48,0.0114841458352,2.55226034258
ve_re1_n256_dt1e-4,6.488,0.0114837054212,2.5526508969
ve_re1_n256_dt1e-4,6.496,0.0114832666643,2.55303895843
ve_re1_n256_dt1e-4,6.504,0.0114828295571,2.55342454135
ve_re1_n256_dt1e-4,6.512,0.0114823940929,2.55380765962
ve_re1_n256_dt1e-4,6.52,0.0114819602651,2.554188327
ve_re1_n256_dt1e-4,6.528,0.0114815280664,2.55456655704
ve_re1_n256_dt1e-4,6.536,0.011481097489,2.55494236282
ve_re1_n256_dt1e-4,6.544,0.0114806685262,2.55531574542
ve_re1_n256_dt1e-4,6.552,0.0114802411731,2.55568671081
ve_re1_n256_dt1e-4,6.56,0.011479815425,2.55605527276
ve_re1_n256_dt1e-4,6.568,0.0114793912775,2.55642144506
ve_re1_n256_dt1e-4,6.576,0.0114789687262,2.55678524134
ve_re1_n256_dt1e-4,6.584,0.0114785477657,2.55714667541
ve_re1_n256_dt1e-4,6.592,0.0114781283909,2.55750576105
ve_re1_n256_dt1e-4,6.6,0.0114777105962,2.55786251188
ve_re1_n256_dt1e-4,6.608,0.0114772943766,2.55821694118
ve_re1_n256_dt1e-4,6.616,0.0114768797274,2.5585690619
ve_re1_n256_dt1e-4,6.624,0.0114764666426,2.55891888713
ve_re1_n256_dt1e-4,6.632,0.0114760551158,2.55926642972
ve_re1_n256_dt1e-4,6.64,0.0114756451402,2.55961170242
ve_re1_n256_dt1e-4,6.648,0.0114752367098,2.55995471798
ve_re1_n256_dt1e-4,6.656,0.0114748298191,2.56029548928
ve_re1_n256_dt1e-4,6.664,0.0114744244638,2.5606340291
ve_re1_n256_dt1e-4,6.672,0.0114740206397,2.56097034898
ve_re1_n256_dt1e-4,6.68,0.0114736183429,2.56130445087
ve_re1_n256_dt1e-4,6.688,0.0114732175696,2.56163633968
ve_re1_n256_dt1e-4,6.696,0.0114728183172,2.56196602886
ve_re1_n256_dt1e-4,6.704,0.0114724205833,2.56229353187
ve_re1_n256_dt1e-4,6.712,0.0114720243656,2.56261886221
ve_re1_n256_dt1e-4,6.72,0.0114716296613,2.56294203338
ve_re1_n256_dt1e-4,6.728,0.0114712364673,2.56326305886
ve_re1_n256_dt1e-4,6.736,0.0114708447795,2.56358195161
ve_re1_n256_dt1e-4,6.744,0.0114704545925,2.56389872418
ve_re1_n256_dt1e-4,6.752,0.0114700659015,2.56421338998
ve_re1_n256_dt1e-4,6.76,0.0114696787024,2.56452596196
ve_re1_n256_dt1e-4,6.768,0.0114692929917,2.56483645256
ve_re1_n256_dt1e-4,6.776,0.0114689087661,2.56514487515
ve_re1_n256_dt1e-4,6.784,0.0114685260226,2.5654512436
ve_re1_n256_dt1e-4,6.792,0.0114681447592,2.56575557188
ve_re1_n256_dt1e-4,6.8,0.0114677649747,2.56605787415
ve_re1_n256_dt1e-4,6.808,0.0114673866682,2.56635816477
ve_re1_n256_dt1e-4,6.816,0.0114670098383,2.56665645839
ve_re1_n256_dt1e-4,6.824,0.0114666344847,2.5669527674
ve_re1_n256_dt1e-4,6.832,0.011466260607,2.5672470944
ve_re1_n256_dt1e-4,6.84,0.0114658882047,2.56753945327
ve_re1_n256_dt1e-4,6.848,0.0114655172772,2.56782985971
ve_re1_n256_dt1e-4,6.856,0.0114651478232,2.5681183296
ve_re1_n256_dt1e-4,6.864,0.0114647798409,2.56840487885
ve_re1_n256_dt1e-4,6.872,0.0114644133287,2.5686895234
ve_re1_n256_dt1e-4,6.88,0.0114640482846,2.5689722793
ve_re1_n256_dt1e-4,6.888,0.0114636847066,2.56925316272
ve_re1_n256_dt1e-4,6.896,0.0114633225916,2.56953218988
ve_re1_n256_dt1e-4,6.904,0.0114629619366,2.56980937727
ve_re1_n256_dt1e-4,6.912,0.0114626027383,2.57008474138
ve_re1_n256_dt1e-4,6.92,0.0114622449933,2.57035829885
ve_re1_n256_dt1e-4,6.928,0.0114618886983,2.57063006637
ve_re1_n256_dt1e-4,6.936,0.0114615338507,2.57090006064
ve_re1_n256_dt1e-4,6.944,0.0114611804473,2.57116829722
ve_re1_n256_dt1e-4,6.952,0.0114608284847,2.57143479267
ve_re1_n256_dt1e-4,6.96,0.0114604779595,2.57169956387
ve_re1_n256_dt1e-4,6.968,0.0114601288678,2.57196262764
ve_re1_n256_dt1e-4,6.976,0.0114597812036,2.57222400077
ve_re1_n256_dt1e-4,6.984,0.01145943496,2.57248369869
ve_re1_n256_dt1e-4,6.992,0.01145909013,2.57274172704
ve_re1_n256_dt1e-4,7,0.0114587467064,2.57299809952
ve_re1_n256_dt1e-4,7.008,0.0114584046821,2.57325283263
ve_re1_n256_dt1e-4,7.016,0.0114580640484,2.57350594265
ve_re1_n256_dt1e-4,7.024,0.011457724796,2.57375744558
ve_re1_n256_dt1e-4,7.032,0.011457386915,2.57400735717
ve_re1_n256_dt1e-4,7.04,0.0114570503958,2.57425569295
ve_re1_n256_dt1e-4,7.048,0.0114567152283,2.57450246819
ve_re1_n256_dt1e-4,7.056,0.0114563814024,2.5747476979
ve_re1_n256_dt1e-4,7.064,0.0114560489077,2.57499139679
ve_re1_n256_dt1e-4,7.072,0.0114557177335,2.57523357947
ve_re1_n256_dt1e-4,7.08,0.011455387869,2.57547426017
ve_re1_n256_dt1e-4,7.088,0.0114550593031,2.57571345303
ve_re1_n256_dt1e-4,7.096,0.0114547320248,2.57595117189
ve_re1_n256_dt1e-4,7.104,0.0114544060223,2.57618743009
ve_re1_n256_dt1e-4,7.112,0.0114540812839,2.57642224064
ve_re1_n256_dt1e-4,7.12,0.011453757798,2.57665561643
ve_re1_n256_dt1e-4,7.128,0.0114534355534,2.57688756983
ve_re1_n256_dt1e-4,7.136,0.0114531145396,2.5771181128
ve_re1_n256_dt1e-4,7.144,0.0114527947451,2.57734725681
ve_re1_n256_dt1e-4,7.152,0.0114524761581,2.57757501304
ve_re1_n256_dt1e-4,7.16,0.0114521587662,2.57780139217
ve_re1_n256_dt1e-4,7.168,0.0114518425574,2.57802639646
ve_re1_n256_dt1e-4,7.176,0.01145152752,2.57825003194
ve_re1_n256_dt1e-4,7.184,0.0114512136433,2.57847230888
ve_re1_n256_dt1e-4,7.192,0.0114509009169,2.57869323737
ve_re1_n256_dt1e-4,7.2,0.0114505893303,2.5789128272
ve_re1_n256_dt1e-4,7.208,0.0114502788738,2.57913108774
ve_re1_n256_dt1e-4,7.216,0.0114499695378,2.5793480277
ve_re1_n256_dt1e-4,7.224,0.0114496613132,2.57956365636
ve_re1_n256_dt1e-4,7.232,0.0114493541916,2.57977798293
ve_re1_n256_dt1e-4,7.24,0.0114490481658,2.57999101647
ve_re1_n256_dt1e-4,7.248,0.0114487432291,2.58020276611
ve_re1_n256_dt1e-4,7.256,0.0114484393748,2.5804132409
ve_re1_n256_dt1e-4,7.264,0.011448136597,2.58062244986
ve_re1_n256_dt1e-4,7.272,0.0114478348897,2.58083040196
ve_re1_n256_dt1e-4,7.28,0.0114475342473,2.58103710614
ve_re1_n256_dt1e-4,7.288,0.0114472346644,2.58124257118
ve_re1_n256_dt1e-4,7.296,0.011446936136,2.58144680578
ve_re1_n256_dt1e-4,7.304,0.0114466386575,2.58164981864
ve_re1_n256_dt1e-4,7.312,0.0114463422246,2.58185161853
ve_re1_n256_dt1e-4,7.32,0.0114460468332,2.58205221423
ve_re1_n256_dt1e-4,7.328,0.0114457524793,2.58225161454
ve_re1_n256_dt1e-4,7.336,0.0114454591591,2.58244982825
ve_re1_n256_dt1e-4,7.344,0.0114451668685,2.58264686412
ve_re1_n256_dt1e-4,7.352,0.011444875604,2.58284273109
ve_re1_n256_dt1e-4,7.36,0.0114445853622,2.58303743673
ve_re1_n256_dt1e-4,7.368,0.0114442961397,2.58323098172
ve_re1_n256_dt1e-4,7.376,0.0114440079341,2.58342337397
ve_re1_n256_dt1e-4,7.384,0.0114437207438,2.58361462293
ve_re1_n256_dt1e-4,7.392,0.0114434345677,2.58380473801
ve_re1_n256_dt1e-4,7.4,0.0114431494039,2.58399372883
ve_re1_n256_dt1e-4,7.408,0.0114428652501,2.58418160505
ve_re1_n256_dt1e-4,7.416,0.0114425821039,2.58436837627
ve_re1_n256_dt1e-4,7.424,0.0114422999631,2.5845540522
ve_re1_n256_dt1e-4,7.432,0.0114420188249,2.58473864249
ve_re1_n256_dt1e-4,7.44,0.0114417386867,2.58492215666
ve_re1_n256_dt1e-4,7.448,0.0114414595449,2.58510460418
ve_re1_n256_dt1e-4,7.456,0.0114411813952,2.58528599448
ve_re1_n256_dt1e-4,7.464,0.0114409042331,2.58546633684
ve_re1_n256_dt1e-4,7.472,0.0114406280538,2.58564564042
ve_re1_n256_dt1e-4,7.48,0.0114403528524,2.5858239143
ve_re1_n256_dt1e-4,7.488,0.0114400786244,2.58600116725
ve_re1_n256_dt1e-4,7.496,0.0114398053647,2.58617740782
ve_re1_n256_dt1e-4,7.504,0.0114395330674,2.58635264413
ve_re1_n256_dt1e-4,7.512,0.0114392617253,2.58652688407
ve_re1_n256_dt1e-4,7.52,0.0114389913319,2.58670013548
ve_re1_n256_dt1e-4,7.528,0.0114387218801,2.58687240585
ve_re1_n256_dt1e-4,7.536,0.0114384533627,2.58704370241
ve_re1_n256_dt1e-4,7.544,0.011438185772,2.58721403215
ve_re1_n256_dt1e-4,7.552,0.0114379191,2.58738340179
ve_re1_n256_dt1e-4,7.56,0.0114376533393,2.58755181782
ve_re1_n256_dt1e-4,7.568,0.0114373884825,2.58771928651
ve_re1_n256_dt1e-4,7.576,0.0114371245225,2.58788581384
ve_re1_n256_dt1e-4,7.584,0.0114368614525,2.58805140116
ve_re1_n256_dt1e-4,7.592,0.0114365992654,2.58821604865
ve_re1_n256_dt1e-4,7.6,0.0114363379539,2.58837976163
ve_re1_n256_dt1e-4,7.608,0.011436077511,2.58854254505
ve_re1_n256_dt1e-4,7.616,0.0114358179301,2.58870440347
ve_re1_n256_dt1e-4,7.624,0.0114355592037,2.5888653413
ve_re1_n256_dt1e-4,7.632,0.0114353013243,2.58902536257
ve_re1_n256_dt1e-4,7.64,0.011435044285,2.58918447082
ve_re1_n256_dt1e-4,7.648,0.0114347880793,2.58934266929
ve_re1_n256_dt1e-4,7.656,0.0114345327001,2.58949996106
ve_re1_n256_dt1e-4,7.664,0.0114342781405,2.58965634898
ve_re1_n256_dt1e-4,7.672,0.011434024394,2.58981183562
ve_re1_n256_dt1e-4,7.68,0.0114337714547,2.58996642336
ve_re1_n256_dt1e-4,7.688,0.0114335193172,2.5901201143
ve_re1_n256_dt1e-4,7.696,0.0114332679767,2.59027291038
ve_re1_n256_dt1e-4,7.704,0.0114330174297,2.59042481346
ve_re1_n256_dt1e-4,7.712,0.0114327676732,2.59057582529
ve_re1_n256_dt1e-4,7.72,0.0114325187046,2.59072594754
ve_re1_n256_dt1e-4,7.728,0.0114322705218,2.5908751818
ve_re1_n256_dt1e-4,7.736,0.0114320231228,2.59102352966
ve_re1_n256_dt1e-4,7.744,0.0114317765055,2.59117099273
ve_re1_n256_dt1e-4,7.752,0.0114315306686,2.59131757263
ve_re1_n256_dt1e-4,7.76,0.0114312856118,2.59146327099
ve_re1_n256_dt1e-4,7.768,0.0114310413359,2.59160808961
ve_re1_n256_dt1e-4,7.776,0.0114307978421,2.59175203029
ve_re1_n256_dt1e-4,7.784,0.0114305551324,2.59189509487
ve_re1_n256_dt1e-4,7.792,0.011430313209,2.59203728528
ve_re1_n256_dt1e-4,7.8,0.0114300720744,2.59217860375
ve_re1_n256_dt1e-4,7.808,0.0114298317315,2.59231905255
ve_re1_n256_dt1e-4,7.816,0.0114295921834,2.59245863428
ve_re1_n256_dt1e-4,7.824,0.0114293534333,2.59259735151
ve_re1_n256_dt1e-4,7.832,0.0114291154846,2.59273520182
ve_re1_n256_dt1e-4,7.84,0.0114288783411,2.59287218544
ve_re1_n256_dt1e-4,7.848,0.0114286420068,2.59300830574
ve_re1_n256_dt1e-4,7.856,0.0114284064858,2.59314356634
ve_re1_n256_dt1e-4,7.864,0.011428171781,2.59327797098
ve_re1_n256_dt1e-4,7.87199999999,0.0114279378961,2.59341152352
ve_re1_n256_dt1e-4,7.87999999999,0.0114277048349,2.593544228
ve_re1_n256_dt1e-4,7.88799999999,0.0114274726011,2.59367608872
ve_re1_n256_dt1e-4,7.89599999999,0.0114272411978,2.59380711016
ve_re1_n256_dt1e-4,7.90399999999,0.0114270106286,2.593937297
ve_re1_n256_dt1e-4,7.91199999999,0.0114267808972,2.59406665411
ve_re1_n256_dt1e-4,7.91999999999,0.0114265520067,2.59419518638
ve_re1_n256_dt1e-4,7.92799999999,0.0114263239603,2.59432289893
ve_re1_n256_dt1e-4,7.93599999999,0.0114260967608,2.59444979705
ve_re1_n256_dt1e-4,7.94399999999,0.011425870411,2.5945758861
ve_re1_n256_dt1e-4,7.95199999999,0.0114256449134,2.59470117155
ve_re1_n256_dt1e-4,7.95999999999,0.0114254202698,2.59482565907
ve_re1_n256_dt1e-4,7.96799999999,0.0114251964824,2.5949493545
ve_re1_n256_dt1e-4,7.97599999999,0.011424973553,2.59507226381
ve_re1_n256_dt1e-4,7.98399999999,0.0114247514838,2.59519439301
ve_re1_n256_dt1e-4,7.99199999999,0.0114245302761,2.59531574823
ve_re1_n256_dt1e-4,7.99999999999,0.0114243099303,2.59543633563
ve_re1_n256_dt1e-4,8.00799999999,0.0114240904466,2.59555616131
ve_re1_n256_dt1e-4,8.01599999999,0.0114238718248,2.59567523136
ve_re1_n256_dt1e-4,8.02399999999,0.0114236540647,2.59579355192
ve_re1_n256_dt1e-4,8.03199999999,0.0114234371649,2.59591112912
ve_re1_n256_dt1e-4,8.03999999999,0.0114232211239,2.59602796903
ve_re1_n256_dt1e-4,8.04799999999,0.0114230059395,2.59614407762
ve_re1_n256_dt1e-4,8.05599999999,0.0114227916095,2.59625946067
ve_re1_n256_dt1e-4,8.06399999999,0.0114225781314,2.59637412382
ve_re1_n256_dt1e-4,8.07199999999,0.0114223655027,2.59648807257
ve_re1_n256_dt1e-4,8.07999999999,0.0114221537206,2.59660131227
ve_re1_n256_dt1e-4,8.08799999999,0.011421942782,2.5967138482
ve_re1_n256_dt1e-4,8.09599999999,0.0114217326826,2.59682568544
ve_re1_n256_dt1e-4,8.10399999999,0.011421523418,2.59693682881
ve_re1_n256_dt1e-4,8.11199999999,0.011421314984,2.59704727841
ve_re1_n256_dt1e-4,8.11999999999,0.0114211073757,2.59715703661
ve_re1_n256_dt1e-4,8.12799999999,0.0114209005887,2.59726610793
ve_re1_n256_dt1e-4,8.13599999999,0.0114206946183,2.59737449683
ve_re1_n256_dt1e-4,8.14399999999,0.0114204894596,2.59748220753
ve_re1_n256_dt1e-4,8.15199999999,0.0114202851072,2.597589244
ve_re1_n256_dt1e-4,8.15999999999,0.0114200815563,2.59769561011
ve_re1_n256_dt1e-4,8.16799999999,0.0114198788019,2.59780130961
ve_re1_n256_dt1e-4,8.17599999999,0.0114196768391,2.59790634614
ve_re1_n256_dt1e-4,8.18399999999,0.0114194756634,2.59801072319
ve_re1_n256_dt1e-4,8.19199999999,0.0114192752705,2.59811444419
ve_re1_n256_dt1e-4,8.19999999999,0.0114190756565,2.59821751246
ve_re1_n256_dt1e-4,8.20799999999,0.0114188768175,2.59831993129
ve_re1_n256_dt1e-4,8.21599999999,0.0114186787502,2.59842170384
ve_re1_n256_dt1e-4,8.22399999999,0.0114184814514,2.59852283322
ve_re1_n256_dt1e-4,8.23199999999,0.0114182849184,2.59862332254
ve_re1_n256_dt1e-4,8.23999999999,0.011418089149,2.59872317488
ve_re1_n256_dt1e-4,8.24799999999,0.011417894141,2.59882239326
ve_re1_n256_dt1e-4,8.25599999999,0.0114176998929,2.59892098072
ve_re1_n256_dt1e-4,8.26399999999,0.0114175064032,2.59901894033
ve_re1_n256_dt1e-4,8.27199999999,0.0114173136704,2.59911627523
ve_re1_n256_dt1e-4,8.27999999999,0.0114171216932,2.59921298857
ve_re1_n256_dt1e-4,8.28799999999,0.0114169304703,2.59930908351
ve_re1_n256_dt1e-4,8.29599999999,0.0114167400006,2.59940456326
ve_re1_n256_dt1e-4,8.30399999999,0.0114165502833,2.59949943113
ve_re1_n256_dt1e-4,8.31199999999,0.0114163613178,2.59959369052
ve_re1_n256_dt1e-4,8.31999999999,0.0114161731038,2.59968734496
ve_re1_n256_dt1e-4,8.32799999999,0.0114159856408,2.59978039809
ve_re1_n256_dt1e-4,8.33599999999,0.0114157989289,2.59987285363
ve_re1_n256_dt1e-4,8.34399999999,0.011415612968,2.59996471544
ve_re1_n256_dt1e-4,8.35199999999,0.0114154277581,2.60005598746
ve_re1_n256_dt1e-4,8.35999999999,0.0114152432999,2.60014667385
ve_re1_n256_dt1e-4,8.36799999999,0.0114150595942,2.60023677895
ve_re1_n256_dt1e-4,8.37599999999,0.0114148766414,2.60032630725
ve_re1_n256_dt1e-4,8.38399999999,0.011414694442,2.60041526344
ve_re1_n256_dt1e-4,8.39199999999,0.0114145129963,2.60050365231
ve_re1_n256_dt1e-4,8.39999999999,0.011414332305,2.60059147888
ve_re1_n256_dt1e-4,8.40799999999,0.0114141523685,2.60067874833
ve_re1_n256_dt1e-4,8.41599999999,0.011413973187,2.60076546604
ve_re1_n256_dt1e-4,8.42399999999,0.0114137947609,2.60085163755
ve_re1_n256_dt1e-4,8.43199999999,0.0114136170905,2.60093726859
ve_re1_n256_dt1e-4,8.43999999999,0.0114134401761,2.60102236503
ve_re1_n256_dt1e-4,8.44799999999,0.0114132640174,2.60110693112
ve_re1_n256_dt1e-4,8.45599999999,0.0114130886142,2.60119097011
ve_re1_n256_dt1e-4,8.46399999999,0.0114129139662,2.60127448866
ve_re1_n256_dt1e-4,8.47199999999,0.0114127400737,2.60135749366
ve_re1_n256_dt1e-4,8.47999999999,0.0114125669368,2.60143999219
ve_re1_n256_dt1e-4,8.48799999999,0.0114123945555,2.60152199164
ve_re1_n256_dt1e-4,8.49599999999,0.0114122229296,2.60160349951
ve_re1_n256_dt1e-4,8.50399999999,0.0114120520587,2.60168452355
ve_re1_n256_dt1e-4,8.51199999999,0.0114118819419,2.60176507161
ve_re1_n256_dt1e-4,8.51999999999,0.0114117125781,2.60184515156
ve_re1_n256_dt1e-4,8.52799999999,0.0114115439656,2.60192477143
ve_re1_n256_dt1e-4,8.53599999999,0.0114113761021,2.60200393936
ve_re1_n256_dt1e-4,8.54399999999,0.011411208985,2.6020826635
ve_re1_n256_dt1e-4,8.55199999999,0.0114110426116,2.60216095207
ve_re1_n256_dt1e-4,8.55999999999,0.0114108769781,2.60223881329
ve_re1_n256_dt1e-4,8.56799999999,0.0114107120809,2.60231625533
ve_re1_n256_dt1e-4,8.57599999999,0.0114105479158,2.60239328634
ve_re1_n256_dt1e-4,8.58399999999,0.0114103844785,2.60246991456
ve_re1_n256_dt1e-4,8.59199999999,0.0114102217639,2.60254614814
ve_re1_n256_dt1e-4,8.59999999999,0.0114100597669,2.60262199521
ve_re1_n256_dt1e-4,8.60799999999,0.0114098984816,2.60269746382
ve_re1_n256_dt1e-4,8.61599999999,0.0114097379022,2.60277256194
ve_re1_n256_dt1e-4,8.62399999999,0.0114095780223,2.60284729746
ve_re1_n256_dt1e-4,8.63199999999,0.0114094188351,2.60292167812
ve_re1_n256_dt1e-4,8.63999999999,0.0114092603334,2.60299571156
ve_re1_n256_dt1e-4,8.64799999999,0.01140910251,2.6030694052
ve_re1_n256_dt1e-4,8.65599999999,0.0114089453573,2.60314276629
ve_re1_n256_dt1e-4,8.66399999999,0.0114087888678,2.6032158018
ve_re1_n256_dt1e-4,8.67199999999,0.0114086330331,2.60328851857
ve_re1_n256_dt1e-4,8.67999999999,0.0114084778452,2.60336092322
ve_re1_n256_dt1e-4,8.68799999999,0.011408323295,2.60343302207
ve_re1_n256_dt1e-4,8.69599999999,0.0114081693737,2.60350482122
ve_re1_n256_dt1e-4,8.70399999999,0.0114080160722,2.60357632648
ve_re1_n256_dt1e-4,8.71199999999,0.011407863381,2.60364754339
ve_re1_n256_dt1e-4,8.71999999999,0.0114077112907,2.60371847724
ve_re1_n256_dt1e-4,8.72799999999,0.0114075597918,2.60378913301
ve_re1_n256_dt1e-4,8.73599999999,0.011407408875,2.60385951547
ve_re1_n256_dt1e-4,8.74399999999,0.011407258531,2.60392962909
ve_re1_n256_dt1e-4,8.75199999999,0.0114071087505,2.60399947804
ve_re1_n256_dt1e-4,8.75999999999,0.0114069595245,2.60406906622
ve_re1_n256_dt1e-4,8.76799999999,0.0114068108443,2.60413839733
ve_re1_n256_dt1e-4,8.77599999999,0.0114066627012,2.60420747476
ve_re1_n256_dt1e-4,8.78399999999,0.0114065150868,2.60427630169
ve_re1_n256_dt1e-4,8.79199999999,0.0114063679932,2.60434488103
ve_re1_n256_dt1e-4,8.79999999999,0.0114062214123,2.60441321547
ve_re1_n256_dt1e-4,8.80799999999,0.0114060753367,2.60448130743
ve_re1_n256_dt1e-4,8.81599999999,0.0114059297589,2.60454915912
ve_re1_n256_dt1e-4,8.82399999999,0.0114057846715,2.60461677244
ve_re1_n256_dt1e-4,8.83199999999,0.0114056400677,2.60468414908
ve_re1_n256_dt1e-4,8.83999999999,0.0114054959408,2.60475129052
ve_re1_n256_dt1e-4,8.84799999999,0.0114053522844,2.604818198
ve_re1_n256_dt1e-4,8.85599999999,0.0114052090922,2.60488487256
ve_re1_n256_dt1e-4,8.86399999999,0.0114050663583,2.60495131501
ve_re1_n256_dt1e-4,8.87199999999,0.0114049240768,2.60501752596
ve_re1_n256_dt1e-4,8.87999999999,0.0114047822425,2.60508350582
ve_re1_n256_dt1e-4,8.88799999999,0.01140464085,2.60514925417
ve_re1_n256_dt1e-4,8.89599999999,0.0114044998943,2.60521476841
ve_re1_n256_dt1e-4,8.90399999999,0.0114043593707,2.60528004818
ve_re1_n256_dt1e-4,8.91199999999,0.0114042192749,2.6053450933
ve_re1_n256_dt1e-4,8.91999999999,0.0114040796034,2.60540990346
ve_re1_n256_dt1e-4,8.92799999999,0.0114039403524,2.60547447822
ve_re1_n256_dt1e-4,8.93599999999,0.0114038015188,2.60553881704
ve_re1_n256_dt1e-4,8.94399999999,0.0114036630996,2.60560291928
ve_re1_n256_dt1e-4,8.95199999999,0.0114035250921,2.60566678421
ve_re1_n256_dt1e-4,8.95999999999,0.0114033874942,2.60573041101
ve_re1_n256_dt1e-4,8.96799999999,0.0114032503037,2.60579379882
ve_re1_n256_dt1e-4,8.97599999999,0.0114031135188,2.60585694669
ve_re1_n256_dt1e-4,8.98399999999,0.0114029771379,2.60591985362
ve_re1_n256_dt1e-4,8.99199999999,0.0114028411596,2.60598251858
ve_re1_n256_dt1e-4,8.99999999999,0.0114027055827,2.60604494055
ve_re1_n256_dt1e-4,9.00799999999,0.0114025704066,2.60610711846
ve_re1_n256_dt1e-4,9.01599999999,0.0114024356308,2.60616905122
ve_re1_n256_dt1e-4,9.02399999999,0.0114023012547,2.60623073776
ve_re1_n256_dt1e-4,9.03199999999,0.0114021672784,2.60629217698
ve_re1_n256_dt1e-4,9.03999999999,0.011402033702,2.60635336781
ve_re1_n256_dt1e-4,9.04799999999,0.0114019005258,2.60641430921
ve_re1_n256_dt1e-4,9.05599999999,0.0114017677501,2.60647500006
ve_re1_n256_dt1e-4,9.06399999999,0.0114016353755,2.60653543939
ve_re1_n256_dt1e-4,9.07199999999,0.011401503403,2.60659562629
ve_re1_n256_dt1e-4,9.07999999999,0.0114013718334,2.60665555989
ve_re1_n256_dt1e-4,9.08799999999,0.0114012406678,2.60671523938
ve_re1_n256_dt1e-4,9.09599999999,0.0114011099074,2.60677466405
ve_re1_n256_dt1e-4,9.10399999999,0.0114009795534,2.60683383326
ve_re1_n256_dt1e-4,9.11199999999,0.0114008496074,2.6068927465
ve_re1_n256_dt1e-4,9.11999999999,0.0114007200713,2.60695140338
ve_re1_n256_dt1e-4,9.12799999999,0.0114005909472,2.60700980362
ve_re1_n256_dt1e-4,9.13599999999,0.0114004622376,2.60706794705
ve_re1_n256_dt1e-4,9.14399999999,0.0114003339448,2.60712583369
ve_re1_n256_dt1e-4,9.15199999999,0.0114002060716,2.60718346368
ve_re1_n256_dt1e-4,9.15999999999,0.0114000786206,2.60724083734
ve_re1_n256_dt1e-4,9.16799999999,0.0113999515946,2.60729795507
ve_re1_n256_dt1e-4,9.17599999999,0.0113998249964,2.60735481744
ve_re1_n256_dt1e-4,9.18399999999,0.0113996988285,2.60741142512
ve_re1_n256_dt1e-4,9.19199999999,0.0113995730935,2.60746777892
ve_re1_n256_dt1e-4,9.19999999999,0.011399447794,2.60752387975
ve_re1_n256_dt1e-4,9.20799999999,0.0113993229325,2.60757972864
ve_re1_n256_dt1e-4,9.21599999999,0.0113991985113,2.60763532672
ve_re1_n256_dt1e-4,9.22399999999,0.0113990745325,2.60769067524
ve_re1_n256_dt1e-4,9.23199999999,0.0113989509981,2.60774577554
ve_re1_n256_dt1e-4,9.23999999999,0.0113988279101,2.60780062907
ve_re1_n256_dt1e-4,9.24799999999,0.0113987052702,2.60785523737
ve_re1_n256_dt1e-4,9.25599999999,0.01139858308,2.60790960209
ve_re1_n256_dt1e-4,9.26399999999,0.0113984613411,2.60796372497
ve_re1_n256_dt1e-4,9.27199999999,0.0113983400549,2.60801760785
ve_re1_n256_dt1e-4,9.27999999999,0.0113982192227,2.60807125264
ve_re1_n256_dt1e-4,9.28799999999,0.0113980988455,2.6081246613
ve_re1_n256_dt1e-4,9.29599999999,0.0113979789242,2.60817783588
ve_re1_n256_dt1e-4,9.30399999999,0.0113978594595,2.60823077847
ve_re1_n256_dt1e-4,9.31199999999,0.0113977404519,2.60828349128
ve_re1_n256_dt1e-4,9.31999999999,0.0113976219016,2.60833597655
ve_re1_n256_dt1e-4,9.32799999999,0.0113975038088,2.60838823654
ve_re1_n256_dt1e-4,9.33599999999,0.0113973861732,2.60844027356
ve_re1_n256_dt1e-4,9.34399999999,0.0113972689948,2.60849208996
ve_re1_n256_dt1e-4,9.35199999999,0.0113971522731,2.60854368809
ve_re1_n256_dt1e-4,9.35999999999,0.0113970360074,2.60859507033
ve_re1_n256_dt1e-4,9.36799999999,0.0113969201969,2.60864623905
ve_re1_n256_dt1e-4,9.37599999999,0.0113968048404,2.60869719668
ve_re1_n256_dt1e-4,9.38399999999,0.0113966899367,2.60874794563
ve_re1_n256_dt1e-4,9.39199999999,0.0113965754841,2.60879848825
ve_re1_n256_dt1e-4,9.39999999999,0.011396461481,2.60884882686
ve_re1_n256_dt1e-4,9.40799999999,0.0113963479256,2.60889896374
ve_re1_n256_dt1e-4,9.41599999999,0.0113962348159,2.60894890114
ve_re1_n256_dt1e-4,9.42399999999,0.0113961221498,2.60899864129
ve_re1_n256_dt1e-4,9.43199999999,0.0113960099248,2.60904818636
ve_re1_n256_dt1e-4,9.43999999999,0.0113958981384,2.60909753847
ve_re1_n256_dt1e-4,9.44799999999,0.0113957867881,2.60914669969
ve_re1_n256_dt1e-4,9.45599999999,0.0113956758711,2.60919567204
ve_re1_n256_dt1e-4,9.46399999999,0.0113955653846,2.6092444575
ve_re1_n256_dt1e-4,9.47199999999,0.0113954553255,2.60929305796
ve_re1_n256_dt1e-4,9.47999999999,0.011395345691,2.60934147526
ve_re1_n256_dt1e-4,9.48799999999,0.0113952364778,2.60938971075
ve_re1_n256_dt1e-4,9.49599999999,0.0113951276828,2.60943776445
ve_re1_n256_dt1e-4,9.50399999999,0.0113950193028,2.60948563791
ve_re1_n256_dt1e-4,9.51199999999,0.0113949113344,2.60953333276
ve_re1_n256_dt1e-4,9.51999999999,0.0113948037745,2.60958085055
ve_re1_n256_dt1e-4,9.52799999999,0.0113946966197,2.60962819279
ve_re1_n256_dt1e-4,9.53599999999,0.0113945898668,2.60967536089
ve_re1_n256_dt1e-4,9.54399999999,0.0113944835123,2.60972235619
ve_re1_n256_dt1e-4,9.55199999999,0.0113943775531,2.60976917998
ve_re1_n256_dt1e-4,9.55999999999,0.011394271986,2.60981583348
ve_re1_n256_dt1e-4,9.56799999999,0.0113941668079,2.60986231786
ve_re1_n256_dt1e-4,9.57599999999,0.0113940620157,2.60990863424
ve_re1_n256_dt1e-4,9.58399999999,0.0113939576068,2.60995478371
ve_re1_n256_dt1e-4,9.59199999999,0.0113938535782,2.6100007673
ve_re1_n256_dt1e-4,9.59999999999,0.0113937499274,2.61004658603
ve_re1_n256_dt1e-4,9.60799999999,0.0113936466519,2.61009224087
ve_re1_n256_dt1e-4,9.61599999999,0.0113935437493,2.61013773277
ve_re1_n256_dt1e-4,9.62399999999,0.0113934412174,2.6101830626
ve_re1_n256_dt1e-4,9.63199999999,0.0113933390539,2.6102282308
ve_re1_n256_dt1e-4,9.63999999999,0.011393237257,2.61027323811
ve_re1_n256_dt1e-4,9.64799999999,0.0113931358245,2.61031808537
ve_re1_n256_dt1e-4,9.65599999999,0.0113930347545,2.61036277336
ve_re1_n256_dt1e-4,9.66399999999,0.0113929340451,2.61040730286
ve_re1_n256_dt1e-4,9.67199999999,0.0113928336944,2.61045167457
ve_re1_n256_dt1e-4,9.67999999999,0.0113927337006,2.61049588918
ve_re1_n256_dt1e-4,9.68799999999,0.0113926340619,2.61053994733
ve_re1_n256_dt1e-4,9.69599999999,0.0113925347764,2.61058384961
ve_re1_n256_dt1e-4,9.70399999999,0.0113924358425,2.61062759655
ve_re1_n256_dt1e-4,9.71199999999,0.0113923372585,2.61067118866
ve_re1_n256_dt1e-4,9.71999999999,0.0113922390227,2.61071462642
ve_re1_n256_dt1e-4,9.72799999999,0.0113921411333,2.61075791026
ve_re1_n256_dt1e-4,9.73599999999,0.0113920435888,2.6108010406
ve_re1_n256_dt1e-4,9.74399999999,0.0113919463875,2.61084401783
ve_re1_n256_dt1e-4,9.75199999999,0.011391849528,2.6108868423
ve_re1_n256_dt1e-4,9.75999999999,0.0113917530089,2.61092951435
ve_re1_n256_dt1e-4,9.76799999999,0.0113916568288,2.61097203427
ve_re1_n256_dt1e-4,9.77599999999,0.0113915609865,2.61101440236
ve_re1_n256_dt1e-4,9.78399999999,0.0113914654807,2.61105661885
ve_re1_n256_dt1e-4,9.79199999999,0.0113913703101,2.61109868397
ve_re1_n256_dt1e-4,9.79999999999,0.0113912754736,2.61114059793
ve_re1_n256_dt1e-4,9.80799999999,0.0113911809699,2.61118236089
ve_re1_n256_dt1e-4,9.81599999999,0.0113910867978,2.61122397301
ve_re1_n256_dt1e-4,9.82399999999,0.0113909929563,2.61126543441
ve_re1_n256_dt1e-4,9.83199999999,0.0113908994444,2.61130674519
ve_re1_n256_dt1e-4,9.83999999999,0.0113908062611,2.61134790541
ve_re1_n256_dt1e-4,9.84799999999,0.0113907134056,2.61138891513
ve_re1_n256_dt1e-4,9.85599999999,0.0113906208769,2.61142977436
ve_re1_n256_dt1e-4,9.86399999999,0.0113905286742,2.61147048309
ve_re1_n256_dt1e-4,9.87199999999,0.0113904367966,2.61151104126
ve_re1_n256_dt1e-4,9.87999999999,0.0113903452433,2.6115514488
ve_re1_n256_dt1e-4,9.88799999999,0.0113902540137,2.61159170562
ve_re1_n256_dt1e-4,9.89599999999,0.0113901631068,2.61163181158
ve_re1_n256_dt1e-4,9.90399999999,0.0113900725219,2.61167176655
ve_re1_n256_dt1e-4,9.91199999999,0.0113899822584,2.61171157036
ve_re1_n256_dt1e-4,9.91999999999,0.0113898923155,2.61175122284
ve_re1_n256_dt1e-4,9.92799999999,0.0113898026925,2.61179072382
ve_re1_n256_dt1e-4,9.93599999999,0.0113897133889,2.61183007311
ve_re1_n256_dt1e-4,9.94399999999,0.0113896244039,2.61186927049
ve_re1_n256_dt1e-4,9.95199999999,0.0113895357372,2.6119083158
ve_re1_n256_dt1e-4,9.95999999999,0.0113894473882,2.61194720885
ve_re1_n256_dt1e-4,9.96799999999,0.0113893593564,2.61198594946
ve_re1_n256_dt1e-4,9.97599999999,0.0113892716414,2.61202453743
ve_re1_n256_dt1e-4,9.98399999999,0.0113891842429,2.61206297259
ve_re1_n256_dt1e-4,9.99199999999,0.0113890971607,2.61210125478
ve_re1_n256_dt1e-4,9.99999999999,0.0113890103944,2.61213938384
ve_re1_n64_t30,0,0,0
ve_re1_n64_t30,0.008,1.06239097814e-09,2.168513825e-11
ve_re1_n64_t30,0.016,1.80410489879e-09,8.35146225585e-11
ve_re1_n64_t30,0.024,2.63547614065e-09,1.97312085385e-10
ve_re1_n64_t30,0.032,3.64222748613e-09,3.8188096389e-10
ve_re1_n64_t30,0.04,4.89868415152e-09,6.62469441662e-10
ve_re1_n64_t30,0.048,6.48981870603e-09,1.0724114901e-09
ve_re1_n64_t30,0.056,8.52060674734e-09,1.65546973692e-09
ve_re1_n64_t30,0.064,1.11241164348e-08,2.46892572105e-09
ve_re1_n64_t30,0.072,1.44706883135e-08,3.58759918196e-09
ve_re1_n64_t30,0.08,1.87792811839e-08,5.10905573234e-09
ve_re1_n64_t30,0.088,2.43318785882e-08,7.1603448017e-09
ve_re1_n64_t30,0.096,3.14919492793e-08,9.9067108961e-09
ve_re1_n64_t30,0.104,4.07281798199e-08,1.35628505986e-08
ve_re1_n64_t30,0.112,5.26450199731e-08,1.8407453224e-08
ve_re1_n64_t30,0.12,6.80220083425e-08,2.48019757557e-08
ve_re1_n64_t30,0.128,8.78643979228e-08,3.32148760046e-08
ve_re1_n64_t30,0.136,1.13468309948e-07,4.42528787514e-08
ve_re1_n64_t30,0.144,1.46504550632e-07,5.87013000059e-08
ve_re1_n64_t30,0.152,1.89126381137e-07,7.75760313628e-08
ve_re1_n64_t30,0.16,2.44108001801e-07,1.02190525776e-07
ve_re1_n64_t30,0.168,3.15022378636e-07,1.34242071033e-07
ve_re1_n64_t30,0.176,4.06469404158e-07,1.75922844566e-07
ve_re1_n64_t30,0.184,5.24368368896e-07,2.30062782188e-07
ve_re1_n64_t30,0.192,6.76332474535e-07,3.00313252636e-07
ve_re1_n64_t30,0.2,8.72147824404e-07,3.91383017627e-07
ve_re1_n64_t30,0.208,1.12438519517e-06,5.09341109448e-07
ve_re1_n64_t30,0.216,1.44918017277e-06,6.62005240502e-07
ve_re1_n64_t30,0.224,1.86722620698e-06,8.59439374597e-07
ve_re1_n64_t30,0.232,2.40503611165e-06,1.11459038219e-06
ve_re1_n64_t30,0.24,3.09654083401e-06,1.44410156215e-06
ve_re1_n64_t30,0.248,3.98511024943e-06,1.86935058322e-06
ve_re1_n64_t30,0.256,5.12609956837e-06,2.41777147067e-06
ve_re1_n64_t30,0.264,6.59004681227e-06,3.12453507891e-06
ve_re1_n64_t30,0.272,8.46667165329e-06,4.0346805227e-06
ve_re1_n64_t30,0.28,1.08698532876e-05,5.20581177521e-06
ve_re1_n64_t30,0.288,1.39437939394e-05,6.71149953442e-06
ve_re1_n64_t30,0.296,1.78706032643e-05,8.64555886939e-06
ve_re1_n64_t30,0.304,2.28795643676e-05,1.11274082419e-05
ve_re1_n64_t30,0.312,2.9258359828e-05,1.43087550756e-05
ve_re1_n64_t30,0.32,3.73665394183e-05,1.83818963861e-05
ve_re1_n64_t30,0.328,4.7651490991e-05,2.35899685636e-05
ve_re1_n64_t30,0.336,6.06671201636e-05,3.023952555e-05
ve_re1_n64_t30,0.344,7.70953377793e-05,3.87158651974e-05
ve_re1_n64_t30,0.352,9.77702786242e-05,4.9501553386e-05
ve_re1_n64_t30,0.36,0.000123704910868,6.31986061092e-05
ve_re1_n64_t30,0.368,0.000156119324204,8.05547700519e-05
ve_re1_n64_t30,0.376,0.000196469491472,0.000102494278382
ve_re1_n64_t30,0.384,0.000246474680468,0.000130153334845
ve_re1_n64_t30,0.392,0.000308140965503,0.0001649203785
ve_re1_n64_t30,0.4,0.000383777497165,0.000208480887916
ve_re1_n64_t30,0.408,0.000476001417342,0.000262866085035
ve_re1_n64_t30,0.416,0.000587726684506,0.000330504394203
ve_re1_n64_t30,0.424,0.000722131776717,0.000414273910307
ve_re1_n64_t30,0.432,0.000882601475109,0.000517553458829
ve_re1_n64_t30,0.44,0.0010726389092,0.000644269169422
ve_re1_n64_t30,0.448,0.00129574593582,0.000798932861138
ve_re1_n64_t30,0.456,0.00155527277937,0.000986668113038
ve_re1_n64_t30,0.464,0.00185424156819,0.001213219757
ve_re1_n64_t30,0.472,0.00219515260923,0.00148494273404
ve_re1_n64_t30,0.48,0.00257978639286,0.00180876706798
ve_re1_n64_t30,0.488,0.00300901764949,0.00219213677554
ve_re1_n64_t30,0.496,0.003482659508,0.00264292226788
ve_re1_n64_t30,0.504,0.00399935530423,0.00316930770613
ve_re1_n64_t30,0.512,0.00455653255684,0.00377965700386
ve_re1_n64_t30,0.52,0.00515042818773,0.00448236353241
ve_re1_n64_t30,0.528,0.00577618697733,0.00528569085866
ve_re1_n64_t30,0.536,0.00642802755501,0.00619761221242
ve_re1_n64_t30,0.544,0.00709946300655,0.0072256558148
ve_re1_n64_t30,0.552,0.0077835580181,0.00837676556426
ve_re1_n64_t30,0.56,0.00847320141303,0.00965718002001
ve_re1_n64_t30,0.568,0.00916137303722,0.0110723376634
ve_re1_n64_t30,0.576,0.00984138637589,0.0126268078688
ve_re1_n64_t30,0.584,0.0105070924559,0.014324250621
ve_re1_n64_t30,0.592,0.0111530363357,0.0161674031083
ve_re1_n64_t30,0.6,0.0117745617579,0.018158088819
ve_re1_n64_t30,0.608,0.0123678662332,0.0202972511193
ve_re1_n64_t30,0.616,0.0129300104149,0.0225849983706
ve_re1_n64_t30,0.624,0.0134588898819,0.0250206689819
ve_re1_n64_t30,0.632,0.0139531774852,0.027602895343
ve_re1_n64_t30,0.64,0.0144122455574,0.0303296876844
ve_re1_n64_t30,0.648,0.0148360752573,0.0331985022334
ve_re1_n64_t30,0.656,0.015225161269,0.0362063257309
ve_re1_n64_t30,0.664,0.0155804168429,0.0393497458914
ve_re1_n64_t30,0.672,0.0159030828568,0.0426250231543
ve_re1_n64_t30,0.68,0.0161946453838,0.0460281626361
ve_re1_n64_t30,0.688,0.0164567615734,0.0495549586543
ve_re1_n64_t30,0.696,0.0166911966012,0.053201063539
ve_re1_n64_t30,0.704,0.0168997700651,0.0569620328924
ve_re1_n64_t30,0.712,0.0170843116947,0.0608333563115
ve_re1_n64_t30,0.72,0.0172466278314,0.0648105152479
ve_re1_n64_t30,0.728,0.0173884743521,0.0688890032389
ve_re1_n64_t30,0.736,0.0175115359177,0.0730643416979
ve_re1_n64_t30,0.744,0.0176174132272,0.0773321230712
ve_re1_n64_t30,0.752,0.0177076144748,0.0816880348656
ve_re1_n64_t30,0.76,0.0177835494925,0.086127858886
ve_re1_n64_t30,0.768,0.0178465271312,0.0906474765635
ve_re1_n64_t30,0.776,0.0178977579159,0.0952429120718
ve_re1_n64_t30,0.784,0.017938355665,0.099910320812
ve_re1_n64_t30,0.792,0.0179693404615,0.104645998917
ve_re1_n64_t30,0.8,0.0179916423218,0.109446356903
ve_re1_n64_t30,0.808,0.0180061080289,0.114307968277
ve_re1_n64_t30,0.816,0.0180135077317,0.119227557529
ve_re1_n64_t30,0.824,0.0180145393432,0.124201995863
ve_re1_n64_t30,0.832,0.0180098340469,0.12922829554
ve_re1_n64_t30,0.84,0.0179999606606,0.134303586817
ve_re1_n64_t30,0.848,0.0179854323228,0.139425161071
ve_re1_n64_t30,0.856,0.0179667127197,0.144590469167
ve_re1_n64_t30,0.864,0.0179442201226,0.149797089341
ve_re1_n64_t30,0.872,0.0179183310667,0.155042741688
ve_re1_n64_t30,0.88,0.0178893841284,0.160325271301
ve_re1_n64_t30,0.888,0.0178576833803,0.165642628173
ve_re1_n64_t30,0.896,0.01782350229,0.170992884802
ve_re1_n64_t30,0.904,0.0177870884662,0.176374265788
ve_re1_n64_t30,0.912,0.0177486662105,0.18178508242
ve_re1_n64_t30,0.92,0.0177084377574,0.187223780473
ve_re1_n64_t30,0.928,0.0176665861665,0.192688912298
ve_re1_n64_t30,0.936,0.0176232765819,0.198179121528
ve_re1_n64_t30,0.944,0.0175786583712,0.203693149005
ve_re1_n64_t30,0.952,0.0175328660444,0.209229784646
ve_re1_n64_t30,0.96,0.0174860217135,0.214787920738
ve_re1_n64_t30,0.968,0.0174382379099,0.220366540559
ve_re1_n64_t30,0.976,0.0173896172457,0.225964682617
ve_re1_n64_t30,0.984,0.0173402530034,0.231581486322
ve_re1_n64_t30,0.992,0.0172902305687,0.237216157209
ve_re1_n64_t30,1,0.0172396282406,0.242867943381
ve_re1_n64_t30,1.008,0.0171885174418,0.248536184773
ve_re1_n64_t30,1.016,0.017136964148,0.254220272444
ve_re1_n64_t30,1.024,0.017085028777,0.259919611053
ve_re1_n64_t30,1.032,0.0170327666304,0.265633579957
ve_re1_n64_t30,1.04,0.0169802298475,0.271361616106
ve_re1_n64_t30,1.048,0.0169274668664,0.27710323598
ve_re1_n64_t30,1.056,0.0168745221415,0.282857989821
ve_re1_n64_t30,1.064,0.0168214370122,0.288625463328
ve_re1_n64_t30,1.072,0.0167682503206,0.29440529816
ve_re1_n64_t30,1.08,0.0167149984828,0.300197144868
ve_re1_n64_t30,1.088,0.0166617152321,0.306000712513
ve_re1_n64_t30,1.096,0.016608432045,0.31181574539
ve_re1_n64_t30,1.104,0.0165551785197,0.317642011926
ve_re1_n64_t30,1.112,0.016501983196,0.323479325037
ve_re1_n64_t30,1.12,0.0164488729856,0.329327390664
ve_re1_n64_t30,1.128,0.0163958720936,0.335185852332
ve_re1_n64_t30,1.136,0.0163430038014,0.341054365546
ve_re1_n64_t30,1.144,0.016290290067,0.346932717559
ve_re1_n64_t30,1.152,0.0162377510597,0.35282064929
ve_re1_n64_t30,1.16,0.0161854058874,0.358718000067
ve_re1_n64_t30,1.168,0.0161332730605,0.364624643625
ve_re1_n64_t30,1.176,0.0160813703756,0.37054039169
ve_re1_n64_t30,1.184,0.0160297143722,0.37646505628
ve_re1_n64_t30,1.192,0.0159783203459,0.382398515638
ve_re1_n64_t30,1.2,0.0159272022659,0.388340625746
ve_re1_n64_t30,1.208,0.0158763735219,0.3942911889
ve_re1_n64_t30,1.216,0.01582584703,0.400249966344
ve_re1_n64_t30,1.224,0.0157756349702,0.406216703563
ve_re1_n64_t30,1.232,0.0157257484803,0.412191180471
ve_re1_n64_t30,1.24,0.0156761980915,0.418173109408
ve_re1_n64_t30,1.248,0.0156269938195,0.424162199677
ve_re1_n64_t30,1.256,0.0155781438218,0.430157884155
ve_re1_n64_t30,1.264,0.0155296558749,0.436159767383
ve_re1_n64_t30,1.272,0.0154815376529,0.442167653241
ve_re1_n64_t30,1.28,0.0154337963756,0.448181262724
ve_re1_n64_t30,1.288,0.015386438935,0.454200369249
ve_re1_n64_t30,1.296,0.0153394722684,0.460224770678
ve_re1_n64_t30,1.304,0.0152929034784,0.466254264294
ve_re1_n64_t30,1.312,0.0152467383509,0.472288613016
ve_re1_n64_t30,1.32,0.0152009819219,0.478327662493
ve_re1_n64_t30,1.328,0.0151556388265,0.484371254785
ve_re1_n64_t30,1.336,0.0151107133843,0.490419190666
ve_re1_n64_t30,1.344,0.0150662098401,0.496471143369
ve_re1_n64_t30,1.352,0.0150221319698,0.502526808353
ve_re1_n64_t30,1.36,0.0149784829639,0.508585914701
ve_re1_n64_t30,1.368,0.014935266054,0.514648103533
ve_re1_n64_t30,1.376,0.0148924839659,0.520713109838
ve_re1_n64_t30,1.384,0.0148501389106,0.526780637894
ve_re1_n64_t30,1.392,0.0148082327933,0.532850327319
ve_re1_n64_t30,1.4,0.0147667674846,0.538921766406
ve_re1_n64_t30,1.408,0.0147257441481,0.544994535664
ve_re1_n64_t30,1.416,0.0146851634175,0.551068219026
ve_re1_n64_t30,1.424,0.0146450252444,0.557141976661
ve_re1_n64_t30,1.432,0.0146053290503,0.563215156951
ve_re1_n64_t30,1.44,0.0145660747144,0.56928732179
ve_re1_n64_t30,1.448,0.0145272622353,0.575358027214
ve_re1_n64_t30,1.456,0.0144888914395,0.581426763524
ve_re1_n64_t30,1.464,0.0144509619871,0.587493175167
ve_re1_n64_t30,1.472,0.0144134732253,0.593556958996
ve_re1_n64_t30,1.48,0.0143764241103,0.599617853078
ve_re1_n64_t30,1.488,0.0143398134536,0.605675548049
ve_re1_n64_t30,1.496,0.0143036398803,0.611729743903
ve_re1_n64_t30,1.504,0.0142679016129,0.617780268986
ve_re1_n64_t30,1.512,0.0142325969504,0.623826891396
ve_re1_n64_t30,1.52,0.0141977242664,0.629869330828
ve_re1_n64_t30,1.528,0.0141632825475,0.635907410366
ve_re1_n64_t30,1.536,0.0141292702648,0.641940813767
ve_re1_n64_t30,1.544,0.0140956854116,0.647969195388
ve_re1_n64_t30,1.552,0.0140625254907,0.65399231955
ve_re1_n64_t30,1.56,0.0140297876198,0.660009971293
ve_re1_n64_t30,1.568,0.0139974688279,0.666021940369
ve_re1_n64_t30,1.576,0.0139655661602,0.672027930721
ve_re1_n64_t30,1.584,0.0139340766504,0.678027672817
ve_re1_n64_t30,1.592,0.0139029976647,0.684020780192
ve_re1_n64_t30,1.6,0.0138723264421,0.690006911443
ve_re1_n64_t30,1.608,0.0138420599387,0.695985787383
ve_re1_n64_t30,1.616,0.0138121950091,0.701957124708
ve_re1_n64_t30,1.624,0.0137827282311,0.707920640706
ve_re1_n64_t30,1.632,0.0137536560103,0.713875984746
ve_re1_n64_t30,1.64,0.0137249747059,0.719822770382
ve_re1_n64_t30,1.648,0.0136966807252,0.725760525241
ve_re1_n64_t30,1.656,0.0136687702005,0.731688557685
ve_re1_n64_t30,1.664,0.0136412392575,0.737605958839
ve_re1_n64_t30,1.672,0.0136140847496,0.743511820112
ve_re1_n64_t30,1.68,0.0135873035093,0.749405490241
ve_re1_n64_t30,1.688,0.0135608913948,0.755286702661
ve_re1_n64_t30,1.696,0.0135348440724,0.761155191642
ve_re1_n64_t30,1.704,0.0135091577083,0.767010703324
ve_re1_n64_t30,1.712,0.0134838286304,0.772852891664
ve_re1_n64_t30,1.72,0.013458853128,0.778681513058
ve_re1_n64_t30,1.728,0.0134342273115,0.784496368321
ve_re1_n64_t30,1.736,0.0134099470955,0.790297194214
ve_re1_n64_t30,1.744,0.0133860085674,0.796083684507
ve_re1_n64_t30,1.752,0.0133624079781,0.801855581556
ve_re1_n64_t30,1.76,0.0133391414758,0.807612645843
ve_re1_n64_t30,1.768,0.0133162050705,0.813354686428
ve_re1_n64_t30,1.776,0.0132935945681,0.819081571435
ve_re1_n64_t30,1.784,0.0132713058226,0.824793125417
ve_re1_n64_t30,1.792,0.0132493348675,0.83048917297
ve_re1_n64_t30,1.8,0.0132276775346,0.836169542105
ve_re1_n64_t30,1.808,0.013206329759,0.841834037778
ve_re1_n64_t30,1.816,0.0131852875574,0.847482551536
ve_re1_n64_t30,1.824,0.0131645467598,0.853115011763
ve_re1_n64_t30,1.832,0.0131441032263,0.858731312867
ve_re1_n64_t30,1.84,0.013123953026,0.864331329028
ve_re1_n64_t30,1.848,0.0131040926086,0.869914884181
ve_re1_n64_t30,1.856,0.0130845178231,0.87548178042
ve_re1_n64_t30,1.864,0.0130652244997,0.881031869713
ve_re1_n64_t30,1.872,0.013046208776,0.886565018317
ve_re1_n64_t30,1.88,0.0130274669128,0.892080757748
ve_re1_n64_t30,1.888,0.0130089956531,0.897578148423
ve_re1_n64_t30,1.896,0.0129907913637,0.903057095726
ve_re1_n64_t30,1.904,0.0129728501219,0.908517593381
ve_re1_n64_t30,1.912,0.0129551679875,0.913959592586
ve_re1_n64_t30,1.92,0.0129377411406,0.91938305715
ve_re1_n64_t30,1.928,0.0129205656402,0.924787952449
ve_re1_n64_t30,1.936,0.0129036377082,0.930174117307
ve_re1_n64_t30,1.944,0.0128869536584,0.935541453957
ve_re1_n64_t30,1.952,0.012870509708,0.940889938869
ve_re1_n64_t30,1.96,0.0128543019452,0.946219546655
ve_re1_n64_t30,1.968,0.0128383264061,0.951530250534
ve_re1_n64_t30,1.976,0.0128225793557,0.956821994035
ve_re1_n64_t30,1.984,0.0128070570059,0.962094718073
ve_re1_n64_t30,1.992,0.0127917556917,0.967348253655
ve_re1_n64_t30,2,0.0127766720587,0.972582150431
ve_re1_n64_t30,2.008,0.0127618026813,0.977796346138
ve_re1_n64_t30,2.016,0.0127471440825,0.982990814162
ve_re1_n64_t30,2.024,0.0127326928655,0.9881654884
ve_re1_n64_t30,2.032,0.0127184458223,0.993320148149
ve_re1_n64_t30,2.04,0.0127043997084,0.998454444162
ve_re1_n64_t30,2.048,0.0126905512823,1.00356829238
ve_re1_n64_t30,2.056,0.0126768974336,1.00866166253
ve_re1_n64_t30,2.064,0.0126634350041,1.01373451422
ve_re1_n64_t30,2.072,0.0126501610118,1.01878665432
ve_re1_n64_t30,2.08,0.0126370725279,1.02381794373
ve_re1_n64_t30,2.088,0.0126241663169,1.02882835165
ve_re1_n64_t30,2.096,0.0126114392249,1.03381782605
ve_re1_n64_t30,2.104,0.0125988882495,1.03878632637
ve_re1_n64_t30,2.112,0.0125865104659,1.04373378733
ve_re1_n64_t30,2.12,0.0125743030308,1.04866013551
ve_re1_n64_t30,2.128,0.0125622632329,1.05356519661
ve_re1_n64_t30,2.136,0.0125503883268,1.05844890229
ve_re1_n64_t30,2.144,0.0125386755194,1.0633111997
ve_re1_n64_t30,2.152,0.0125271221649,1.06815193294
ve_re1_n64_t30,2.16,0.0125157255839,1.07297098195
ve_re1_n64_t30,2.168,0.0125044831914,1.07776835559
ve_re1_n64_t30,2.176,0.0124933925585,1.08254402646
ve_re1_n64_t30,2.184,0.0124824513644,1.08729800091
ve_re1_n64_t30,2.192,0.0124716571864,1.09203032998
ve_re1_n64_t30,2.2,0.0124610075789,1.09674103525
ve_re1_n64_t30,2.208,0.012450500194,1.10143014379
ve_re1_n64_t30,2.216,0.0124401326864,1.106097702
ve_re1_n64_t30,2.224,0.0124299027428,1.11074371765
ve_re1_n64_t30,2.232,0.0124198080325,1.11536816753
ve_re1_n64_t30,2.24,0.0124098462956,1.11997101915
ve_re1_n64_t30,2.248,0.0124000153046,1.12455229091
ve_re1_n64_t30,2.256,0.0123903128906,1.12911198048
ve_re1_n64_t30,2.264,0.0123807368258,1.13365012612
ve_re1_n64_t30,2.272,0.0123712848771,1.13816678036
ve_re1_n64_t30,2.28,0.0123619548445,1.1426619991
ve_re1_n64_t30,2.288,0.0123527445602,1.14713580877
ve_re1_n64_t30,2.296,0.0123436523414,1.15158758082
ve_re1_n64_t30,2.304,0.0123346763693,1.15601714496
ve_re1_n64_t30,2.312,0.01232581444,1.16042456725
ve_re1_n64_t30,2.32,0.0123170645937,1.16480988339
ve_re1_n64_t30,2.328,0.0123084250641,1.1691730289
ve_re1_n64_t30,2.336,0.0122998940457,1.17351409797
ve_re1_n64_t30,2.344,0.0122914696944,1.17783319208
ve_re1_n64_t30,2.352,0.0122831502164,1.18213042807
ve_re1_n64_t30,2.36,0.012274933813,1.18640590395
ve_re1_n64_t30,2.368,0.0122668188388,1.1906596283
ve_re1_n64_t30,2.376,0.012258803653,1.19489170417
ve_re1_n64_t30,2.384,0.01225088654,1.19910225695
ve_re1_n64_t30,2.392,0.0122430657335,1.20329140823
ve_re1_n64_t30,2.4,0.0122353394806,1.20745927404
ve_re1_n64_t30,2.408,0.012227706057,1.21160598006
ve_re1_n64_t30,2.416,0.0122201637823,1.21573160955
ve_re1_n64_t30,2.424,0.0122127109274,1.21983624419
ve_re1_n64_t30,2.432,0.0122053458079,1.22391996562
ve_re1_n64_t30,2.44,0.0121980667783,1.22798285572
ve_re1_n64_t30,2.448,0.0121908723297,1.23202479301
ve_re1_n64_t30,2.456,0.012183761113,1.23604570578
ve_re1_n64_t30,2.464,0.0121767317145,1.24004565456
ve_re1_n64_t30,2.472,0.0121697827068,1.24402469812
ve_re1_n64_t30,2.48,0.0121629126809,1.24798294218
ve_re1_n64_t30,2.488,0.0121561203088,1.25192048499
ve_re1_n64_t30,2.496,0.0121494042188,1.25583742846
ve_re1_n64_t30,2.504,0.0121427631177,1.25973382542
ve_re1_n64_t30,2.512,0.0121361958337,1.26360974832
ve_re1_n64_t30,2.52,0.0121297012332,1.26746528938
ve_re1_n64_t30,2.528,0.0121232781024,1.27130053865
ve_re1_n64_t30,2.536,0.0121169251755,1.27511551205
ve_re1_n64_t30,2.544,0.0121106411917,1.27891025944
ve_re1_n64_t30,2.552,0.012104424892,1.28268487169
ve_re1_n64_t30,2.56,0.0120982750513,1.28643943363
ve_re1_n64_t30,2.568,0.0120921905108,1.29017401701
ve_re1_n64_t30,2.576,0.0120861701502,1.29388870522
ve_re1_n64_t30,2.584,0.0120802128841,1.29758355531
ve_re1_n64_t30,2.592,0.0120743176488,1.30125862149
ve_re1_n64_t30,2.6,0.0120684833755,1.30491395937
ve_re1_n64_t30,2.608,0.0120627090466,1.30854960574
ve_re1_n64_t30,2.616,0.0120569936553,1.31216562816
ve_re1_n64_t30,2.624,0.0120513361784,1.31576207175
ve_re1_n64_t30,2.632,0.0120457357731,1.31933887611
ve_re1_n64_t30,2.64,0.0120401915847,1.32289609436
ve_re1_n64_t30,2.648,0.0120347027438,1.32643379744
ve_re1_n64_t30,2.656,0.012029268415,1.32995204124
ve_re1_n64_t30,2.664,0.0120238877995,1.33345089822
ve_re1_n64_t30,2.672,0.0120185601164,1.33693042929
ve_re1_n64_t30,2.68,0.0120132844404,1.34039069617
ve_re1_n64_t30,2.688,0.0120080599128,1.34383173045
ve_re1_n64_t30,2.696,0.0120028857749,1.34725357151
ve_re1_n64_t30,2.704,0.0119977612679,1.35065629769
ve_re1_n64_t30,2.712,0.0119926856411,1.35403997972
ve_re1_n64_t30,2.72,0.0119876581309,1.35740469378
ve_re1_n64_t30,2.728,0.0119826779684,1.36075051415
ve_re1_n64_t30,2.736,0.0119777443944,1.36407750334
ve_re1_n64_t30,2.744,0.011972856708,1.36738571031
ve_re1_n64_t30,2.752,0.011968014256,1.37067521037
ve_re1_n64_t30,2.76,0.0119632163632,1.37394607567
ve_re1_n64_t30,2.768,0.0119584623435,1.37719837082
ve_re1_n64_t30,2.776,0.011953751515,1.38043216105
ve_re1_n64_t30,2.784,0.0119490832499,1.38364750119
ve_re1_n64_t30,2.792,0.0119444569506,1.38684436445
ve_re1_n64_t30,2.8,0.0119398720829,1.39002276802
ve_re1_n64_t30,2.808,0.0119353281043,1.39318275467
ve_re1_n64_t30,2.816,0.0119308244314,1.39632433248
ve_re1_n64_t30,2.824,0.0119263605212,1.39944756033
ve_re1_n64_t30,2.832,0.0119219358466,1.40255251061
ve_re1_n64_t30,2.84,0.011917549946,1.40563925848
ve_re1_n64_t30,2.848,0.0119132022983,1.4087078905
ve_re1_n64_t30,2.856,0.0119088923548,1.41175848261
ve_re1_n64_t30,2.864,0.0119046195899,1.41479109671
ve_re1_n64_t30,2.872,0.0119003834892,1.41780580699
ve_re1_n64_t30,2.88,0.0118961835626,1.42080268849
ve_re1_n64_t30,2.888,0.0118920193331,1.42378182504
ve_re1_n64_t30,2.896,0.0118878903267,1.42674328657
ve_re1_n64_t30,2.904,0.0118837960832,1.42968714785
ve_re1_n64_t30,2.912,0.0118797361396,1.43261349086
ve_re1_n64_t30,2.92,0.0118757100213,1.43552239851
ve_re1_n64_t30,2.928,0.0118717172869,1.43841394487
ve_re1_n64_t30,2.936,0.01186775751,1.44128821328
ve_re1_n64_t30,2.944,0.011863830242,1.44414528325
ve_re1_n64_t30,2.952,0.0118599350545,1.44698520368
ve_re1_n64_t30,2.96,0.0118560715526,1.44980799771
ve_re1_n64_t30,2.968,0.0118522393537,1.45261372044
ve_re1_n64_t30,2.976,0.0118484380579,1.4554024397
ve_re1_n64_t30,2.984,0.0118446673133,1.45817422204
ve_re1_n64_t30,2.992,0.0118409267996,1.46092914604
ve_re1_n64_t30,3,0.0118372161679,1.46366728232
ve_re1_n64_t30,3.008,0.0118335350705,1.46638869867
ve_re1_n64_t30,3.016,0.0118298831292,1.46909348745
ve_re1_n64_t30,3.024,0.0118262599728,1.47178169565
ve_re1_n64_t30,3.032,0.0118226652477,1.47445337328
ve_re1_n64_t30,3.04,0.0118190986138,1.47710860973
ve_re1_n64_t30,3.048,0.0118155597413,1.47974749072
ve_re1_n64_t30,3.056,0.0118120483164,1.48237010718
ve_re1_n64_t30,3.064,0.0118085640483,1.48497654968
ve_re1_n64_t30,3.072,0.0118051066386,1.4875669026
ve_re1_n64_t30,3.08,0.0118016758285,1.49014119446
ve_re1_n64_t30,3.088,0.0117982714497,1.49269935021
ve_re1_n64_t30,3.096,0.0117948932947,1.49524144903
ve_re1_n64_t30,3.104,0.0117915411117,1.49776758635
ve_re1_n64_t30,3.112,0.0117882146492,1.50027784708
ve_re1_n64_t30,3.12,0.0117849137066,1.50277228947
ve_re1_n64_t30,3.128,0.0117816381133,1.50525098587
ve_re1_n64_t30,3.136,0.0117783876612,1.50771401504
ve_re1_n64_t30,3.144,0.011775162134,1.51016145307
ve_re1_n64_t30,3.152,0.0117719613203,1.51259338601
ve_re1_n64_t30,3.16,0.0117687849962,1.51500990509
ve_re1_n64_t30,3.168,0.011765632953,1.51741110482
ve_re1_n64_t30,3.176,0.0117625049874,1.51979706131
ve_re1_n64_t30,3.184,0.0117594009037,1.52216786323
ve_re1_n64_t30,3.192,0.0117563204961,1.52452361581
ve_re1_n64_t30,3.2,0.0117532635411,1.52686442221
ve_re1_n64_t30,3.208,0.0117502298257,1.52919037146
ve_re1_n64_t30,3.216,0.0117472191148,1.53150156106
ve_re1_n64_t30,3.224,0.0117442311869,1.53379808033
ve_re1_n64_t30,3.232,0.0117412658993,1.53608002269
ve_re1_n64_t30,3.24,0.0117383230925,1.53834748375
ve_re1_n64_t30,3.248,0.0117354025711,1.54060055651
ve_re1_n64_t30,3.256,0.011732504116,1.5428393393
ve_re1_n64_t30,3.264,0.0117296274931,1.54506392642
ve_re1_n64_t30,3.272,0.0117267724773,1.5472744153
ve_re1_n64_t30,3.28,0.0117239388549,1.54947089527
ve_re1_n64_t30,3.288,0.0117211264289,1.55165344699
ve_re1_n64_t30,3.296,0.0117183350079,1.55382215625
ve_re1_n64_t30,3.304,0.0117155643921,1.55597711948
ve_re1_n64_t30,3.312,0.0117128143801,1.5581184272
ve_re1_n64_t30,3.32,0.0117100847906,1.56024615199
ve_re1_n64_t30,3.328,0.011707375465,1.56236037228
ve_re1_n64_t30,3.336,0.0117046862526,1.56446116679
ve_re1_n64_t30,3.344,0.0117020170119,1.56654860952
ve_re1_n64_t30,3.352,0.0116993676066,1.56862278833
ve_re1_n64_t30,3.36,0.0116967378876,1.57068380197
ve_re1_n64_t30,3.368,0.0116941277042,1.57273173741
ve_re1_n64_t30,3.376,0.0116915369026,1.57476668648
ve_re1_n64_t30,3.384,0.01168896531,1.57678874403
ve_re1_n64_t30,3.392,0.0116864127452,1.57879800018
ve_re1_n64_t30,3.4,0.0116838790256,1.58079454437
ve_re1_n64_t30,3.408,0.0116813639741,1.5827784695
ve_re1_n64_t30,3.416,0.0116788674153,1.58474987069
ve_re1_n64_t30,3.424,0.0116763891809,1.58670883455
ve_re1_n64_t30,3.432,0.0116739291411,1.58865536197
ve_re1_n64_t30,3.44,0.0116714871754,1.5905895108
ve_re1_n64_t30,3.448,0.0116690631251,1.5925113826
ve_re1_n64_t30,3.456,0.0116666567993,1.59442108086
ve_re1_n64_t30,3.464,0.0116642679843,1.59631870639
ve_re1_n64_t30,3.472,0.01166189647,1.59820435651
ve_re1_n64_t30,3.48,0.0116595420423,1.60007813139
ve_re1_n64_t30,3.488,0.0116572045024,1.60194012787
ve_re1_n64_t30,3.496,0.0116548836613,1.60379045984
ve_re1_n64_t30,3.504,0.011652579355,1.60562924176
ve_re1_n64_t30,3.512,0.0116502914086,1.60745658005
ve_re1_n64_t30,3.52,0.0116480196275,1.6092725804
ve_re1_n64_t30,3.528,0.0116457638167,1.61107733692
ve_re1_n64_t30,3.536,0.0116435238032,1.61287093677
ve_re1_n64_t30,3.544,0.0116412994279,1.61465346518
ve_re1_n64_t30,3.552,0.0116390905245,1.61642501579
ve_re1_n64_t30,3.56,0.0116368969322,1.61818567097
ve_re1_n64_t30,3.568,0.0116347185065,1.61993553325
ve_re1_n64_t30,3.576,0.0116325551065,1.62167470916
ve_re1_n64_t30,3.584,0.0116304065658,1.62340329339
ve_re1_n64_t30,3.592,0.0116282727136,1.62512137245
ve_re1_n64_t30,3.6,0.0116261534106,1.62682900523
ve_re1_n64_t30,3.608,0.0116240485122,1.62852627762
ve_re1_n64_t30,3.616,0.0116219578528,1.63021328148
ve_re1_n64_t30,3.624,0.0116198812512,1.6318901113
ve_re1_n64_t30,3.632,0.0116178185208,1.63355686122
ve_re1_n64_t30,3.64,0.0116157694724,1.63521361972
ve_re1_n64_t30,3.648,0.0116137339262,1.63686046638
ve_re1_n64_t30,3.656,0.011611711701,1.63849748827
ve_re1_n64_t30,3.664,0.0116097026005,1.64012477888
ve_re1_n64_t30,3.672,0.0116077064419,1.64174242931
ve_re1_n64_t30,3.68,0.0116057230894,1.64335052881
ve_re1_n64_t30,3.688,0.0116037523686,1.64494916192
ve_re1_n64_t30,3.696,0.011601794098,1.64653840557
ve_re1_n64_t30,3.704,0.0115998481038,1.64811834167
ve_re1_n64_t30,3.712,0.0115979142054,1.64968905451
ve_re1_n64_t30,3.72,0.0115959922124,1.6512506276
ve_re1_n64_t30,3.728,0.0115940819377,1.65280314046
ve_re1_n64_t30,3.736,0.0115921832187,1.65434667484
ve_re1_n64_t30,3.744,0.011590295912,1.65588130527
ve_re1_n64_t30,3.752,0.0115884198691,1.65740710191
ve_re1_n64_t30,3.76,0.0115865549498,1.65892413488
ve_re1_n64_t30,3.768,0.0115847010232,1.66043247419
ve_re1_n64_t30,3.776,0.0115828579511,1.66193218621
ve_re1_n64_t30,3.784,0.0115810256254,1.66342333204
ve_re1_n64_t30,3.792,0.0115792039554,1.6649059769
ve_re1_n64_t30,3.8,0.0115773928421,1.66638019537
ve_re1_n64_t30,3.808,0.0115755921815,1.66784605728
ve_re1_n64_t30,3.816,0.0115738018661,1.6693036318
ve_re1_n64_t30,3.824,0.0115720217857,1.67075298558
ve_re1_n64_t30,3.832,0.0115702518194,1.67219418504
ve_re1_n64_t30,3.84,0.0115684918445,1.67362729653
ve_re1_n64_t30,3.848,0.0115667417509,1.67505235181
ve_re1_n64_t30,3.856,0.0115650014749,1.6764693406
ve_re1_n64_t30,3.864,0.0115632709387,1.67787833018
ve_re1_n64_t30,3.872,0.0115615500413,1.67927939093
ve_re1_n64_t30,3.88,0.0115598386744,1.68067258851
ve_re1_n64_t30,3.888,0.0115581367281,1.68205799014
ve_re1_n64_t30,3.896,0.0115564440948,1.68343565298
ve_re1_n64_t30,3.904,0.0115547606509,1.68480564763
ve_re1_n64_t30,3.912,0.0115530862713,1.68616804238
ve_re1_n64_t30,3.92,0.0115514208411,1.68752290166
ve_re1_n64_t30,3.928,0.0115497642467,1.68887028765
ve_re1_n64_t30,3.936,0.0115481163735,1.69021026268
ve_re1_n64_t30,3.944,0.0115464771203,1.69154288226
ve_re1_n64_t30,3.952,0.0115448463954,1.69286820636
ve_re1_n64_t30,3.96,0.0115432241086,1.69418629689
ve_re1_n64_t30,3.968,0.0115416101826,1.69549720993
ve_re1_n64_t30,3.976,0.0115400045446,1.69680100352
ve_re1_n64_t30,3.984,0.0115384071105,1.69809774045
ve_re1_n64_t30,3.992,0.0115368177899,1.69938747685
ve_re1_n64_t30,4,0.0115352364951,1.70067026412
ve_re1_n64_t30,4.008,0.0115336631459,1.70194615783
ve_re1_n64_t30,4.016,0.0115320976598,1.70321521484
ve_re1_n64_t30,4.024,0.0115305399552,1.70447749092
ve_re1_n64_t30,4.032,0.0115289899528,1.70573304266
ve_re1_n64_t30,4.04,0.0115274475906,1.70698191955
ve_re1_n64_t30,4.048,0.0115259128005,1.70822417131
ve_re1_n64_t30,4.056,0.0115243855086,1.70945985427
ve_re1_n64_t30,4.064,0.0115228656371,1.71068902456
ve_re1_n64_t30,4.072,0.0115213531038,1.71191173916
ve_re1_n64_t30,4.08,0.0115198478278,1.71312805068
ve_re1_n64_t30,4.088,0.0115183497306,1.71433800736
ve_re1_n64_t30,4.096,0.0115168587319,1.71554166087
ve_re1_n64_t30,4.104,0.0115153747516,1.71673906478
ve_re1_n64_t30,4.112,0.0115138977103,1.71793026958
ve_re1_n64_t30,4.12,0.0115124275254,1.71911532671
ve_re1_n64_t30,4.128,0.0115109641218,1.72029428281
ve_re1_n64_t30,4.136,0.0115095074374,1.72146718076
ve_re1_n64_t30,4.144,0.0115080574474,1.72263407093
ve_re1_n64_t30,4.152,0.0115066141331,1.72379500303
ve_re1_n64_t30,4.16,0.0115051774468,1.72495002676
ve_re1_n64_t30,4.168,0.0115037473339,1.72609919
ve_re1_n64_t30,4.176,0.0115023237364,1.72724253946
ve_re1_n64_t30,4.184,0.0115009065867,1.72838011914
ve_re1_n64_t30,4.192,0.0114994958145,1.72951197364
ve_re1_n64_t30,4.2,0.0114980913583,1.73063814741
ve_re1_n64_t30,4.208,0.0114966931678,1.73175868414
ve_re1_n64_t30,4.216,0.0114953011859,1.73287363105
ve_re1_n64_t30,4.224,0.0114939153545,1.73398303439
ve_re1_n64_t30,4.232,0.0114925356165,1.73508693996
ve_re1_n64_t30,4.24,0.0114911619151,1.73618539409
ve_re1_n64_t30,4.248,0.0114897941946,1.7372784401
ve_re1_n64_t30,4.256,0.0114884324027,1.73836611798
ve_re1_n64_t30,4.264,0.0114870764978,1.73944846407
ve_re1_n64_t30,4.272,0.0114857264465,1.74052551998
ve_re1_n64_t30,4.28,0.0114843822177,1.74159732814
ve_re1_n64_t30,4.288,0.0114830437794,1.74266393075
ve_re1_n64_t30,4.296,0.0114817111009,1.74372536788
ve_re1_n64_t30,4.304,0.0114803841531,1.74478167841
ve_re1_n64_t30,4.312,0.0114790629153,1.74583290328
ve_re1_n64_t30,4.32,0.0114777473512,1.74687908679
ve_re1_n64_t30,4.328,0.0114764374171,1.74792026862
ve_re1_n64_t30,4.336,0.0114751330761,1.74895648867
ve_re1_n64_t30,4.344,0.0114738342901,1.74998779051
ve_re1_n64_t30,4.352,0.0114725410203,1.75101421758
ve_re1_n64_t30,4.36,0.0114712532286,1.75203581157
ve_re1_n64_t30,4.368,0.0114699708667,1.75305261653
ve_re1_n64_t30,4.376,0.0114686938823,1.75406467558
ve_re1_n64_t30,4.384,0.0114674222276,1.75507202892
ve_re1_n64_t30,4.392,0.0114661558546,1.75607471486
ve_re1_n64_t30,4.4,0.0114648947445,1.75707272089
ve_re1_n64_t30,4.408,0.0114636389043,1.75806604935
ve_re1_n64_t30,4.416,0.0114623883153,1.75905473966
ve_re1_n64_t30,4.424,0.0114611429411,1.7600388344
ve_re1_n64_t30,4.432,0.0114599027235,1.76101837491
ve_re1_n64_t30,4.44,0.0114586676143,1.76199340059
ve_re1_n64_t30,4.448,0.0114574375555,1.76296395172
ve_re1_n64_t30,4.456,0.0114562124858,1.76393007031
ve_re1_n64_t30,4.464,0.0114549923397,1.76489179737
ve_re1_n64_t30,4.472,0.0114537770524,1.76584917126
ve_re1_n64_t30,4.48,0.0114525665635,1.7668022295
ve_re1_n64_t30,4.488,0.0114513608171,1.76775100874
ve_re1_n64_t30,4.496,0.0114501597598,1.76869554634
ve_re1_n64_t30,4.504,0.0114489633387,1.76963587697
ve_re1_n64_t30,4.512,0.0114477715012,1.77057203593
ve_re1_n64_t30,4.52,0.0114465841943,1.77150405831
ve_re1_n64_t30,4.528,0.0114454013637,1.77243198008
ve_re1_n64_t30,4.536,0.0114442229536,1.77335583447
ve_re1_n64_t30,4.544,0.011443048904,1.77427565082
ve_re1_n64_t30,4.552,0.0114418791619,1.77519145846
ve_re1_n64_t30,4.56,0.0114407136794,1.77610328989
ve_re1_n64_t30,4.568,0.0114395524076,1.77701117839
ve_re1_n64_t30,4.576,0.0114383952965,1.77791515568
ve_re1_n64_t30,4.584,0.0114372422982,1.77881525428
ve_re1_n64_t30,4.592,0.0114360933734,1.77971150465
ve_re1_n64_t30,4.6,0.0114349484863,1.78060393594
ve_re1_n64_t30,4.608,0.0114338076004,1.78149257573
ve_re1_n64_t30,4.616,0.0114326706778,1.78237745374
ve_re1_n64_t30,4.624,0.0114315376799,1.78325860157
ve_re1_n64_t30,4.632,0.0114304085581,1.78413605077
ve_re1_n64_t30,4.64,0.0114292832722,1.78500983157
ve_re1_n64_t30,4.648,0.0114281617856,1.78587997262
ve_re1_n64_t30,4.656,0.0114270440635,1.78674649902
ve_re1_n64_t30,4.664,0.0114259300734,1.78760943857
ve_re1_n64_t30,4.672,0.0114248197829,1.78846881955
ve_re1_n64_t30,4.68,0.0114237131563,1.78932467099
ve_re1_n64_t30,4.688,0.0114226101499,1.79017702372
ve_re1_n64_t30,4.696,0.0114215107142,1.79102590701
ve_re1_n64_t30,4.704,0.0114204148102,1.79187134523
ve_re1_n64_t30,4.712,0.0114193224028,1.79271336082
ve_re1_n64_t30,4.72,0.0114182334587,1.7935519767
ve_re1_n64_t30,4.728,0.0114171479449,1.79438721821
ve_re1_n64_t30,4.736,0.0114160658283,1.7952191093
ve_re1_n64_t30,4.744,0.0114149870799,1.79604767285
ve_re1_n64_t30,4.752,0.0114139116643,1.7968729335
ve_re1_n64_t30,4.76,0.0114128395513,1.79769491523
ve_re1_n64_t30,4.768,0.0114117707148,1.79851363813
ve_re1_n64_t30,4.776,0.0114107051358,1.79932912418
ve_re1_n64_t30,4.784,0.011409642792,1.8001413956
ve_re1_n64_t30,4.792,0.0114085836657,1.80095047535
ve_re1_n64_t30,4.8,0.0114075277373,1.801756386
ve_re1_n64_t30,4.808,0.0114064749877,1.80255915037
ve_re1_n64_t30,4.816,0.0114054253979,1.80335879145
ve_re1_n64_t30,4.824,0.0114043789492,1.80415533173
ve_re1_n64_t30,4.832,0.0114033356237,1.8049487936
ve_re1_n64_t30,4.84,0.0114022954041,1.80573919978
ve_re1_n64_t30,4.848,0.0114012582723,1.80652657277
ve_re1_n64_t30,4.856,0.0114002242078,1.80731093491
ve_re1_n64_t30,4.864,0.0113991931936,1.80809230686
ve_re1_n64_t30,4.872,0.0113981652159,1.80887070943
ve_re1_n64_t30,4.88,0.0113971402585,1.80964616849
ve_re1_n64_t30,4.888,0.0113961183079,1.81041870476
ve_re1_n64_t30,4.896,0.0113950993328,1.81118833927
ve_re1_n64_t30,4.904,0.0113940833351,1.81195509515
ve_re1_n64_t30,4.912,0.0113930702954,1.81271899457
ve_re1_n64_t30,4.92,0.0113920602014,1.81348005617
ve_re1_n64_t30,4.928,0.0113910530525,1.81423829692
ve_re1_n64_t30,4.936,0.0113900488475,1.81499373912
ve_re1_n64_t30,4.944,0.01138904758,1.81574640485
ve_re1_n64_t30,4.952,0.0113880492416,1.8164963154
ve_re1_n64_t30,4.96,0.0113870538217,1.81724349216
ve_re1_n64_t30,4.968,0.0113860613092,1.81798795728
ve_re1_n64_t30,4.976,0.0113850716906,1.8187297331
ve_re1_n64_t30,4.984,0.0113840849532,1.81946884174
ve_re1_n64_t30,4.992,0.0113831010837,1.82020530608
ve_re1_n64_t30,5,0.011382120071,1.82093914844
ve_re1_n64_t30,5.008,0.0113811419088,1.82167038861
ve_re1_n64_t30,5.016,0.0113801665836,1.82239904472
ve_re1_n64_t30,5.024,0.0113791940764,1.82312513697
ve_re1_n64_t30,5.032,0.0113782243673,1.82384868537
ve_re1_n64_t30,5.04,0.0113772574404,1.82456971099
ve_re1_n64_t30,5.048,0.0113762932885,1.82528823097
ve_re1_n64_t30,5.056,0.0113753319025,1.8260042625
ve_re1_n64_t30,5.064,0.0113743732712,1.82671782301
ve_re1_n64_t30,5.072,0.0113734173814,1.8274289258
ve_re1_n64_t30,5.08,0.0113724642201,1.8281375887
ve_re1_n64_t30,5.088,0.0113715137657,1.8288438307
ve_re1_n64_t30,5.096,0.0113705659933,1.82954767039
ve_re1_n64_t30,5.104,0.0113696208819,1.83024912525
ve_re1_n64_t30,5.112,0.0113686784097,1.83094821225
ve_re1_n64_t30,5.12,0.011367738553,1.83164494914
ve_re1_n64_t30,5.128,0.0113668012868,1.83233935311
ve_re1_n64_t30,5.136,0.0113658665858,1.83303144036
ve_re1_n64_t30,5.144,0.0113649344263,1.83372122616
ve_re1_n64_t30,5.152,0.0113640047834,1.83440872573
ve_re1_n64_t30,5.16,0.0113630776305,1.83509395503
ve_re1_n64_t30,5.168,0.0113621529421,1.83577693036
ve_re1_n64_t30,5.176,0.0113612306942,1.83645766649
ve_re1_n64_t30,5.184,0.011360310864,1.83713617798
ve_re1_n64_t30,5.192,0.0113593934281,1.83781247969
ve_re1_n64_t30,5.2,0.0113584783609,1.83848658659
ve_re1_n64_t30,5.208,0.0113575656368,1.83915851337
ve_re1_n64_t30,5.216,0.0113566552318,1.83982827372
ve_re1_n64_t30,5.224,0.0113557471235,1.84049588079
ve_re1_n64_t30,5.232,0.0113548412909,1.84116134665
ve_re1_n64_t30,5.24,0.0113539377144,1.84182468347
ve_re1_n64_t30,5.248,0.0113530363741,1.84248590285
ve_re1_n64_t30,5.256,0.01135213725,1.84314501675
ve_re1_n64_t30,5.264,0.0113512403219,1.84380203732
ve_re1_n64_t30,5.272,0.0113503455691,1.84445697614
ve_re1_n64_t30,5.28,0.0113494529725,1.8451098444
ve_re1_n64_t30,5.288,0.0113485625137,1.84576065325
ve_re1_n64_t30,5.296,0.0113476741757,1.84640941306
ve_re1_n64_t30,5.304,0.0113467879434,1.84705613313
ve_re1_n64_t30,5.312,0.0113459038038,1.84770082143
ve_re1_n64_t30,5.32,0.0113450217476,1.84834348761
ve_re1_n64_t30,5.328,0.0113441417668,1.8489841421
ve_re1_n64_t30,5.336,0.011343263853,1.84962279478
ve_re1_n64_t30,5.344,0.0113423879984,1.85025945503
ve_re1_n64_t30,5.352,0.0113415141953,1.85089413253
ve_re1_n64_t30,5.36,0.0113406424364,1.85152683665
ve_re1_n64_t30,5.368,0.0113397727175,1.8521575661
ve_re1_n64_t30,5.376,0.0113389050454,1.85278631076
ve_re1_n64_t30,5.384,0.0113380394163,1.85341308024
ve_re1_n64_t30,5.392,0.0113371758221,1.85403787397
ve_re1_n64_t30,5.4,0.0113363142542,1.85466069535
ve_re1_n64_t30,5.408,0.0113354547039,1.8552815544
ve_re1_n64_t30,5.416,0.0113345971624,1.85590046099
ve_re1_n64_t30,5.424,0.0113337416203,1.85651742486
ve_re1_n64_t30,5.432,0.0113328880661,1.85713245559
ve_re1_n64_t30,5.44,0.0113320364883,1.85774556269
ve_re1_n64_t30,5.448,0.0113311868774,1.85835675504
ve_re1_n64_t30,5.456,0.0113303392257,1.85896604147
ve_re1_n64_t30,5.464,0.011329493526,1.85957343105
ve_re1_n64_t30,5.472,0.0113286497712,1.86017893244
ve_re1_n64_t30,5.48,0.0113278079546,1.86078255418
ve_re1_n64_t30,5.488,0.0113269680706,1.86138430442
ve_re1_n64_t30,5.496,0.0113261301163,1.86198419119
ve_re1_n64_t30,5.504,0.0113252940771,1.86258222225
ve_re1_n64_t30,5.512,0.0113244599588,1.86317840445
ve_re1_n64_t30,5.52,0.0113236277566,1.86377274522
ve_re1_n64_t30,5.528,0.0113227974673,1.86436525206
ve_re1_n64_t30,5.536,0.011321969087,1.86495593423
ve_re1_n64_t30,5.544,0.0113211426083,1.86554480093
ve_re1_n64_t30,5.552,0.0113203180253,1.86613185905
ve_re1_n64_t30,5.56,0.0113194953346,1.86671711541
ve_re1_n64_t30,5.568,0.0113186745402,1.867300573
ve_re1_n64_t30,5.576,0.0113178556417,1.86788223859
ve_re1_n64_t30,5.584,0.0113170386369,1.86846211913
ve_re1_n64_t30,5.592,0.0113162235227,1.86904022156
ve_re1_n64_t30,5.6,0.0113154102994,1.86961655244
ve_re1_n64_t30,5.608,0.0113145989674,1.87019111812
ve_re1_n64_t30,5.616,0.0113137895268,1.87076392464
ve_re1_n64_t30,5.624,0.0113129819787,1.87133497762
ve_re1_n64_t30,5.632,0.0113121763245,1.87190428284
ve_re1_n64_t30,5.64,0.0113113725651,1.87247184564
ve_re1_n64_t30,5.648,0.011310570702,1.87303767156
ve_re1_n64_t30,5.656,0.0113097707367,1.8736017658
ve_re1_n64_t30,5.664,0.0113089726718,1.87416413286
ve_re1_n64_t30,5.672,0.011308176511,1.87472477747
ve_re1_n64_t30,5.68,0.0113073822586,1.87528370398
ve_re1_n64_t30,5.688,0.0113065899184,1.87584091753
ve_re1_n64_t30,5.696,0.0113057994935,1.87639642291
ve_re1_n64_t30,5.704,0.0113050109862,1.87695022453
ve_re1_n64_t30,5.712,0.0113042243992,1.87750232646
ve_re1_n64_t30,5.72,0.0113034397369,1.87805273308
ve_re1_n64_t30,5.728,0.0113026570042,1.87860144883
ve_re1_n64_t30,5.736,0.0113018762054,1.87914847742
ve_re1_n64_t30,5.744,0.0113010973455,1.87969382222
ve_re1_n64_t30,5.752,0.0113003204282,1.88023748757
ve_re1_n64_t30,5.76,0.0112995454572,1.88077947747
ve_re1_n64_t30,5.768,0.0112987724389,1.88131979399
ve_re1_n64_t30,5.776,0.0112980013809,1.88185844095
ve_re1_n64_t30,5.784,0.0112972322931,1.88239542281
ve_re1_n64_t30,5.792,0.011296465182,1.88293074393
ve_re1_n64_t30,5.8,0.0112957000507,1.8834644086
ve_re1_n64_t30,5.808,0.0112949369025,1.88399642087
ve_re1_n64_t30,5.816,0.0112941757416,1.8845267842
ve_re1_n64_t30,5.824,0.0112934165719,1.88505550207
ve_re1_n64_t30,5.832,0.0112926593976,1.88558257786
ve_re1_n64_t30,5.84,0.011291904223,1.88610801577
ve_re1_n64_t30,5.848,0.0112911510512,1.88663182004
ve_re1_n64_t30,5.856,0.0112903998856,1.88715399471
ve_re1_n64_t30,5.864,0.0112896507294,1.88767454408
ve_re1_n64_t30,5.872,0.0112889035861,1.88819347224
ve_re1_n64_t30,5.88,0.0112881584592,1.88871078339
ve_re1_n64_t30,5.888,0.0112874153505,1.88922648202
ve_re1_n64_t30,5.896,0.0112866742635,1.88974057126
ve_re1_n64_t30,5.904,0.0112859352034,1.89025305406
ve_re1_n64_t30,5.912,0.0112851981756,1.89076393491
ve_re1_n64_t30,5.92,0.0112844631851,1.89127321733
ve_re1_n64_t30,5.928,0.0112837302376,1.89178090335
ve_re1_n64_t30,5.936,0.0112829993379,1.8922869977
ve_re1_n64_t30,5.944,0.0112822704902,1.89279150526
ve_re1_n64_t30,5.952,0.0112815436982,1.89329443098
ve_re1_n64_t30,5.96,0.011280818967,1.89379577955
ve_re1_n64_t30,5.968,0.011280096295,1.89429555547
ve_re1_n64_t30,5.976,0.0112793756901,1.89479376358
ve_re1_n64_t30,5.984,0.0112786571539,1.89529040869
ve_re1_n64_t30,5.992,0.011277940689,1.89578549565
ve_re1_n64_t30,6,0.0112772262981,1.89627902925
ve_re1_n64_t30,6.008,0.011276513983,1.89677101434
ve_re1_n64_t30,6.016,0.0112758037446,1.89726145578
ve_re1_n64_t30,6.024,0.0112750955836,1.89775035758
ve_re1_n64_t30,6.032,0.0112743895004,1.89823772411
ve_re1_n64_t30,6.04,0.0112736854955,1.89872355972
ve_re1_n64_t30,6.048,0.0112729835686,1.89920786892
ve_re1_n64_t30,6.056,0.0112722837193,1.89969065729
ve_re1_n64_t30,6.064,0.0112715859477,1.9001719294
ve_re1_n64_t30,6.072,0.0112708902531,1.90065168966
ve_re1_n64_t30,6.08,0.0112701966351,1.90112994271
ve_re1_n64_t30,6.088,0.0112695050918,1.90160669311
ve_re1_n64_t30,6.096,0.0112688156204,1.90208194534
ve_re1_n64_t30,6.104,0.0112681282182,1.90255570383
ve_re1_n64_t30,6.112,0.0112674428824,1.90302797289
ve_re1_n64_t30,6.12,0.0112667596101,1.90349875684
ve_re1_n64_t30,6.128,0.0112660783981,1.9039680599
ve_re1_n64_t30,6.136,0.0112653992418,1.90443588628
ve_re1_n64_t30,6.144,0.0112647221351,1.90490223754
ve_re1_n64_t30,6.152,0.0112640470692,1.90536711664
ve_re1_n64_t30,6.16,0.0112633740381,1.90583052786
ve_re1_n64_t30,6.168,0.0112627030366,1.90629247523
ve_re1_n64_t30,6.176,0.0112620340594,1.90675296256
ve_re1_n64_t30,6.184,0.011261367102,1.90721199387
ve_re1_n64_t30,6.192,0.0112607021599,1.90766957394
ve_re1_n64_t30,6.2,0.0112600392292,1.90812570655
ve_re1_n64_t30,6.208,0.0112593783072,1.90858039525
ve_re1_n64_t30,6.216,0.0112587193911,1.90903364352
ve_re1_n64_t30,6.224,0.0112580624774,1.90948545471
ve_re1_n64_t30,6.232,0.0112574075632,1.90993583198
ve_re1_n64_t30,6.24,0.0112567546456,1.91038477871
ve_re1_n64_t30,6.248,0.0112561037212,1.91083229842
ve_re1_n64_t30,6.256,0.0112554547863,1.91127839473
ve_re1_n64_t30,6.264,0.0112548078356,1.91172307199
ve_re1_n64_t30,6.272,0.0112541628612,1.91216633481
ve_re1_n64_t30,6.28,0.0112535198572,1.91260818624
ve_re1_n64_t30,6.288,0.0112528788187,1.9130486293
ve_re1_n64_t30,6.296,0.0112522397408,1.91348766707
ve_re1_n64_t30,6.304,0.0112516026178,1.91392530247
ve_re1_n64_t30,6.312,0.0112509674458,1.91436153828
ve_re1_n64_t30,6.32,0.0112503342212,1.91479637693
ve_re1_n64_t30,6.328,0.01124970294,1.91522982073
ve_re1_n64_t30,6.336,0.0112490735988,1.91566187242
ve_re1_n64_t30,6.344,0.0112484461943,1.91609253484
ve_re1_n64_t30,6.352,0.011247820723,1.91652181081
ve_re1_n64_t30,6.36,0.0112471971812,1.91694970309
ve_re1_n64_t30,6.368,0.0112465755664,1.91737621444
ve_re1_n64_t30,6.376,0.0112459558761,1.91780134749
ve_re1_n64_t30,6.384,0.0112453381078,1.91822510497
ve_re1_n64_t30,6.392,0.0112447222584,1.91864748971
ve_re1_n64_t30,6.4,0.0112441083255,1.91906850446
ve_re1_n64_t30,6.408,0.0112434963031,1.91948815196
ve_re1_n64_t30,6.416,0.0112428861875,1.9199064349
ve_re1_n64_t30,6.424,0.0112422779759,1.92032335587
ve_re1_n64_t30,6.432,0.0112416716658,1.92073891773
ve_re1_n64_t30,6.44,0.0112410672549,1.92115312338
ve_re1_n64_t30,6.448,0.0112404647404,1.92156597574
ve_re1_n64_t30,6.456,0.0112398641197,1.92197747779
ve_re1_n64_t30,6.464,0.01123926539,1.92238763256
ve_re1_n64_t30,6.472,0.0112386685484,1.92279644294
ve_re1_n64_t30,6.48,0.0112380735921,1.92320391187
ve_re1_n64_t30,6.488,0.0112374805188,1.92361004233
ve_re1_n64_t30,6.496,0.0112368893258,1.92401483737
ve_re1_n64_t30,6.504,0.0112363000106,1.92441830003
ve_re1_n64_t30,6.512,0.0112357125705,1.92482043335
ve_re1_n64_t30,6.52,0.011235127003,1.92522124043
ve_re1_n64_t30,6.528,0.0112345433061,1.9256207243
ve_re1_n64_t30,6.536,0.0112339614789,1.92601888779
ve_re1_n64_t30,6.544,0.0112333815199,1.92641573314
ve_re1_n64_t30,6.552,0.0112328034278,1.9268112635
ve_re1_n64_t30,6.56,0.011232227201,1.92720548154
ve_re1_n64_t30,6.56800000001,0.0112316528372,1.92759838998
ve_re1_n64_t30,6.57600000001,0.0112310803333,1.92798999203
ve_re1_n64_t30,6.58400000001,0.0112305096861,1.92838029098
ve_re1_n64_t30,6.59200000001,0.0112299408914,1.92876929019
ve_re1_n64_t30,6.60000000001,0.0112293739446,1.92915699301
ve_re1_n64_t30,6.60800000001,0.011228808842,1.92954340255
ve_re1_n64_t30,6.61600000001,0.0112282455796,1.92992852197
ve_re1_n64_t30,6.62400000001,0.0112276841539,1.9303123546
ve_re1_n64_t30,6.63200000001,0.0112271245619,1.93069490378
ve_re1_n64_t30,6.64000000001,0.0112265668011,1.9310761728
ve_re1_n64_t30,6.64800000001,0.0112260108696,1.93145616499
ve_re1_n64_t30,6.65600000001,0.0112254567651,1.93183488369
ve_re1_n64_t30,6.66400000001,0.0112249044855,1.93221233224
ve_re1_n64_t30,6.67200000001,0.0112243540291,1.93258851302
ve_re1_n64_t30,6.68000000001,0.0112238053958,1.93296342918
ve_re1_n64_t30,6.68800000001,0.0112232585847,1.93333708421
ve_re1_n64_t30,6.69600000001,0.0112227135941,1.93370948166
ve_re1_n64_t30,6.70400000001,0.0112221704236,1.93408062441
ve_re1_n64_t30,6.71200000001,0.0112216290752,1.9344505151
ve_re1_n64_t30,6.72000000001,0.0112210895481,1.93481915694
ve_re1_n64_t30,6.72800000001,0.0112205518403,1.93518655316
ve_re1_n64_t30,6.73600000001,0.0112200159494,1.93555270702
ve_re1_n64_t30,6.74400000001,0.0112194818726,1.93591762187
ve_re1_n64_t30,6.75200000001,0.0112189496065,1.93628130113
ve_re1_n64_t30,6.76000000001,0.0112184191474,1.93664374823
ve_re1_n64_t30,6.76800000001,0.0112178904923,1.93700496648
ve_re1_n64_t30,6.77600000001,0.0112173636381,1.9373649593
ve_re1_n64_t30,6.78400000001,0.0112168385817,1.93772373013
ve_re1_n64_t30,6.79200000001,0.0112163153188,1.93808128234
ve_re1_n64_t30,6.80000000001,0.0112157938455,1.93843761936
ve_re1_n64_t30,6.80800000001,0.0112152741573,1.93879274474
ve_re1_n64_t30,6.81600000001,0.0112147562493,1.93914666197
ve_re1_n64_t30,6.82400000001,0.0112142401169,1.93949937455
ve_re1_n64_t30,6.83200000001,0.011213725756,1.93985088601
ve_re1_n64_t30,6.84000000001,0.0112132131625,1.94020119983
ve_re1_n64_t30,6.84800000001,0.0112127023353,1.94055031948
ve_re1_n64_t30,6.85600000001,0.0112121932727,1.94089824848
ve_re1_n64_t30,6.86400000001,0.0112116859716,1.94124499038
ve_re1_n64_t30,6.87200000001,0.0112111804281,1.94159054867
ve_re1_n64_t30,6.88000000001,0.0112106766381,1.94193492679
ve_re1_n64_t30,6.88800000001,0.0112101745978,1.94227812826
ve_re1_n64_t30,6.89600000001,0.011209674303,1.94262015712
ve_re1_n64_t30,6.90400000001,0.0112091757489,1.94296101702
ve_re1_n64_t30,6.91200000001,0.0112086789307,1.94330071165
ve_re1_n64_t30,6.92000000001,0.0112081838435,1.94363924455
ve_re1_n64_t30,6.92800000001,0.0112076904828,1.94397661917
ve_re1_n64_t30,6.93600000001,0.0112071988438,1.944312839
ve_re1_n64_t30,6.94400000001,0.0112067089218,1.94464790753
ve_re1_n64_t30,6.95200000001,0.0112062207118,1.94498182828
ve_re1_n64_t30,6.96000000001,0.0112057342089,1.94531460477
ve_re1_n64_t30,6.96800000001,0.0112052494083,1.94564624049
ve_re1_n64_t30,6.97600000001,0.0112047663049,1.94597673893
ve_re1_n64_t30,6.98400000001,0.0112042848936,1.94630610359
ve_re1_n64_t30,6.99200000001,0.0112038051691,1.94663433795
ve_re1_n64_t30,7.00000000001,0.0112033271256,1.94696144566
ve_re1_n64_t30,7.00800000001,0.0112028507576,1.94728743029
ve_re1_n64_t30,7.01600000001,0.0112023760611,1.94761229534
ve_re1_n64_t30,7.02400000001,0.0112019030345,1.94793604431
ve_re1_n64_t30,7.03200000001,0.0112014316746,1.94825868072
ve_re1_n64_t30,7.04000000001,0.0112009619764,1.94858020808
ve_re1_n64_t30,7.04800000001,0.0112004939346,1.94890062987
ve_re1_n64_t30,7.05600000001,0.011200027543,1.94921994959
ve_re1_n64_t30,7.06400000001,0.0111995627953,1.94953817079
ve_re1_n64_t30,7.07200000001,0.0111990996851,1.94985529714
ve_re1_n64_t30,7.08000000001,0.0111986382055,1.95017133204
ve_re1_n64_t30,7.08800000001,0.0111981783497,1.95048627885
ve_re1_n64_t30,7.09600000001,0.0111977201108,1.95080014106
ve_re1_n64_t30,7.10400000001,0.0111972634824,1.95111292214
ve_re1_n64_t30,7.11200000001,0.0111968084579,1.95142462566
ve_re1_n64_t30,7.12000000001,0.0111963550302,1.95173525513
ve_re1_n64_t30,7.12800000001,0.0111959031928,1.95204481405
ve_re1_n64_t30,7.13600000001,0.0111954529394,1.95235330586
ve_re1_n64_t30,7.14400000001,0.0111950042639,1.95266073405
ve_re1_n64_t30,7.15200000001,0.0111945571603,1.95296710211
ve_re1_n64_t30,7.16000000001,0.0111941116221,1.95327241427
ve_re1_n64_t30,7.16800000001,0.0111936676421,1.95357667442
ve_re1_n64_t30,7.17600000001,0.0111932252133,1.95387988599
ve_re1_n64_t30,7.18400000001,0.0111927843295,1.95418205258
ve_re1_n64_t30,7.19200000001,0.011192344985,1.95448317772
ve_re1_n64_t30,7.20000000001,0.0111919071739,1.95478326486
ve_re1_n64_t30,7.20800000001,0.0111914708903,1.95508231738
ve_re1_n64_t30,7.21600000001,0.0111910361292,1.95538033861
ve_re1_n64_t30,7.22400000001,0.0111906028853,1.95567733203
ve_re1_n64_t30,7.23200000001,0.0111901711532,1.95597330113
ve_re1_n64_t30,7.24000000001,0.0111897409275,1.95626824936
ve_re1_n64_t30,7.24800000001,0.011189312203,1.95656218019
ve_re1_n64_t30,7.25600000001,0.0111888849744,1.95685509711
ve_re1_n64_t30,7.26400000001,0.0111884592361,1.9571470036
ve_re1_n64_t30,7.27200000001,0.0111880349829,1.95743790313
ve_re1_n64_t30,7.28000000001,0.0111876122096,1.95772779916
ve_re1_n64_t30,7.28800000001,0.0111871909113,1.9580166949
ve_re1_n64_t30,7.29600000001,0.0111867710833,1.95830459339
ve_re1_n64_t30,7.30400000001,0.0111863527213,1.95859149797
ve_re1_n64_t30,7.31200000001,0.0111859358206,1.95887741203
ve_re1_n64_t30,7.32000000001,0.0111855203767,1.95916233896
ve_re1_n64_t30,7.32800000001,0.0111851063854,1.95944628195
ve_re1_n64_t30,7.33600000001,0.0111846938417,1.95972924433
ve_re1_n64_t30,7.34400000001,0.0111842827412,1.96001122948
ve_re1_n64_t30,7.35200000001,0.0111838730789,1.96029224077
ve_re1_n64_t30,7.36000000001,0.0111834648501,1.96057228153
ve_re1_n64_t30,7.36800000001,0.0111830580495,1.96085135502
ve_re1_n64_t30,7.37600000001,0.0111826526726,1.96112946447
ve_re1_n64_t30,7.38400000001,0.0111822487155,1.96140661318
ve_re1_n64_t30,7.39200000001,0.011181846174,1.96168280455
ve_re1_n64_t30,7.40000000001,0.0111814450438,1.96195804182
ve_re1_n64_t30,7.40800000001,0.0111810453206,1.96223232819
ve_re1_n64_t30,7.41600000001,0.0111806469999,1.96250566683
ve_re1_n64_t30,7.42400000001,0.0111802500773,1.96277806061
ve_re1_n64_t30,7.43200000001,0.0111798545482,1.96304951265
ve_re1_n64_t30,7.44000000001,0.0111794604084,1.96332002608
ve_re1_n64_t30,7.44800000001,0.0111790676532,1.96358960403
ve_re1_n64_t30,7.45600000001,0.0111786762784,1.9638582496
ve_re1_n64_t30,7.46400000001,0.0111782862793,1.96412596588
ve_re1_n64_t30,7.47200000001,0.0111778976521,1.96439275593
ve_re1_n64_t30,7.48000000001,0.0111775103918,1.96465862271
ve_re1_n64_t30,7.48800000001,0.0111771244945,1.96492356913
ve_re1_n64_t30,7.49600000001,0.011176739956,1.96518759811
ve_re1_n64_t30,7.50400000001,0.0111763567716,1.96545071264
ve_re1_n64_t30,7.51200000001,0.011175974937,1.9657129157
ve_re1_n64_t30,7.52000000001,0.0111755944477,1.96597421025
ve_re1_n64_t30,7.52800000001,0.011175215299,1.96623459924
ve_re1_n64_t30,7.53600000001,0.0111748374863,1.96649408564
ve_re1_n64_t30,7.54400000001,0.011174461005,1.96675267234
ve_re1_n64_t30,7.55200000001,0.0111740858505,1.96701036225
ve_re1_n64_t30,7.56000000001,0.011173712018,1.96726715828
ve_re1_n64_t30,7.56800000001,0.011173339503,1.96752306333
ve_re1_n64_t30,7.57600000001,0.0111729683015,1.9677780803
ve_re1_n64_t30,7.58400000001,0.0111725984107,1.9680322121
ve_re1_n64_t30,7.59200000001,0.0111722298271,1.9682854616
ve_re1_n64_t30,7.60000000001,0.0111718625463,1.96853783172
ve_re1_n64_t30,7.60800000001,0.0111714965639,1.96878932531
ve_re1_n64_t30,7.61600000001,0.0111711318755,1.96903994527
ve_re1_n64_t30,7.62400000001,0.0111707684761,1.96928969446
ve_re1_n64_t30,7.63200000001,0.0111704063609,1.96953857577
ve_re1_n64_t30,7.64000000001,0.0111700455252,1.96978659201
ve_re1_n64_t30,7.64800000001,0.0111696859643,1.97003374588
ve_re1_n64_t30,7.65600000001,0.0111693276736,1.97028004021
ve_re1_n64_t30,7.66400000001,0.0111689706486,1.97052547785
ve_re1_n64_t30,7.67200000001,0.011168614885,1.97077006165
ve_re1_n64_t30,7.68000000001,0.0111682603783,1.97101379444
ve_re1_n64_t30,7.68800000001,0.0111679071243,1.97125667906
ve_re1_n64_t30,7.69600000001,0.0111675551186,1.97149871834
ve_re1_n64_t30,7.70400000001,0.0111672043568,1.97173991523
ve_re1_n64_t30,7.71200000001,0.0111668548344,1.97198027281
ve_re1_n64_t30,7.72000000001,0.0111665065467,1.97221979389
ve_re1_n64_t30,7.72800000001,0.0111661594895,1.97245848134
ve_re1_n64_t30,7.73600000001,0.0111658136585,1.97269633811
ve_re1_n64_t30,7.74400000001,0.0111654690492,1.97293336714
ve_re1_n64_t30,7.75200000001,0.0111651256576,1.97316957118
ve_re1_n64_t30,7.76000000001,0.0111647834794,1.97340495299
ve_re1_n64_t30,7.76800000001,0.0111644425106,1.97363951529
ve_re1_n64_t30,7.77600000001,0.0111641027469,1.97387326081
ve_re1_n64_t30,7.78400000001,0.0111637641844,1.97410619225
ve_re1_n64_t30,7.79200000001,0.0111634268188,1.97433831233
ve_re1_n64_t30,7.80000000001,0.0111630906461,1.97456962374
ve_re1_n64_t30,7.80800000001,0.0111627556625,1.97480012915
ve_re1_n64_t30,7.81600000001,0.011162421864,1.97502983127
ve_re1_n64_t30,7.82400000001,0.0111620892466,1.97525873276
ve_re1_n64_t30,7.83200000001,0.0111617578065,1.97548683629
ve_re1_n64_t30,7.84000000001,0.0111614275396,1.97571414453
ve_re1_n64_t30,7.84800000001,0.0111610984417,1.97594066014
ve_re1_n64_t30,7.85600000001,0.0111607705091,1.97616638574
ve_re1_n64_t30,7.86400000001,0.0111604437375,1.97639132396
ve_re1_n64_t30,7.87200000001,0.0111601181232,1.97661547741
ve_re1_n64_t30,7.88000000001,0.011159793662,1.97683884876
ve_re1_n64_t30,7.88800000001,0.0111594703481,1.97706144089
ve_re1_n64_t30,7.89600000001,0.0111591481768,1.97728325636
ve_re1_n64_t30,7.90400000001,0.0111588271446,1.97750429769
ve_re1_n64_t30,7.91200000001,0.0111585072477,1.97772456743
ve_re1_n64_t30,7.92000000001,0.0111581884821,1.977944068
ve_re1_n64_t30,7.92800000001,0.0111578708432,1.97816280157
ve_re1_n64_t30,7.93600000001,0.0111575543269,1.97838077066
ve_re1_n64_t30,7.94400000001,0.011157238929,1.9785979778
ve_re1_n64_t30,7.95200000001,0.0111569246458,1.97881442555
ve_re1_n64_t30,7.96000000001,0.0111566114732,1.97903011643
ve_re1_n64_t30,7.96800000001,0.0111562994074,1.97924505295
ve_re1_n64_t30,7.97600000001,0.0111559884447,1.97945923757
ve_re1_n64_t30,7.98400000001,0.0111556785814,1.97967267278
ve_re1_n64_t30,7.99200000001,0.0111553698138,1.97988536104
ve_re1_n64_t30,8.00000000001,0.0111550621381,1.98009730477
ve_re1_n64_t30,8.00800000001,0.0111547555507,1.98030850644
ve_re1_n64_t30,8.01600000001,0.0111544500473,1.98051896845
ve_re1_n64_t30,8.02400000001,0.0111541456243,1.98072869323
ve_re1_n64_t30,8.03200000001,0.0111538422781,1.9809376832
ve_re1_n64_t30,8.04000000001,0.0111535400048,1.98114594078
ve_re1_n64_t30,8.04800000001,0.0111532388015,1.98135346832
ve_re1_n64_t30,8.05600000001,0.0111529386661,1.98156026816
ve_re1_n64_t30,8.06400000001,0.0111526395955,1.98176634272
ve_re1_n64_t30,8.07200000001,0.0111523415869,1.98197169438
ve_re1_n64_t30,8.08000000001,0.011152044637,1.98217632554
ve_re1_n64_t30,8.08800000001,0.0111517487423,1.98238023856
ve_re1_n64_t30,8.09600000001,0.0111514538988,1.98258343583
ve_re1_n64_t30,8.10400000001,0.0111511601027,1.98278591972
ve_re1_n64_t30,8.11200000001,0.01115086735,1.98298769262
ve_re1_n64_t30,8.12000000001,0.0111505756368,1.9831887569
ve_re1_n64_t30,8.12800000001,0.0111502849588,1.98338911492
ve_re1_n64_t30,8.13600000001,0.0111499953122,1.98358876906
ve_re1_n64_t30,8.14400000001,0.011149706693,1.98378772169
ve_re1_n64_t30,8.15200000001,0.0111494190969,1.98398597518
ve_re1_n64_t30,8.16000000001,0.0111491325198,1.98418353187
ve_re1_n64_t30,8.16800000001,0.0111488469576,1.98438039415
ve_re1_n64_t30,8.17600000001,0.0111485624062,1.98457656435
ve_re1_n64_t30,8.18400000001,0.0111482788616,1.98477204481
ve_re1_n64_t30,8.19200000001,0.0111479963199,1.98496683778
ve_re1_n64_t30,8.20000000001,0.0111477147774,1.98516094532
ve_re1_n64_t30,8.20800000001,0.0111474342305,1.98535436975
ve_re1_n64_t30,8.21600000001,0.0111471546754,1.98554711344
ve_re1_n64_t30,8.22400000001,0.011146876109,1.98573917989
ve_re1_n64_t30,8.23200000001,0.0111465985302,1.98593057275
ve_re1_n64_t30,8.24000000001,0.0111463219356,1.98612129421
ve_re1_n64_t30,8.24800000001,0.0111460463219,1.9863113465
ve_re1_n64_t30,8.25600000001,0.0111457716854,1.98650073186
ve_re1_n64_t30,8.26400000001,0.0111454980228,1.98668945256
ve_re1_n64_t30,8.27200000001,0.0111452253305,1.98687751086
ve_re1_n64_t30,8.28000000001,0.0111449536045,1.98706490903
ve_re1_n64_t30,8.28800000001,0.0111446828409,1.98725164934
ve_re1_n64_t30,8.29600000001,0.0111444130353,1.98743773404
ve_re1_n64_t30,8.30400000001,0.0111441441836,1.98762316541
ve_re1_n64_t30,8.31200000001,0.0111438762813,1.98780794562
ve_re1_n64_t30,8.32000000001,0.0111436093242,1.98799207678
ve_re1_n64_t30,8.32800000001,0.0111433433079,1.98817556111
ve_re1_n64_t30,8.33600000001,0.0111430782281,1.98835840082
ve_re1_n64_t30,8.34400000001,0.0111428140804,1.9885405981
ve_re1_n64_t30,8.35200000001,0.0111425508603,1.98872215515
ve_re1_n64_t30,8.36000000001,0.0111422885634,1.98890307414
ve_re1_n64_t30,8.36800000001,0.0111420271851,1.98908335723
ve_re1_n64_t30,8.37600000001,0.011141766721,1.98926300656
ve_re1_n64_t30,8.38400000001,0.0111415071665,1.98944202428
ve_re1_n64_t30,8.39200000001,0.0111412485173,1.9896204125
ve_re1_n64_t30,8.40000000001,0.0111409907688,1.98979817331
ve_re1_n64_t30,8.40800000001,0.0111407339167,1.98997530876
ve_re1_n64_t30,8.41600000001,0.0111404779568,1.99015182094
ve_re1_n64_t30,8.42400000001,0.0111402228848,1.99032771191
ve_re1_n64_t30,8.43200000001,0.0111399686966,1.99050298374
ve_re1_n64_t30,8.44000000001,0.011139715388,1.99067763848
ve_re1_n64_t30,8.44800000001,0.0111394629549,1.99085167811
ve_re1_n64_t30,8.45600000001,0.0111392113934,1.99102510392
ve_re1_n64_t30,8.46400000001,0.011138960699,1.99119791776
ve_re1_n64_t30,8.47200000001,0.0111387108676,1.9913701217
ve_re1_n64_t30,8.48000000001,0.0111384618952,1.99154171776
ve_re1_n64_t30,8.48800000001,0.0111382137784,1.99171270796
ve_re1_n64_t30,8.49600000001,0.0111379665138,1.99188309434
ve_re1_n64_t30,8.50400000001,0.0111377200975,1.99205287892
ve_re1_n64_t30,8.51200000001,0.0111374745261,1.99222206375
ve_re1_n64_t30,8.52000000001,0.0111372297958,1.99239065086
ve_re1_n64_t30,8.52800000001,0.0111369859034,1.99255864229
ve_re1_n64_t30,8.53600000001,0.0111367428455,1.9927260401
ve_re1_n64_t30,8.54400000001,0.011136500619,1.99289284634
ve_re1_n64_t30,8.55200000001,0.0111362592208,1.99305906314
ve_re1_n64_t30,8.56000000001,0.0111360186484,1.99322469269
ve_re1_n64_t30,8.56800000001,0.0111357788991,1.99338973705
ve_re1_n64_t30,8.57600000001,0.0111355399704,1.99355419829
ve_re1_n64_t30,8.58400000001,0.0111353018596,1.99371807849
ve_re1_n64_t30,8.59200000001,0.011135064564,1.99388137981
ve_re1_n64_t30,8.60000000001,0.0111348280809,1.99404410453
ve_re1_n64_t30,8.60800000001,0.0111345924073,1.99420625477
ve_re1_n64_t30,8.61600000001,0.0111343575404,1.9943678326
ve_re1_n64_t30,8.62400000001,0.0111341234778,1.99452884011
ve_re1_n64_t30,8.63200000001,0.0111338902167,1.9946892794
ve_re1_n64_t30,8.64000000001,0.0111336577545,1.9948491525
ve_re1_n64_t30,8.64800000001,0.0111334260899,1.99500846092
ve_re1_n64_t30,8.65600000001,0.0111331952217,1.99516720634
ve_re1_n64_t30,8.66400000001,0.0111329651479,1.99532539063
ve_re1_n64_t30,8.67200000001,0.0111327358662,1.99548301566
ve_re1_n64_t30,8.68000000001,0.0111325073742,1.99564008331
ve_re1_n64_t30,8.68800000001,0.0111322796695,1.99579659548
ve_re1_n64_t30,8.69600000001,0.0111320527496,1.9959525541
ve_re1_n64_t30,8.70400000001,0.0111318266118,1.99610796107
ve_re1_n64_t30,8.71200000001,0.0111316012536,1.99626281834
ve_re1_n64_t30,8.72000000001,0.0111313766723,1.99641712781
ve_re1_n64_t30,8.72800000001,0.0111311528652,1.99657089144
ve_re1_n64_t30,8.73600000001,0.0111309298296,1.99672411114
ve_re1_n64_t30,8.74400000001,0.0111307075629,1.99687678885
ve_re1_n64_t30,8.75200000001,0.0111304860623,1.99702892651
ve_re1_n64_t30,8.76000000001,0.0111302653255,1.99718052604
ve_re1_n64_t30,8.76800000001,0.0111300453496,1.99733158939
ve_re1_n64_t30,8.77600000001,0.0111298261321,1.99748211849
ve_re1_n64_t30,8.78400000001,0.0111296076704,1.99763211529
ve_re1_n64_t30,8.79200000001,0.0111293899616,1.99778158173
ve_re1_n64_t30,8.80000000001,0.0111291730029,1.99793051973
ve_re1_n64_t30,8.80800000001,0.0111289567915,1.99807893125
ve_re1_n64_t30,8.81600000001,0.0111287413243,1.99822681832
ve_re1_n64_t30,8.82400000001,0.0111285265995,1.99837418286
ve_re1_n64_t30,8.83200000001,0.0111283126139,1.99852102679
ve_re1_n64_t30,8.84000000001,0.0111280993649,1.99866735203
ve_re1_n64_t30,8.84800000001,0.01112788685,1.99881316051
ve_re1_n64_t30,8.85600000001,0.0111276750668,1.99895845415
ve_re1_n64_t30,8.86400000001,0.0111274640127,1.99910323486
ve_re1_n64_t30,8.87200000001,0.0111272536849,1.99924750457
ve_re1_n64_t30,8.88000000001,0.0111270440809,1.9993912652
ve_re1_n64_t30,8.88800000001,0.011126835198,1.99953451865
ve_re1_n64_t30,8.89600000001,0.0111266270336,1.99967726684
ve_re1_n64_t30,8.90400000001,0.0111264195851,1.99981951169
ve_re1_n64_t30,8.91200000001,0.0111262128501,1.99996125511
ve_re1_n64_t30,8.92000000001,0.0111260068273,2.00010249903
ve_re1_n64_t30,8.92800000001,0.0111258015133,2.00024324535
ve_re1_n64_t30,8.93600000001,0.0111255969055,2.00038349598
ve_re1_n64_t30,8.94400000001,0.0111253930012,2.00052325277
ve_re1_n64_t30,8.95200000001,0.0111251897978,2.0006625176
ve_re1_n64_t30,8.96000000001,0.0111249872941,2.00080129231
ve_re1_n64_t30,8.96800000001,0.0111247854859,2.00093957875
ve_re1_n64_t30,8.97600000001,0.0111245843702,2.00107737873
ve_re1_n64_t30,8.98400000001,0.0111243839444,2.00121469404
ve_re1_n64_t30,8.99200000001,0.0111241842058,2.00135152647
ve_re1_n64_t30,9.00000000001,0.0111239851516,2.00148787781
ve_re1_n64_t30,9.00800000001,0.011123786779,2.00162374982
ve_re1_n64_t30,9.01600000001,0.0111235890851,2.00175914423
ve_re1_n64_t30,9.02400000001,0.011123392067,2.00189406277
ve_re1_n64_t30,9.03200000001,0.0111231957218,2.00202850716
ve_re1_n64_t30,9.04000000001,0.0111230000466,2.0021624791
ve_re1_n64_t30,9.04800000001,0.0111228050384,2.0022959803
ve_re1_n64_t30,9.05600000001,0.0111226106944,2.00242901244
ve_re1_n64_t30,9.06400000001,0.0111224170115,2.0025615772
ve_re1_n64_t30,9.07200000001,0.0111222239869,2.00269367626
ve_re1_n64_t30,9.08000000001,0.0111220316177,2.00282531127
ve_re1_n64_t30,9.08800000001,0.011121839901,2.0029564839
ve_re1_n64_t30,9.09600000001,0.011121648834,2.0030871958
ve_re1_n64_t30,9.10400000001,0.0111214584138,2.00321744859
ve_re1_n64_t30,9.11200000001,0.0111212686377,2.00334724392
ve_re1_n64_t30,9.12000000001,0.0111210795028,2.00347658341
ve_re1_n64_t30,9.12800000001,0.0111208910063,2.00360546866
ve_re1_n64_t30,9.13600000001,0.0111207031456,2.00373390128
ve_re1_n64_t30,9.14400000001,0.0111205159178,2.00386188289
ve_re1_n64_t30,9.15200000001,0.0111203293204,2.00398941505
ve_re1_n64_t30,9.16000000001,0.0111201433505,2.00411649937
ve_re1_n64_t30,9.16800000001,0.0111199580055,2.00424313741
ve_re1_n64_t30,9.17600000001,0.0111197732829,2.00436933075
ve_re1_n64_t30,9.18400000001,0.01111958918,2.00449508095
ve_re1_n64_t30,9.19200000001,0.0111194056943,2.00462038955
ve_re1_n64_t30,9.20000000001,0.0111192228232,2.00474525813
ve_re1_n64_t30,9.20800000001,0.0111190405643,2.00486968823
ve_re1_n64_t30,9.21600000001,0.0111188589151,2.00499368123
ve_re1_n64_t30,9.22400000001,0.0111186778735,2.00511723824
ve_re1_n64_t30,9.23200000001,0.0111184974376,2.00524036076
ve_re1_n64_t30,9.24000000001,0.0111183176053,2.00536305036
ve_re1_n64_t30,9.24800000001,0.0111181383749,2.00548530857
ve_re1_n64_t30,9.25600000001,0.0111179597443,2.00560713691
ve_re1_n64_t30,9.26400000001,0.0111177817113,2.00572853689
ve_re1_n64_t30,9.27200000001,0.0111176042739,2.00584951003
ve_re1_n64_t30,9.28000000001,0.0111174274299,2.00597005784
ve_re1_n64_t30,9.28800000001,0.0111172511776,2.0060901818
ve_re1_n64_t30,9.29600000001,0.011117075515,2.00620988343
ve_re1_n64_t30,9.304,0.0111169004398,2.00632916422
ve_re1_n64_t30,9.312,0.0111167259498,2.00644802568
ve_re1_n64_t30,9.32,0.0111165520431,2.00656646931
ve_re1_n64_t30,9.328,0.0111163787175,2.0066844966
ve_re1_n64_t30,9.336,0.011116205971,2.00680210905
ve_re1_n64_t30,9.344,0.0111160338016,2.00691930815
ve_re1_n64_t30,9.352,0.0111158622073,2.00703609541
ve_re1_n64_t30,9.36,0.0111156911862,2.00715247231
ve_re1_n64_t30,9.368,0.0111155207364,2.00726844035
ve_re1_n64_t30,9.376,0.0111153508559,2.00738400101
ve_re1_n64_t30,9.384,0.0111151815427,2.00749915579
ve_re1_n64_t30,9.392,0.0111150127948,2.00761390616
ve_re1_n64_t30,9.4,0.0111148446102,2.00772825363
ve_re1_n64_t30,9.408,0.011114676987,2.00784219967
ve_re1_n64_t30,9.416,0.011114509923,2.00795574576
ve_re1_n64_t30,9.424,0.0111143434164,2.00806889329
ve_re1_n64_t30,9.432,0.0111141774651,2.00818164372
ve_re1_n64_t30,9.44,0.011114012067,2.00829399851
ve_re1_n64_t30,9.448,0.0111138472202,2.00840595914
ve_re1_n64_t30,9.456,0.0111136829225,2.00851752707
ve_re1_n64_t30,9.464,0.0111135191721,2.00862870375
ve_re1_n64_t30,9.472,0.0111133559668,2.00873949065
ve_re1_n64_t30,9.48,0.0111131933046,2.00884988921
ve_re1_n64_t30,9.488,0.0111130311834,2.00895990086
ve_re1_n64_t30,9.496,0.0111128696013,2.00906952706
ve_re1_n64_t30,9.504,0.011112708556,2.00917876922
ve_re1_n64_t30,9.512,0.0111125480455,2.00928762878
ve_re1_n64_t30,9.52,0.0111123880677,2.00939610715
ve_re1_n64_t30,9.528,0.0111122286206,2.00950420576
ve_re1_n64_t30,9.536,0.0111120697019,2.00961192599
ve_re1_n64_t30,9.544,0.0111119113095,2.00971926924
ve_re1_n64_t30,9.552,0.0111117534414,2.00982623688
ve_re1_n64_t30,9.56,0.0111115960955,2.00993283029
ve_re1_n64_t30,9.568,0.0111114392694,2.01003905083
ve_re1_n64_t30,9.576,0.0111112829612,2.01014489986
ve_re1_n64_t30,9.584,0.0111111271687,2.01025037873
ve_re1_n64_t30,9.592,0.0111109718898,2.01035548878
ve_re1_n64_t30,9.6,0.0111108171223,2.01046023134
ve_re1_n64_t30,9.608,0.0111106628641,2.01056460776
ve_re1_n64_t30,9.616,0.0111105091131,2.01066861936
ve_re1_n64_t30,9.624,0.0111103558672,2.01077226745
ve_re1_n64_t30,9.632,0.0111102031243,2.01087555334
ve_re1_n64_t30,9.64,0.0111100508825,2.01097847831
ve_re1_n64_t30,9.648,0.0111098991395,2.01108104368
ve_re1_n64_t30,9.656,0.0111097478935,2.01118325071
ve_re1_n64_t30,9.664,0.0111095971423,2.01128510071
ve_re1_n64_t30,9.672,0.0111094468839,2.01138659495
ve_re1_n64_t30,9.68,0.0111092971164,2.01148773471
ve_re1_n64_t30,9.688,0.0111091478378,2.01158852126
ve_re1_n64_t30,9.696,0.011108999046,2.01168895589
ve_re1_n64_t30,9.704,0.0111088507392,2.01178903984
ve_re1_n64_t30,9.712,0.0111087029154,2.01188877438
ve_re1_n64_t30,9.72,0.0111085555727,2.01198816077
ve_re1_n64_t30,9.728,0.0111084087092,2.01208720027
ve_re1_n64_t30,9.736,0.0111082623229,2.01218589412
ve_re1_n64_t30,9.744,0.0111081164121,2.01228424358
ve_re1_n64_t30,9.752,0.0111079709748,2.01238224989
ve_re1_n64_t30,9.76,0.0111078260092,2.0124799143
ve_re1_n64_t30,9.768,0.0111076815134,2.01257723803
ve_re1_n64_t30,9.776,0.0111075374855,2.01267422233
ve_re1_n64_t30,9.784,0.0111073939238,2.01277086843
ve_re1_n64_t30,9.792,0.0111072508264,2.01286717757
ve_re1_n64_t30,9.8,0.0111071081914,2.01296315096
ve_re1_n64_t30,9.808,0.011106966017,2.01305878982
ve_re1_n64_t30,9.816,0.0111068243015,2.01315409539
ve_re1_n64_t30,9.824,0.0111066830429,2.01324906887
ve_re1_n64_t30,9.832,0.0111065422395,2.01334371148
ve_re1_n64_t30,9.84,0.0111064018895,2.01343802443
ve_re1_n64_t30,9.848,0.011106261991,2.0135320089
ve_re1_n64_t30,9.856,0.0111061225422,2.01362566605
ve_re1_n64_t30,9.864,0.0111059835414,2.01371899708
ve_re1_n64_t30,9.872,0.0111058449866,2.01381200318
ve_re1_n64_t30,9.88,0.0111057068762,2.01390468554
ve_re1_n64_t30,9.888,0.0111055692083,2.01399704535
ve_re1_n64_t30,9.896,0.0111054319811,2.01408908378
ve_re1_n64_t30,9.904,0.0111052951929,2.01418080202
ve_re1_n64_t30,9.912,0.0111051588419,2.01427220123
ve_re1_n64_t30,9.92,0.0111050229263,2.0143632826
ve_re1_n64_t30,9.928,0.0111048874443,2.01445404729
ve_re1_n64_t30,9.936,0.0111047523941,2.01454449646
ve_re1_n64_t30,9.944,0.0111046177741,2.01463463128
ve_re1_n64_t30,9.952,0.0111044835823,2.01472445291
ve_re1_n64_t30,9.96,0.0111043498171,2.01481396249
ve_re1_n64_t30,9.968,0.0111042164768,2.01490316112
ve_re1_n64_t30,9.976,0.0111040835604,2.01499204997
ve_re1_n64_t30,9.984,0.0111039510657,2.01508063016
ve_re1_n64_t30,9.992,0.0111038189908,2.01516890286
ve_re1_n64_t30,10,0.0111036873343,2.01525686919
ve_re1_n64_t30,10.008,0.0111035560943,2.01534453028
ve_re1_n64_t30,10.016,0.0111034252694,2.01543188728
ve_re1_n64_t30,10.024,0.0111032948586,2.0155189413
ve_re1_n64_t30,10.032,0.0111031648595,2.01560569348
ve_re1_n64_t30,10.04,0.0111030352705,2.01569214494
ve_re1_n64_t30,10.048,0.01110290609,2.01577829678
ve_re1_n64_t30,10.056,0.0111027773166,2.01586415011
ve_re1_n64_t30,10.064,0.0111026489488,2.01594970607
ve_re1_n64_t30,10.072,0.011102520985,2.01603496578
ve_re1_n64_t30,10.08,0.0111023934238,2.01611993033
ve_re1_n64_t30,10.088,0.0111022662638,2.01620460083
ve_re1_n64_t30,10.096,0.0111021395034,2.01628897837
ve_re1_n64_t30,10.104,0.0111020131412,2.01637306404
ve_re1_n64_t30,10.112,0.0111018871758,2.01645685895
ve_re1_n64_t30,10.12,0.0111017616057,2.01654036417
ve_re1_n64_t30,10.128,0.0111016364298,2.01662358078
ve_re1_n64_t30,10.136,0.0111015116465,2.01670650987
ve_re1_n64_t30,10.144,0.0111013872545,2.0167891525
ve_re1_n64_t30,10.152,0.0111012632525,2.01687150972
ve_re1_n64_t30,10.16,0.0111011396391,2.01695358259
ve_re1_n64_t30,10.168,0.0111010164131,2.01703537218
ve_re1_n64_t30,10.176,0.0111008935731,2.01711687952
ve_re1_n64_t30,10.184,0.011100771118,2.01719810567
ve_re1_n64_t30,10.192,0.0111006490466,2.01727905167
ve_re1_n64_t30,10.2,0.0111005273575,2.01735971855
ve_re1_n64_t30,10.208,0.0111004060495,2.01744010735
ve_re1_n64_t30,10.216,0.0111002851215,2.01752021909
ve_re1_n64_t30,10.224,0.011100164572,2.0176000548
ve_re1_n64_t30,10.232,0.0111000443998,2.01767961549
ve_re1_n64_t30,10.24,0.0110999246038,2.01775890219
ve_re1_n64_t30,10.248,0.0110998051827,2.01783791589
ve_re1_n64_t30,10.256,0.0110996861352,2.0179166576
ve_re1_n64_t30,10.264,0.0110995674601,2.01799512833
ve_re1_n64_t30,10.272,0.0110994491563,2.01807332907
ve_re1_n64_t30,10.28,0.0110993312222,2.01815126081
ve_re1_n64_t30,10.288,0.0110992136571,2.01822892452
ve_re1_n64_t30,10.296,0.0110990964598,2.01830632118
ve_re1_n64_t30,10.304,0.0110989796291,2.01838345177
ve_re1_n64_t30,10.312,0.0110988631638,2.01846031726
ve_re1_n64_t30,10.32,0.0110987470627,2.01853691862
ve_re1_n64_t30,10.328,0.0110986313246,2.01861325681
ve_re1_n64_t30,10.336,0.0110985159483,2.01868933278
ve_re1_n64_t30,10.344,0.0110984009326,2.0187651475
ve_re1_n64_t30,10.352,0.0110982862763,2.01884070189
ve_re1_n64_t30,10.36,0.0110981719784,2.01891599692
ve_re1_n64_t30,10.368,0.0110980580377,2.01899103352
ve_re1_n64_t30,10.376,0.0110979444529,2.01906581262
ve_re1_n64_t30,10.384,0.0110978312228,2.01914033516
ve_re1_n64_t30,10.392,0.0110977183461,2.01921460205
ve_re1_n64_t30,10.4,0.0110976058217,2.01928861423
ve_re1_n64_t30,10.408,0.0110974936484,2.01936237259
ve_re1_n64_t30,10.416,0.0110973818251,2.01943587805
ve_re1_n64_t30,10.424,0.0110972703505,2.01950913147
ve_re1_n64_t30,10.432,0.0110971592234,2.01958213373
ve_re1_n64_t30,10.44,0.0110970484425,2.01965488574
ve_re1_n64_t30,10.448,0.0110969380067,2.01972738838
ve_re1_n64_t30,10.456,0.0110968279149,2.01979964254
ve_re1_n64_t30,10.464,0.0110967181658,2.01987164909
ve_re1_n64_t30,10.472,0.0110966087584,2.01994340892
ve_re1_n64_t30,10.48,0.0110964996914,2.02001492289
ve_re1_n64_t30,10.488,0.0110963909638,2.02008619188
ve_re1_n64_t30,10.496,0.0110962825744,2.02015721674
ve_re1_n64_t30,10.504,0.0110961745221,2.02022799833
ve_re1_n64_t30,10.512,0.011096066806,2.02029853749
ve_re1_n64_t30,10.52,0.011095959425,2.0203688351
ve_re1_n64_t30,10.528,0.0110958523779,2.02043889198
ve_re1_n64_t30,10.536,0.0110957456637,2.020508709
ve_re1_n64_t30,10.544,0.0110956392812,2.02057828699
ve_re1_n64_t30,10.552,0.0110955332295,2.02064762681
ve_re1_n64_t30,10.56,0.0110954275075,2.02071672929
ve_re1_n64_t30,10.568,0.011095322114,2.02078559526
ve_re1_n64_t30,10.576,0.0110952170482,2.02085422554
ve_re1_n64_t30,10.584,0.011095112309,2.02092262097
ve_re1_n64_t30,10.592,0.0110950078953,2.02099078236
ve_re1_n64_t30,10.6,0.0110949038061,2.02105871053
ve_re1_n64_t30,10.608,0.0110948000405,2.0211264063
ve_re1_n64_t30,10.616,0.0110946965974,2.02119387048
ve_re1_n64_t30,10.624,0.0110945934759,2.02126110388
ve_re1_n64_t30,10.632,0.0110944906749,2.02132810729
ve_re1_n64_t30,10.64,0.0110943881934,2.02139488154
ve_re1_n64_t30,10.648,0.0110942860306,2.02146142741
ve_re1_n64_t30,10.656,0.0110941841854,2.02152774571
ve_re1_n64_t30,10.664,0.0110940826568,2.02159383724
ve_re1_n64_t30,10.672,0.011093981444,2.02165970278
ve_re1_n64_t30,10.68,0.0110938805459,2.02172534313
ve_re1_n64_t30,10.688,0.0110937799616,2.02179075907
ve_re1_n64_t30,10.696,0.0110936796903,2.0218559514
ve_re1_n64_t30,10.704,0.0110935797308,2.02192092088
ve_re1_n64_t30,10.712,0.0110934800824,2.0219856683
ve_re1_n64_t30,10.72,0.0110933807441,2.02205019445
ve_re1_n64_t30,10.728,0.0110932817151,2.02211450008
ve_re1_n64_t30,10.736,0.0110931829943,2.02217858597
ve_re1_n64_t30,10.744,0.0110930845809,2.0222424529
ve_re1_n64_t30,10.752,0.0110929864741,2.02230610163
ve_re1_n64_t30,10.76,0.0110928886728,2.02236953293
ve_re1_n64_t30,10.768,0.0110927911759,2.02243274755
ve_re1_n64_t30,10.776,0.0110926939827,2.02249574626
ve_re1_n64_t30,10.784,0.0110925970925,2.0225585298
ve_re1_n64_t30,10.792,0.0110925005044,2.02262109893
ve_re1_n64_t30,10.8,0.0110924042176,2.0226834544
ve_re1_n64_t30,10.808,0.0110923082313,2.02274559696
ve_re1_n64_t30,10.816,0.0110922125444,2.02280752737
ve_re1_n64_t30,10.824,0.0110921171563,2.02286924635
ve_re1_n64_t30,10.832,0.011092022066,2.02293075465
ve_re1_n64_t30,10.84,0.0110919272726,2.02299205301
ve_re1_n64_t30,10.848,0.0110918327753,2.02305314217
ve_re1_n64_t30,10.856,0.0110917385734,2.02311402286
ve_re1_n64_t30,10.864,0.0110916446662,2.02317469581
ve_re1_n64_t30,10.872,0.0110915510524,2.02323516175
ve_re1_n64_t30,10.88,0.0110914577315,2.0232954214
ve_re1_n64_t30,10.888,0.0110913647027,2.02335547549
ve_re1_n64_t30,10.896,0.011091271965,2.02341532472
ve_re1_n64_t30,10.904,0.0110911795177,2.02347496982
ve_re1_n64_t30,10.912,0.0110910873598,2.02353441151
ve_re1_n64_t30,10.92,0.0110909954902,2.02359365049
ve_re1_n64_t30,10.928,0.0110909039083,2.02365268747
ve_re1_n64_t30,10.936,0.0110908126134,2.02371152316
ve_re1_n64_t30,10.944,0.0110907216047,2.02377015826
ve_re1_n64_t30,10.952,0.0110906308815,2.02382859348
ve_re1_n64_t30,10.96,0.011090540443,2.02388682951
ve_re1_n64_t30,10.968,0.0110904502885,2.02394486706
ve_re1_n64_t30,10.976,0.0110903604171,2.02400270682
ve_re1_n64_t30,10.984,0.0110902708281,2.02406034948
ve_re1_n64_t30,10.992,0.0110901815207,2.02411779574
ve_re1_n64_t30,11,0.011090092494,2.02417504628
ve_re1_n64_t30,11.008,0.0110900037474,2.02423210178
ve_re1_n64_t30,11.016,0.0110899152799,2.02428896295
ve_re1_n64_t30,11.024,0.0110898270909,2.02434563044
ve_re1_n64_t30,11.032,0.0110897391795,2.02440210496
ve_re1_n64_t30,11.04,0.011089651545,2.02445838718
ve_re1_n64_t30,11.048,0.0110895641866,2.02451447778
ve_re1_n64_t30,11.056,0.0110894771034,2.02457037742
ve_re1_n64_t30,11.064,0.0110893902948,2.02462608679
ve_re1_n64_t30,11.072,0.0110893037598,2.02468160655
ve_re1_n64_t30,11.08,0.0110892174977,2.02473693736
ve_re1_n64_t30,11.088,0.0110891315076,2.02479207989
ve_re1_n64_t30,11.096,0.0110890457887,2.02484703479
ve_re1_n64_t30,11.104,0.0110889603402,2.02490180273
ve_re1_n64_t30,11.112,0.0110888751613,2.02495638435
ve_re1_n64_t30,11.12,0.0110887902513,2.02501078031
ve_re1_n64_t30,11.128,0.0110887056092,2.02506499125
ve_re1_n64_t30,11.136,0.0110886212343,2.02511901782
ve_re1_n64_t30,11.144,0.0110885371256,2.02517286066
ve_re1_n64_t30,11.152,0.0110884532824,2.02522652042
ve_re1_n64_t30,11.16,0.0110883697037,2.02527999773
ve_re1_n64_t30,11.168,0.0110882863888,2.02533329322
ve_re1_n64_t30,11.176,0.0110882033369,2.02538640754
ve_re1_n64_t30,11.184,0.011088120547,2.0254393413
ve_re1_n64_t30,11.192,0.0110880380184,2.02549209514
ve_re1_n64_t30,11.2,0.0110879557502,2.02554466968
ve_re1_n64_t30,11.208,0.0110878737416,2.02559706554
ve_re1_n64_t30,11.216,0.0110877919918,2.02564928335
ve_re1_n64_t30,11.224,0.0110877105,2.02570132371
ve_re1_n64_t30,11.232,0.0110876292653,2.02575318725
ve_re1_n64_t30,11.24,0.011087548287,2.02580487458
ve_re1_n64_t30,11.248,0.0110874675642,2.02585638631
ve_re1_n64_t30,11.256,0.0110873870962,2.02590772304
ve_re1_n64_t30,11.264,0.0110873068821,2.02595888539
ve_re1_n64_t30,11.272,0.0110872269211,2.02600987396
ve_re1_n64_t30,11.28,0.0110871472125,2.02606068935
ve_re1_n64_t30,11.288,0.0110870677554,2.02611133216
ve_re1_n64_t30,11.296,0.0110869885491,2.026161803
ve_re1_n64_t30,11.304,0.0110869095928,2.02621210246
ve_re1_n64_t30,11.312,0.0110868308858,2.02626223113
ve_re1_n64_t30,11.32,0.0110867524271,2.0263121896
ve_re1_n64_t30,11.328,0.0110866742162,2.02636197848
ve_re1_n64_t30,11.336,0.0110865962522,2.02641159835
ve_re1_n64_t30,11.344,0.0110865185343,2.02646104981
ve_re1_n64_t30,11.352,0.0110864410618,2.02651033342
ve_re1_n64_t30,11.36,0.0110863638339,2.0265594498
ve_re1_n64_t30,11.368,0.01108628685,2.0266083995
ve_re1_n64_t30,11.376,0.0110862101091,2.02665718313
ve_re1_n64_t30,11.384,0.0110861336107,2.02670580125
ve_re1_n64_t30,11.392,0.0110860573539,2.02675425439
ve_re1_n64_t30,11.4,0.011085981338,2.0268025431
ve_re1_n64_t30,11.408,0.0110859055621,2.02685066794
ve_re1_n64_t30,11.416,0.0110858300256,2.0268986295
ve_re1_n64_t30,11.424,0.0110857547277,2.02694642833
ve_re1_n64_t30,11.432,0.0110856796677,2.026994065
ve_re1_n64_t30,11.44,0.0110856048448,2.02704154017
ve_re1_n64_t30,11.448,0.0110855302585,2.02708885452
ve_re1_n64_t30,11.456,0.0110854559082,2.0271360086
ve_re1_n64_t30,11.464,0.0110853817931,2.02718300296
ve_re1_n64_t30,11.472,0.0110853079126,2.02722983814
ve_re1_n64_t30,11.48,0.011085234266,2.02727651469
ve_re1_n64_t30,11.488,0.0110851608526,2.02732303315
ve_re1_n64_t30,11.496,0.0110850876716,2.02736939406
ve_re1_n64_t30,11.504,0.0110850147223,2.02741559796
ve_re1_n64_t30,11.512,0.0110849420041,2.02746164538
ve_re1_n64_t30,11.52,0.0110848695161,2.02750753686
ve_re1_n64_t30,11.528,0.0110847972578,2.02755327294
ve_re1_n64_t30,11.536,0.0110847252283,2.02759885414
ve_re1_n64_t30,11.544,0.011084653427,2.027644281
ve_re1_n64_t30,11.552,0.0110845818531,2.02768955404
ve_re1_n64_t30,11.56,0.011084510506,2.0277346738
ve_re1_n64_t30,11.568,0.011084439385,2.02777964079
ve_re1_n64_t30,11.576,0.0110843684893,2.02782445555
ve_re1_n64_t30,11.584,0.0110842978182,2.02786911859
ve_re1_n64_t30,11.592,0.0110842273711,2.02791363044
ve_re1_n64_t30,11.6,0.0110841571473,2.02795799162
ve_re1_n64_t30,11.608,0.011084087146,2.02800220265
ve_re1_n64_t30,11.616,0.0110840173667,2.02804626405
ve_re1_n64_t30,11.624,0.0110839478085,2.02809017634
ve_re1_n64_t30,11.632,0.0110838784708,2.02813394004
ve_re1_n64_t30,11.64,0.011083809353,2.02817755565
ve_re1_n64_t30,11.648,0.0110837404543,2.0282210237
ve_re1_n64_t30,11.656,0.011083671774,2.02826434469
ve_re1_n64_t30,11.664,0.0110836033115,2.02830751914
ve_re1_n64_t30,11.672,0.011083535066,2.02835054755
ve_re1_n64_t30,11.68,0.0110834670369,2.02839343043
ve_re1_n64_t30,11.688,0.0110833992234,2.02843616829
ve_re1_n64_t30,11.696,0.0110833316248,2.02847876163
ve_re1_n64_t30,11.704,0.0110832642406,2.02852121094
ve_re1_n64_t30,11.712,0.0110831970698,2.02856351673
ve_re1_n64_t30,11.72,0.0110831301119,2.02860567949
ve_re1_n64_t30,11.728,0.0110830633662,2.02864769971
ve_re1_n64_t30,11.736,0.0110829968319,2.02868957789
ve_re1_n64_t30,11.744,0.0110829305083,2.02873131452
ve_re1_n64_t30,11.752,0.0110828643948,2.02877291008
ve_re1_n64_t30,11.76,0.0110827984906,2.02881436505
ve_re1_n64_t30,11.768,0.0110827327951,2.02885567992
ve_re1_n64_t30,11.776,0.0110826673075,2.02889685516
ve_re1_n64_t30,11.784,0.0110826020272,2.02893789125
ve_re1_n64_t30,11.792,0.0110825369534,2.02897878867
ve_re1_n64_t30,11.8,0.0110824720855,2.02901954789
ve_re1_n64_t30,11.808,0.0110824074227,2.02906016937
ve_re1_n64_t30,11.816,0.0110823429645,2.02910065359
ve_re1_n64_t30,11.824,0.0110822787101,2.02914100101
ve_re1_n64_t30,11.832,0.0110822146589,2.0291812121
ve_re1_n64_t30,11.84,0.0110821508101,2.02922128731
ve_re1_n64_t30,11.848,0.0110820871633,2.0292612271
ve_re1_n64_t30,11.856,0.0110820237175,2.02930103193
ve_re1_n64_t30,11.864,0.0110819604723,2.02934070227
ve_re1_n64_t30,11.872,0.011081897427,2.02938023855
ve_re1_n64_t30,11.88,0.011081834581,2.02941964124
ve_re1_n64_t30,11.888,0.0110817719336,2.02945891079
ve_re1_n64_t30,11.896,0.0110817094841,2.02949804763
ve_re1_n64_t30,11.904,0.011081647232,2.02953705222
ve_re1_n64_t30,11.912,0.0110815851767,2.02957592501
ve_re1_n64_t30,11.92,0.0110815233175,2.02961466643
ve_re1_n64_t30,11.928,0.0110814616537,2.02965327692
ve_re1_n64_t30,11.936,0.011081400185,2.02969175693
ve_re1_n64_t30,11.944,0.0110813389105,2.02973010689
ve_re1_n64_t30,11.952,0.0110812778297,2.02976832724
ve_re1_n64_t30,11.96,0.0110812169421,2.02980641842
ve_re1_n64_t30,11.968,0.0110811562471,2.02984438085
ve_re1_n64_t30,11.976,0.011081095744,2.02988221497
ve_re1_n64_t30,11.984,0.0110810354324,2.0299199212
ve_re1_n64_t30,11.992,0.0110809753116,2.02995749999
ve_re1_n64_t30,12,0.0110809153811,2.02999495175
ve_re1_n64_t30,12.008,0.0110808556404,2.03003227692
ve_re1_n64_t30,12.016,0.0110807960888,2.03006947591
ve_re1_n64_t30,12.024,0.0110807367259,2.03010654915
ve_re1_n64_t30,12.032,0.0110806775511,2.03014349706
ve_re1_n64_t30,12.04,0.0110806185638,2.03018032006
ve_re1_n64_t30,12.048,0.0110805597635,2.03021701858
ve_re1_n64_t30,12.056,0.0110805011497,2.03025359302
ve_re1_n64_t30,12.064,0.0110804427219,2.03029004381
ve_re1_n64_t30,12.072,0.0110803844794,2.03032637136
ve_re1_n64_t30,12.08,0.0110803264217,2.03036257608
ve_re1_n64_t30,12.088,0.0110802685484,2.0303986584
ve_re1_n64_t30,12.096,0.0110802108589,2.03043461871
ve_re1_n64_t30,12.104,0.0110801533526,2.03047045743
ve_re1_n64_t30,12.112,0.0110800960291,2.03050617498
ve_re1_n64_t30,12.12,0.0110800388877,2.03054177175
ve_re1_n64_t30,12.128,0.0110799819281,2.03057724815
ve_re1_n64_t30,12.136,0.0110799251496,2.03061260459
ve_re1_n64_t30,12.144,0.0110798685517,2.03064784148
ve_re1_n64_t30,12.152,0.011079812134,2.03068295921
ve_re1_n64_t30,12.16,0.0110797558958,2.03071795819
ve_re1_n64_t30,12.168,0.0110796998367,2.03075283882
ve_re1_n64_t30,12.176,0.0110796439562,2.0307876015
ve_re1_n64_t30,12.184,0.0110795882536,2.03082224663
ve_re1_n64_t30,12.192,0.0110795327286,2.03085677459
ve_re1_n64_t30,12.2,0.0110794773806,2.03089118579
ve_re1_n64_t30,12.208,0.011079422209,2.03092548062
ve_re1_n64_t30,12.216,0.0110793672133,2.03095965948
ve_re1_n64_t30,12.224,0.011079312393,2.03099372275
ve_re1_n64_t30,12.232,0.0110792577477,2.03102767083
ve_re1_n64_t30,12.24,0.0110792032767,2.0310615041
ve_re1_n64_t30,12.248,0.0110791489795,2.03109522295
ve_re1_n64_t30,12.256,0.0110790948557,2.03112882778
ve_re1_n64_t30,12.264,0.0110790409047,2.03116231896
ve_re1_n64_t30,12.272,0.0110789871261,2.03119569688
ve_re1_n64_t30,12.28,0.0110789335192,2.03122896193
ve_re1_n64_t30,12.288,0.0110788800836,2.03126211448
ve_re1_n64_t30,12.296,0.0110788268188,2.03129515491
ve_re1_n64_t30,12.304,0.0110787737242,2.03132808361
ve_re1_n64_t30,12.312,0.0110787207994,2.03136090096
ve_re1_n64_t30,12.32,0.0110786680438,2.03139360733
ve_re1_n64_t30,12.328,0.0110786154569,2.03142620309
ve_re1_n64_t30,12.336,0.0110785630381,2.03145868862
ve_re1_n64_t30,12.344,0.011078510787,2.03149106429
ve_re1_n64_t30,12.352,0.0110784587032,2.03152333047
ve_re1_n64_t30,12.36,0.0110784067864,2.03155548754
ve_re1_n64_t30,12.368,0.0110783550358,2.03158753586
ve_re1_n64_t30,12.376,0.011078303451,2.0316194758
ve_re1_n64_t30,12.384,0.0110782520313,2.03165130772
ve_re1_n64_t30,12.392,0.0110782007764,2.03168303199
ve_re1_n64_t30,12.4,0.0110781496857,2.03171464898
ve_re1_n64_t30,12.408,0.0110780987591,2.03174615904
ve_re1_n64_t30,12.416,0.0110780479957,2.03177756255
ve_re1_n64_t30,12.424,0.011077997395,2.03180885985
ve_re1_n64_t30,12.432,0.0110779469565,2.03184005131
ve_re1_n64_t30,12.44,0.0110778966796,2.03187113728
ve_re1_n64_t30,12.448,0.011077846564,2.03190211812
ve_re1_n64_t30,12.456,0.0110777966092,2.03193299419
ve_re1_n64_t30,12.464,0.0110777468147,2.03196376584
ve_re1_n64_t30,12.472,0.0110776971799,2.03199443341
ve_re1_n64_t30,12.48,0.0110776477045,2.03202499727
ve_re1_n64_t30,12.488,0.011077598388,2.03205545776
ve_re1_n64_t30,12.496,0.0110775492298,2.03208581523
ve_re1_n64_t30,12.504,0.0110775002295,2.03211607002
ve_re1_n64_t30,12.512,0.0110774513866,2.03214622249
ve_re1_n64_t30,12.52,0.0110774027007,2.03217627298
ve_re1_n64_t30,12.528,0.0110773541712,2.03220622183
ve_re1_n64_t30,12.536,0.0110773057978,2.03223606939
ve_re1_n64_t30,12.544,0.0110772575799,2.032265816
ve_re1_n64_t30,12.552,0.011077209517,2.03229546199
ve_re1_n64_t30,12.56,0.0110771616087,2.03232500771
ve_re1_n64_t30,12.568,0.0110771138545,2.03235445349
ve_re1_n64_t30,12.576,0.011077066254,2.03238379967
ve_re1_n64_t30,12.584,0.0110770188067,2.0324130466
ve_re1_n64_t30,12.592,0.011076971512,2.03244219459
ve_re1_n64_t30,12.6,0.0110769243697,2.03247124399
ve_re1_n64_t30,12.608,0.0110768773791,2.03250019513
ve_re1_n64_t30,12.616,0.0110768305398,2.03252904834
ve_re1_n64_t30,12.624,0.0110767838515,2.03255780395
ve_re1_n64_t30,12.632,0.0110767373135,2.03258646229
ve_re1_n64_t30,12.64,0.0110766909255,2.03261502368
ve_re1_n64_t30,12.648,0.011076644687,2.03264348846
ve_re1_n64_t30,12.656,0.0110765985975,2.03267185695
ve_re1_n64_t30,12.664,0.0110765526566,2.03270012946
ve_re1_n64_t30,12.672,0.0110765068639,2.03272830634
ve_re1_n64_t30,12.68,0.011076461219,2.03275638789
ve_re1_n64_t30,12.688,0.0110764157212,2.03278437444
ve_re1_n64_t30,12.696,0.0110763703703,2.03281226631
ve_re1_n64_t30,12.704,0.0110763251657,2.03284006382
ve_re1_n64_t30,12.712,0.0110762801071,2.03286776728
ve_re1_n64_t30,12.72,0.0110762351939,2.03289537701
ve_re1_n64_t30,12.728,0.0110761904258,2.03292289333
ve_re1_n64_t30,12.736,0.0110761458023,2.03295031655
ve_re1_n64_t30,12.744,0.0110761013229,2.03297764698
ve_re1_n64_t30,12.752,0.0110760569872,2.03300488493
ve_re1_n64_t30,12.76,0.0110760127948,2.03303203072
ve_re1_n64_t30,12.768,0.0110759687452,2.03305908465
ve_re1_n64_t30,12.776,0.011075924838,2.03308604703
ve_re1_n64_t30,12.784,0.0110758810727,2.03311291817
ve_re1_n64_t30,12.792,0.0110758374489,2.03313969838
ve_re1_n64_t30,12.8,0.0110757939662,2.03316638795
ve_re1_n64_t30,12.808,0.0110757506241,2.03319298719
ve_re1_n64_t30,12.816,0.0110757074222,2.03321949641
ve_re1_n64_t30,12.824,0.01107566436,2.0332459159
ve_re1_n64_t30,12.832,0.0110756214372,2.03327224597
ve_re1_n64_t30,12.84,0.0110755786532,2.03329848691
ve_re1_n64_t30,12.848,0.0110755360077,2.03332463902
ve_re1_n64_t30,12.856,0.0110754935002,2.03335070259
ve_re1_n64_t30,12.864,0.0110754511302,2.03337667793
ve_re1_n64_t30,12.872,0.0110754088974,2.03340256532
ve_re1_n64_t30,12.88,0.0110753668014,2.03342836506
ve_re1_n64_t30,12.888,0.0110753248416,2.03345407745
ve_re1_n64_t30,12.896,0.0110752830176,2.03347970276
ve_re1_n64_t30,12.904,0.0110752413291,2.0335052413
ve_re1_n64_t30,12.912,0.0110751997756,2.03353069335
ve_re1_n64_t30,12.92,0.0110751583566,2.03355605919
ve_re1_n64_t30,12.928,0.0110751170718,2.03358133912
ve_re1_n64_t30,12.936,0.0110750759207,2.03360653342
ve_re1_n64_t30,12.944,0.011075034903,2.03363164237
ve_re1_n64_t30,12.952,0.011074994018,2.03365666627
ve_re1_n64_t30,12.96,0.0110749532656,2.03368160538
ve_re1_n64_t30,12.968,0.0110749126452,2.03370645999
ve_re1_n64_t30,12.976,0.0110748721564,2.03373123039
ve_re1_n64_t30,12.984,0.0110748317988,2.03375591685
ve_re1_n64_t30,12.992,0.011074791572,2.03378051966
ve_re1_n64_t30,13,0.0110747514756,2.03380503908
ve_re1_n64_t30,13.008,0.0110747115092,2.0338294754
ve_re1_n64_t30,13.016,0.0110746716723,2.03385382889
ve_re1_n64_t30,13.024,0.0110746319645,2.03387809983
ve_re1_n64_t30,13.032,0.0110745923855,2.0339022885
ve_re1_n64_t30,13.04,0.0110745529348,2.03392639516
ve_re1_n64_t30,13.048,0.0110745136121,2.03395042009
ve_re1_n64_t30,13.056,0.0110744744169,2.03397436356
ve_re1_n64_t30,13.064,0.0110744353488,2.03399822584
ve_re1_n64_t30,13.072,0.0110743964074,2.03402200721
ve_re1_n64_t30,13.08,0.0110743575924,2.03404570793
ve_re1_n64_t30,13.088,0.0110743189033,2.03406932827
ve_re1_n64_t30,13.096,0.0110742803398,2.03409286851
ve_re1_n64_t30,13.104,0.0110742419014,2.0341163289
ve_re1_n64_t30,13.112,0.0110742035877,2.03413970973
ve_re1_n64_t30,13.12,0.0110741653986,2.03416301128
ve_re1_n64_t30,13.128,0.0110741273335,2.03418623384
ve_re1_n64_t30,13.136,0.0110740893922,2.03420937767
ve_re1_n64_t30,13.144,0.0110740515743,2.03423244304
ve_re1_n64_t30,13.152,0.0110740138794,2.0342554302
ve_re1_n64_t30,13.16,0.0110739763071,2.03427833943
ve_re1_n64_t30,13.168,0.011073938857,2.03430117099
ve_re1_n64_t30,13.176,0.0110739015289,2.03432392515
ve_re1_n64_t30,13.184,0.0110738643222,2.03434660216
ve_re1_n64_t30,13.192,0.0110738272366,2.03436920229
ve_re1_n64_t30,13.2,0.0110737902719,2.0343917258
ve_re1_n64_t30,13.208,0.0110737534275,2.03441417294
ve_re1_n64_t30,13.216,0.0110737167031,2.03443654399
ve_re1_n64_t30,13.224,0.0110736800984,2.03445883919
ve_re1_n64_t30,13.232,0.0110736436129,2.0344810588
ve_re1_n64_t30,13.24,0.0110736072464,2.03450320308
ve_re1_n64_t30,13.248,0.0110735709984,2.03452527225
ve_re1_n64_t30,13.256,0.0110735348685,2.03454726656
ve_re1_n64_t30,13.264,0.0110734988565,2.03456918627
ve_re1_n64_t30,13.272,0.0110734629618,2.03459103163
ve_re1_n64_t30,13.28,0.0110734271842,2.0346128029
ve_re1_n64_t30,13.288,0.0110733915232,2.03463450032
ve_re1_n64_t30,13.296,0.0110733559786,2.03465612415
ve_re1_n64_t30,13.304,0.0110733205498,2.03467767463
ve_re1_n64_t30,13.312,0.0110732852367,2.03469915202
ve_re1_n64_t30,13.32,0.0110732500388,2.03472055657
ve_re1_n64_t30,13.328,0.0110732149557,2.03474188851
ve_re1_n64_t30,13.336,0.0110731799872,2.03476314811
ve_re1_n64_t30,13.344,0.0110731451329,2.0347843356
ve_re1_n64_t30,13.352,0.0110731103924,2.03480545123
ve_re1_n64_t30,13.36,0.0110730757653,2.03482649524
ve_re1_n64_t30,13.368,0.0110730412514,2.03484746788
ve_re1_n64_t30,13.376,0.0110730068502,2.03486836938
ve_re1_n64_t30,13.384,0.0110729725615,2.03488919998
ve_re1_n64_t30,13.392,0.0110729383848,2.03490995993
ve_re1_n64_t30,13.4,0.0110729043198,2.03493064947
ve_re1_n64_t30,13.408,0.0110728703662,2.03495126883
ve_re1_n64_t30,13.416,0.0110728365236,2.03497181825
ve_re1_n64_t30,13.424,0.0110728027916,2.03499229797
ve_re1_n64_t30,13.432,0.0110727691699,2.03501270822
ve_re1_n64_t30,13.44,0.0110727356582,2.03503304923
ve_re1_n64_t30,13.448,0.0110727022561,2.03505332124
ve_re1_n64_t30,13.456,0.0110726689633,2.03507352448
ve_re1_n64_t30,13.464,0.0110726357795,2.03509365918
ve_re1_n64_t30,13.472,0.0110726027043,2.03511372558
ve_re1_n64_t30,13.48,0.0110725697373,2.03513372389
ve_re1_n64_t30,13.488,0.0110725368783,2.03515365436
ve_re1_n64_t30,13.496,0.011072504127,2.03517351721
ve_re1_n64_t30,13.504,0.0110724714829,2.03519331267
ve_re1_n64_t30,13.512,0.0110724389457,2.03521304095
ve_re1_n64_t30,13.52,0.0110724065152,2.0352327023
ve_re1_n64_t30,13.528,0.0110723741909,2.03525229692
ve_re1_n64_t30,13.536,0.0110723419726,2.03527182506
ve_re1_n64_t30,13.544,0.0110723098599,2.03529128692
ve_re1_n64_t30,13.552,0.0110722778525,2.03531068273
ve_re1_n64_t30,13.56,0.0110722459501,2.03533001272
ve_re1_n64_t30,13.568,0.0110722141522,2.0353492771
ve_re1_n64_t30,13.576,0.0110721824587,2.0353684761
ve_re1_n64_t30,13.584,0.0110721508692,2.03538760992
ve_re1_n64_t30,13.592,0.0110721193834,2.0354066788
ve_re1_n64_t30,13.6,0.0110720880008,2.03542568294
ve_re1_n64_t30,13.608,0.0110720567213,2.03544462257
ve_re1_n64_t30,13.616,0.0110720255444,2.0354634979
ve_re1_n64_t30,13.624,0.0110719944699,2.03548230914
ve_re1_n64_t30,13.632,0.0110719634975,2.03550105651
ve_re1_n64_t30,13.64,0.0110719326268,2.03551974023
ve_re1_n64_t30,13.648,0.0110719018574,2.03553836051
ve_re1_n64_t30,13.656,0.0110718711892,2.03555691755
ve_re1_n64_t30,13.664,0.0110718406217,2.03557541157
ve_re1_n64_t30,13.672,0.0110718101546,2.03559384279
ve_re1_n64_t30,13.68,0.0110717797877,2.03561221141
ve_re1_n64_t30,13.688,0.0110717495206,2.03563051763
ve_re1_n64_t30,13.696,0.011071719353,2.03564876168
ve_re1_n64_t30,13.704,0.0110716892846,2.03566694376
ve_re1_n64_t30,13.712,0.0110716593151,2.03568506407
ve_re1_n64_t30,13.72,0.011071629444,2.03570312283
ve_re1_n64_t30,13.728,0.0110715996713,2.03572112023
ve_re1_n64_t30,13.736,0.0110715699964,2.03573905649
ve_re1_n64_t30,13.744,0.0110715404192,2.0357569318
ve_re1_n64_t30,13.752,0.0110715109392,2.03577474638
ve_re1_n64_t30,13.76,0.0110714815562,2.03579250042
ve_re1_n64_t30,13.768,0.0110714522699,2.03581019414
ve_re1_n64_t30,13.776,0.0110714230799,2.03582782772
ve_re1_n64_t30,13.784,0.011071393986,2.03584540138
ve_re1_n64_t30,13.792,0.0110713649878,2.03586291531
ve_re1_n64_t30,13.8,0.0110713360851,2.03588036972
ve_re1_n64_t30,13.808,0.0110713072774,2.0358977648
ve_re1_n64_t30,13.816,0.0110712785646,2.03591510075
ve_re1_n64_t30,13.824,0.0110712499463,2.03593237778
ve_re1_n64_t30,13.832,0.0110712214222,2.03594959607
ve_re1_n64_t30,13.84,0.011071192992,2.03596675583
ve_re1_n64_t30,13.848,0.0110711646554,2.03598385726
ve_re1_n64_t30,13.856,0.0110711364121,2.03600090054
ve_re1_n64_t30,13.864,0.0110711082618,2.03601788588
ve_re1_n64_t30,13.872,0.0110710802042,2.03603481347
ve_re1_n64_t30,13.88,0.011071052239,2.0360516835
ve_re1_n64_t30,13.888,0.0110710243659,2.03606849617
ve_re1_n64_t30,13.896,0.0110709965846,2.03608525167
ve_re1_n64_t30,13.904,0.0110709688948,2.03610195019
ve_re1_n64_t30,13.912,0.0110709412962,2.03611859193
ve_re1_n64_t30,13.92,0.0110709137885,2.03613517708
ve_re1_n64_t30,13.928,0.0110708863714,2.03615170583
ve_re1_n64_t30,13.936,0.0110708590446,2.03616817836
ve_re1_n64_t30,13.944,0.0110708318079,2.03618459488
ve_re1_n64_t30,13.952,0.0110708046609,2.03620095556
ve_re1_n64_t30,13.96,0.0110707776034,2.03621726059
ve_re1_n64_t30,13.968,0.011070750635,2.03623351018
ve_re1_n64_t30,13.976,0.0110707237555,2.03624970449
ve_re1_n64_t30,13.984,0.0110706969646,2.03626584373
ve_re1_n64_t30,13.992,0.011070670262,2.03628192807
ve_re1_n64_t30,14,0.0110706436474,2.0362979577
ve_re1_n64_t30,14.008,0.0110706171205,2.03631393281
ve_re1_n64_t30,14.016,0.011070590681,2.03632985359
ve_re1_n64_t30,14.024,0.0110705643288,2.03634572021
ve_re1_n64_t30,14.032,0.0110705380633,2.03636153287
ve_re1_n64_t30,14.04,0.0110705118845,2.03637729174
ve_re1_n64_t30,14.048,0.011070485792,2.036392997
ve_re1_n64_t30,14.056,0.0110704597856,2.03640864885
ve_re1_n64_t30,14.064,0.0110704338648,2.03642424746
ve_re1_n64_t30,14.072,0.0110704080296,2.03643979301
ve_re1_n64_t30,14.08,0.0110703822795,2.03645528569
ve_re1_n64_t30,14.088,0.0110703566144,2.03647072567
ve_re1_n64_t30,14.096,0.0110703310339,2.03648611314
ve_re1_n64_t30,14.104,0.0110703055377,2.03650144827
ve_re1_n64_t30,14.112,0.0110702801256,2.03651673124
ve_re1_n64_t30,14.12,0.0110702547971,2.03653196222
ve_re1_n64_t30,14.128,0.0110702295521,2.03654714141
ve_re1_n64_t30,14.136,0.0110702043899,2.03656226896
ve_re1_n64_t30,14.144,0.0110701793098,2.03657734507
ve_re1_n64_t30,14.152,0.0110701543136,2.03659236989
ve_re1_n64_t30,14.16,0.0110701294005,2.03660734362
ve_re1_n64_t30,14.168,0.0110701045711,2.03662226642
ve_re1_n64_t30,14.176,0.011070079824,2.03663713847
ve_re1_n64_t30,14.184,0.0110700551584,2.03665195995
ve_re1_n64_t30,14.192,0.0110700305739,2.03666673101
ve_re1_n64_t30,14.2,0.0110700060705,2.03668145185
ve_re1_n64_t30,14.208,0.0110699816479,2.03669612262
ve_re1_n64_t30,14.216,0.0110699573058,2.03671074349
ve_re1_n64_t30,14.224,0.0110699330441,2.03672531465
ve_re1_n64_t30,14.232,0.0110699088625,2.03673983625
ve_re1_n64_t30,14.24,0.0110698847607,2.03675430847
ve_re1_n64_t30,14.248,0.0110698607386,2.03676873147
ve_re1_n64_t30,14.256,0.0110698367958,2.03678310542
ve_re1_n64_t30,14.264,0.0110698129321,2.03679743049
ve_re1_n64_t30,14.272,0.0110697891473,2.03681170684
ve_re1_n64_t30,14.28,0.0110697654411,2.03682593464
ve_re1_n64_t30,14.288,0.0110697418132,2.03684011406
ve_re1_n64_t30,14.296,0.0110697182635,2.03685424526
ve_re1_n64_t30,14.304,0.0110696947916,2.03686832839
ve_re1_n64_t30,14.312,0.0110696713974,2.03688236364
ve_re1_n64_t30,14.32,0.0110696480805,2.03689635115
ve_re1_n64_t30,14.328,0.0110696248408,2.03691029109
ve_re1_n64_t30,14.336,0.0110696016779,2.03692418362
ve_re1_n64_t30,14.344,0.0110695785917,2.0369380289
ve_re1_n64_t30,14.352,0.0110695555818,2.03695182709
ve_re1_n64_t30,14.36,0.0110695326481,2.03696557835
ve_re1_n64_t30,14.368,0.0110695097904,2.03697928284
ve_re1_n64_t30,14.376,0.0110694870082,2.03699294072
ve_re1_n64_t30,14.384,0.0110694643015,2.03700655214
ve_re1_n64_t30,14.392,0.01106944167,2.03702011726
ve_re1_n64_t30,14.4,0.0110694191134,2.03703363624
ve_re1_n64_t30,14.408,0.0110693966316,2.03704710923
ve_re1_n64_t30,14.416,0.0110693742242,2.03706053638
ve_re1_n64_t30,14.424,0.011069351891,2.03707391786
ve_re1_n64_t30,14.432,0.0110693296318,2.03708725381
ve_re1_n64_t30,14.44,0.0110693074464,2.0371005444
ve_re1_n64_t30,14.448,0.0110692853345,2.03711378976
ve_re1_n64_t30,14.456,0.0110692632959,2.03712699006
ve_re1_n64_t30,14.464,0.0110692413303,2.03714014544
ve_re1_n64_t30,14.472,0.0110692194376,2.03715325605
ve_re1_n64_t30,14.48,0.0110691976174,2.03716632206
ve_re1_n64_t30,14.488,0.0110691758697,2.0371793436
ve_re1_n64_t30,14.496,0.011069154194,2.03719232082
ve_re1_n64_t30,14.504,0.0110691325903,2.03720525388
ve_re1_n64_t30,14.512,0.0110691110582,2.03721814292
ve_re1_n64_t30,14.52,0.0110690895976,2.03723098809
ve_re1_n64_t30,14.528,0.0110690682081,2.03724378954
ve_re1_n64_t30,14.536,0.0110690468897,2.03725654741
ve_re1_n64_t30,14.544,0.011069025642,2.03726926185
ve_re1_n64_t30,14.552,0.0110690044649,2.03728193301
ve_re1_n64_t30,14.56,0.011068983358,2.03729456103
ve_re1_n64_t30,14.568,0.0110689623212,2.03730714606
ve_re1_n64_t30,14.576,0.0110689413543,2.03731968823
ve_re1_n64_t30,14.584,0.011068920457,2.0373321877
ve_re1_n64_t30,14.592,0.0110688996291,2.03734464461
ve_re1_n64_t30,14.6,0.0110688788704,2.0373570591
ve_re1_n64_t30,14.608,0.0110688581807,2.03736943131
ve_re1_n64_t30,14.616,0.0110688375597,2.03738176139
ve_re1_n64_t30,14.624,0.0110688170072,2.03739404947
ve_re1_n64_t30,14.632,0.011068796523,2.0374062957
ve_re1_n64_t30,14.64,0.0110687761069,2.03741850021
ve_re1_n64_t30,14.648,0.0110687557586,2.03743066316
ve_re1_n64_t30,14.656,0.011068735478,2.03744278467
ve_re1_n64_t30,14.664,0.0110687152648,2.03745486488
ve_re1_n64_t30,14.672,0.0110686951188,2.03746690395
ve_re1_n64_t30,14.68,0.0110686750397,2.037478902
ve_re1_n64_t30,14.688,0.0110686550275,2.03749085916
ve_re1_n64_t30,14.696,0.0110686350818,2.03750277559
ve_re1_n64_t30,14.704,0.0110686152024,2.03751465142
ve_re1_n64_t30,14.712,0.0110685953892,2.03752648678
ve_re1_n64_t30,14.72,0.0110685756418,2.03753828182
ve_re1_n64_t30,14.728,0.0110685559602,2.03755003667
ve_re1_n64_t30,14.736,0.0110685363441,2.03756175148
ve_re1_n64_t30,14.744,0.0110685167932,2.03757342637
ve_re1_n64_t30,14.752,0.0110684973075,2.03758506148
ve_re1_n64_t30,14.76,0.0110684778865,2.03759665694
ve_re1_n64_t30,14.768,0.0110684585303,2.0376082129
ve_re1_n64_t30,14.776,0.0110684392385,2.03761972947
ve_re1_n64_t30,14.784,0.0110684200109,2.0376312068
ve_re1_n64_t30,14.792,0.0110684008473,2.03764264502
ve_re1_n64_t30,14.8,0.0110683817476,2.03765404425
ve_re1_n64_t30,14.808,0.0110683627115,2.03766540463
ve_re1_n64_t30,14.816,0.0110683437388,2.0376767263
ve_re1_n64_t30,14.824,0.0110683248293,2.03768800937
ve_re1_n64_t30,14.832,0.0110683059828,2.03769925399
ve_re1_n64_t30,14.84,0.0110682871991,2.03771046028
ve_re1_n64_t30,14.848,0.011068268478,2.03772162837
ve_re1_n64_t30,14.856,0.0110682498193,2.0377327584
ve_re1_n64_t30,14.864,0.0110682312227,2.03774385048
ve_re1_n64_t30,14.872,0.0110682126882,2.03775490475
ve_re1_n64_t30,14.88,0.0110681942155,2.03776592133
ve_re1_n64_t30,14.888,0.0110681758043,2.03777690036
ve_re1_n64_t30,14.896,0.0110681574545,2.03778784196
ve_re1_n64_t30,14.904,0.011068139166,2.03779874626
ve_re1_n64_t30,14.912,0.0110681209384,2.03780961337
ve_re1_n64_t30,14.92,0.0110681027716,2.03782044344
ve_re1_n64_t30,14.928,0.0110680846655,2.03783123658
ve_re1_n64_t30,14.936,0.0110680666197,2.03784199292
ve_re1_n64_t30,14.944,0.0110680486342,2.03785271258
ve_re1_n64_t30,14.952,0.0110680307087,2.03786339569
ve_re1_n64_t30,14.96,0.011068012843,2.03787404237
ve_re1_n64_t30,14.968,0.0110679950369,2.03788465275
ve_re1_n64_t30,14.976,0.0110679772903,2.03789522694
ve_re1_n64_t30,14.984,0.0110679596029,2.03790576507
ve_re1_n64_t30,14.992,0.0110679419746,2.03791626726
ve_re1_n64_t30,15,0.0110679244052,2.03792673364
ve_re1_n64_t30,15.008,0.0110679068944,2.03793716433
ve_re1_n64_t30,15.016,0.0110678894422,2.03794755943
ve_re1_n64_t30,15.024,0.0110678720482,2.03795791909
ve_re1_n64_t30,15.032,0.0110678547124,2.03796824341
ve_re1_n64_t30,15.04,0.0110678374344,2.03797853251
ve_re1_n64_t30,15.048,0.0110678202143,2.03798878652
ve_re1_n64_t30,15.056,0.0110678030516,2.03799900556
ve_re1_n64_t30,15.064,0.0110677859464,2.03800918973
ve_re1_n64_t30,15.072,0.0110677688983,2.03801933917
ve_re1_n64_t30,15.08,0.0110677519072,2.03802945398
ve_re1_n64_t30,15.088,0.011067734973,2.03803953429
ve_re1_n64_t30,15.096,0.0110677180954,2.03804958021
ve_re1_n64_t30,15.104,0.0110677012742,2.03805959186
ve_re1_n64_t30,15.112,0.0110676845093,2.03806956935
ve_re1_n64_t30,15.12,0.0110676678004,2.0380795128
ve_re1_n64_t30,15.128,0.0110676511475,2.03808942232
ve_re1_n64_t30,15.136,0.0110676345503,2.03809929803
ve_re1_n64_t30,15.144,0.0110676180087,2.03810914004
ve_re1_n64_t30,15.152,0.0110676015224,2.03811894847
ve_re1_n64_t30,15.16,0.0110675850913,2.03812872344
ve_re1_n64_t30,15.168,0.0110675687153,2.03813846504
ve_re1_n64_t30,15.176,0.011067552394,2.0381481734
ve_re1_n64_t30,15.184,0.0110675361274,2.03815784863
ve_re1_n64_t30,15.192,0.0110675199153,2.03816749084
ve_re1_n64_t30,15.2,0.0110675037575,2.03817710014
ve_re1_n64_t30,15.208,0.0110674876539,2.03818667665
ve_re1_n64_t30,15.216,0.0110674716041,2.03819622046
ve_re1_n64_t30,15.224,0.0110674556082,2.0382057317
ve_re1_n64_t30,15.232,0.0110674396659,2.03821521048
ve_re1_n64_t30,15.24,0.011067423777,2.0382246569
ve_re1_n64_t30,15.248,0.0110674079413,2.03823407107
ve_re1_n64_t30,15.256,0.0110673921588,2.0382434531
ve_re1_n64_t30,15.264,0.0110673764291,2.03825280311
ve_re1_n64_t30,15.272,0.0110673607522,2.03826212119
ve_re1_n64_t30,15.28,0.0110673451279,2.03827140745
ve_re1_n64_t30,15.288,0.011067329556,2.03828066201
ve_re1_n64_t30,15.296,0.0110673140363,2.03828988497
ve_re1_n64_t30,15.304,0.0110672985687,2.03829907644
ve_re1_n64_t30,15.312,0.011067283153,2.03830823652
ve_re1_n64_t30,15.32,0.011067267789,2.03831736531
ve_re1_n64_t30,15.328,0.0110672524765,2.03832646294
ve_re1_n64_t30,15.336,0.0110672372154,2.03833552949
ve_re1_n64_t30,15.344,0.0110672220056,2.03834456507
ve_re1_n64_t30,15.352,0.0110672068467,2.0383535698
ve_re1_n64_t30,15.36,0.0110671917388,2.03836254376
ve_re1_n64_t30,15.368,0.0110671766816,2.03837148707
ve_re1_n64_t30,15.376,0.0110671616749,2.03838039983
ve_re1_n64_t30,15.384,0.0110671467187,2.03838928214
ve_re1_n64_t30,15.392,0.0110671318126,2.03839813411
ve_re1_n64_t30,15.4,0.0110671169566,2.03840695583
ve_re1_n64_t30,15.408,0.0110671021506,2.03841574741
ve_re1_n64_t30,15.416,0.0110670873943,2.03842450895
ve_re1_n64_t30,15.424,0.0110670726875,2.03843324056
ve_re1_n64_t30,15.432,0.0110670580302,2.03844194232
ve_re1_n64_t30,15.44,0.0110670434221,2.03845061435
ve_re1_n64_t30,15.448,0.0110670288632,2.03845925674
ve_re1_n64_t30,15.456,0.0110670143532,2.03846786959
ve_re1_n64_t30,15.464,0.0110669998919,2.038476453
ve_re1_n64_t30,15.472,0.0110669854793,2.03848500706
ve_re1_n64_t30,15.48,0.0110669711152,2.03849353188
ve_re1_n64_t30,15.488,0.0110669567994,2.03850202754
ve_re1_n64_t30,15.496,0.0110669425317,2.03851049416
ve_re1_n64_t30,15.504,0.011066928312,2.03851893181
ve_re1_n64_t30,15.512,0.0110669141402,2.03852734062
ve_re1_n64_t30,15.52,0.011066900016,2.03853572066
ve_re1_n64_t30,15.528,0.0110668859394,2.03854407203
ve_re1_n64_t30,15.536,0.0110668719101,2.03855239484
ve_re1_n64_t30,15.544,0.0110668579281,2.03856068918
ve_re1_n64_t30,15.552,0.0110668439931,2.03856895514
ve_re1_n64_t30,15.56,0.0110668301051,2.03857719282
ve_re1_n64_t30,15.568,0.0110668162638,2.03858540231
ve_re1_n64_t30,15.576,0.0110668024692,2.03859358371
ve_re1_n64_t30,15.584,0.011066788721,2.03860173712
ve_re1_n64_t30,15.592,0.0110667750191,2.03860986262
ve_re1_n64_t30,15.6,0.0110667613634,2.03861796032
ve_re1_n64_t30,15.608,0.0110667477537,2.03862603029
ve_re1_n64_t30,15.616,0.0110667341899,2.03863407265
ve_re1_n64_t30,15.624,0.0110667206718,2.03864208748
ve_re1_n64_t30,15.632,0.0110667071992,2.03865007487
ve_re1_n64_t30,15.64,0.0110666937721,2.03865803492
ve_re1_n64_t30,15.648,0.0110666803903,2.03866596771
ve_re1_n64_t30,15.656,0.0110666670536,2.03867387335
ve_re1_n64_t30,15.664,0.0110666537619,2.03868175192
ve_re1_n64_t30,15.672,0.011066640515,2.03868960351
ve_re1_n64_t30,15.68,0.0110666273128,2.03869742821
ve_re1_n64_t30,15.688,0.0110666141552,2.03870522612
ve_re1_n64_t30,15.696,0.0110666010419,2.03871299732
ve_re1_n64_t30,15.704,0.0110665879729,2.0387207419
ve_re1_n64_t30,15.712,0.0110665749481,2.03872845996
ve_re1_n64_t30,15.72,0.0110665619672,2.03873615159
ve_re1_n64_t30,15.728,0.0110665490302,2.03874381686
ve_re1_n64_t30,15.736,0.0110665361368,2.03875145588
ve_re1_n64_t30,15.744,0.011066523287,2.03875906872
ve_re1_n64_t30,15.752,0.0110665104806,2.03876665549
ve_re1_n64_t30,15.76,0.0110664977174,2.03877421625
ve_re1_n64_t30,15.768,0.0110664849974,2.03878175112
ve_re1_n64_t30,15.776,0.0110664723203,2.03878926016
ve_re1_n64_t30,15.784,0.0110664596861,2.03879674347
ve_re1_n64_t30,15.792,0.0110664470946,2.03880420114
ve_re1_n64_t30,15.8,0.0110664345457,2.03881163324
ve_re1_n64_t30,15.808,0.0110664220392,2.03881903987
ve_re1_n64_t30,15.816,0.0110664095749,2.03882642111
ve_re1_n64_t30,15.824,0.0110663971528,2.03883377705
ve_re1_n64_t30,15.832,0.0110663847727,2.03884110778
ve_re1_n64_t30,15.84,0.0110663724344,2.03884841338
ve_re1_n64_t30,15.848,0.0110663601379,2.03885569393
ve_re1_n64_t30,15.856,0.011066347883,2.03886294953
ve_re1_n64_t30,15.864,0.0110663356694,2.03887018026
ve_re1_n64_t30,15.872,0.0110663234972,2.03887738619
ve_re1_n64_t30,15.88,0.0110663113662,2.03888456743
ve_re1_n64_t30,15.888,0.0110662992762,2.03889172405
ve_re1_n64_t30,15.896,0.0110662872271,2.03889885613
ve_re1_n64_t30,15.904,0.0110662752187,2.03890596376
ve_re1_n64_t30,15.912,0.011066263251,2.03891304703
ve_re1_n64_t30,15.92,0.0110662513238,2.03892010601
ve_re1_n64_t30,15.928,0.0110662394369,2.03892714079
ve_re1_n64_t30,15.936,0.0110662275902,2.03893415145
ve_re1_n64_t30,15.944,0.0110662157837,2.03894113807
ve_re1_n64_t30,15.952,0.0110662040171,2.03894810073
ve_re1_n64_t30,15.96,0.0110661922903,2.03895503953
ve_re1_n64_t30,15.968,0.0110661806032,2.03896195453
ve_re1_n64_t30,15.976,0.0110661689557,2.03896884582
ve_re1_n64_t30,15.984,0.0110661573476,2.03897571348
ve_re1_n64_t30,15.992,0.0110661457789,2.03898255759
ve_re1_n64_t30,16,0.0110661342493,2.03898937823
ve_re1_n64_t30,16.008,0.0110661227587,2.03899617548
ve_re1_n64_t30,16.016,0.0110661113071,2.03900294942
ve_re1_n64_t30,16.024,0.0110660998943,2.03900970013
ve_re1_n64_t30,16.032,0.0110660885201,2.03901642769
ve_re1_n64_t30,16.04,0.0110660771845,2.03902313217
ve_re1_n64_t30,16.048,0.0110660658872,2.03902981366
ve_re1_n64_t30,16.056,0.0110660546283,2.03903647223
ve_re1_n64_t30,16.064,0.0110660434075,2.03904310797
ve_re1_n64_t30,16.072,0.0110660322247,2.03904972094
ve_re1_n64_t30,16.08,0.0110660210798,2.03905631123
ve_re1_n64_t30,16.088,0.0110660099728,2.03906287892
ve_re1_n64_t30,16.096,0.0110659989033,2.03906942407
ve_re1_n64_t30,16.104,0.0110659878714,2.03907594677
ve_re1_n64_t30,16.112,0.0110659768769,2.0390824471
ve_re1_n64_t30,16.12,0.0110659659197,2.03908892513
ve_re1_n64_t30,16.128,0.0110659549996,2.03909538093
ve_re1_n64_t30,16.136,0.0110659441166,2.03910181459
ve_re1_n64_t30,16.144,0.0110659332704,2.03910822617
ve_re1_n64_t30,16.152,0.0110659224611,2.03911461575
ve_re1_n64_t30,16.16,0.0110659116884,2.03912098341
ve_re1_n64_t30,16.168,0.0110659009523,2.03912732923
ve_re1_n64_t30,16.176,0.0110658902525,2.03913365327
ve_re1_n64_t30,16.184,0.0110658795891,2.03913995561
ve_re1_n64_t30,16.192,0.0110658689619,2.03914623632
ve_re1_n64_t30,16.2,0.0110658583707,2.03915249548
ve_re1_n64_t30,16.208,0.0110658478155,2.03915873317
ve_re1_n64_t30,16.216,0.011065837296,2.03916494945
ve_re1_n64_t30,16.224,0.0110658268123,2.0391711444
ve_re1_n64_t30,16.232,0.0110658163642,2.03917731808
ve_re1_n64_t30,16.24,0.0110658059515,2.03918347058
ve_re1_n64_t30,16.248,0.0110657955741,2.03918960197
ve_re1_n64_t30,16.256,0.011065785232,2.03919571231
ve_re1_n64_t30,16.264,0.011065774925,2.03920180168
ve_re1_n64_t30,16.272,0.011065764653,2.03920787015
ve_re1_n64_t30,16.28,0.0110657544158,2.0392139178
ve_re1_n64_t30,16.288,0.0110657442135,2.03921994468
ve_re1_n64_t30,16.296,0.0110657340457,2.03922595088
ve_re1_n64_t30,16.304,0.0110657239125,2.03923193647
ve_re1_n64_t30,16.312,0.0110657138137,2.03923790151
ve_re1_n64_t30,16.32,0.0110657037492,2.03924384607
ve_re1_n64_t30,16.328,0.0110656937188,2.03924977023
ve_re1_n64_t30,16.336,0.0110656837226,2.03925567405
ve_re1_n64_t30,16.344,0.0110656737602,2.03926155761
ve_re1_n64_t30,16.352,0.0110656638318,2.03926742097
ve_re1_n64_t30,16.36,0.011065653937,2.0392732642
ve_re1_n64_t30,16.368,0.0110656440759,2.03927908737
ve_re1_n64_t30,16.376,0.0110656342482,2.03928489055
ve_re1_n64_t30,16.384,0.011065624454,2.03929067381
ve_re1_n64_t30,16.392,0.011065614693,2.03929643721
ve_re1_n64_t30,16.4,0.0110656049651,2.03930218083
ve_re1_n64_t30,16.408,0.0110655952704,2.03930790473
ve_re1_n64_t30,16.416,0.0110655856086,2.03931360898
ve_re1_n64_t30,16.424,0.0110655759796,2.03931929364
ve_re1_n64_t30,16.432,0.0110655663833,2.03932495879
ve_re1_n64_t30,16.44,0.0110655568196,2.03933060448
ve_re1_n64_t30,16.448,0.0110655472885,2.03933623079
ve_re1_n64_t30,16.456,0.0110655377897,2.03934183778
ve_re1_n64_t30,16.464,0.0110655283232,2.03934742552
ve_re1_n64_t30,16.472,0.0110655188889,2.03935299408
ve_re1_n64_t30,16.48,0.0110655094867,2.03935854351
ve_re1_n64_t30,16.488,0.0110655001164,2.03936407389
ve_re1_n64_t30,16.496,0.0110654907779,2.03936958528
ve_re1_n64_t30,16.504,0.0110654814712,2.03937507774
ve_re1_n64_t30,16.512,0.0110654721962,2.03938055135
ve_re1_n64_t30,16.52,0.0110654629527,2.03938600615
ve_re1_n64_t30,16.528,0.0110654537406,2.03939144223
ve_re1_n64_t30,16.536,0.0110654445598,2.03939685963
ve_re1_n64_t30,16.544,0.0110654354103,2.03940225844
ve_re1_n64_t30,16.552,0.0110654262918,2.0394076387
ve_re1_n64_t30,16.56,0.0110654172044,2.03941300049
ve_re1_n64_t30,16.568,0.0110654081478,2.03941834386
ve_re1_n64_t30,16.576,0.0110653991221,2.03942366888
ve_re1_n64_t30,16.584,0.011065390127,2.03942897562
ve_re1_n64_t30,16.592,0.0110653811626,2.03943426412
ve_re1_n64_t30,16.6,0.0110653722286,2.03943953447
ve_re1_n64_t30,16.608,0.011065363325,2.03944478671
ve_re1_n64_t30,16.616,0.0110653544517,2.03945002092
ve_re1_n64_t30,16.624,0.0110653456086,2.03945523714
ve_re1_n64_t30,16.632,0.0110653367955,2.03946043545
ve_re1_n64_t30,16.64,0.0110653280125,2.03946561591
ve_re1_n64_t30,16.648,0.0110653192593,2.03947077857
ve_re1_n64_t30,16.656,0.0110653105358,2.0394759235
ve_re1_n64_t30,16.664,0.0110653018421,2.03948105075
ve_re1_n64_t30,16.672,0.0110652931779,2.0394861604
ve_re1_n64_t30,16.68,0.0110652845432,2.03949125249
ve_re1_n64_t30,16.688,0.0110652759379,2.03949632709
ve_re1_n64_t30,16.696,0.0110652673618,2.03950138425
ve_re1_n64_t30,16.704,0.011065258815,2.03950642405
ve_re1_n64_t30,16.712,0.0110652502972,2.03951144652
ve_re1_n64_t30,16.72,0.0110652418084,2.03951645175
ve_re1_n64_t30,16.728,0.0110652333485,2.03952143978
ve_re1_n64_t30,16.736,0.0110652249173,2.03952641067
ve_re1_n64_t30,16.744,0.0110652165149,2.03953136449
ve_re1_n64_t30,16.752,0.011065208141,2.03953630128
ve_re1_n64_t30,16.76,0.0110651997957,2.03954122112
ve_re1_n64_t30,16.768,0.0110651914787,2.03954612405
ve_re1_n64_t30,16.776,0.0110651831901,2.03955101013
ve_re1_n64_t30,16.784,0.0110651749296,2.03955587943
ve_re1_n64_t30,16.792,0.0110651666973,2.03956073199
ve_re1_n64_t30,16.8,0.011065158493,2.03956556788
ve_re1_n64_t30,16.808,0.0110651503166,2.03957038715
ve_re1_n64_t30,16.816,0.0110651421681,2.03957518986
ve_re1_n64_t30,16.824,0.0110651340472,2.03957997607
ve_re1_n64_t30,16.832,0.0110651259541,2.03958474583
ve_re1_n64_t30,16.84,0.0110651178885,2.0395894992
ve_re1_n64_t30,16.848,0.0110651098503,2.03959423623
ve_re1_n64_t30,16.856,0.0110651018395,2.03959895698
ve_re1_n64_t30,16.864,0.011065093856,2.03960366151
ve_re1_n64_t30,16.872,0.0110650858996,2.03960834987
ve_re1_n64_t30,16.88,0.0110650779704,2.03961302212
ve_re1_n64_t30,16.888,0.0110650700682,2.03961767831
ve_re1_n64_t30,16.896,0.0110650621928,2.03962231849
ve_re1_n64_t30,16.904,0.0110650543443,2.03962694272
ve_re1_n64_t30,16.912,0.0110650465225,2.03963155106
ve_re1_n64_t30,16.92,0.0110650387273,2.03963614356
ve_re1_n64_t30,16.928,0.0110650309587,2.03964072028
ve_re1_n64_t30,16.936,0.0110650232166,2.03964528126
ve_re1_n64_t30,16.944,0.0110650155008,2.03964982656
ve_re1_n64_t30,16.952,0.0110650078113,2.03965435623
ve_re1_n64_t30,16.96,0.011065000148,2.03965887033
ve_re1_n64_t30,16.968,0.0110649925108,2.03966336892
ve_re1_n64_t30,16.976,0.0110649848996,2.03966785204
ve_re1_n64_t30,16.984,0.0110649773144,2.03967231974
ve_re1_n64_t30,16.992,0.0110649697549,2.03967677209
ve_re1_n64_t30,17,0.0110649622213,2.03968120912
ve_re1_n64_t30,17.008,0.0110649547133,2.0396856309
ve_re1_n64_t30,17.016,0.0110649472309,2.03969003748
ve_re1_n64_t30,17.024,0.011064939774,2.0396944289
ve_re1_n64_t30,17.032,0.0110649323425,2.03969880522
ve_re1_n64_t30,17.04,0.0110649249363,2.0397031665
ve_re1_n64_t30,17.048,0.0110649175554,2.03970751277
ve_re1_n64_t30,17.056,0.0110649101996,2.03971184411
ve_re1_n64_t30,17.064,0.0110649028689,2.03971616054
ve_re1_n64_t30,17.072,0.0110648955632,2.03972046213
ve_re1_n64_t30,17.08,0.0110648882824,2.03972474893
ve_re1_n64_t30,17.088,0.0110648810264,2.03972902098
ve_re1_n64_t30,17.096,0.0110648737951,2.03973327834
ve_re1_n64_t30,17.104,0.0110648665885,2.03973752105
ve_re1_n64_t30,17.112,0.0110648594065,2.03974174918
ve_re1_n64_t30,17.12,0.0110648522489,2.03974596276
ve_re1_n64_t30,17.128,0.0110648451158,2.03975016184
ve_re1_n64_t30,17.136,0.011064838007,2.03975434649
ve_re1_n64_t30,17.144,0.0110648309224,2.03975851673
ve_re1_n64_t30,17.152,0.011064823862,2.03976267263
ve_re1_n64_t30,17.16,0.0110648168257,2.03976681424
ve_re1_n64_t30,17.168,0.0110648098133,2.03977094159
ve_re1_n64_t30,17.176,0.0110648028249,2.03977505475
ve_re1_n64_t30,17.184,0.0110647958603,2.03977915376
ve_re1_n64_t30,17.192,0.0110647889195,2.03978323866
ve_re1_n64_t30,17.2,0.0110647820023,2.0397873095
ve_re1_n64_t30,17.208,0.0110647751088,2.03979136635
ve_re1_n64_t30,17.216,0.0110647682388,2.03979540923
ve_re1_n64_t30,17.224,0.0110647613922,2.0397994382
ve_re1_n64_t30,17.232,0.0110647545689,2.0398034533
ve_re1_n64_t30,17.24,0.011064747769,2.03980745459
ve_re1_n64_t30,17.248,0.0110647409923,2.03981144211
ve_re1_n64_t30,17.256,0.0110647342386,2.03981541591
ve_re1_n64_t30,17.264,0.0110647275081,2.03981937603
ve_re1_n64_t30,17.272,0.0110647208005,2.03982332252
ve_re1_n64_t30,17.28,0.0110647141158,2.03982725543
ve_re1_n64_t30,17.288,0.0110647074539,2.03983117481
ve_re1_n64_t30,17.296,0.0110647008147,2.03983508069
ve_re1_n64_t30,17.304,0.0110646941982,2.03983897313
ve_re1_n64_t30,17.312,0.0110646876043,2.03984285217
ve_re1_n64_t30,17.32,0.0110646810329,2.03984671786
ve_re1_n64_t30,17.328,0.011064674484,2.03985057024
ve_re1_n64_t30,17.336,0.0110646679574,2.03985440935
ve_re1_n64_t30,17.344,0.011064661453,2.03985823526
ve_re1_n64_t30,17.352,0.0110646549709,2.03986204799
ve_re1_n64_t30,17.36,0.0110646485109,2.03986584759
ve_re1_n64_t30,17.368,0.011064642073,2.03986963412
ve_re1_n64_t30,17.376,0.011064635657,2.0398734076
ve_re1_n64_t30,17.384,0.011064629263,2.0398771681
ve_re1_n64_t30,17.392,0.0110646228907,2.03988091564
ve_re1_n64_t30,17.4,0.0110646165403,2.03988465028
ve_re1_n64_t30,17.408,0.0110646102115,2.03988837206
ve_re1_n64_t30,17.416,0.0110646039043,2.03989208103
ve_re1_n64_t30,17.424,0.0110645976186,2.03989577722
ve_re1_n64_t30,17.432,0.0110645913545,2.03989946069
ve_re1_n64_t30,17.44,0.0110645851117,2.03990313147
ve_re1_n64_t30,17.448,0.0110645788902,2.03990678961
ve_re1_n64_t30,17.456,0.01106457269,2.03991043515
ve_re1_n64_t30,17.464,0.0110645665109,2.03991406813
ve_re1_n64_t30,17.472,0.0110645603529,2.03991768861
ve_re1_n64_t30,17.48,0.011064554216,2.03992129661
ve_re1_n64_t30,17.488,0.0110645481,2.03992489219
ve_re1_n64_t30,17.496,0.0110645420049,2.03992847538
ve_re1_n64_t30,17.504,0.0110645359306,2.03993204623
ve_re1_n64_t30,17.512,0.0110645298771,2.03993560478
ve_re1_n64_t30,17.52,0.0110645238442,2.03993915107
ve_re1_n64_t30,17.528,0.0110645178319,2.03994268515
ve_re1_n64_t30,17.536,0.0110645118402,2.03994620705
ve_re1_n64_t30,17.544,0.0110645058689,2.03994971682
ve_re1_n64_t30,17.552,0.011064499918,2.0399532145
ve_re1_n64_t30,17.56,0.0110644939874,2.03995670013
ve_re1_n64_t30,17.568,0.0110644880771,2.03996017375
ve_re1_n64_t30,17.576,0.011064482187,2.03996363541
ve_re1_n64_t30,17.584,0.0110644763169,2.03996708514
ve_re1_n64_t30,17.592,0.011064470467,2.03997052299
ve_re1_n64_t30,17.6,0.011064464637,2.03997394899
ve_re1_n64_t30,17.608,0.0110644588269,2.03997736319
ve_re1_n64_t30,17.616,0.0110644530366,2.03998076563
ve_re1_n64_t30,17.624,0.0110644472661,2.03998415635
ve_re1_n64_t30,17.632,0.0110644415154,2.03998753538
ve_re1_n64_t30,17.64,0.0110644357843,2.03999090277
ve_re1_n64_t30,17.648,0.0110644300727,2.03999425856
ve_re1_n64_t30,17.656,0.0110644243807,2.03999760279
ve_re1_n64_t30,17.664,0.0110644187081,2.0400009355
ve_re1_n64_t30,17.672,0.0110644130548,2.04000425672
ve_re1_n64_t30,17.68,0.0110644074209,2.0400075665
ve_re1_n64_t30,17.688,0.0110644018062,2.04001086488
ve_re1_n64_t30,17.696,0.0110643962107,2.04001415189
ve_re1_n64_t30,17.704,0.0110643906343,2.04001742757
ve_re1_n64_t30,17.712,0.011064385077,2.04002069197
ve_re1_n64_t30,17.72,0.0110643795386,2.04002394513
ve_re1_n64_t30,17.728,0.0110643740192,2.04002718707
ve_re1_n64_t30,17.736,0.0110643685186,2.04003041784
ve_re1_n64_t30,17.744,0.0110643630368,2.04003363749
ve_re1_n64_t30,17.752,0.0110643575737,2.04003684603
ve_re1_n64_t30,17.76,0.0110643521293,2.04004004353
ve_re1_n64_t30,17.768,0.0110643467035,2.04004323
ve_re1_n64_t30,17.776,0.0110643412962,2.0400464055
ve_re1_n64_t30,17.784,0.0110643359074,2.04004957005
ve_re1_n64_t30,17.792,0.011064330537,2.0400527237
ve_re1_n64_t30,17.8,0.0110643251849,2.04005586648
ve_re1_n64_t30,17.808,0.0110643198511,2.04005899844
ve_re1_n64_t30,17.816,0.0110643145356,2.0400621196
ve_re1_n64_t30,17.824,0.0110643092382,2.04006523001
ve_re1_n64_t30,17.832,0.0110643039589,2.0400683297
ve_re1_n64_t30,17.84,0.0110642986976,2.04007141871
ve_re1_n64_t30,17.848,0.0110642934543,2.04007449708
ve_re1_n64_t30,17.856,0.011064288229,2.04007756483
ve_re1_n64_t30,17.864,0.0110642830215,2.04008062202
ve_re1_n64_t30,17.872,0.0110642778318,2.04008366867
ve_re1_n64_t30,17.88,0.0110642726598,2.04008670483
ve_re1_n64_t30,17.888,0.0110642675055,2.04008973052
ve_re1_n64_t30,17.896,0.0110642623688,2.04009274578
ve_re1_n64_t30,17.904,0.0110642572496,2.04009575066
ve_re1_n64_t30,17.912,0.011064252148,2.04009874518
ve_re1_n64_t30,17.92,0.0110642470638,2.04010172938
ve_re1_n64_t30,17.928,0.011064241997,2.0401047033
ve_re1_n64_t30,17.936,0.0110642369474,2.04010766697
ve_re1_n64_t30,17.944,0.0110642319152,2.04011062042
ve_re1_n64_t30,17.952,0.0110642269001,2.0401135637
ve_re1_n64_t30,17.96,0.0110642219022,2.04011649683
ve_re1_n64_t30,17.968,0.0110642169214,2.04011941986
ve_re1_n64_t30,17.976,0.0110642119576,2.04012233281
ve_re1_n64_t30,17.984,0.0110642070108,2.04012523572
ve_re1_n64_t30,17.992,0.0110642020808,2.04012812863
ve_re1_n64_t30,18,0.0110641971678,2.04013101157
ve_re1_n64_t30,18.008,0.0110641922715,2.04013388457
ve_re1_n64_t30,18.016,0.011064187392,2.04013674767
ve_re1_n64_t30,18.024,0.0110641825291,2.04013960091
ve_re1_n64_t30,18.032,0.0110641776829,2.04014244431
ve_re1_n64_t30,18.04,0.0110641728532,2.0401452779
ve_re1_n64_t30,18.048,0.0110641680401,2.04014810173
ve_re1_n64_t30,18.056,0.0110641632434,2.04015091583
ve_re1_n64_t30,18.064,0.0110641584631,2.04015372023
ve_re1_n64_t30,18.072,0.0110641536992,2.04015651496
ve_re1_n64_t30,18.08,0.0110641489516,2.04015930006
ve_re1_n64_t30,18.088,0.0110641442201,2.04016207556
ve_re1_n64_t30,18.096,0.0110641395049,2.04016484149
ve_re1_n64_t30,18.104,0.0110641348058,2.04016759788
ve_re1_n64_t30,18.112,0.0110641301228,2.04017034478
ve_re1_n64_t30,18.12,0.0110641254558,2.0401730822
ve_re1_n64_t30,18.128,0.0110641208047,2.04017581019
ve_re1_n64_t30,18.136,0.0110641161695,2.04017852877
ve_re1_n64_t30,18.144,0.0110641115502,2.04018123798
ve_re1_n64_t30,18.152,0.0110641069467,2.04018393785
ve_re1_n64_t30,18.16,0.011064102359,2.04018662841
ve_re1_n64_t30,18.168,0.0110640977869,2.04018930969
ve_re1_n64_t30,18.176,0.0110640932305,2.04019198173
ve_re1_n64_t30,18.184,0.0110640886896,2.04019464456
ve_re1_n64_t30,18.192,0.0110640841643,2.04019729821
ve_re1_n64_t30,18.2,0.0110640796545,2.0401999427
ve_re1_n64_t30,18.208,0.0110640751601,2.04020257808
ve_re1_n64_t30,18.216,0.011064070681,2.04020520437
ve_re1_n64_t30,18.224,0.0110640662173,2.04020782161
ve_re1_n64_t30,18.232,0.0110640617688,2.04021042981
ve_re1_n64_t30,18.24,0.0110640573356,2.04021302903
ve_re1_n64_t30,18.248,0.0110640529175,2.04021561928
ve_re1_n64_t30,18.256,0.0110640485146,2.0402182006
ve_re1_n64_t30,18.264,0.0110640441267,2.04022077302
ve_re1_n64_t30,18.272,0.0110640397538,2.04022333657
ve_re1_n64_t30,18.28,0.0110640353959,2.04022589127
ve_re1_n64_t30,18.288,0.0110640310528,2.04022843717
ve_re1_n64_t30,18.296,0.0110640267247,2.04023097428
ve_re1_n64_t30,18.304,0.0110640224113,2.04023350265
ve_re1_n64_t30,18.312,0.0110640181127,2.04023602229
ve_re1_n64_t30,18.32,0.0110640138288,2.04023853325
ve_re1_n64_t30,18.328,0.0110640095595,2.04024103555
ve_re1_n64_t30,18.336,0.0110640053049,2.04024352921
ve_re1_n64_t30,18.344,0.0110640010648,2.04024601427
ve_re1_n64_t30,18.352,0.0110639968392,2.04024849077
ve_re1_n64_t30,18.36,0.011063992628,2.04025095872
ve_re1_n64_t30,18.368,0.0110639884313,2.04025341816
ve_re1_n64_t30,18.376,0.0110639842489,2.04025586911
ve_re1_n64_t30,18.384,0.0110639800808,2.04025831162
ve_re1_n64_t30,18.392,0.011063975927,2.04026074569
ve_re1_n64_t30,18.4,0.0110639717874,2.04026317138
ve_re1_n64_t30,18.408,0.0110639676619,2.04026558869
ve_re1_n64_t30,18.416,0.0110639635506,2.04026799767
ve_re1_n64_t30,18.424,0.0110639594533,2.04027039834
ve_re1_n64_t30,18.432,0.01106395537,2.04027279072
ve_re1_n64_t30,18.44,0.0110639513007,2.04027517486
ve_re1_n64_t30,18.448,0.0110639472454,2.04027755077
ve_re1_n64_t30,18.456,0.0110639432039,2.04027991848
ve_re1_n64_t30,18.464,0.0110639391762,2.04028227803
ve_re1_n64_t30,18.472,0.0110639351623,2.04028462944
ve_re1_n64_t30,18.48,0.0110639311621,2.04028697274
ve_re1_n64_t30,18.488,0.0110639271756,2.04028930796
ve_re1_n64_t30,18.496,0.0110639232027,2.04029163512
ve_re1_n64_t30,18.504,0.0110639192434,2.04029395425
ve_re1_n64_t30,18.512,0.0110639152977,2.04029626538
ve_re1_n64_t30,18.52,0.0110639113655,2.04029856854
ve_re1_n64_t30,18.528,0.0110639074467,2.04030086376
ve_re1_n64_t30,18.536,0.0110639035413,2.04030315106
ve_re1_n64_t30,18.544,0.0110638996493,2.04030543047
ve_re1_n64_t30,18.552,0.0110638957706,2.04030770202
ve_re1_n64_t30,18.56,0.0110638919051,2.04030996573
ve_re1_n64_t30,18.568,0.0110638880529,2.04031222163
ve_re1_n64_t30,18.576,0.0110638842139,2.04031446975
ve_re1_n64_t30,18.584,0.011063880388,2.04031671012
ve_re1_n64_t30,18.592,0.0110638765752,2.04031894276
ve_re1_n64_t30,18.6,0.0110638727754,2.0403211677
ve_re1_n64_t30,18.608,0.0110638689886,2.04032338496
ve_re1_n64_t30,18.616,0.0110638652148,2.04032559457
ve_re1_n64_t30,18.624,0.0110638614539,2.04032779657
ve_re1_n64_t30,18.632,0.0110638577059,2.04032999096
ve_re1_n64_t30,18.64,0.0110638539707,2.04033217779
ve_re1_n64_t30,18.648,0.0110638502482,2.04033435707
ve_re1_n64_t30,18.656,0.0110638465386,2.04033652884
ve_re1_n64_t30,18.664,0.0110638428416,2.04033869311
ve_re1_n64_t30,18.672,0.0110638391572,2.04034084992
ve_re1_n64_t30,18.68,0.0110638354855,2.04034299929
ve_re1_n64_t30,18.688,0.0110638318263,2.04034514125
ve_re1_n64_t30,18.696,0.0110638281797,2.04034727581
ve_re1_n64_t30,18.704,0.0110638245455,2.04034940302
ve_re1_n64_t30,18.712,0.0110638209238,2.04035152288
ve_re1_n64_t30,18.72,0.0110638173145,2.04035363543
ve_re1_n64_t30,18.728,0.0110638137176,2.04035574069
ve_re1_n64_t30,18.736,0.0110638101329,2.04035783869
ve_re1_n64_t30,18.744,0.0110638065606,2.04035992946
ve_re1_n64_t30,18.752,0.0110638030004,2.04036201301
ve_re1_n64_t30,18.76,0.0110637994525,2.04036408937
ve_re1_n64_t30,18.768,0.0110637959167,2.04036615857
ve_re1_n64_t30,18.776,0.011063792393,2.04036822063
ve_re1_n64_t30,18.784,0.0110637888814,2.04037027557
ve_re1_n64_t30,18.792,0.0110637853819,2.04037232343
ve_re1_n64_t30,18.8,0.0110637818943,2.04037436422
ve_re1_n64_t30,18.808,0.0110637784187,2.04037639797
ve_re1_n64_t30,18.816,0.0110637749549,2.0403784247
ve_re1_n64_t30,18.824,0.0110637715031,2.04038044444
ve_re1_n64_t30,18.832,0.0110637680631,2.04038245721
ve_re1_n64_t30,18.84,0.0110637646349,2.04038446304
ve_re1_n64_t30,18.848,0.0110637612184,2.04038646194
ve_re1_n64_t30,18.856,0.0110637578136,2.04038845395
ve_re1_n64_t30,18.864,0.0110637544206,2.04039043908
ve_re1_n64_t30,18.872,0.0110637510391,2.04039241736
ve_re1_n64_t30,18.88,0.0110637476693,2.04039438882
ve_re1_n64_t30,18.888,0.011063744311,2.04039635347
ve_re1_n64_t30,18.896,0.0110637409642,2.04039831135
ve_re1_n64_t30,18.904,0.0110637376289,2.04040026246
ve_re1_n64_t30,18.912,0.011063734305,2.04040220685
ve_re1_n64_t30,18.92,0.0110637309926,2.04040414452
ve_re1_n64_t30,18.928,0.0110637276915,2.04040607551
ve_re1_n64_t30,18.936,0.0110637244017,2.04040799983
ve_re1_n64_t30,18.944,0.0110637211233,2.04040991751
ve_re1_n64_t30,18.952,0.011063717856,2.04041182857
ve_re1_n64_t30,18.96,0.0110637146,2.04041373304
ve_re1_n64_t30,18.968,0.0110637113552,2.04041563093
ve_re1_n64_t30,18.976,0.0110637081215,2.04041752228
ve_re1_n64_t30,18.984,0.0110637048989,2.04041940709
ve_re1_n64_t30,18.992,0.0110637016873,2.0404212854
ve_re1_n64_t30,19,0.0110636984868,2.04042315723
ve_re1_n64_t30,19.008,0.0110636952973,2.04042502259
ve_re1_n64_t30,19.016,0.0110636921187,2.04042688152
ve_re1_n64_t30,19.024,0.011063688951,2.04042873403
ve_re1_n64_t30,19.032,0.0110636857942,2.04043058015
ve_re1_n64_t30,19.04,0.0110636826483,2.04043241989
ve_re1_n64_t30,19.048,0.0110636795131,2.04043425329
ve_re1_n64_t30,19.056,0.0110636763887,2.04043608035
ve_re1_n64_t30,19.064,0.011063673275,2.04043790111
ve_re1_n64_t30,19.072,0.0110636701721,2.04043971558
ve_re1_n64_t30,19.08,0.0110636670798,2.04044152379
ve_re1_n64_t30,19.088,0.0110636639981,2.04044332575
ve_re1_n64_t30,19.096,0.011063660927,2.0404451215
ve_re1_n64_t30,19.104,0.0110636578664,2.04044691104
ve_re1_n64_t30,19.112,0.0110636548164,2.04044869441
ve_re1_n64_t30,19.12,0.0110636517768,2.04045047162
ve_re1_n64_t30,19.128,0.0110636487477,2.04045224269
ve_re1_n64_t30,19.136,0.0110636457289,2.04045400765
ve_re1_n64_t30,19.144,0.0110636427206,2.04045576652
ve_re1_n64_t30,19.152,0.0110636397225,2.04045751932
ve_re1_n64_t30,19.16,0.0110636367348,2.04045926606
ve_re1_n64_t30,19.168,0.0110636337573,2.04046100677
ve_re1_n64_t30,19.176,0.0110636307901,2.04046274148
ve_re1_n64_t30,19.184,0.0110636278331,2.04046447019
ve_re1_n64_t30,19.192,0.0110636248862,2.04046619293
ve_re1_n64_t30,19.2,0.0110636219494,2.04046790973
ve_re1_n64_t30,19.208,0.0110636190227,2.0404696206
ve_re1_n64_t30,19.216,0.0110636161061,2.04047132556
ve_re1_n64_t30,19.224,0.0110636131995,2.04047302463
ve_re1_n64_t30,19.232,0.0110636103028,2.04047471784
ve_re1_n64_t30,19.24,0.0110636074161,2.0404764052
ve_re1_n64_t30,19.248,0.0110636045394,2.04047808673
ve_re1_n64_t30,19.256,0.0110636016725,2.04047976246
ve_re1_n64_t30,19.264,0.0110635988154,2.0404814324
ve_re1_n64_t30,19.272,0.0110635959682,2.04048309657
ve_re1_n64_t30,19.28,0.0110635931307,2.040484755
ve_re1_n64_t30,19.288,0.011063590303,2.0404864077
ve_re1_n64_t30,19.296,0.011063587485,2.04048805469
ve_re1_n64_t30,19.304,0.0110635846767,2.040489696
ve_re1_n64_t30,19.312,0.0110635818781,2.04049133163
ve_re1_n64_t30,19.32,0.011063579089,2.04049296162
ve_re1_n64_t30,19.328,0.0110635763095,2.04049458598
ve_re1_n64_t30,19.336,0.0110635735396,2.04049620472
ve_re1_n64_t30,19.344,0.0110635707792,2.04049781788
ve_re1_n64_t30,19.352,0.0110635680283,2.04049942547
ve_re1_n64_t30,19.36,0.0110635652868,2.0405010275
ve_re1_n64_t30,19.368,0.0110635625547,2.040502624
ve_re1_n64_t30,19.376,0.0110635598321,2.04050421498
ve_re1_n64_t30,19.384,0.0110635571188,2.04050580047
ve_re1_n64_t30,19.392,0.0110635544148,2.04050738048
ve_re1_n64_t30,19.4,0.0110635517201,2.04050895504
ve_re1_n64_t30,19.408,0.0110635490346,2.04051052416
ve_re1_n64_t30,19.416,0.0110635463584,2.04051208785
ve_re1_n64_t30,19.424,0.0110635436914,2.04051364615
ve_re1_n64_t30,19.432,0.0110635410335,2.04051519906
ve_re1_n64_t30,19.44,0.0110635383848,2.04051674661
ve_re1_n64_t30,19.448,0.0110635357452,2.04051828881
ve_re1_n64_t30,19.456,0.0110635331147,2.04051982568
ve_re1_n64_t30,19.464,0.0110635304932,2.04052135725
ve_re1_n64_t30,19.472,0.0110635278807,2.04052288352
ve_re1_n64_t30,19.48,0.0110635252772,2.04052440452
ve_re1_n64_t30,19.488,0.0110635226826,2.04052592027
ve_re1_n64_t30,19.496,0.011063520097,2.04052743078
ve_re1_n64_t30,19.504,0.0110635175202,2.04052893607
ve_re1_n64_t30,19.512,0.0110635149523,2.04053043616
ve_re1_n64_t30,19.52,0.0110635123933,2.04053193107
ve_re1_n64_t30,19.528,0.011063509843,2.04053342081
ve_re1_n64_t30,19.536,0.0110635073015,2.04053490541
ve_re1_n64_t30,19.544,0.0110635047688,2.04053638488
ve_re1_n64_t30,19.552,0.0110635022448,2.04053785923
ve_re1_n64_t30,19.56,0.0110634997294,2.04053932849
ve_re1_n64_t30,19.568,0.0110634972227,2.04054079268
ve_re1_n64_t30,19.576,0.0110634947246,2.0405422518
ve_re1_n64_t30,19.584,0.0110634922351,2.04054370589
ve_re1_n64_t30,19.592,0.0110634897542,2.04054515495
ve_re1_n64_t30,19.6,0.0110634872818,2.040546599
ve_re1_n64_t30,19.608,0.0110634848179,2.04054803806
ve_re1_n64_t30,19.616,0.0110634823624,2.04054947215
ve_re1_n64_t30,19.624,0.0110634799155,2.04055090129
ve_re1_n64_t30,19.632,0.0110634774769,2.04055232548
ve_re1_n64_t30,19.64,0.0110634750467,2.04055374475
ve_re1_n64_t30,19.648,0.0110634726249,2.04055515912
ve_re1_n64_t30,19.656,0.0110634702114,2.04055656861
ve_re1_n64_t30,19.664,0.0110634678063,2.04055797322
ve_re1_n64_t30,19.672,0.0110634654094,2.04055937297
ve_re1_n64_t30,19.68,0.0110634630207,2.04056076789
ve_re1_n64_t30,19.688,0.0110634606403,2.04056215799
ve_re1_n64_t30,19.696,0.011063458268,2.04056354328
ve_re1_n64_t30,19.704,0.0110634559039,2.04056492379
ve_re1_n64_t30,19.712,0.011063453548,2.04056629952
ve_re1_n64_t30,19.72,0.0110634512001,2.0405676705
ve_re1_n64_t30,19.728,0.0110634488604,2.04056903674
ve_re1_n64_t30,19.736,0.0110634465286,2.04057039826
ve_re1_n64_t30,19.744,0.011063444205,2.04057175507
ve_re1_n64_t30,19.752,0.0110634418893,2.04057310719
ve_re1_n64_t30,19.76,0.0110634395815,2.04057445464
ve_re1_n64_t30,19.768,0.0110634372817,2.04057579743
ve_re1_n64_t30,19.776,0.0110634349899,2.04057713558
ve_re1_n64_t30,19.784,0.0110634327059,2.0405784691
ve_re1_n64_t30,19.792,0.0110634304297,2.04057979801
ve_re1_n64_t30,19.8,0.0110634281614,2.04058112233
ve_re1_n64_t30,19.808,0.0110634259009,2.04058244207
ve_re1_n64_t30,19.816,0.0110634236482,2.04058375725
ve_re1_n64_t30,19.824,0.0110634214033,2.04058506788
ve_re1_n64_t30,19.832,0.011063419166,2.04058637398
ve_re1_n64_t30,19.84,0.0110634169365,2.04058767557
ve_re1_n64_t30,19.848,0.0110634147146,2.04058897265
ve_re1_n64_t30,19.856,0.0110634125004,2.04059026525
ve_re1_n64_t30,19.864,0.0110634102938,2.04059155338
ve_re1_n64_t30,19.872,0.0110634080948,2.04059283706
ve_re1_n64_t30,19.88,0.0110634059034,2.0405941163
ve_re1_n64_t30,19.888,0.0110634037195,2.04059539111
ve_re1_n64_t30,19.896,0.0110634015431,2.04059666152
ve_re1_n64_t30,19.904,0.0110633993742,2.04059792753
ve_re1_n64_t30,19.912,0.0110633972128,2.04059918917
ve_re1_n64_t30,19.92,0.0110633950588,2.04060044645
ve_re1_n64_t30,19.928,0.0110633929123,2.04060169937
ve_re1_n64_t30,19.936,0.0110633907731,2.04060294797
ve_re1_n64_t30,19.944,0.0110633886413,2.04060419224
ve_re1_n64_t30,19.952,0.0110633865168,2.04060543221
ve_re1_n64_t30,19.96,0.0110633843996,2.0406066679
ve_re1_n64_t30,19.968,0.0110633822897,2.04060789931
ve_re1_n64_t30,19.976,0.0110633801871,2.04060912647
ve_re1_n64_t30,19.984,0.0110633780918,2.04061034938
ve_re1_n64_t30,19.992,0.0110633760036,2.04061156806
ve_re1_n64_t30,20,0.0110633739226,2.04061278252
ve_re1_n64_t30,20.008,0.0110633718488,2.04061399279
ve_re1_n64_t30,20.016,0.0110633697822,2.04061519887
ve_re1_n64_t30,20.024,0.0110633677226,2.04061640078
ve_re1_n64_t30,20.032,0.0110633656702,2.04061759853
ve_re1_n64_t30,20.04,0.0110633636248,2.04061879214
ve_re1_n64_t30,20.048,0.0110633615864,2.04061998162
ve_re1_n64_t30,20.056,0.0110633595551,2.04062116698
ve_re1_n64_t30,20.064,0.0110633575307,2.04062234825
ve_re1_n64_t30,20.072,0.0110633555134,2.04062352543
ve_re1_n64_t30,20.08,0.0110633535029,2.04062469854
ve_re1_n64_t30,20.088,0.0110633514994,2.0406258676
ve_re1_n64_t30,20.096,0.0110633495028,2.04062703261
ve_re1_n64_t30,20.104,0.0110633475131,2.04062819358
ve_re1_n64_t30,20.112,0.0110633455303,2.04062935055
ve_re1_n64_t30,20.12,0.0110633435542,2.04063050351
ve_re1_n64_t30,20.128,0.011063341585,2.04063165248
ve_re1_n64_t30,20.136,0.0110633396225,2.04063279748
ve_re1_n64_t30,20.144,0.0110633376668,2.04063393852
ve_re1_n64_t30,20.152,0.0110633357179,2.04063507562
ve_re1_n64_t30,20.16,0.0110633337756,2.04063620878
ve_re1_n64_t30,20.168,0.01106333184,2.04063733802
ve_re1_n64_t30,20.176,0.0110633299111,2.04063846335
ve_re1_n64_t30,20.184,0.0110633279889,2.04063958479
ve_re1_n64_t30,20.192,0.0110633260733,2.04064070235
ve_re1_n64_t30,20.2,0.0110633241642,2.04064181605
ve_re1_n64_t30,20.208,0.0110633222618,2.04064292589
ve_re1_n64_t30,20.216,0.0110633203659,2.0406440319
ve_re1_n64_t30,20.224,0.0110633184765,2.04064513408
ve_re1_n64_t30,20.232,0.0110633165936,2.04064623244
ve_re1_n64_t30,20.24,0.0110633147173,2.04064732701
ve_re1_n64_t30,20.248,0.0110633128473,2.04064841779
ve_re1_n64_t30,20.256,0.0110633109839,2.0406495048
ve_re1_n64_t30,20.264,0.0110633091268,2.04065058805
ve_re1_n64_t30,20.272,0.0110633072762,2.04065166755
ve_re1_n64_t30,20.28,0.0110633054319,2.04065274331
ve_re1_n64_t30,20.288,0.011063303594,2.04065381536
ve_re1_n64_t30,20.296,0.0110633017624,2.0406548837
ve_re1_n64_t30,20.304,0.0110632999371,2.04065594834
ve_re1_n64_t30,20.312,0.0110632981181,2.04065700929
ve_re1_n64_t30,20.32,0.0110632963053,2.04065806658
ve_re1_n64_t30,20.328,0.0110632944989,2.04065912021
ve_re1_n64_t30,20.336,0.0110632926986,2.0406601702
ve_re1_n64_t30,20.344,0.0110632909045,2.04066121655
ve_re1_n64_t30,20.352,0.0110632891167,2.04066225928
ve_re1_n64_t30,20.36,0.0110632873349,2.04066329841
ve_re1_n64_t30,20.368,0.0110632855594,2.04066433394
ve_re1_n64_t30,20.376,0.0110632837899,2.04066536589
ve_re1_n64_t30,20.384,0.0110632820265,2.04066639427
ve_re1_n64_t30,20.392,0.0110632802692,2.04066741909
ve_re1_n64_t30,20.4,0.011063278518,2.04066844037
ve_re1_n64_t30,20.408,0.0110632767728,2.04066945811
ve_re1_n64_t30,20.416,0.0110632750336,2.04067047234
ve_re1_n64_t30,20.424,0.0110632733004,2.04067148305
ve_re1_n64_t30,20.432,0.0110632715732,2.04067249027
ve_re1_n64_t30,20.44,0.0110632698519,2.040673494
ve_re1_n64_t30,20.448,0.0110632681366,2.04067449426
ve_re1_n64_t30,20.456,0.0110632664272,2.04067549106
ve_re1_n64_t30,20.464,0.0110632647236,2.04067648441
ve_re1_n64_t30,20.472,0.0110632630259,2.04067747433
ve_re1_n64_t30,20.48,0.0110632613341,2.04067846082
ve_re1_n64_t30,20.488,0.0110632596481,2.0406794439
ve_re1_n64_t30,20.496,0.011063257968,2.04068042357
ve_re1_n64_t30,20.504,0.0110632562936,2.04068139986
ve_re1_n64_t30,20.512,0.0110632546249,2.04068237277
ve_re1_n64_t30,20.52,0.0110632529621,2.04068334231
ve_re1_n64_t30,20.528,0.0110632513049,2.0406843085
ve_re1_n64_t30,20.536,0.0110632496535,2.04068527135
ve_re1_n64_t30,20.544,0.0110632480078,2.04068623086
ve_re1_n64_t30,20.552,0.0110632463677,2.04068718706
ve_re1_n64_t30,20.56,0.0110632447333,2.04068813995
ve_re1_n64_t30,20.568,0.0110632431045,2.04068908954
ve_re1_n64_t30,20.576,0.0110632414813,2.04069003585
ve_re1_n64_t30,20.584,0.0110632398638,2.04069097888
ve_re1_n64_t30,20.592,0.0110632382518,2.04069191865
ve_re1_n64_t30,20.6,0.0110632366453,2.04069285516
ve_re1_n64_t30,20.608,0.0110632350444,2.04069378844
ve_re1_n64_t30,20.616,0.011063233449,2.04069471849
ve_re1_n64_t30,20.624,0.0110632318591,2.04069564532
ve_re1_n64_t30,20.632,0.0110632302747,2.04069656894
ve_re1_n64_t30,20.64,0.0110632286957,2.04069748937
ve_re1_n64_t30,20.648,0.0110632271222,2.04069840661
ve_re1_n64_t30,20.656,0.0110632255541,2.04069932068
ve_re1_n64_t30,20.664,0.0110632239914,2.04070023159
ve_re1_n64_t30,20.672,0.0110632224341,2.04070113935
ve_re1_n64_t30,20.68,0.0110632208822,2.04070204396
ve_re1_n64_t30,20.688,0.0110632193356,2.04070294545
ve_re1_n64_t30,20.696,0.0110632177944,2.04070384381
ve_re1_n64_t30,20.704,0.0110632162584,2.04070473907
ve_re1_n64_t30,20.712,0.0110632147278,2.04070563123
ve_re1_n64_t30,20.72,0.0110632132024,2.0407065203
ve_re1_n64_t30,20.728,0.0110632116823,2.0407074063
ve_re1_n64_t30,20.736,0.0110632101674,2.04070828923
ve_re1_n64_t30,20.744,0.0110632086578,2.0407091691
ve_re1_n64_t30,20.752,0.0110632071533,2.04071004593
ve_re1_n64_t30,20.76,0.0110632056541,2.04071091973
ve_re1_n64_t30,20.768,0.01106320416,2.0407117905
ve_re1_n64_t30,20.776,0.011063202671,2.04071265826
ve_re1_n64_t30,20.784,0.0110632011872,2.04071352302
ve_re1_n64_t30,20.792,0.0110631997085,2.04071438479
ve_re1_n64_t30,20.8,0.0110631982349,2.04071524357
ve_re1_n64_t30,20.808,0.0110631967664,2.04071609938
ve_re1_n64_t30,20.816,0.0110631953029,2.04071695223
ve_re1_n64_t30,20.824,0.0110631938445,2.04071780213
ve_re1_n64_t30,20.832,0.0110631923911,2.04071864909
ve_re1_n64_t30,20.84,0.0110631909427,2.04071949312
ve_re1_n64_t30,20.848,0.0110631894993,2.04072033422
ve_re1_n64_t30,20.856,0.0110631880609,2.04072117242
ve_re1_n64_t30,20.864,0.0110631866275,2.04072200771
ve_re1_n64_t30,20.872,0.0110631851989,2.04072284012
ve_re1_n64_t30,20.88,0.0110631837754,2.04072366964
ve_re1_n64_t30,20.888,0.0110631823567,2.0407244963
ve_re1_n64_t30,20.896,0.0110631809429,2.04072532009
ve_re1_n64_t30,20.904,0.011063179534,2.04072614103
ve_re1_n64_t30,20.912,0.0110631781299,2.04072695913
ve_re1_n64_t30,20.92,0.0110631767307,2.0407277744
ve_re1_n64_t30,20.928,0.0110631753363,2.04072858685
ve_re1_n64_t30,20.936,0.0110631739467,2.04072939649
ve_re1_n64_t30,20.944,0.0110631725619,2.04073020332
ve_re1_n64_t30,20.952,0.0110631711819,2.04073100737
ve_re1_n64_t30,20.96,0.0110631698066,2.04073180863
ve_re1_n64_t30,20.968,0.0110631684361,2.04073260711
ve_re1_n64_t30,20.976,0.0110631670703,2.04073340284
ve_re1_n64_t30,20.984,0.0110631657092,2.04073419581
ve_re1_n64_t30,20.992,0.0110631643528,2.04073498603
ve_re1_n64_t30,21,0.0110631630011,2.04073577352
ve_re1_n64_t30,21.008,0.011063161654,2.04073655829
ve_re1_n64_t30,21.016,0.0110631603116,2.04073734034
ve_re1_n64_t30,21.024,0.0110631589738,2.04073811968
ve_re1_n64_t30,21.032,0.0110631576407,2.04073889633
ve_re1_n64_t30,21.04,0.0110631563121,2.04073967028
ve_re1_n64_t30,21.048,0.0110631549881,2.04074044156
ve_re1_n64_t30,21.056,0.0110631536687,2.04074121017
ve_re1_n64_t30,21.064,0.0110631523538,2.04074197612
ve_re1_n64_t30,21.072,0.0110631510434,2.04074273942
ve_re1_n64_t30,21.08,0.0110631497376,2.04074350007
ve_re1_n64_t30,21.088,0.0110631484363,2.0407442581
ve_re1_n64_t30,21.096,0.0110631471394,2.0407450135
ve_re1_n64_t30,21.104,0.0110631458471,2.04074576628
ve_re1_n64_t30,21.112,0.0110631445592,2.04074651646
ve_re1_n64_t30,21.12,0.0110631432757,2.04074726404
ve_re1_n64_t30,21.128,0.0110631419967,2.04074800904
ve_re1_n64_t30,21.136,0.011063140722,2.04074875146
ve_re1_n64_t30,21.144,0.0110631394518,2.0407494913
ve_re1_n64_t30,21.152,0.0110631381859,2.04075022859
ve_re1_n64_t30,21.16,0.0110631369245,2.04075096332
ve_re1_n64_t30,21.168,0.0110631356673,2.04075169551
ve_re1_n64_t30,21.176,0.0110631344145,2.04075242517
ve_re1_n64_t30,21.184,0.011063133166,2.0407531523
ve_re1_n64_t30,21.192,0.0110631319219,2.04075387691
ve_re1_n64_t30,21.2,0.011063130682,2.04075459902
ve_re1_n64_t30,21.208,0.0110631294464,2.04075531862
ve_re1_n64_t30,21.216,0.011063128215,2.04075603574
ve_re1_n64_t30,21.224,0.0110631269879,2.04075675037
ve_re1_n64_t30,21.232,0.0110631257651,2.04075746253
ve_re1_n64_t30,21.24,0.0110631245464,2.04075817222
ve_re1_n64_t30,21.248,0.011063123332,2.04075887946
ve_re1_n64_t30,21.256,0.0110631221217,2.04075958425
ve_re1_n64_t30,21.264,0.0110631209156,2.0407602866
ve_re1_n64_t30,21.272,0.0110631197137,2.04076098651
ve_re1_n64_t30,21.28,0.0110631185159,2.04076168401
ve_re1_n64_t30,21.288,0.0110631173223,2.04076237909
ve_re1_n64_t30,21.296,0.0110631161328,2.04076307176
ve_re1_n64_t30,21.304,0.0110631149473,2.04076376204
ve_re1_n64_t30,21.312,0.011063113766,2.04076444993
ve_re1_n64_t30,21.32,0.0110631125888,2.04076513543
ve_re1_n64_t30,21.328,0.0110631114156,2.04076581856
ve_re1_n64_t30,21.336,0.0110631102464,2.04076649933
ve_re1_n64_t30,21.344,0.0110631090813,2.04076717774
ve_re1_n64_t30,21.352,0.0110631079202,2.0407678538
ve_re1_n64_t30,21.36,0.0110631067631,2.04076852752
ve_re1_n64_t30,21.368,0.01106310561,2.04076919891
ve_re1_n64_t30,21.376,0.0110631044609,2.04076986798
ve_re1_n64_t30,21.384,0.0110631033158,2.04077053473
ve_re1_n64_t30,21.392,0.0110631021746,2.04077119917
ve_re1_n64_t30,21.4,0.0110631010373,2.04077186131
ve_re1_n64_t30,21.408,0.011063099904,2.04077252115
ve_re1_n64_t30,21.416,0.0110630987746,2.04077317872
ve_re1_n64_t30,21.424,0.011063097649,2.040773834
ve_re1_n64_t30,21.432,0.0110630965274,2.04077448702
ve_re1_n64_t30,21.44,0.0110630954096,2.04077513778
ve_re1_n64_t30,21.448,0.0110630942957,2.04077578628
ve_re1_n64_t30,21.456,0.0110630931856,2.04077643254
ve_re1_n64_t30,21.464,0.0110630920794,2.04077707656
ve_re1_n64_t30,21.472,0.011063090977,2.04077771836
ve_re1_n64_t30,21.48,0.0110630898784,2.04077835793
ve_re1_n64_t30,21.488,0.0110630887835,2.04077899528
ve_re1_n64_t30,21.496,0.0110630876925,2.04077963043
ve_re1_n64_t30,21.504,0.0110630866052,2.04078026338
ve_re1_n64_t30,21.512,0.0110630855217,2.04078089414
ve_re1_n64_t30,21.52,0.0110630844419,2.04078152272
ve_re1_n64_t30,21.528,0.0110630833658,2.04078214911
ve_re1_n64_t30,21.536,0.0110630822935,2.04078277334
ve_re1_n64_t30,21.544,0.0110630812249,2.04078339541
ve_re1_n64_t30,21.552,0.0110630801599,2.04078401533
ve_re1_n64_t30,21.56,0.0110630790986,2.0407846331
ve_re1_n64_t30,21.568,0.011063078041,2.04078524873
ve_re1_n64_t30,21.576,0.0110630769871,2.04078586222
ve_re1_n64_t30,21.584,0.0110630759367,2.0407864736
ve_re1_n64_t30,21.592,0.0110630748901,2.04078708286
ve_re1_n64_t30,21.6,0.011063073847,2.04078769
ve_re1_n64_t30,21.608,0.0110630728075,2.04078829505
ve_re1_n64_t30,21.616,0.0110630717716,2.040788898
ve_re1_n64_t30,21.624,0.0110630707393,2.04078949886
ve_re1_n64_t30,21.632,0.0110630697105,2.04079009765
ve_re1_n64_t30,21.64,0.0110630686853,2.04079069436
ve_re1_n64_t30,21.648,0.0110630676637,2.040791289
ve_re1_n64_t30,21.656,0.0110630666455,2.04079188158
ve_re1_n64_t30,21.664,0.0110630656309,2.04079247212
ve_re1_n64_t30,21.672,0.0110630646198,2.0407930606
ve_re1_n64_t30,21.68,0.0110630636122,2.04079364705
ve_re1_n64_t30,21.688,0.011063062608,2.04079423147
ve_re1_n64_t30,21.696,0.0110630616074,2.04079481387
ve_re1_n64_t30,21.704,0.0110630606102,2.04079539425
ve_re1_n64_t30,21.712,0.0110630596164,2.04079597262
ve_re1_n64_t30,21.72,0.011063058626,2.04079654899
ve_re1_n64_t30,21.728,0.0110630576391,2.04079712336
ve_re1_n64_t30,21.736,0.0110630566556,2.04079769574
ve_re1_n64_t30,21.744,0.0110630556755,2.04079826614
ve_re1_n64_t30,21.752,0.0110630546988,2.04079883457
ve_re1_n64_t30,21.76,0.0110630537254,2.04079940102
ve_re1_n64_t30,21.768,0.0110630527554,2.04079996552
ve_re1_n64_t30,21.776,0.0110630517888,2.04080052806
ve_re1_n64_t30,21.784,0.0110630508255,2.04080108865
ve_re1_n64_t30,21.792,0.0110630498655,2.04080164731
ve_re1_n64_t30,21.8,0.0110630489088,2.04080220402
ve_re1_n64_t30,21.808,0.0110630479555,2.04080275881
ve_re1_n64_t30,21.816,0.0110630470054,2.04080331168
ve_re1_n64_t30,21.824,0.0110630460586,2.04080386264
ve_re1_n64_t30,21.832,0.0110630451151,2.04080441168
ve_re1_n64_t30,21.84,0.0110630441749,2.04080495883
ve_re1_n64_t30,21.848,0.0110630432378,2.04080550408
ve_re1_n64_t30,21.856,0.0110630423041,2.04080604744
ve_re1_n64_t30,21.864,0.0110630413735,2.04080658892
ve_re1_n64_t30,21.872,0.0110630404462,2.04080712853
ve_re1_n64_t30,21.88,0.0110630395221,2.04080766626
ve_re1_n64_t30,21.888,0.0110630386012,2.04080820214
ve_re1_n64_t30,21.896,0.0110630376834,2.04080873616
ve_re1_n64_t30,21.904,0.0110630367688,2.04080926833
ve_re1_n64_t30,21.912,0.0110630358574,2.04080979865
ve_re1_n64_t30,21.92,0.0110630349492,2.04081032714
ve_re1_n64_t30,21.928,0.011063034044,2.0408108538
ve_re1_n64_t30,21.936,0.011063033142,2.04081137864
ve_re1_n64_t30,21.944,0.0110630322432,2.04081190166
ve_re1_n64_t30,21.952,0.0110630313474,2.04081242287
ve_re1_n64_t30,21.96,0.0110630304547,2.04081294227
ve_re1_n64_t30,21.968,0.0110630295651,2.04081345987
ve_re1_n64_t30,21.976,0.0110630286786,2.04081397568
ve_re1_n64_t30,21.984,0.0110630277951,2.04081448971
ve_re1_n64_t30,21.992,0.0110630269147,2.04081500195
ve_re1_n64_t30,22,0.0110630260374,2.04081551242
ve_re1_n64_t30,22.008,0.011063025163,2.04081602113
ve_re1_n64_t30,22.016,0.0110630242917,2.04081652807
ve_re1_n64_t30,22.024,0.0110630234234,2.04081703325
ve_re1_n64_t30,22.032,0.0110630225582,2.04081753669
ve_re1_n64_t30,22.04,0.0110630216958,2.04081803838
ve_re1_n64_t30,22.048,0.0110630208365,2.04081853834
ve_re1_n64_t30,22.056,0.0110630199802,2.04081903656
ve_re1_n64_t30,22.064,0.0110630191268,2.04081953306
ve_re1_n64_t30,22.072,0.0110630182763,2.04082002784
ve_re1_n64_t30,22.08,0.0110630174288,2.0408205209
ve_re1_n64_t30,22.088,0.0110630165843,2.04082101226
ve_re1_n64_t30,22.096,0.0110630157426,2.04082150191
ve_re1_n64_t30,22.104,0.0110630149039,2.04082198987
ve_re1_n64_t30,22.112,0.011063014068,2.04082247614
ve_re1_n64_t30,22.12,0.0110630132351,2.04082296073
ve_re1_n64_t30,22.128,0.011063012405,2.04082344364
ve_re1_n64_t30,22.136,0.0110630115778,2.04082392487
ve_re1_n64_t30,22.144,0.0110630107535,2.04082440444
ve_re1_n64_t30,22.152,0.011063009932,2.04082488235
ve_re1_n64_t30,22.16,0.0110630091133,2.0408253586
ve_re1_n64_t30,22.168,0.0110630082975,2.0408258332
ve_re1_n64_t30,22.176,0.0110630074845,2.04082630616
ve_re1_n64_t30,22.184,0.0110630066743,2.04082677748
ve_re1_n64_t30,22.192,0.0110630058669,2.04082724717
ve_re1_n64_t30,22.2,0.0110630050623,2.04082771523
ve_re1_n64_t30,22.208,0.0110630042605,2.04082818167
ve_re1_n64_t30,22.216,0.0110630034615,2.04082864649
ve_re1_n64_t30,22.224,0.0110630026652,2.04082910971
ve_re1_n64_t30,22.232,0.0110630018717,2.04082957132
ve_re1_n64_t30,22.24,0.0110630010809,2.04083003133
ve_re1_n64_t30,22.248,0.0110630002929,2.04083048975
ve_re1_n64_t30,22.256,0.0110629995076,2.04083094658
ve_re1_n64_t30,22.264,0.011062998725,2.04083140183
ve_re1_n64_t30,22.272,0.0110629979451,2.0408318555
ve_re1_n64_t30,22.28,0.0110629971679,2.0408323076
ve_re1_n64_t30,22.288,0.0110629963934,2.04083275813
ve_re1_n64_t30,22.296,0.0110629956215,2.04083320711
ve_re1_n64_t30,22.304,0.0110629948524,2.04083365453
ve_re1_n64_t30,22.312,0.0110629940859,2.0408341004
ve_re1_n64_t30,22.32,0.011062993322,2.04083454472
ve_re1_n64_t30,22.328,0.0110629925608,2.04083498751
ve_re1_n64_t30,22.336,0.0110629918022,2.04083542876
ve_re1_n64_t30,22.344,0.0110629910463,2.04083586848
ve_re1_n64_t30,22.352,0.0110629902929,2.04083630668
ve_re1_n64_t30,22.36,0.0110629895422,2.04083674336
ve_re1_n64_t30,22.368,0.0110629887941,2.04083717853
ve_re1_n64_t30,22.376,0.0110629880485,2.0408376122
ve_re1_n64_t30,22.384,0.0110629873056,2.04083804436
ve_re1_n64_t30,22.392,0.0110629865652,2.04083847502
ve_re1_n64_t30,22.4,0.0110629858273,2.04083890419
ve_re1_n64_t30,22.408,0.011062985092,2.04083933188
ve_re1_n64_t30,22.416,0.0110629843593,2.04083975808
ve_re1_n64_t30,22.424,0.0110629836291,2.04084018281
ve_re1_n64_t30,22.432,0.0110629829014,2.04084060607
ve_re1_n64_t30,22.44,0.0110629821763,2.04084102786
ve_re1_n64_t30,22.448,0.0110629814536,2.04084144819
ve_re1_n64_t30,22.456,0.0110629807335,2.04084186706
ve_re1_n64_t30,22.464,0.0110629800158,2.04084228448
ve_re1_n64_t30,22.472,0.0110629793006,2.04084270046
ve_re1_n64_t30,22.48,0.0110629785879,2.040843115
ve_re1_n64_t30,22.488,0.0110629778777,2.0408435281
ve_re1_n64_t30,22.496,0.0110629771699,2.04084393977
ve_re1_n64_t30,22.504,0.0110629764646,2.04084435001
ve_re1_n64_t30,22.512,0.0110629757617,2.04084475883
ve_re1_n64_t30,22.52,0.0110629750613,2.04084516624
ve_re1_n64_t30,22.528,0.0110629743632,2.04084557223
ve_re1_n64_t30,22.536,0.0110629736676,2.04084597682
ve_re1_n64_t30,22.544,0.0110629729744,2.04084638001
ve_re1_n64_t30,22.552,0.0110629722836,2.0408467818
ve_re1_n64_t30,22.56,0.0110629715952,2.04084718219
ve_re1_n64_t30,22.568,0.0110629709091,2.04084758121
ve_re1_n64_t30,22.576,0.0110629702255,2.04084797884
ve_re1_n64_t30,22.584,0.0110629695442,2.04084837509
ve_re1_n64_t30,22.592,0.0110629688652,2.04084876997
ve_re1_n64_t30,22.6,0.0110629681887,2.04084916348
ve_re1_n64_t30,22.608,0.0110629675144,2.04084955563
ve_re1_n64_t30,22.616,0.0110629668425,2.04084994642
ve_re1_n64_t30,22.624,0.0110629661729,2.04085033585
ve_re1_n64_t30,22.632,0.0110629655056,2.04085072394
ve_re1_n64_t30,22.64,0.0110629648407,2.04085111068
ve_re1_n64_t30,22.648,0.011062964178,2.04085149609
ve_re1_n64_t30,22.656,0.0110629635177,2.04085188015
ve_re1_n64_t30,22.664,0.0110629628596,2.04085226289
ve_re1_n64_t30,22.672,0.0110629622038,2.0408526443
ve_re1_n64_t30,22.68,0.0110629615502,2.04085302439
ve_re1_n64_t30,22.688,0.011062960899,2.04085340317
ve_re1_n64_t30,22.696,0.01106296025,2.04085378063
ve_re1_n64_t30,22.704,0.0110629596032,2.04085415678
ve_re1_n64_t30,22.712,0.0110629589587,2.04085453163
ve_re1_n64_t30,22.72,0.0110629583164,2.04085490519
ve_re1_n64_t30,22.728,0.0110629576763,2.04085527745
ve_re1_n64_t30,22.736,0.0110629570384,2.04085564842
ve_re1_n64_t30,22.744,0.0110629564028,2.0408560181
ve_re1_n64_t30,22.752,0.0110629557693,2.0408563865
ve_re1_n64_t30,22.76,0.0110629551381,2.04085675363
ve_re1_n64_t30,22.768,0.011062954509,2.04085711949
ve_re1_n64_t30,22.776,0.0110629538821,2.04085748407
ve_re1_n64_t30,22.784,0.0110629532574,2.0408578474
ve_re1_n64_t30,22.792,0.0110629526348,2.04085820946
ve_re1_n64_t30,22.8,0.0110629520144,2.04085857028
ve_re1_n64_t30,22.808,0.0110629513962,2.04085892984
ve_re1_n64_t30,22.816,0.0110629507801,2.04085928816
ve_re1_n64_t30,22.824,0.0110629501661,2.04085964523
ve_re1_n64_t30,22.832,0.0110629495542,2.04086000107
ve_re1_n64_t30,22.84,0.0110629489445,2.04086035568
ve_re1_n64_t30,22.848,0.0110629483369,2.04086070905
ve_re1_n64_t30,22.856,0.0110629477313,2.04086106121
ve_re1_n64_t30,22.864,0.0110629471279,2.04086141214
ve_re1_n64_t30,22.872,0.0110629465266,2.04086176186
ve_re1_n64_t30,22.88,0.0110629459273,2.04086211036
ve_re1_n64_t30,22.888,0.0110629453301,2.04086245766
ve_re1_n64_t30,22.896,0.011062944735,2.04086280376
ve_re1_n64_t30,22.904,0.011062944142,2.04086314866
ve_re1_n64_t30,22.912,0.011062943551,2.04086349236
ve_re1_n64_t30,22.92,0.011062942962,2.04086383487
ve_re1_n64_t30,22.928,0.0110629423751,2.04086417619
ve_re1_n64_t30,22.936,0.0110629417902,2.04086451634
ve_re1_n64_t30,22.944,0.0110629412074,2.0408648553
ve_re1_n64_t30,22.952,0.0110629406265,2.04086519309
ve_re1_n64_t30,22.96,0.0110629400477,2.04086552971
ve_re1_n64_t30,22.968,0.0110629394709,2.04086586516
ve_re1_n64_t30,22.976,0.0110629388961,2.04086619945
ve_re1_n64_t30,22.984,0.0110629383232,2.04086653259
ve_re1_n64_t30,22.992,0.0110629377524,2.04086686457
ve_re1_n64_t30,23,0.0110629371835,2.0408671954
ve_re1_n64_t30,23.008,0.0110629366166,2.04086752508
ve_re1_n64_t30,23.016,0.0110629360517,2.04086785362
ve_re1_n64_t30,23.024,0.0110629354887,2.04086818102
ve_re1_n64_t30,23.032,0.0110629349277,2.04086850729
ve_re1_n64_t30,23.04,0.0110629343686,2.04086883243
ve_re1_n64_t30,23.048,0.0110629338114,2.04086915644
ve_re1_n64_t30,23.056,0.0110629332562,2.04086947933
ve_re1_n64_t30,23.064,0.0110629327029,2.0408698011
ve_re1_n64_t30,23.072,0.0110629321515,2.04087012176
ve_re1_n64_t30,23.08,0.011062931602,2.04087044131
ve_re1_n64_t30,23.088,0.0110629310545,2.04087075975
ve_re1_n64_t30,23.096,0.0110629305088,2.04087107708
ve_re1_n64_t30,23.104,0.011062929965,2.04087139332
ve_re1_n64_t30,23.112,0.0110629294231,2.04087170846
ve_re1_n64_t30,23.12,0.0110629288831,2.04087202251
ve_re1_n64_t30,23.128,0.0110629283449,2.04087233547
ve_re1_n64_t30,23.136,0.0110629278086,2.04087264734
ve_re1_n64_t30,23.144,0.0110629272742,2.04087295814
ve_re1_n64_t30,23.152,0.0110629267416,2.04087326786
ve_re1_n64_t30,23.16,0.0110629262109,2.04087357651
ve_re1_n64_t30,23.168,0.011062925682,2.04087388408
ve_re1_n64_t30,23.176,0.0110629251549,2.0408741906
ve_re1_n64_t30,23.184,0.0110629246297,2.04087449605
ve_re1_n64_t30,23.192,0.0110629241063,2.04087480044
ve_re1_n64_t30,23.2,0.0110629235847,2.04087510377
ve_re1_n64_t30,23.208,0.0110629230648,2.04087540606
ve_re1_n64_t30,23.216,0.0110629225468,2.0408757073
ve_re1_n64_t30,23.224,0.0110629220306,2.0408760075
ve_re1_n64_t30,23.232,0.0110629215162,2.04087630665
ve_re1_n64_t30,23.24,0.0110629210036,2.04087660477
ve_re1_n64_t30,23.248,0.0110629204927,2.04087690186
ve_re1_n64_t30,23.256,0.0110629199836,2.04087719791
ve_re1_n64_t30,23.264,0.0110629194763,2.04087749295
ve_re1_n64_t30,23.272,0.0110629189707,2.04087778696
ve_re1_n64_t30,23.28,0.0110629184669,2.04087807995
ve_re1_n64_t30,23.288,0.0110629179648,2.04087837192
ve_re1_n64_t30,23.296,0.0110629174645,2.04087866289
ve_re1_n64_t30,23.304,0.0110629169659,2.04087895284
ve_re1_n64_t30,23.312,0.011062916469,2.0408792418
ve_re1_n64_t30,23.32,0.0110629159739,2.04087952975
ve_re1_n64_t30,23.328,0.0110629154804,2.0408798167
ve_re1_n64_t30,23.336,0.0110629149887,2.04088010266
ve_re1_n64_t30,23.344,0.0110629144987,2.04088038763
ve_re1_n64_t30,23.352,0.0110629140104,2.04088067161
ve_re1_n64_t30,23.36,0.0110629135237,2.04088095461
ve_re1_n64_t30,23.368,0.0110629130388,2.04088123662
ve_re1_n64_t30,23.376,0.0110629125555,2.04088151766
ve_re1_n64_t30,23.384,0.0110629120739,2.04088179773
ve_re1_n64_t30,23.392,0.011062911594,2.04088207683
ve_re1_n64_t30,23.4,0.0110629111157,2.04088235496
ve_re1_n64_t30,23.408,0.0110629106391,2.04088263212
ve_re1_n64_t30,23.416,0.0110629101642,2.04088290833
ve_re1_n64_t30,23.424,0.0110629096909,2.04088318358
ve_re1_n64_t30,23.432,0.0110629092192,2.04088345787
ve_re1_n64_t30,23.44,0.0110629087492,2.04088373122
ve_re1_n64_t30,23.448,0.0110629082808,2.04088400362
ve_re1_n64_t30,23.456,0.011062907814,2.04088427507
ve_re1_n64_t30,23.464,0.0110629073488,2.04088454558
ve_re1_n64_t30,23.472,0.0110629068853,2.04088481516
ve_re1_n64_t30,23.48,0.0110629064233,2.0408850838
ve_re1_n64_t30,23.488,0.011062905963,2.04088535152
ve_re1_n64_t30,23.496,0.0110629055042,2.0408856183
ve_re1_n64_t30,23.504,0.011062905047,2.04088588416
ve_re1_n64_t30,23.512,0.0110629045915,2.0408861491
ve_re1_n64_t30,23.52,0.0110629041375,2.04088641312
ve_re1_n64_t30,23.528,0.011062903685,2.04088667623
ve_re1_n64_t30,23.536,0.0110629032342,2.04088693842
ve_re1_n64_t30,23.544,0.0110629027849,2.04088719971
ve_re1_n64_t30,23.552,0.0110629023371,2.04088746009
ve_re1_n64_t30,23.56,0.0110629018909,2.04088771957
ve_re1_n64_t30,23.568,0.0110629014463,2.04088797815
ve_re1_n64_t30,23.576,0.0110629010032,2.04088823584
ve_re1_n64_t30,23.584,0.0110629005616,2.04088849263
ve_re1_n64_t30,23.592,0.0110629001216,2.04088874853
ve_re1_n64_t30,23.6,0.0110628996831,2.04088900355
ve_re1_n64_t30,23.608,0.0110628992461,2.04088925768
ve_re1_n64_t30,23.616,0.0110628988106,2.04088951093
ve_re1_n64_t30,23.624,0.0110628983766,2.04088976331
ve_re1_n64_t30,23.632,0.0110628979442,2.04089001481
ve_re1_n64_t30,23.64,0.0110628975132,2.04089026544
ve_re1_n64_t30,23.648,0.0110628970837,2.0408905152
ve_re1_n64_t30,23.656,0.0110628966557,2.04089076409
ve_re1_n64_t30,23.664,0.0110628962292,2.04089101213
ve_re1_n64_t30,23.672,0.0110628958042,2.0408912593
ve_re1_n64_t30,23.68,0.0110628953807,2.04089150562
ve_re1_n64_t30,23.688,0.0110628949586,2.04089175108
ve_re1_n64_t30,23.696,0.011062894538,2.0408919957
ve_re1_n64_t30,23.704,0.0110628941188,2.04089223946
ve_re1_n64_t30,23.712,0.0110628937011,2.04089248239
ve_re1_n64_t30,23.72,0.0110628932848,2.04089272447
ve_re1_n64_t30,23.728,0.01106289287,2.04089296571
ve_re1_n64_t30,23.736,0.0110628924566,2.04089320611
ve_re1_n64_t30,23.744,0.0110628920447,2.04089344569
ve_re1_n64_t30,23.752,0.0110628916341,2.04089368443
ve_re1_n64_t30,23.76,0.011062891225,2.04089392234
ve_re1_n64_t30,23.768,0.0110628908174,2.04089415944
ve_re1_n64_t30,23.776,0.0110628904111,2.04089439571
ve_re1_n64_t30,23.784,0.0110628900062,2.04089463116
ve_re1_n64_t30,23.792,0.0110628896028,2.04089486579
ve_re1_n64_t30,23.8,0.0110628892007,2.04089509962
ve_re1_n64_t30,23.808,0.0110628888001,2.04089533263
ve_re1_n64_t30,23.816,0.0110628884008,2.04089556484
ve_re1_n64_t30,23.824,0.0110628880029,2.04089579624
ve_re1_n64_t30,23.832,0.0110628876064,2.04089602684
ve_re1_n64_t30,23.84,0.0110628872112,2.04089625664
ve_re1_n64_t30,23.848,0.0110628868175,2.04089648564
ve_re1_n64_t30,23.856,0.0110628864251,2.04089671385
ve_re1_n64_t30,23.864,0.011062886034,2.04089694127
ve_re1_n64_t30,23.872,0.0110628856443,2.04089716791
ve_re1_n64_t30,23.88,0.011062885256,2.04089739375
ve_re1_n64_t30,23.888,0.011062884869,2.04089761882
ve_re1_n64_t30,23.896,0.0110628844834,2.0408978431
ve_re1_n64_t30,23.904,0.0110628840991,2.04089806661
ve_re1_n64_t30,23.912,0.0110628837161,2.04089828934
ve_re1_n64_t30,23.92,0.0110628833344,2.04089851131
ve_re1_n64_t30,23.928,0.0110628829541,2.0408987325
ve_re1_n64_t30,23.936,0.0110628825751,2.04089895293
ve_re1_n64_t30,23.944,0.0110628821974,2.04089917259
ve_re1_n64_t30,23.952,0.011062881821,2.04089939149
ve_re1_n64_t30,23.96,0.0110628814459,2.04089960963
ve_re1_n64_t30,23.968,0.0110628810722,2.04089982702
ve_re1_n64_t30,23.976,0.0110628806997,2.04090004366
ve_re1_n64_t30,23.984,0.0110628803285,2.04090025954
ve_re1_n64_t30,23.992,0.0110628799586,2.04090047468
ve_re1_n64_t30,24,0.01106287959,2.04090068907
ve_re1_n64_t30,24.008,0.0110628792226,2.04090090271
ve_re1_n64_t30,24.016,0.0110628788565,2.04090111562
ve_re1_n64_t30,24.024,0.0110628784917,2.04090132779
ve_re1_n64_t30,24.032,0.0110628781282,2.04090153923
ve_re1_n64_t30,24.04,0.0110628777659,2.04090174993
ve_re1_n64_t30,24.048,0.0110628774049,2.0409019599
ve_re1_n64_t30,24.056,0.0110628770452,2.04090216915
ve_re1_n64_t30,24.064,0.0110628766866,2.04090237766
ve_re1_n64_t30,24.072,0.0110628763294,2.04090258546
ve_re1_n64_t30,24.08,0.0110628759733,2.04090279254
ve_re1_n64_t30,24.088,0.0110628756185,2.0409029989
ve_re1_n64_t30,24.096,0.011062875265,2.04090320454
ve_re1_n64_t30,24.104,0.0110628749126,2.04090340947
ve_re1_n64_t30,24.112,0.0110628745615,2.0409036137
ve_re1_n64_t30,24.12,0.0110628742116,2.04090381721
ve_re1_n64_t30,24.128,0.0110628738629,2.04090402002
ve_re1_n64_t30,24.136,0.0110628735154,2.04090422212
ve_re1_n64_t30,24.144,0.0110628731691,2.04090442353
ve_re1_n64_t30,24.152,0.0110628728241,2.04090462424
ve_re1_n64_t30,24.16,0.0110628724802,2.04090482425
ve_re1_n64_t30,24.168,0.0110628721375,2.04090502357
ve_re1_n64_t30,24.176,0.011062871796,2.0409052222
ve_re1_n64_t30,24.184,0.0110628714557,2.04090542014
ve_re1_n64_t30,24.192,0.0110628711166,2.04090561739
ve_re1_n64_t30,24.2,0.0110628707786,2.04090581396
ve_re1_n64_t30,24.208,0.0110628704418,2.04090600985
ve_re1_n64_t30,24.216,0.0110628701062,2.04090620506
ve_re1_n64_t30,24.224,0.0110628697718,2.04090639959
ve_re1_n64_t30,24.232,0.0110628694385,2.04090659345
ve_re1_n64_t30,24.24,0.0110628691063,2.04090678664
ve_re1_n64_t30,24.248,0.0110628687754,2.04090697916
ve_re1_n64_t30,24.256,0.0110628684455,2.04090717101
ve_re1_n64_t30,24.264,0.0110628681168,2.0409073622
ve_re1_n64_t30,24.272,0.0110628677893,2.04090755272
ve_re1_n64_t30,24.28,0.0110628674629,2.04090774258
ve_re1_n64_t30,24.288,0.0110628671376,2.04090793179
ve_re1_n64_t30,24.296,0.0110628668135,2.04090812034
ve_re1_n64_t30,24.304,0.0110628664904,2.04090830823
ve_re1_n64_t30,24.312,0.0110628661685,2.04090849548
ve_re1_n64_t30,24.32,0.0110628658477,2.04090868207
ve_re1_n64_t30,24.328,0.0110628655281,2.04090886802
ve_re1_n64_t30,24.336,0.0110628652095,2.04090905332
ve_re1_n64_t30,24.344,0.011062864892,2.04090923799
ve_re1_n64_t30,24.352,0.0110628645757,2.04090942201
ve_re1_n64_t30,24.36,0.0110628642604,2.04090960539
ve_re1_n64_t30,24.368,0.0110628639462,2.04090978814
ve_re1_n64_t30,24.376,0.0110628636331,2.04090997025
ve_re1_n64_t30,24.384,0.0110628633212,2.04091015174
ve_re1_n64_t30,24.392,0.0110628630102,2.04091033259
ve_re1_n64_t30,24.4,0.0110628627004,2.04091051282
ve_re1_n64_t30,24.408,0.0110628623917,2.04091069242
ve_re1_n64_t30,24.416,0.011062862084,2.04091087141
ve_re1_n64_t30,24.424,0.0110628617774,2.04091104977
ve_re1_n64_t30,24.432,0.0110628614718,2.04091122751
ve_re1_n64_t30,24.44,0.0110628611673,2.04091140464
ve_re1_n64_t30,24.448,0.0110628608639,2.04091158115
ve_re1_n64_t30,24.456,0.0110628605615,2.04091175705
ve_re1_n64_t30,24.464,0.0110628602601,2.04091193234
ve_re1_n64_t30,24.472,0.0110628599599,2.04091210703
ve_re1_n64_t30,24.48,0.0110628596606,2.0409122811
ve_re1_n64_t30,24.488,0.0110628593624,2.04091245458
ve_re1_n64_t30,24.496,0.0110628590652,2.04091262745
ve_re1_n64_t30,24.504,0.0110628587691,2.04091279973
ve_re1_n64_t30,24.512,0.011062858474,2.04091297141
ve_re1_n64_t30,24.52,0.0110628581799,2.04091314249
ve_re1_n64_t30,24.528,0.0110628578868,2.04091331298
ve_re1_n64_t30,24.536,0.0110628575947,2.04091348288
ve_re1_n64_t30,24.544,0.0110628573037,2.04091365219
ve_re1_n64_t30,24.552,0.0110628570137,2.04091382092
ve_re1_n64_t30,24.56,0.0110628567246,2.04091398906
ve_re1_n64_t30,24.568,0.0110628564366,2.04091415662
ve_re1_n64_t30,24.576,0.0110628561496,2.0409143236
ve_re1_n64_t30,24.584,0.0110628558636,2.04091448999
ve_re1_n64_t30,24.592,0.0110628555785,2.04091465582
ve_re1_n64_t30,24.6,0.0110628552945,2.04091482107
ve_re1_n64_t30,24.608,0.0110628550114,2.04091498574
ve_re1_n64_t30,24.616,0.0110628547293,2.04091514985
ve_re1_n64_t30,24.624,0.0110628544482,2.04091531338
ve_re1_n64_t30,24.632,0.0110628541681,2.04091547635
ve_re1_n64_t30,24.64,0.011062853889,2.04091563876
ve_re1_n64_t30,24.648,0.0110628536108,2.0409158006
ve_re1_n64_t30,24.656,0.0110628533335,2.04091596188
ve_re1_n64_t30,24.664,0.0110628530573,2.04091612261
ve_re1_n64_t30,24.672,0.011062852782,2.04091628278
ve_re1_n64_t30,24.68,0.0110628525076,2.04091644239
ve_re1_n64_t30,24.688,0.0110628522342,2.04091660145
ve_re1_n64_t30,24.696,0.0110628519618,2.04091675996
ve_re1_n64_t30,24.704,0.0110628516903,2.04091691792
ve_re1_n64_t30,24.712,0.0110628514197,2.04091707533
ve_re1_n64_t30,24.72,0.0110628511501,2.04091723219
ve_re1_n64_t30,24.728,0.0110628508814,2.04091738852
ve_re1_n64_t30,24.736,0.0110628506137,2.0409175443
ve_re1_n64_t30,24.744,0.0110628503468,2.04091769954
ve_re1_n64_t30,24.752,0.0110628500809,2.04091785425
ve_re1_n64_t30,24.76,0.011062849816,2.04091800842
ve_re1_n64_t30,24.768,0.0110628495519,2.04091816205
ve_re1_n64_t30,24.776,0.0110628492888,2.04091831515
ve_re1_n64_t30,24.784,0.0110628490265,2.04091846773
ve_re1_n64_t30,24.792,0.0110628487652,2.04091861977
ve_re1_n64_t30,24.8,0.0110628485048,2.04091877129
ve_re1_n64_t30,24.808,0.0110628482453,2.04091892228
ve_re1_n64_t30,24.816,0.0110628479867,2.04091907275
ve_re1_n64_t30,24.824,0.011062847729,2.0409192227
ve_re1_n64_t30,24.832,0.0110628474721,2.04091937212
ve_re1_n64_t30,24.84,0.0110628472162,2.04091952103
ve_re1_n64_t30,24.848,0.0110628469612,2.04091966943
ve_re1_n64_t30,24.856,0.011062846707,2.04091981731
ve_re1_n64_t30,24.864,0.0110628464537,2.04091996468
ve_re1_n64_t30,24.872,0.0110628462013,2.04092011154
ve_re1_n64_t30,24.88,0.0110628459498,2.04092025789
ve_re1_n64_t30,24.888,0.0110628456992,2.04092040373
ve_re1_n64_t30,24.896,0.0110628454494,2.04092054906
ve_re1_n64_t30,24.904,0.0110628452005,2.0409206939
ve_re1_n64_t30,24.912,0.0110628449524,2.04092083823
ve_re1_n64_t30,24.92,0.0110628447052,2.04092098206
ve_re1_n64_t30,24.928,0.0110628444589,2.04092112539
ve_re1_n64_t30,24.936,0.0110628442134,2.04092126823
ve_re1_n64_t30,24.944,0.0110628439688,2.04092141057
ve_re1_n64_t30,24.952,0.011062843725,2.04092155242
ve_re1_n64_t30,24.96,0.0110628434821,2.04092169377
ve_re1_n64_t30,24.968,0.01106284324,2.04092183464
ve_re1_n64_t30,24.976,0.0110628429988,2.04092197502
ve_re1_n64_t30,24.984,0.0110628427584,2.04092211491
ve_re1_n64_t30,24.992,0.0110628425188,2.04092225432
ve_re1_n64_t30,25,0.01106284228,2.04092239324
ve_re1_n64_t30,25.008,0.0110628420421,2.04092253169
ve_re1_n64_t30,25.016,0.011062841805,2.04092266965
ve_re1_n64_t30,25.024,0.0110628415688,2.04092280713
ve_re1_n64_t30,25.032,0.0110628413333,2.04092294414
ve_re1_n64_t30,25.04,0.0110628410987,2.04092308068
ve_re1_n64_t30,25.048,0.0110628408649,2.04092321674
ve_re1_n64_t30,25.056,0.0110628406319,2.04092335233
ve_re1_n64_t30,25.064,0.0110628403997,2.04092348745
ve_re1_n64_t30,25.072,0.0110628401683,2.0409236221
ve_re1_n64_t30,25.08,0.0110628399377,2.04092375628
ve_re1_n64_t30,25.088,0.0110628397079,2.04092389
ve_re1_n64_t30,25.096,0.0110628394789,2.04092402326
ve_re1_n64_t30,25.104,0.0110628392507,2.04092415605
ve_re1_n64_t30,25.112,0.0110628390233,2.04092428838
ve_re1_n64_t30,25.12,0.0110628387967,2.04092442026
ve_re1_n64_t30,25.128,0.0110628385709,2.04092455168
ve_re1_n64_t30,25.136,0.0110628383458,2.04092468264
ve_re1_n64_t30,25.144,0.0110628381215,2.04092481315
ve_re1_n64_t30,25.152,0.0110628378981,2.0409249432
ve_re1_n64_t30,25.16,0.0110628376753,2.04092507281
ve_re1_n64_t30,25.168,0.0110628374534,2.04092520196
ve_re1_n64_t30,25.176,0.0110628372322,2.04092533067
ve_re1_n64_t30,25.184,0.0110628370118,2.04092545894
ve_re1_n64_t30,25.192,0.0110628367922,2.04092558675
ve_re1_n64_t30,25.2,0.0110628365733,2.04092571413
ve_re1_n64_t30,25.208,0.0110628363552,2.04092584106
ve_re1_n64_t30,25.216,0.0110628361379,2.04092596756
ve_re1_n64_t30,25.224,0.0110628359213,2.04092609361
ve_re1_n64_t30,25.232,0.0110628357054,2.04092621923
ve_re1_n64_t30,25.24,0.0110628354903,2.04092634441
ve_re1_n64_t30,25.248,0.011062835276,2.04092646916
ve_re1_n64_t30,25.256,0.0110628350624,2.04092659348
ve_re1_n64_t30,25.264,0.0110628348495,2.04092671736
ve_re1_n64_t30,25.272,0.0110628346374,2.04092684082
ve_re1_n64_t30,25.28,0.011062834426,2.04092696385
ve_re1_n64_t30,25.288,0.0110628342153,2.04092708645
ve_re1_n64_t30,25.296,0.0110628340054,2.04092720863
ve_re1_n64_t30,25.304,0.0110628337962,2.04092733038
ve_re1_n64_t30,25.312,0.0110628335877,2.04092745171
ve_re1_n64_t30,25.32,0.01106283338,2.04092757262
ve_re1_n64_t30,25.328,0.0110628331729,2.04092769311
ve_re1_n64_t30,25.336,0.0110628329666,2.04092781319
ve_re1_n64_t30,25.344,0.011062832761,2.04092793285
ve_re1_n64_t30,25.352,0.0110628325562,2.04092805209
ve_re1_n64_t30,25.36,0.011062832352,2.04092817092
ve_re1_n64_t30,25.368,0.0110628321485,2.04092828934
ve_re1_n64_t30,25.376,0.0110628319458,2.04092840734
ve_re1_n64_t30,25.384,0.0110628317437,2.04092852494
ve_re1_n64_t30,25.392,0.0110628315424,2.04092864213
ve_re1_n64_t30,25.4,0.0110628313418,2.04092875892
ve_re1_n64_t30,25.408,0.0110628311418,2.0409288753
ve_re1_n64_t30,25.416,0.0110628309426,2.04092899128
ve_re1_n64_t30,25.424,0.011062830744,2.04092910685
ve_re1_n64_t30,25.432,0.0110628305461,2.04092922202
ve_re1_n64_t30,25.44,0.0110628303489,2.0409293368
ve_re1_n64_t30,25.448,0.0110628301524,2.04092945118
ve_re1_n64_t30,25.456,0.0110628299566,2.04092956516
ve_re1_n64_t30,25.464,0.0110628297615,2.04092967874
ve_re1_n64_t30,25.472,0.011062829567,2.04092979193
ve_re1_n64_t30,25.48,0.0110628293732,2.04092990473
ve_re1_n64_t30,25.488,0.0110628291801,2.04093001714
ve_re1_n64_t30,25.496,0.0110628289877,2.04093012916
ve_re1_n64_t30,25.504,0.0110628287959,2.04093024079
ve_re1_n64_t30,25.512,0.0110628286048,2.04093035203
ve_re1_n64_t30,25.52,0.0110628284143,2.04093046289
ve_re1_n64_t30,25.528,0.0110628282246,2.04093057337
ve_re1_n64_t30,25.536,0.0110628280354,2.04093068346
ve_re1_n64_t30,25.544,0.011062827847,2.04093079317
ve_re1_n64_t30,25.552,0.0110628276592,2.04093090249
ve_re1_n64_t30,25.56,0.011062827472,2.04093101144
ve_re1_n64_t30,25.568,0.0110628272855,2.04093112002
ve_re1_n64_t30,25.576,0.0110628270996,2.04093122821
ve_re1_n64_t30,25.584,0.0110628269144,2.04093133603
ve_re1_n64_t30,25.592,0.0110628267298,2.04093144348
ve_re1_n64_t30,25.6,0.0110628265459,2.04093155056
ve_re1_n64_t30,25.608,0.0110628263626,2.04093165726
ve_re1_n64_t30,25.616,0.01106282618,2.04093176359
ve_re1_n64_t30,25.624,0.011062825998,2.04093186956
ve_re1_n64_t30,25.632,0.0110628258166,2.04093197516
ve_re1_n64_t30,25.64,0.0110628256358,2.04093208039
ve_re1_n64_t30,25.648,0.0110628254557,2.04093218526
ve_re1_n64_t30,25.656,0.0110628252762,2.04093228976
ve_re1_n64_t30,25.664,0.0110628250973,2.0409323939
ve_re1_n64_t30,25.672,0.011062824919,2.04093249768
ve_re1_n64_t30,25.68,0.0110628247414,2.0409326011
ve_re1_n64_t30,25.688,0.0110628245644,2.04093270416
ve_re1_n64_t30,25.696,0.011062824388,2.04093280687
ve_re1_n64_t30,25.704,0.0110628242122,2.04093290922
ve_re1_n64_t30,25.712,0.011062824037,2.04093301121
ve_re1_n64_t30,25.72,0.0110628238624,2.04093311285
ve_re1_n64_t30,25.728,0.0110628236884,2.04093321414
ve_re1_n64_t30,25.736,0.0110628235151,2.04093331508
ve_re1_n64_t30,25.744,0.0110628233423,2.04093341566
ve_re1_n64_t30,25.752,0.0110628231701,2.0409335159
ve_re1_n64_t30,25.76,0.0110628229986,2.04093361579
ve_re1_n64_t30,25.768,0.0110628228276,2.04093371534
ve_re1_n64_t30,25.776,0.0110628226572,2.04093381454
ve_re1_n64_t30,25.784,0.0110628224875,2.04093391339
ve_re1_n64_t30,25.792,0.0110628223183,2.04093401191
ve_re1_n64_t30,25.8,0.0110628221497,2.04093411008
ve_re1_n64_t30,25.808,0.0110628219816,2.04093420791
ve_re1_n64_t30,25.816,0.0110628218142,2.0409343054
ve_re1_n64_t30,25.824,0.0110628216474,2.04093440256
ve_re1_n64_t30,25.832,0.0110628214811,2.04093449937
ve_re1_n64_t30,25.84,0.0110628213154,2.04093459586
ve_re1_n64_t30,25.848,0.0110628211503,2.040934692
ve_re1_n64_t30,25.856,0.0110628209857,2.04093478782
ve_re1_n64_t30,25.864,0.0110628208217,2.0409348833
ve_re1_n64_t30,25.872,0.0110628206583,2.04093497845
ve_re1_n64_t30,25.88,0.0110628204955,2.04093507327
ve_re1_n64_t30,25.888,0.0110628203332,2.04093516776
ve_re1_n64_t30,25.896,0.0110628201715,2.04093526193
ve_re1_n64_t30,25.904,0.0110628200104,2.04093535577
ve_re1_n64_t30,25.912,0.0110628198498,2.04093544928
ve_re1_n64_t30,25.92,0.0110628196898,2.04093554247
ve_re1_n64_t30,25.928,0.0110628195303,2.04093563534
ve_re1_n64_t30,25.936,0.0110628193714,2.04093572788
ve_re1_n64_t30,25.944,0.011062819213,2.0409358201
ve_re1_n64_t30,25.952,0.0110628190552,2.04093591201
ve_re1_n64_t30,25.96,0.0110628188979,2.04093600359
ve_re1_n64_t30,25.968,0.0110628187412,2.04093609486
ve_re1_n64_t30,25.976,0.011062818585,2.04093618581
ve_re1_n64_t30,25.984,0.0110628184294,2.04093627644
ve_re1_n64_t30,25.992,0.0110628182743,2.04093636677
ve_re1_n64_t30,26,0.0110628181198,2.04093645677
ve_re1_n64_t30,26.008,0.0110628179657,2.04093654647
ve_re1_n64_t30,26.016,0.0110628178123,2.04093663586
ve_re1_n64_t30,26.024,0.0110628176593,2.04093672493
ve_re1_n64_t30,26.032,0.0110628175069,2.0409368137
ve_re1_n64_t30,26.04,0.011062817355,2.04093690216
ve_re1_n64_t30,26.048,0.0110628172037,2.04093699031
ve_re1_n64_t30,26.056,0.0110628170528,2.04093707815
ve_re1_n64_t30,26.064,0.0110628169025,2.0409371657
ve_re1_n64_t30,26.072,0.0110628167527,2.04093725293
ve_re1_n64_t30,26.08,0.0110628166035,2.04093733987
ve_re1_n64_t30,26.088,0.0110628164547,2.04093742651
ve_re1_n64_t30,26.096,0.0110628163065,2.04093751284
ve_re1_n64_t30,26.104,0.0110628161588,2.04093759887
ve_re1_n64_t30,26.112,0.0110628160116,2.04093768461
ve_re1_n64_t30,26.12,0.0110628158649,2.04093777005
ve_re1_n64_t30,26.128,0.0110628157187,2.04093785519
ve_re1_n64_t30,26.136,0.011062815573,2.04093794004
ve_re1_n64_t30,26.144,0.0110628154279,2.0409380246
ve_re1_n64_t30,26.152,0.0110628152832,2.04093810886
ve_re1_n64_t30,26.16,0.011062815139,2.04093819282
ve_re1_n64_t30,26.168,0.0110628149954,2.0409382765
ve_re1_n64_t30,26.176,0.0110628148522,2.04093835989
ve_re1_n64_t30,26.184,0.0110628147096,2.04093844299
ve_re1_n64_t30,26.192,0.0110628145674,2.0409385258
ve_re1_n64_t30,26.2,0.0110628144257,2.04093860832
ve_re1_n64_t30,26.208,0.0110628142845,2.04093869056
ve_re1_n64_t30,26.216,0.0110628141439,2.04093877251
ve_re1_n64_t30,26.224,0.0110628140037,2.04093885418
ve_re1_n64_t30,26.232,0.0110628138639,2.04093893556
ve_re1_n64_t30,26.24,0.0110628137247,2.04093901666
ve_re1_n64_t30,26.248,0.011062813586,2.04093909748
ve_re1_n64_t30,26.256,0.0110628134477,2.04093917802
ve_re1_n64_t30,26.264,0.0110628133099,2.04093925829
ve_re1_n64_t30,26.272,0.0110628131726,2.04093933827
ve_re1_n64_t30,26.28,0.0110628130358,2.04093941798
ve_re1_n64_t30,26.288,0.0110628128995,2.04093949741
ve_re1_n64_t30,26.296,0.0110628127636,2.04093957656
ve_re1_n64_t30,26.304,0.0110628126282,2.04093965544
ve_re1_n64_t30,26.312,0.0110628124933,2.04093973405
ve_re1_n64_t30,26.32,0.0110628123588,2.04093981238
ve_re1_n64_t30,26.328,0.0110628122248,2.04093989044
ve_re1_n64_t30,26.336,0.0110628120913,2.04093996823
ve_re1_n64_t30,26.344,0.0110628119582,2.04094004575
ve_re1_n64_t30,26.352,0.0110628118256,2.04094012301
ve_re1_n64_t30,26.36,0.0110628116935,2.04094019999
ve_re1_n64_t30,26.368,0.0110628115618,2.04094027671
ve_re1_n64_t30,26.376,0.0110628114306,2.04094035316
ve_re1_n64_t30,26.384,0.0110628112998,2.04094042935
ve_re1_n64_t30,26.392,0.0110628111695,2.04094050527
ve_re1_n64_t30,26.4,0.0110628110396,2.04094058093
ve_re1_n64_t30,26.408,0.0110628109102,2.04094065633
ve_re1_n64_t30,26.416,0.0110628107812,2.04094073146
ve_re1_n64_t30,26.424,0.0110628106527,2.04094080634
ve_re1_n64_t30,26.432,0.0110628105247,2.04094088095
ve_re1_n64_t30,26.44,0.0110628103971,2.04094095531
ve_re1_n64_t30,26.448,0.0110628102699,2.04094102941
ve_re1_n64_t30,26.456,0.0110628101431,2.04094110325
ve_re1_n64_t30,26.464,0.0110628100168,2.04094117684
ve_re1_n64_t30,26.472,0.011062809891,2.04094125017
ve_re1_n64_t30,26.48,0.0110628097656,2.04094132324
ve_re1_n64_t30,26.488,0.0110628096406,2.04094139607
ve_re1_n64_t30,26.496,0.011062809516,2.04094146864
ve_re1_n64_t30,26.504,0.0110628093919,2.04094154096
ve_re1_n64_t30,26.512,0.0110628092683,2.04094161303
ve_re1_n64_t30,26.52,0.011062809145,2.04094168484
ve_re1_n64_t30,26.528,0.0110628090222,2.04094175641
ve_re1_n64_t30,26.536,0.0110628088998,2.04094182773
ve_re1_n64_t30,26.544,0.0110628087778,2.04094189881
ve_re1_n64_t30,26.552,0.0110628086563,2.04094196963
ve_re1_n64_t30,26.56,0.0110628085351,2.04094204022
ve_re1_n64_t30,26.568,0.0110628084144,2.04094211055
ve_re1_n64_t30,26.576,0.0110628082941,2.04094218065
ve_re1_n64_t30,26.584,0.0110628081743,2.0409422505
ve_re1_n64_t30,26.592,0.0110628080548,2.0409423201
ve_re1_n64_t30,26.6,0.0110628079358,2.04094238947
ve_re1_n64_t30,26.608,0.0110628078172,2.0409424586
ve_re1_n64_t30,26.616,0.011062807699,2.04094252748
ve_re1_n64_t30,26.624,0.0110628075812,2.04094259613
ve_re1_n64_t30,26.632,0.0110628074638,2.04094266454
ve_re1_n64_t30,26.64,0.0110628073468,2.04094273271
ve_re1_n64_t30,26.648,0.0110628072302,2.04094280064
ve_re1_n64_t30,26.656,0.0110628071141,2.04094286834
ve_re1_n64_t30,26.664,0.0110628069983,2.04094293581
ve_re1_n64_t30,26.672,0.0110628068829,2.04094300304
ve_re1_n64_t30,26.68,0.011062806768,2.04094307004
ve_re1_n64_t30,26.688,0.0110628066534,2.0409431368
ve_re1_n64_t30,26.696,0.0110628065393,2.04094320334
ve_re1_n64_t30,26.704,0.0110628064255,2.04094326964
ve_re1_n64_t30,26.712,0.0110628063121,2.04094333571
ve_re1_n64_t30,26.72,0.0110628061991,2.04094340156
ve_re1_n64_t30,26.728,0.0110628060866,2.04094346717
ve_re1_n64_t30,26.736,0.0110628059744,2.04094353256
ve_re1_n64_t30,26.744,0.0110628058626,2.04094359772
ve_re1_n64_t30,26.752,0.0110628057512,2.04094366266
ve_re1_n64_t30,26.76,0.0110628056401,2.04094372737
ve_re1_n64_t30,26.768,0.0110628055295,2.04094379186
ve_re1_n64_t30,26.776,0.0110628054192,2.04094385612
ve_re1_n64_t30,26.784,0.0110628053094,2.04094392016
ve_re1_n64_t30,26.792,0.0110628051999,2.04094398398
ve_re1_n64_t30,26.8,0.0110628050908,2.04094404757
ve_re1_n64_t30,26.808,0.011062804982,2.04094411095
ve_re1_n64_t30,26.816,0.0110628048737,2.0409441741
ve_re1_n64_t30,26.824,0.0110628047657,2.04094423704
ve_re1_n64_t30,26.832,0.0110628046581,2.04094429976
ve_re1_n64_t30,26.84,0.0110628045509,2.04094436226
ve_re1_n64_t30,26.848,0.011062804444,2.04094442454
ve_re1_n64_t30,26.856,0.0110628043375,2.04094448661
ve_re1_n64_t30,26.864,0.0110628042314,2.04094454846
ve_re1_n64_t30,26.872,0.0110628041257,2.0409446101
ve_re1_n64_t30,26.88,0.0110628040203,2.04094467153
ve_re1_n64_t30,26.888,0.0110628039153,2.04094473274
ve_re1_n64_t30,26.896,0.0110628038107,2.04094479374
ve_re1_n64_t30,26.904,0.0110628037064,2.04094485452
ve_re1_n64_t30,26.912,0.0110628036025,2.0409449151
ve_re1_n64_t30,26.92,0.0110628034989,2.04094497547
ve_re1_n64_t30,26.928,0.0110628033957,2.04094503562
ve_re1_n64_t30,26.936,0.0110628032929,2.04094509557
ve_re1_n64_t30,26.944,0.0110628031904,2.04094515531
ve_re1_n64_t30,26.952,0.0110628030883,2.04094521485
ve_re1_n64_t30,26.96,0.0110628029865,2.04094527417
ve_re1_n64_t30,26.968,0.0110628028851,2.04094533329
ve_re1_n64_t30,26.976,0.011062802784,2.04094539221
ve_re1_n64_t30,26.984,0.0110628026833,2.04094545092
ve_re1_n64_t30,26.992,0.011062802583,2.04094550943
ve_re1_n64_t30,27,0.011062802483,2.04094556774
ve_re1_n64_t30,27.008,0.0110628023833,2.04094562584
ve_re1_n64_t30,27.016,0.011062802284,2.04094568374
ve_re1_n64_t30,27.024,0.011062802185,2.04094574144
ve_re1_n64_t30,27.032,0.0110628020864,2.04094579894
ve_re1_n64_t30,27.04,0.0110628019881,2.04094585624
ve_re1_n64_t30,27.048,0.0110628018902,2.04094591334
ve_re1_n64_t30,27.056,0.0110628017926,2.04094597025
ve_re1_n64_t30,27.064,0.0110628016953,2.04094602695
ve_re1_n64_t30,27.072,0.0110628015984,2.04094608346
ve_re1_n64_t30,27.08,0.0110628015018,2.04094613978
ve_re1_n64_t30,27.088,0.0110628014055,2.0409461959
ve_re1_n64_t30,27.096,0.0110628013096,2.04094625182
ve_re1_n64_t30,27.104,0.011062801214,2.04094630755
ve_re1_n64_t30,27.112,0.0110628011188,2.04094636309
ve_re1_n64_t30,27.12,0.0110628010239,2.04094641843
ve_re1_n64_t30,27.128,0.0110628009293,2.04094647358
ve_re1_n64_t30,27.136,0.011062800835,2.04094652855
ve_re1_n64_t30,27.144,0.0110628007411,2.04094658332
ve_re1_n64_t30,27.152,0.0110628006475,2.0409466379
ve_re1_n64_t30,27.16,0.0110628005542,2.04094669229
ve_re1_n64_t30,27.168,0.0110628004613,2.04094674649
ve_re1_n64_t30,27.176,0.0110628003686,2.0409468005
ve_re1_n64_t30,27.184,0.0110628002763,2.04094685433
ve_re1_n64_t30,27.192,0.0110628001843,2.04094690797
ve_re1_n64_t30,27.2,0.0110628000926,2.04094696142
ve_re1_n64_t30,27.208,0.0110628000013,2.04094701469
ve_re1_n64_t30,27.216,0.0110627999103,2.04094706778
ve_re1_n64_t30,27.224,0.0110627998195,2.04094712068
ve_re1_n64_t30,27.232,0.0110627997291,2.04094717339
ve_re1_n64_t30,27.24,0.0110627996391,2.04094722593
ve_re1_n64_t30,27.248,0.0110627995493,2.04094727828
ve_re1_n64_t30,27.256,0.0110627994598,2.04094733045
ve_re1_n64_t30,27.264,0.0110627993707,2.04094738243
ve_re1_n64_t30,27.272,0.0110627992818,2.04094743424
ve_re1_n64_t30,27.28,0.0110627991933,2.04094748587
ve_re1_n64_t30,27.288,0.0110627991051,2.04094753732
ve_re1_n64_t30,27.296,0.0110627990172,2.04094758859
ve_re1_n64_t30,27.304,0.0110627989296,2.04094763968
ve_re1_n64_t30,27.312,0.0110627988422,2.0409476906
ve_re1_n64_t30,27.32,0.0110627987552,2.04094774134
ve_re1_n64_t30,27.328,0.0110627986685,2.0409477919
ve_re1_n64_t30,27.336,0.0110627985821,2.04094784229
ve_re1_n64_t30,27.344,0.011062798496,2.0409478925
ve_re1_n64_t30,27.352,0.0110627984103,2.04094794254
ve_re1_n64_t30,27.36,0.0110627983248,2.04094799241
ve_re1_n64_t30,27.368,0.0110627982395,2.0409480421
ve_re1_n64_t30,27.376,0.0110627981546,2.04094809162
ve_re1_n64_t30,27.384,0.01106279807,2.04094814097
ve_re1_n64_t30,27.392,0.0110627979857,2.04094819014
ve_re1_n64_t30,27.4,0.0110627979017,2.04094823915
ve_re1_n64_t30,27.408,0.011062797818,2.04094828798
ve_re1_n64_t30,27.416,0.0110627977345,2.04094833665
ve_re1_n64_t30,27.424,0.0110627976514,2.04094838515
ve_re1_n64_t30,27.432,0.0110627975685,2.04094843348
ve_re1_n64_t30,27.44,0.0110627974859,2.04094848164
ve_re1_n64_t30,27.448,0.0110627974036,2.04094852963
ve_re1_n64_t30,27.456,0.0110627973216,2.04094857746
ve_re1_n64_t30,27.464,0.0110627972399,2.04094862513
ve_re1_n64_t30,27.472,0.0110627971585,2.04094867262
ve_re1_n64_t30,27.48,0.0110627970774,2.04094871995
ve_re1_n64_t30,27.488,0.0110627969965,2.04094876712
ve_re1_n64_t30,27.496,0.0110627969159,2.04094881413
ve_re1_n64_t30,27.504,0.0110627968356,2.04094886097
ve_re1_n64_t30,27.512,0.0110627967556,2.04094890765
ve_re1_n64_t30,27.52,0.0110627966758,2.04094895416
ve_re1_n64_t30,27.528,0.0110627965964,2.04094900052
ve_re1_n64_t30,27.536,0.0110627965172,2.04094904671
ve_re1_n64_t30,27.544,0.0110627964383,2.04094909275
ve_re1_n64_t30,27.552,0.0110627963596,2.04094913862
ve_re1_n64_t30,27.56,0.0110627962812,2.04094918434
ve_re1_n64_t30,27.568,0.0110627962032,2.04094922989
ve_re1_n64_t30,27.576,0.0110627961253,2.04094927529
ve_re1_n64_t30,27.584,0.0110627960478,2.04094932053
ve_re1_n64_t30,27.592,0.0110627959705,2.04094936562
ve_re1_n64_t30,27.6,0.0110627958935,2.04094941055
ve_re1_n64_t30,27.608,0.0110627958167,2.04094945532
ve_re1_n64_t30,27.616,0.0110627957402,2.04094949993
ve_re1_n64_t30,27.624,0.011062795664,2.0409495444
ve_re1_n64_t30,27.632,0.0110627955881,2.0409495887
ve_re1_n64_t30,27.64,0.0110627955124,2.04094963286
ve_re1_n64_t30,27.648,0.011062795437,2.04094967686
ve_re1_n64_t30,27.656,0.0110627953618,2.04094972071
ve_re1_n64_t30,27.664,0.0110627952869,2.0409497644
ve_re1_n64_t30,27.672,0.0110627952123,2.04094980795
ve_re1_n64_t30,27.68,0.0110627951379,2.04094985134
ve_re1_n64_t30,27.688,0.0110627950638,2.04094989458
ve_re1_n64_t30,27.696,0.0110627949899,2.04094993767
ve_re1_n64_t30,27.704,0.0110627949163,2.04094998062
ve_re1_n64_t30,27.712,0.011062794843,2.04095002341
ve_re1_n64_t30,27.72,0.0110627947699,2.04095006606
ve_re1_n64_t30,27.728,0.011062794697,2.04095010855
ve_re1_n64_t30,27.736,0.0110627946244,2.0409501509
ve_re1_n64_t30,27.744,0.0110627945521,2.04095019311
ve_re1_n64_t30,27.752,0.01106279448,2.04095023516
ve_re1_n64_t30,27.76,0.0110627944082,2.04095027707
ve_re1_n64_t30,27.768,0.0110627943366,2.04095031884
ve_re1_n64_t30,27.776,0.0110627942653,2.04095036046
ve_re1_n64_t30,27.784,0.0110627941942,2.04095040193
ve_re1_n64_t30,27.792,0.0110627941234,2.04095044327
ve_re1_n64_t30,27.8,0.0110627940528,2.04095048445
ve_re1_n64_t30,27.808,0.0110627939824,2.0409505255
ve_re1_n64_t30,27.816,0.0110627939123,2.0409505664
ve_re1_n64_t30,27.824,0.0110627938425,2.04095060716
ve_re1_n64_t30,27.832,0.0110627937729,2.04095064778
ve_re1_n64_t30,27.84,0.0110627937035,2.04095068826
ve_re1_n64_t30,27.848,0.0110627936344,2.0409507286
ve_re1_n64_t30,27.856,0.0110627935655,2.0409507688
ve_re1_n64_t30,27.864,0.0110627934968,2.04095080886
ve_re1_n64_t30,27.872,0.0110627934284,2.04095084878
ve_re1_n64_t30,27.88,0.0110627933602,2.04095088856
ve_re1_n64_t30,27.888,0.0110627932923,2.0409509282
ve_re1_n64_t30,27.896,0.0110627932246,2.04095096771
ve_re1_n64_t30,27.904,0.0110627931571,2.04095100708
ve_re1_n64_t30,27.912,0.0110627930899,2.04095104631
ve_re1_n64_t30,27.92,0.0110627930229,2.0409510854
ve_re1_n64_t30,27.928,0.0110627929561,2.04095112436
ve_re1_n64_t30,27.936,0.0110627928896,2.04095116319
ve_re1_n64_t30,27.944,0.0110627928233,2.04095120188
ve_re1_n64_t30,27.952,0.0110627927572,2.04095124043
ve_re1_n64_t30,27.96,0.0110627926914,2.04095127886
ve_re1_n64_t30,27.968,0.0110627926258,2.04095131715
ve_re1_n64_t30,27.976,0.0110627925604,2.0409513553
ve_re1_n64_t30,27.984,0.0110627924953,2.04095139333
ve_re1_n64_t30,27.992,0.0110627924303,2.04095143122
ve_re1_n64_t30,28,0.0110627923656,2.04095146898
ve_re1_n64_t30,28.008,0.0110627923011,2.04095150661
ve_re1_n64_t30,28.016,0.0110627922369,2.0409515441
ve_re1_n64_t30,28.024,0.0110627921729,2.04095158147
ve_re1_n64_t30,28.032,0.0110627921091,2.04095161871
ve_re1_n64_t30,28.04,0.0110627920455,2.04095165582
ve_re1_n64_t30,28.048,0.0110627919821,2.0409516928
ve_re1_n64_t30,28.056,0.011062791919,2.04095172965
ve_re1_n64_t30,28.064,0.011062791856,2.04095176638
ve_re1_n64_t30,28.072,0.0110627917933,2.04095180297
ve_re1_n64_t30,28.08,0.0110627917308,2.04095183944
ve_re1_n64_t30,28.088,0.0110627916686,2.04095187579
ve_re1_n64_t30,28.096,0.0110627916065,2.040951912
ve_re1_n64_t30,28.104,0.0110627915447,2.0409519481
ve_re1_n64_t30,28.112,0.0110627914831,2.04095198406
ve_re1_n64_t30,28.12,0.0110627914217,2.0409520199
ve_re1_n64_t30,28.128,0.0110627913605,2.04095205562
ve_re1_n64_t30,28.136,0.0110627912995,2.04095209121
ve_re1_n64_t30,28.144,0.0110627912387,2.04095212668
ve_re1_n64_t30,28.152,0.0110627911782,2.04095216203
ve_re1_n64_t30,28.16,0.0110627911178,2.04095219725
ve_re1_n64_t30,28.168,0.0110627910577,2.04095223235
ve_re1_n64_t30,28.176,0.0110627909978,2.04095226733
ve_re1_n64_t30,28.184,0.011062790938,2.04095230219
ve_re1_n64_t30,28.192,0.0110627908785,2.04095233693
ve_re1_n64_t30,28.2,0.0110627908192,2.04095237154
ve_re1_n64_t30,28.208,0.0110627907601,2.04095240604
ve_re1_n64_t30,28.216,0.0110627907012,2.04095244042
ve_re1_n64_t30,28.224,0.0110627906425,2.04095247468
ve_re1_n64_t30,28.232,0.0110627905841,2.04095250881
ve_re1_n64_t30,28.24,0.0110627905258,2.04095254283
ve_re1_n64_t30,28.248,0.0110627904677,2.04095257674
ve_re1_n64_t30,28.256,0.0110627904098,2.04095261052
ve_re1_n64_t30,28.264,0.0110627903521,2.04095264419
ve_re1_n64_t30,28.272,0.0110627902947,2.04095267774
ve_re1_n64_t30,28.28,0.0110627902374,2.04095271117
ve_re1_n64_t30,28.288,0.0110627901803,2.04095274449
ve_re1_n64_t30,28.296,0.0110627901235,2.04095277769
ve_re1_n64_t30,28.304,0.0110627900668,2.04095281078
ve_re1_n64_t30,28.312,0.0110627900103,2.04095284375
ve_re1_n64_t30,28.32,0.011062789954,2.04095287661
ve_re1_n64_t30,28.328,0.0110627898979,2.04095290935
ve_re1_n64_t30,28.336,0.011062789842,2.04095294198
ve_re1_n64_t30,28.344,0.0110627897863,2.0409529745
ve_re1_n64_t30,28.352,0.0110627897308,2.0409530069
ve_re1_n64_t30,28.36,0.0110627896755,2.04095303919
ve_re1_n64_t30,28.368,0.0110627896204,2.04095307137
ve_re1_n64_t30,28.376,0.0110627895655,2.04095310344
ve_re1_n64_t30,28.384,0.0110627895107,2.04095313539
ve_re1_n64_t30,28.392,0.0110627894562,2.04095316724
ve_re1_n64_t30,28.4,0.0110627894018,2.04095319897
ve_re1_n64_t30,28.408,0.0110627893477,2.0409532306
ve_re1_n64_t30,28.416,0.0110627892937,2.04095326211
ve_re1_n64_t30,28.424,0.0110627892399,2.04095329352
ve_re1_n64_t30,28.432,0.0110627891863,2.04095332481
ve_re1_n64_t30,28.44,0.0110627891329,2.040953356
ve_re1_n64_t30,28.448,0.0110627890796,2.04095338708
ve_re1_n64_t30,28.456,0.0110627890266,2.04095341805
ve_re1_n64_t30,28.464,0.0110627889737,2.04095344892
ve_re1_n64_t30,28.472,0.011062788921,2.04095347967
ve_re1_n64_t30,28.48,0.0110627888686,2.04095351032
ve_re1_n64_t30,28.488,0.0110627888162,2.04095354087
ve_re1_n64_t30,28.496,0.0110627887641,2.0409535713
ve_re1_n64_t30,28.504,0.0110627887122,2.04095360164
ve_re1_n64_t30,28.512,0.0110627886604,2.04095363186
ve_re1_n64_t30,28.52,0.0110627886088,2.04095366198
ve_re1_n64_t30,28.528,0.0110627885574,2.040953692
ve_re1_n64_t30,28.536,0.0110627885062,2.04095372191
ve_re1_n64_t30,28.544,0.0110627884551,2.04095375172
ve_re1_n64_t30,28.552,0.0110627884042,2.04095378143
ve_re1_n64_t30,28.56,0.0110627883535,2.04095381103
ve_re1_n64_t30,28.568,0.011062788303,2.04095384053
ve_re1_n64_t30,28.576,0.0110627882527,2.04095386993
ve_re1_n64_t30,28.584,0.0110627882025,2.04095389922
ve_re1_n64_t30,28.592,0.0110627881525,2.04095392842
ve_re1_n64_t30,28.6,0.0110627881027,2.04095395751
ve_re1_n64_t30,28.608,0.011062788053,2.0409539865
ve_re1_n64_t30,28.616,0.0110627880036,2.04095401539
ve_re1_n64_t30,28.624,0.0110627879543,2.04095404418
ve_re1_n64_t30,28.632,0.0110627879051,2.04095407287
ve_re1_n64_t30,28.64,0.0110627878562,2.04095410146
ve_re1_n64_t30,28.648,0.0110627878074,2.04095412995
ve_re1_n64_t30,28.656,0.0110627877588,2.04095415835
ve_re1_n64_t30,28.664,0.0110627877103,2.04095418664
ve_re1_n64_t30,28.672,0.011062787662,2.04095421484
ve_re1_n64_t30,28.68,0.0110627876139,2.04095424293
ve_re1_n64_t30,28.688,0.011062787566,2.04095427093
ve_re1_n64_t30,28.696,0.0110627875182,2.04095429884
ve_re1_n64_t30,28.704,0.0110627874706,2.04095432664
ve_re1_n64_t30,28.712,0.0110627874231,2.04095435435
ve_re1_n64_t30,28.72,0.0110627873758,2.04095438197
ve_re1_n64_t30,28.728,0.0110627873287,2.04095440948
ve_re1_n64_t30,28.736,0.0110627872818,2.04095443691
ve_re1_n64_t30,28.744,0.011062787235,2.04095446423
ve_re1_n64_t30,28.752,0.0110627871884,2.04095449146
ve_re1_n64_t30,28.76,0.0110627871419,2.0409545186
ve_re1_n64_t30,28.768,0.0110627870956,2.04095454564
ve_re1_n64_t30,28.776,0.0110627870494,2.04095457259
ve_re1_n64_t30,28.784,0.0110627870035,2.04095459945
ve_re1_n64_t30,28.792,0.0110627869576,2.04095462621
ve_re1_n64_t30,28.8,0.011062786912,2.04095465288
ve_re1_n64_t30,28.808,0.0110627868665,2.04095467946
ve_re1_n64_t30,28.816,0.0110627868211,2.04095470594
ve_re1_n64_t30,28.824,0.0110627867759,2.04095473234
ve_re1_n64_t30,28.832,0.0110627867309,2.04095475864
ve_re1_n64_t30,28.84,0.011062786686,2.04095478485
ve_re1_n64_t30,28.848,0.0110627866413,2.04095481097
ve_re1_n64_t30,28.856,0.0110627865967,2.04095483699
ve_re1_n64_t30,28.864,0.0110627865523,2.04095486293
ve_re1_n64_t30,28.872,0.0110627865081,2.04095488878
ve_re1_n64_t30,28.88,0.011062786464,2.04095491454
ve_re1_n64_t30,28.888,0.01106278642,2.04095494021
ve_re1_n64_t30,28.896,0.0110627863762,2.04095496578
ve_re1_n64_t30,28.904,0.0110627863326,2.04095499128
ve_re1_n64_t30,28.912,0.0110627862891,2.04095501668
ve_re1_n64_t30,28.92,0.0110627862458,2.04095504199
ve_re1_n64_t30,28.928,0.0110627862026,2.04095506722
ve_re1_n64_t30,28.936,0.0110627861595,2.04095509236
ve_re1_n64_t30,28.944,0.0110627861167,2.04095511741
ve_re1_n64_t30,28.952,0.0110627860739,2.04095514237
ve_re1_n64_t30,28.96,0.0110627860313,2.04095516725
ve_re1_n64_t30,28.968,0.0110627859889,2.04095519204
ve_re1_n64_t30,28.976,0.0110627859466,2.04095521674
ve_re1_n64_t30,28.984,0.0110627859044,2.04095524136
ve_re1_n64_t30,28.992,0.0110627858624,2.0409552659
ve_re1_n64_t30,29,0.0110627858206,2.04095529035
ve_re1_n64_t30,29.008,0.0110627857789,2.04095531396
ve_re1_n64_t30,29.016,0.0110627857373,2.04095533619
ve_re1_n64_t30,29.024,0.0110627856958,2.04095535833
ve_re1_n64_t30,29.032,0.011062785654,2.04095538065
ve_re1_n64_t30,29.04,0.011062785612,2.04095540287
ve_re1_n64_t30,29.048,0.0110627855697,2.0409554251
ve_re1_n64_t30,29.056,0.0110627855273,2.04095544724
ve_re1_n64_t30,29.064,0.0110627854852,2.04095546698
ve_re1_n64_t30,29.072,0.011062785445,2.04095548412
ve_re1_n64_t30,29.08,0.0110627854052,2.0409555017
ve_re1_n64_t30,29.088,0.0110627853652,2.04095551989
ve_re1_n64_t30,29.096,0.0110627853251,2.04095553798
ve_re1_n64_t30,29.104,0.0110627852848,2.04095555607
ve_re1_n64_t30,29.112,0.0110627852446,2.04095557417
ve_re1_n64_t30,29.12,0.0110627852044,2.04095559208
ve_re1_n64_t30,29.128,0.0110627851643,2.04095561052
ve_re1_n64_t30,29.136,0.0110627851244,2.04095562815
ve_re1_n64_t30,29.144,0.0110627850847,2.04095564599
ve_re1_n64_t30,29.152,0.0110627850452,2.04095566354
ve_re1_n64_t30,29.16,0.0110627850059,2.04095568112
ve_re1_n64_t30,29.168,0.0110627849669,2.04095569861
ve_re1_n64_t30,29.176,0.0110627849282,2.04095571612
ve_re1_n64_t30,29.184,0.0110627848897,2.04095573344
ve_re1_n64_t30,29.192,0.0110627848515,2.04095575059
ve_re1_n64_t30,29.2,0.0110627848135,2.04095576787
ve_re1_n64_t30,29.208,0.0110627847759,2.04095578506
ve_re1_n64_t30,29.216,0.0110627847385,2.04095580157
ve_re1_n64_t30,29.224,0.0110627847015,2.04095581831
ve_re1_n64_t30,29.232,0.0110627846688,2.04095582725
ve_re1_n64_t30,29.24,0.011062784644,2.04095583244
ve_re1_n64_t30,29.248,0.0110627846257,2.04095583528
ve_re1_n64_t30,29.256,0.0110627846124,2.04095583675
ve_re1_n64_t30,29.264,0.0110627846028,2.04095583786
ve_re1_n64_t30,29.272,0.0110627845958,2.04095583878
ve_re1_n64_t30,29.28,0.0110627845906,2.04095583943
ve_re1_n64_t30,29.288,0.0110627845868,2.04095583989
ve_re1_n64_t30,29.296,0.0110627845839,2.04095583999
ve_re1_n64_t30,29.304,0.0110627845819,2.04095584009
ve_re1_n64_t30,29.312,0.0110627845804,2.04095584019
ve_re1_n64_t30,29.32,0.0110627845792,2.04095584029
ve_re1_n64_t30,29.328,0.0110627845783,2.04095584054
ve_re1_n64_t30,29.336,0.0110627845776,2.04095584064
ve_re1_n64_t30,29.344,0.0110627845772,2.04095584064
ve_re1_n64_t30,29.352,0.0110627845768,2.04095584064
ve_re1_n64_t30,29.36,0.0110627845766,2.04095584074
ve_re1_n64_t30,29.368,0.0110627845764,2.04095584074
ve_re1_n64_t30,29.376,0.0110627845762,2.04095584074
ve_re1_n64_t30,29.384,0.0110627845761,2.04095584074
ve_re1_n64_t30,29.392,0.0110627845761,2.04095584074
ve_re1_n64_t30,29.4,0.011062784576,2.04095584074
ve_re1_n64_t30,29.408,0.011062784576,2.04095584074
ve_re1_n64_t30,29.416,0.0110627845759,2.04095584074
ve_re1_n64_t30,29.424,0.0110627845759,2.04095584074
ve_re1_n64_t30,29.432,0.0110627845759,2.04095584074
ve_re1_n64_t30,29.44,0.0110627845759,2.04095584074
ve_re1_n64_t30,29.448,0.0110627845758,2.04095584074
ve_re1_n64_t30,29.456,0.0110627845758,2.04095584074
ve_re1_n64_t30,29.464,0.0110627845758,2.04095584074
ve_re1_n64_t30,29.472,0.0110627845758,2.04095584074
ve_re1_n64_t30,29.48,0.0110627845758,2.04095584074
ve_re1_n64_t30,29.488,0.0110627845758,2.04095584074
ve_re1_n64_t30,29.496,0.0110627845758,2.04095584074
ve_re1_n64_t30,29.504,0.0110627845758,2.04095584074
ve_re1_n64_t30,29.512,0.0110627845758,2.04095584074
ve_re1_n64_t30,29.52,0.0110627845758,2.04095584074
ve_re1_n64_t30,29.528,0.0110627845758,2.04095584074
ve_re1_n64_t30,29.536,0.0110627845758,2.04095584074
ve_re1_n64_t30,29.544,0.0110627845758,2.04095584074
ve_re1_n64_t30,29.552,0.0110627845758,2.04095584074
ve_re1_n64_t30,29.56,0.0110627845758,2.04095584074
ve_re1_n64_t30,29.568,0.0110627845758,2.04095584074
ve_re1_n64_t30,29.576,0.0110627845758,2.04095584074
ve_re1_n64_t30,29.584,0.0110627845758,2.04095584074
ve_re1_n64_t30,29.592,0.0110627845758,2.04095584074
ve_re1_n64_t30,29.6,0.0110627845758,2.04095584074
ve_re1_n64_t30,29.608,0.0110627845758,2.04095584074
ve_re1_n64_t30,29.616,0.0110627845758,2.04095584074
ve_re1_n64_t30,29.624,0.0110627845758,2.04095584074
ve_re1_n64_t30,29.632,0.0110627845758,2.04095584074
ve_re1_n64_t30,29.64,0.0110627845758,2.04095584074
ve_re1_n64_t30,29.648,0.0110627845758,2.04095584074
ve_re1_n64_t30,29.656,0.0110627845758,2.04095584074
ve_re1_n64_t30,29.664,0.0110627845758,2.04095584074
ve_re1_n64_t30,29.672,0.0110627845758,2.04095584074
ve_re1_n64_t30,29.68,0.0110627845758,2.04095584074
ve_re1_n64_t30,29.688,0.0110627845758,2.04095584074
ve_re1_n64_t30,29.696,0.0110627845758,2.04095584074
ve_re1_n64_t30,29.704,0.0110627845758,2.04095584074
ve_re1_n64_t30,29.712,0.0110627845758,2.04095584074
ve_re1_n64_t30,29.72,0.0110627845758,2.04095584074
ve_re1_n64_t30,29.728,0.0110627845758,2.04095584074
ve_re1_n64_t30,29.736,0.0110627845758,2.04095584074
ve_re1_n64_t30,29.744,0.0110627845758,2.04095584074
ve_re1_n64_t30,29.752,0.0110627845758,2.04095584074
ve_re1_n64_t30,29.76,0.0110627845758,2.04095584074
ve_re1_n64_t30,29.768,0.0110627845758,2.04095584074
ve_re1_n64_t30,29.776,0.0110627845758,2.04095584074
ve_re1_n64_t30,29.784,0.0110627845758,2.04095584074
ve_re1_n64_t30,29.792,0.0110627845758,2.04095584074
ve_re1_n64_t30,29.8,0.0110627845758,2.04095584074
ve_re1_n64_t30,29.808,0.0110627845758,2.04095584074
ve_re1_n64_t30,29.816,0.0110627845758,2.04095584074
ve_re1_n64_t30,29.824,0.0110627845758,2.04095584074
ve_re1_n64_t30,29.832,0.0110627845758,2.04095584074
ve_re1_n64_t30,29.84,0.0110627845758,2.04095584074
ve_re1_n64_t30,29.848,0.0110627845758,2.04095584074
ve_re1_n64_t30,29.856,0.0110627845758,2.04095584074
ve_re1_n64_t30,29.864,0.0110627845758,2.04095584074
ve_re1_n64_t30,29.872,0.0110627845758,2.04095584074
ve_re1_n64_t30,29.88,0.0110627845758,2.04095584074
ve_re1_n64_t30,29.888,0.0110627845758,2.04095584074
ve_re1_n64_t30,29.896,0.0110627845758,2.04095584074
ve_re1_n64_t30,29.904,0.0110627845758,2.04095584074
ve_re1_n64_t30,29.912,0.0110627845758,2.04095584074
ve_re1_n64_t30,29.92,0.0110627845758,2.04095584074
ve_re1_n64_t30,29.928,0.0110627845758,2.04095584074
ve_re1_n64_t30,29.936,0.0110627845758,2.04095584074
ve_re1_n64_t30,29.944,0.0110627845758,2.04095584074
ve_re1_n64_t30,29.952,0.0110627845758,2.04095584074
ve_re1_n64_t30,29.96,0.0110627845758,2.04095584074
ve_re1_n64_t30,29.968,0.0110627845758,2.04095584074
ve_re1_n64_t30,29.976,0.0110627845758,2.04095584074
ve_re1_n64_t30,29.984,0.0110627845758,2.04095584074
ve_re1_n64_t30,29.992,0.0110627845758,2.04095584074
ve_re1_n64_t30,30,0.0110627845758,2.04095584074
ve_re001_n128,0,0,0
ve_re001_n128,0.008,2.64166200226e-09,1.30263225133e-11
ve_re001_n128,0.016,3.41261402008e-09,6.07955403109e-11
ve_re001_n128,0.024,4.40815251047e-09,1.57318358685e-10
ve_re001_n128,0.032,5.69390499327e-09,3.21015075223e-10
ve_re001_n128,0.04,7.35445945182e-09,5.76212367236e-10
ve_re001_n128,0.048,9.49901187621e-09,9.54932333159e-10
ve_re001_n128,0.056,1.2268535321e-08,1.49921080363e-09
ve_re001_n128,0.064,1.58450178073e-08,2.26409992338e-09
ve_re001_n128,0.072,2.04633764123e-08,3.321554949e-09
ve_re001_n128,0.08,2.64268220153e-08,4.76546333037e-09
ve_re001_n128,0.088,3.41266702705e-08,6.71814890413e-09
ve_re001_n128,0.096,4.40678792077e-08,9.33878052472e-09
ve_re001_n128,0.104,5.69019594887e-08,1.28342384678e-08
ve_re001_n128,0.112,7.34693720598e-08,1.74731517466e-08
ve_re001_n128,0.12,9.48541280914e-08,2.36040248291e-08
ve_re001_n128,0.128,1.22454073584e-07,3.16786363991e-08
ve_re001_n128,0.136,1.58071321097e-07,4.22822318841e-08
ve_re001_n128,0.144,2.04028540539e-07,5.61724667635e-08
ve_re001_n128,0.152,2.63318410952e-07,7.43296158181e-08
ve_re001_n128,0.16,3.39795554061e-07,9.80212782065e-08
ve_re001_n128,0.168,4.38422827367e-07,1.28885722894e-07
ve_re001_n128,0.176,5.65587083826e-07,1.69039186981e-07
ve_re001_n128,0.184,7.29503569637e-07,2.21213929928e-07
ve_re001_n128,0.192,9.40733227585e-07,2.88935743609e-07
ve_re001_n128,0.2,1.21284353311e-06,3.76752029072e-07
ve_re001_n128,0.208,1.5632513849e-06,4.90524606492e-07
ve_re001_n128,0.216,2.01429630952e-06,6.37805287704e-07
ve_re001_n128,0.224,2.5946041605e-06,8.28317108743e-07
ve_re001_n128,0.232,3.34081595329e-06,1.07457023202e-06
ve_re001_n128,0.24,4.29977382813e-06,1.39264917044e-06
ve_re001_n128,0.248,5.53127666766e-06,1.8032174951e-06
ve_re001_n128,0.256,7.11154178787e-06,2.33279795319e-06
ve_re001_n128,0.264,9.13753631117e-06,3.01540038147e-06
ve_re001_n128,0.272,1.17323718737e-05,3.89458742965e-06
ve_re001_n128,0.28,1.50519881699e-05,5.02608940258e-06
ve_re001_n128,0.288,1.92933825481e-05,6.48110496306e-06
ve_re001_n128,0.296,2.47046712156e-05,8.35045439926e-06
ve_re001_n128,0.304,3.15972876132e-05,1.07497868663e-05
ve_re001_n128,0.312,4.0360627886e-05,1.38260823593e-05
ve_re001_n128,0.32,5.14794319598e-05,1.7765732562e-05
ve_re001_n128,0.328,6.55541279588e-05,2.28045307778e-05
ve_re001_n128,0.336,8.33242503673e-05,2.92399474604e-05
ve_re001_n128,0.344,0.000105694847795,3.74461105159e-05
ve_re001_n128,0.352,0.000133765501519,4.7891942787e-05
ve_re001_n128,0.36,0.000168861158478,6.11629248749e-05
ve_re001_n128,0.368,0.000212563424082,7.7986939029e-05
ve_re001_n128,0.376,0.000266740254997,9.92645958464e-05
ve_re001_n128,0.384,0.000333571154984,0.000126104334208
ve_re001_n128,0.392,0.000415564056636,0.000159862399166
ve_re001_n128,0.4,0.000515559162696,0.000202187525641
ve_re001_n128,0.408,0.000636714272768,0.000255069774974
ve_re001_n128,0.416,0.000782465742838,0.000320892481394
ve_re001_n128,0.424,0.000956459470028,0.000402485677325
ve_re001_n128,0.432,0.00116244742928,0.000503178680788
ve_re001_n128,0.44,0.00140414753446,0.000626848898446
ve_re001_n128,0.448,0.00168506804597,0.000777963161016
ve_re001_n128,0.456,0.00200830228073,0.000961607518293
ve_re001_n128,0.464,0.00237630458683,0.00118350113805
ve_re001_n128,0.472,0.00279066370712,0.00144999012294
ve_re001_n128,0.48,0.00325189380418,0.00176801766254
ve_re001_n128,0.488,0.00375926551157,0.00214506804929
ve_re001_n128,0.496,0.00431069853492,0.00258908364599
ve_re001_n128,0.504,0.00490273311856,0.00310835581245
ve_re001_n128,0.512,0.00553059034203,0.00371139286564
ve_re001_n128,0.52,0.00618832166717,0.00440677012834
ve_re001_n128,0.528,0.00686903793437,0.00520296876081
ve_re001_n128,0.536,0.00756519884523,0.00610821112293
ve_re001_n128,0.544,0.00826893748853,0.00713030077725
ve_re001_n128,0.552,0.00897239167972,0.00827647488374
ve_re001_n128,0.56,0.00966801501299,0.0095532756133
ve_re001_n128,0.568,0.0103488450775,0.010966445629
ve_re001_n128,0.576,0.0110087131271,0.0125208507845
ve_re001_n128,0.584,0.0116423872668,0.0142204313139
ve_re001_n128,0.592,0.0122456486836,0.0160681809053
ve_re001_n128,0.6,0.012815306485,0.0180661514175
ve_re001_n128,0.608,0.0133491609933,0.0202154801279
ve_re001_n128,0.616,0.0138459275945,0.0225164357254
ve_re001_n128,0.624,0.0143051337137,0.0249684786769
ve_re001_n128,0.632,0.014727000607,0.0275703317163
ve_re001_n128,0.64,0.0151123200246,0.0303200568071
ve_re001_n128,0.648,0.0154623335286,0.0332151352275
ve_re001_n128,0.656,0.0157786201311,0.0362525477466
ve_re001_n128,0.664,0.0160629957674,0.0394288528928
ve_re001_n128,0.672,0.0163174265289,0.0427402608467
ve_re001_n128,0.68,0.0165439561463,0.0461827032346
ve_re001_n128,0.688,0.0167446472329,0.049751896759
ve_re001_n128,0.696,0.0169215353083,0.0534434006448
ve_re001_n128,0.704,0.0170765942183,0.0572526685125
ve_re001_n128,0.712,0.0172117109579,0.0611750933074
ve_re001_n128,0.72,0.0173286689001,0.0652060470198
ve_re001_n128,0.728,0.0174291375413,0.0693409155633
ve_re001_n128,0.736,0.0175146671876,0.0735751265073
ve_re001_n128,0.744,0.0175866882259,0.077904174922
ve_re001_n128,0.752,0.0176465127026,0.0823236438174
ve_re001_n128,0.76,0.017695338699,0.0868292209143
ve_re001_n128,0.768,0.0177342558266,0.0914167130447
ve_re001_n128,0.776,0.0177642518006,0.0960820553749
ve_re001_n128,0.784,0.0177862194994,0.100821321661
ve_re001_n128,0.792,0.0178009642127,0.105630728356
ve_re001_n128,0.8,0.0178092110116,0.110506639403
ve_re001_n128,0.808,0.0178116118439,0.115445573489
ve_re001_n128,0.816,0.0178087521768,0.120444200112
ve_re001_n128,0.824,0.0178011574699,0.125499345298
ve_re001_n128,0.832,0.017789298975,0.130607985569
ve_re001_n128,0.84,0.0177735994166,0.135767247038
ve_re001_n128,0.848,0.0177544378161,0.14097440696
ve_re001_n128,0.856,0.0177321541522,0.146226886481
ve_re001_n128,0.864,0.0177070535986,0.151522248421
ve_re001_n128,0.872,0.0176794102041,0.156858199448
ve_re001_n128,0.88,0.0176494705285,0.16223258109
ve_re001_n128,0.888,0.017617456245,0.167643364478
ve_re001_n128,0.896,0.0175835671331,0.173088652262
ve_re001_n128,0.904,0.0175479836623,0.17856666638
ve_re001_n128,0.912,0.0175108686267,0.1840757399
ve_re001_n128,0.92,0.017472369254,0.189614321706
ve_re001_n128,0.928,0.0174326192127,0.195180972485
ve_re001_n128,0.936,0.0173917402992,0.200774350004
ve_re001_n128,0.944,0.0173498427901,0.206393206598
ve_re001_n128,0.952,0.0173070273356,0.212036390224
ve_re001_n128,0.96,0.017263386262,0.217702844856
ve_re001_n128,0.968,0.017219004511,0.223391588864
ve_re001_n128,0.976,0.0171739593197,0.229101718186
ve_re001_n128,0.984,0.0171283218414,0.234832406965
ve_re001_n128,0.992,0.0170821578925,0.24058290272
ve_re001_n128,1,0.0170355285833,0.246352507527
ve_re001_n128,1.008,0.0169884900164,0.25214058418
ve_re001_n128,1.016,0.0169410939325,0.257946550419
ve_re001_n128,1.024,0.0168933887276,0.263769884536
ve_re001_n128,1.032,0.016845419729,0.269610109681
ve_re001_n128,1.04,0.0167972291083,0.275466786644
ve_re001_n128,1.048,0.0167488562631,0.28133952305
ve_re001_n128,1.056,0.0167003379303,0.287227959656
ve_re001_n128,1.064,0.0166517086999,0.293131781406
ve_re001_n128,1.072,0.0166030012702,0.299050697728
ve_re001_n128,1.08,0.016554246272,0.304984438961
ve_re001_n128,1.088,0.0165054723138,0.310932765101
ve_re001_n128,1.096,0.0164567060591,0.316895452871
ve_re001_n128,1.104,0.0164079727604,0.322872306676
ve_re001_n128,1.112,0.0163592965789,0.328863149222
ve_re001_n128,1.12,0.0163107003332,0.334867805362
ve_re001_n128,1.128,0.0162622051556,0.340886115349
ve_re001_n128,1.136,0.0162138311708,0.346917937007
ve_re001_n128,1.144,0.0161655971898,0.352963147588
ve_re001_n128,1.152,0.0161175214254,0.359021636329
ve_re001_n128,1.16,0.0160696212279,0.365093268478
ve_re001_n128,1.168,0.0160219131125,0.371177913266
ve_re001_n128,1.176,0.015974412319,0.377275441958
ve_re001_n128,1.184,0.0159271333184,0.383385734503
ve_re001_n128,1.192,0.0158800893133,0.389508657971
ve_re001_n128,1.2,0.0158332930233,0.395644087397
ve_re001_n128,1.208,0.0157867566562,0.40179191043
ve_re001_n128,1.216,0.0157404918619,0.407951994883
ve_re001_n128,1.224,0.0156945093396,0.414124204327
ve_re001_n128,1.232,0.0156488192332,0.420308405216
ve_re001_n128,1.24,0.0156034311678,0.426504472344
ve_re001_n128,1.248,0.01555835392,0.432712279934
ve_re001_n128,1.256,0.0155135959178,0.43893170486
ve_re001_n128,1.264,0.0154691653094,0.445162617477
ve_re001_n128,1.272,0.0154250701224,0.451404812747
ve_re001_n128,1.28,0.0153813176461,0.457658077619
ve_re001_n128,1.288,0.0153379144702,0.463922204853
ve_re001_n128,1.296,0.0152948665483,0.470196995231
ve_re001_n128,1.304,0.0152521793134,0.476482228832
ve_re001_n128,1.312,0.0152098574134,0.482777678641
ve_re001_n128,1.32,0.0151679055613,0.489083126412
ve_re001_n128,1.328,0.0151263282241,0.495398370964
ve_re001_n128,1.336,0.0150851295029,0.50172320029
ve_re001_n128,1.344,0.0150443130717,0.508057392216
ve_re001_n128,1.352,0.0150038821891,0.514400738658
ve_re001_n128,1.36,0.0149638401638,0.520753029376
ve_re001_n128,1.368,0.014924189739,0.527114039592
ve_re001_n128,1.376,0.0148849330664,0.533483500822
ve_re001_n128,1.384,0.014846072094,0.539861158219
ve_re001_n128,1.392,0.0148076089608,0.54624673922
ve_re001_n128,1.4,0.0147695456231,0.552639897058
ve_re001_n128,1.408,0.0147318835005,0.559040262674
ve_re001_n128,1.416,0.0146946236046,0.565447488115
ve_re001_n128,1.424,0.0146577666492,0.57186124708
ve_re001_n128,1.432,0.0146213131131,0.578281206204
ve_re001_n128,1.44,0.0145852631404,0.584707042196
ve_re001_n128,1.448,0.0145496163406,0.591138399877
ve_re001_n128,1.456,0.0145143721797,0.59757499041
ve_re001_n128,1.464,0.0144795300341,0.604016528345
ve_re001_n128,1.472,0.0144450895637,0.610462778584
ve_re001_n128,1.48,0.0144110505541,0.616913503973
ve_re001_n128,1.488,0.0143774122778,0.623368419668
ve_re001_n128,1.496,0.0143441737274,0.629827228244
ve_re001_n128,1.504,0.0143113336754,0.636289625384
ve_re001_n128,1.512,0.014278890764,0.642755274206
ve_re001_n128,1.52,0.0142468434885,0.649223831164
ve_re001_n128,1.528,0.0142151900854,0.655694927353
ve_re001_n128,1.536,0.0141839282119,0.66216805454
ve_re001_n128,1.544,0.014153055681,0.668642777173
ve_re001_n128,1.552,0.0141225703851,0.675118673536
ve_re001_n128,1.56,0.0140924702214,0.681595418585
ve_re001_n128,1.568,0.0140627532895,0.68807263124
ve_re001_n128,1.576,0.0140334169678,0.694549969021
ve_re001_n128,1.584,0.0140044585106,0.701027106371
ve_re001_n128,1.592,0.0139758750139,0.707503769603
ve_re001_n128,1.6,0.0139476636538,0.713979677853
ve_re001_n128,1.608,0.0139198216456,0.720454590916
ve_re001_n128,1.616,0.013892346241,0.726928246667
ve_re001_n128,1.624,0.0138652345462,0.733400342306
ve_re001_n128,1.632,0.0138384835681,0.739870537411
ve_re001_n128,1.64,0.0138120901971,0.746338338426
ve_re001_n128,1.648,0.0137860507794,0.752803380421
ve_re001_n128,1.656,0.0137603619687,0.759265305208
ve_re001_n128,1.664,0.0137350203949,0.765723846204
ve_re001_n128,1.672,0.0137100226633,0.772178747573
ve_re001_n128,1.68,0.0136853652906,0.778629742791
ve_re001_n128,1.688,0.0136610449097,0.78507655225
ve_re001_n128,1.696,0.0136370579776,0.791518870263
ve_re001_n128,1.704,0.013613400775,0.797956352459
ve_re001_n128,1.712,0.0135900697183,0.804388677378
ve_re001_n128,1.72,0.0135670611482,0.810815545485
ve_re001_n128,1.728,0.0135443714243,0.81723659386
ve_re001_n128,1.736,0.013521996823,0.823651519639
ve_re001_n128,1.744,0.0134999335588,0.830060074468
ve_re001_n128,1.752,0.0134781779328,0.836462000601
ve_re001_n128,1.76,0.0134567261119,0.842857065982
ve_re001_n128,1.768,0.0134355746704,0.849244901347
ve_re001_n128,1.776,0.0134147199368,0.855624930168
ve_re001_n128,1.784,0.0133941579175,0.861996866201
ve_re001_n128,1.792,0.0133738848217,0.868360386167
ve_re001_n128,1.8,0.0133538968486,0.874715276469
ve_re001_n128,1.808,0.0133341902374,0.881061356376
ve_re001_n128,1.816,0.0133147612506,0.887398445097
ve_re001_n128,1.824,0.0132956061951,0.893726331414
ve_re001_n128,1.832,0.0132767215507,0.900044811146
ve_re001_n128,1.84,0.0132581037473,0.906353693079
ve_re001_n128,1.848,0.013239749043,0.912652750396
ve_re001_n128,1.856,0.0132216537149,0.918941753151
ve_re001_n128,1.864,0.013203813985,0.925220453933
ve_re001_n128,1.872,0.0131862260927,0.931488631463
ve_re001_n128,1.88,0.0131688864379,0.937746098965
ve_re001_n128,1.888,0.0131517914024,0.943992668234
ve_re001_n128,1.896,0.0131349372773,0.95022815099
ve_re001_n128,1.904,0.0131183203889,0.956452369448
ve_re001_n128,1.912,0.0131019370254,0.962665163602
ve_re001_n128,1.92,0.013085783589,0.968866376206
ve_re001_n128,1.928,0.0130698565913,0.975055804426
ve_re001_n128,1.936,0.0130541526789,0.981233197413
ve_re001_n128,1.944,0.0130386684472,0.987398324278
ve_re001_n128,1.952,0.0130234005121,0.99355072117
ve_re001_n128,1.96,0.0130083450691,0.999690232544
ve_re001_n128,1.968,0.0129934986667,1.00581658217
ve_re001_n128,1.976,0.0129788580513,1.01192954294
ve_re001_n128,1.984,0.0129644200176,1.01802900351
ve_re001_n128,1.992,0.012950181296,1.02411486381
ve_re001_n128,2,0.0129361386246,1.03018701813
ve_re001_n128,2.008,0.0129222888175,1.03624536247
ve_re001_n128,2.016,0.0129086287191,1.04228976529
ve_re001_n128,2.024,0.0128951553151,1.04831993358
ve_re001_n128,2.032,0.0128818655878,1.05433567757
ve_re001_n128,2.04,0.0128687566204,1.06033685083
ve_re001_n128,2.048,0.0128558255233,1.06632329872
ve_re001_n128,2.056,0.0128430693711,1.07229487758
ve_re001_n128,2.064,0.0128304853193,1.07825144173
ve_re001_n128,2.072,0.0128180705393,1.0841928463
ve_re001_n128,2.08,0.0128058221984,1.09011894742
ve_re001_n128,2.088,0.0127937378066,1.0960294674
ve_re001_n128,2.096,0.0127818146449,1.1019240656
ve_re001_n128,2.104,0.0127700498373,1.1078026839
ve_re001_n128,2.112,0.0127584406566,1.11366527921
ve_re001_n128,2.12,0.0127469843635,1.11951179629
ve_re001_n128,2.128,0.0127356783163,1.12534216898
ve_re001_n128,2.136,0.0127245199312,1.13115632591
ve_re001_n128,2.144,0.0127135066648,1.13695417388
ve_re001_n128,2.152,0.0127026359295,1.14273562991
ve_re001_n128,2.16,0.0126919051912,1.14850062745
ve_re001_n128,2.168,0.0126813120138,1.15424910713
ve_re001_n128,2.176,0.012670854029,1.15998101614
ve_re001_n128,2.184,0.0126605288091,1.16569632371
ve_re001_n128,2.192,0.0126503340614,1.17139494789
ve_re001_n128,2.2,0.0126402674786,1.17707659478
ve_re001_n128,2.208,0.0126303265846,1.18274119537
ve_re001_n128,2.216,0.01262050912,1.18838863464
ve_re001_n128,2.224,0.012610812855,1.19401890427
ve_re001_n128,2.232,0.0126012356172,1.19963202833
ve_re001_n128,2.24,0.0125917753266,1.20522795495
ve_re001_n128,2.248,0.0125824299723,1.21080655782
ve_re001_n128,2.256,0.0125731974957,1.21636779797
ve_re001_n128,2.264,0.0125640758629,1.22191165981
ve_re001_n128,2.272,0.0125550630452,1.22743809471
ve_re001_n128,2.28,0.0125461570217,1.23294703873
ve_re001_n128,2.288,0.012537355888,1.23843846224
ve_re001_n128,2.296,0.012528657811,1.2439123074
ve_re001_n128,2.304,0.0125200611205,1.24936838448
ve_re001_n128,2.312,0.0125115644334,1.25480635229
ve_re001_n128,2.32,0.012503165871,1.26022606328
ve_re001_n128,2.328,0.0124948637774,1.26562754103
ve_re001_n128,2.336,0.0124866563541,1.27101080527
ve_re001_n128,2.344,0.0124785419174,1.27637586066
ve_re001_n128,2.352,0.0124705188161,1.28172272413
ve_re001_n128,2.36,0.0124625854548,1.28705138772
ve_re001_n128,2.368,0.01245474032,1.29236182948
ve_re001_n128,2.376,0.0124469819741,1.29765398309
ve_re001_n128,2.384,0.0124393089202,1.30292771188
ve_re001_n128,2.392,0.012431719676,1.30818297556
ve_re001_n128,2.4,0.0124242127279,1.31341974268
ve_re001_n128,2.408,0.0124167866788,1.31863797168
ve_re001_n128,2.416,0.0124094402042,1.32383761905
ve_re001_n128,2.424,0.0124021719582,1.32901863525
ve_re001_n128,2.432,0.0123949804997,1.33418097249
ve_re001_n128,2.44,0.0123878645592,1.339324569
ve_re001_n128,2.448,0.0123808228759,1.34444932028
ve_re001_n128,2.456,0.012373854155,1.34955520708
ve_re001_n128,2.464,0.012366957311,1.35464227439
ve_re001_n128,2.472,0.0123601311774,1.35971050073
ve_re001_n128,2.48,0.0123533745325,1.36475983487
ve_re001_n128,2.488,0.0123466861832,1.36979023418
ve_re001_n128,2.496,0.0123400649965,1.37480165768
ve_re001_n128,2.504,0.0123335098494,1.37979405457
ve_re001_n128,2.512,0.0123270196347,1.38476739419
ve_re001_n128,2.52,0.0123205932754,1.3897216414
ve_re001_n128,2.528,0.012314229708,1.39465676383
ve_re001_n128,2.536,0.0123079279415,1.39957272139
ve_re001_n128,2.544,0.0123016868912,1.40446947
ve_re001_n128,2.552,0.0122955055902,1.40934699046
ve_re001_n128,2.56,0.0122893830615,1.41420526037
ve_re001_n128,2.568,0.0122833183602,1.4190442551
ve_re001_n128,2.576,0.0122773105729,1.42386393237
ve_re001_n128,2.584,0.0122713588002,1.42866422473
ve_re001_n128,2.592,0.0122654621106,1.43344511636
ve_re001_n128,2.6,0.0122596195635,1.43820661156
ve_re001_n128,2.608,0.0122538302834,1.44294866596
ve_re001_n128,2.616,0.012248093397,1.4476712544
ve_re001_n128,2.624,0.0122424081032,1.45237436654
ve_re001_n128,2.632,0.0122367736828,1.45705792688
ve_re001_n128,2.64,0.0122311893364,1.46172184604
ve_re001_n128,2.648,0.0122256542896,1.46636614096
ve_re001_n128,2.656,0.0122201678759,1.47099078621
ve_re001_n128,2.664,0.0122147293959,1.47559555825
ve_re001_n128,2.672,0.012209338031,1.48018047335
ve_re001_n128,2.68,0.0122039930487,1.48474560395
ve_re001_n128,2.688,0.0121986937593,1.48929098177
ve_re001_n128,2.696,0.0121934395153,1.4938166427
ve_re001_n128,2.704,0.0121882296763,1.49832264864
ve_re001_n128,2.712,0.0121830635965,1.50280906997
ve_re001_n128,2.72,0.0121779406677,1.50727594939
ve_re001_n128,2.728,0.0121728602699,1.51172331105
ve_re001_n128,2.736,0.0121678217656,1.51615120557
ve_re001_n128,2.744,0.0121628245663,1.52055968266
ve_re001_n128,2.752,0.0121578681232,1.5249487871
ve_re001_n128,2.76,0.012152951914,1.52931852005
ve_re001_n128,2.768,0.0121480754407,1.53366884003
ve_re001_n128,2.776,0.0121432381663,1.53799977222
ve_re001_n128,2.784,0.0121384395407,1.54231138227
ve_re001_n128,2.792,0.0121336790817,1.54660371015
ve_re001_n128,2.8,0.01212895628,1.55087672641
ve_re001_n128,2.808,0.0121242706582,1.55513043827
ve_re001_n128,2.816,0.0121196217195,1.55936488181
ve_re001_n128,2.824,0.0121150090057,1.5635801114
ve_re001_n128,2.832,0.0121104320046,1.56777618407
ve_re001_n128,2.84,0.0121058902645,1.57195313757
ve_re001_n128,2.848,0.0121013833801,1.57611096843
ve_re001_n128,2.856,0.0120969109093,1.58024971202
ve_re001_n128,2.864,0.0120924724304,1.58436936161
ve_re001_n128,2.872,0.0120880675971,1.58846995025
ve_re001_n128,2.88,0.0120836961164,1.59255149458
ve_re001_n128,2.888,0.0120793576489,1.59661402715
ve_re001_n128,2.896,0.0120750518503,1.60065753475
ve_re001_n128,2.904,0.0120707783981,1.60468205124
ve_re001_n128,2.912,0.012066536989,1.60868762372
ve_re001_n128,2.92,0.0120623272901,1.61267429675
ve_re001_n128,2.928,0.0120581489166,1.61664210815
ve_re001_n128,2.936,0.0120540015503,1.62059109821
ve_re001_n128,2.944,0.0120498849017,1.6245212683
ve_re001_n128,2.952,0.0120457986444,1.62843254124
ve_re001_n128,2.96,0.0120417424621,1.63232492047
ve_re001_n128,2.968,0.0120377160437,1.6361984367
ve_re001_n128,2.976,0.0120337190731,1.64005312117
ve_re001_n128,2.984,0.01202975126,1.64388899126
ve_re001_n128,2.992,0.0120258123286,1.64770608074
ve_re001_n128,3,0.0120219019642,1.65150440164
ve_re001_n128,3.008,0.0120180197971,1.65528393478
ve_re001_n128,3.016,0.0120141656069,1.65904471368
ve_re001_n128,3.024,0.0120103391371,1.66278677734
ve_re001_n128,3.032,0.0120065401212,1.66651017112
ve_re001_n128,3.04,0.0120027682772,1.67021492673
ve_re001_n128,3.048,0.0119990233329,1.67390108832
ve_re001_n128,3.056,0.011995305087,1.67756873891
ve_re001_n128,3.064,0.0119916133726,1.68121794378
ve_re001_n128,3.072,0.0119879479201,1.68484869184
ve_re001_n128,3.08,0.0119843084407,1.68846104712
ve_re001_n128,3.088,0.011980694668,1.69205507129
ve_re001_n128,3.096,0.0119771063656,1.69563081851
ve_re001_n128,3.104,0.0119735432653,1.69918834347
ve_re001_n128,3.112,0.0119700051169,1.70272770319
ve_re001_n128,3.12,0.0119664917015,1.70624895322
ve_re001_n128,3.128,0.0119630028216,1.70975213072
ve_re001_n128,3.136,0.011959538241,1.71323723541
ve_re001_n128,3.144,0.0119560977065,1.71670431873
ve_re001_n128,3.152,0.0119526809885,1.72015344074
ve_re001_n128,3.16,0.0119492878523,1.72358464325
ve_re001_n128,3.168,0.0119459180623,1.72699796043
ve_re001_n128,3.176,0.0119425714008,1.73039344975
ve_re001_n128,3.184,0.0119392476556,1.7337711716
ve_re001_n128,3.192,0.0119359465905,1.7371311877
ve_re001_n128,3.2,0.0119326679461,1.74047354963
ve_re001_n128,3.208,0.0119294114966,1.74379825512
ve_re001_n128,3.216,0.0119261770035,1.74710536147
ve_re001_n128,3.224,0.0119229642493,1.75039493077
ve_re001_n128,3.232,0.0119197730487,1.75366702089
ve_re001_n128,3.24,0.0119166032099,1.75692168894
ve_re001_n128,3.248,0.0119134545348,1.7601589579
ve_re001_n128,3.256,0.0119103268109,1.76337888535
ve_re001_n128,3.264,0.0119072198047,1.76658153637
ve_re001_n128,3.272,0.0119041332409,1.76976697781
ve_re001_n128,3.28,0.0119010669311,1.7729352439
ve_re001_n128,3.288,0.0118980206607,1.77608635778
ve_re001_n128,3.296,0.0118949941923,1.77922037978
ve_re001_n128,3.304,0.0118919872885,1.78233737389
ve_re001_n128,3.312,0.01188899976,1.78543737636
ve_re001_n128,3.32,0.0118860314262,1.78852043893
ve_re001_n128,3.328,0.0118830820403,1.79158660787
ve_re001_n128,3.336,0.0118801513778,1.79463594217
ve_re001_n128,3.344,0.0118772392494,1.79766848954
ve_re001_n128,3.352,0.0118743455052,1.80068428537
ve_re001_n128,3.36,0.0118714699834,1.80368338341
ve_re001_n128,3.368,0.0118686125218,1.80666577689
ve_re001_n128,3.376,0.0118657729627,1.80963150774
ve_re001_n128,3.384,0.0118629511203,1.8125806341
ve_re001_n128,3.392,0.0118601467991,1.81551321633
ve_re001_n128,3.4,0.0118573598221,1.8184293132
ve_re001_n128,3.408,0.0118545900298,1.82132898505
ve_re001_n128,3.416,0.0118518372726,1.82421229204
ve_re001_n128,3.424,0.0118491013885,1.82707929371
ve_re001_n128,3.432,0.0118463822175,1.82993004322
ve_re001_n128,3.44,0.0118436795831,1.83276458809
ve_re001_n128,3.448,0.0118409933149,1.8355829878
ve_re001_n128,3.456,0.0118383232953,1.83838524602
ve_re001_n128,3.464,0.0118356694044,1.84117139679
ve_re001_n128,3.472,0.0118330315278,1.84394149773
ve_re001_n128,3.48,0.0118304095375,1.8466956093
ve_re001_n128,3.488,0.0118278032968,1.84943379363
ve_re001_n128,3.496,0.0118252126878,1.8521561152
ve_re001_n128,3.504,0.0118226375665,1.85486264273
ve_re001_n128,3.512,0.0118200777901,1.85755343804
ve_re001_n128,3.52,0.011817533237,1.86022854671
ve_re001_n128,3.528,0.0118150037853,1.86288802276
ve_re001_n128,3.536,0.0118124893216,1.86553191394
ve_re001_n128,3.544,0.0118099897125,1.8681602847
ve_re001_n128,3.552,0.0118075048546,1.87077314781
ve_re001_n128,3.56,0.0118050346572,1.873370533
ve_re001_n128,3.568,0.0118025790132,1.87595250456
ve_re001_n128,3.576,0.0118001378142,1.87851912805
ve_re001_n128,3.584,0.011797710979,1.88107046869
ve_re001_n128,3.592,0.0117952984167,1.8836065945
ve_re001_n128,3.6,0.0117929000136,1.88612757335
ve_re001_n128,3.608,0.0117905156732,1.88863347287
ve_re001_n128,3.616,0.011788145296,1.89112435668
ve_re001_n128,3.624,0.0117857887822,1.89360028902
ve_re001_n128,3.632,0.0117834460169,1.89606133765
ve_re001_n128,3.64,0.0117811169038,1.89850757061
ve_re001_n128,3.648,0.0117788013756,1.90093905288
ve_re001_n128,3.656,0.0117764993518,1.90335580634
ve_re001_n128,3.664,0.011774210725,1.90575786879
ve_re001_n128,3.672,0.0117719353298,1.9081453105
ve_re001_n128,3.68,0.0117696730687,1.91051818562
ve_re001_n128,3.688,0.0117674238545,1.91287656543
ve_re001_n128,3.696,0.0117651876032,1.9152205228
ve_re001_n128,3.704,0.011762964232,1.91755013106
ve_re001_n128,3.712,0.0117607536485,1.91986546476
ve_re001_n128,3.72,0.0117585557779,1.92216659613
ve_re001_n128,3.728,0.0117563705672,1.92445359641
ve_re001_n128,3.736,0.0117541979523,1.92672653942
ve_re001_n128,3.744,0.0117520378552,1.92898550022
ve_re001_n128,3.752,0.0117498901926,1.93123054958
ve_re001_n128,3.76,0.0117477548626,1.93346176175
ve_re001_n128,3.768,0.01174563179,1.93567915835
ve_re001_n128,3.776,0.0117435209042,1.9378827676
ve_re001_n128,3.784,0.0117414221246,1.94007265835
ve_re001_n128,3.792,0.0117393353762,1.94224890647
ve_re001_n128,3.8,0.011737260591,1.94441158746
ve_re001_n128,3.808,0.0117351976716,1.94656078043
ve_re001_n128,3.816,0.0117331465655,1.9486965619
ve_re001_n128,3.824,0.0117311072387,1.95081900418
ve_re001_n128,3.832,0.0117290796442,1.95292818053
ve_re001_n128,3.84,0.0117270637101,1.95502416433
ve_re001_n128,3.848,0.0117250593645,1.95710703044
ve_re001_n128,3.856,0.0117230665348,1.95917685312
ve_re001_n128,3.864,0.011721085131,1.96123371046
ve_re001_n128,3.872,0.0117191150649,1.96327768442
ve_re001_n128,3.88,0.0117171562465,1.96530885327
ve_re001_n128,3.888,0.0117152086164,1.96732726234
ve_re001_n128,3.896,0.0117132721333,1.96933293237
ve_re001_n128,3.904,0.0117113467477,1.97132593409
ve_re001_n128,3.912,0.0117094323941,1.973306339
ve_re001_n128,3.92,0.0117075290026,1.97527421821
ve_re001_n128,3.928,0.0117056364984,1.97722964508
ve_re001_n128,3.936,0.0117037547959,1.9791726953
ve_re001_n128,3.944,0.0117018838255,1.98110343333
ve_re001_n128,3.952,0.011700023532,1.98302190738
ve_re001_n128,3.96,0.0116981738577,1.98492818795
ve_re001_n128,3.968,0.011696334744,1.98682234901
ve_re001_n128,3.976,0.0116945061302,1.98870446544
ve_re001_n128,3.984,0.0116926879431,1.9905746134
ve_re001_n128,3.992,0.011690880111,1.99243286886
ve_re001_n128,4,0.0116890825636,1.99427929815
ve_re001_n128,4.008,0.011687295237,1.99611396793
ve_re001_n128,4.016,0.0116855180944,1.99793694763
ve_re001_n128,4.024,0.0116837511137,1.99974824336
ve_re001_n128,4.032,0.0116819942314,2.00154790915
ve_re001_n128,4.04,0.0116802473612,2.00333601823
ve_re001_n128,4.048,0.0116785104098,2.00511264207
ve_re001_n128,4.056,0.0116767832957,2.00687784111
ve_re001_n128,4.064,0.0116750659397,2.00863167429
ve_re001_n128,4.072,0.0116733582688,2.01037420208
ve_re001_n128,4.08,0.0116716602467,2.01210549274
ve_re001_n128,4.088,0.011669971819,2.01382561775
ve_re001_n128,4.096,0.0116682929264,2.01553464878
ve_re001_n128,4.104,0.0116666234935,2.0172326577
ve_re001_n128,4.112,0.0116649634433,2.01891972023
ve_re001_n128,4.12,0.0116633126917,2.02059591305
ve_re001_n128,4.128,0.0116616711725,2.02226131023
ve_re001_n128,4.136,0.0116600388171,2.02391598327
ve_re001_n128,4.144,0.011658415563,2.02556000338
ve_re001_n128,4.152,0.0116568013515,2.02719344046
ve_re001_n128,4.16,0.0116551961218,2.02881636237
ve_re001_n128,4.168,0.0116535998453,2.03042879667
ve_re001_n128,4.176,0.0116520124866,2.03203079188
ve_re001_n128,4.184,0.0116504340038,2.03362241106
ve_re001_n128,4.192,0.0116488643445,2.03520372428
ve_re001_n128,4.2,0.0116473034574,2.03677480568
ve_re001_n128,4.208,0.0116457512889,2.03833573357
ve_re001_n128,4.216,0.0116442077879,2.03988657449
ve_re001_n128,4.224,0.0116426728962,2.04142739293
ve_re001_n128,4.232,0.011641146529,2.04295826229
ve_re001_n128,4.24,0.0116396285975,2.04447925518
ve_re001_n128,4.248,0.011638119029,2.04599044285
ve_re001_n128,4.256,0.0116366177614,2.04749189472
ve_re001_n128,4.264,0.0116351247267,2.04898368063
ve_re001_n128,4.272,0.011633639881,2.05046586956
ve_re001_n128,4.28,0.0116321631968,2.0519385235
ve_re001_n128,4.288,0.0116306946054,2.05340170989
ve_re001_n128,4.296,0.011629234048,2.05485549725
ve_re001_n128,4.304,0.011627781465,2.05629995347
ve_re001_n128,4.312,0.0116263367911,2.05773514561
ve_re001_n128,4.32,0.0116248999635,2.05916113989
ve_re001_n128,4.328,0.0116234709532,2.06057796002
ve_re001_n128,4.336,0.0116220497367,2.06198564338
ve_re001_n128,4.344,0.0116206362756,2.06338425461
ve_re001_n128,4.352,0.0116192305448,2.06477385791
ve_re001_n128,4.36,0.0116178325085,2.06615451763
ve_re001_n128,4.368,0.0116164421067,2.06752629992
ve_re001_n128,4.376,0.011615059259,2.06888927106
ve_re001_n128,4.384,0.0116136838822,2.07024349757
ve_re001_n128,4.392,0.0116123158923,2.0715890458
ve_re001_n128,4.4,0.0116109552107,2.07292597866
ve_re001_n128,4.408,0.0116096017745,2.07425435255
ve_re001_n128,4.416,0.011608255519,2.07557423113
ve_re001_n128,4.424,0.0116069163718,2.07688567807
ve_re001_n128,4.432,0.0116055842666,2.07818875584
ve_re001_n128,4.44,0.0116042591477,2.07948352635
ve_re001_n128,4.448,0.0116029409589,2.08077005046
ve_re001_n128,4.456,0.0116016296516,2.08204838761
ve_re001_n128,4.464,0.0116003251726,2.08331859604
ve_re001_n128,4.472,0.0115990274617,2.08458073306
ve_re001_n128,4.48,0.0115977364626,2.08583485644
ve_re001_n128,4.488,0.0115964521253,2.08708103053
ve_re001_n128,4.496,0.0115951744142,2.08831934046
ve_re001_n128,4.504,0.0115939032879,2.08954981843
ve_re001_n128,4.512,0.0115926387242,2.09077247954
ve_re001_n128,4.52,0.0115913806968,2.09198738281
ve_re001_n128,4.528,0.0115901291601,2.09319458758
ve_re001_n128,4.536,0.0115888840692,2.09439415291
ve_re001_n128,4.544,0.0115876453755,2.09558613674
ve_re001_n128,4.552,0.0115864130218,2.09677059266
ve_re001_n128,4.56,0.0115851869442,2.09794757226
ve_re001_n128,4.568,0.0115839670826,2.09911713234
ve_re001_n128,4.576,0.0115827533785,2.10027932963
ve_re001_n128,4.584,0.0115815457631,2.10143422071
ve_re001_n128,4.592,0.011580344167,2.1025818604
ve_re001_n128,4.6,0.0115791485187,2.10372230412
ve_re001_n128,4.608,0.0115779587553,2.10485560678
ve_re001_n128,4.616,0.0115767748208,2.10598182116
ve_re001_n128,4.624,0.011575596676,2.10710099805
ve_re001_n128,4.632,0.0115744242715,2.10821318942
ve_re001_n128,4.64,0.0115732575563,2.10931844717
ve_re001_n128,4.648,0.0115720964699,2.11041682381
ve_re001_n128,4.656,0.0115709409617,2.11150837064
ve_re001_n128,4.664,0.0115697909841,2.11259313895
ve_re001_n128,4.672,0.0115686464931,2.11367117924
ve_re001_n128,4.68,0.0115675074509,2.11474254123
ve_re001_n128,4.688,0.011566373826,2.11580727272
ve_re001_n128,4.696,0.0115652455827,2.11686541904
ve_re001_n128,4.704,0.0115641226942,2.11791698239
ve_re001_n128,4.712,0.0115630051319,2.11896198778
ve_re001_n128,4.72,0.0115618928552,2.12000048229
ve_re001_n128,4.728,0.0115607858199,2.12103251532
ve_re001_n128,4.736,0.0115596839861,2.1220581359
ve_re001_n128,4.744,0.0115585873151,2.12307739145
ve_re001_n128,4.752,0.0115574957702,2.12409032894
ve_re001_n128,4.76,0.011556409296,2.12509699742
ve_re001_n128,4.768,0.0115553278337,2.12609744431
ve_re001_n128,4.776,0.0115542513305,2.12709171581
ve_re001_n128,4.784,0.0115531797249,2.12807985837
ve_re001_n128,4.792,0.01155211295,2.12906191808
ve_re001_n128,4.8,0.0115510509489,2.13003793948
ve_re001_n128,4.808,0.0115499936712,2.1310079666
ve_re001_n128,4.816,0.0115489410731,2.13197204129
ve_re001_n128,4.824,0.0115478931232,2.13293020388
ve_re001_n128,4.832,0.0115468497922,2.13388249613
ve_re001_n128,4.84,0.0115458110574,2.13482895903
ve_re001_n128,4.848,0.0115447768888,2.13576963392
ve_re001_n128,4.856,0.0115437472636,2.13670456207
ve_re001_n128,4.864,0.0115427221564,2.13763378217
ve_re001_n128,4.872,0.0115417015289,2.13855733397
ve_re001_n128,4.88,0.0115406853334,2.13947525804
ve_re001_n128,4.888,0.0115396735251,2.14038759366
ve_re001_n128,4.896,0.011538666063,2.14129438011
ve_re001_n128,4.904,0.0115376629131,2.14219565624
ve_re001_n128,4.912,0.0115366640459,2.14309146036
ve_re001_n128,4.92,0.0115356694411,2.14398180722
ve_re001_n128,4.928,0.0115346790959,2.14486669907
ve_re001_n128,4.936,0.0115336929868,2.14574617507
ve_re001_n128,4.944,0.0115327110811,2.14662027514
ve_re001_n128,4.952,0.0115317333483,2.1474890392
ve_re001_n128,4.96,0.0115307597621,2.1483525076
ve_re001_n128,4.968,0.0115297902898,2.14921072024
ve_re001_n128,4.976,0.0115288249,2.15006371559
ve_re001_n128,4.984,0.0115278635512,2.15091153218
ve_re001_n128,4.992,0.0115269061982,2.15175420876
ve_re001_n128,5,0.0115259527983,2.15259178312
ve_re001_n128,5.008,0.0115250033152,2.15342429176
ve_re001_n128,5.016,0.0115240577124,2.15425176812
ve_re001_n128,5.024,0.0115231159549,2.15507424755
ve_re001_n128,5.032,0.0115221780154,2.15589176564
ve_re001_n128,5.04,0.0115212438629,2.15670435815
ve_re001_n128,5.048,0.0115203134666,2.15751206066
ve_re001_n128,5.056,0.0115193867946,2.1583149089
ve_re001_n128,5.064,0.0115184638127,2.15911293928
ve_re001_n128,5.072,0.0115175444878,2.15990618795
ve_re001_n128,5.08,0.0115166287897,2.16069469062
ve_re001_n128,5.088,0.0115157166894,2.16147848326
ve_re001_n128,5.096,0.0115148081578,2.1622576008
ve_re001_n128,5.104,0.011513903169,2.16303207846
ve_re001_n128,5.112,0.011513001703,2.16380195139
ve_re001_n128,5.12,0.0115121037439,2.16456725351
ve_re001_n128,5.128,0.0115112092883,2.16532801616
ve_re001_n128,5.136,0.0115103183349,2.16608427196
ve_re001_n128,5.144,0.0115094308669,2.16683605455
ve_re001_n128,5.152,0.0115085468675,2.16758339765
ve_re001_n128,5.16,0.0115076663209,2.16832633363
ve_re001_n128,5.168,0.0115067892212,2.16906486169
ve_re001_n128,5.176,0.0115059155551,2.16979900037
ve_re001_n128,5.184,0.0115050453019,2.17052878427
ve_re001_n128,5.192,0.0115041784483,2.17125424746
ve_re001_n128,5.2,0.0115033149825,2.17197542355
ve_re001_n128,5.208,0.0115024548917,2.17269234461
ve_re001_n128,5.216,0.0115015981747,2.1734050194
ve_re001_n128,5.224,0.0115007447984,2.17411329968
ve_re001_n128,5.232,0.0114998947386,2.17481717107
ve_re001_n128,5.24,0.0114990479945,2.17551665633
ve_re001_n128,5.248,0.0114982045426,2.17621177934
ve_re001_n128,5.256,0.0114973643546,2.17690256471
ve_re001_n128,5.264,0.0114965274079,2.17758903769
ve_re001_n128,5.272,0.0114956936798,2.17827122441
ve_re001_n128,5.28,0.0114948631491,2.17894915153
ve_re001_n128,5.288,0.0114940357945,2.17962284565
ve_re001_n128,5.296,0.0114932115966,2.18029233301
ve_re001_n128,5.304,0.0114923905398,2.18095763832
ve_re001_n128,5.312,0.0114915726073,2.18161878712
ve_re001_n128,5.32,0.0114907577914,2.18227580425
ve_re001_n128,5.328,0.0114899460965,2.18292871301
ve_re001_n128,5.336,0.0114891375245,2.18357753616
ve_re001_n128,5.344,0.0114883320741,2.18422229752
ve_re001_n128,5.352,0.0114875297433,2.18486302184
ve_re001_n128,5.36,0.0114867305275,2.18549973367
ve_re001_n128,5.368,0.0114859344196,2.18613245748
ve_re001_n128,5.376,0.0114851414116,2.18676121795
ve_re001_n128,5.384,0.0114843514961,2.18738604012
ve_re001_n128,5.392,0.0114835646667,2.18800694936
ve_re001_n128,5.4,0.0114827809134,2.18862397118
ve_re001_n128,5.408,0.0114820002239,2.18923713123
ve_re001_n128,5.416,0.0114812225893,2.18984645492
ve_re001_n128,5.424,0.0114804480073,2.19045196702
ve_re001_n128,5.432,0.0114796764743,2.19105369226
ve_re001_n128,5.44,0.0114789079861,2.19165165404
ve_re001_n128,5.448,0.0114781425479,2.19224584683
ve_re001_n128,5.456,0.0114773801488,2.1928362815
ve_re001_n128,5.464,0.0114766207736,2.19342298296
ve_re001_n128,5.472,0.0114758644212,2.19400597585
ve_re001_n128,5.48,0.0114751110951,2.19458528472
ve_re001_n128,5.488,0.0114743608008,2.19516093378
ve_re001_n128,5.496,0.01147361354,2.19573294752
ve_re001_n128,5.504,0.0114728693146,2.19630134953
ve_re001_n128,5.512,0.0114721281226,2.19686616362
ve_re001_n128,5.52,0.0114713899575,2.1974274144
ve_re001_n128,5.528,0.0114706548072,2.19798512646
ve_re001_n128,5.536,0.01146992266,2.19853932328
ve_re001_n128,5.544,0.0114691935029,2.19909002822
ve_re001_n128,5.552,0.0114684673198,2.19963726476
ve_re001_n128,5.56,0.0114677440948,2.20018105709
ve_re001_n128,5.568,0.0114670238174,2.20072142923
ve_re001_n128,5.576,0.0114663064776,2.20125840518
ve_re001_n128,5.584,0.011465592071,2.20179200863
ve_re001_n128,5.592,0.0114648805917,2.20232226367
ve_re001_n128,5.6,0.0114641720289,2.20284919507
ve_re001_n128,5.608,0.0114634663709,2.20337282781
ve_re001_n128,5.616,0.0114627636121,2.2038931863
ve_re001_n128,5.624,0.0114620637451,2.2044102952
ve_re001_n128,5.632,0.0114613667587,2.20492418055
ve_re001_n128,5.64,0.0114606726432,2.20543486826
ve_re001_n128,5.648,0.011459981394,2.20594238412
ve_re001_n128,5.656,0.0114592930088,2.20644675347
ve_re001_n128,5.664,0.0114586074852,2.20694800194
ve_re001_n128,5.672,0.0114579248188,2.20744615592
ve_re001_n128,5.68,0.0114572450019,2.20794124213
ve_re001_n128,5.688,0.0114565680281,2.20843328641
ve_re001_n128,5.696,0.0114558938875,2.20892231466
ve_re001_n128,5.704,0.0114552225697,2.20940835158
ve_re001_n128,5.712,0.0114545540647,2.20989142235
ve_re001_n128,5.72,0.0114538883683,2.21037155193
ve_re001_n128,5.728,0.0114532254706,2.21084876527
ve_re001_n128,5.736,0.0114525653643,2.21132308584
ve_re001_n128,5.744,0.0114519080412,2.21179453765
ve_re001_n128,5.752,0.0114512534954,2.21226314485
ve_re001_n128,5.76,0.0114506017188,2.21272893164
ve_re001_n128,5.768,0.0114499527061,2.21319192251
ve_re001_n128,5.776,0.0114493064458,2.21365214241
ve_re001_n128,5.784,0.011448662936,2.2141095961
ve_re001_n128,5.792,0.0114480221733,2.21456429452
ve_re001_n128,5.8,0.0114473841471,2.21501626386
ve_re001_n128,5.808,0.0114467488442,2.21546553051
ve_re001_n128,5.816,0.0114461162504,2.21591212093
ve_re001_n128,5.824,0.0114454863538,2.21635606113
ve_re001_n128,5.832,0.011444859141,2.21679737665
ve_re001_n128,5.84,0.0114442346026,2.21723609172
ve_re001_n128,5.848,0.0114436127274,2.21767223158
ve_re001_n128,5.856,0.0114429935017,2.21810582129
ve_re001_n128,5.864,0.0114423769124,2.2185368853
ve_re001_n128,5.872,0.0114417629434,2.21896544867
ve_re001_n128,5.88,0.0114411515762,2.21939153606
ve_re001_n128,5.888,0.0114405427929,2.21981517209
ve_re001_n128,5.896,0.0114399365756,2.22023638166
ve_re001_n128,5.904,0.0114393329055,2.2206551897
ve_re001_n128,5.912,0.0114387317667,2.22107162046
ve_re001_n128,5.92,0.0114381331389,2.22148569884
ve_re001_n128,5.928,0.0114375370049,2.22189744921
ve_re001_n128,5.936,0.0114369433469,2.22230689621
ve_re001_n128,5.944,0.0114363521476,2.22271406442
ve_re001_n128,5.952,0.0114357633924,2.22311897813
ve_re001_n128,5.96,0.0114351770662,2.22352166148
ve_re001_n128,5.968,0.0114345931515,2.22392213759
ve_re001_n128,5.976,0.0114340116244,2.2243204306
ve_re001_n128,5.984,0.0114334324602,2.22471656401
ve_re001_n128,5.992,0.0114328556329,2.22511056127
ve_re001_n128,6,0.0114322811145,2.22550244548
ve_re001_n128,6.008,0.0114317088787,2.22589223961
ve_re001_n128,6.016,0.011431138895,2.22627996654
ve_re001_n128,6.024,0.0114305711346,2.2266656486
ve_re001_n128,6.032,0.0114300055717,2.22704930766
ve_re001_n128,6.04,0.0114294421825,2.22743096504
ve_re001_n128,6.048,0.011428880947,2.22781064124
ve_re001_n128,6.056,0.0114283218495,2.22818835612
ve_re001_n128,6.064,0.0114277648744,2.22856412957
ve_re001_n128,6.072,0.0114272100017,2.22893798126
ve_re001_n128,6.08,0.0114266572107,2.22930993079
ve_re001_n128,6.088,0.0114261064796,2.22967999725
ve_re001_n128,6.096,0.0114255577855,2.23004819978
ve_re001_n128,6.104,0.0114250111091,2.23041455674
ve_re001_n128,6.112,0.011424466429,2.23077908582
ve_re001_n128,6.12,0.0114239237192,2.23114180473
ve_re001_n128,6.128,0.011423382955,2.23150273105
ve_re001_n128,6.136,0.0114228441104,2.23186188203
ve_re001_n128,6.144,0.0114223071633,2.23221927415
ve_re001_n128,6.152,0.0114217720935,2.23257492389
ve_re001_n128,6.16,0.0114212388801,2.23292884737
ve_re001_n128,6.168,0.0114207075029,2.2332810602
ve_re001_n128,6.176,0.0114201779389,2.23363157774
ve_re001_n128,6.184,0.0114196501662,2.23398041512
ve_re001_n128,6.192,0.0114191241642,2.23432758744
ve_re001_n128,6.2,0.011418599914,2.23467310884
ve_re001_n128,6.208,0.0114180773976,2.23501699302
ve_re001_n128,6.216,0.0114175565974,2.23535924724
ve_re001_n128,6.224,0.0114170374993,2.23569986717
ve_re001_n128,6.232,0.0114165200838,2.23603886535
ve_re001_n128,6.24,0.0114160043378,2.23637625393
ve_re001_n128,6.248,0.0114154902447,2.23671204554
ve_re001_n128,6.256,0.0114149777907,2.23704625238
ve_re001_n128,6.264,0.011414466964,2.23737888656
ve_re001_n128,6.272,0.0114139577515,2.23770995995
ve_re001_n128,6.28,0.0114134501429,2.23803948432
ve_re001_n128,6.288,0.0114129441201,2.23836747127
ve_re001_n128,6.296,0.0114124396637,2.23869393229
ve_re001_n128,6.304,0.0114119367536,2.23901887865
ve_re001_n128,6.312,0.0114114353719,2.23934232172
ve_re001_n128,6.32,0.0114109355006,2.23966427311
ve_re001_n128,6.328,0.0114104371206,2.23998474426
ve_re001_n128,6.336,0.0114099402148,2.24030374617
ve_re001_n128,6.344,0.0114094447687,2.2406212894
ve_re001_n128,6.352,0.0114089507713,2.24093738446
ve_re001_n128,6.36,0.011408458206,2.2412520419
ve_re001_n128,6.368,0.0114079670572,2.24156527198
ve_re001_n128,6.376,0.0114074773095,2.24187708523
ve_re001_n128,6.384,0.0114069889531,2.24218749195
ve_re001_n128,6.392,0.0114065019755,2.24249650163
ve_re001_n128,6.4,0.0114060163659,2.24280412349
ve_re001_n128,6.408,0.0114055321136,2.24311036634
ve_re001_n128,6.416,0.0114050492089,2.24341523866
ve_re001_n128,6.424,0.011404567641,2.24371874892
ve_re001_n128,6.432,0.0114040873984,2.24402090575
ve_re001_n128,6.44,0.0114036084716,2.24432171753
ve_re001_n128,6.448,0.0114031308494,2.24462119214
ve_re001_n128,6.456,0.0114026545265,2.24491933719
ve_re001_n128,6.464,0.0114021794967,2.24521616019
ve_re001_n128,6.472,0.0114017057543,2.24551166811
ve_re001_n128,6.48,0.011401233294,2.24580586806
ve_re001_n128,6.488,0.0114007621116,2.24609876732
ve_re001_n128,6.496,0.0114002922028,2.24639037282
ve_re001_n128,6.504,0.0113998235598,2.2466806912
ve_re001_n128,6.512,0.011399356177,2.24696972884
ve_re001_n128,6.52,0.0113988900499,2.24725749231
ve_re001_n128,6.528,0.0113984251723,2.24754398836
ve_re001_n128,6.536,0.0113979615405,2.24782922328
ve_re001_n128,6.544,0.0113974991529,2.24811320303
ve_re001_n128,6.552,0.0113970380065,2.24839593358
ve_re001_n128,6.56,0.0113965781003,2.24867742086
ve_re001_n128,6.56800000001,0.011396119434,2.24895767076
ve_re001_n128,6.57600000001,0.0113956620092,2.24923668909
ve_re001_n128,6.58400000001,0.0113952058249,2.24951448163
ve_re001_n128,6.59200000001,0.0113947508781,2.2497910541
ve_re001_n128,6.60000000001,0.0113942971679,2.25006641195
ve_re001_n128,6.60800000001,0.0113938446954,2.25034056066
ve_re001_n128,6.61600000001,0.0113933934609,2.25061350572
ve_re001_n128,6.62400000001,0.0113929434646,2.25088525215
ve_re001_n128,6.63200000001,0.011392494708,2.25115580449
ve_re001_n128,6.64000000001,0.0113920471911,2.25142516775
ve_re001_n128,6.64800000001,0.0113916009107,2.25169334744
ve_re001_n128,6.65600000001,0.0113911558644,2.25196034898
ve_re001_n128,6.66400000001,0.0113907120565,2.25222617769
ve_re001_n128,6.67200000001,0.0113902694875,2.25249083908
ve_re001_n128,6.68000000001,0.0113898281552,2.2527543388
ve_re001_n128,6.68800000001,0.0113893880573,2.25301668255
ve_re001_n128,6.69600000001,0.0113889491958,2.25327787575
ve_re001_n128,6.70400000001,0.0113885115726,2.25353792399
ve_re001_n128,6.71200000001,0.0113880751909,2.2537968329
ve_re001_n128,6.72000000001,0.0113876400552,2.25405460819
ve_re001_n128,6.72800000001,0.0113872061694,2.25431125573
ve_re001_n128,6.73600000001,0.0113867735378,2.25456678147
ve_re001_n128,6.74400000001,0.0113863421635,2.25482119155
ve_re001_n128,6.75200000001,0.0113859120508,2.25507449198
ve_re001_n128,6.76000000001,0.0113854832017,2.25532668901
ve_re001_n128,6.76800000001,0.0113850556175,2.25557778892
ve_re001_n128,6.77600000001,0.0113846293003,2.25582779825
ve_re001_n128,6.78400000001,0.0113842042533,2.25607672387
ve_re001_n128,6.79200000001,0.0113837804784,2.25632457271
ve_re001_n128,6.80000000001,0.0113833579781,2.25657135177
ve_re001_n128,6.80800000001,0.0113829367553,2.25681706825
ve_re001_n128,6.81600000001,0.0113825168113,2.25706172938
ve_re001_n128,6.82400000001,0.0113820981461,2.25730534313
ve_re001_n128,6.83200000001,0.0113816807597,2.25754791714
ve_re001_n128,6.84000000001,0.0113812646525,2.25778945867
ve_re001_n128,6.84800000001,0.0113808498257,2.25802997048
ve_re001_n128,6.85600000001,0.0113804362833,2.25826945086
ve_re001_n128,6.86400000001,0.0113800240268,2.25850790746
ve_re001_n128,6.87200000001,0.011379613057,2.25874534827
ve_re001_n128,6.88000000001,0.0113792033733,2.25898178129
ve_re001_n128,6.88800000001,0.0113787949743,2.25921721448
ve_re001_n128,6.89600000001,0.0113783878594,2.25945165567
ve_re001_n128,6.90400000001,0.0113779820274,2.25968511243
ve_re001_n128,6.91200000001,0.0113775774773,2.25991759252
ve_re001_n128,6.92000000001,0.0113771742089,2.26014910306
ve_re001_n128,6.92800000001,0.0113767722189,2.26037965153
ve_re001_n128,6.93600000001,0.0113763715031,2.26060924589
ve_re001_n128,6.94400000001,0.0113759720585,2.26083789383
ve_re001_n128,6.95200000001,0.0113755738807,2.26106560303
ve_re001_n128,6.96000000001,0.0113751769633,2.26129238114
ve_re001_n128,6.96800000001,0.0113747812991,2.2615182358
ve_re001_n128,6.97600000001,0.0113743868817,2.26174317454
ve_re001_n128,6.98400000001,0.0113739937051,2.26196720473
ve_re001_n128,6.99200000001,0.0113736017634,2.26219033363
ve_re001_n128,7.00000000001,0.01137321105,2.26241256853
ve_re001_n128,7.00800000001,0.0113728215588,2.26263391688
ve_re001_n128,7.01600000001,0.0113724332833,2.26285438571
ve_re001_n128,7.02400000001,0.0113720462172,2.26307398184
ve_re001_n128,7.03200000001,0.0113716603551,2.26329271175
ve_re001_n128,7.04000000001,0.0113712756917,2.26351058187
ve_re001_n128,7.04800000001,0.011370892222,2.26372759842
ve_re001_n128,7.05600000001,0.0113705099397,2.26394376745
ve_re001_n128,7.06400000001,0.0113701288409,2.26415909504
ve_re001_n128,7.07200000001,0.0113697489206,2.26437358693
ve_re001_n128,7.08000000001,0.0113693701742,2.26458724871
ve_re001_n128,7.08800000001,0.0113689925951,2.26480008573
ve_re001_n128,7.09600000001,0.0113686161774,2.26501210309
ve_re001_n128,7.10400000001,0.0113682409158,2.26522330575
ve_re001_n128,7.11200000001,0.0113678668058,2.26543369848
ve_re001_n128,7.12000000001,0.011367493844,2.26564328572
ve_re001_n128,7.12800000001,0.0113671220254,2.26585207178
ve_re001_n128,7.13600000001,0.0113667513454,2.26606006072
ve_re001_n128,7.14400000001,0.0113663817999,2.26626725622
ve_re001_n128,7.15200000001,0.0113660133828,2.26647366206
ve_re001_n128,7.16000000001,0.0113656460882,2.26667928193
ve_re001_n128,7.16800000001,0.0113652799115,2.26688411947
ve_re001_n128,7.17600000001,0.0113649148471,2.2670881782
ve_re001_n128,7.18400000001,0.01136455089,2.26729146139
ve_re001_n128,7.19200000001,0.0113641880358,2.26749397213
ve_re001_n128,7.20000000001,0.0113638262791,2.26769571349
ve_re001_n128,7.20800000001,0.0113634656149,2.26789668838
ve_re001_n128,7.21600000001,0.0113631060389,2.26809689943
ve_re001_n128,7.22400000001,0.011362747548,2.26829634921
ve_re001_n128,7.23200000001,0.0113623901402,2.26849504008
ve_re001_n128,7.24000000001,0.0113620338117,2.26869297433
ve_re001_n128,7.24800000001,0.0113616785587,2.26889015408
ve_re001_n128,7.25600000001,0.0113613243777,2.26908658123
ve_re001_n128,7.26400000001,0.0113609712644,2.26928225773
ve_re001_n128,7.27200000001,0.0113606192154,2.26947718538
ve_re001_n128,7.28000000001,0.0113602682278,2.26967136582
ve_re001_n128,7.28800000001,0.0113599183003,2.26986480043
ve_re001_n128,7.29600000001,0.0113595694311,2.27005749077
ve_re001_n128,7.30400000001,0.0113592216185,2.27024943839
ve_re001_n128,7.31200000001,0.0113588748612,2.27044064472
ve_re001_n128,7.32000000001,0.0113585291589,2.27063111102
ve_re001_n128,7.32800000001,0.0113581845109,2.27082083865
ve_re001_n128,7.33600000001,0.0113578409169,2.27100982894
ve_re001_n128,7.34400000001,0.0113574983746,2.2711980832
ve_re001_n128,7.35200000001,0.0113571568853,2.2713856027
ve_re001_n128,7.36000000001,0.0113568164495,2.27157238867
ve_re001_n128,7.36800000001,0.01135647707,2.27175844233
ve_re001_n128,7.37600000001,0.0113561387492,2.27194376486
ve_re001_n128,7.38400000001,0.0113558014885,2.27212835739
ve_re001_n128,7.39200000001,0.0113554652894,2.27231222109
ve_re001_n128,7.40000000001,0.0113551301539,2.27249535731
ve_re001_n128,7.40800000001,0.0113547960844,2.27267776738
ve_re001_n128,7.41600000001,0.0113544630831,2.27285945271
ve_re001_n128,7.42400000001,0.0113541311524,2.27304041473
ve_re001_n128,7.43200000001,0.0113538002947,2.27322065477
ve_re001_n128,7.44000000001,0.0113534705118,2.27340017438
ve_re001_n128,7.44800000001,0.0113531418066,2.27357897521
ve_re001_n128,7.45600000001,0.0113528141826,2.27375705908
ve_re001_n128,7.46400000001,0.0113524876417,2.27393442792
ve_re001_n128,7.47200000001,0.0113521621859,2.2741110837
ve_re001_n128,7.48000000001,0.0113518378183,2.27428702851
ve_re001_n128,7.48800000001,0.011351514541,2.27446226451
ve_re001_n128,7.49600000001,0.0113511923558,2.27463679397
ve_re001_n128,7.50400000001,0.011350871264,2.27481061929
ve_re001_n128,7.51200000001,0.0113505512685,2.27498374295
ve_re001_n128,7.52000000001,0.0113502323727,2.27515616758
ve_re001_n128,7.52800000001,0.0113499145795,2.27532789571
ve_re001_n128,7.53600000001,0.0113495978932,2.27549892992
ve_re001_n128,7.54400000001,0.0113492823171,2.27566927289
ve_re001_n128,7.55200000001,0.0113489678533,2.27583892739
ve_re001_n128,7.56000000001,0.0113486545046,2.27600789623
ve_re001_n128,7.56800000001,0.0113483422738,2.27617618234
ve_re001_n128,7.57600000001,0.0113480311637,2.27634378872
ve_re001_n128,7.58400000001,0.0113477211776,2.27651071843
ve_re001_n128,7.59200000001,0.0113474123178,2.27667697464
ve_re001_n128,7.60000000001,0.0113471045869,2.2768425597
ve_re001_n128,7.60800000001,0.0113467979862,2.27700747339
ve_re001_n128,7.61600000001,0.0113464925176,2.27717171838
ve_re001_n128,7.62400000001,0.0113461881824,2.27733529788
ve_re001_n128,7.63200000001,0.011345884982,2.27749821522
ve_re001_n128,7.64000000001,0.0113455829174,2.27766047384
ve_re001_n128,7.64800000001,0.011345281988,2.27782207746
ve_re001_n128,7.65600000001,0.0113449821935,2.27798302997
ve_re001_n128,7.66400000001,0.0113446835347,2.27814333502
ve_re001_n128,7.67200000001,0.0113443860117,2.27830299634
ve_re001_n128,7.68000000001,0.0113440896247,2.27846201768
ve_re001_n128,7.68800000001,0.0113437943716,2.27862040276
ve_re001_n128,7.69600000001,0.0113435002488,2.27877815507
ve_re001_n128,7.70400000001,0.0113432072568,2.27893527839
ve_re001_n128,7.71200000001,0.0113429153979,2.27909177656
ve_re001_n128,7.72000000001,0.0113426246729,2.27924765343
ve_re001_n128,7.72800000001,0.0113423350817,2.27940291283
ve_re001_n128,7.73600000001,0.011342046624,2.27955755851
ve_re001_n128,7.74400000001,0.0113417592981,2.27971159439
ve_re001_n128,7.75200000001,0.0113414731024,2.27986502445
ve_re001_n128,7.76000000001,0.011341188035,2.28001785267
ve_re001_n128,7.76800000001,0.0113409040939,2.28017008308
ve_re001_n128,7.77600000001,0.0113406212765,2.28032171971
ve_re001_n128,7.78400000001,0.0113403395805,2.28047276658
ve_re001_n128,7.79200000001,0.0113400590041,2.28062322775
ve_re001_n128,7.80000000001,0.0113397795458,2.28077310729
ve_re001_n128,7.80800000001,0.0113395012035,2.28092240919
ve_re001_n128,7.81600000001,0.0113392239749,2.28107113755
ve_re001_n128,7.82400000001,0.0113389478568,2.28121929642
ve_re001_n128,7.83200000001,0.0113386728462,2.28136688989
ve_re001_n128,7.84000000001,0.0113383989398,2.28151392201
ve_re001_n128,7.84800000001,0.0113381261341,2.28166039691
ve_re001_n128,7.85600000001,0.0113378544257,2.28180631864
ve_re001_n128,7.86400000001,0.0113375838106,2.28195169123
ve_re001_n128,7.87200000001,0.011337314284,2.28209651869
ve_re001_n128,7.88000000001,0.0113370458413,2.28224080499
ve_re001_n128,7.88800000001,0.0113367784781,2.28238455415
ve_re001_n128,7.89600000001,0.0113365121902,2.28252777016
ve_re001_n128,7.90400000001,0.0113362469729,2.28267045695
ve_re001_n128,7.91200000001,0.0113359828218,2.28281261843
ve_re001_n128,7.92000000001,0.011335719732,2.28295425843
ve_re001_n128,7.92800000001,0.0113354576978,2.28309538076
ve_re001_n128,7.93600000001,0.0113351967136,2.28323598921
ve_re001_n128,7.94400000001,0.0113349367733,2.28337608755
ve_re001_n128,7.95200000001,0.0113346778706,2.28351567952
ve_re001_n128,7.96000000001,0.0113344199993,2.28365476884
ve_re001_n128,7.96800000001,0.0113341631538,2.28379335912
ve_re001_n128,7.97600000001,0.0113339073279,2.28393145396
ve_re001_n128,7.98400000001,0.0113336525156,2.28406905688
ve_re001_n128,7.99200000001,0.0113333987105,2.28420617096
ve_re001_n128,8.00000000001,0.0113331459068,2.28434279951
ve_re001_n128,8.00800000001,0.0113328940981,2.28447894592
ve_re001_n128,8.01600000001,0.0113326432781,2.28461461356
ve_re001_n128,8.02400000001,0.0113323934415,2.28474980575
ve_re001_n128,8.03200000001,0.0113321445822,2.28488452574
ve_re001_n128,8.04000000001,0.0113318966933,2.28501877675
ve_re001_n128,8.04800000001,0.0113316497677,2.28515256194
ve_re001_n128,8.05600000001,0.011331403798,2.28528588443
ve_re001_n128,8.06400000001,0.011331158777,2.2854187473
ve_re001_n128,8.07200000001,0.0113309146977,2.2855511536
ve_re001_n128,8.08000000001,0.0113306715538,2.28568310628
ve_re001_n128,8.08800000001,0.011330429339,2.28581460841
ve_re001_n128,8.09600000001,0.0113301880473,2.28594566296
ve_re001_n128,8.10400000001,0.0113299476731,2.28607627279
ve_re001_n128,8.11200000001,0.0113297082106,2.28620644068
ve_re001_n128,8.12000000001,0.011329469654,2.28633616921
ve_re001_n128,8.12800000001,0.0113292319977,2.28646546108
ve_re001_n128,8.13600000001,0.0113289952364,2.2865943189
ve_re001_n128,8.14400000001,0.0113287593646,2.28672274529
ve_re001_n128,8.15200000001,0.0113285243766,2.28685074286
ve_re001_n128,8.16000000001,0.0113282902666,2.28697831416
ve_re001_n128,8.16800000001,0.0113280570284,2.28710546177
ve_re001_n128,8.17600000001,0.0113278246567,2.28723218823
ve_re001_n128,8.18400000001,0.011327593147,2.28735849598
ve_re001_n128,8.19200000001,0.0113273624942,2.28748438752
ve_re001_n128,8.20000000001,0.0113271326935,2.2876098653
ve_re001_n128,8.20800000001,0.01132690374,2.28773493176
ve_re001_n128,8.21600000001,0.0113266756286,2.2878595893
ve_re001_n128,8.22400000001,0.0113264483547,2.28798384028
ve_re001_n128,8.23200000001,0.0113262219139,2.28810768706
ve_re001_n128,8.24000000001,0.0113259963019,2.28823113196
ve_re001_n128,8.24800000001,0.0113257715145,2.28835417727
ve_re001_n128,8.25600000001,0.0113255475477,2.28847682529
ve_re001_n128,8.26400000001,0.0113253243971,2.2885990782
ve_re001_n128,8.27200000001,0.0113251020586,2.28872093819
ve_re001_n128,8.28000000001,0.0113248805283,2.28884240745
ve_re001_n128,8.28800000001,0.0113246598018,2.28896348814
ve_re001_n128,8.29600000001,0.0113244398756,2.28908418237
ve_re001_n128,8.30400000001,0.011324220746,2.28920449222
ve_re001_n128,8.31200000001,0.0113240024094,2.28932441976
ve_re001_n128,8.32000000001,0.0113237848622,2.289443967
ve_re001_n128,8.32800000001,0.0113235681006,2.28956313594
ve_re001_n128,8.33600000001,0.0113233521213,2.28968192853
ve_re001_n128,8.34400000001,0.0113231369209,2.2898003467
ve_re001_n128,8.35200000001,0.0113229224958,2.2899183923
ve_re001_n128,8.36000000001,0.011322708843,2.29003606722
ve_re001_n128,8.36800000001,0.0113224959591,2.29015337338
ve_re001_n128,8.37600000001,0.0113222838401,2.29027031264
ve_re001_n128,8.38400000001,0.0113220724826,2.29038688678
ve_re001_n128,8.39200000001,0.0113218618835,2.29050309623
ve_re001_n128,8.40000000001,0.0113216520398,2.29061894211
ve_re001_n128,8.40800000001,0.011321442948,2.29073442623
ve_re001_n128,8.41600000001,0.0113212346048,2.2908495504
ve_re001_n128,8.42400000001,0.0113210270069,2.2909643164
ve_re001_n128,8.43200000001,0.0113208201507,2.291078726
ve_re001_n128,8.44000000001,0.0113206140334,2.29119278092
ve_re001_n128,8.44800000001,0.0113204086519,2.29130648289
ve_re001_n128,8.45600000001,0.0113202040037,2.29141983351
ve_re001_n128,8.46400000001,0.0113200000862,2.29153283447
ve_re001_n128,8.47200000001,0.0113197968961,2.29164548743
ve_re001_n128,8.48000000001,0.011319594431,2.29175779406
ve_re001_n128,8.48800000001,0.011319392688,2.29186975598
ve_re001_n128,8.49600000001,0.0113191916645,2.29198137482
ve_re001_n128,8.50400000001,0.0113189913577,2.29209265217
ve_re001_n128,8.51200000001,0.0113187917648,2.29220358959
ve_re001_n128,8.52000000001,0.0113185928832,2.29231418862
ve_re001_n128,8.52800000001,0.0113183947101,2.29242445081
ve_re001_n128,8.53600000001,0.0113181972426,2.29253437766
ve_re001_n128,8.54400000001,0.0113180004782,2.29264397064
ve_re001_n128,8.55200000001,0.0113178044143,2.29275323121
ve_re001_n128,8.56000000001,0.0113176090482,2.2928621608
ve_re001_n128,8.56800000001,0.0113174143773,2.29297076084
ve_re001_n128,8.57600000001,0.011317220399,2.29307903271
ve_re001_n128,8.58400000001,0.0113170271106,2.2931869778
ve_re001_n128,8.59200000001,0.0113168345094,2.29329459746
ve_re001_n128,8.60000000001,0.0113166425927,2.29340189302
ve_re001_n128,8.60800000001,0.0113164513573,2.29350886578
ve_re001_n128,8.61600000001,0.0113162608001,2.29361551701
ve_re001_n128,8.62400000001,0.0113160709184,2.29372184794
ve_re001_n128,8.63200000001,0.0113158817099,2.29382785983
ve_re001_n128,8.64000000001,0.0113156931724,2.29393355401
ve_re001_n128,8.64800000001,0.0113155053035,2.29403893155
ve_re001_n128,8.65600000001,0.0113153181008,2.29414399356
ve_re001_n128,8.66400000001,0.0113151315619,2.29424874112
ve_re001_n128,8.67200000001,0.0113149456845,2.29435317533
ve_re001_n128,8.68000000001,0.0113147604662,2.29445729724
ve_re001_n128,8.68800000001,0.0113145759046,2.29456110788
ve_re001_n128,8.69600000001,0.0113143919974,2.29466460825
ve_re001_n128,8.70400000001,0.0113142087423,2.29476779935
ve_re001_n128,8.71200000001,0.0113140261373,2.29487068215
ve_re001_n128,8.72000000001,0.0113138441801,2.29497325762
ve_re001_n128,8.72800000001,0.0113136628687,2.29507552669
ve_re001_n128,8.73600000001,0.0113134822012,2.29517749028
ve_re001_n128,8.74400000001,0.0113133021754,2.29527914931
ve_re001_n128,8.75200000001,0.0113131227895,2.29538050466
ve_re001_n128,8.76000000001,0.0113129440413,2.2954815572
ve_re001_n128,8.76800000001,0.0113127659288,2.29558230779
ve_re001_n128,8.77600000001,0.0113125884502,2.29568275729
ve_re001_n128,8.78400000001,0.0113124116034,2.2957829066
ve_re001_n128,8.79200000001,0.0113122353864,2.29588275654
ve_re001_n128,8.80000000001,0.0113120597976,2.29598230788
ve_re001_n128,8.80800000001,0.0113118848351,2.29608156141
ve_re001_n128,8.81600000001,0.0113117104965,2.29618051786
ve_re001_n128,8.82400000001,0.0113115367802,2.29627917836
ve_re001_n128,8.83200000001,0.0113113636855,2.29637754426
ve_re001_n128,8.84000000001,0.0113111912108,2.29647561633
ve_re001_n128,8.84800000001,0.0113110193544,2.29657339532
ve_re001_n128,8.85600000001,0.0113108481145,2.29667088194
ve_re001_n128,8.86400000001,0.0113106774892,2.29676807688
ve_re001_n128,8.87200000001,0.0113105074766,2.29686498084
ve_re001_n128,8.88000000001,0.0113103380748,2.29696159451
ve_re001_n128,8.88800000001,0.0113101692817,2.29705791852
ve_re001_n128,8.89600000001,0.0113100010952,2.2971539536
ve_re001_n128,8.90400000001,0.0113098335131,2.29724970047
ve_re001_n128,8.91200000001,0.0113096665338,2.29734515974
ve_re001_n128,8.92000000001,0.0113095001557,2.29744033203
ve_re001_n128,8.92800000001,0.0113093343771,2.29753521792
ve_re001_n128,8.93600000001,0.0113091691963,2.29762981804
ve_re001_n128,8.94400000001,0.0113090046116,2.29772413295
ve_re001_n128,8.95200000001,0.0113088406213,2.29781816324
ve_re001_n128,8.96000000001,0.0113086772239,2.29791190946
ve_re001_n128,8.96800000001,0.0113085144179,2.29800537218
ve_re001_n128,8.97600000001,0.0113083522017,2.29809855194
ve_re001_n128,8.98400000001,0.0113081905738,2.29819144928
ve_re001_n128,8.99200000001,0.0113080295324,2.29828406475
ve_re001_n128,9.00000000001,0.0113078690765,2.29837639892
ve_re001_n128,9.00800000001,0.0113077092044,2.29846845235
ve_re001_n128,9.01600000001,0.0113075499146,2.29856022561
ve_re001_n128,9.02400000001,0.0113073912053,2.29865171928
ve_re001_n128,9.03200000001,0.011307233075,2.29874293392
ve_re001_n128,9.04000000001,0.0113070755222,2.29883387013
ve_re001_n128,9.04800000001,0.011306918545,2.29892452847
ve_re001_n128,9.05600000001,0.0113067621417,2.29901490953
ve_re001_n128,9.06400000001,0.0113066063104,2.2991050139
ve_re001_n128,9.07200000001,0.0113064510494,2.29919484217
ve_re001_n128,9.08000000001,0.0113062963571,2.29928439491
ve_re001_n128,9.08800000001,0.011306142232,2.29937367272
ve_re001_n128,9.09600000001,0.0113059886724,2.2994626762
ve_re001_n128,9.10400000001,0.0113058356768,2.29955140593
ve_re001_n128,9.11200000001,0.0113056832438,2.29963986251
ve_re001_n128,9.12000000001,0.0113055313719,2.29972804653
ve_re001_n128,9.12800000001,0.0113053800594,2.29981595857
ve_re001_n128,9.13600000001,0.011305229305,2.29990359924
ve_re001_n128,9.14400000001,0.0113050791071,2.29999096922
ve_re001_n128,9.15200000001,0.0113049294642,2.30007806913
ve_re001_n128,9.16000000001,0.0113047803749,2.30016489955
ve_re001_n128,9.16800000001,0.0113046318376,2.30025146111
ve_re001_n128,9.17600000001,0.0113044838508,2.30033775447
ve_re001_n128,9.18400000001,0.0113043364131,2.30042378019
ve_re001_n128,9.19200000001,0.0113041895228,2.30050953879
ve_re001_n128,9.20000000001,0.0113040431786,2.30059503082
ve_re001_n128,9.20800000001,0.011303897379,2.30068025682
ve_re001_n128,9.21600000001,0.0113037521224,2.30076521731
ve_re001_n128,9.22400000001,0.0113036074074,2.30084991281
ve_re001_n128,9.23200000001,0.0113034632328,2.30093434386
ve_re001_n128,9.24000000001,0.0113033195971,2.30101851098
ve_re001_n128,9.24800000001,0.0113031764991,2.30110241468
ve_re001_n128,9.25600000001,0.0113030339374,2.30118605547
ve_re001_n128,9.26400000001,0.0113028919107,2.30126943386
ve_re001_n128,9.27200000001,0.0113027504175,2.30135255037
ve_re001_n128,9.28000000001,0.0113026094566,2.30143540547
ve_re001_n128,9.28800000001,0.0113024690266,2.30151799967
ve_re001_n128,9.29600000001,0.0113023291264,2.30160033344
ve_re001_n128,9.304,0.0113021897546,2.30168240725
ve_re001_n128,9.312,0.0113020509098,2.30176422159
ve_re001_n128,9.32,0.0113019125908,2.30184577692
ve_re001_n128,9.328,0.0113017747962,2.30192707372
ve_re001_n128,9.336,0.0113016375245,2.30200811248
ve_re001_n128,9.344,0.0113015007744,2.30208889366
ve_re001_n128,9.352,0.0113013645444,2.30216941773
ve_re001_n128,9.36,0.0113012288332,2.30224968516
ve_re001_n128,9.368,0.0113010936393,2.30232969642
ve_re001_n128,9.376,0.0113009589612,2.302409452
ve_re001_n128,9.384,0.0113008247977,2.30248895238
ve_re001_n128,9.392,0.0113006911472,2.30256819802
ve_re001_n128,9.4,0.0113005580083,2.30264718937
ve_re001_n128,9.408,0.0113004253795,2.30272592691
ve_re001_n128,9.416,0.0113002932595,2.30280441111
ve_re001_n128,9.424,0.0113001616466,2.30288264243
ve_re001_n128,9.432,0.0113000305394,2.30296062133
ve_re001_n128,9.44,0.0112998999363,2.30303834827
ve_re001_n128,9.448,0.0112997698358,2.30311582371
ve_re001_n128,9.456,0.0112996402366,2.30319304811
ve_re001_n128,9.464,0.0112995111372,2.30327002194
ve_re001_n128,9.472,0.0112993825362,2.30334674568
ve_re001_n128,9.48,0.0112992544324,2.30342321983
ve_re001_n128,9.488,0.0112991268241,2.30349944488
ve_re001_n128,9.496,0.0112989997099,2.30357542132
ve_re001_n128,9.504,0.0112988730883,2.30365114966
ve_re001_n128,9.512,0.0112987469578,2.3037266304
ve_re001_n128,9.52,0.0112986213166,2.30380186406
ve_re001_n128,9.528,0.0112984961631,2.30387685116
ve_re001_n128,9.536,0.0112983714957,2.30395159221
ve_re001_n128,9.544,0.0112982473126,2.30402608775
ve_re001_n128,9.552,0.0112981236122,2.30410033831
ve_re001_n128,9.56,0.0112980003931,2.30417434444
ve_re001_n128,9.568,0.0112978776538,2.30424810667
ve_re001_n128,9.576,0.011297755393,2.30432162555
ve_re001_n128,9.584,0.0112976336093,2.30439490163
ve_re001_n128,9.592,0.0112975123014,2.30446793546
ve_re001_n128,9.6,0.011297391468,2.30454072756
ve_re001_n128,9.608,0.0112972711081,2.30461327847
ve_re001_n128,9.616,0.0112971512202,2.30468558875
ve_re001_n128,9.624,0.0112970318031,2.30475765895
ve_re001_n128,9.632,0.0112969128553,2.30482948963
ve_re001_n128,9.64,0.0112967943754,2.30490108134
ve_re001_n128,9.648,0.011296676362,2.30497243463
ve_re001_n128,9.656,0.0112965588137,2.30504355005
ve_re001_n128,9.664,0.011296441729,2.30511442817
ve_re001_n128,9.672,0.0112963251065,2.30518506951
ve_re001_n128,9.68,0.0112962089448,2.30525547465
ve_re001_n128,9.688,0.0112960932422,2.30532564413
ve_re001_n128,9.696,0.0112959779972,2.3053955785
ve_re001_n128,9.704,0.0112958632084,2.30546527829
ve_re001_n128,9.712,0.0112957488744,2.30553474405
ve_re001_n128,9.72,0.0112956349936,2.30560397632
ve_re001_n128,9.728,0.0112955215647,2.30567297564
ve_re001_n128,9.736,0.0112954085862,2.30574174256
ve_re001_n128,9.744,0.0112952960568,2.30581027762
ve_re001_n128,9.752,0.0112951839751,2.30587858136
ve_re001_n128,9.76,0.0112950723395,2.30594665433
ve_re001_n128,9.768,0.0112949611485,2.30601449706
ve_re001_n128,9.776,0.0112948504009,2.30608211011
ve_re001_n128,9.784,0.011294740095,2.30614949405
ve_re001_n128,9.792,0.0112946302295,2.30621664943
ve_re001_n128,9.8,0.0112945208029,2.30628357681
ve_re001_n128,9.808,0.0112944118139,2.30635027675
ve_re001_n128,9.816,0.011294303261,2.3064167498
ve_re001_n128,9.824,0.0112941951427,2.3064829965
ve_re001_n128,9.832,0.0112940874576,2.30654901743
ve_re001_n128,9.84,0.0112939802041,2.30661481315
ve_re001_n128,9.848,0.0112938733807,2.30668038423
ve_re001_n128,9.856,0.011293766986,2.30674573124
ve_re001_n128,9.864,0.0112936610186,2.30681085475
ve_re001_n128,9.872,0.011293555477,2.30687575534
ve_re001_n128,9.88,0.0112934503601,2.30694043358
ve_re001_n128,9.888,0.0112933456663,2.30700489006
ve_re001_n128,9.896,0.0112932413945,2.30706912535
ve_re001_n128,9.904,0.0112931375433,2.30713314005
ve_re001_n128,9.912,0.0112930341115,2.30719693473
ve_re001_n128,9.92,0.0112929310977,2.30726050998
ve_re001_n128,9.928,0.0112928285008,2.30732386639
ve_re001_n128,9.936,0.0112927263193,2.30738700456
ve_re001_n128,9.944,0.0112926245521,2.30744992507
ve_re001_n128,9.952,0.0112925231978,2.30751262852
ve_re001_n128,9.96,0.0112924222553,2.30757511548
ve_re001_n128,9.968,0.0112923217234,2.30763738655
ve_re001_n128,9.976,0.0112922216007,2.30769944229
ve_re001_n128,9.984,0.011292121886,2.30776128328
ve_re001_n128,9.992,0.0112920225782,2.3078229101
ve_re001_n128,10,0.0112919236759,2.30788432333
ve_re001_n127_asshipped,0,0,0
ve_re001_n127_asshipped,0.008,2.64163501298e-09,1.30242587611e-11
ve_re001_n127_asshipped,0.016,3.41257715109e-09,6.07908917025e-11
ve_re001_n127_asshipped,0.024,4.4081040998e-09,1.573093932e-10
ve_re001_n127_asshipped,0.032,5.6938419669e-09,3.20999437566e-10
ve_re001_n127_asshipped,0.04,7.35437764381e-09,5.76186886287e-10
ve_re001_n127_asshipped,0.048,9.49890583477e-09,9.5489276351e-10
ve_re001_n127_asshipped,0.056,1.22683979724e-08,1.49915150048e-09
ve_re001_n127_asshipped,0.064,1.58448399987e-08,2.26401341267e-09
ve_re001_n127_asshipped,0.072,2.04631463138e-08,3.32143137052e-09
ve_re001_n127_asshipped,0.08,2.64265243449e-08,4.76528970723e-09
ve_re001_n127_asshipped,0.088,3.41262852909e-08,6.71790821999e-09
ve_re001_n127_asshipped,0.096,4.40673814321e-08,9.338450512e-09
ve_re001_n127_asshipped,0.104,5.69013160099e-08,1.28337900348e-08
ve_re001_n127_asshipped,0.112,7.34685403947e-08,1.74725469637e-08
ve_re001_n127_asshipped,0.12,9.48530534003e-08,2.36032142961e-08
ve_re001_n127_asshipped,0.128,1.22452685085e-07,3.16775558878e-08
ve_re001_n127_asshipped,0.136,1.58069527443e-07,4.2280797951e-08
ve_re001_n127_asshipped,0.144,2.04026223855e-07,5.6170571132e-08
ve_re001_n127_asshipped,0.152,2.6331541917e-07,7.4327118086e-08
ve_re001_n127_asshipped,0.16,3.3979169102e-07,9.80179964894e-08
ve_re001_n127_asshipped,0.168,4.38417840087e-07,1.28881421719e-07
ve_re001_n127_asshipped,0.176,5.65580646122e-07,1.69033561729e-07
ve_re001_n127_asshipped,0.184,7.29495261046e-07,2.21206586766e-07
ve_re001_n127_asshipped,0.192,9.40722506277e-07,2.88926173683e-07
ve_re001_n127_asshipped,0.2,1.21282970109e-06,3.76739575335e-07
ve_re001_n127_asshipped,0.208,1.56323354331e-06,4.90508421045e-07
ve_re001_n127_asshipped,0.216,2.0142733014e-06,6.37784277039e-07
ve_re001_n127_asshipped,0.224,2.59457449734e-06,8.28289863498e-07
ve_re001_n127_asshipped,0.232,3.34077772103e-06,1.07453493697e-06
ve_re001_n127_asshipped,0.24,4.29972456722e-06,1.3926034893e-06
ve_re001_n127_asshipped,0.248,5.53121321967e-06,1.80315842319e-06
ve_re001_n127_asshipped,0.256,7.11146010028e-06,2.33272162951e-06
ve_re001_n127_asshipped,0.264,9.13743118903e-06,3.01530184904e-06
ve_re001_n127_asshipped,0.272,1.17322366647e-05,3.89446033083e-06
ve_re001_n127_asshipped,0.28,1.50518143649e-05,5.0259255923e-06
ve_re001_n127_asshipped,0.288,1.92931592787e-05,6.48089401898e-06
ve_re001_n127_asshipped,0.296,2.47043846207e-05,8.35018300325e-06
ve_re001_n127_asshipped,0.304,3.1596920045e-05,1.07494380258e-05
ve_re001_n127_asshipped,0.312,4.03601569209e-05,1.38256344302e-05
ve_re001_n127_asshipped,0.32,5.14788291696e-05,1.77651580276e-05
ve_re001_n127_asshipped,0.328,6.55533573937e-05,2.28037947292e-05
ve_re001_n127_asshipped,0.336,8.33232666973e-05,2.92390057152e-05
ve_re001_n127_asshipped,0.344,0.000105693594048,3.74449073009e-05
ve_re001_n127_asshipped,0.352,0.000133763906357,4.78904079008e-05
ve_re001_n127_asshipped,0.36,0.000168859132943,6.11609702392e-05
ve_re001_n127_asshipped,0.368,0.00021256085777,7.79844545293e-05
ve_re001_n127_asshipped,0.376,0.000266737011615,9.92614443592e-05
ve_re001_n127_asshipped,0.384,0.000333567067293,0.000126100345726
ve_re001_n127_asshipped,0.392,0.00041555892079,0.000159857363911
ve_re001_n127_asshipped,0.4,0.000515552732121,0.000202181186083
ve_re001_n127_asshipped,0.408,0.000636706251703,0.000255061816706
ve_re001_n127_asshipped,0.416,0.000782455779888,0.000320882522917
ve_re001_n127_asshipped,0.424,0.000956447152094,0.000402473258802
ve_re001_n127_asshipped,0.432,0.00116243227628,0.000503163251605
ve_re001_n127_asshipped,0.44,0.0014041289957,0.000626829804438
ve_re001_n127_asshipped,0.448,0.00168504549887,0.000777939630913
ve_re001_n127_asshipped,0.456,0.00200827503219,0.000961578650003
ve_re001_n127_asshipped,0.464,0.00237627187862,0.00118346588575
ve_re001_n127_asshipped,0.472,0.00279062472503,0.00144994728352
ve_re001_n127_asshipped,0.48,0.00325184769196,0.00176796586616
ve_re001_n127_asshipped,0.488,0.00375921138963,0.00214500574894
ve_re001_n127_asshipped,0.496,0.00431063552167,0.00258900911095
ve_re001_n127_asshipped,0.504,0.00490266035435,0.00310826712309
ve_re001_n127_asshipped,0.512,0.00553050701517,0.00371128791045
ve_re001_n127_asshipped,0.52,0.00618822703989,0.00440664660986
ve_re001_n127_asshipped,0.528,0.00686893136475,0.00520282419903
ve_re001_n127_asshipped,0.536,0.00756507980588,0.00610804285659
ve_re001_n127_asshipped,0.544,0.00826880557838,0.00713010597441
ve_re001_n127_asshipped,0.552,0.00897224663362,0.00827625056356
ve_re001_n127_asshipped,0.56,0.00966785670321,0.00955301865426
ve_re001_n127_asshipped,0.568,0.0103486735117,0.0109661527692
ve_re001_n127_asshipped,0.576,0.0110085284316,0.0125205186497
ve_re001_n127_asshipped,0.584,0.0116421896789,0.0142200564536
ve_re001_n127_asshipped,0.592,0.0122454385351,0.0160677597889
ve_re001_n127_asshipped,0.6,0.0128150841756,0.0180656804109
ve_re001_n127_asshipped,0.608,0.0133489269826,0.0202149555585
ve_re001_n127_asshipped,0.616,0.0138456823863,0.0225158539187
ve_re001_n127_asshipped,0.624,0.0143048778232,0.0249678359242
ve_re001_n127_asshipped,0.632,0.0147267345631,0.0275696242087
ve_re001_n127_asshipped,0.64,0.0151120443402,0.0303192807304
ve_re001_n127_asshipped,0.648,0.0154620487149,0.0332142867927
ve_re001_n127_asshipped,0.656,0.0157783266816,0.0362516232778
ve_re001_n127_asshipped,0.664,0.0160626941434,0.0394278485481
ve_re001_n127_asshipped,0.672,0.016317117153,0.0427391727373
ve_re001_n127_asshipped,0.68,0.0165436393989,0.0461815275297
ve_re001_n127_asshipped,0.688,0.0167443234788,0.0497506295909
ve_re001_n127_asshipped,0.696,0.0169212049361,0.0534420383371
ve_re001_n127_asshipped,0.704,0.0170762574489,0.0572512069919
ve_re001_n127_asshipped,0.712,0.0172113681154,0.0611735286535
ve_re001_n127_asshipped,0.72,0.0173283202302,0.0652043755389
ve_re001_n127_asshipped,0.728,0.0174287832127,0.069339132747
ve_re001_n127_asshipped,0.736,0.0175143074933,0.0735732284261
ve_re001_n127_asshipped,0.744,0.0175863232725,0.0779021571207
ve_re001_n127_asshipped,0.752,0.0176461427092,0.0823215025059
ve_re001_n127_asshipped,0.76,0.017694963779,0.0868269517472
ve_re001_n127_asshipped,0.768,0.0177338761678,0.0914143117701
ve_re001_n127_asshipped,0.776,0.0177638674944,0.096079517179
ve_re001_n127_asshipped,0.784,0.0177858306277,0.100818641601
ve_re001_n127_asshipped,0.792,0.0178005708307,0.105627899638
ve_re001_n127_asshipped,0.8,0.0178088132905,0.110503658134
ve_re001_n127_asshipped,0.808,0.0178112098516,0.115442434277
ve_re001_n127_asshipped,0.816,0.0178083460307,0.120440899144
ve_re001_n127_asshipped,0.824,0.0178007471929,0.125495877871
ve_re001_n127_asshipped,0.832,0.017788884649,0.130604344495
ve_re001_n127_asshipped,0.84,0.0177731810889,0.135763426224
ve_re001_n127_asshipped,0.848,0.0177540154961,0.140970399165
ve_re001_n127_asshipped,0.856,0.0177317278523,0.146222681781
ve_re001_n127_asshipped,0.864,0.0177066233259,0.151517840546
ve_re001_n127_asshipped,0.872,0.0176789761235,0.156853583114
ve_re001_n127_asshipped,0.88,0.0176490326559,0.162227748507
ve_re001_n127_asshipped,0.888,0.0176170146416,0.167638311125
ve_re001_n127_asshipped,0.896,0.0175831219094,0.173083372521
ve_re001_n127_asshipped,0.904,0.0175475347998,0.17856114807
ve_re001_n127_asshipped,0.912,0.0175104159748,0.184069972871
ve_re001_n127_asshipped,0.92,0.0174719127674,0.18960829914
ve_re001_n127_asshipped,0.928,0.0174321591661,0.195174684175
ve_re001_n127_asshipped,0.936,0.017391276468,0.200767781167
ve_re001_n127_asshipped,0.944,0.0173493750091,0.20638634466
ve_re001_n127_asshipped,0.952,0.0173065556973,0.212029230895
ve_re001_n127_asshipped,0.96,0.0172629112025,0.2176953773
ve_re001_n127_asshipped,0.968,0.0172185258349,0.223383800379
ve_re001_n127_asshipped,0.976,0.0171734768501,0.229093598579
ve_re001_n127_asshipped,0.984,0.0171278355334,0.234823949726
ve_re001_n127_asshipped,0.992,0.0170816680195,0.240574092958
ve_re001_n127_asshipped,1,0.0170350350393,0.246343329266
ve_re001_n127_asshipped,1.008,0.0169879923978,0.252131020054
ve_re001_n127_asshipped,1.016,0.0169405920872,0.2579365895
ve_re001_n127_asshipped,1.024,0.0168928827257,0.263759514742
ve_re001_n127_asshipped,1.032,0.0168449096528,0.269599312523
ve_re001_n127_asshipped,1.04,0.0167967150109,0.275455547459
ve_re001_n127_asshipped,1.048,0.0167483379891,0.281327823109
ve_re001_n127_asshipped,1.056,0.0166998154703,0.287215788961
ve_re001_n127_asshipped,1.064,0.0166511822018,0.293119126507
ve_re001_n127_asshipped,1.072,0.0166024708529,0.29903753761
ve_re001_n127_asshipped,1.08,0.0165537118809,0.304970755704
ve_re001_n127_asshipped,1.088,0.01650493355,0.310918535204
ve_re001_n127_asshipped,1.096,0.0164561626616,0.316880659903
ve_re001_n127_asshipped,1.104,0.0164074247722,0.322856936308
ve_re001_n127_asshipped,1.112,0.0163587440961,0.328847175188
ve_re001_n127_asshipped,1.12,0.0163101431076,0.334851203934
ve_re001_n127_asshipped,1.128,0.0162616430844,0.340868870905
ve_re001_n127_asshipped,1.136,0.0162132640538,0.346900044494
ve_re001_n127_asshipped,1.144,0.0161650252103,0.352944599089
ve_re001_n127_asshipped,1.152,0.0161169448191,0.359002397263
ve_re001_n127_asshipped,1.16,0.016069040288,0.36507330696
ve_re001_n127_asshipped,1.168,0.0160213278027,0.37115719732
ve_re001_n127_asshipped,1.176,0.0159738226549,0.377253946879
ve_re001_n127_asshipped,1.184,0.015926538808,0.383363421866
ve_re001_n127_asshipped,1.192,0.0158794896491,0.389485497949
ve_re001_n127_asshipped,1.2,0.0158326881958,0.395620065647
ve_re001_n127_asshipped,1.208,0.0157861468017,0.401766997255
ve_re001_n127_asshipped,1.216,0.0157398768436,0.407926159758
ve_re001_n127_asshipped,1.224,0.0156938889489,0.414097422081
ve_re001_n127_asshipped,1.232,0.0156481934213,0.420280668623
ve_re001_n127_asshipped,1.24,0.0156027996943,0.426475778623
ve_re001_n127_asshipped,1.248,0.0155577166689,0.432682628988
ve_re001_n127_asshipped,1.256,0.0155129530337,0.438901087077
ve_re001_n127_asshipped,1.264,0.0154685173531,0.445130959255
ve_re001_n127_asshipped,1.272,0.0154244173513,0.451372043566
ve_re001_n127_asshipped,1.28,0.0153806600994,0.457624142229
ve_re001_n127_asshipped,1.288,0.0153372519704,0.463887060233
ve_re001_n127_asshipped,1.296,0.0152941988885,0.470160588456
ve_re001_n127_asshipped,1.304,0.0152515058804,0.476444506419
ve_re001_n127_asshipped,1.312,0.0152091780129,0.482738602285
ve_re001_n127_asshipped,1.32,0.0151672200948,0.489042689598
ve_re001_n127_asshipped,1.328,0.0151256367097,0.495356555462
ve_re001_n127_asshipped,1.336,0.0150844317566,0.50167998282
ve_re001_n127_asshipped,1.344,0.0150436089633,0.508012773659
ve_re001_n127_asshipped,1.352,0.015003172033,0.514354728305
ve_re001_n127_asshipped,1.36,0.0149631239791,0.520705631075
ve_re001_n127_asshipped,1.368,0.0149234672488,0.527065212236
ve_re001_n127_asshipped,1.376,0.0148842041415,0.533433224749
ve_re001_n127_asshipped,1.384,0.0148453370631,0.53980938008
ve_re001_n127_asshipped,1.392,0.0148068682446,0.546193344182
ve_re001_n127_asshipped,1.4,0.0147687994144,0.552584751167
ve_re001_n127_asshipped,1.408,0.0147311317198,0.558983268453
ve_re001_n127_asshipped,1.416,0.0146938661393,0.565388575723
ve_re001_n127_asshipped,1.424,0.0146570033672,0.571800346355
ve_re001_n127_asshipped,1.432,0.0146205438035,0.578218267203
ve_re001_n127_asshipped,1.44,0.0145844872245,0.58464198753
ve_re001_n127_asshipped,1.448,0.0145488334022,0.591071220087
ve_re001_n127_asshipped,1.456,0.0145135818733,0.597505688894
ve_re001_n127_asshipped,1.464,0.0144787325211,0.603945158285
ve_re001_n127_asshipped,1.472,0.0144442853887,0.610389392997
ve_re001_n127_asshipped,1.48,0.0144102399439,0.616838100374
ve_re001_n127_asshipped,1.488,0.0143765952641,0.623290992396
ve_re001_n127_asshipped,1.496,0.0143433503453,0.629747758914
ve_re001_n127_asshipped,1.504,0.014310504009,0.636208057363
ve_re001_n127_asshipped,1.512,0.0142780548714,0.642671551127
ve_re001_n127_asshipped,1.52,0.0142460012706,0.649137858809
ve_re001_n127_asshipped,1.528,0.0142143410129,0.655606478586
ve_re001_n127_asshipped,1.536,0.0141830720715,0.662076958815
ve_re001_n127_asshipped,1.544,0.0141521924802,0.668548899998
ve_re001_n127_asshipped,1.552,0.0141217003198,0.675021958605
ve_re001_n127_asshipped,1.56,0.0140915936645,0.681495764043
ve_re001_n127_asshipped,1.568,0.0140618701004,0.687969986335
ve_re001_n127_asshipped,1.576,0.014032526922,0.694444304823
ve_re001_n127_asshipped,1.584,0.0140035613493,0.700918440219
ve_re001_n127_asshipped,1.592,0.0139749706203,0.707392116867
ve_re001_n127_asshipped,1.6,0.0139467521538,0.713865099378
ve_re001_n127_asshipped,1.608,0.0139189032203,0.72033711373
ve_re001_n127_asshipped,1.616,0.0138914210785,0.726807844583
ve_re001_n127_asshipped,1.624,0.0138643028673,0.733276936026
ve_re001_n127_asshipped,1.632,0.0138375453466,0.739743892039
ve_re001_n127_asshipped,1.64,0.0138111449593,0.746208362532
ve_re001_n127_asshipped,1.648,0.0137850984702,0.752669983974
ve_re001_n127_asshipped,1.656,0.0137594026043,0.759128504424
ve_re001_n127_asshipped,1.664,0.0137340539668,0.765583657947
ve_re001_n127_asshipped,1.672,0.0137090491276,0.77203516314
ve_re001_n127_asshipped,1.68,0.0136843847979,0.778482734187
ve_re001_n127_asshipped,1.688,0.013660057413,0.784926065614
ve_re001_n127_asshipped,1.696,0.0136360632674,0.791364808836
ve_re001_n127_asshipped,1.704,0.0136123988625,0.797798638264
ve_re001_n127_asshipped,1.712,0.0135890605881,0.80422723836
ve_re001_n127_asshipped,1.72,0.0135660447939,0.810650239632
ve_re001_n127_asshipped,1.728,0.0135433477185,0.817067375906
ve_re001_n127_asshipped,1.736,0.0135209657397,0.823478371056
ve_re001_n127_asshipped,1.744,0.0134988950608,0.829882986557
ve_re001_n127_asshipped,1.752,0.0134771320552,0.836280933184
ve_re001_n127_asshipped,1.76,0.0134556732966,0.842671787112
ve_re001_n127_asshipped,1.768,0.0134345148989,0.849055025531
ve_re001_n127_asshipped,1.776,0.0134136529975,0.855430379113
ve_re001_n127_asshipped,1.784,0.013393083794,0.861797533707
ve_re001_n127_asshipped,1.792,0.0133728035257,0.868156291844
ve_re001_n127_asshipped,1.8,0.0133528084037,0.874506468537
ve_re001_n127_asshipped,1.808,0.0133330946499,0.880847874532
ve_re001_n127_asshipped,1.816,0.0133136586607,0.887180285383
ve_re001_n127_asshipped,1.824,0.0132944969309,0.893503504957
ve_re001_n127_asshipped,1.832,0.0132756057387,0.89981732914
ve_re001_n127_asshipped,1.84,0.0132569814171,0.906121517328
ve_re001_n127_asshipped,1.848,0.0132386202341,0.912415821013
ve_re001_n127_asshipped,1.856,0.0132205182932,0.918700000392
ve_re001_n127_asshipped,1.864,0.013202671906,0.924973848043
ve_re001_n127_asshipped,1.872,0.0131850774077,0.931237166243
ve_re001_n127_asshipped,1.88,0.0131677310741,0.937489766455
ve_re001_n127_asshipped,1.888,0.0131506291811,0.943731454013
ve_re001_n127_asshipped,1.896,0.0131337681048,0.949962052309
ve_re001_n127_asshipped,1.904,0.0131171441695,0.956181398448
ve_re001_n127_asshipped,1.912,0.0131007537415,0.962389315002
ve_re001_n127_asshipped,1.92,0.013084593268,0.968585554429
ve_re001_n127_asshipped,1.928,0.0130686592621,0.974769910138
ve_re001_n127_asshipped,1.936,0.0130529485367,0.980941993795
ve_re001_n127_asshipped,1.944,0.0130374573157,0.987101474165
ve_re001_n127_asshipped,1.952,0.0130221820351,0.993248161806
ve_re001_n127_asshipped,1.96,0.0130071193009,0.999381759025
ve_re001_n127_asshipped,1.968,0.0129922657951,1.00550211985
ve_re001_n127_asshipped,1.976,0.0129776181852,1.01160914433
ve_re001_n127_asshipped,1.984,0.012963173166,1.01770272905
ve_re001_n127_asshipped,1.992,0.0129489274468,1.02378276073
ve_re001_n127_asshipped,2,0.0129348777977,1.02984912201
ve_re001_n127_asshipped,2.008,0.0129210212118,1.0359015665
ve_re001_n127_asshipped,2.016,0.012907354575,1.04193983602
ve_re001_n127_asshipped,2.024,0.0128938749068,1.04796377696
ve_re001_n127_asshipped,2.032,0.0128805790993,1.0539732464
ve_re001_n127_asshipped,2.04,0.0128674641028,1.05996809905
ve_re001_n127_asshipped,2.048,0.0128545270111,1.06594818431
ve_re001_n127_asshipped,2.056,0.0128417649794,1.07191334641
ve_re001_n127_asshipped,2.064,0.0128291751258,1.07786343497
ve_re001_n127_asshipped,2.072,0.0128167546318,1.08379829467
ve_re001_n127_asshipped,2.08,0.0128045011175,1.08971756286
ve_re001_n127_asshipped,2.088,0.0127924114917,1.09562101531
ve_re001_n127_asshipped,2.096,0.0127804830129,1.10150861759
ve_re001_n127_asshipped,2.104,0.0127687128841,1.10738030528
ve_re001_n127_asshipped,2.112,0.0127570983726,1.11323601013
ve_re001_n127_asshipped,2.12,0.0127456367548,1.11907565546
ve_re001_n127_asshipped,2.128,0.0127343253671,1.12489915166
ve_re001_n127_asshipped,2.136,0.0127231616036,1.13070641347
ve_re001_n127_asshipped,2.144,0.0127121429221,1.13649736329
ve_re001_n127_asshipped,2.152,0.0127012667392,1.14227192881
ve_re001_n127_asshipped,2.16,0.0126905304974,1.14803005558
ve_re001_n127_asshipped,2.168,0.0126799317909,1.15377168937
ve_re001_n127_asshipped,2.176,0.0126694683326,1.15949675661
ve_re001_n127_asshipped,2.184,0.0126591377706,1.16520498202
ve_re001_n127_asshipped,2.192,0.0126489375549,1.17089625603
ve_re001_n127_asshipped,2.2,0.0126388652875,1.17657046143
ve_re001_n127_asshipped,2.208,0.0126289186235,1.18222758564
ve_re001_n127_asshipped,2.216,0.0126190953181,1.18786765441
ve_re001_n127_asshipped,2.224,0.0126093930322,1.19349064613
ve_re001_n127_asshipped,2.232,0.0125998097004,1.19909642786
ve_re001_n127_asshipped,2.24,0.0125903433226,1.20468493253
ve_re001_n127_asshipped,2.248,0.0125809918374,1.210256138
ve_re001_n127_asshipped,2.256,0.0125717531519,1.21581000505
ve_re001_n127_asshipped,2.264,0.0125626252261,1.2213464652
ve_re001_n127_asshipped,2.272,0.0125536060959,1.22686547783
ve_re001_n127_asshipped,2.28,0.012544693831,1.23236700791
ve_re001_n127_asshipped,2.288,0.0125358866596,1.23785088772
ve_re001_n127_asshipped,2.296,0.0125271829606,1.24331689136
ve_re001_n127_asshipped,2.304,0.0125185809681,1.24876470005
ve_re001_n127_asshipped,2.312,0.0125100789166,1.25419431599
ve_re001_n127_asshipped,2.32,0.012501675066,1.25960575514
ve_re001_n127_asshipped,2.328,0.0124933676541,1.26499902782
ve_re001_n127_asshipped,2.336,0.0124851549504,1.27037414946
ve_re001_n127_asshipped,2.344,0.0124770353222,1.27573110797
ve_re001_n127_asshipped,2.352,0.0124690071861,1.2810698729
ve_re001_n127_asshipped,2.36,0.012461068998,1.28639039648
ve_re001_n127_asshipped,2.368,0.0124532191938,1.29169253982
ve_re001_n127_asshipped,2.376,0.012445456259,1.29697625926
ve_re001_n127_asshipped,2.384,0.0124377786746,1.30224151644
ve_re001_n127_asshipped,2.392,0.0124301849762,1.30748826669
ve_re001_n127_asshipped,2.4,0.0124226737094,1.31271646712
ve_re001_n127_asshipped,2.408,0.012415243458,1.31792605934
ve_re001_n127_asshipped,2.416,0.0124078928464,1.32311699251
ve_re001_n127_asshipped,2.424,0.012400620506,1.32828921483
ve_re001_n127_asshipped,2.432,0.0123934250991,1.33344263524
ve_re001_n127_asshipped,2.44,0.0123863053092,1.33857720594
ve_re001_n127_asshipped,2.448,0.0123792599489,1.34369297101
ve_re001_n127_asshipped,2.456,0.0123722877052,1.34878992416
ve_re001_n127_asshipped,2.464,0.0123653874308,1.35386801551
ve_re001_n127_asshipped,2.472,0.0123585579925,1.35892717365
ve_re001_n127_asshipped,2.48,0.0123517982103,1.36396736244
ve_re001_n127_asshipped,2.488,0.0123451069141,1.36898853543
ve_re001_n127_asshipped,2.496,0.0123384828206,1.37399065396
ve_re001_n127_asshipped,2.504,0.0123319247625,1.37897368332
ve_re001_n127_asshipped,2.512,0.0123254315671,1.38393759069
ve_re001_n127_asshipped,2.52,0.0123190021558,1.38888234106
ve_re001_n127_asshipped,2.528,0.0123126355374,1.39380788076
ve_re001_n127_asshipped,2.536,0.0123063307035,1.39871418943
ve_re001_n127_asshipped,2.544,0.0123000866524,1.4036012343
ve_re001_n127_asshipped,2.552,0.0122939024052,1.40846899877
ve_re001_n127_asshipped,2.56,0.0122877770158,1.41331740442
ve_re001_n127_asshipped,2.568,0.0122817094889,1.41814641563
ve_re001_n127_asshipped,2.576,0.012275698884,1.42295602489
ve_re001_n127_asshipped,2.584,0.0122697443353,1.42774619752
ve_re001_n127_asshipped,2.592,0.0122638449679,1.43251689225
ve_re001_n127_asshipped,2.6,0.0122579998787,1.4372681204
ve_re001_n127_asshipped,2.608,0.0122522082047,1.44199983364
ve_re001_n127_asshipped,2.616,0.0122464689623,1.44671191737
ve_re001_n127_asshipped,2.624,0.0122407812677,1.45140437601
ve_re001_n127_asshipped,2.632,0.0122351444022,1.45607720686
ve_re001_n127_asshipped,2.64,0.0122295576698,1.46073034241
ve_re001_n127_asshipped,2.648,0.0122240203428,1.46536358556
ve_re001_n127_asshipped,2.656,0.0122185316245,1.46997698015
ve_re001_n127_asshipped,2.664,0.0122130907733,1.47457056299
ve_re001_n127_asshipped,2.672,0.0122076971211,1.47914437597
ve_re001_n127_asshipped,2.68,0.0122023499649,1.48369847945
ve_re001_n127_asshipped,2.688,0.0121970486177,1.48823293327
ve_re001_n127_asshipped,2.696,0.0121917923862,1.49274777942
ve_re001_n127_asshipped,2.704,0.0121865806079,1.49724304815
ve_re001_n127_asshipped,2.712,0.0121814126205,1.50171879442
ve_re001_n127_asshipped,2.72,0.0121762878238,1.50617506864
ve_re001_n127_asshipped,2.728,0.0121712056035,1.51061191586
ve_re001_n127_asshipped,2.736,0.0121661653859,1.51502933537
ve_re001_n127_asshipped,2.744,0.0121611666587,1.5194273556
ve_re001_n127_asshipped,2.752,0.0121562088998,1.52380595353
ve_re001_n127_asshipped,2.76,0.0121512914401,1.52816515369
ve_re001_n127_asshipped,2.768,0.0121464137552,1.53250502387
ve_re001_n127_asshipped,2.776,0.0121415753211,1.53682555886
ve_re001_n127_asshipped,2.784,0.0121367755972,1.54112677328
ve_re001_n127_asshipped,2.792,0.0121320140704,1.54540866091
ve_re001_n127_asshipped,2.8,0.0121272902172,1.54967126584
ve_re001_n127_asshipped,2.808,0.01212260353,1.55391464316
ve_re001_n127_asshipped,2.816,0.0121179535702,1.55813880258
ve_re001_n127_asshipped,2.824,0.0121133398659,1.56234376242
ve_re001_n127_asshipped,2.832,0.0121087619511,1.56652957173
ve_re001_n127_asshipped,2.84,0.0121042193751,1.57069625254
ve_re001_n127_asshipped,2.848,0.012099711687,1.57484380388
ve_re001_n127_asshipped,2.856,0.0120952385785,1.57897226157
ve_re001_n127_asshipped,2.864,0.0120907997608,1.58308161142
ve_re001_n127_asshipped,2.872,0.0120863949134,1.58717184347
ve_re001_n127_asshipped,2.88,0.0120820236571,1.59124300504
ve_re001_n127_asshipped,2.888,0.0120776856092,1.59529514171
ve_re001_n127_asshipped,2.896,0.0120733804277,1.5993282942
ve_re001_n127_asshipped,2.904,0.0120691077518,1.60334249625
ve_re001_n127_asshipped,2.912,0.012064867227,1.60733778248
ve_re001_n127_asshipped,2.92,0.0120606585813,1.61131413303
ve_re001_n127_asshipped,2.928,0.0120564814172,1.61527152159
ve_re001_n127_asshipped,2.936,0.0120523353303,1.61920995748
ve_re001_n127_asshipped,2.944,0.0120482200243,1.62312946007
ve_re001_n127_asshipped,2.952,0.012044135197,1.62703004486
ve_re001_n127_asshipped,2.96,0.0120400805244,1.63091174332
ve_re001_n127_asshipped,2.968,0.0120360556496,1.6347745538
ve_re001_n127_asshipped,2.976,0.0120320602628,1.63861844302
ve_re001_n127_asshipped,2.984,0.0120280940623,1.64244343989
ve_re001_n127_asshipped,2.992,0.0120241567603,1.64624958074
ve_re001_n127_asshipped,3,0.0120202480266,1.65003690606
ve_re001_n127_asshipped,3.008,0.0120163675434,1.65380545931
ve_re001_n127_asshipped,3.016,0.0120125150666,1.65755530465
ve_re001_n127_asshipped,3.024,0.0120086903702,1.661286452
ve_re001_n127_asshipped,3.032,0.0120048932038,1.66499895061
ve_re001_n127_asshipped,3.04,0.0120011234156,1.66869283851
ve_re001_n127_asshipped,3.048,0.011997380743,1.67236815534
ve_re001_n127_asshipped,3.056,0.0119936648917,1.67602494259
ve_re001_n127_asshipped,3.064,0.0119899756072,1.67966326596
ve_re001_n127_asshipped,3.072,0.0119863126178,1.68328317786
ve_re001_n127_asshipped,3.08,0.0119826756099,1.68688473473
ve_re001_n127_asshipped,3.088,0.0119790642844,1.69046799576
ve_re001_n127_asshipped,3.096,0.0119754783985,1.69403299863
ve_re001_n127_asshipped,3.104,0.0119719177357,1.69757974087
ve_re001_n127_asshipped,3.112,0.0119683820548,1.70110827783
ve_re001_n127_asshipped,3.12,0.0119648710817,1.70461867063
ve_re001_n127_asshipped,3.128,0.0119613846006,1.70811097641
ve_re001_n127_asshipped,3.136,0.0119579224118,1.71158523208
ve_re001_n127_asshipped,3.144,0.0119544843152,1.7150414632
ve_re001_n127_asshipped,3.152,0.0119510700718,1.71847970562
ve_re001_n127_asshipped,3.16,0.0119476794229,1.72190001023
ve_re001_n127_asshipped,3.168,0.0119443120807,1.72530241361
ve_re001_n127_asshipped,3.176,0.0119409678302,1.72868692347
ve_re001_n127_asshipped,3.184,0.0119376464203,1.73205360547
ve_re001_n127_asshipped,3.192,0.0119343475887,1.73540252168
ve_re001_n127_asshipped,3.2,0.0119310710882,1.73873373232
ve_re001_n127_asshipped,3.208,0.0119278166658,1.7420473003
ve_re001_n127_asshipped,3.216,0.0119245840668,1.7453432946
ve_re001_n127_asshipped,3.224,0.0119213730743,1.74862176584
ve_re001_n127_asshipped,3.232,0.0119181834828,1.75188274165
ve_re001_n127_asshipped,3.24,0.011915015124,1.75512627838
ve_re001_n127_asshipped,3.248,0.0119118678437,1.75835237258
ve_re001_n127_asshipped,3.256,0.0119087414262,1.76156107254
ve_re001_n127_asshipped,3.264,0.0119056356479,1.76475244811
ve_re001_n127_asshipped,3.272,0.0119025502628,1.76792656359
ve_re001_n127_asshipped,3.28,0.0118994850327,1.7710834884
ve_re001_n127_asshipped,3.288,0.011896439738,1.77422328909
ve_re001_n127_asshipped,3.296,0.0118934141713,1.77734599442
ve_re001_n127_asshipped,3.304,0.0118904080781,1.78045164051
ve_re001_n127_asshipped,3.312,0.0118874212377,1.78354028929
ve_re001_n127_asshipped,3.32,0.0118844534531,1.7866120029
ve_re001_n127_asshipped,3.328,0.0118815045536,1.78966679741
ve_re001_n127_asshipped,3.336,0.0118785743732,1.7927046477
ve_re001_n127_asshipped,3.344,0.0118756627343,1.79572561085
ve_re001_n127_asshipped,3.352,0.011872769483,1.79872975406
ve_re001_n127_asshipped,3.36,0.0118698944585,1.80171712966
ve_re001_n127_asshipped,3.368,0.0118670374857,1.80468779313
ve_re001_n127_asshipped,3.376,0.0118641983959,1.80764180656
ve_re001_n127_asshipped,3.384,0.0118613770028,1.81057923661
ve_re001_n127_asshipped,3.392,0.0118585731276,1.81350014565
ve_re001_n127_asshipped,3.4,0.0118557866047,1.81640458898
ve_re001_n127_asshipped,3.408,0.0118530172818,1.81929262579
ve_re001_n127_asshipped,3.416,0.0118502649822,1.82216429611
ve_re001_n127_asshipped,3.424,0.011847529558,1.82501958752
ve_re001_n127_asshipped,3.432,0.0118448108686,1.82785854718
ve_re001_n127_asshipped,3.44,0.0118421087778,1.83068123145
ve_re001_n127_asshipped,3.448,0.0118394231408,1.83348770596
ve_re001_n127_asshipped,3.456,0.0118367538127,1.83627803783
ve_re001_n127_asshipped,3.464,0.0118341006673,1.83905229236
ve_re001_n127_asshipped,3.472,0.0118314636002,1.84181053094
ve_re001_n127_asshipped,3.48,0.0118288425011,1.84455281049
ve_re001_n127_asshipped,3.488,0.0118262372455,1.84727918131
ve_re001_n127_asshipped,3.496,0.0118236476749,1.84998969792
ve_re001_n127_asshipped,3.504,0.0118210735999,1.85268442545
ve_re001_n127_asshipped,3.512,0.0118185148957,1.85536340387
ve_re001_n127_asshipped,3.52,0.01181597145,1.8580266333
ve_re001_n127_asshipped,3.528,0.0118134431521,1.86067416333
ve_re001_n127_asshipped,3.536,0.0118109298812,1.86330606015
ve_re001_n127_asshipped,3.544,0.0118084315382,1.86592239026
ve_re001_n127_asshipped,3.552,0.0118059480305,1.86852322366
ve_re001_n127_asshipped,3.56,0.0118034792253,1.87110863201
ve_re001_n127_asshipped,3.568,0.0118010249999,1.87367868248
ve_re001_n127_asshipped,3.576,0.0117985852249,1.87623344368
ve_re001_n127_asshipped,3.584,0.0117961598,1.87877298023
ve_re001_n127_asshipped,3.592,0.0117937486412,1.88129735306
ve_re001_n127_asshipped,3.6,0.0117913516592,1.88380662463
ve_re001_n127_asshipped,3.608,0.0117889687492,1.88630086369
ve_re001_n127_asshipped,3.616,0.0117865998092,1.88878010412
ve_re001_n127_asshipped,3.624,0.0117842447363,1.89124436528
ve_re001_n127_asshipped,3.632,0.011781903412,1.89369372078
ve_re001_n127_asshipped,3.64,0.0117795757367,1.89612823439
ve_re001_n127_asshipped,3.648,0.011777261615,1.89854797818
ve_re001_n127_asshipped,3.656,0.0117749609364,1.9009530242
ve_re001_n127_asshipped,3.664,0.0117726736021,1.90334343107
ve_re001_n127_asshipped,3.672,0.0117703995255,1.90571927009
ve_re001_n127_asshipped,3.68,0.0117681386236,1.90808061388
ve_re001_n127_asshipped,3.688,0.0117658907912,1.91042753826
ve_re001_n127_asshipped,3.696,0.0117636559174,1.91276012024
ve_re001_n127_asshipped,3.704,0.0117614339359,1.91507843199
ve_re001_n127_asshipped,3.712,0.0117592248076,1.9173825391
ve_re001_n127_asshipped,3.72,0.0117570284612,1.91967251245
ve_re001_n127_asshipped,3.728,0.0117548448128,1.9219483896
ve_re001_n127_asshipped,3.736,0.0117526737842,1.92421019786
ve_re001_n127_asshipped,3.744,0.0117505152953,1.9264580131
ve_re001_n127_asshipped,3.752,0.0117483692725,1.92869191069
ve_re001_n127_asshipped,3.76,0.0117462356315,1.93091196037
ve_re001_n127_asshipped,3.768,0.0117441142911,1.93311822681
ve_re001_n127_asshipped,3.776,0.0117420051773,1.93531078398
ve_re001_n127_asshipped,3.784,0.0117399082288,1.9374897013
ve_re001_n127_asshipped,3.792,0.0117378233855,1.93965505211
ve_re001_n127_asshipped,3.8,0.0117357505564,1.94180691465
ve_re001_n127_asshipped,3.808,0.0117336896545,1.94394536871
ve_re001_n127_asshipped,3.816,0.0117316406083,1.94607049149
ve_re001_n127_asshipped,3.824,0.0117296033488,1.94818235969
ve_re001_n127_asshipped,3.832,0.011727577811,1.95028105108
ve_re001_n127_asshipped,3.84,0.0117255639201,1.95236664603
ve_re001_n127_asshipped,3.848,0.0117235616056,1.9544391878
ve_re001_n127_asshipped,3.856,0.0117215708195,1.95649869932
ve_re001_n127_asshipped,3.864,0.0117195914929,1.95854525461
ve_re001_n127_asshipped,3.872,0.0117176235595,1.96057892703
ve_re001_n127_asshipped,3.88,0.0117156669387,1.96259979103
ve_re001_n127_asshipped,3.888,0.0117137215436,1.96460792049
ve_re001_n127_asshipped,3.896,0.0117117872989,1.96660338579
ve_re001_n127_asshipped,3.904,0.0117098641278,1.96858626113
ve_re001_n127_asshipped,3.912,0.011707951953,1.97055662312
ve_re001_n127_asshipped,3.92,0.0117060507016,1.97251454894
ve_re001_n127_asshipped,3.928,0.0117041603003,1.97446009942
ve_re001_n127_asshipped,3.936,0.0117022806769,1.97639333088
ve_re001_n127_asshipped,3.944,0.0117004117696,1.9783143182
ve_re001_n127_asshipped,3.952,0.0116985535209,1.9802231369
ve_re001_n127_asshipped,3.96,0.0116967058992,1.98211986219
ve_re001_n127_asshipped,3.968,0.0116948688678,1.98400456523
ve_re001_n127_asshipped,3.976,0.0116930423881,1.9858772943
ve_re001_n127_asshipped,3.984,0.0116912264085,1.98773805068
ve_re001_n127_asshipped,3.992,0.0116894208539,1.98958690044
ve_re001_n127_asshipped,4,0.0116876256515,1.99142391675
ve_re001_n127_asshipped,4.008,0.0116858407263,1.99324917314
ve_re001_n127_asshipped,4.016,0.0116840659943,1.99506274155
ve_re001_n127_asshipped,4.024,0.0116823013657,1.99686469466
ve_re001_n127_asshipped,4.032,0.0116805467589,1.99865509177
ve_re001_n127_asshipped,4.04,0.0116788020898,2.00043398663
ve_re001_n127_asshipped,4.048,0.0116770672731,2.00220145208
ve_re001_n127_asshipped,4.056,0.0116753422517,2.00395756222
ve_re001_n127_asshipped,4.064,0.0116736269627,2.00570239168
ve_re001_n127_asshipped,4.072,0.0116719213361,2.00743601573
ve_re001_n127_asshipped,4.08,0.0116702252969,2.00915850669
ve_re001_n127_asshipped,4.088,0.011668538777,2.01086993339
ve_re001_n127_asshipped,4.096,0.0116668617424,2.01257036525
ve_re001_n127_asshipped,4.104,0.011665194158,2.01425987925
ve_re001_n127_asshipped,4.112,0.011663535969,2.01593853604
ve_re001_n127_asshipped,4.12,0.01166188711,2.01760639269
ve_re001_n127_asshipped,4.128,0.0116602475367,2.01926346267
ve_re001_n127_asshipped,4.136,0.0116586171921,2.02090982989
ve_re001_n127_asshipped,4.144,0.0116569960335,2.02254557143
ve_re001_n127_asshipped,4.152,0.0116553840058,2.02417075815
ve_re001_n127_asshipped,4.16,0.0116537810408,2.02578545396
ve_re001_n127_asshipped,4.168,0.0116521870576,2.0273897364
ve_re001_n127_asshipped,4.176,0.0116506019812,2.02898370523
ve_re001_n127_asshipped,4.184,0.0116490257581,2.03056743468
ve_re001_n127_asshipped,4.192,0.0116474583187,2.03214097825
ve_re001_n127_asshipped,4.2,0.0116458995876,2.03370440448
ve_re001_n127_asshipped,4.208,0.0116443494953,2.03525778525
ve_re001_n127_asshipped,4.216,0.0116428079892,2.03680119175
ve_re001_n127_asshipped,4.224,0.0116412750556,2.03833469347
ve_re001_n127_asshipped,4.232,0.0116397506733,2.03985835903
ve_re001_n127_asshipped,4.24,0.0116382347479,2.04137225761
ve_re001_n127_asshipped,4.248,0.0116367272099,2.04287645796
ve_re001_n127_asshipped,4.256,0.0116352279866,2.04437102845
ve_re001_n127_asshipped,4.264,0.0116337370132,2.04585603133
ve_re001_n127_asshipped,4.272,0.0116322542323,2.04733152841
ve_re001_n127_asshipped,4.28,0.0116307795943,2.04879756393
ve_re001_n127_asshipped,4.288,0.0116293130668,2.05025415205
ve_re001_n127_asshipped,4.296,0.0116278545929,2.05170135967
ve_re001_n127_asshipped,4.304,0.0116264041332,2.05313925743
ve_re001_n127_asshipped,4.312,0.0116249616476,2.05456791582
ve_re001_n127_asshipped,4.32,0.0116235270824,2.0559874004
ve_re001_n127_asshipped,4.328,0.0116221003784,2.05739777626
ve_re001_n127_asshipped,4.336,0.0116206814591,2.05879910986
ve_re001_n127_asshipped,4.344,0.0116192702507,2.06019146835
ve_re001_n127_asshipped,4.352,0.0116178666873,2.06157491719
ve_re001_n127_asshipped,4.36,0.0116164707074,2.06294952115
ve_re001_n127_asshipped,4.368,0.0116150822483,2.06431534529
ve_re001_n127_asshipped,4.376,0.0116137012383,2.06567245489
ve_re001_n127_asshipped,4.384,0.0116123276208,2.0670209091
ve_re001_n127_asshipped,4.392,0.0116109613259,2.06836076765
ve_re001_n127_asshipped,4.4,0.0116096022867,2.06969209261
ve_re001_n127_asshipped,4.408,0.0116082504518,2.0710149454
ve_re001_n127_asshipped,4.416,0.0116069057543,2.07232938851
ve_re001_n127_asshipped,4.424,0.0116055681259,2.0736354836
ve_re001_n127_asshipped,4.432,0.0116042374982,2.07493329283
ve_re001_n127_asshipped,4.44,0.0116029138198,2.07622289866
ve_re001_n127_asshipped,4.448,0.0116015970487,2.07750436974
ve_re001_n127_asshipped,4.456,0.0116002871412,2.07877774361
ve_re001_n127_asshipped,4.464,0.0115989840859,2.08004302944
ve_re001_n127_asshipped,4.472,0.0115976878485,2.08130028707
ve_re001_n127_asshipped,4.48,0.0115963983917,2.08254957831
ve_re001_n127_asshipped,4.488,0.0115951156736,2.08379096161
ve_re001_n127_asshipped,4.496,0.0115938396479,2.08502449321
ve_re001_n127_asshipped,4.504,0.0115925702466,2.08625022905
ve_re001_n127_asshipped,4.512,0.0115913074057,2.08746822762
ve_re001_n127_asshipped,4.52,0.0115900510684,2.08867854624
ve_re001_n127_asshipped,4.528,0.0115888011573,2.08988124456
ve_re001_n127_asshipped,4.536,0.0115875576014,2.09107637915
ve_re001_n127_asshipped,4.544,0.0115863203371,2.09226400162
ve_re001_n127_asshipped,4.552,0.0115850892897,2.0934441694
ve_re001_n127_asshipped,4.56,0.0115838643901,2.09461694001
ve_re001_n127_asshipped,4.568,0.0115826455785,2.0957823694
ve_re001_n127_asshipped,4.576,0.0115814327928,2.09694051267
ve_re001_n127_asshipped,4.584,0.0115802259805,2.09809142355
ve_re001_n127_asshipped,4.592,0.0115790250978,2.09923515486
ve_re001_n127_asshipped,4.6,0.0115778300886,2.1003717601
ve_re001_n127_asshipped,4.608,0.0115766408932,2.10150129222
ve_re001_n127_asshipped,4.616,0.01157545746,2.10262380263
ve_re001_n127_asshipped,4.624,0.0115742797463,2.10373934164
ve_re001_n127_asshipped,4.632,0.0115731077228,2.10484795776
ve_re001_n127_asshipped,4.64,0.0115719413536,2.10594969963
ve_re001_n127_asshipped,4.648,0.0115707805994,2.10704461249
ve_re001_n127_asshipped,4.656,0.0115696254296,2.1081326965
ve_re001_n127_asshipped,4.664,0.0115684758125,2.10921398392
ve_re001_n127_asshipped,4.672,0.0115673317079,2.11028852408
ve_re001_n127_asshipped,4.68,0.0115661930837,2.11135636689
ve_re001_n127_asshipped,4.688,0.0115650599201,2.11241756192
ve_re001_n127_asshipped,4.696,0.0115639321827,2.11347215964
ve_re001_n127_asshipped,4.704,0.0115628098124,2.11452020931
ve_re001_n127_asshipped,4.712,0.0115616927467,2.11556176157
ve_re001_n127_asshipped,4.72,0.0115605809268,2.11659686611
ve_re001_n127_asshipped,4.728,0.0115594742906,2.11762557222
ve_re001_n127_asshipped,4.736,0.0115583727801,2.11864792767
ve_re001_n127_asshipped,4.744,0.011557276331,2.11966398033
ve_re001_n127_asshipped,4.752,0.0115561848832,2.1206737762
ve_re001_n127_asshipped,4.76,0.0115550983845,2.12167736038
ve_re001_n127_asshipped,4.768,0.0115540167885,2.12267477694
ve_re001_n127_asshipped,4.776,0.0115529400546,2.12366606934
ve_re001_n127_asshipped,4.784,0.0115518681529,2.12465127964
ve_re001_n127_asshipped,4.792,0.0115508010428,2.12563045193
ve_re001_n127_asshipped,4.8,0.0115497386971,2.12660363053
ve_re001_n127_asshipped,4.808,0.0115486810781,2.12757085948
ve_re001_n127_asshipped,4.816,0.0115476281473,2.12853218171
ve_re001_n127_asshipped,4.824,0.0115465798643,2.12948764045
ve_re001_n127_asshipped,4.832,0.0115455361933,2.13043727755
ve_re001_n127_asshipped,4.84,0.0115444971019,2.13138113376
ve_re001_n127_asshipped,4.848,0.0115434625525,2.13231924993
ve_re001_n127_asshipped,4.856,0.0115424325127,2.13325166635
ve_re001_n127_asshipped,4.864,0.0115414069589,2.13417841875
ve_re001_n127_asshipped,4.872,0.0115403858841,2.13509950136
ve_re001_n127_asshipped,4.88,0.0115393692596,2.13601494205
ve_re001_n127_asshipped,4.888,0.0115383570554,2.13692478164
ve_re001_n127_asshipped,4.896,0.011537349242,2.13782906217
ve_re001_n127_asshipped,4.904,0.0115363457827,2.13872782647
ve_re001_n127_asshipped,4.912,0.0115353466444,2.13962111534
ve_re001_n127_asshipped,4.92,0.0115343517956,2.14050896854
ve_re001_n127_asshipped,4.928,0.0115333612112,2.14139142419
ve_re001_n127_asshipped,4.936,0.0115323748566,2.14226852152
ve_re001_n127_asshipped,4.944,0.0115313926852,2.14314030081
ve_re001_n127_asshipped,4.952,0.0115304146459,2.14400680099
ve_re001_n127_asshipped,4.96,0.0115294406971,2.14486805985
ve_re001_n127_asshipped,4.968,0.011528470797,2.14572411495
ve_re001_n127_asshipped,4.976,0.0115275048988,2.1465750043
ve_re001_n127_asshipped,4.984,0.0115265429613,2.14742076483
ve_re001_n127_asshipped,4.992,0.01152558495,2.14826143183
ve_re001_n127_asshipped,5,0.0115246308288,2.14909703952
ve_re001_n127_asshipped,5.008,0.0115236805614,2.14992762524
ve_re001_n127_asshipped,5.016,0.0115227341229,2.15075322512
ve_re001_n127_asshipped,5.024,0.0115217914848,2.15157387595
ve_re001_n127_asshipped,5.032,0.011520852617,2.15238961455
ve_re001_n127_asshipped,5.04,0.0115199174887,2.15320047787
ve_re001_n127_asshipped,5.048,0.0115189860757,2.15400650156
ve_re001_n127_asshipped,5.056,0.0115180583497,2.15480772147
ve_re001_n127_asshipped,5.064,0.0115171342943,2.15560417161
ve_re001_n127_asshipped,5.072,0.0115162138949,2.15639588678
ve_re001_n127_asshipped,5.08,0.0115152971393,2.15718290179
ve_re001_n127_asshipped,5.088,0.0115143840159,2.1579652499
ve_re001_n127_asshipped,5.096,0.0115134745089,2.15874296531
ve_re001_n127_asshipped,5.104,0.0115125685988,2.15951608225
ve_re001_n127_asshipped,5.112,0.0115116662731,2.16028460442
ve_re001_n127_asshipped,5.12,0.011510767523,2.16104854498
ve_re001_n127_asshipped,5.128,0.0115098723292,2.16180794039
ve_re001_n127_asshipped,5.136,0.0115089806722,2.16256282715
ve_re001_n127_asshipped,5.144,0.0115080925393,2.1633132244
ve_re001_n127_asshipped,5.152,0.011507207898,2.16405899398
ve_re001_n127_asshipped,5.16,0.0115063267145,2.16480011684
ve_re001_n127_asshipped,5.168,0.0115054489894,2.16553661749
ve_re001_n127_asshipped,5.176,0.0115045747047,2.16626852079
ve_re001_n127_asshipped,5.184,0.0115037038417,2.16699585107
ve_re001_n127_asshipped,5.192,0.011502836382,2.16771863145
ve_re001_n127_asshipped,5.2,0.0115019723016,2.16843688804
ve_re001_n127_asshipped,5.208,0.011501111584,2.16915064555
ve_re001_n127_asshipped,5.216,0.0115002542143,2.1698599294
ve_re001_n127_asshipped,5.224,0.0114994001716,2.1705647663
ve_re001_n127_asshipped,5.232,0.0114985494351,2.17126518323
ve_re001_n127_asshipped,5.24,0.0114977019853,2.17196120756
ve_re001_n127_asshipped,5.248,0.0114968578097,2.1726528662
ve_re001_n127_asshipped,5.256,0.011496016899,2.17334018564
ve_re001_n127_asshipped,5.264,0.0114951792424,2.17402319233
ve_re001_n127_asshipped,5.272,0.0114943448298,2.17470191274
ve_re001_n127_asshipped,5.28,0.0114935136473,2.17537637415
ve_re001_n127_asshipped,5.288,0.0114926856811,2.17604660348
ve_re001_n127_asshipped,5.296,0.0114918609219,2.17671262701
ve_re001_n127_asshipped,5.304,0.0114910393618,2.17737447097
ve_re001_n127_asshipped,5.312,0.0114902209926,2.1780321614
ve_re001_n127_asshipped,5.32,0.0114894058007,2.17868572586
ve_re001_n127_asshipped,5.328,0.0114885937809,2.17933519088
ve_re001_n127_asshipped,5.336,0.0114877849329,2.17998058195
ve_re001_n127_asshipped,5.344,0.0114869792583,2.1806219247
ve_re001_n127_asshipped,5.352,0.0114861767436,2.18125924539
ve_re001_n127_asshipped,5.36,0.0114853773764,2.18189257034
ve_re001_n127_asshipped,5.368,0.0114845811435,2.18252192595
ve_re001_n127_asshipped,5.376,0.0114837880324,2.18314733843
ve_re001_n127_asshipped,5.384,0.0114829980338,2.18376882553
ve_re001_n127_asshipped,5.392,0.0114822111556,2.18438637761
ve_re001_n127_asshipped,5.4,0.0114814273923,2.18500001649
ve_re001_n127_asshipped,5.408,0.0114806467433,2.1856097661
ve_re001_n127_asshipped,5.416,0.0114798692129,2.18621565059
ve_re001_n127_asshipped,5.424,0.0114790948015,2.18681769471
ve_re001_n127_asshipped,5.432,0.0114783235102,2.187415923
ve_re001_n127_asshipped,5.44,0.0114775553369,2.18801036052
ve_re001_n127_asshipped,5.448,0.0114767902801,2.18860103192
ve_re001_n127_asshipped,5.456,0.0114760283331,2.18918796239
ve_re001_n127_asshipped,5.464,0.0114752694849,2.18977117738
ve_re001_n127_asshipped,5.472,0.011474513722,2.19035070248
ve_re001_n127_asshipped,5.48,0.0114737610325,2.19092656307
ve_re001_n127_asshipped,5.488,0.0114730114009,2.19149878464
ve_re001_n127_asshipped,5.496,0.0114722648098,2.19206739264
ve_re001_n127_asshipped,5.504,0.0114715212433,2.19263241252
ve_re001_n127_asshipped,5.512,0.0114707806868,2.19319386957
ve_re001_n127_asshipped,5.52,0.0114700431285,2.19375178865
ve_re001_n127_asshipped,5.528,0.0114693085571,2.19430619392
ve_re001_n127_asshipped,5.536,0.0114685769599,2.19485711084
ve_re001_n127_asshipped,5.544,0.011467848329,2.19540456491
ve_re001_n127_asshipped,5.552,0.0114671226615,2.19594858121
ve_re001_n127_asshipped,5.56,0.0114663999506,2.19648918567
ve_re001_n127_asshipped,5.568,0.0114656801904,2.19702640401
ve_re001_n127_asshipped,5.576,0.0114649633774,2.19756026157
ve_re001_n127_asshipped,5.584,0.0114642495077,2.1980907841
ve_re001_n127_asshipped,5.592,0.0114635385747,2.1986179976
ve_re001_n127_asshipped,5.6,0.0114628305717,2.19914192809
ve_re001_n127_asshipped,5.608,0.0114621254993,2.19966259931
ve_re001_n127_asshipped,5.616,0.0114614233574,2.20018003581
ve_re001_n127_asshipped,5.624,0.0114607241403,2.20069426344
ve_re001_n127_asshipped,5.632,0.0114600278449,2.2012053074
ve_re001_n127_asshipped,5.64,0.0114593344645,2.20171319279
ve_re001_n127_asshipped,5.648,0.011458643984,2.20221794658
ve_re001_n127_asshipped,5.656,0.0114579563967,2.20271959496
ve_re001_n127_asshipped,5.664,0.0114572717004,2.20321816423
ve_re001_n127_asshipped,5.672,0.0114565898901,2.20371368031
ve_re001_n127_asshipped,5.68,0.011455910957,2.20420616932
ve_re001_n127_asshipped,5.688,0.0114552348886,2.20469565836
ve_re001_n127_asshipped,5.696,0.0114545616759,2.20518217387
ve_re001_n127_asshipped,5.704,0.011453891308,2.20566574184
ve_re001_n127_asshipped,5.712,0.0114532237737,2.20614638643
ve_re001_n127_asshipped,5.72,0.0114525590711,2.20662410712
ve_re001_n127_asshipped,5.728,0.011451897198,2.20709892117
ve_re001_n127_asshipped,5.736,0.0114512381428,2.20757085553
ve_re001_n127_asshipped,5.744,0.0114505818951,2.20803993704
ve_re001_n127_asshipped,5.752,0.0114499284467,2.20850619261
ve_re001_n127_asshipped,5.76,0.0114492777912,2.20896964882
ve_re001_n127_asshipped,5.768,0.0114486299197,2.20943033221
ve_re001_n127_asshipped,5.776,0.0114479848216,2.20988826947
ve_re001_n127_asshipped,5.784,0.0114473424874,2.21034348647
ve_re001_n127_asshipped,5.792,0.0114467029041,2.21079600948
ve_re001_n127_asshipped,5.8,0.0114460660534,2.2112458654
ve_re001_n127_asshipped,5.808,0.0114454319178,2.21169308055
ve_re001_n127_asshipped,5.816,0.0114448004803,2.21213767988
ve_re001_n127_asshipped,5.824,0.0114441717238,2.21257968824
ve_re001_n127_asshipped,5.832,0.0114435456272,2.2130191313
ve_re001_n127_asshipped,5.84,0.0114429221696,2.21345603482
ve_re001_n127_asshipped,5.848,0.0114423013336,2.21389042395
ve_re001_n127_asshipped,5.856,0.0114416831065,2.2143223233
ve_re001_n127_asshipped,5.864,0.0114410674747,2.2147517577
ve_re001_n127_asshipped,5.872,0.0114404544227,2.21517875239
ve_re001_n127_asshipped,5.88,0.0114398439317,2.21560333314
ve_re001_n127_asshipped,5.888,0.0114392359805,2.21602552587
ve_re001_n127_asshipped,5.896,0.0114386305479,2.21644535629
ve_re001_n127_asshipped,5.904,0.0114380276152,2.21686284971
ve_re001_n127_asshipped,5.912,0.0114374271621,2.21727803152
ve_re001_n127_asshipped,5.92,0.0114368291651,2.2176909271
ve_re001_n127_asshipped,5.928,0.0114362336058,2.21810156107
ve_re001_n127_asshipped,5.936,0.0114356404636,2.21850995791
ve_re001_n127_asshipped,5.944,0.0114350497141,2.21891614214
ve_re001_n127_asshipped,5.952,0.0114344613348,2.21932013772
ve_re001_n127_asshipped,5.96,0.0114338753026,2.21972196827
ve_re001_n127_asshipped,5.968,0.0114332915965,2.22012165757
ve_re001_n127_asshipped,5.976,0.0114327101922,2.22051922883
ve_re001_n127_asshipped,5.984,0.0114321310672,2.22091470428
ve_re001_n127_asshipped,5.992,0.0114315541971,2.22130810586
ve_re001_n127_asshipped,6,0.0114309795598,2.22169945532
ve_re001_n127_asshipped,6.008,0.0114304071338,2.22208877381
ve_re001_n127_asshipped,6.016,0.011429836899,2.22247608205
ve_re001_n127_asshipped,6.024,0.011429268834,2.22286140058
ve_re001_n127_asshipped,6.032,0.0114287029128,2.22324474989
ve_re001_n127_asshipped,6.04,0.0114281391127,2.22362614996
ve_re001_n127_asshipped,6.048,0.0114275774111,2.22400562042
ve_re001_n127_asshipped,6.056,0.0114270177904,2.22438318008
ve_re001_n127_asshipped,6.064,0.0114264602343,2.22475884633
ve_re001_n127_asshipped,6.072,0.0114259047241,2.22513263692
ve_re001_n127_asshipped,6.08,0.0114253512376,2.2255045697
ve_re001_n127_asshipped,6.088,0.0114247997483,2.22587466224
ve_re001_n127_asshipped,6.096,0.0114242502315,2.22624293138
ve_re001_n127_asshipped,6.104,0.011423702661,2.22660939448
ve_re001_n127_asshipped,6.112,0.0114231570118,2.22697406826
ve_re001_n127_asshipped,6.12,0.0114226132635,2.22733696831
ve_re001_n127_asshipped,6.128,0.0114220713935,2.22769811016
ve_re001_n127_asshipped,6.136,0.0114215313779,2.22805750691
ve_re001_n127_asshipped,6.144,0.0114209932017,2.22841515347
ve_re001_n127_asshipped,6.152,0.011420456845,2.22877106098
ve_re001_n127_asshipped,6.16,0.0114199222862,2.22912524462
ve_re001_n127_asshipped,6.168,0.0114193895064,2.22947771878
ve_re001_n127_asshipped,6.176,0.011418858486,2.2298284983
ve_re001_n127_asshipped,6.184,0.0114183292067,2.2301775982
ve_re001_n127_asshipped,6.192,0.0114178016488,2.23052503301
ve_re001_n127_asshipped,6.2,0.0114172757965,2.23087081582
ve_re001_n127_asshipped,6.208,0.0114167516303,2.23121495998
ve_re001_n127_asshipped,6.216,0.0114162291321,2.23155747872
ve_re001_n127_asshipped,6.224,0.0114157082884,2.23189838426
ve_re001_n127_asshipped,6.232,0.0114151890904,2.23223768837
ve_re001_n127_asshipped,6.24,0.0114146715222,2.23257540355
ve_re001_n127_asshipped,6.248,0.0114141555648,2.23291154226
ve_re001_n127_asshipped,6.256,0.011413641199,2.23324611643
ve_re001_n127_asshipped,6.264,0.0114131284056,2.23357913807
ve_re001_n127_asshipped,6.272,0.0114126171681,2.23391061911
ve_re001_n127_asshipped,6.28,0.0114121074676,2.23424057122
ve_re001_n127_asshipped,6.288,0.0114115992833,2.23456900619
ve_re001_n127_asshipped,6.296,0.0114110925979,2.23489593593
ve_re001_n127_asshipped,6.304,0.0114105873957,2.23522137144
ve_re001_n127_asshipped,6.312,0.0114100836595,2.23554532356
ve_re001_n127_asshipped,6.32,0.0114095813757,2.23586780291
ve_re001_n127_asshipped,6.328,0.0114090805315,2.23618881956
ve_re001_n127_asshipped,6.336,0.0114085811133,2.23650838317
ve_re001_n127_asshipped,6.344,0.0114080831077,2.23682650308
ve_re001_n127_asshipped,6.352,0.0114075865032,2.23714318823
ve_re001_n127_asshipped,6.36,0.011407091285,2.23745844759
ve_re001_n127_asshipped,6.368,0.0114065974428,2.2377722898
ve_re001_n127_asshipped,6.376,0.0114061049676,2.23808472266
ve_re001_n127_asshipped,6.384,0.0114056138512,2.23839575311
ve_re001_n127_asshipped,6.392,0.0114051240822,2.23870538864
ve_re001_n127_asshipped,6.4,0.0114046356501,2.23901363657
ve_re001_n127_asshipped,6.408,0.0114041485484,2.23932050414
ve_re001_n127_asshipped,6.416,0.0114036627717,2.23962599843
ve_re001_n127_asshipped,6.424,0.0114031783119,2.23993012647
ve_re001_n127_asshipped,6.432,0.0114026951602,2.24023289526
ve_re001_n127_asshipped,6.44,0.011402213307,2.24053431149
ve_re001_n127_asshipped,6.448,0.0114017327455,2.24083438183
ve_re001_n127_asshipped,6.456,0.0114012534721,2.24113311243
ve_re001_n127_asshipped,6.464,0.0114007754822,2.24143050909
ve_re001_n127_asshipped,6.472,0.0114002987714,2.24172657779
ve_re001_n127_asshipped,6.48,0.011399823336,2.24202132471
ve_re001_n127_asshipped,6.488,0.0113993491759,2.24231475596
ve_re001_n127_asshipped,6.496,0.0113988762876,2.24260687752
ve_re001_n127_asshipped,6.504,0.0113984046704,2.24289769503
ve_re001_n127_asshipped,6.512,0.0113979343221,2.24318721423
ve_re001_n127_asshipped,6.52,0.0113974652407,2.24347544097
ve_re001_n127_asshipped,6.528,0.0113969974254,2.24376238098
ve_re001_n127_asshipped,6.536,0.0113965308766,2.24404803983
ve_re001_n127_asshipped,6.544,0.0113960655923,2.24433242355
ve_re001_n127_asshipped,6.552,0.0113956015745,2.24461553802
ve_re001_n127_asshipped,6.56,0.0113951388245,2.24489738897
ve_re001_n127_asshipped,6.56800000001,0.011394677344,2.24517798212
ve_re001_n127_asshipped,6.57600000001,0.0113942171374,2.24545732329
ve_re001_n127_asshipped,6.58400000001,0.0113937582062,2.24573541832
ve_re001_n127_asshipped,6.59200000001,0.0113933005506,2.24601227309
ve_re001_n127_asshipped,6.60000000001,0.01139284417,2.24628789365
ve_re001_n127_asshipped,6.60800000001,0.0113923890627,2.24656228626
ve_re001_n127_asshipped,6.61600000001,0.0113919352275,2.24683545699
ve_re001_n127_asshipped,6.62400000001,0.0113914826638,2.24710741195
ve_re001_n127_asshipped,6.63200000001,0.0113910313737,2.24737815685
ve_re001_n127_asshipped,6.64000000001,0.0113905813592,2.24764769724
ve_re001_n127_asshipped,6.64800000001,0.0113901326237,2.24791603922
ve_re001_n127_asshipped,6.65600000001,0.0113896851742,2.24818318894
ve_re001_n127_asshipped,6.66400000001,0.0113892390165,2.2484491528
ve_re001_n127_asshipped,6.67200000001,0.0113887941555,2.2487139374
ve_re001_n127_asshipped,6.68000000001,0.0113883505958,2.24897754955
ve_re001_n127_asshipped,6.68800000001,0.0113879083407,2.24923999613
ve_re001_n127_asshipped,6.69600000001,0.0113874673965,2.24950128426
ve_re001_n127_asshipped,6.70400000001,0.0113870277655,2.24976142143
ve_re001_n127_asshipped,6.71200000001,0.0113865894503,2.25002041507
ve_re001_n127_asshipped,6.72000000001,0.0113861524523,2.2502782727
ve_re001_n127_asshipped,6.72800000001,0.0113857167717,2.25053500194
ve_re001_n127_asshipped,6.73600000001,0.0113852824088,2.25079061036
ve_re001_n127_asshipped,6.74400000001,0.0113848493662,2.25104509613
ve_re001_n127_asshipped,6.75200000001,0.0113844176469,2.25129846165
ve_re001_n127_asshipped,6.76000000001,0.0113839872504,2.25155071528
ve_re001_n127_asshipped,6.76800000001,0.0113835581792,2.25180186532
ve_re001_n127_asshipped,6.77600000001,0.0113831304349,2.25205192002
ve_re001_n127_asshipped,6.78400000001,0.0113827040187,2.25230088764
ve_re001_n127_asshipped,6.79200000001,0.0113822789301,2.25254877658
ve_re001_n127_asshipped,6.80000000001,0.011381855167,2.25279559528
ve_re001_n127_asshipped,6.80800000001,0.0113814327259,2.25304135224
ve_re001_n127_asshipped,6.81600000001,0.0113810116052,2.25328605588
ve_re001_n127_asshipped,6.82400000001,0.0113805918044,2.25352971423
ve_re001_n127_asshipped,6.83200000001,0.0113801733188,2.25377233612
ve_re001_n127_asshipped,6.84000000001,0.0113797561466,2.25401393004
ve_re001_n127_asshipped,6.84800000001,0.0113793402838,2.25425450425
ve_re001_n127_asshipped,6.85600000001,0.0113789257257,2.2544940671
ve_re001_n127_asshipped,6.86400000001,0.0113785124677,2.25473262686
ve_re001_n127_asshipped,6.87200000001,0.0113781005054,2.25497019162
ve_re001_n127_asshipped,6.88000000001,0.0113776898347,2.25520676931
ve_re001_n127_asshipped,6.88800000001,0.0113772804507,2.25544236801
ve_re001_n127_asshipped,6.89600000001,0.0113768723481,2.25567699557
ve_re001_n127_asshipped,6.90400000001,0.0113764655215,2.25591065992
ve_re001_n127_asshipped,6.91200000001,0.0113760599662,2.25614336877
ve_re001_n127_asshipped,6.92000000001,0.0113756556796,2.25637512899
ve_re001_n127_asshipped,6.92800000001,0.0113752526579,2.25660594739
ve_re001_n127_asshipped,6.93600000001,0.0113748508962,2.25683583098
ve_re001_n127_asshipped,6.94400000001,0.0113744503891,2.25706478687
ve_re001_n127_asshipped,6.95200000001,0.0113740511309,2.25729282199
ve_re001_n127_asshipped,6.96000000001,0.0113736531169,2.2575199431
ve_re001_n127_asshipped,6.96800000001,0.0113732563431,2.25774615696
ve_re001_n127_asshipped,6.97600000001,0.0113728608033,2.25797147013
ve_re001_n127_asshipped,6.98400000001,0.0113724664913,2.25819588892
ve_re001_n127_asshipped,6.99200000001,0.0113720734017,2.25841941948
ve_re001_n127_asshipped,7.00000000001,0.0113716815282,2.25864206789
ve_re001_n127_asshipped,7.00800000001,0.0113712908653,2.25886384007
ve_re001_n127_asshipped,7.01600000001,0.0113709014072,2.2590847418
ve_re001_n127_asshipped,7.02400000001,0.011370513146,2.25930477901
ve_re001_n127_asshipped,7.03200000001,0.0113701260749,2.2595239571
ve_re001_n127_asshipped,7.04000000001,0.0113697401879,2.25974228134
ve_re001_n127_asshipped,7.04800000001,0.011369355479,2.25995975678
ve_re001_n127_asshipped,7.05600000001,0.0113689719417,2.26017638831
ve_re001_n127_asshipped,7.06400000001,0.0113685895706,2.26039218052
ve_re001_n127_asshipped,7.07200000001,0.0113682083608,2.26060713788
ve_re001_n127_asshipped,7.08000000001,0.0113678283066,2.26082126483
ve_re001_n127_asshipped,7.08800000001,0.0113674494016,2.26103456576
ve_re001_n127_asshipped,7.09600000001,0.0113670716397,2.26124704474
ve_re001_n127_asshipped,7.10400000001,0.0113666950158,2.26145870555
ve_re001_n127_asshipped,7.11200000001,0.0113663195254,2.2616695518
ve_re001_n127_asshipped,7.12000000001,0.0113659451663,2.26187958693
ve_re001_n127_asshipped,7.12800000001,0.0113655719392,2.26208881425
ve_re001_n127_asshipped,7.13600000001,0.011365199841,2.26229723699
ve_re001_n127_asshipped,7.14400000001,0.0113648288682,2.26250485831
ve_re001_n127_asshipped,7.15200000001,0.0113644590167,2.26271168102
ve_re001_n127_asshipped,7.16000000001,0.0113640902854,2.2629177072
ve_re001_n127_asshipped,7.16800000001,0.0113637226708,2.26312293947
ve_re001_n127_asshipped,7.17600000001,0.0113633561692,2.26332738039
ve_re001_n127_asshipped,7.18400000001,0.0113629907773,2.26353103239
ve_re001_n127_asshipped,7.19200000001,0.0113626264912,2.26373389772
ve_re001_n127_asshipped,7.20000000001,0.0113622633076,2.26393597855
ve_re001_n127_asshipped,7.20800000001,0.0113619012224,2.26413727692
ve_re001_n127_asshipped,7.21600000001,0.011361540233,2.26433779471
ve_re001_n127_asshipped,7.22400000001,0.0113611803367,2.26453753386
ve_re001_n127_asshipped,7.23200000001,0.0113608215309,2.26473649627
ve_re001_n127_asshipped,7.24000000001,0.0113604638122,2.26493468383
ve_re001_n127_asshipped,7.24800000001,0.0113601071805,2.26513209819
ve_re001_n127_asshipped,7.25600000001,0.011359751635,2.26532874097
ve_re001_n127_asshipped,7.26400000001,0.0113593971749,2.26552461376
ve_re001_n127_asshipped,7.27200000001,0.0113590437987,2.26571971806
ve_re001_n127_asshipped,7.28000000001,0.0113586915052,2.26591405532
ve_re001_n127_asshipped,7.28800000001,0.0113583402936,2.26610762703
ve_re001_n127_asshipped,7.29600000001,0.0113579901645,2.26630043481
ve_re001_n127_asshipped,7.30400000001,0.0113576411193,2.26649248003
ve_re001_n127_asshipped,7.31200000001,0.0113572931593,2.26668376409
ve_re001_n127_asshipped,7.32000000001,0.0113569462851,2.26687428866
ve_re001_n127_asshipped,7.32800000001,0.0113566004983,2.26706405552
ve_re001_n127_asshipped,7.33600000001,0.0113562558032,2.26725306649
ve_re001_n127_asshipped,7.34400000001,0.0113559122028,2.26744132343
ve_re001_n127_asshipped,7.35200000001,0.0113555697009,2.26762882815
ve_re001_n127_asshipped,7.36000000001,0.0113552282981,2.2678155827
ve_re001_n127_asshipped,7.36800000001,0.0113548879957,2.26800158918
ve_re001_n127_asshipped,7.37600000001,0.0113545487949,2.2681868498
ve_re001_n127_asshipped,7.38400000001,0.0113542106977,2.26837136678
ve_re001_n127_asshipped,7.39200000001,0.0113538737063,2.26855514238
ve_re001_n127_asshipped,7.40000000001,0.0113535378232,2.26873817888
ve_re001_n127_asshipped,7.40800000001,0.0113532030509,2.26892047858
ve_re001_n127_asshipped,7.41600000001,0.011352869392,2.26910204381
ve_re001_n127_asshipped,7.42400000001,0.0113525368499,2.26928287684
ve_re001_n127_asshipped,7.43200000001,0.0113522054285,2.26946298003
ve_re001_n127_asshipped,7.44000000001,0.0113518751316,2.26964235593
ve_re001_n127_asshipped,7.44800000001,0.011351545961,2.26982100722
ve_re001_n127_asshipped,7.45600000001,0.0113512179183,2.26999893667
ve_re001_n127_asshipped,7.46400000001,0.0113508910047,2.27017614707
ve_re001_n127_asshipped,7.47200000001,0.0113505652227,2.27035264126
ve_re001_n127_asshipped,7.48000000001,0.0113502405745,2.27052842203
ve_re001_n127_asshipped,7.48800000001,0.0113499170624,2.27070348971
ve_re001_n127_asshipped,7.49600000001,0.0113495946868,2.27087784489
ve_re001_n127_asshipped,7.50400000001,0.0113492734501,2.27105149036
ve_re001_n127_asshipped,7.51200000001,0.0113489533534,2.27122442904
ve_re001_n127_asshipped,7.52000000001,0.0113486343975,2.27139666397
ve_re001_n127_asshipped,7.52800000001,0.0113483165837,2.27156819835
ve_re001_n127_asshipped,7.53600000001,0.0113479999131,2.27173903575
ve_re001_n127_asshipped,7.54400000001,0.0113476843876,2.27190917957
ve_re001_n127_asshipped,7.55200000001,0.0113473700074,2.2720786332
ve_re001_n127_asshipped,7.56000000001,0.0113470567733,2.27224740003
ve_re001_n127_asshipped,7.56800000001,0.0113467446837,2.27241548336
ve_re001_n127_asshipped,7.57600000001,0.0113464337397,2.27258288664
ve_re001_n127_asshipped,7.58400000001,0.0113461239431,2.27274961346
ve_re001_n127_asshipped,7.59200000001,0.0113458152958,2.27291566749
ve_re001_n127_asshipped,7.60000000001,0.0113455077987,2.27308105245
ve_re001_n127_asshipped,7.60800000001,0.0113452014532,2.27324577215
ve_re001_n127_asshipped,7.61600000001,0.0113448962604,2.27340983037
ve_re001_n127_asshipped,7.62400000001,0.011344592221,2.27357323097
ve_re001_n127_asshipped,7.63200000001,0.0113442893355,2.27373597786
ve_re001_n127_asshipped,7.64000000001,0.0113439876044,2.27389807496
ve_re001_n127_asshipped,7.64800000001,0.0113436870278,2.27405952619
ve_re001_n127_asshipped,7.65600000001,0.0113433876052,2.27422033555
ve_re001_n127_asshipped,7.66400000001,0.0113430893349,2.27438050701
ve_re001_n127_asshipped,7.67200000001,0.0113427922157,2.27454004489
ve_re001_n127_asshipped,7.68000000001,0.0113424962462,2.27469895359
ve_re001_n127_asshipped,7.68800000001,0.0113422014253,2.27485723721
ve_re001_n127_asshipped,7.69600000001,0.0113419077527,2.27501489984
ve_re001_n127_asshipped,7.70400000001,0.0113416152284,2.27517194555
ve_re001_n127_asshipped,7.71200000001,0.0113413238529,2.27532837839
ve_re001_n127_asshipped,7.72000000001,0.0113410336251,2.27548420231
ve_re001_n127_asshipped,7.72800000001,0.0113407445434,2.27563942142
ve_re001_n127_asshipped,7.73600000001,0.0113404566059,2.2757940399
ve_re001_n127_asshipped,7.74400000001,0.0113401698112,2.27594806187
ve_re001_n127_asshipped,7.75200000001,0.0113398841575,2.27610149132
ve_re001_n127_asshipped,7.76000000001,0.0113395996418,2.27625433223
ve_re001_n127_asshipped,7.76800000001,0.0113393162606,2.27640658876
ve_re001_n127_asshipped,7.77600000001,0.0113390340102,2.27655826502
ve_re001_n127_asshipped,7.78400000001,0.0113387528861,2.2767093651
ve_re001_n127_asshipped,7.79200000001,0.0113384728845,2.27685989312
ve_re001_n127_asshipped,7.80000000001,0.011338194001,2.27700985316
ve_re001_n127_asshipped,7.80800000001,0.0113379162316,2.27715924923
ve_re001_n127_asshipped,7.81600000001,0.0113376395719,2.27730808535
ve_re001_n127_asshipped,7.82400000001,0.0113373640174,2.27745636548
ve_re001_n127_asshipped,7.83200000001,0.0113370895632,2.27760409356
ve_re001_n127_asshipped,7.84000000001,0.0113368162044,2.27775127338
ve_re001_n127_asshipped,7.84800000001,0.0113365439356,2.27789790845
ve_re001_n127_asshipped,7.85600000001,0.0113362727509,2.27804400253
ve_re001_n127_asshipped,7.86400000001,0.0113360026446,2.27818955945
ve_re001_n127_asshipped,7.87200000001,0.0113357336097,2.27833458301
ve_re001_n127_asshipped,7.88000000001,0.0113354656398,2.27847907698
ve_re001_n127_asshipped,7.88800000001,0.0113351987283,2.27862304511
ve_re001_n127_asshipped,7.89600000001,0.0113349328686,2.2787664911
ve_re001_n127_asshipped,7.90400000001,0.0113346680544,2.27890941864
ve_re001_n127_asshipped,7.91200000001,0.0113344042804,2.27905183132
ve_re001_n127_asshipped,7.92000000001,0.0113341415402,2.2791937328
ve_re001_n127_asshipped,7.92800000001,0.0113338798276,2.27933512666
ve_re001_n127_asshipped,7.93600000001,0.0113336191363,2.2794760164
ve_re001_n127_asshipped,7.94400000001,0.0113333594601,2.27961640547
ve_re001_n127_asshipped,7.95200000001,0.0113331007932,2.27975629731
ve_re001_n127_asshipped,7.96000000001,0.01133284313,2.27989569529
ve_re001_n127_asshipped,7.96800000001,0.0113325864646,2.28003460279
ve_re001_n127_asshipped,7.97600000001,0.0113323307914,2.28017302318
ve_re001_n127_asshipped,7.98400000001,0.0113320761044,2.28031095977
ve_re001_n127_asshipped,7.99200000001,0.0113318223973,2.28044841584
ve_re001_n127_asshipped,8.00000000001,0.0113315696638,2.28058539418
ve_re001_n127_asshipped,8.00800000001,0.0113313178991,2.28072189517
ve_re001_n127_asshipped,8.01600000001,0.0113310670987,2.28085792173
ve_re001_n127_asshipped,8.02400000001,0.0113308172569,2.28099347714
ve_re001_n127_asshipped,8.03200000001,0.0113305683683,2.28112856466
ve_re001_n127_asshipped,8.04000000001,0.0113303204268,2.28126318751
ve_re001_n127_asshipped,8.04800000001,0.0113300734268,2.28139734874
ve_re001_n127_asshipped,8.05600000001,0.0113298273623,2.28153105148
ve_re001_n127_asshipped,8.06400000001,0.0113295822273,2.28166429887
ve_re001_n127_asshipped,8.07200000001,0.0113293380159,2.28179709398
ve_re001_n127_asshipped,8.08000000001,0.0113290947221,2.28192943987
ve_re001_n127_asshipped,8.08800000001,0.0113288523399,2.28206133954
ve_re001_n127_asshipped,8.09600000001,0.0113286108639,2.28219279597
ve_re001_n127_asshipped,8.10400000001,0.0113283702885,2.28232381214
ve_re001_n127_asshipped,8.11200000001,0.0113281306081,2.28245439098
ve_re001_n127_asshipped,8.12000000001,0.0113278918171,2.28258453548
ve_re001_n127_asshipped,8.12800000001,0.0113276539106,2.28271424844
ve_re001_n127_asshipped,8.13600000001,0.0113274168831,2.28284353262
ve_re001_n127_asshipped,8.14400000001,0.0113271807298,2.28297239074
ve_re001_n127_asshipped,8.15200000001,0.0113269454457,2.28310082545
ve_re001_n127_asshipped,8.16000000001,0.0113267110267,2.28322883912
ve_re001_n127_asshipped,8.16800000001,0.0113264774683,2.28335643408
ve_re001_n127_asshipped,8.17600000001,0.0113262447655,2.2834836127
ve_re001_n127_asshipped,8.18400000001,0.0113260129134,2.28361037743
ve_re001_n127_asshipped,8.19200000001,0.011325781907,2.28373673066
ve_re001_n127_asshipped,8.20000000001,0.0113255517411,2.28386267477
ve_re001_n127_asshipped,8.20800000001,0.0113253224106,2.28398821209
ve_re001_n127_asshipped,8.21600000001,0.0113250939113,2.28411334493
ve_re001_n127_asshipped,8.22400000001,0.0113248662395,2.28423807549
ve_re001_n127_asshipped,8.23200000001,0.0113246393909,2.28436240599
ve_re001_n127_asshipped,8.24000000001,0.011324413362,2.2844863386
ve_re001_n127_asshipped,8.24800000001,0.011324188148,2.28460987548
ve_re001_n127_asshipped,8.25600000001,0.0113239637452,2.28473301875
ve_re001_n127_asshipped,8.26400000001,0.01132374015,2.28485577054
ve_re001_n127_asshipped,8.27200000001,0.0113235173591,2.28497813293
ve_re001_n127_asshipped,8.28000000001,0.0113232953692,2.28510010799
ve_re001_n127_asshipped,8.28800000001,0.0113230741768,2.28522169775
ve_re001_n127_asshipped,8.29600000001,0.0113228537785,2.28534290428
ve_re001_n127_asshipped,8.30400000001,0.0113226341712,2.28546372957
ve_re001_n127_asshipped,8.31200000001,0.011322415352,2.28558417562
ve_re001_n127_asshipped,8.32000000001,0.011322197318,2.28570424436
ve_re001_n127_asshipped,8.32800000001,0.0113219800662,2.28582393772
ve_re001_n127_asshipped,8.33600000001,0.0113217635934,2.28594325764
ve_re001_n127_asshipped,8.34400000001,0.0113215478967,2.28606220602
ve_re001_n127_asshipped,8.35200000001,0.0113213329733,2.28618078472
ve_re001_n127_asshipped,8.36000000001,0.0113211188202,2.28629899562
ve_re001_n127_asshipped,8.36800000001,0.0113209054344,2.28641684056
ve_re001_n127_asshipped,8.37600000001,0.0113206928129,2.28653432134
ve_re001_n127_asshipped,8.38400000001,0.0113204809529,2.28665143972
ve_re001_n127_asshipped,8.39200000001,0.0113202698514,2.28676819748
ve_re001_n127_asshipped,8.40000000001,0.0113200595055,2.28688459635
ve_re001_n127_asshipped,8.40800000001,0.0113198499122,2.28700063807
ve_re001_n127_asshipped,8.41600000001,0.0113196410688,2.28711632431
ve_re001_n127_asshipped,8.42400000001,0.0113194329724,2.28723165671
ve_re001_n127_asshipped,8.43200000001,0.0113192256201,2.28734663686
ve_re001_n127_asshipped,8.44000000001,0.0113190190093,2.28746126629
ve_re001_n127_asshipped,8.44800000001,0.011318813137,2.28757554648
ve_re001_n127_asshipped,8.45600000001,0.0113186080005,2.28768947891
ve_re001_n127_asshipped,8.46400000001,0.0113184035969,2.28780306504
ve_re001_n127_asshipped,8.47200000001,0.0113181999228,2.28791630639
ve_re001_n127_asshipped,8.48000000001,0.0113179969752,2.28802920455
ve_re001_n127_asshipped,8.48800000001,0.0113177947512,2.28814176085
ve_re001_n127_asshipped,8.49600000001,0.0113175932485,2.28825397653
ve_re001_n127_asshipped,8.50400000001,0.0113173924642,2.28836585291
ve_re001_n127_asshipped,8.51200000001,0.0113171923954,2.28847739129
ve_re001_n127_asshipped,8.52000000001,0.0113169930393,2.28858859293
ve_re001_n127_asshipped,8.52800000001,0.0113167943929,2.28869945909
ve_re001_n127_asshipped,8.53600000001,0.0113165964537,2.28880999103
ve_re001_n127_asshipped,8.54400000001,0.0113163992192,2.28892018995
ve_re001_n127_asshipped,8.55200000001,0.0113162026868,2.28903005708
ve_re001_n127_asshipped,8.56000000001,0.0113160068541,2.28913959361
ve_re001_n127_asshipped,8.56800000001,0.0113158117188,2.28924880077
ve_re001_n127_asshipped,8.57600000001,0.0113156172787,2.28935767974
ve_re001_n127_asshipped,8.58400000001,0.0113154235313,2.28946623167
ve_re001_n127_asshipped,8.59200000001,0.0113152304742,2.28957445774
ve_re001_n127_asshipped,8.60000000001,0.0113150381055,2.28968235907
ve_re001_n127_asshipped,8.60800000001,0.0113148464231,2.28978993683
ve_re001_n127_asshipped,8.61600000001,0.0113146554251,2.28989719216
ve_re001_n127_asshipped,8.62400000001,0.0113144651095,2.29000412622
ve_re001_n127_asshipped,8.63200000001,0.011314275474,2.29011074015
ve_re001_n127_asshipped,8.64000000001,0.0113140865166,2.29021703511
ve_re001_n127_asshipped,8.64800000001,0.0113138982352,2.29032301224
ve_re001_n127_asshipped,8.65600000001,0.0113137106273,2.29042867269
ve_re001_n127_asshipped,8.66400000001,0.0113135236908,2.29053401758
ve_re001_n127_asshipped,8.67200000001,0.0113133374235,2.29063904849
ve_re001_n127_asshipped,8.68000000001,0.0113131518241,2.29074376708
ve_re001_n127_asshipped,8.68800000001,0.0113129668913,2.2908481744
ve_re001_n127_asshipped,8.69600000001,0.0113127826229,2.29095227153
ve_re001_n127_asshipped,8.70400000001,0.0113125990167,2.29105605949
ve_re001_n127_asshipped,8.71200000001,0.0113124160708,2.29115953929
ve_re001_n127_asshipped,8.72000000001,0.0113122337835,2.29126271195
ve_re001_n127_asshipped,8.72800000001,0.011312052153,2.29136557843
ve_re001_n127_asshipped,8.73600000001,0.0113118711778,2.29146813967
ve_re001_n127_asshipped,8.74400000001,0.0113116908562,2.29157039661
ve_re001_n127_asshipped,8.75200000001,0.0113115111862,2.29167235016
ve_re001_n127_asshipped,8.76000000001,0.011311332166,2.29177400121
ve_re001_n127_asshipped,8.76800000001,0.0113111537934,2.29187535064
ve_re001_n127_asshipped,8.77600000001,0.0113109760663,2.2919763993
ve_re001_n127_asshipped,8.78400000001,0.0113107989823,2.29207714804
ve_re001_n127_asshipped,8.79200000001,0.0113106225393,2.29217759765
ve_re001_n127_asshipped,8.80000000001,0.011310446735,2.29227774894
ve_re001_n127_asshipped,8.80800000001,0.0113102715671,2.2923776027
ve_re001_n127_asshipped,8.81600000001,0.0113100970331,2.29247715969
ve_re001_n127_asshipped,8.82400000001,0.0113099231307,2.29257642081
ve_re001_n127_asshipped,8.83200000001,0.0113097498577,2.29267538684
ve_re001_n127_asshipped,8.84000000001,0.0113095772117,2.29277405847
ve_re001_n127_asshipped,8.84800000001,0.0113094051906,2.2928724364
ve_re001_n127_asshipped,8.85600000001,0.0113092337923,2.29297052131
ve_re001_n127_asshipped,8.86400000001,0.0113090630145,2.29306831388
ve_re001_n127_asshipped,8.87200000001,0.0113088928553,2.29316581477
ve_re001_n127_asshipped,8.88000000001,0.0113087233127,2.2932630246
ve_re001_n127_asshipped,8.88800000001,0.0113085543849,2.29335994394
ve_re001_n127_asshipped,8.89600000001,0.0113083860702,2.2934565734
ve_re001_n127_asshipped,8.90400000001,0.0113082183666,2.29355291361
ve_re001_n127_asshipped,8.91200000001,0.011308051272,2.29364896518
ve_re001_n127_asshipped,8.92000000001,0.0113078847847,2.29374472873
ve_re001_n127_asshipped,8.92800000001,0.0113077189029,2.29384020487
ve_re001_n127_asshipped,8.93600000001,0.0113075536248,2.29393539417
ve_re001_n127_asshipped,8.94400000001,0.0113073889488,2.29403029719
ve_re001_n127_asshipped,8.95200000001,0.0113072248733,2.29412491454
ve_re001_n127_asshipped,8.96000000001,0.0113070613963,2.2942192469
ve_re001_n127_asshipped,8.96800000001,0.0113068985163,2.29431329485
ve_re001_n127_asshipped,8.97600000001,0.0113067362316,2.29440705892
ve_re001_n127_asshipped,8.98400000001,0.0113065745405,2.29450053963
ve_re001_n127_asshipped,8.99200000001,0.0113064134414,2.29459373752
ve_re001_n127_asshipped,9.00000000001,0.0113062529327,2.29468665322
ve_re001_n127_asshipped,9.00800000001,0.0113060930125,2.29477928725
ve_re001_n127_asshipped,9.01600000001,0.0113059336794,2.29487164007
ve_re001_n127_asshipped,9.02400000001,0.0113057749319,2.29496371212
ve_re001_n127_asshipped,9.03200000001,0.0113056167681,2.29505550387
ve_re001_n127_asshipped,9.04000000001,0.0113054591867,2.29514701577
ve_re001_n127_asshipped,9.04800000001,0.0113053021857,2.29523824825
ve_re001_n127_asshipped,9.05600000001,0.0113051457636,2.29532920176
ve_re001_n127_asshipped,9.06400000001,0.0113049899187,2.29541987675
ve_re001_n127_asshipped,9.07200000001,0.0113048346493,2.29551027365
ve_re001_n127_asshipped,9.08000000001,0.0113046799535,2.2956003929
ve_re001_n127_asshipped,9.08800000001,0.0113045258297,2.29569023494
ve_re001_n127_asshipped,9.09600000001,0.0113043722761,2.29577980022
ve_re001_n127_asshipped,9.10400000001,0.011304219291,2.29586908918
ve_re001_n127_asshipped,9.11200000001,0.0113040668726,2.29595810227
ve_re001_n127_asshipped,9.12000000001,0.0113039150194,2.29604683995
ve_re001_n127_asshipped,9.12800000001,0.0113037637295,2.29613530268
ve_re001_n127_asshipped,9.13600000001,0.0113036130015,2.29622349093
ve_re001_n127_asshipped,9.14400000001,0.0113034628336,2.29631140516
ve_re001_n127_asshipped,9.15200000001,0.0113033132243,2.29639904586
ve_re001_n127_asshipped,9.16000000001,0.0113031641717,2.29648641351
ve_re001_n127_asshipped,9.16800000001,0.0113030156746,2.29657350858
ve_re001_n127_asshipped,9.17600000001,0.0113028677313,2.29666033156
ve_re001_n127_asshipped,9.18400000001,0.0113027203405,2.29674688296
ve_re001_n127_asshipped,9.19200000001,0.0113025735008,2.29683316326
ve_re001_n127_asshipped,9.20000000001,0.0113024272111,2.29691917296
ve_re001_n127_asshipped,9.20800000001,0.01130228147,2.29700491257
ve_re001_n127_asshipped,9.21600000001,0.0113021362759,2.29709038258
ve_re001_n127_asshipped,9.22400000001,0.0113019916275,2.29717558349
ve_re001_n127_asshipped,9.23200000001,0.0113018475232,2.29726051582
ve_re001_n127_asshipped,9.24000000001,0.0113017039615,2.29734518006
ve_re001_n127_asshipped,9.24800000001,0.0113015609411,2.29742957673
ve_re001_n127_asshipped,9.25600000001,0.0113014184605,2.29751370634
ve_re001_n127_asshipped,9.26400000001,0.0113012765184,2.29759756939
ve_re001_n127_asshipped,9.27200000001,0.0113011351135,2.29768116642
ve_re001_n127_asshipped,9.28000000001,0.0113009942444,2.29776449794
ve_re001_n127_asshipped,9.28800000001,0.0113008539097,2.29784756448
ve_re001_n127_asshipped,9.29600000001,0.0113007141081,2.29793036655
ve_re001_n127_asshipped,9.304,0.0113005748381,2.29801290468
ve_re001_n127_asshipped,9.312,0.0113004360984,2.29809517936
ve_re001_n127_asshipped,9.32,0.0113002978877,2.29817719111
ve_re001_n127_asshipped,9.328,0.0113001602044,2.29825894034
ve_re001_n127_asshipped,9.336,0.0113000230473,2.29834042744
ve_re001_n127_asshipped,9.344,0.011299886415,2.29842165288
ve_re001_n127_asshipped,9.352,0.0112997503062,2.2985026171
ve_re001_n127_asshipped,9.36,0.0112996147195,2.29858332054
ve_re001_n127_asshipped,9.368,0.0112994796534,2.29866376369
ve_re001_n127_asshipped,9.376,0.0112993451066,2.29874394702
ve_re001_n127_asshipped,9.384,0.0112992110776,2.29882387099
ve_re001_n127_asshipped,9.392,0.0112990775648,2.29890353609
ve_re001_n127_asshipped,9.4,0.0112989445666,2.2989829428
ve_re001_n127_asshipped,9.408,0.0112988120813,2.29906209159
ve_re001_n127_asshipped,9.416,0.0112986801073,2.29914098296
ve_re001_n127_asshipped,9.424,0.0112985486432,2.2992196174
ve_re001_n127_asshipped,9.432,0.0112984176875,2.29929799538
ve_re001_n127_asshipped,9.44,0.0112982872386,2.29937611741
ve_re001_n127_asshipped,9.448,0.0112981572952,2.29945398398
ve_re001_n127_asshipped,9.456,0.0112980278556,2.2995315956
ve_re001_n127_asshipped,9.464,0.0112978989183,2.29960895278
ve_re001_n127_asshipped,9.472,0.0112977704819,2.29968605605
ve_re001_n127_asshipped,9.48,0.0112976425447,2.29976290592
ve_re001_n127_asshipped,9.488,0.0112975151053,2.29983950291
ve_re001_n127_asshipped,9.496,0.011297388162,2.29991584754
ve_re001_n127_asshipped,9.504,0.0112972617133,2.29999194034
ve_re001_n127_asshipped,9.512,0.0112971357575,2.30006778185
ve_re001_n127_asshipped,9.52,0.0112970102931,2.30014337261
ve_re001_n127_asshipped,9.528,0.0112968853181,2.30021871316
ve_re001_n127_asshipped,9.536,0.011296760831,2.30029380408
ve_re001_n127_asshipped,9.544,0.01129663683,2.30036864594
ve_re001_n127_asshipped,9.552,0.0112965133133,2.30044323932
ve_re001_n127_asshipped,9.56,0.0112963902792,2.30051758481
ve_re001_n127_asshipped,9.568,0.011296267726,2.300591683
ve_re001_n127_asshipped,9.576,0.011296145652,2.30066553449
ve_re001_n127_asshipped,9.584,0.0112960240557,2.30073913986
ve_re001_n127_asshipped,9.592,0.0112959029354,2.30081249971
ve_re001_n127_asshipped,9.6,0.0112957822896,2.30088561463
ve_re001_n127_asshipped,9.608,0.0112956621166,2.30095848523
ve_re001_n127_asshipped,9.616,0.0112955424148,2.30103111211
ve_re001_n127_asshipped,9.624,0.0112954231826,2.30110349594
ve_re001_n127_asshipped,9.632,0.0112953044185,2.30117563734
ve_re001_n127_asshipped,9.64,0.0112951861208,2.30124753696
ve_re001_n127_asshipped,9.648,0.011295068288,2.30131919543
ve_re001_n127_asshipped,9.656,0.0112949509188,2.30139061339
ve_re001_n127_asshipped,9.664,0.0112948340117,2.3014617915
ve_re001_n127_asshipped,9.672,0.0112947175653,2.30153273039
ve_re001_n127_asshipped,9.68,0.0112946015781,2.3016034307
ve_re001_n127_asshipped,9.688,0.0112944860488,2.30167389308
ve_re001_n127_asshipped,9.696,0.0112943709762,2.30174411816
ve_re001_n127_asshipped,9.704,0.0112942563593,2.30181410659
ve_re001_n127_asshipped,9.712,0.0112941421966,2.30188385901
ve_re001_n127_asshipped,9.72,0.0112940284872,2.30195337603
ve_re001_n127_asshipped,9.728,0.0112939152298,2.30202265827
ve_re001_n127_asshipped,9.736,0.0112938024232,2.30209170635
ve_re001_n127_asshipped,9.744,0.0112936900661,2.30216052091
ve_re001_n127_asshipped,9.752,0.0112935781573,2.30222910256
ve_re001_n127_asshipped,9.76,0.0112934666954,2.30229745192
ve_re001_n127_asshipped,9.768,0.0112933556791,2.30236556961
ve_re001_n127_asshipped,9.776,0.0112932451069,2.30243345624
ve_re001_n127_asshipped,9.784,0.0112931349774,2.30250111244
ve_re001_n127_asshipped,9.792,0.0112930252893,2.30256853882
ve_re001_n127_asshipped,9.8,0.0112929160409,2.30263573602
ve_re001_n127_asshipped,9.808,0.011292807231,2.30270270468
ve_re001_n127_asshipped,9.816,0.0112926988582,2.30276944537
ve_re001_n127_asshipped,9.824,0.011292590921,2.30283595869
ve_re001_n127_asshipped,9.832,0.0112924834183,2.3029022452
ve_re001_n127_asshipped,9.84,0.011292376349,2.30296830548
ve_re001_n127_asshipped,9.848,0.0112922697116,2.30303414007
ve_re001_n127_asshipped,9.856,0.0112921635048,2.30309974955
ve_re001_n127_asshipped,9.864,0.0112920577271,2.30316513449
ve_re001_n127_asshipped,9.872,0.011291952377,2.30323029548
ve_re001_n127_asshipped,9.88,0.0112918474531,2.30329523314
ve_re001_n127_asshipped,9.888,0.0112917429537,2.30335994804
ve_re001_n127_asshipped,9.896,0.0112916388777,2.30342444078
ve_re001_n127_asshipped,9.904,0.0112915352237,2.30348871193
ve_re001_n127_asshipped,9.912,0.0112914319905,2.30355276208
ve_re001_n127_asshipped,9.92,0.0112913291766,2.30361659178
ve_re001_n127_asshipped,9.928,0.0112912267809,2.30368020162
ve_re001_n127_asshipped,9.936,0.0112911248021,2.30374359216
ve_re001_n127_asshipped,9.944,0.0112910232388,2.30380676398
ve_re001_n127_asshipped,9.952,0.0112909220897,2.30386971766
ve_re001_n127_asshipped,9.96,0.0112908213536,2.30393245378
ve_re001_n127_asshipped,9.968,0.0112907210293,2.30399497293
ve_re001_n127_asshipped,9.976,0.0112906211153,2.30405727567
ve_re001_n127_asshipped,9.984,0.0112905216105,2.30411936261
ve_re001_n127_asshipped,9.992,0.0112904225137,2.30418123432
ve_re001_n127_asshipped,10,0.0112903238236,2.30424289137
