topo,ratio,max_level,ux_amr,ux_cart,ux_analytic,ux_amr_over_cart,ux_cart_over_analytic,ux_amr_over_analytic
xband_wall,2,1,3.6056724731964791e-05,4.3149630282870366e-05,4.3124999999999998e-05,8.3562071089815726e-01,1.0005711369940955e+00,8.3609796479918363e-01
xband_wall,4,2,8.7721177874871254e-05,1.7223607975088708e-04,1.7272500000000001e-04,5.0930779428878314e-01,9.9716937183897569e-01,5.0786613330364017e-01
xband_wall,8,3,2.2075043402472886e-04,6.5284923968965771e-04,6.9112500000000001e-04,3.3813386093497805e-01,9.4461818005376408e-01,3.1940739233095150e-01
xband_wall,16,4,5.1143412617352254e-04,2.1035467513555359e-03,2.7647250000000000e-03,2.4312943168196849e-01,7.6085207438553060e-01,1.8498553243940086e-01
xband_h,2,1,4.2919691170470460e-05,4.3149630282870366e-05,4.3124999999999998e-05,9.9467112207236719e-01,1.0005711369940955e+00,9.9523921554714112e-01
xband_h,4,2,1.7017011632630198e-04,1.7223607975088708e-04,1.7272500000000001e-04,9.8800504849173765e-01,9.9716937183897569e-01,9.8520837357824265e-01
xband_h,8,3,6.4113850065499682e-04,6.5284923968965771e-04,6.9112500000000001e-04,9.8206210818254491e-01,9.4461818005376408e-01,9.2767372133115833e-01
xband_h,16,4,2.0693925499444894e-03,2.1035467513555359e-03,2.7647250000000000e-03,9.8376351683696250e-01,7.6085207438553060e-01,7.4849851249020771e-01
