case,classification,count,sum_absdiff,max_absdiff
xband_wall_r2,c2f,32,2.0000000000000000e+00,6.2500000000000000e-02
xband_wall_r4,c2f,80,5.0000000000000000e+00,6.2500000000000000e-02
