0.0001819924281435722,0.005820000000000027,0.009500000000000031,0.013020000000000004,0.016379999999999964,0.019580000000000004,0.022619999999999963,0.025499999999999984,0.028220000000000023,0.030780000000000012,0.03318000000000006,0.03541999999999998,0.03750000000000001,0.039420000000000024,0.04117999999999999,0.04278000000000009,0.044219999999999975,0.04550000000000001,0.04662000000000003,0.04757999999999997,0.04837999999999997,0.04901999999999997,0.049500000000000016,0.04982000000000002,0.04998000000000002,0.04997999999999996,0.04982,0.04950000000000003,0.04901999999999993,0.04837999999999994,0.04757999999999994,0.04661999999999996,0.04549999999999995,0.04421999999999998,0.04278000000000006,0.04117999999999998,0.03942000000000003,0.037499999999999964,0.035419999999999986,0.033180000000000015,0.03078000000000005,0.028219999999999957,0.025500000000000005,0.022619999999999942,0.01958,0.016379999999999947,0.013019999999999985,0.009500000000000007,0.005819999999999971,0.00018199242814364035
0.0012361868336816437,0.00506164394840805,0.009395014495587564,0.013093291225461177,0.016290550826468055,0.019639500044688465,0.022668768009616314,0.025516271733122157,0.02825764812763092,0.0308186675391879,0.03321176439242941,0.035454425528725485,0.037534143702998034,0.03945235309783625,0.04121200548199724,0.0428113597573958,0.04425044552861811,0.04552979617192397,0.046649167378035934,0.04760855720380912,0.04840805853320702,0.04904764632265409,0.049527322516587084,0.049847106465226734,0.05000699779477813,0.05000699779477816,0.04984710646522659,0.049527322516586786,0.04904764632265394,0.04840805853320689,0.04760855720380904,0.04664916737803602,0.04552979617192392,0.044250445528618176,0.04281135975739581,0.04121200548199722,0.039452353097836235,0.03753414370299799,0.03545442552872558,0.03321176439242944,0.030818667539187865,0.028257648127630833,0.025516271733122157,0.02266876800961643,0.019639500044688573,0.01629055082646811,0.013093291225461342,0.009395014495587616,0.005061643948408017,0.0012361868336817213
0.0019402529571487615,0.004932303149050958,0.009226369411347196,0.01299899031445656,0.01628482703948405,0.019651485022919905,0.02268791748738047,0.02555450470355565,0.02829633703912392,0.030856008176219165,0.03324996878619843,0.035491252961277975,0.03756862266347196,0.03948480133031353,0.041242114936581614,0.042839043546603624,0.044275829844742036,0.045552975970044214,0.04667029539680399,0.04762785620751763,0.048425772766994266,0.0490640522014487,0.04954272599748822,0.04986183075980255,0.05002137879972362,0.050021378799723515,0.04986183075980247,0.04954272599748821,0.04906405220144865,0.048425772766994266,0.0476278562075176,0.046670295396803986,0.045552975970044145,0.0442758298447422,0.042839043546603665,0.041242114936581684,0.03948480133031361,0.03756862266347205,0.035491252961278,0.03324996878619853,0.030856008176219425,0.02829633703912407,0.025554504703555865,0.022687917487380638,0.01965148502291988,0.016284827039484067,0.01299899031445666,0.009226369411347244,0.004932303149051073,0.0019402529571488066
0.00186134991701881,0.005456019557031702,0.009253122761379398,0.012845542884082678,0.016362305574186446,0.019645541605760528,0.022696664216173983,0.025609729663256763,0.028336060715451278,0.030894402213688537,0.03329446681939622,0.03553046911882689,0.037603830833522374,0.039517526485919066,0.041270556613611016,0.042863313633138334,0.04429636485399333,0.0455697411489935,0.04668357498554484,0.04763806158939518,0.048433289556773645,0.04906935074591893,0.04954633051235822,0.04986428444870996,0.05002325066549425,0.0500232506654943,0.04986428444870997,0.049546330512358266,0.049069350745918956,0.04843328955677347,0.047638061589395084,0.04668357498554466,0.04556974114899339,0.044296364853993304,0.04286331363313842,0.04127055661361112,0.03951752648591921,0.03760383083352245,0.03553046911882691,0.033294466819396226,0.030894402213688596,0.028336060715451417,0.025609729663256982,0.022696664216174115,0.01964554160576051,0.01636230557418645,0.012845542884082671,0.009253122761379308,0.005456019557031835,0.001861349917018867
0.001810195739047002,0.005733570316474706,0.009350648568910724,0.012892571965225181,0.016410563787144245,0.019654341792371435,0.022742136348884234,0.02565734521385873,0.028380163695999598,0.030943665304795084,0.03334137384932321,0.035572055734502485,0.03764167507620712,0.039550241772033076,0.041297401200483766,0.04288459547684042,0.044312130181474306,0.04558016673534314,0.04668910325226436,0.047639186682409115,0.048430591002415355,0.04906350539543603,0.04953806967454466,0.04985438514134062,0.050012525010854264,0.05001252501085438,0.049854385141340614,0.049538069674544674,0.049063505395435934,0.048430591002415174,0.047639186682409136,0.046689103252264275,0.04558016673534309,0.04431213018147432,0.04288459547684036,0.04129740120048389,0.03955024177203328,0.03764167507620735,0.03557205573450275,0.033341373849323376,0.030943665304795257,0.02838016369599974,0.025657345213858825,0.022742136348884275,0.01965434179237152,0.01641056378714428,0.012892571965225173,0.009350648568910887,0.005733570316474943,0.001810195739047035
0.001920922413182576,0.005752731862228528,0.009448035441187514,0.013039222757905727,0.0164499956356427,0.019705468503845268,0.022807985595253637,0.02570705345967737,0.028437567684092106,0.031000902265111492,0.03339149745030837,0.03561820367658855,0.037682167018114235,0.03958310326082284,0.0413230785987444,0.042903001226086916,0.04432316726119336,0.0455842720485426,0.046686802634853905,0.04763109529734734,0.04841749459879674,0.04904628367834067,0.04951767668113961,0.04983184395494484,0.04998889981610113,0.049988899816101225,0.049831843954944874,0.04951767668113954,0.04904628367834061,0.048417494598796636,0.04763109529734735,0.046686802634853766,0.045584272048542526,0.04432316726119324,0.04290300122608689,0.041323078598744595,0.039583103260823,0.0376821670181143,0.03561820367658864,0.03339149745030845,0.03100090226511162,0.028437567684092224,0.025707053459677425,0.022807985595253575,0.019705468503845226,0.01644999563564272,0.013039222757905722,0.009448035441187575,0.0057527318622286605,0.0019209224131826234
0.0019884726925043033,0.00580289953311417,0.009553252246926842,0.013142437901708283,0.016531970509149247,0.01979671305922599,0.02287810129131931,0.025775544312532334,0.02850846482026667,0.0310636978584252,0.03344899958820572,0.035669746727508306,0.03772486051875561,0.039616911598055665,0.041347938361233176,0.042918467898317776,0.04432949721324219,0.04558196612635831,0.04667644517308018,0.04761349952804781,0.04839363899951239,0.04901725811768221,0.04948468108846237,0.049796158668526554,0.049951855692825196,0.04995185569282523,0.04979615866852655,0.04948468108846216,0.049017258117682,0.04839363899951236,0.04761349952804761,0.04667644517308014,0.04558196612635819,0.04432949721324213,0.04291846789831782,0.04134793836123325,0.03961691159805568,0.037724860518755794,0.03566974672750831,0.03344899958820591,0.031063697858425166,0.028508464820266567,0.025775544312532206,0.022878101291319286,0.019796713059225736,0.01653197050914915,0.013142437901708166,0.009553252246926717,0.005802899533114055,0.0019884726925041524
0.0019992610369568248,0.0059036997060810175,0.009655690257345478,0.01322840784991254,0.016649036749479786,0.019900286642993745,0.022964638107865233,0.025865467452089064,0.028589314041141303,0.031136203737664316,0.03351550055416607,0.03572625180582165,0.037770758420542595,0.039652314099144714,0.04137195528911966,0.04293104202493362,0.044331069282173306,0.04557298875628472,0.04665766836664606,0.04758593960283899,0.04835846351536143,0.048975793220151144,0.04943838860956371,0.04974659323589301,0.04990063694047765,0.04990063694047745,0.049746593235892915,0.049438388609563434,0.04897579322015103,0.04835846351536144,0.04758593960283887,0.046657668366646095,0.045572988756284676,0.044331069282173396,0.042931042024933516,0.04137195528911965,0.039652314099145006,0.03777075842054264,0.035726251805821584,0.03351550055416605,0.03113620373766416,0.028589314041141164,0.02586546745208876,0.022964638107864904,0.019900286642993505,0.01664903674947967,0.013228407849912483,0.009655690257345329,0.005903699706080806,0.001999261036956909
0.002017855843459661,0.005983554709756275,0.00975093447998489,0.01334113190553151,0.016771531840847956,0.020010952539577884,0.02307657491434798,0.025970017271427576,0.028681762359752935,0.03122163238123646,0.033590361370175174,0.0357886365497358,0.037821013630403036,0.03968934364031094,0.041395220973669274,0.04294082113487453,0.044327644870448255,0.04555694130246067,0.046629967390949975,0.04754776291930666,0.048311196807432275,0.04892102683452435,0.04937786232634274,0.04968216044965647,0.049834231449806865,0.049834231449806844,0.04968216044965627,0.049377862326342524,0.04892102683452423,0.04831119680743216,0.047547762919306645,0.04662996739094997,0.04555694130246061,0.0443276448704483,0.04294082113487451,0.041395220973669176,0.03968934364031087,0.03782101363040284,0.035788636549735624,0.03359036137017486,0.03122163238123625,0.028681762359752744,0.02597001727142729,0.023076574914347787,0.020010952539577825,0.0167715318408479,0.013341131905531552,0.009750934479984876,0.005983554709756196,0.0020178558434595776
0.0020485913542674103,0.00604528457777038,0.009849064058697801,0.01346812496837396,0.01689656024340342,0.020139319741280345,0.023205796650432552,0.026086941172574006,0.028789991124450333,0.03131941219530902,0.033673949374974504,0.035858409936836484,0.03787589026169296,0.03972816073048681,0.04141801352619139,0.042947666269428364,0.04431884723723933,0.045533329259422224,0.04659265097494798,0.047498103115281715,0.048250842050556415,0.0488518466264825,0.04930189882846112,0.04960159669323774,0.04975134455949017,0.04975134455949019,0.04960159669323758,0.04930189882846084,0.04885184662648242,0.04825084205055634,0.04749810311528159,0.046592650974947775,0.045533329259421995,0.04431884723723938,0.04294766626942843,0.04141801352619132,0.0397281607304866,0.037875890261692705,0.03585840993683642,0.03367394937497442,0.03131941219530892,0.0287899911244502,0.026086941172573794,0.023205796650432355,0.020139319741280238,0.016896560243403268,0.01346812496837371,0.009849064058697654,0.006045284577770465,0.0020485913542674958
0.002075643038850205,0.006113431928283225,0.00995453275227977,0.013595679472886143,0.01703467924673192,0.020285544221589055,0.023346573717718828,0.026219940364443525,0.028914093416198702,0.03142881676635392,0.03376796749636589,0.035936199764669,0.03793554396979535,0.0397692430755993,0.041440388138618216,0.042951277952886564,0.04430425733683944,0.04550149288578443,0.04654481274527976,0.047435878204424305,0.048176154653115956,0.048766863736915425,0.04920900237389706,0.04950333396246699,0.04965037091960261,0.049650370919602636,0.04950333396246702,0.049209002373897026,0.04876686373691538,0.0481761546531159,0.047435878204424166,0.04654481274527958,0.04550149288578435,0.04430425733683943,0.042951277952886516,0.041440388138618056,0.0397692430755991,0.037935543969795225,0.035936199764668914,0.03376796749636576,0.031428816766353854,0.02891409341619858,0.02621994036444346,0.02334657371771867,0.020285544221588892,0.017034679246731733,0.01359567947288602,0.009954532752279753,0.006113431928283237,0.0020756430388502566
0.0021003690579309907,0.0061895509459425025,0.010066103082021716,0.013730348527365347,0.017188282560426305,0.020444886551326636,0.023502448236152558,0.02637056273182862,0.029052432498599966,0.03155134518155045,0.03387355721168269,0.036022147456940476,0.03800058481110807,0.039812927079258854,0.041462201910002876,0.042951368617296586,0.04428332393002247,0.04546055987495293,0.046485350259304836,0.047359769869314866,0.04808560783909953,0.04866438601114779,0.04909735539441043,0.04938546668385916,0.049529360303476724,0.04952936030347679,0.04938546668385931,0.04909735539441077,0.048664386011148066,0.048085607839099695,0.04735976986931487,0.04648535025930481,0.04546055987495291,0.04428332393002234,0.04295136861729668,0.04146220191000302,0.03981292707925877,0.03800058481110815,0.03602214745694046,0.03387355721168269,0.03155134518155045,0.02905243249860001,0.026370562731828705,0.02350244823615239,0.02044488655132646,0.017188282560426205,0.013730348527365327,0.010066103082021728,0.006189550945942575,0.0021003690579310006
0.0021281965139932895,0.0062693359468440546,0.01018517223844836,0.013878899098895038,0.01735547032658644,0.020618657258982865,0.023676850243064488,0.026537909144533457,0.029206072403006024,0.03168869244766273,0.033990955252209305,0.03611694087780887,0.03807170862648558,0.039859297957393416,0.04148334759826205,0.04294758446876169,0.044255299140124285,0.045409485493098894,0.04641294823081673,0.04726818165662583,0.04797736856156408,0.04854238961616519,0.04896478097506058,0.04924571299405708,0.049385978812656384,0.04938597881265639,0.04924571299405737,0.04896478097506097,0.048542389616165436,0.04797736856156424,0.04726818165662579,0.04641294823081661,0.0454094854930987,0.04425529914012413,0.04294758446876158,0.04148334759826207,0.039859297957393604,0.038071708626485574,0.03611694087780875,0.033990955252209194,0.03168869244766263,0.029206072403006038,0.026537909144533734,0.02367685024306463,0.02061865725898299,0.01735547032658651,0.013878899098895062,0.010185172238448484,0.006269335946844199,0.00212819651399343
0.0021592726935560644,0.0063548315360109665,0.010315069950994899,0.014041948793860542,0.017537867148170568,0.020810891352116216,0.023870185280872685,0.026722917929573778,0.0293774061700728,0.03184156428933363,0.03412091009336942,0.03622167632968513,0.03814934294811734,0.03990848446441199,0.0415037531522508,0.042939408133819565,0.04421928914282486,0.045347050235004585,0.04632603066701441,0.047159217874049135,0.04784927230553291,0.04839847724300258,0.04880869940370274,0.049081370909499426,0.04921746229731649,0.04921746229731641,0.04908137090949957,0.04880869940370304,0.04839847724300284,0.04784927230553307,0.04715921787404938,0.04632603066701441,0.04534705023500447,0.04421928914282471,0.04293940813381943,0.04150375315225072,0.039908484464412,0.03814934294811722,0.0362216763296851,0.0341209100933695,0.031841564289333574,0.029377406170072864,0.026722917929573972,0.023870185280872713,0.020810891352116386,0.017537867148170887,0.014041948793860708,0.010315069950995032,0.006354831536011008,0.002159272693556062
0.0021929016277553795,0.006449283510829579,0.010458192681919004,0.014220592630615835,0.017739207394822015,0.021023960501228314,0.02408370601242983,0.02692834175196289,0.029568044555898725,0.032011007782824244,0.034264953039048196,0.03633726356301313,0.03823393926378984,0.03996078595200798,0.04152324980592561,0.04292620346727997,0.0441742798375077,0.04527181226011979,0.04622274235949295,0.047030664598173705,0.047698779432421665,0.04822983159777586,0.04862608133445348,0.04888926567445617,0.049020560842782564,0.04902056084278264,0.048889265674456284,0.048626081334453786,0.0482298315977759,0.04769877943242169,0.047030664598173684,0.04622274235949285,0.04527181226011965,0.04417427983750764,0.04292620346727993,0.04152324980592559,0.03996078595200803,0.03823393926378993,0.03633726356301317,0.03426495303904821,0.03201100778282423,0.029568044555898853,0.02692834175196304,0.024083706012429918,0.021023960501228643,0.017739207394822164,0.014220592630616005,0.01045819268191914,0.00644928351082968,0.0021929016277552667
0.002229930104281773,0.006554130739936648,0.01061650933657178,0.014418154939842871,0.01796257364254428,0.021259928941191986,0.024320527322950765,0.02715679001462568,0.029779607389669192,0.032199042936813145,0.034424666554813445,0.03646462708609562,0.03832625665341035,0.040016513059472854,0.04154158920235896,0.04290728696770206,0.04411909819368053,0.04518208683769866,0.04610094000851848,0.04687994927829553,0.04752292767097135,0.04803316734799912,0.0484133896949504,0.04866568564133357,0.04879147433392888,0.048791474333929066,0.04866568564133366,0.04841338969495059,0.048033167347999416,0.04752292767097159,0.046879949278295696,0.0461009400085185,0.045182086837698525,0.04411909819368041,0.042907286967702,0.04154158920235882,0.0400165130594729,0.03832625665341066,0.036464627086095734,0.03442466655481356,0.03219904293681328,0.02977960738966926,0.027156790014625745,0.024320527322950813,0.02125992894119203,0.01796257364254429,0.014418154939842874,0.010616509336571921,0.006554130739936648,0.0022299301042817696
0.0022713631161251856,0.006670725924571218,0.010792577004532383,0.014638120428386147,0.01821086472922938,0.02152208805923794,0.024584096424049472,0.02741078581133426,0.030014668147557363,0.03240802635189312,0.03460165452484235,0.03660510630811076,0.03842722478612361,0.04007595780096893,0.041558561221896634,0.04288190940636116,0.044052387199306285,0.04507595195441599,0.04595816225000024,0.046704095081174304,0.04731828564034782,0.04780467126737579,0.048166509278571,0.0484063082099618,0.048525775511901806,0.048525775511901896,0.04840630820996195,0.04816650927857114,0.047804671267375844,0.04731828564034789,0.04670409508117424,0.04595816225000013,0.04507595195441571,0.04405238719930602,0.04288190940636098,0.04155856122189665,0.04007595780096898,0.03842722478612378,0.03660510630811089,0.03460165452484259,0.0324080263518934,0.03001466814755744,0.0274107858113342,0.024584096424049438,0.021522088059237766,0.018210864729229222,0.014638120428386086,0.01079257700453229,0.006670725924571041,0.002271363116125185
0.002317831032696843,0.006801148827752026,0.010989403111962585,0.014883749989359167,0.01848773036759641,0.021814437915740125,0.024877842032990347,0.02769357509598041,0.03027640528186883,0.03264042647110757,0.03479797122502856,0.03676038755691776,0.038537853813845974,0.040139545108542125,0.041574010790929566,0.04284922531444208,0.0439726285040132,0.044951237444452105,0.04579159001959139,0.04649967989455261,0.04708089618018167,0.047539928857910696,0.04788066574295584,0.04810611234656028,0.04821831715570327,0.04821831715570338,0.04810611234656055,0.04788066574295623,0.047539928857910765,0.047080896180181776,0.0464996798945525,0.04579159001959127,0.0449512374444518,0.04397262850401292,0.04284922531444209,0.0415740107909295,0.04013954510854222,0.0385378538138461,0.03676038755691789,0.03479797122502885,0.03264042647110788,0.030276405281868965,0.02769357509598037,0.024877842032990285,0.021814437915740118,0.01848773036759633,0.014883749989359046,0.010989403111962382,0.006801148827751784,0.0023178310326967587
0.002370051376574677,0.0069477311377055696,0.011210205874810772,0.015158785036982885,0.01879746098517048,0.022141203622716387,0.02520575380294177,0.02800911530675384,0.030568257687345123,0.0328991655490565,0.0350161751717101,0.036932371315415866,0.038659382287270644,0.040207896692776406,0.04158780879249634,0.04280833147503213,0.04387815840213364,0.044805497827470044,0.04559801660226798,0.04626278972097528,0.046806206463098445,0.047233840316192766,0.04755032989318482,0.04775927245010803,0.04786312132587295,0.04786312132587309,0.047759272450108234,0.04755032989318501,0.04723384031619289,0.04680620646309862,0.04626278972097534,0.045598016602267886,0.04480549782746995,0.043878158402133535,0.04280833147503219,0.041587808792496524,0.04020789669277634,0.038659382287270616,0.03693237131541587,0.03501617517171014,0.03289916554905643,0.030568257687345002,0.02800911530675377,0.025205753802941606,0.02214120362271623,0.01879746098517019,0.015158785036982704,0.011210205874810626,0.006947731137705265,0.002370051376574412
0.0024289655900263125,0.007112913072323254,0.011458539362600115,0.015467593241010687,0.019144747925842823,0.02250706859005479,0.02557253869473186,0.02836180772451627,0.03089412062835039,0.03318776729290179,0.03525920048642578,0.03712328721642754,0.038793390529329765,0.04028181422670949,0.04159990148402073,0.04275831617556622,0.04376716184741453,0.04463600054935272,0.04537381926050854,0.04598896072630288,0.04648898864875369,0.046880522534980984,0.04716910233785,0.04735903014516784,0.0474532461699423,0.047453246169942384,0.04735903014516783,0.047169102337850086,0.04688052253498117,0.04648898864875374,0.04598896072630287,0.04537381926050846,0.04463600054935269,0.0437671618474146,0.04275831617556614,0.041599901484020804,0.04028181422670953,0.03879339052932991,0.03712328721642758,0.035259200486426,0.033187767292901946,0.030894120628350515,0.028361807724516346,0.025572538694731865,0.02250706859005474,0.019144747925842778,0.015467593241010585,0.011458539362600086,0.007112913072323242,0.0024289655900262158
0.002495614918402431,0.007299437684547241,0.01173842255480822,0.015815013962565072,0.019534778469981754,0.02291738295286914,0.025983468926667808,0.028756557031074333,0.031258540570494805,0.03351028389252945,0.03553041811484918,0.037335842583613194,0.03894181498844141,0.04036233442341535,0.041610394242688795,0.04269828460275525,0.04363768715797573,0.044439725372048614,0.04511492387779078,0.0456731171464139,0.04612324785540459,0.046473192783635174,0.04672957463812082,0.04689753948803806,0.04698062368520794,0.04698062368520794,0.04689753948803806,0.04672957463812093,0.04647319278363531,0.0461232478554048,0.04567311714641401,0.04511492387779094,0.04443972537204877,0.04363768715797595,0.0426982846027556,0.041610394242689135,0.0403623344234157,0.038941814988441716,0.03733584258361337,0.03553041811484907,0.033510283892529295,0.03125854057049461,0.028756557031074315,0.025983468926667794,0.02291738295286913,0.01953477846998182,0.015815013962565183,0.01173842255480822,0.007299437684547244,0.002495614918402416
0.00257112950580419,0.007510422234763222,0.012054347504544554,0.016206381017822284,0.01997336653874266,0.0233781357807625,0.02644438365355175,0.029198936852220914,0.031666714017875214,0.03387131866559043,0.03583379332709172,0.0375732807056488,0.03910700692225017,0.04045084385535076,0.04161961851638655,0.0426274077915866,0.04348768348973239,0.04421336301699207,0.04481677653976278,0.04530950049993223,0.0457021150006086,0.046004032157109805,0.04622315931778888,0.04636568025273023,0.04643586014658375,0.04643586014658382,0.04636568025273036,0.04622315931778903,0.0460040321571099,0.04570211500060866,0.04530950049993241,0.044816776539762945,0.0442133630169923,0.0434876834897327,0.0426274077915869,0.041619618516386875,0.04045084385535105,0.0391070069222504,0.037573280705648804,0.035833793327091655,0.03387131866559036,0.03166671401787518,0.02919893685222091,0.026444383653551756,0.023378135780762425,0.019973366538742626,0.016206381017822295,0.01205434750454459,0.00751042223476335,0.002571129505804273
0.0026567811559184747,0.0077493343744742945,0.012411286735929873,0.016647620267353426,0.020466969591126368,0.023895935619528647,0.02696180635923964,0.029695243907314844,0.032124489858517215,0.03427616490121683,0.03617399233195545,0.037839444530234516,0.03929186742938939,0.04054919642014608,0.041628221010373175,0.042545006869387496,0.04331504714479318,0.0439533380431931,0.044474316281091344,0.04489158396247009,0.04521773545031446,0.04546401598973771,0.04563988264621955,0.04575283005054963,0.04580798904772596,0.04580798904772596,0.045752830050549614,0.04563988264621955,0.04546401598973788,0.045217735450314586,0.04489158396247046,0.044474316281091636,0.04395333804319346,0.043315047144793596,0.0425450068693879,0.04162822101037349,0.04054919642014622,0.039291867429389615,0.03783944453023463,0.03617399233195545,0.03427616490121679,0.03212448985851714,0.029695243907314758,0.026961806359239518,0.023895935619528567,0.020466969591126316,0.01664762026735351,0.012411286735929986,0.007749334374474386,0.0026567811559185337
0.0027539941146479405,0.008020002024674696,0.012814728858838878,0.01714527476884458,0.02102268026066658,0.02447807305042026,0.027543012065666072,0.030252498531436595,0.03263847271383142,0.0347309478759753,0.03655645250739993,0.03813891465631357,0.03950002193705042,0.04065984544543793,0.04163729631091437,0.042450662163771205,0.043117710838829676,0.04365585288542565,0.04408193110790943,0.044412005961082135,0.04466113677293117,0.04484269634405641,0.044968147168082555,0.04504657173591186,0.04508416727360412,0.045084167273604106,0.04504657173591153,0.04496814716808242,0.04484269634405631,0.044661136772931195,0.044412005961082336,0.044081931107909686,0.043655852885426165,0.04311771083882995,0.042450662163771545,0.04163729631091444,0.04065984544543798,0.03950002193705056,0.0381389146563137,0.03655645250740011,0.034730947875975554,0.0326384727138317,0.03025249853143681,0.02754301206566635,0.02447807305042031,0.02102268026066658,0.017145274768844594,0.012814728858839303,0.008020002024674901,0.002753994114648095
0.002864337652892172,0.008326635973926041,0.013270692726493491,0.017706487470349603,0.021648247808589444,0.02513257305753564,0.028196021944106676,0.030878501923733575,0.0332161783955008,0.03524270077507341,0.036987496471098516,0.038477241407497274,0.03973599729299976,0.04078600853603954,0.041648576914152954,0.04234438445604312,0.04289377870658421,0.04331691601883741,0.04363345862532907,0.043862531671485405,0.04402202004902144,0.044127971645218575,0.044194441327314586,0.044232316135856466,0.044249297105722715,0.04424929710572261,0.044232316135856466,0.04419444132731461,0.04412797164521863,0.04402202004902153,0.0438625316714855,0.04363345862532929,0.04331691601883789,0.04289377870658466,0.04234438445604332,0.04164857691415316,0.04078600853603958,0.039735997292999974,0.03847724140749754,0.03698749647109879,0.03524270077507368,0.033216178395501145,0.030878501923733953,0.028196021944106912,0.025132573057535704,0.021648247808589427,0.017706487470349665,0.0132706927264936,0.008326635973926355,0.0028643376528924122
0.0029895235460953916,0.008673823931437053,0.013785709343965613,0.018338986759432116,0.022352088676844496,0.02586817456177051,0.028929612156785536,0.031581971761881586,0.03386610949231065,0.03581942507573082,0.03747460608094612,0.03886117721529099,0.04000537612333019,0.040931948925240054,0.0416647086480266,0.04222683874807463,0.042641663587289345,0.04293243312563201,0.04312228467234745,0.04323392552119188,0.04328853747048177,0.04330587426841041,0.04330289789511217,0.04329287948504569,0.04328553267678408,0.0432855326767841,0.043292879485045746,0.04330289789511225,0.04330587426841034,0.04328853747048172,0.04323392552119188,0.04312228467234771,0.04293243312563217,0.04264166358728953,0.042226838748074855,0.041664708648026814,0.040931948925240366,0.04000537612333041,0.0388611772152913,0.03747460608094645,0.03581942507573129,0.03386610949231098,0.031581971761881836,0.0289296121567856,0.025868174561770572,0.022352088676844732,0.018338986759432303,0.013785709343965905,0.008673823931437471,0.002989523546095602
0.0031313963240459084,0.009066504688232446,0.01436677676802084,0.019051047816131685,0.023143238812845152,0.026694289582657668,0.029753391457311446,0.03237260228923183,0.03459774354033562,0.036470361466715964,0.03802672527220764,0.039298759497716516,0.0403151455196425,0.04110340954836499,0.04168951704351884,0.042099607544390315,0.04236032534636021,0.04249847671940187,0.04254138083250933,0.04251574686939193,0.042447246523521893,0.04236019379337313,0.042274725399143086,0.04220800696025051,0.0421716216882752,0.04217162168827528,0.042208006960250746,0.042274725399143315,0.042360193793373246,0.04244724652352202,0.04251574686939188,0.042541380832509405,0.042498476719402,0.04236032534636046,0.04209960754439071,0.041689517043519135,0.04110340954836533,0.04031514551964274,0.03929875949771677,0.03802672527220817,0.03647036146671632,0.03459774354033612,0.03237260228923219,0.029753391457311817,0.02669428958265783,0.023143238812845416,0.019051047816131927,0.014366776768021202,0.009066504688232765,0.0031313963240459657
0.0032919239687781467,0.009509905971105868,0.015021270139194215,0.019851410324539256,0.024031269291117718,0.027620986365180383,0.030677813368112216,0.03326098745098287,0.03542173324565818,0.03720635523705249,0.03865423727201665,0.03979963103504345,0.040674378187296495,0.04130785375160137,0.04172834157091411,0.04196567926734472,0.04204969429292512,0.042011540570075855,0.0418832244734316,0.04169645747958551,0.041483010665121105,0.04127174912643159,0.04108787222024183,0.040953536829716995,0.040882134626164794,0.04088213462616479,0.04095353682971706,0.0410878722202418,0.041271749126431785,0.04148301066512133,0.04169645747958571,0.04188322447343176,0.042011540570076104,0.042049694292925335,0.041965679267344846,0.04172834157091441,0.04130785375160167,0.04067437818729678,0.03979963103504384,0.038654237272016854,0.03720635523705268,0.03542173324565853,0.0332609874509832,0.030677813368112657,0.027620986365180674,0.024031269291117978,0.01985141032453961,0.015021270139194427,0.009509905971105992,0.0032919239687784424
0.0034731635132166307,0.010009431633653584,0.015756835789701235,0.020749154622480122,0.025026151130808277,0.02865891138207992,0.031714063175004685,0.03425869195096782,0.03635025166907802,0.038039751740276746,0.03936911573135373,0.04037601527918971,0.041094429281226925,0.04155463071596041,0.04178896673336117,0.04183003086496976,0.04171106438541151,0.04146870681615066,0.0411401205422741,0.04076381815110519,0.04037827114488872,0.04001792503389543,0.03971673794311573,0.03950002020104733,0.03938660910985101,0.03938660910985104,0.03950002020104738,0.03971673794311577,0.04001792503389543,0.040378271144888685,0.040763818151105184,0.041140120542274256,0.041468706816150926,0.04171106438541165,0.04183003086496988,0.041788966733361466,0.04155463071596077,0.04109442928122737,0.04037601527919016,0.03936911573135396,0.03803975174027688,0.03635025166907821,0.03425869195096801,0.0317140631750048,0.028658911382080033,0.025026151130808454,0.02074915462248025,0.015756835789701176,0.010009431633653485,0.0034731635132167274
0.003677178411252336,0.010570560540822877,0.01658123314893502,0.021753448798549527,0.02613806226916426,0.02981916377601974,0.03287397596973565,0.03537841995395183,0.03739686702483016,0.038984305333403024,0.04018605461022521,0.04104299268620271,0.04158856863463881,0.04185648605003311,0.04188250424228479,0.0416997559723856,0.04134772727777255,0.040868285112897654,0.040304924555027176,0.03970453496875064,0.03911243625560282,0.03857324118351009,0.03813032652651608,0.03781200665385869,0.03764821753833874,0.037648217538338774,0.037812006653858754,0.03813032652651607,0.03857324118351009,0.039112436255602935,0.039704534968750725,0.04030492455502721,0.04086828511289784,0.041347727277772674,0.04169975597238578,0.04188250424228494,0.04185648605003328,0.04158856863463892,0.041042992686202664,0.04018605461022527,0.038984305333403024,0.03739686702483028,0.03537841995395191,0.032873975969735764,0.0298191637760198,0.02613806226916443,0.021753448798549485,0.016581233148935018,0.010570560540822806,0.0036771784112523275
0.0039059957659824404,0.011198671059374466,0.0175019927729311,0.022873255806706915,0.027377245109328385,0.031113052948528137,0.03416986726234235,0.0366338990608817,0.03857632591124217,0.0400561002059255,0.04112291050950206,0.04181738564007029,0.04217382647200031,0.0422312833964638,0.04202241365384435,0.04158518622422778,0.04096634888508511,0.04021067405013051,0.0393711563293729,0.03850366043925832,0.03766306835101636,0.0369090992531124,0.036289265130126536,0.035848772042475635,0.035621400548048306,0.035621400548048264,0.03584877204247566,0.03628926513012658,0.03690909925311243,0.03766306835101636,0.03850366043925842,0.0393711563293729,0.040210674050130624,0.04096634888508525,0.04158518622422781,0.04202241365384435,0.042231283396463745,0.04217382647200056,0.04181738564007055,0.0411229105095022,0.04005610020592574,0.03857632591124235,0.03663389906088191,0.03416986726234241,0.03111305294852817,0.027377245109328395,0.022873255806706863,0.017501992772931053,0.011198671059374445,0.00390599576598251
0.004161532707061103,0.011898699365989213,0.01852609305107832,0.024117134334225715,0.02875358324838798,0.03255156089024746,0.03561443093933699,0.03803974313928363,0.03990481486793863,0.0412739546404619,0.04219924463224777,0.04271924166588343,0.042874061510736694,0.042699348043078,0.042225409767664326,0.04150335707994961,0.040576663058174,0.03949839752684562,0.03833315107529099,0.03714619895570579,0.03600678162417638,0.034989940508453984,0.03414826349670611,0.033561775405012303,0.03325041984078989,0.033250419840789955,0.03356177540501248,0.03414826349670606,0.03498994050845399,0.03600678162417627,0.03714619895570582,0.038333151075290936,0.03949839752684551,0.0405766630581739,0.04150335707994962,0.04222540976766449,0.04269934804307813,0.042874061510736784,0.04271924166588343,0.04219924463224778,0.04127395464046198,0.039904814867938745,0.03803974313928376,0.03561443093933717,0.032551560890247605,0.02875358324838796,0.024117134334225573,0.01852609305107823,0.011898699365989083,0.004161532707061011
0.004445397873066811,0.012674874666541805,0.01965967088426277,0.02549264562530437,0.030275845522519405,0.03414524236042721,0.03722070984715483,0.03961076481679477,0.0413998311092807,0.04265854143091486,0.04343691827188203,0.04377560922799768,0.04371616312002086,0.043282026680405705,0.04251898582357006,0.04147567416318255,0.04018952260809283,0.03873787973156698,0.03718776877812383,0.03561880076710154,0.03411730208530125,0.03277118966153673,0.03166413786864482,0.030884976440195857,0.03047179808158036,0.030471798081580397,0.030884976440195947,0.03166413786864492,0.032771189661536644,0.03411730208530126,0.035618800767101444,0.037187768778123596,0.038737879731566865,0.04018952260809267,0.041475674163182395,0.042518985823569985,0.043282026680405816,0.043716163120020905,0.04377560922799782,0.04343691827188216,0.042658541430914854,0.041399831109280666,0.039610764816794715,0.03722070984715456,0.03414524236042685,0.030275845522519114,0.025492645625304063,0.01965967088426254,0.012674874666541689,0.004445397873066722
0.004758782212975333,0.013530368872297369,0.02090734235974783,0.02700560307398724,0.03195152275440273,0.03590401242962551,0.039000541921650936,0.04136122209325236,0.04308069550878679,0.04423199935003096,0.044861985338820694,0.0450173719121472,0.04472564309567707,0.044013311750685256,0.04293869188373438,0.041517799862423245,0.03982425345437904,0.03794018020912241,0.03593228205681139,0.033905846305081554,0.03196653755185729,0.030209608095707375,0.02878782664900074,0.027739184217190224,0.027216229247725824,0.027216229247725793,0.027739184217190294,0.028787826649000963,0.03020960809570753,0.03196653755185742,0.03390584630508164,0.035932282056811544,0.03794018020912258,0.03982425345437918,0.04151779986242337,0.04293869188373454,0.044013311750685374,0.044725643095677184,0.04501737191214725,0.0448619853388206,0.04423199935003097,0.043080695508786584,0.04136122209325224,0.03900054192165091,0.03590401242962542,0.03195152275440249,0.027005603073986927,0.02090734235974756,0.013530368872297019,0.004758782212975083
0.005102289119331247,0.014466731581560635,0.022271603327205413,0.02865971908541656,0.0337861876370784,0.037835307429310454,0.04096367796534189,0.04330633087525486,0.044967067158189815,0.04601547776689526,0.046503750408853434,0.04647499083017794,0.045937201177591584,0.04494021572436864,0.04350373877559068,0.04165309775159158,0.03951274901831728,0.03710601114300543,0.03456041685045034,0.03199094956806207,0.02952820701810827,0.027279075959796343,0.02543772880968455,0.02407325651579571,0.023400963343704707,0.02340096334370471,0.024073256515795748,0.02543772880968461,0.027279075959796357,0.02952820701810826,0.031990949568062116,0.03456041685045053,0.037106011143005276,0.03951274901831715,0.04165309775159155,0.043503738775590634,0.044940215724368654,0.045937201177591626,0.0464749908301779,0.04650375040885349,0.04601547776689525,0.04496706715818957,0.043306330875254546,0.040963677965341484,0.037835307429310114,0.033786187637078045,0.028659719085416268,0.02227160332720509,0.014466731581560274,0.0051022891193311356
0.005475678928536721,0.015483486424196887,0.02375223093840726,0.030455629418976265,0.035782029482403103,0.03994354348588984,0.04311889642611488,0.04545942361767142,0.047072951304430934,0.048031417871690095,0.048395220963267274,0.048178442810974664,0.04739540435523774,0.04609260997308322,0.044232370286234474,0.041938779891386474,0.039248481170972266,0.03621500288406779,0.03306133005639304,0.029863311745252627,0.026763090454351504,0.02396722551349184,0.021535580172724195,0.01988164174953039,0.01894801922782375,0.01894801922782372,0.01988164174953044,0.02153558017272422,0.023967225513491966,0.026763090454351608,0.02986331174525283,0.033061330056393175,0.03621500288406781,0.03924848117097228,0.04193877989138662,0.044232370286234605,0.04609260997308325,0.04739540435523767,0.048178442810974775,0.048395220963267455,0.04803141787169017,0.04707295130443083,0.045459423617671316,0.04311889642611468,0.039943543485889764,0.03578202948240306,0.030455629418976123,0.023752230938407004,0.015483486424196596,0.005475678928536466
0.005877750424490899,0.01657745773490215,0.025345384005350812,0.032390103615312325,0.03793740560383493,0.042229714837598735,0.04547069008473888,0.047826681347118524,0.04941080655847826,0.05030637055097492,0.05055739908929402,0.05015296838830269,0.04914293445142092,0.04748785073908193,0.04518594921934603,0.04237891559927778,0.0389514153928884,0.03526686445528066,0.031378533189452724,0.02748226874992418,0.023627960227238353,0.020248400856972402,0.01714435655957199,0.015119084641540876,0.013894115050801407,0.0138941150508014,0.015119084641540811,0.017144356559571992,0.020248400856972423,0.02362796022723841,0.027482268749924113,0.0313785331894527,0.03526686445528074,0.03895141539288851,0.04237891559927783,0.04518594921934609,0.04748785073908188,0.049142934451420844,0.05015296838830269,0.05055739908929401,0.050306370550974915,0.04941080655847814,0.04782668134711836,0.045470690084738676,0.04222971483759853,0.03793740560383488,0.0323901036153121,0.0253453840053506,0.01657745773490195,0.005877750424490797
0.006305982433081103,0.017742261045786488,0.027043233385671894,0.03445526261914964,0.04024529336196314,0.044689029381686375,0.04801708759577335,0.05040993587101249,0.051991367196434685,0.05284791599895498,0.05299191761919326,0.052439282713146365,0.05120412599710498,0.04913911922780314,0.04639522265036359,0.04285936088236643,0.03863594697299821,0.034179420274092556,0.029276212612918316,0.02466328912936427,0.020159472853492694,0.01608651125655121,0.012513927397905762,0.00976736971347263,0.008533135498754892,0.008533135498754965,0.00976736971347253,0.012513927397905751,0.016086511256551184,0.020159472853492694,0.024663289129364177,0.029276212612918504,0.03417942027409273,0.03863594697299834,0.042859360882366575,0.046395222650363714,0.04913911922780334,0.05120412599710532,0.05243928271314634,0.05299191761919326,0.052847915998954935,0.051991367196434705,0.05040993587101257,0.04801708759577353,0.04468902938168668,0.04024529336196314,0.034455262619149656,0.02704323338567177,0.017742261045786294,0.006305982433081113
0.006756408999980225,0.018968106001712132,0.028832909489365805,0.03663705201212474,0.042692725072036905,0.04731090438188757,0.050748695139619764,0.05320220184542695,0.05480898240324997,0.05564323426881309,0.05570990751281523,0.05504892151397247,0.0535198144728649,0.05106696436463708,0.047812759924055974,0.04331952212955228,0.03829538878224291,0.032410871989643646,0.026511573233639344,0.021122236146535224,0.01632765976036199,0.01143736247224483,0.007718544807831459,0.004422132811690028,0.0035789986733611497,0.003578998673361243,0.004422132811690148,0.007718544807831469,0.011437362472245098,0.01632765976036206,0.021122236146535397,0.026511573233639344,0.032410871989643736,0.03829538878224295,0.04331952212955255,0.047812759924056085,0.051066964364637125,0.05351981447286485,0.05504892151397227,0.05570990751281494,0.05564323426881289,0.054808982403249884,0.05320220184542697,0.05074869513961966,0.047310904381887516,0.04269272507203677,0.03663705201212456,0.028832909489365684,0.018968106001711983,0.006756408999980212
0.00722363993434044,0.020240985456488877,0.030695790441335358,0.03891567476308529,0.04526043281182538,0.05007539783008774,0.053644897615258244,0.05618551284467026,0.057841975370158845,0.05866859971236898,0.0586897784702948,0.057883719977354864,0.05603287321849584,0.053293587856387166,0.049212204886129776,0.04370805086397986,0.0374755842419359,0.02953665378213131,0.022971157571142323,0.01616587838859038,0.011081125961575266,0.00647477297295394,0.0027121252861428287,0.0008299410564402615,0.0005043102925141823,0.000504310292514179,0.000829941056440269,0.0027121252861430647,0.006474772972954026,0.01108112596157536,0.016165878388590675,0.022971157571142417,0.029536653782131363,0.03747558424193611,0.04370805086398009,0.049212204886129964,0.053293587856387485,0.05603287321849587,0.05788371997735485,0.05868977847029471,0.058668599712368784,0.057841975370158664,0.0561855128446701,0.05364489761525794,0.05007539783008747,0.04526043281182518,0.038915674763085224,0.030695790441335438,0.020240985456488867,0.007223639934340537
0.007700547097898797,0.021542668534787212,0.032608041258956895,0.041264768975021474,0.04791972576409337,0.052952776225402676,0.056678173215323334,0.059328911784474886,0.06104286329604296,0.06187347229787587,0.061850651915110744,0.06081707742764492,0.058681940689430334,0.05545637753506098,0.05022672036837448,0.04398816010630052,0.03546882709372004,0.02562818579551616,0.016838134337833273,0.009309803550758292,0.003911998194547998,0.001706582224299151,-0.003697003164702264,-0.00334114292170769,-0.003454402530767633,-0.00345440253076754,-0.0033411429217075315,-0.003697003164702127,0.0017065822242991245,0.0039119981945479896,0.009309803550758375,0.016838134337833474,0.025628185795516303,0.03546882709372023,0.04398816010630066,0.050226720368374715,0.055456377535061156,0.058681940689430306,0.06081707742764474,0.06185065191511055,0.0618734722978755,0.061042863296042686,0.059328911784474615,0.05667817321532291,0.052952776225402384,0.04791972576409318,0.04126476897502146,0.032608041258956826,0.02154266853478738,0.007700547097898921
0.008178411862778475,0.022851091117121483,0.034539968077746765,0.04365019109842776,0.05063429885342213,0.05590640630971352,0.05980694901567121,0.062577656441053,0.06435090652837831,0.0651895541481526,0.06504693178013228,0.06369108041259523,0.06118724763632722,0.056948822407809886,0.05076135862725177,0.04329003394313557,0.031139282443446426,0.019820343930520283,0.006368904887404452,0.0023083465146329822,-0.0034737002695686085,-0.002354436431987974,-0.0006066821249481313,0.0,0.0,0.0,0.0,-0.0006066821249481001,-0.0023544364319879186,-0.003473700269568561,0.0023083465146329107,0.0063689048874044155,0.019820343930520345,0.03113928244344675,0.04329003394313576,0.05076135862725199,0.05694882240781017,0.0611872476363273,0.06369108041259516,0.06504693178013214,0.06518955414815243,0.0643509065283783,0.06257765644105275,0.05980694901567112,0.05590640630971339,0.05063429885342189,0.04365019109842746,0.0345399680777468,0.02285109111712154,0.008178411862778437
0.00864721096494768,0.024140440357886393,0.03645635199085264,0.046031639969127895,0.053361170779368784,0.058888393632406,0.0629737028497741,0.06586940017291251,0.06770204767554791,0.06850295027484622,0.068099466165873,0.06635571653151663,0.06312061402650322,0.05734553871466521,0.05007516950140462,0.03932191078379564,0.024611466660988852,0.00810007918411046,-0.0037403513736491436,-0.0019454964753628913,-0.0006201483239197282,0.0,0.0,0.0,0.0,0.0,0.0,0.0,0.0,-0.0006201483239197317,-0.0019454964753629605,-0.0037403513736491436,0.00810007918411047,0.024611466660988894,0.03932191078379586,0.05007516950140467,0.05734553871466506,0.06312061402650296,0.06635571653151634,0.06809946616587273,0.06850295027484604,0.06770204767554767,0.06586940017291228,0.06297370284977406,0.05888839363240567,0.053361170779368534,0.046031639969127784,0.036456351990852585,0.024140440357886542,0.00864721096494766
0.009095835845034794,0.02538200629840659,0.03831785715064452,0.04836340114794914,0.056049231858727316,0.06184112994016536,0.066116084581375,0.06913330923775292,0.07099752835724697,0.07168391539903395,0.0709249299665114,0.06861268782341565,0.06396654406758599,0.05659960091857524,0.04716968105003959,0.03136691649309593,0.015246504539893959,-0.0029234271406361504,-0.00031286217035897504,0.0,0.0,0.0,0.0,0.0,0.0,0.0,0.0,0.0,0.0,0.0,0.0,-0.00031286217035902014,-0.0029234271406362376,0.015246504539893976,0.03136691649309607,0.04716968105003974,0.056599600918575355,0.06396654406758595,0.06861268782341547,0.07092492996651117,0.07168391539903379,0.0709975283572468,0.06913330923775293,0.06611608458137494,0.06184112994016513,0.05604923185872706,0.048363401147949,0.03831785715064454,0.025382006298406798,0.00909583584503489
0.009512638118046306,0.026545347247394754,0.04008203527041553,0.050595505793383275,0.05864207041388679,0.0647016746065091,0.0691656240015843,0.07228678562747053,0.07413474812014743,0.07464018066307367,0.0734806880833816,0.07032261298503598,0.06387652229187286,0.054956996136760236,0.041435023491298816,0.022846879942537496,0.0048460174697961805,-0.0006260997698772249,0.0,0.0,0.0,0.0,0.0,0.0,0.0,0.0,0.0,0.0,0.0,0.0,0.0,0.0,-0.0006260997698772457,0.0048460174697961865,0.022846879942537375,0.04143502349129875,0.05495699613676025,0.0638765222918728,0.07032261298503595,0.07348068808338147,0.07464018066307329,0.07413474812014727,0.07228678562747051,0.06916562400158427,0.06470167460650907,0.0586420704138867,0.050595505793383226,0.04008203527041542,0.026545347247394647,0.009512638118046257
0.009885946629023227,0.0275996949284037,0.041705423667944164,0.05267600356024211,0.06108083353233993,0.0674044091032897,0.07204626172260381,0.07524261437615355,0.07703597828105954,0.077299149376754,0.07563966569950967,0.07145763329941414,0.06355227821122503,0.05244747710253076,0.03331372412056046,0.014876282479202196,-0.00230110014442263,9.75187664552068e-6,0.0,0.0,0.0,0.0,0.0,0.0,0.0,0.0,0.0,0.0,0.0,0.0,0.0,0.0,9.75187664552415e-6,-0.0023011001444226066,0.01487628247920222,0.033313724120560384,0.05244747710253083,0.06355227821122507,0.07145763329941403,0.0756396656995096,0.07729914937675389,0.07703597828105928,0.07524261437615341,0.07204626172260356,0.06740440910328938,0.061080833532339784,0.052676003560241914,0.041705423667943976,0.0275996949284034,0.009885946629023153
0.010204698941395389,0.028515864750395466,0.04314584417401269,0.054552720753667246,0.06330538570961987,0.06988408149865744,0.07468490269914717,0.07791723096353341,0.07961300916902599,0.07957157895021527,0.07732376784084691,0.07211088021540862,0.06315072397533,0.04906929118620828,0.026030115040291273,0.005386055680775535,-0.0004019761293747157,0.0,0.0,0.0,0.0,0.0,0.0,0.0,0.0,0.0,0.0,0.0,0.0,0.0,0.0,0.0,0.0,-0.0004019761293747262,0.005386055680775711,0.026030115040291086,0.049069291186208064,0.06315072397532971,0.0721108802154083,0.07732376784084666,0.07957157895021497,0.07961300916902579,0.07791723096353333,0.07468490269914685,0.06988408149865719,0.06330538570961959,0.054552720753667,0.04314584417401244,0.02851586475039539,0.010204698941395349
0.010459451433364476,0.029267631479502225,0.04436384152606542,0.05617737264422518,0.06526091666818958,0.07207725089655381,0.07700956190220551,0.08024340969576442,0.08179171595777769,0.08135515218974847,0.07844527119521887,0.07223948190532162,0.06209286603567114,0.0448512852351975,0.020013816991224127,-0.0028583880006879214,8.056210191303338e-5,0.0,0.0,0.0,0.0,0.0,0.0,0.0,0.0,0.0,0.0,0.0,0.0,0.0,0.0,0.0,0.0,8.056210191306114e-5,-0.002858388000687811,0.02001381699122402,0.04485128523519752,0.062092866035671046,0.07223948190532158,0.0784452711952187,0.08135515218974816,0.08179171595777764,0.08024340969576443,0.07700956190220548,0.07207725089655358,0.06526091666818946,0.05617737264422493,0.044363841526065304,0.029267631479502336,0.010459451433364535
0.010642680009466764,0.029833497156771978,0.04532602048156564,0.05750758424393879,0.06689773869006589,0.07392804380511753,0.07895974939153794,0.08215715028127347,0.08349695738987127,0.08258919878276441,0.07893677332944825,0.07158232711335118,0.05973693617152019,0.040405417445119045,0.01475672831460791,-0.0010080703566014448,0.0,0.0,0.0,0.0,0.0,0.0,0.0,0.0,0.0,0.0,0.0,0.0,0.0,0.0,0.0,0.0,0.0,0.0,-0.0010080703566014205,0.014756728314607725,0.04040541744511886,0.059736936171519865,0.07158232711335087,0.07893677332944805,0.08258919878276405,0.08349695738987113,0.08215715028127338,0.07895974939153762,0.07392804380511703,0.06689773869006559,0.05750758424393843,0.04532602048156549,0.02983349715677196,0.010642680009466792
0.010749233055404286,0.030198122453449577,0.04600764346642363,0.05850966977614114,0.06817352561543716,0.07539302060566196,0.08049996810524132,0.08362091003455031,0.08468464989329784,0.08330000851177272,0.07896523763475008,0.07049077115793169,0.056980489577025784,0.03738964156587781,0.012764772875630112,-0.0007046593212565853,0.0,0.0,0.0,0.0,0.0,0.0,0.0,0.0,0.0,0.0,0.0,0.0,0.0,0.0,0.0,0.0,0.0,0.0,-0.0007046593212565785,0.012764772875629993,0.03738964156587773,0.05698048957702584,0.07049077115793154,0.07896523763475001,0.08330000851177263,0.08468464989329764,0.08362091003455017,0.08049996810524128,0.0753930206056619,0.06817352561543713,0.05850966977614102,0.04600764346642365,0.03019812245344959,0.010749233055404336
0.010777120765091292,0.030353544717004577,0.046392175349024636,0.05915997704059134,0.06906228022537682,0.07644439440027057,0.08159856091345237,0.08462059330599027,0.08540281735227022,0.0835607136247258,0.07856724687968422,0.06934374115343633,0.05517276033475355,0.035929705304731566,0.012252538872496044,-0.0006059863066777133,0.0,0.0,0.0,0.0,0.0,0.0,0.0,0.0,0.0,0.0,0.0,0.0,0.0,0.0,0.0,0.0,0.0,0.0,-0.0006059863066776716,0.01225253887249598,0.03592970530473158,0.05517276033475355,0.06934374115343628,0.07856724687968403,0.08356071362472563,0.08540281735226993,0.08462059330598987,0.08159856091345212,0.07644439440027022,0.06906228022537655,0.05915997704059111,0.04639217534902432,0.030353544717004584,0.010777120765091313
0.010727112437190382,0.030299370708634824,0.046474001342840646,0.05944670695193351,0.06954992628111659,0.07707066345099274,0.08224848730017834,0.08516003234802358,0.08569521455342202,0.0834728537302502,0.07791777303384662,0.06837771176560704,0.05456380258463771,0.035736156584055045,0.012761823404834427,-0.0008041471668346178,0.0,0.0,0.0,0.0,0.0,0.0,0.0,0.0,0.0,0.0,0.0,0.0,0.0,0.0,0.0,0.0,0.0,0.0,-0.0008041471668345899,0.012761823404834349,0.03573615658405482,0.054563802584637805,0.06837771176560713,0.0779177730338467,0.0834728537302503,0.08569521455342215,0.08516003234802355,0.0822484873001783,0.07707066345099263,0.06954992628111646,0.05944670695193338,0.04647400134284041,0.030299370708634515,0.010727112437190316
0.010602889641156738,0.030042135501825832,0.04625835139283501,0.05937215073335251,0.06963384894185073,0.07726851924234046,0.08246682480983204,0.0852816317847926,0.08559089039826989,0.08306694823110729,0.07720323765580361,0.06767430532582354,0.054438552307878064,0.036579280030285,0.01486434885323644,-0.001624345544336835,0.0001229822269788271,0.0,0.0,0.0,0.0,0.0,0.0,0.0,0.0,0.0,0.0,0.0,0.0,0.0,0.0,0.0,0.0,0.0001229822269788583,-0.0016243455443367306,0.014864348853236366,0.03657928003028488,0.054438552307877947,0.06767430532582364,0.07720323765580364,0.08306694823110711,0.08559089039826995,0.08528163178479231,0.0824668248098318,0.07726851924234009,0.0696338489418503,0.059372150733352134,0.04625835139283473,0.03004213550182551,0.010602889641156618
0.010410618890844839,0.029595647084094772,0.04575931441072724,0.058948419500978615,0.0693273669993521,0.07705411439789099,0.0822717262698161,0.08501166412843761,0.08514004832970111,0.08240593778095846,0.07643703552563705,0.0669815940070388,0.053932545451183596,0.03753662258250017,0.01738619690286177,0.0029081001326148486,-0.00010809215836465813,0.0,0.0,0.0,0.0,0.0,0.0,0.0,0.0,0.0,0.0,0.0,0.0,0.0,0.0,0.0,0.0,-0.00010809215836467204,0.002908100132614853,0.01738619690286174,0.037536622582499825,0.05393254545118326,0.0669815940070388,0.07643703552563712,0.0824059377809584,0.08514004832970105,0.08501166412843734,0.082271726269816,0.07705411439789087,0.06932736699935194,0.05894841950097837,0.045759314410726955,0.02959564708409442,0.010410618890844624
0.010158240482263966,0.02897920650545208,0.04500038320076003,0.05819806294309846,0.06865271900038723,0.07645449232217656,0.08169501798247293,0.08438775810399587,0.0844066790365268,0.08155047855255462,0.0755617273313417,0.06629695863277765,0.05349204784074836,0.03855800337795891,0.020753807462181396,0.007643829105656974,-0.0007338852078549458,7.444833314042156e-5,0.0,0.0,0.0,0.0,0.0,0.0,0.0,0.0,0.0,0.0,0.0,0.0,0.0,0.0,7.444833314041462e-5,-0.0007338852078549978,0.007643829105657113,0.02075380746218154,0.03855800337795885,0.053492047840748236,0.0662969586327774,0.07556172733134152,0.08155047855255451,0.08440667903652656,0.08438775810399562,0.0816950179824724,0.07645449232217623,0.06865271900038676,0.058198062943098254,0.04500038320075994,0.02897920650545186,0.01015824048226393
0.009855264447398003,0.028215931043457633,0.0440113168041081,0.05715313280573683,0.0676419416405214,0.07550348899175942,0.08077747818669934,0.083455045806736,0.08343612142939714,0.08056508475633026,0.07464040926247054,0.06568064765643934,0.05349786787266797,0.03969652487728202,0.02486665099999113,0.011374933199537125,0.002043437180610854,-0.00010990092653169917,0.0,0.0,0.0,0.0,0.0,0.0,0.0,0.0,0.0,0.0,0.0,0.0,0.0,0.0,-0.00010990092653169226,0.002043437180610833,0.011374933199537196,0.024866650999991125,0.039696524877281994,0.05349786787266784,0.06568064765643901,0.07464040926247019,0.08056508475632995,0.08343612142939688,0.08345504580673599,0.08077747818669935,0.07550348899175952,0.06764194164052156,0.057153132805736695,0.04401131680410796,0.028215931043457418,0.009855264447397843
0.009511830861453876,0.02733173742355231,0.04282635745662948,0.055851778502727385,0.06633489997415445,0.0742402448300404,0.07956085994230029,0.08226610597671195,0.08227700580564391,0.07948484761876792,0.07373148668188294,0.06515637909267563,0.053964330331012465,0.04109625931594032,0.028233296200168644,0.015170692129268184,0.005965993282063235,-0.0005950277304988892,3.4999725321283464e-5,0.0,0.0,0.0,0.0,0.0,0.0,0.0,0.0,0.0,0.0,0.0,0.0,3.499972532132163e-5,-0.0005950277304987607,0.005965993282063222,0.015170692129268292,0.02823329620016885,0.04109625931594041,0.05396433033101258,0.06515637909267545,0.07373148668188292,0.0794848476187679,0.08227700580564387,0.08226610597671184,0.07956085994230017,0.07424024483004009,0.06633489997415426,0.05585177850272714,0.04282635745662922,0.027331737423552303,0.009511830861453793
0.009138189067633947,0.026353533606262573,0.041482591273847264,0.05433564326371137,0.06477520009668895,0.07270930557474505,0.0780889107494906,0.08086563464494849,0.08096841768728569,0.07833061236838325,0.07288707661293266,0.06478742094845683,0.05456066544315351,0.042657602356092755,0.030769877115962022,0.01925078995105865,0.009438280979860124,0.002167994728027973,-0.00024610238157155977,5.0370759207056245e-5,-1.70824551538513e-5,0.0,0.0,0.0,0.0,0.0,0.0,0.0,0.0,-1.708245515383742e-5,5.0370759207118695e-5,-0.0002461023815715251,0.0021679947280279013,0.009438280979860214,0.019250789951058864,0.030769877115962185,0.042657602356092776,0.05456066544315346,0.06478742094845652,0.07288707661293255,0.07833061236838319,0.08096841768728581,0.08086563464494846,0.07808891074949055,0.07270930557474499,0.06477520009668887,0.05433564326371146,0.041482591273847236,0.026353533606262497,0.009138189067633954
0.008744213313147262,0.025307798562528794,0.04001768371543479,0.052648115587751704,0.06300790922450215,0.07095644008748117,0.07640509712317516,0.07928931555276036,0.07954341564451736,0.07712746323314201,0.07208340000010721,0.06454563977751826,0.055078021608378144,0.044226343102617444,0.03295728087650163,0.022494229995382663,0.012525531425237796,0.005759484958298437,0.0012789962534047517,0.00014015606087508108,0.00010311318415241389,0.0001114375116111008,2.0783615201178165e-5,0.0,0.0,0.0,0.0,2.0783615201195515e-5,0.00011143751161119098,0.00010311318415241391,0.00014015606087491457,0.0012789962534047613,0.005759484958298394,0.01252553142523786,0.022494229995382926,0.032957280876501724,0.04422634310261748,0.05507802160837781,0.0645456397775181,0.07208340000010678,0.07712746323314182,0.07954341564451707,0.07928931555276035,0.07640509712317484,0.07095644008748095,0.06300790922450199,0.0526481155877516,0.040017683715434814,0.025307798562528905,0.00874421331314745
0.008339005758519022,0.02421948856258299,0.038467913769457684,0.05083224301659455,0.061078457524882064,0.06902610814336296,0.07455020157833497,0.07756837814329795,0.07802498426762641,0.07589667951961132,0.07127928926092647,0.06435931400778573,0.05556161773331766,0.04562433355981673,0.035023087374683314,0.025039398134854597,0.01583401485940237,0.008696689254071516,0.0038415626531285467,0.0011972969401356109,0.0002560697748306105,5.7718638413028534e-6,0.00020209538241405489,0.00021583208104045283,0.00022875744273139796,0.00022875744273139444,0.00021583208104044937,0.00020209538241409655,5.771863841292454e-6,0.0002560697748306419,0.0011972969401354441,0.0038415626531284673,0.00869668925407141,0.01583401485940226,0.025039398134854604,0.03502308737468326,0.045624333559816634,0.05556161773331751,0.0643593140077856,0.07127928926092644,0.07589667951961118,0.07802498426762608,0.07756837814329773,0.07455020157833481,0.06902610814336269,0.06107845752488191,0.05083224301659441,0.038467913769457684,0.024219488562582946,0.00833900575851904
0.007930667466845813,0.023111169925179698,0.03686696330400272,0.048928936665008,0.05903068399637546,0.06696005049605014,0.07256157750155627,0.07573381811007072,0.07642691625908281,0.07463802610897266,0.0704620224133832,0.064152063398732,0.05603906975465124,0.04681786936055775,0.03700436956854956,0.027406629413645855,0.0188512990045001,0.01155617552889963,0.006422893124617209,0.0030323720083873947,0.0011218892844129516,0.0002631520379073765,3.1520435021239866e-5,1.5605942695644613e-6,-5.879438374848895e-6,-5.879438374893934e-6,1.560594269709982e-6,3.1520435021215586e-5,0.0002631520379073764,0.0011218892844129448,0.003032372008387463,0.006422893124617176,0.011556175528899522,0.018851299004500024,0.027406629413645925,0.03700436956854971,0.04681786936055786,0.05603906975465112,0.06415206339873196,0.07046202241338287,0.07463802610897224,0.07642691625908231,0.07573381811007027,0.0725615775015558,0.06696005049604982,0.05903068399637502,0.048928936665007715,0.03686696330400256,0.023111169925179552,0.007930667466845715
0.007526065806698105,0.02200256956801838,0.035245073057455396,0.046975601834367026,0.056905363435442974,0.06479761433463394,0.07047283579396602,0.07381323051087821,0.0747629718051256,0.07333882623568247,0.06962992001536956,0.0638961554978603,0.05647560863640242,0.04788789430610286,0.03880518420833219,0.029734285417440328,0.0215115072453119,0.014402703456489769,0.00893313241965797,0.005044274288151103,0.0024933265392260433,0.0010179484014394822,0.00030595199380743706,4.5842312795965655e-5,-5.0090768664433e-5,-5.0090768664432983e-5,4.584231279596565e-5,0.0003059519938073884,0.0010179484014394018,0.002493326539225903,0.0050442742881509515,0.008933132419657885,0.014402703456489686,0.021511507245311777,0.02973428541744034,0.03880518420833221,0.04788789430610281,0.05647560863640241,0.06389615549786039,0.06962992001536951,0.0733388262356823,0.07476297180512517,0.07381323051087772,0.07047283579396563,0.06479761433463362,0.056905363435442786,0.046975601834366734,0.035245073057455154,0.022002569568018226,0.007526065806697855
0.007130775956613491,0.02091028218501104,0.033628540487098686,0.04500542483980232,0.05473908978967937,0.062575433639179,0.06831517385425463,0.07182804043461304,0.07304769116176486,0.07199467647674525,0.06876771651472083,0.06358945315715216,0.056825392585297334,0.04889015282866559,0.04041724465436008,0.031920685045695715,0.02396778882716826,0.017067545626043408,0.01139482604892312,0.007111320613759169,0.004091401304735427,0.002101008157648945,0.0009166106020782072,0.00030291132307700975,4.82905457073358e-5,4.829054570743974e-5,0.00030291132307691266,0.0009166106020781411,0.0021010081576489396,0.0040914013047352055,0.007111320613759121,0.011394826048922875,0.017067545626043172,0.023967788827168,0.031920685045695674,0.04041724465436015,0.04889015282866564,0.05682539258529746,0.06358945315715211,0.06876771651472036,0.07199467647674485,0.07304769116176445,0.07182804043461263,0.06831517385425419,0.06257543363917895,0.05473908978967926,0.04500542483980204,0.03362854048709862,0.020910282185011016,0.007130775956613538
0.006749232995908412,0.019847670523490044,0.032039338037828866,0.043047204439949374,0.052564089256013496,0.06032594496147178,0.0661179126223928,0.06979781947137251,0.07129175291918913,0.07061008500837546,0.06785961434741805,0.0632335834003549,0.05707570777856352,0.04979222127590699,0.04188085897340745,0.033903049762131814,0.026282791254938227,0.01950774150290502,0.013769876019983081,0.009212362209661023,0.005794685065244746,0.00338028489364738,0.0018005363392135296,0.0008647389462728356,0.00044157660799636213,0.00044157660799634836,0.0008647389462728115,0.0018005363392134845,0.0033802848936473904,0.0057946850652445,0.009212362209660778,0.013769876019982917,0.019507741502904918,0.02628279125493811,0.03390304976213172,0.041880858973407306,0.049792221275906844,0.057075707778563294,0.06323358340035491,0.06785961434741801,0.07061008500837537,0.07129175291918893,0.06979781947137233,0.06611791262239272,0.06032594496147163,0.05256408925601334,0.043047204439949124,0.03203933803782869,0.019847670523489895,0.006749232995908423
0.006384773856399955,0.018825148926633076,0.030495115405734043,0.04112503032983437,0.05040843444467019,0.05807730927125827,0.06390682842943818,0.06774279005537086,0.06950466164210177,0.06919071683561989,0.0668994044350872,0.06281724388348774,0.05723680896077298,0.05056064310216682,0.043207979992205006,0.035688764038704204,0.028423331725749672,0.021779150424266217,0.01603085294472292,0.011292867061692153,0.007574566398998605,0.004819296124977855,0.00291288742361191,0.001723718446996637,0.0011577862597562268,0.0011577862597561548,0.0017237184469966586,0.0029128874236119848,0.004819296124977816,0.007574566398998499,0.011292867061691941,0.016030852944722666,0.02177915042426599,0.02842333172574955,0.035688764038703955,0.04320797999220469,0.05056064310216636,0.05723680896077276,0.06281724388348774,0.06689940443508695,0.06919071683561967,0.06950466164210163,0.06774279005537082,0.06390682842943805,0.058077309271257996,0.050408434444670046,0.04112503032983425,0.03049511540573389,0.01882514892663317,0.00638477385639992
0.006039688318614307,0.017850459124452794,0.029009657401371975,0.039258267701488034,0.0482956637596181,0.055854249698385344,0.06170431503202232,0.065681977659206,0.06769753364610116,0.06774095610296496,0.06589144995884191,0.062328613950338764,0.0573089680225704,0.051194924309088216,0.04438539686758758,0.0373042402692563,0.03037252388944855,0.02390766432893267,0.01818116400392286,0.013328652530742021,0.009404983094836302,0.0063924011169006695,0.004229425188352422,0.002843983865627673,0.002168539169809063,0.0021685391698090186,0.002843983865627528,0.004229425188352459,0.006392401116900599,0.009404983094836145,0.013328652530741933,0.018181164003922706,0.02390766432893252,0.030372523889448354,0.03730424026925605,0.04438539686758716,0.051194924309087855,0.057308968022570336,0.06232861395033878,0.0658914499588419,0.06774095610296509,0.06769753364610114,0.06568197765920583,0.061704315032022006,0.05585424969838507,0.048295663759617746,0.03925826770148776,0.029009657401371996,0.017850459124452704,0.006039688318614283
0.005715436311574906,0.016928888839463186,0.027593231243309237,0.03746209018389969,0.046244733872671716,0.053677827746740306,0.059530278140103206,0.0636323030007216,0.06588344914586275,0.06626552365375186,0.0648406985763968,0.06176790865446744,0.05728544605644453,0.05170590154193585,0.04540624234351331,0.038760115823707225,0.03214950393096681,0.02589059551009625,0.020227667342060666,0.015323189606016058,0.011264625644768857,0.008069262990643507,0.005720622681847863,0.00418632314480968,0.0034290738111676417,0.0034290738111675155,0.004186323144809666,0.0057206226818479105,0.00806926299064346,0.011264625644768744,0.015323189606015895,0.020227667342060423,0.025890595510095857,0.03214950393096635,0.03876011582370709,0.04540624234351314,0.05170590154193558,0.05728544605644421,0.06176790865446727,0.06484069857639659,0.06626552365375163,0.06588344914586251,0.06363230300072138,0.0595302781401028,0.05367782774673987,0.04624473387267159,0.03746209018389967,0.027593231243309355,0.016928888839463228,0.00571543631157494
0.005412808487745035,0.016063683859156686,0.02625289226397237,0.035747886619672826,0.04427057433014765,0.05156527891838512,0.057402264273367934,0.061608775622152674,0.06407552680797131,0.06477282296510137,0.06375038476586317,0.061141651559375676,0.05716525054184501,0.05209899041594196,0.046279874387686847,0.040058602336059256,0.0337737791615406,0.027733342577728783,0.02217469363823833,0.017274166045652246,0.013139749020961145,0.009825785699388774,0.007350740031790974,0.00570997312865938,0.004893586891025563,0.00489358689102561,0.0057099731286594105,0.007350740031790962,0.009825785699388736,0.013139749020961064,0.01727416604565197,0.022174693638238013,0.027733342577728616,0.03377377916154039,0.04005860233605914,0.04627987438768655,0.05209899041594171,0.057165250541844605,0.06114165155937547,0.06375038476586288,0.06477282296510102,0.06407552680797121,0.06160877562215234,0.057402264273367684,0.05156527891838472,0.04427057433014745,0.03574788661967259,0.02625289226397206,0.016063683859156686,0.0054128084877449415
0.005132014609163829,0.01525644644394006,0.024992998407195655,0.034123610852646855,0.04238453173227988,0.04953025756111714,0.05533521125603581,0.05962528007480839,0.06228542475294577,0.06327348534267689,0.06262619383173137,0.060456211998045156,0.05695531054364362,0.052377219896215244,0.047019463275663,0.04120776035759506,0.035254353008726376,0.02944774011226321,0.024026659462586426,0.019174771174713695,0.015018410889491572,0.011640172742427983,0.009085486287553974,0.007375193353972018,0.0065190348071612544,0.006519034807161313,0.007375193353972011,0.009085486287553915,0.01164017274242792,0.01501841088949154,0.01917477117471367,0.024026659462586315,0.02944774011226315,0.03525435300872642,0.0412077603575951,0.04701946327566286,0.052377219896215056,0.05695531054364332,0.06045621199804487,0.06262619383173097,0.06327348534267663,0.06228542475294586,0.05962528007480834,0.05533521125603578,0.04953025756111717,0.042384531732279865,0.03412361085264677,0.02499299840719556,0.015256446443940074,0.00513201460916378
0.004872816630446013,0.014507425075200553,0.02381570528633582,0.03259425853768286,0.04059472586045161,0.047583296802559724,0.053341163981122715,0.05769447588449996,0.060524119523332136,0.06177780861929124,0.06147718890464342,0.059717991231083886,0.05666527643986516,0.052547927920811845,0.04763452971446651,0.04222029653792996,0.03659916116086457,0.031042498923256622,0.02578648015374319,0.021020493224822533,0.016887734672467628,0.013490170128939692,0.010895286992229478,0.009145817481215214,0.008265764074717307,0.008265764074717316,0.009145817481215058,0.010895286992229223,0.013490170128939575,0.016887734672467614,0.021020493224822537,0.02578648015374319,0.031042498923256563,0.03659916116086461,0.04222029653792995,0.047634529714466356,0.0525479279208115,0.05666527643986479,0.05971799123108376,0.0614771889046431,0.06177780861929112,0.060524119523332025,0.05769447588450005,0.05334116398112273,0.04758329680255971,0.04059472586045159,0.03259425853768275,0.023815705286335715,0.01450742507520054,0.004872816630446019
0.004634647664802506,0.013815800118286639,0.022721376375991902,0.03116236840385877,0.03890638148246315,0.045732201429963544,0.0514295636615449,0.055827037061233424,0.05880231355715352,0.06029542108098856,0.06031357375219186,0.05893551381132756,0.05630431671183535,0.052622164304428586,0.04813396546119248,0.043107714777502984,0.037818051967320236,0.032523684246143485,0.027455628638734804,0.02280762250336913,0.01873504387465933,0.015355224508824955,0.012753705863507528,0.010989520670328311,0.010098638471847707,0.010098638471847683,0.010989520670328243,0.012753705863507355,0.015355224508824882,0.018735043874659137,0.02280762250336903,0.027455628638734714,0.0325236842461434,0.0378180519673202,0.043107714777502956,0.048133965461192425,0.05262216430442819,0.05630431671183521,0.05893551381132727,0.06031357375219153,0.06029542108098833,0.058802313557153284,0.05582703706123317,0.05142956366154468,0.045732201429963384,0.03890638148246308,0.03116236840385881,0.022721376375991864,0.013815800118286585,0.004634647664802443
0.0044167007768517,0.013179945629660149,0.02170894092047437,0.029828496539477348,0.03732225137250307,0.04398221119190699,0.049607665584789476,0.054031527320628374,0.05712974513732877,0.05883582141799171,0.05914508259747759,0.058119083179751535,0.05588180574589938,0.0526111409501418,0.04852850603828371,0.043879893635161905,0.03892037921104903,0.03389695165455662,0.029035261305762665,0.024531514866184424,0.02054895186884583,0.017217538842004308,0.01463674403385619,0.012877906005794384,0.011987125126542757,0.011987125126542673,0.012877906005794191,0.014636744033855972,0.017217538842004058,0.02054895186884547,0.024531514866184344,0.029035261305762495,0.033896951654556494,0.03892037921104894,0.04387989363516185,0.04852850603828342,0.05261114095014168,0.05588180574589924,0.05811908317975132,0.059145082597477285,0.05883582141799147,0.057129745137328554,0.05403152732062816,0.04960766558478922,0.0439822111919069,0.037322251372502994,0.029828496539477417,0.021708940920474373,0.013179945629660236,0.004416700776851773
0.00421800173701181,0.012597654505879597,0.020776211969215357,0.028591589499954172,0.035843093110803595,0.04233625015959074,0.047880641951824836,0.05231472435264241,0.05551458924596239,0.05740818189209978,0.05798096893148668,0.05727907327019648,0.05540813549754355,0.0525253278446751,0.04882941716669471,0.04454659607743937,0.039914341519364196,0.03516767192693306,0.03052650948341566,0.02618757939226778,0.02231945879301473,0.01906145049451474,0.0165233983305174,0.014786523511181503,0.013904748226916442,0.01390474822691636,0.01478652351118116,0.01652339833051709,0.019061450494514583,0.022319458793014536,0.02618757939226762,0.03052650948341564,0.035167671926933056,0.039914341519364294,0.04454659607743929,0.048829417166694644,0.052525327844674986,0.05540813549754323,0.057279073270196185,0.057980968931486306,0.0574081818920997,0.0555145892459621,0.05231472435264233,0.047880641951824905,0.04233625015959072,0.03584309311080345,0.028591589499954318,0.020776211969215485,0.01259765450587973,0.004218001737011804
0.004037462833060921,0.012066318289193587,0.019920185878789184,0.027449301330639633,0.03446803509238287,0.04079532942236912,0.046251644895418546,0.0506817726916519,0.053963469662188325,0.056020674102169626,0.05683020047101888,0.05642514391683813,0.054893950650553774,0.05237514850118217,0.049047279924776234,0.045117580443379914,0.04080767125962112,0.036340783685592945,0.03193043210947541,0.027772141871791948,0.024037884411952183,0.02087326160848968,0.01839581844743861,0.016694446705342002,0.01582881101871021,0.015828811018710278,0.01669444670534199,0.01839581844743844,0.02087326160848941,0.024037884411952086,0.0277721418717918,0.031930432109475264,0.03634078368559287,0.040807671259620946,0.04511758044337971,0.04904727992477607,0.05237514850118184,0.054893950650553684,0.05642514391683782,0.05683020047101878,0.0560206741021694,0.053963469662188374,0.05068177269165186,0.04625164489541853,0.04079532942236913,0.03446803509238276,0.02744930133063955,0.019920185878789187,0.012066318289193705,0.004037462833061038
0.003873932211024144,0.011583058924371899,0.019137286343584806,0.02639831112135596,0.03319485902932714,0.039358900362305584,0.04472205052133231,0.04913615498638115,0.05248164121027091,0.05468013197459417,0.05570108788725794,0.05556635571944473,0.05434925463404212,0.05217097581535762,0.04919208171368915,0.045602154545089424,0.04160787741021426,0.037421062818887,0.03324825730971526,0.029282422010214255,0.025696952091813545,0.022641450417571866,0.020238960924496275,0.01858388836950262,0.0177401661014241,0.01774016610142409,0.018583888369502463,0.020238960924496143,0.022641450417571665,0.02569695209181325,0.029282422010214085,0.03324825730971502,0.03742106281888697,0.04160787741021423,0.045602154545089375,0.04919208171368919,0.05217097581535758,0.054349254634042055,0.05556635571944466,0.05570108788725772,0.054680131974594016,0.052481641210270866,0.04913615498638117,0.04472205052133242,0.03935890036230576,0.03319485902932712,0.026398311121356,0.019137286343584973,0.011583058924371996,0.0038739322110241396
0.003726235093833581,0.011144840387299536,0.01842354279303597,0.025434599898820857,0.03202028739524147,0.03802510472093053,0.0432917676548214,0.047679760828872514,0.051073004168807515,0.053392120763353014,0.05460083618879495,0.054711136117139375,0.05378324089512976,0.051922621229953274,0.04927341106349921,0.04600910091954243,0.04232217206920949,0.03841330274193145,0.03448162392387105,0.030716452514098724,0.02729086319566284,0.024356618012836402,0.022040293657697184,0.020440020176352488,0.01962284381040504,0.01962284381040509,0.020440020176352477,0.022040293657697167,0.024356618012836197,0.027290863195662773,0.030716452514098595,0.03448162392387103,0.03841330274193131,0.042322172069209366,0.04600910091954231,0.04927341106349904,0.051922621229953066,0.05378324089512972,0.054711136117139306,0.05460083618879494,0.0533921207633527,0.05107300416880723,0.0476797608288723,0.043291767654821185,0.03802510472093035,0.032020287395241466,0.025434599898820742,0.01842354279303587,0.011144840387299466,0.003726235093833457
0.0035931986882483265,0.010748564732516279,0.01777473844168315,0.024553658813587342,0.030940261697218276,0.03679100643549243,0.04195947451325048,0.04631310099880813,0.049740074740804906,0.05216101976408925,0.0535354499538413,0.05386698174746066,0.05320434261550162,0.05163909470220778,0.04930032138787221,0.046346753526321,0.042957489732087364,0.0393223353451251,0.03563263215636829,0.03207314873310352,0.028815260267925483,0.026011277129318302,0.023789627674531133,0.02225074189239831,0.021463703523926077,0.021463703523926087,0.022250741892398285,0.023789627674531084,0.026011277129318403,0.02881526026792546,0.03207314873310361,0.03563263215636826,0.039322335345125095,0.04295748973208754,0.046346753526321144,0.04930032138787238,0.05163909470220791,0.053204342615501804,0.053866981747460525,0.05353544995384128,0.05216101976408912,0.04974007474080467,0.046313100998807886,0.0419594745132503,0.03679100643549231,0.030940261697218117,0.024553658813587273,0.017774738441683077,0.01074856473251602,0.0035931986882484115
0.0034736694182807247,0.010391140740748055,0.01718654002990497,0.02375065512357416,0.02995016663311064,0.03565283897830637,0.04072280457424277,0.04503552963588782,0.04848408582866354,0.05099000554899143,0.052509813047308763,0.053040293990864455,0.05262013345066623,0.05132860729283584,0.04928118917896407,0.04662298709760859,0.04352053025506496,0.040153040793656294,0.03670381623472844,0.03335232108200746,0.030267119855062436,0.027599692295489454,0.025478935036764152,0.024006371000087748,0.023252164127072514,0.02325216412707255,0.0240063710000876,0.025478935036764103,0.02759969229548946,0.030267119855062388,0.03335232108200738,0.036703816234728404,0.04015304079365634,0.04352053025506495,0.046622987097608516,0.04928118917896407,0.05132860729283587,0.05262013345066618,0.05304029399086439,0.0525098130473088,0.05099000554899148,0.04848408582866346,0.045035529635887785,0.04072280457424256,0.03565283897830624,0.029950166633110457,0.023750655123574098,0.017186540029904745,0.010391140740747847,0.003473669418280728
0.0033665288277275095,0.0100695303238257,0.01665459801008027,0.023020577918362876,0.029045003330445043,0.0346062300194142,0.0395785448145254,0.04384541052935004,0.047305169315812835,0.049881082901288114,0.05152772391606765,0.052236406213460755,0.05203721687812494,0.05099856030196955,0.049223688635214535,0.046845175870038995,0.04401774523290963,0.04091035331540191,0.037698115849362314,0.03455459819187065,0.03164463230987569,0.029117736808727406,0.027102124591451955,0.02569937127372716,0.024979941724276606,0.024979941724276596,0.025699371273727064,0.0271021245914519,0.029117736808727313,0.031644632309875735,0.03455459819187064,0.0376981158493623,0.04091035331540207,0.04401774523290967,0.04684517587003908,0.04922368863521474,0.05099856030196959,0.05203721687812486,0.05223640621346066,0.051527723916067664,0.04988108290128827,0.04730516931581284,0.043845410529350225,0.03957854481452544,0.03460623001941434,0.029045003330445168,0.02302057791836276,0.01665459801008011,0.010069530323825559,0.0033665288277275208
0.003270705344285868,0.009780784818566974,0.01617461754527216,0.022358359392969773,0.02821953775877891,0.033646378751938245,0.03852284133946117,0.04274027355521537,0.046202516387161746,0.048835210085083944,0.05059192007809734,0.05145964359347085,0.05146122167649002,0.05065550823744292,0.04913479421212042,0.04702017622514523,0.04445530827323665,0.04159923252746138,0.038618830815771686,0.03568132866556651,0.032947078348803185,0.030562719803934303,0.028654817619222006,0.02732412767051307,0.02664078113686892,0.026640781136868876,0.027324127670512757,0.028654817619221784,0.030562719803934144,0.03294707834880304,0.035681328665566475,0.038618830815771624,0.041599232527461324,0.04445530827323635,0.047020176225145066,0.04913479421212029,0.05065550823744271,0.051461221676489956,0.05145964359347088,0.05059192007809751,0.04883521008508414,0.04620251638716169,0.04274027355521519,0.03852284133946113,0.03364637875193837,0.028219537758778886,0.022358359392969564,0.016174617545271996,0.009780784818567052,0.003270705344285928
0.0031851804998802302,0.00952207371020633,0.015742411926588987,0.021758966044594225,0.027468431354472564,0.032768201263406564,0.037551375738535356,0.041716988399532993,0.045174512748065866,0.04785244444174344,0.04970416155396969,0.05071336841806747,0.05089685269766449,0.05030515976041567,0.0490207765390746,0.04715431934478059,0.044839094255990274,0.04222461584351063,0.039469553258233835,0.03673448259371464,0.03417469415316936,0.031933205516093,0.030134141153400178,0.028876721227058137,0.028230207443255485,0.028230207443255415,0.02887672122705797,0.030134141153400015,0.0319332055160929,0.03417469415316933,0.036734482593714625,0.03946955325823377,0.042224615843510505,0.0448390942559903,0.047154319344780524,0.049020776539074655,0.050305159760415795,0.05089685269766447,0.050713368418067464,0.04970416155396971,0.04785244444174347,0.04517451274806585,0.04171698839953309,0.037551375738535564,0.03276820126340667,0.02746843135447276,0.021758966044594333,0.01574241192658918,0.009522073710206642,0.003185180499880282
0.003108992277633058,0.009290703697002472,0.015353945047454597,0.021217466452936855,0.026786346122444987,0.03196646045036235,0.03665950747416021,0.04077193043425886,0.04421888195509158,0.04693206962504018,0.04886535071714978,0.05000004767409135,0.050347946649010475,0.049952414517616256,0.0488872109021119,0.047253405545432545,0.045174658945791556,0.04279137108012899,0.04025409178489033,0.03771654798905229,0.035328530051213065,0.03322884243698576,0.031538532774044614,0.03035470355639709,0.02974529985632064,0.02974529985632066,0.03035470355639723,0.031538532774044684,0.033228842436986025,0.035328530051213086,0.03771654798905223,0.040254091784890006,0.04279137108012853,0.045174658945790945,0.04725340554543206,0.048887210902111636,0.04995241451761609,0.05034794664901039,0.05000004767409129,0.04886535071714972,0.04693206962504007,0.04421888195509161,0.04077193043425885,0.036659507474160295,0.03196646045036222,0.02678634612244514,0.021217466452936977,0.015353945047454666,0.009290703697002644,0.003108992277633223
0.0030412375545123952,0.00908412949411739,0.015005362472161827,0.020729084605113687,0.02616802383204244,0.03123587737679655,0.03584239822515076,0.03990111960943689,0.04333283248883448,0.04607271905414222,0.048075649865288575,0.04932134833152949,0.0498175356924571,0.04960141209349336,0.048739002818469525,0.047322706281234375,0.04546721770312461,0.04330425215130186,0.04097639689406289,0.038630425402121964,0.036410313726738315,0.03445020027341432,0.03286755274167638,0.03175688894112115,0.03118447837921442,0.031184478379214474,0.03175688894112114,0.03286755274167654,0.03445020027341444,0.03641031372673839,0.03863042540212197,0.040976396894062676,0.043304252151301466,0.04546721770312408,0.04732270628123407,0.04873900281846932,0.049601412093493266,0.04981753569245683,0.04932134833152947,0.048075649865288436,0.046072719054142224,0.04333283248883437,0.039901119609436916,0.03584239822515091,0.031235877376796613,0.02616802383204246,0.02072908460511375,0.015005362472161941,0.009084129494117441,0.003041237554512497
0.0029810734520272454,0.008899960127556825,0.014693011303718568,0.020289241131179,0.025608347447888518,0.030571218721596207,0.03509512226953352,0.03910033885570326,0.04251318917972992,0.045272502535114834,0.047334592092288054,0.048678239279227396,0.049307924906360726,0.04925558738312001,0.04858042284595504,0.04736697512312922,0.04572162965153278,0.04376785763655314,0.04164049052234947,0.03947932733701901,0.037422322185339356,0.03559861476871709,0.034121706656725224,0.033083165091468636,0.032547303212963674,0.03254730321296374,0.0330831650914686,0.03412170665672522,0.035598614768717195,0.03742232218533941,0.03947932733701898,0.04164049052234917,0.04376785763655272,0.045721629651532376,0.047366975123128784,0.04858042284595478,0.04925558738311969,0.049307924906360566,0.04867823927922719,0.04733459209228802,0.04527250253511483,0.042513189179729835,0.039100338855702965,0.03509512226953318,0.030571218721595888,0.025608347447888216,0.020289241131178748,0.01469301130371854,0.008899960127556897,0.0029810734520272627
0.0029277171003350604,0.008735962430169088,0.014413452188915429,0.019893582058456264,0.025102389808962587,0.029967364356440193,0.03441275758829745,0.0383652392779268,0.04175650568866269,0.04452912537184783,0.04664119070325289,0.04807108963547638,0.04882077614773277,0.04891773293091443,0.0484151471161189,0.04739046513212715,0.0459423894328711,0.044186594654024,0.04225040207452689,0.04026668592025035,0.03836726279927645,0.03667604419078031,0.03530228226104202,0.034334317300672414,0.03383429056864552,0.033834290568645634,0.03433431730067238,0.03530228226104213,0.03667604419078033,0.03836726279927648,0.04026668592025028,0.042250402074526856,0.044186594654024004,0.04594238943287105,0.04739046513212715,0.04841514711611895,0.048917732930914545,0.048820776147732795,0.048071089635476474,0.046641190703252886,0.044529125371847986,0.041756505688662834,0.038365239277926975,0.03441275758829745,0.029967364356440197,0.025102389808962688,0.0198935820584564,0.01441345218891547,0.00873596243016907,0.0029277171003349845
0.0028804444081916374,0.00859006157752138,0.014163466404246277,0.019537997268877644,0.024645449772151714,0.029419360955108144,0.03379045753704184,0.03769143021550035,0.041059163130184075,0.04383999312830682,0.04599404371233203,0.04749976343042271,0.04835719111054678,0.04859006504966733,0.04824630276536172,0.04739695138436281,0.046133625366523795,0.044564650052973186,0.04281011262411274,0.0409960702074136,0.039248164863948644,0.037684939021707234,0.03641120115356498,0.03551186640529173,0.03504674519075281,0.03504674519075277,0.0355118664052918,0.03641120115356501,0.03768493902170731,0.03924816486394861,0.04099607020741364,0.042810112624112794,0.044564650052973415,0.04613362536652402,0.04739695138436279,0.04824630276536161,0.048590065049667154,0.04835719111054648,0.04749976343042254,0.04599404371233177,0.04383999312830663,0.04105916313018395,0.03769143021550013,0.03379045753704162,0.029419360955107776,0.02464544977215142,0.0195379972688775,0.014163466404246245,0.008590061577521306,0.002880444408191482
0.0028385884788067277,0.008460338869936246,0.013940058649360819,0.019218631820874174,0.024233076705506295,0.02892246332061645,0.03322350751529476,0.03707455225235192,0.04041745575542563,0.04320230309773658,0.045391428256254085,0.04696370949904743,0.04791779125784642,0.048274290023593854,0.04807651629830704,0.04738975806322126,0.04629910320617594,0.0449059692414773,0.04332350788520426,0.041671113812731156,0.0400682832992288,0.03862812486198503,0.03745088499860022,0.03661792273695967,0.03618660861390169,0.03618660861390169,0.036617922736959616,0.03745088499860025,0.03862812486198502,0.04006828329922859,0.041671113812731024,0.04332350788520429,0.04490596924147741,0.04629910320617607,0.047389758063221404,0.048076516298307045,0.04827429002359377,0.047917791257846294,0.04696370949904737,0.04539142825625412,0.04320230309773652,0.040417455755425435,0.0370745522523517,0.033223507515294654,0.028922463320616286,0.024233076705506208,0.019218631820874008,0.013940058649360819,0.008460338869936312,0.002838588478806772
0.0028015378062470416,0.008345027908641318,0.013740455890310433,0.0189318917479387,0.023861086127256157,0.028472163926690233,0.032707369400338845,0.03651033534618587,0.03982766237533263,0.04261312389813843,0.044831383776788414,0.046462043865466235,0.047502793402609815,0.04797166843331553,0.047907962722756096,0.047371788908351614,0.04644223506879827,0.04521424211368013,0.04379434003338489,0.04229545305282324,0.04083101472988991,0.039508698776856074,0.03842413615318775,0.03765505603124668,0.03725632303814736,0.03725632303814738,0.03765505603124683,0.038424136153187856,0.039508698776856324,0.04083101472988991,0.04229545305282326,0.043794340033385164,0.04521424211368031,0.04644223506879844,0.04737178890835173,0.04790796272275599,0.047971668433315205,0.047502793402609524,0.046462043865465937,0.04483138377678823,0.04261312389813833,0.039827662375332515,0.03651033534618563,0.032707369400338464,0.02847216392668979,0.02386108612725589,0.018931891747938513,0.01374045589031033,0.00834502790864131,0.0028015378062471027
0.0027687340175108653,0.00824250977264587,0.013562103224706698,0.01867444487724516,0.02352556862873399,0.028064212567729424,0.03223771460001375,0.0359946447462933,0.03928610417367073,0.04206946299907723,0.04431178456585375,0.04599362328199291,0.04711207946879245,0.04768307637225619,0.0477424140700212,0.047345559627214345,0.046566092758927924,0.04549289536499938,0.044226198046075194,0.042872675388459104,0.041539825407849694,0.04032993905667283,0.0393340327016919,0.038626180330030575,0.03825871080216312,0.038258710802163115,0.03862618033003068,0.0393340327016921,0.04032993905667298,0.041539825407849965,0.04287267538845931,0.04422619804607542,0.045492895364999376,0.046566092758928083,0.04734555962721456,0.047742414070021354,0.04768307637225623,0.047112079468792555,0.04599362328199292,0.04431178456585375,0.04206946299907714,0.03928610417367077,0.03599464474629338,0.0322377146000139,0.028064212567729663,0.0235255686287341,0.018674444877245216,0.013562103224706856,0.008242509772646138,0.00276873401751097
0.002739669383583245,0.00815130735480972,0.013402657833751932,0.018443217659903168,0.023222893123897054,0.02769462836185694,0.031810447062084045,0.035523516092657886,0.03878919081470016,0.041568322445848106,0.043830401963435364,0.04555710987450732,0.04674525951869447,0.047409062502289975,0.04758128633406046,0.04731323116591193,0.04667342447162902,0.045745090429173636,0.044622485822152426,0.04340627758441329,0.04219819041743086,0.04109522776521766,0.04018383741496742,0.039534453298728865,0.03919686887364608,0.03919686887364614,0.03953445329872896,0.04018383741496754,0.0410952277652177,0.04219819041743096,0.043406277584413434,0.04462248582215266,0.045745090429173706,0.04667342447162907,0.047313231165911955,0.04758128633406026,0.04740906250228991,0.046745259518694446,0.04555710987450731,0.04383040196343535,0.041568322445847974,0.03878919081470017,0.035523516092657983,0.031810447062084204,0.02769462836185694,0.023222893123896932,0.01844321765990303,0.013402657833751932,0.008151307354809692,0.0027396693835832105
0.0027138841732829056,0.00807007884225212,0.013259981346364457,0.018235389030606168,0.022949705266038494,0.027359705472965942,0.03142171809337451,0.03509318083394824,0.03833345635458422,0.04110674394873491,0.04338495655075472,0.045151027128711434,0.04640172781281052,0.047149900282630296,0.04742568401158302,0.04727664298607326,0.046766673904344185,0.045973726180980064,0.04498640717936264,0.04389963273525042,0.04280954348265523,0.04180798522450614,0.040976919785374384,0.04038318939703974,0.040074077498282845,0.04007407749828297,0.04038318939703993,0.04097691978537432,0.0418079852245063,0.04280954348265547,0.0438996327352507,0.04498640717936282,0.04597372618098028,0.04676667390434431,0.04727664298607332,0.0474256840115832,0.047149900282630774,0.04640172781281101,0.04515102712871171,0.043384956550754895,0.041106743948735106,0.03833345635458431,0.0350931808339484,0.0314217180933747,0.027359705472966043,0.02294970526603872,0.01823538903060648,0.013259981346364568,0.008070078842252285,0.0027138841732830556
0.0026909640340294703,0.007997610779457199,0.013132130975575203,0.018048382095424483,0.022702922178320605,0.02705601358184344,0.0310679345571763,0.03470008347859026,0.03791558614068138,0.04068184463865854,0.04297316113175668,0.04477380758362777,0.046080711990967714,0.046905635110579956,0.047276441654196553,0.047237345639128805,0.04684800093966886,0.046181445491962785,0.045320956822880995,0.04435596520113362,0.043377236439338454,0.042471615549832246,0.041716690192982284,0.041175786004810706,0.04089372211257948,0.04089372211257966,0.04117578600481082,0.041716690192982284,0.04247161554983231,0.04337723643933843,0.044355965201133614,0.045320956822881134,0.046181445491963014,0.04684800093966918,0.04723734563912887,0.04727644165419685,0.046905635110580116,0.046080711990967686,0.044773807583627645,0.04297316113175674,0.04068184463865861,0.037915586140681475,0.03470008347859009,0.031067934557176238,0.02705601358184344,0.02270292217832075,0.018048382095424687,0.013132130975575168,0.00799761077945722,0.0026909640340294257
0.002670537196831107,0.007932810773185011,0.013017349649986541,0.01787985399474442,0.02247972433007285,0.026780394090019383,0.030745761543656446,0.034340892112557315,0.0375324359369595,0.040290844613884554,0.04259275548850142,0.0444238328245587,0.04578131563610141,0.04667612634912423,0.047134162104606754,0.047196632070736065,0.04691930318566133,0.04637064477102043,0.045628916373830306,0.044778332492192326,0.04390450733185953,0.04308946225459471,0.04240654522023685,0.04191566143952519,0.041659227550395084,0.04165922755039509,0.041915661439525194,0.04240654522023693,0.04308946225459484,0.043904507331859584,0.044778332492192284,0.04562891637383021,0.04637064477102044,0.04691930318566121,0.04719663207073605,0.04713416210460688,0.04667612634912468,0.04578131563610156,0.04442383282455889,0.042592755488501235,0.0402908446138845,0.037532435936959437,0.03434089211255732,0.03074576154365649,0.026780394090019526,0.022479724330073156,0.017879853994744854,0.013017349649986852,0.007932810773185242,0.002670537196831338
0.002652271753609001,0.007874700109443836,0.012914055635020873,0.017727684500724504,0.022277545273621083,0.026529953080771735,0.030452120565450724,0.034012503383135,0.03718104455445364,0.03993108737892337,0.042241533886095535,0.0440994665159992,0.04550255464513348,0.04646108436693804,0.04699925127946976,0.04715556724660517,0.04698223777344029,0.046543485728303635,0.04591285456695843,0.04516961314968448,0.04439445612372555,0.04366477286803153,0.043049823070496374,0.042606203801445176,0.04237400347782345,0.04237400347782343,0.042606203801445135,0.043049823070496304,0.04366477286803148,0.044394456123725494,0.04516961314968449,0.04591285456695849,0.04654348572830367,0.04698223777344003,0.04715556724660487,0.046999251279469384,0.046461084366937806,0.0455025546451332,0.04409946651599884,0.04224153388609505,0.03993108737892306,0.03718104455445348,0.03401250338313478,0.030452120565450647,0.026529953080771714,0.022277545273621007,0.017727684500724542,0.01291405563502081,0.00787470010944391,0.0026522717536090097
0.002635872805598265,0.007822406117250871,0.012820831659865788,0.017589963617520573,0.02209405965687724,0.026302051720848468,0.030184184180922693,0.033712042922236965,0.0368586410833471,0.0396000542395803,0.04191736625558155,0.04379908123633907,0.04524338793162655,0.046260102836321294,0.04687194948573809,0.04711501583599943,0.04703824292384507,0.04670190870558523,0.04617513080418243,0.0455324997047591,0.04485002704803163,0.0442006715186191,0.043649768016146416,0.04325072958074739,0.04304139995723187,0.04304139995723171,0.04325072958074739,0.043649768016146326,0.04420067151861903,0.044850027048031385,0.04553249970475893,0.04617513080418212,0.04670190870558504,0.047038242923845015,0.04711501583599936,0.04687194948573779,0.046260102836321294,0.04524338793162675,0.04379908123633895,0.04191736625558121,0.03960005423957997,0.03685864108334677,0.03371204292223695,0.030184184180922703,0.026302051720848485,0.022094059656877173,0.017589963617520497,0.012820831659865783,0.007822406117250972,0.0026358728055983125
0.0026210798071537424,0.007775154662762112,0.012736413939275939,0.017464978681431414,0.02192717011895305,0.026094294793180872,0.029939367903525346,0.033436862151250274,0.03656264770714221,0.039295373651193656,0.041618213960433775,0.043521079870247587,0.04500274302568711,0.04607268662192117,0.04675235935318863,0.04707566780433042,0.04708855890868585,0.0468476470103192,0.04641790134829912,0.04586949586642241,0.04527399665995237,0.044700138484851035,0.04420950282492264,0.04385245095364299,0.043664672055519195,0.04366467205551898,0.043852450953642944,0.044209502824922566,0.044700138484851014,0.04527399665995231,0.045869495866422284,0.04641790134829913,0.04684764701031923,0.047088558908685754,0.04707566780433019,0.04675235935318838,0.04607268662192096,0.045002743025686846,0.043521079870247135,0.041618213960433505,0.039295373651193385,0.03656264770714185,0.03343686215124992,0.029939367903525103,0.026094294793180563,0.021927170118952823,0.017464978681431192,0.012736413939275805,0.0077751546627621605,0.002621079807153736
0.0026076637505704644,0.007732262528303663,0.012659680970400695,0.017351200997599875,0.021774993319995665,0.025904517781439314,0.02971531998461121,0.033184532213718775,0.036290678918437694,0.03901482637241716,0.04134214096860019,0.04326391227557241,0.04477953713216539,0.04589827563248036,0.046640470536506565,0.04703806185067962,0.047134248133765884,0.046982241786025926,0.04664312753088721,0.046182917177740895,0.045668966717023245,0.04516599576795036,0.04473200816184088,0.04441445072267936,0.04424695244269692,0.044246952442696746,0.044414450722679286,0.04473200816184088,0.04516599576795045,0.04566896671702338,0.04618291717774095,0.046643127530887084,0.046982241786025815,0.04713424813376601,0.047038061850679616,0.04664047053650658,0.045898275632480376,0.04477953713216522,0.04326391227557222,0.04134214096860015,0.03901482637241679,0.03629067891843754,0.03318453221371859,0.029715319984611077,0.025904517781439186,0.02177499331999563,0.01735120099759978,0.012659680970400659,0.007732262528303731,0.002607663750570513
0.0025954246433804898,0.0076931301321305195,0.012589642578158665,0.01724727248276397,0.021635845608248355,0.02573077308168695,0.029509909704791136,0.032952835749351046,0.036040537906893266,0.038756347206310125,0.04108732118590027,0.043026087903548296,0.044572694197922084,0.045736265024616696,0.0465361813900539,0.04700260669325519,0.04717621415395945,0.04710705704505251,0.04685258543503897,0.046474894464483614,0.04603736109533824,0.04560089780377862,0.045220108022040614,0.04493966391296504,0.04479123097162535,0.044791230971625316,0.04493966391296513,0.04522010802204063,0.04560089780377864,0.04603736109533831,0.046474894464483496,0.046852585435038625,0.047107057045052275,0.04717621415395923,0.04700260669325486,0.046536181390053784,0.04573626502461658,0.04457269419792181,0.043026087903547984,0.04108732118589986,0.038756347206309806,0.03604053790689303,0.03295283574935072,0.029509909704790917,0.025730773081686645,0.02163584560824801,0.01724727248276362,0.012589642578158531,0.0076931301321303755,0.002595424643380394
0.0025841887833000766,0.007657234165718708,0.012525428926008709,0.017151992201542683,0.0215082283728965,0.02557131556123495,0.029321214545949107,0.032739757002974886,0.03581021071136887,0.038518023971720945,0.0408520425963709,0.042806184974353956,0.04438115849986615,0.04558602213982385,0.04643931784145917,0.04696960025528062,0.04721521949576596,0.04722329456947112,0.04704787659857086,0.04674737948211398,0.046381426031808545,0.046007326506466086,0.0456764603165859,0.045430865101213344,0.045300340290034026,0.045300340290033964,0.04543086510121342,0.04567646031658601,0.04600732650646613,0.04638142603180867,0.04674737948211391,0.047047876598570834,0.04722329456947097,0.0472152194957658,0.04696960025528061,0.046439317841459146,0.0455860221398238,0.04438115849986613,0.04280618497435393,0.04085204259637079,0.038518023971720834,0.035810210711368785,0.03273975700297477,0.029321214545948944,0.025571315561234747,0.02150822837289623,0.017151992201542562,0.012525428926008516,0.007657234165718479,0.002584188783299987
0.0025738064603104895,0.007624120767460562,0.012466280057683805,0.017064303313750587,0.021390813571517137,0.025424587948792716,0.029147506754592566,0.03254347081329767,0.035597858715263074,0.03829809430574219,0.04063470880360412,0.04260285676192865,0.04420390523394165,0.045446900547202414,0.046349649703348844,0.046939246841048034,0.04725190221751807,0.04733200845282816,0.04723043936115975,0.047002152247054146,0.04670323306082125,0.04638758991530136,0.04610355180748188,0.0458906606240384,0.04577694660608583,0.04577694660608592,0.04589066062403839,0.046103551807482074,0.04638758991530139,0.0467032330608213,0.047002152247054174,0.04723043936115981,0.04733200845282819,0.047251902217517974,0.0469392468410478,0.046349649703348685,0.04544690054720213,0.04420390523394144,0.04260285676192837,0.040634708803604126,0.038298094305742006,0.035597858715262866,0.032543470813297476,0.02914750675459233,0.025424587948792446,0.021390813571516735,0.017064303313750234,0.012466280057683358,0.007624120767460221,0.0025738064603102926
0.002564149365096111,0.007593398604326954,0.01241153548918035,0.016983280130534472,0.021282429309508605,0.0252892060939354,0.028987239478282127,0.032362330784353785,0.03540180987874801,0.03809494075195025,0.040433838454294976,0.042414835458080065,0.04403994852816934,0.045318251535704235,0.04626690465941804,0.04691167241203466,0.047286791178609636,0.047434119111047494,0.04740156054523578,0.047240829612278094,0.0470046840893261,0.04674382379296265,0.046503696664531025,0.04632148488611353,0.04622354480264665,0.046223544802646614,0.046321484886113505,0.046503696664531,0.04674382379296259,0.04700468408932605,0.04724082961227808,0.04740156054523582,0.0474341191110474,0.047286791178609684,0.046911672412034616,0.046266904659418,0.0453182515357042,0.044039948528169115,0.04241483545808001,0.0404338384542948,0.03809494075195024,0.035401809878748004,0.03236233078435377,0.028987239478282065,0.025289206093935236,0.021282429309508376,0.01698328013053434,0.012411535489180107,0.00759339860432688,0.0025641493650960237
0.002555108587281125,0.007564732700920122,0.012360624592140119,0.016908115900814338,0.021182045998675087,0.025163944563250804,0.028839032912544735,0.03219485707406219,0.0352205491525023,0.03790708458901281,0.04024806299854079,0.04224093405159099,0.04388834727232908,0.0451994333811378,0.04619078015960202,0.04688693808863699,0.047320320022003017,0.0475304266385729,0.04756238721858615,0.04746487471383469,0.04728751812635524,0.047077995596734715,0.04687903799170255,0.0467256000645316,0.046642457170406736,0.04664245717040673,0.04672560006453167,0.046879037991702614,0.04707799559673467,0.047287518126355156,0.04746487471383472,0.047562387218586154,0.0475304266385729,0.047320320022003017,0.04688693808863673,0.04619078015960186,0.04519943338113771,0.043888347272328904,0.042240934051590934,0.04024806299854068,0.037907084589012645,0.03522054915250207,0.032194857074061924,0.028839032912544454,0.02516394456325064,0.021182045998674914,0.016908115900814074,0.012360624592139987,0.007564732700920068,0.0025551085872812076
0.0025465921756429592,0.007537838089078279,0.012313057025060862,0.01683811080288597,0.021088762774888793,0.02504772243542996,0.028701660473836425,0.032039723938476525,0.035052708306659255,0.03773317870038885,0.0400761231264045,0.042080046572447995,0.04374820909647563,0.04508981867513779,0.04612095344274116,0.046865052006725555,0.0473528398954952,0.04762162342282324,0.04771393833598098,0.04767560697324608,0.047553319248474384,0.0473919103141045,0.04723155174288392,0.04710509857960492,0.04703583510436496,0.04703583510436495,0.04710509857960493,0.04723155174288398,0.04739191031410463,0.04755331924847441,0.04767560697324613,0.04771393833598109,0.0476216234228233,0.04735283989549518,0.0468650520067256,0.0461209534427412,0.0450898186751378,0.04374820909647582,0.042080046572448064,0.04007612312640455,0.03773317870038877,0.03505270830665912,0.03203972393847643,0.028701660473836536,0.025047722435430086,0.02108876277488904,0.01683811080288602,0.012313057025060933,0.007537838089078383,0.0025465921756430854
0.0025385235026804637,0.007512474440448931,0.012268414208196122,0.01677266094103461,0.02100179480607021,0.024939589799823077,0.028574035420207446,0.03189574740816026,0.03489705553246084,0.037571999837212426,0.03991686422927929,0.04193114703892145,0.04361869281165702,0.044988799987581714,0.046057089898327505,0.046845979663937845,0.047384630956033263,0.04770830596144362,0.04785711610021781,0.04787421239300049,0.047803525442116725,0.04768721771926277,0.04756305251554946,0.04746190777311787,0.04740566318022666,0.04740566318022651,0.04746190777311789,0.04756305251554949,0.047687217719262785,0.047803525442116676,0.04787421239300043,0.0478571161002177,0.04770830596144361,0.04738463095603313,0.046845979663937796,0.046057089898327526,0.044988799987581755,0.043618692811657124,0.04193114703892145,0.03991686422927931,0.03757199983721212,0.034897055532460496,0.03189574740816018,0.028574035420207335,0.024939589799822998,0.021001794806070187,0.016772660941034676,0.012268414208196101,0.00751247444044891,0.0025385235026804337
0.00253083896905554,0.007488440344513181,0.01222634074036192,0.016711247528080463,0.02092046093382758,0.024838714625861333,0.028455197769753426,0.031761873088459854,0.03475248491458109,0.03742244044877333,0.03976923111036927,0.04179328735691187,0.043499009563989235,0.04489579409290143,0.04599884995608126,0.04682965288444171,0.04741591271061394,0.04779098584968783,0.04799271691783892,0.048061753927481805,0.04803943801689913,0.047965420666522804,0.04787520077497566,0.04779779630199845,0.0477537650956986,0.047753765095698404,0.047797796301998464,0.04787520077497566,0.04796542066652287,0.0480394380168993,0.04806175392748182,0.04799271691783913,0.04779098584968812,0.04741591271061402,0.04682965288444188,0.045998849956081465,0.04489579409290175,0.0434990095639894,0.04179328735691196,0.03976923111036924,0.03742244044877333,0.03475248491458124,0.031761873088459944,0.028455197769753516,0.02483871462586143,0.02092046093382753,0.01671124752808045,0.012226340740361923,0.007488440344513167,0.0025308389690555525
0.0025234867986244206,0.007465568854179674,0.012186537128746245,0.016653427327360026,0.020844172460337696,0.024744370609290547,0.028344301975925468,0.03163716444998061,0.034618006088312094,0.03728350036857588,0.039632262219354224,0.0416655944363878,0.04338842295130858,0.044810244983481115,0.04594589468716501,0.04681597753267751,0.047446853258323256,0.047870099926437565,0.04812144185580256,0.048239181751905585,0.04826223133219152,0.048227884091193905,0.048169511121066606,0.04811438181809535,0.04808181102593795,0.04808181102593787,0.04811438181809527,0.048169511121066405,0.04822788409119384,0.04826223133219133,0.048239181751905655,0.04812144185580243,0.04787009992643755,0.04744685325832344,0.04681597753267771,0.045945894687165006,0.04481024498348124,0.043388422951308646,0.041665594436387836,0.03963226221935403,0.03728350036857578,0.0346180060883121,0.031637164449980555,0.028344301975925426,0.024744370609290547,0.020844172460337616,0.016653427327359895,0.012186537128746186,0.00746556885417953,0.002523486798624367
0.0025164248465005213,0.007443722385718198,0.01214875223625647,0.01659882314072582,0.02077242221762952,0.024655925427584127,0.028240605026923292,0.031520791453393766,0.03449273405516472,0.03715427842182411,0.039505083539644124,0.04154726669123557,0.04328624828498681,0.04473162584920007,0.04589789027425852,0.046804840094754566,0.04747757749937492,0.047946019580732385,0.048243906529645574,0.048407343285753336,0.04847296262152403,0.048475844437605255,0.04844736126423315,0.04841313956270379,0.04839132600215536,0.04839132600215533,0.04841313956270369,0.048447361264233164,0.048475844437605206,0.04847296262152397,0.04840734328575331,0.04824390652964565,0.04794601958073257,0.04747757749937521,0.04680484009475475,0.045897890274258744,0.04473162584920009,0.04328624828498688,0.04154726669123575,0.0395050835396444,0.03715427842182424,0.034492734055164884,0.03152079145339379,0.028240605026923424,0.024655925427584154,0.02077242221762952,0.016598823140725777,0.012148752236256386,0.0074437223857182384,0.0025164248465004407
0.0025096198903194187,0.007422789251502306,0.012112777358926624,0.01654711582198213,0.02070477501298904,0.024572830189102172,0.028143455525756256,0.03141201991284617,0.03437587946771936,0.03703396421232635,0.03938690235838721,0.041437570137048185,0.04319185119821308,0.044659440206829625,0.04585451150805854,0.0467961132483413,0.047508174384499405,0.04801905923545175,0.048360650376566755,0.04856699285811211,0.04867258173779663,0.04871041927881057,0.04871000142668085,0.048695411557891026,0.04868369897758339,0.048683698977583414,0.04869541155789094,0.0487100014266807,0.048710419278810285,0.048672581737796504,0.0485669928581121,0.04836065037656667,0.048019059235451814,0.047508174384499426,0.04679611324834126,0.04585451150805846,0.04465944020682944,0.04319185119821292,0.041437570137048095,0.03938690235838734,0.03703396421232637,0.034375879467719354,0.031412019912846166,0.028143455525756235,0.024572830189102148,0.02070477501298899,0.016547115821982126,0.01211277735892658,0.007422789251502379,0.002509619890319444
0.0025030454637622736,0.007402679107450096,0.012078439652838958,0.016498036062596873,0.020640858179213347,0.02449460920665613,0.028052283197225587,0.03131020127750316,0.034266739230190926,0.036921830052465125,0.03927700096271597,0.041335834181809986,0.04310464572468237,0.044593222313093206,0.045815444436962,0.04678966052564467,0.04753870327394766,0.048089484031413866,0.04847214528325558,0.04871880092763175,0.0488619406753937,0.048932616932306196,0.0489585639305017,0.04896241612531418,0.04896019229551948,0.04896019229551927,0.04896241612531416,0.04895856393050171,0.048932616932306,0.04886194067539354,0.04871880092763161,0.04847214528325557,0.04808948403141381,0.0475387032739476,0.04678966052564461,0.045815444436962026,0.044593222313093164,0.04310464572468237,0.04133583418180997,0.03927700096271598,0.036921830052465215,0.03426673923019126,0.031310201277503356,0.02805228319722567,0.024494609206656182,0.020640858179213385,0.0164980360625968,0.012078439652839047,0.007402679107450185,0.002503045463762241
0.002496681720058966,0.007383320526935631,0.012045597599897784,0.016451358019663503,0.020580353744627404,0.024420851160823702,0.027966589550000313,0.03121476332795026,0.034164687763454334,0.03681722329632414,0.039174730472890835,0.04124144729349873,0.043024092015464796,0.04453253701472015,0.04578038830494151,0.0467853401790794,0.04756919948205169,0.048157516746396525,0.04857880355558848,0.04886336279374094,0.049041802755768735,0.049143345912395116,0.04919407277502586,0.0492152575076413,0.0492219513202862,0.0492219513202863,0.049215257507641164,0.04919407277502576,0.049143345912394644,0.04904180275576842,0.04886336279374066,0.04857880355558817,0.04815751674639639,0.04756919948205156,0.04678534017907908,0.04578038830494125,0.044532537014720035,0.04302409201546474,0.04124144729349868,0.03917473047289083,0.03681722329632415,0.034164687763454264,0.031214763327950156,0.02796658955000032,0.02442085116082355,0.020580353744627276,0.016451358019663236,0.012045597599897661,0.007383320526935407,0.0024966817200589384
0.0024905131691683505,0.007364656854289356,0.012014135276519476,0.016406892286673847,0.02052299039460318,0.024351200381896407,0.027885938856639647,0.03112520126718359,0.03406916863744253,0.03671955893296445,0.039079504773334314,0.04115385257378433,0.04294969376523538,0.04447697912834724,0.045749056875436164,0.04678300833818028,0.04759967907448635,0.04822334398494902,0.04868098522761892,0.04900120675412249,0.04921285138857758,0.04934342409145537,0.04941745304236632,0.04945493540754628,0.04947001403355108,0.04947001403355125,0.04945493540754638,0.049417453042366354,0.04934342409145536,0.04921285138857748,0.04900120675412239,0.048680985227618934,0.04822334398494914,0.047599679074486506,0.04678300833818045,0.04574905687543637,0.04447697912834741,0.042949693765235435,0.04115385257378439,0.039079504773334287,0.036719558932964455,0.03406916863744244,0.031125201267183645,0.027885938856639664,0.024351200381896247,0.020522990394602977,0.016406892286673743,0.012014135276519441,0.007364656854289236,0.0024905131691683852
0.002484529213942944,0.007346644873311024,0.011983959222015261,0.01636448112615292,0.020468537353656273,0.02428534973552191,0.02780995044884643,0.03104106986336762,0.03397968700539034,0.036628312736294945,0.03899079475770528,0.04107254340968506,0.042880995495197034,0.04442617248165583,0.0457211792578854,0.046782521556292804,0.04763014299315479,0.048287121684397555,0.04877900472082045,0.049132801682048685,0.04937569834438651,0.04953358747131975,0.049629540003197664,0.04968235429532449,0.049705320436070365,0.04970532043607053,0.049682354295324506,0.04962954000319768,0.04953358747131954,0.04937569834438657,0.04913280168204866,0.048779004720820515,0.04828712168439749,0.04763014299315483,0.04678252155629283,0.0457211792578854,0.04442617248165571,0.04288099549519709,0.041072543409684956,0.038990794757705206,0.03662831273629479,0.03397968700539023,0.031041069863367368,0.027809950448846227,0.024285349735521804,0.0204685373536561,0.016364481126152824,0.011983959222015192,0.00734664487331093,0.002484529213942847
0.002478721617318023,0.007329250858416716,0.01195499333291356,0.01632399242478548,0.02041679759002022,0.024223033293058863,0.02773829111300357,0.03096197586703039,0.033895802367312364,0.036543014706329924,0.038908122760920254,0.040997059166319134,0.04281757971306999,0.044379768669683566,0.045696500306519484,0.04678373881817271,0.047660580569834736,0.0483489799790044,0.0488731368696321,0.04925856400966992,0.04953089149392165,0.049714498490374834,0.04983108782355538,0.04989833236794598,0.04992872162824723,0.049928721628247304,0.04989833236794608,0.049831087823555595,0.04971449849037478,0.04953089149392182,0.04925856400966995,0.048873136869632246,0.04834897997900415,0.0476605805698347,0.04678373881817274,0.045696500306519415,0.044379768669683566,0.04281757971307,0.040997059166319134,0.038908122760920115,0.036543014706329834,0.033895802367312274,0.03096197586703025,0.02773829111300342,0.024223033293058797,0.020416797590020092,0.016323992424785327,0.011954993332913538,0.007329250858416793,0.002478721617318175
0.0024730858545639785,0.007312450416084494,0.011927177151515936,0.01628531650099903,0.020367603354596805,0.02416402088307222,0.027670668984605278,0.03088757160990739,0.03381712224324781,0.03646324317541697,0.0388310574276462,0.04092698109966886,0.042759064090122555,0.044337445644169596,0.04567478069416057,0.046786523097012166,0.047690972500385884,0.048409027473574076,0.048963622340455655,0.04937886411784033,0.04967892198737629,0.04988675381455918,0.050022777799447464,0.050103610070868144,0.050140988472709334,0.05014098847270944,0.050103610070868214,0.05002277779944743,0.04988675381455914,0.0496789219873763,0.049378864117840184,0.04896362234045565,0.048409027473573875,0.04769097250038564,0.04678652309701178,0.04567478069416027,0.044337445644169415,0.04275906409012251,0.040926981099668816,0.03883105742764591,0.03646324317541668,0.03381712224324758,0.030887571609907166,0.027670668984605084,0.024164020883072033,0.020367603354596798,0.016285316500999056,0.011927177151516023,0.00731245041608474,0.002473085854564116
0.0024676180720106765,0.00729622445429723,0.011900461096425513,0.016248360769070498,0.020320810382567417,0.024108111946711638,0.02760682721050744,0.030817548664424876,0.033743296056761296,0.03638861916364694,0.03875920878793047,0.040861928380525714,0.042705098623094656,0.04429890615082162,0.045655796702223875,0.046790742513243964,0.04772129333153551,0.04846735496939612,0.04905067247147096,0.04949403214029841,0.04982023086039195,0.05005089157838488,0.05020522606782249,0.05029885811831393,0.050342819767846374,0.050342819767846485,0.05029885811831402,0.05020522606782271,0.05005089157838509,0.049820230860392174,0.04949403214029855,0.04905067247147111,0.04846735496939619,0.04772129333153546,0.04679074251324385,0.04565579670222408,0.044298906150821715,0.042705098623094725,0.04086192838052571,0.03875920878793036,0.03638861916364695,0.03374329605676114,0.03081754866442481,0.027606827210507418,0.024108111946711697,0.02032081038256744,0.01624836076907065,0.011900461096425737,0.007296224454297428,0.0024676180720109306
0.002462317466145668,0.007280560330256376,0.011874806225626264,0.01621304810709544,0.020276295027249657,0.024055131670676175,0.027546539360656225,0.030751632842276763,0.03367401003501944,0.036318801486261904,0.038692223856987534,0.04080155443806495,0.0426553629283795,0.044263876128189356,0.04563933982108581,0.04679627117558049,0.047751513527960615,0.04852403869608606,0.04913447357054254,0.049604363201465065,0.04995521506743244,0.050207398059164896,0.05037899076215772,0.0504846849694207,0.05053484988399452,0.05053484988399452,0.05048468496942085,0.050378990762158106,0.050207398059165104,0.04995521506743254,0.049604363201465176,0.049134473570542465,0.048524038696086104,0.04775151352796066,0.04679627117558052,0.04563933982108593,0.04426387612818946,0.04265536292837943,0.04080155443806493,0.038692223856987513,0.03631880148626184,0.033674010035019436,0.03075163284227681,0.02754653936065624,0.02405513167067621,0.020276295027249657,0.016213048107095517,0.01187480622562632,0.007280560330256358,0.0024623174661456667
0.002457182410326552,0.007265447376198903,0.011850179438099335,0.01617931188656623,0.020233949149184166,0.02400492576139207,0.02748960414237994,0.03068957894031944,0.03360898212149902,0.03625348200169878,0.038629782402988866,0.04074554342985021,0.04260956357817687,0.04423210304167569,0.045625216172366014,0.04680298973636061,0.047781601159946646,0.04857914308892759,0.04921519070384975,0.04971012210946639,0.05008423295109368,0.050356713779793075,0.050544578596407264,0.05066164373541198,0.050717655832860135,0.05071765583286019,0.05066164373541205,0.050544578596407444,0.050356713779793186,0.05008423295109363,0.049710122109466355,0.04921519070384987,0.04857914308892788,0.04778160115994671,0.04680298973636071,0.04562521617236609,0.044232103041675845,0.04260956357817688,0.04074554342985018,0.03862978240298901,0.03625348200169892,0.03360898212149922,0.03068957894031962,0.02748960414238006,0.024004925761392387,0.02023394914918434,0.016179311886566575,0.0118501794380995,0.007265447376199196,0.0024571824103267735
0.0024522141704079316,0.007250879577319503,0.011826554839303548,0.016147095937569203,0.02019367881165951,0.023957358081779765,0.027435842233626877,0.030631167049815167,0.03354795804128218,0.03619238170136241,0.038571593311405666,0.04069360710439793,0.0425674316513843,0.04420335427353057,0.04561324584539593,0.04681078573676648,0.04781152327551135,0.048632723165232455,0.04929297101796936,0.0498115475355125,0.05020760916654118,0.050499239047887945,0.05070245087536016,0.05083023850868484,0.05089176375729804,0.050891763757298016,0.050830238508684865,0.05070245087536005,0.05049923904788792,0.050207609166541094,0.0498115475355124,0.04929297101796943,0.04863272316523263,0.04781152327551152,0.04681078573676668,0.04561324584539611,0.044203354273530684,0.04256743165138449,0.040693607104398004,0.03857159331140598,0.03619238170136276,0.03354795804128238,0.03063116704981524,0.027435842233626988,0.02395735808177986,0.02019367881165966,0.01614709593756944,0.011826554839303654,0.007250879577319787,0.0024522141704080144
0.002447411760258569,0.007236850186693042,0.011803908459716846,0.016116349528588942,0.020155399489261053,0.023912306027501235,0.027385091786738196,0.030576198182906727,0.033490707096860514,0.036135246766547044,0.038517391024430525,0.04064548175794393,0.04252872034028483,0.04417741549600777,0.045603262127313686,0.04681955375191227,0.04784124698327121,0.048684826532613454,0.04936794662838798,0.0499088557084417,0.050325639083311655,0.05063533894615651,0.05085302893942303,0.050990930116629515,0.051057654841452325,0.051057654841452256,0.050990930116629606,0.0508530289394231,0.05063533894615658,0.05032563908331177,0.049908855708441925,0.04936794662838824,0.048684826532613544,0.047841246983271246,0.04681955375191247,0.0456032621273138,0.04417741549600784,0.04252872034028487,0.04064548175794408,0.038517391024430664,0.0361352467665472,0.03349070709686063,0.030576198182906925,0.027385091786738237,0.023912306027501353,0.02015539948926101,0.01611634952858923,0.011803908459717074,0.00723685018669336,0.002447411760258715
0.002442777444241326,0.007223356291123142,0.011782221465575678,0.016087029055352024,0.02011903635556285,0.023869659629093046,0.02733720660417016,0.030524491800123177,0.03343701931593465,0.03608184558527857,0.038466932654048006,0.040600925645823426,0.04249320283412637,0.04415408916999231,0.045595110725796646,0.04682919541112491,0.04787074030769869,0.04873549508166879,0.0494402371193781,0.050002243662129284,0.05043859269501942,0.050765347797724195,0.050996699061727,0.051144141313761875,0.05121577065255993,0.051215770652559944,0.05114414131376182,0.05099669906172715,0.05076534779772434,0.05043859269501948,0.050002243662129416,0.0494402371193781,0.0487354950816688,0.0478707403076988,0.0468291954111249,0.04559511072579661,0.04415408916999237,0.042493202834126345,0.04060092564582356,0.03846693265404816,0.03608184558527849,0.03343701931593467,0.03052449180012334,0.027337206604170182,0.02386965962909295,0.020119036355562756,0.01608702905535204,0.01178222146557576,0.007223356291123242,0.0024427774442413166
0.002438309722113156,0.0072103919049400144,0.01176147382344489,0.01605909246723929,0.020084519378208595,0.02382931716525273,0.027292052130484114,0.030475882076063363,0.033386701946906516,0.036031965492197546,0.03841999502423299,0.04055971641262352,0.04246067023476394,0.04413319304120093,0.04558864892744399,0.046839619278888134,0.04789997282690836,0.048784766386523605,0.049509951684675445,0.05009189206650624,0.050546718066199904,0.050889573132769976,0.05113381682071676,0.051290261432731125,0.051366517933523106,0.05136651793352311,0.05129026143273104,0.05113381682071691,0.05088957313277015,0.050546718066200085,0.050091892066506355,0.0495099516846757,0.048784766386523654,0.04789997282690855,0.04683961927888817,0.045588648927444055,0.04413319304120088,0.042460670234763825,0.04055971641262363,0.03841999502423299,0.036031965492197615,0.03338670194690666,0.030475882076063537,0.027292052130484353,0.023829317165252984,0.020084519378208803,0.01605909246723952,0.011761473823445197,0.007210391904940128,0.002438309722113065
0.002434011265393808,0.007197954969919127,0.01174164976344682,0.0160325029382892,0.02005178532934217,0.023791185762586185,0.0272495049362654,0.030430216575164006,0.03333957760969873,0.03598541064398388,0.03837637248999318,0.040521649044455814,0.042430929803688885,0.04411455881611233,0.045583744808738794,0.046850740677961855,0.047928916155429026,0.048832674865121356,0.049577190954312615,0.05017796768273038,0.05065024435274486,0.05100829918927509,0.05126471097795035,0.05142965052165345,0.0515102728724938,0.05151027287249364,0.05142965052165344,0.05126471097795027,0.05100829918927523,0.050650244352745025,0.05017796768273042,0.04957719095431263,0.048832674865121294,0.047928916155429,0.04685074067796177,0.04558374480873877,0.044114558816112336,0.042430929803689024,0.040521649044455973,0.038376372489993316,0.035985410643984105,0.03333957760969902,0.03043021657516428,0.027249504936265666,0.02379118576258646,0.020051785329342344,0.01603250293828931,0.011741649763446925,0.00719795496991917,0.002434011265393653
0.0024298792084954386,0.007186038117984603,0.011722729656633533,0.016007222115776182,0.020020772249236984,0.02375517682315238,0.027209448857634617,0.030387352885661276,0.033295481281115515,0.03594199928832244,0.03833587448124156,0.040486533721668876,0.04240380318305854,0.04409803082055319,0.04558027639896557,0.04686248141184929,0.04795754426352795,0.048879252710908455,0.04964204853049943,0.05026062547117042,0.05074938442699397,0.05112178997942407,0.051389686892186884,0.051562642998168616,0.05164738487941425,0.051647384879414185,0.05156264299816869,0.05138968689218696,0.0511217899794241,0.050749384426994,0.05026062547117049,0.049642048530499513,0.048879252710908545,0.04795754426352808,0.04686248141184939,0.04558027639896586,0.044098030820553476,0.04240380318305865,0.040486533721669105,0.03833587448124175,0.035941999288322715,0.03329548128111565,0.03038735288566134,0.0272094488576349,0.023755176823152608,0.02002077224923739,0.016007222115776546,0.01172272965663386,0.0071860381179847865,0.002429879208495526
0.002425916439068252,0.007174638911639234,0.011704698364727206,0.01598321621500566,0.01999142345094496,0.023721208257485454,0.02717177582569009,0.030347158419136797,0.03325425939330223,0.035901562435810254,0.03829832397681629,0.0404541942840685,0.04237912500803778,0.04408346488697597,0.04557813094443364,0.04687476948286434,0.047985833700977865,0.04892453064900891,0.04970461227794285,0.05034001039337931,0.05084433714609049,0.05123029195847352,0.05150902950524473,0.05168955085476348,0.051778179903565605,0.05177817990356577,0.05168955085476361,0.05150902950524488,0.05123029195847374,0.05084433714609061,0.050340010393379556,0.049704612277943074,0.04892453064900903,0.0479858337009779,0.04687476948286447,0.04557813094443379,0.04408346488697624,0.04237912500803786,0.04045419428406864,0.03829832397681643,0.035901562435810414,0.03325425939330247,0.030347158419137106,0.027171775825690428,0.023721208257485756,0.019991423450945067,0.01598321621500574,0.011704698364727352,0.007174638911639513,0.002425916439068368
0.0024221180595777104,0.007163747184229421,0.01168753436672321,0.01596044729325629,0.01996368071344786,0.02368919922333134,0.027136381761886954,0.030309507109261676,0.033215767076104075,0.035863941484084345,0.03826355542760882,0.04042446643050191,0.0423567414006694,0.044070727182445604,0.045577204118277655,0.04688753872871266,0.04801376369494652,0.04896853851436955,0.04976496538256147,0.05041625893167459,0.0509352892927286,0.05133403632820933,0.051623005933257395,0.051810666449677904,0.051902963326688645,0.05190296332668882,0.05181066644967807,0.05162300593325769,0.051334036328209445,0.05093528929272871,0.050416258931674764,0.04976496538256155,0.04896853851436987,0.04801376369494666,0.04688753872871286,0.04557720411827787,0.04407072718244572,0.04235674140066936,0.04042446643050182,0.038263555427608946,0.035863941484084505,0.033215767076104345,0.030309507109261745,0.027136381761887075,0.02368919922333145,0.019963680713448024,0.015960447293256394,0.011687534366723401,0.007163747184229624,0.002422118059577795
0.0024184873294765866,0.007153359684651609,0.011671221938497301,0.01593888245855703,0.019937490742957656,0.023659074268656904,0.027103168890403182,0.030274280378488547,0.033179868190522745,0.03582898764705764,0.03823141384177111,0.040397196663750023,0.042336508934319714,0.04405969331920736,0.045577399376607784,0.046900728499798525,0.048041316201718434,0.049011305709379165,0.04982318722495045,0.050489500367327494,0.051022417226843884,0.05143324101247749,0.05173186770035919,0.051926264920219116,0.052022022468425876,0.05202202246842593,0.051926264920219296,0.05173186770035935,0.05143324101247763,0.05102241722684405,0.050489500367327814,0.04982318722495075,0.049011305709379324,0.04804131620171855,0.04690072849979864,0.045577399376608,0.0440596933192076,0.04233650893431987,0.040397196663750336,0.03823141384177152,0.03582898764705807,0.0331798681905229,0.030274280378488675,0.027103168890403227,0.023659074268656884,0.019937490742957937,0.01593888245855728,0.011671221938497586,0.007153359684651795,0.0024184873294768134
0.0024150167255763996,0.007143462508133681,0.011655736238023478,0.015918482124659277,0.019912796280599922,0.02363075676075184,0.027072040923455273,0.030241363553071342,0.033146432567766344,0.035796559741727706,0.038201752948938815,0.04037224074464192,0.042318293348452884,0.04405024733659522,0.04557862723264372,0.046914283256633584,0.04806847585510743,0.04905286152138018,0.04987935407143273,0.05055985783370862,0.05110588827279977,0.05152811233430119,0.05183585264725644,0.052036606252593536,0.05213562873892673,0.052135628738926645,0.05203660625259344,0.051835852647256375,0.051528112334301206,0.05110588827279984,0.050559857833708685,0.049879354071432784,0.04905286152138018,0.0480684758551074,0.04691428325663377,0.04557862723264377,0.044050247336595176,0.04231829334845293,0.040372240744642164,0.03820175294893903,0.03579655974172804,0.033146432567766386,0.030241363553071415,0.027072040923455134,0.023630756760751936,0.01991279628060024,0.0159184821246596,0.011655736238023849,0.007143462508134098,0.0024150167255766034
0.0024117103556628703,0.007134051798990751,0.0116410606795224,0.015899213360136867,0.019889545739221047,0.02360417540431885,0.02704290712770745,0.030210648132362412,0.033115337026071744,0.035766524373323574,0.03817443487295981,0.04034946308995063,0.04230196884815858,0.04404228103518744,0.04558080472632979,0.04692815225031047,0.04809522991163086,0.04909323536667938,0.04993353963220176,0.05062744918565304,0.05118586187970713,0.05161884643088859,0.0519351865506762,0.05214193704428215,0.0522440394747315,0.05224403947473147,0.05214193704428191,0.051935186550675964,0.05161884643088847,0.051185861879707015,0.050627449185653026,0.049933539632201596,0.04909323536667931,0.048095229911630864,0.046928152250310454,0.04558080472632982,0.04404228103518755,0.042301968848158754,0.04034946308995095,0.03817443487296012,0.03576652437332381,0.03311533702607218,0.030210648132362797,0.027042907127707905,0.023604175404319267,0.019889545739221366,0.015899213360137207,0.011641060679522636,0.007134051798990954,0.00241171035566283
0.0024085574403022235,0.007125109231224831,0.011627166225355543,0.015881033727115544,0.01986768115628103,0.023579255567119227,0.027015676222645328,0.03018202750396569,0.033086462306393824,0.03573875366883767,0.03814932838359019,0.04032873537583108,0.04228741697446936,0.04403569308168239,0.04558385476245159,0.046942289107851656,0.048121568101016955,0.049132456920359495,0.04998581547580755,0.05069238769223559,0.051262490572986485,0.051705630431351686,0.05203008448260141,0.05224249199023128,0.05234749949027699,0.05234749949027683,0.05224249199023115,0.052030084482600915,0.05170563043135129,0.05126249057298613,0.050692387692235205,0.04998581547580723,0.04913245692035927,0.048121568101017045,0.04694228910785164,0.045583854762451755,0.044035693081682474,0.04228741697446949,0.04032873537583109,0.0381493283835902,0.03573875366883788,0.03308646230639405,0.03018202750396589,0.0270156762226456,0.02357925556711968,0.019867681156281403,0.015881033727115957,0.011627166225355836,0.007125109231225094,0.002408557440302425
0.002405563737246524,0.007116631095404718,0.011614035894336194,0.01586391025291291,0.019847152070168204,0.023555928889662184,0.026990262649234487,0.030155400772703102,0.03305969520236954,0.03571312626921198,0.03812630916484621,0.040309936378628966,0.04227452622720479,0.04403038856370272,0.04558770570576322,0.046956651545946075,0.04814748251386323,0.04917055621404748,0.05003625135610005,0.05075478259602183,0.051335920734156555,0.05178864343160961,0.05212075194296092,0.05233849512639728,0.052446242378613186,0.05244624237861317,0.05233849512639721,0.05212075194296097,0.05178864343160953,0.051335920734156375,0.05075478259602169,0.05003625135610012,0.0491705562140474,0.04814748251386314,0.04695665154594626,0.045587705705763544,0.044030388563703046,0.04227452622720497,0.04030993637862918,0.0381263091648465,0.03571312626921215,0.033059695202369795,0.030155400772703355,0.026990262649234778,0.023555928889662483,0.01984715207016855,0.015863910252913362,0.011614035894336603,0.007116631095405113,0.0024055637372466954
0.0024027144285235186,0.0071085940179861935,0.01160163586259526,0.015847796957080777,0.01982789888601023,0.023534121463051897,0.026966578440766182,0.030130667257892044,0.03303492483198358,0.035689524758743055,0.03810525798021078,0.040292950609142474,0.04226319101452327,0.044026278175419,0.04559229076990887,0.0469712009566862,0.04817296738962278,0.04920756363389346,0.05008491542404281,0.0508147395348581,0.05140629321905069,0.05186805728524908,0.05220738578971482,0.05243016085754561,0.05254049158958214,0.0525404915895821,0.052430160857545496,0.052207385789714705,0.051868057285248854,0.05140629321905053,0.05081473953485802,0.05008491542404267,0.049207563633893406,0.04817296738962266,0.0469712009566861,0.045592290769908624,0.044026278175418654,0.042263191014523215,0.040292950609142605,0.038105257980210895,0.035689524758743235,0.033034924831983864,0.030130667257892353,0.02696657844076637,0.023534121463052105,0.01982789888601041,0.015847796957081054,0.01160163586259561,0.007108594017986507,0.0024027144285235927
0.002400018086341828,0.0071009956811228,0.011589949831894042,0.015832661548451074,0.01980987252264476,0.02351376758453926,0.026944542377723254,0.03010773229950172,0.0330120461173652,0.03566783758497454,0.03808606158839877,0.04027766861191534,0.0422533116001505,0.04402327799356504,0.045597547746739325,0.04698590217626044,0.04819801898382051,0.04924350992517995,0.05013187439199614,0.050872360873664785,0.051473743851977144,0.05194403724327989,0.05229017499740096,0.052517694799730064,0.052630461315721466,0.05263046131572147,0.05251769479973027,0.05229017499740093,0.051944037243280075,0.051473743851977324,0.05087236087366496,0.05013187439199625,0.049243509925179965,0.048198018983820395,0.04698590217626031,0.045597547746739256,0.04402327799356506,0.04225331160015058,0.040277668611915354,0.03808606158839879,0.03566783758497489,0.03301204611736548,0.030107732299502008,0.026944542377723455,0.023513767584539474,0.01980987252264484,0.015832661548451324,0.011589949831894316,0.007100995681122968,0.0024000180863418498
0.0023974547914736876,0.00709380690284457,0.01157893864389555,0.015818454048275764,0.01979301124729874,0.02349479338611628,0.02692406885364166,0.030086499869312677,0.03299095494046072,0.03564795587982061,0.03806861061771037,0.04026398549405483,0.042244793044121993,0.044021308691866524,0.04560341842290149,0.04700072307228168,0.048222635316080766,0.04927842610007446,0.050177193601423906,0.050927745928659444,0.051538403796654114,0.0520167424545034,0.05236930126227154,0.05260129445918166,0.05271635720924771,0.052716357209247944,0.052601294459181755,0.0523693012622716,0.052016742454503356,0.0515384037966541,0.050927745928659486,0.05017719360142399,0.049278426100074595,0.048222635316080835,0.04700072307228159,0.04560341842290135,0.044021308691866205,0.042244793044121556,0.040263985494054584,0.038068610617710115,0.035647955879820586,0.032990954940460754,0.030086499869312812,0.02692406885364193,0.023494793386116316,0.019793011247298896,0.015818454048275848,0.011578938643895625,0.007093806902844528,0.0023974547914737063
0.0023950375346253115,0.007087028504660306,0.011568588310679992,0.01580514416295877,0.01977726825975229,0.02347713624706465,0.026905080916707378,0.03006688098532635,0.03297155335036436,0.03562977651907513,0.0380528012387326,0.04025180173381332,0.04223754549537944,0.04402029554807823,0.04560984845363892,0.04701563438515395,0.04824681604586233,0.049312343391027434,0.05022093707977732,0.05098099113961936,0.051600399844015474,0.05208632635894176,0.05244493948293769,0.052681149775023375,0.05279837695701567,0.05279837695701572,0.05268114977502341,0.05244493948293764,0.052086326358941774,0.05160039984401553,0.050980991139619306,0.050220937079777206,0.04931234339102755,0.04824681604586227,0.04701563438515368,0.04560984845363871,0.04402029554807807,0.04223754549537942,0.04025180173381338,0.03805280123873264,0.03562977651907506,0.032971553350364315,0.030066880985326373,0.026905080916707416,0.023477136247064642,0.01977726825975242,0.015805144162958865,0.011568588310680063,0.007087028504660375,0.002395037534625455
0.0023927397985587426,0.00708062440363727,0.011558853605235663,0.015792677443549084,0.01976257933720207,0.02346072196931631,0.026887494816261685,0.0300487835517771,0.032953743016847406,0.035613197951183666,0.038038532497359015,0.04024102144138678,0.042231483020047034,0.04402016762464626,0.04561678677488356,0.04703060930890656,0.04827056219264592,0.04934529309800973,0.050263167509344654,0.051032190155444496,0.0516598546064896,0.052152936977984454,0.05251725812823854,0.05275744354195774,0.05287671073155823,0.05287671073155837,0.052757443541957834,0.05251725812823857,0.052152936977984427,0.051659854606489794,0.05103219015544453,0.05026316750934464,0.04934529309800979,0.04827056219264591,0.047030609308906464,0.04561678677488351,0.04402016762464616,0.04223148302004677,0.04024102144138656,0.0380385324973589,0.03561319795118365,0.032953743016847406,0.030048783551776887,0.026887494816261643,0.023460721969316405,0.019762579337202057,0.015792677443549005,0.01155885360523555,0.007080624403637223,0.002392739798558809
0.0023905811600468518,0.00707460087815227,0.011549725030122578,0.015781027443118493,0.019748901389063413,0.023445491979387233,0.02687123835998713,0.03003212429982724,0.03293743273084053,0.03559812472886454,0.038025708929913055,0.040231553774339346,0.04222652428794095,0.044020858031339795,0.045624185637806916,0.047045623422679386,0.04829387604429173,0.049377306524340525,0.05030394622107623,0.05108143390192456,0.0517168866643701,0.052216717134913604,0.052586419520109236,0.052830351737970654,0.05295154154220927,0.0529515415422093,0.05283035173797074,0.052586419520109375,0.05221671713491369,0.05171688666437031,0.05108143390192469,0.05030394622107635,0.04937730652434051,0.04829387604429169,0.04704562342267933,0.045624185637806805,0.04402085803133989,0.04222652428794096,0.04023155377433915,0.038025708929912985,0.035598124728864526,0.032937432730840516,0.030032124299827257,0.026871238359987216,0.023445491979387317,0.01974890138906336,0.015781027443118458,0.011549725030122622,0.007074600878152447,0.0023905811600470773
0.002388526380731535,0.007068913301071525,0.011541150137318539,0.015770134516722198,0.019736167262565853,0.023431371446067245,0.026856229353550847,0.03001681466386216,0.03292252937676453,0.03558446184465602,0.038014237035809584,0.040223310728454593,0.04222259116209164,0.04402230299575737,0.04563199997441476,0.04706065424831552,0.04831676085248309,0.049408414783000114,0.0503433330983508,0.05112881057471548,0.05177161064003344,0.05227780460009173,0.052652580036128147,0.05290004376730993,0.05302304549899933,0.053023045498999416,0.05290004376730991,0.05265258003612825,0.05227780460009173,0.05177161064003342,0.05112881057471536,0.05034333309835089,0.04940841478300029,0.048316760852483404,0.047060654248315514,0.045631999974414576,0.04402230299575709,0.042222591162091504,0.040223310728454385,0.03801423703580947,0.03558446184465581,0.03292252937676434,0.030016814663861937,0.02685622935355072,0.023431371446067186,0.0197361672625657,0.015770134516722045,0.011541150137318585,0.007068913301071599,0.0023885263807313702
0.0023866045381008196,0.0070635764298431075,0.011533126727453932,0.015759978456987497,0.019724339486081283,0.023418307251464484,0.026842401284777724,0.03000277755507261,0.03290894854466569,0.035572121228211157,0.038004029121350244,0.040216209319451024,0.04221960986466924,0.04402444242699528,0.04564018761940875,0.04707568129250334,0.048339220795795876,0.04943864874273811,0.050381386543402996,0.05117440564673093,0.05182413725514895,0.052336332198048986,0.05271589025983672,0.052966682642418654,0.053091392011237915,0.05309139201123793,0.052966682642418626,0.052715890259836896,0.052336332198049035,0.05182413725514907,0.051174405646731015,0.05038138654340325,0.04943864874273812,0.04833922079579561,0.04707568129250314,0.045640187619408606,0.04402444242699518,0.04221960986466931,0.04021620931945124,0.03800402912135013,0.03557212122821103,0.03290894854466561,0.03000277755507253,0.0268424012847776,0.023418307251464463,0.0197243394860814,0.01575997845698767,0.011533126727454098,0.0070635764298433755,0.0023866045381008795
0.0023847686745107955,0.007058534638996515,0.011525593305884084,0.015750493201153775,0.01971334721963543,0.02340622347694293,0.02682967321054192,0.02998992765047993,0.03289660196941257,0.03556101392051595,0.03799499849347657,0.04021016864413231,0.042217509168282034,0.04402721878020331,0.04564870857493329,0.04709068555508727,0.048361260644978483,0.04946803880408641,0.05041816333978154,0.05121830180337809,0.05187457332899225,0.052392427859480874,0.05277649507558329,0.05303042510880422,0.05315674392788235,0.053156743927882305,0.05303042510880426,0.052776495075583296,0.05239242785948111,0.051874573328992445,0.051218301803378254,0.05041816333978171,0.04946803880408639,0.04836126064497849,0.047090685555087206,0.04564870857493312,0.0440272187802031,0.04221750916828203,0.04021016864413238,0.03799499849347654,0.03556101392051572,0.03289660196941247,0.029989927650479795,0.026829673210541735,0.02340622347694289,0.019713347219635313,0.015750493201153692,0.011525593305883979,0.007058534638996439,0.0023847686745106294
0.0023830612905057567,0.007053815108219177,0.011518558560908136,0.015741667804233413,0.019703161023189218,0.02339507428013446,0.02681798557377742,0.029978194834646518,0.03288541241572743,0.03555105924757273,0.037987064953510515,0.040205113070369385,0.04221622217619822,0.04403057799523517,0.04565752546153613,0.04710564970897277,0.048382885803506914,0.049496614880103006,0.05045371862044683,0.051260578924720364,0.051923021787949476,0.05244621466213027,0.052834533738255356,0.053091421736491846,0.053219257640588324,0.05321925764058831,0.05309142173649195,0.05283453373825551,0.05244621466213045,0.051923021787949664,0.05126057892472051,0.05045371862044677,0.04949661488010295,0.04838288580350675,0.04710564970897269,0.04565752546153599,0.044030577995235,0.042216222176198255,0.040205113070369315,0.03798706495351056,0.03555105924757283,0.03288541241572737,0.029978194834646504,0.02681798557377745,0.023395074280134348,0.01970316102318911,0.01574166780423348,0.011518558560908205,0.007053815108219372,0.002383061290505958
0.002381419507763599,0.0070493476236055405,0.01151194915171056,0.015733427800900816,0.019693705059373554,0.02338478183944486,0.026807258181478624,0.029967496679060433,0.03287529615066257,0.035542173929281135,0.037980148151578075,0.04020096822547216,0.04221568390785422,0.04403446803168754,0.04566660261103541,0.047120557521960704,0.04840410192840686,0.04952440614428729,0.05048810570376588,0.05130131398795305,0.05196958162116804,0.05249781082946623,0.05289013990533055,0.05314981697510941,0.05327908315060014,0.05327908315060013,0.05314981697510945,0.052890139905330695,0.05249781082946631,0.05196958162116817,0.05130131398795295,0.050488105703765815,0.049524406144287235,0.048404101928406836,0.04712055752196067,0.0456666026110353,0.04403446803168761,0.042215683907854205,0.040200968225472,0.03798014815157789,0.03554217392928093,0.03287529615066235,0.029967496679060446,0.026807258181478527,0.023384781839444823,0.019693705059373488,0.015733427800900725,0.011511949151710442,0.007049347623605469,0.0023814195077636146
0.0023799045420391783,0.007045176969444914,0.011505789275807018,0.015725775332712306,0.019684960933563565,0.023375309854185157,0.026797440044976233,0.02995777110814917,0.03286618372925446,0.0355342849348509,0.037974175333989876,0.04019766554744021,0.04221583389456998,0.04403884029508201,0.045675906809774056,0.04713539421208562,0.04842491507459781,0.04955144106908184,0.05052137608773047,0.05134058105235594,0.0520143478747758,0.05254732974211112,0.05294344166645159,0.053205749197930044,0.053336364120717385,0.05333636412071748,0.053205749197929995,0.05294344166645168,0.05254732974211107,0.05201434787477585,0.051340581052355796,0.05052137608773017,0.0495514410690816,0.048424915074597584,0.04713539421208533,0.04567590680977385,0.04403884029508184,0.04221583389456983,0.04019766554743996,0.03797417533398971,0.035534284934850675,0.03286618372925417,0.02995777110814896,0.02679744004497616,0.023375309854185115,0.019684960933563703,0.015725775332712435,0.011505789275807208,0.0070451769694451225,0.002379904542039422
0.0023784317514178558,0.007041213197128043,0.011499989598867829,0.01571862446848942,0.019676845685787498,0.023366577205120732,0.026788450840336115,0.02994893801966239,0.032857995537134456,0.03552731429300407,0.037969072098350105,0.040195136739268215,0.042216612883001235,0.04404364767924151,0.045685406125427534,0.0471501457313949,0.0484453312468096,0.049577747139379444,0.05055357926604825,0.051378451145217566,0.05205741158855363,0.05259487991269271,0.052994561546500105,0.05325935072388431,0.05339123790687128,0.05339123790687133,0.053259350723884366,0.05299456154650005,0.052594879912692565,0.052057411588553607,0.05137845114521734,0.050553579266048,0.049577747139379215,0.04844533124680935,0.04715014573139477,0.04568540612542752,0.04404364767924123,0.04221661288300106,0.04019513673926787,0.03796907209834976,0.03552731429300362,0.032857995537134047,0.02994893801966203,0.026788450840335806,0.023366577205120313,0.019676845685787328,0.015718624468489345,0.01149998959886779,0.007041213197127896,0.002378431751417742
0.002377088226257865,0.007037525567006264,0.011494595849966717,0.01571199533504631,0.019669355765290036,0.023358559951796334,0.026780250142952294,0.02994094471518442,0.03285067074075238,0.03552119703565125,0.037964773246070574,0.04019332018482718,0.04221796653718619,0.0440488466448879,0.04569507103531006,0.04716479934997121,0.04846535668084771,0.04960335097307551,0.050584762770275675,0.051414992272239245,0.0520988597999623,0.052640564995783776,0.053043616525614,0.05331074784675483,0.05344383559260693,0.0534438355926069,0.05331074784675462,0.05304361652561385,0.052640564995783574,0.052098859799962205,0.05141499227223912,0.05058476277027559,0.04960335097307543,0.04846535668084761,0.04716479934997077,0.04569507103530983,0.04404884664488767,0.04221796653718585,0.04019332018482704,0.03796477324607038,0.03552119703565109,0.032850670740752166,0.02994094471518421,0.02678025014295198,0.0233585599517961,0.019669355765289817,0.01571199533504616,0.011494595849966587,0.007037525567006108,0.0023770882262579263
0.002375759487018707,0.007033997138275962,0.011489496723715891,0.015705785999594494,0.019662397836691468,0.023351171458434322,0.026772756043965482,0.029933712475033937,0.03284413320630054,0.03551586001963781,0.03796120990004729,0.040192153242010774,0.04221984088672132,0.04405439455024794,0.04570487286058829,0.04717934273079452,0.048484997289694194,0.0496282779845869,0.050614971964463275,0.051450269295103296,0.05213877547709003,0.052684483759390555,0.05309071803750362,0.05336006085079321,0.053494282013251154,0.05349428201325115,0.053360060850793055,0.05309071803750365,0.05268448375939034,0.05213877547708977,0.051450269295103074,0.05061497196446316,0.04962827798458673,0.048484997289694035,0.047179342730794216,0.04570487286058803,0.044054394550247726,0.04221984088672108,0.040192153242010455,0.03796120990004707,0.03551586001963761,0.03284413320630043,0.029933712475033916,0.026772756043965305,0.023351171458434124,0.019662397836691263,0.015705785999594296,0.011489496723715615,0.007033997138275678,0.0023757594870185044
0.002374568204635196,0.007030730831428088,0.011484767425865329,0.01570004094783985,0.019655988062377554,0.023344403703937405,0.026765941170325977,0.029927199636446047,0.032838331746743145,0.035511246912474786,0.037958324651431175,0.04019158123114866,0.04222218754774178,0.04406025261812043,0.0457147854129979,0.04719376481784696,0.048504259125741474,0.049652552615678615,0.05064425015643431,0.05148434398641446,0.05217723755189884,0.052726730114205284,0.05313597200230648,0.05340740404876113,0.053542695797317984,0.0535426957973178,0.05340740404876087,0.053135972002306374,0.052726730114205,0.05217723755189876,0.051484343986414244,0.05064425015643412,0.04965255261567811,0.048504259125741196,0.04719376481784668,0.04571478541299749,0.044060252618120126,0.04222218754774146,0.040191581231148264,0.03795832465143105,0.035511246912474696,0.03283833174674303,0.029927199636445932,0.026765941170325918,0.023344403703937346,0.01965598806237749,0.015700040947839753,0.011484767425865237,0.007030730831428012,0.002374568204635132
0.002373358959946244,0.007027572601744393,0.011480266234835994,0.015694635726933196,0.01965001795802724,0.023338161197374224,0.026759719781551176,0.02992132737804544,0.03283319271918582,0.03550728870654733,0.037956053616700756,0.040191546709221385,0.04222495740704275,0.044066382257111895,0.045724782864746315,0.04720805460487254,0.04852314766809402,0.04967619792258301,0.05067263836100436,0.051517274899508164,0.052214320857149714,0.05276739309433773,0.05317947883611526,0.053452885809256376,0.05358918940241175,0.053589189402411704,0.053452885809256064,0.05317947883611508,0.052767393094337756,0.052214320857149575,0.0515172748995079,0.050672638361004094,0.04967619792258265,0.048523147668093534,0.04720805460487214,0.04572478286474593,0.0440663822571115,0.04222495740704257,0.04019154670922113,0.03795605361670058,0.03550728870654724,0.032833192719185854,0.029921327378045332,0.026759719781551165,0.023338161197374228,0.019650017958027136,0.0156946357269331,0.011480266234835635,0.007027572601744233,0.002373358959946118
0.0023723031826107517,0.007024671382337244,0.011476108424710642,0.01568964759436151,0.019644529754192983,0.023332456423880817,0.026754080720374055,0.029916067160684196,0.03282867588577268,0.03550393844755828,0.037954347528476096,0.040192002017605435,0.042228107940516124,0.044072749250277876,0.04573484210265339,0.047222202433920134,0.048541668526027495,0.04969923595262774,0.05070017550343948,0.05154911748530224,0.05225009620424473,0.05280655692107349,0.053221333512402935,0.05349660861997063,0.053633869180324825,0.05363386918032487,0.053496608619970694,0.05322133351240274,0.05280655692107339,0.05225009620424476,0.05154911748530221,0.050700175503439374,0.04969923595262753,0.0485416685260273,0.04722220243391979,0.045734842102653266,0.04407274925027787,0.04222810794051593,0.040192002017605276,0.037954347528475846,0.035503938447558135,0.03282867588577263,0.029916067160684148,0.026754080720373857,0.023332456423880744,0.019644529754192928,0.015689647594361658,0.011476108424710824,0.0070246713823373715,0.0023723031826109156
0.002371189303156725,0.0070218220555307905,0.011472110090313004,0.01568492039945244,0.019639393010909965,0.023327180203948084,0.026748931107161922,0.029911337845836963,0.03282470861615712,0.03550113025780555,0.03795314677827961,0.04019289436056223,0.042231594436198755,0.04407931866004186,0.04574493979912031,0.04723619832458362,0.04855982649315142,0.04972168721514524,0.050726898131873165,0.05157992394735135,0.0522846303248723,0.052844300998555985,0.05326162559166593,0.053538669137565366,0.05367683543643365,0.05367683543643366,0.05353866913756522,0.05326162559166574,0.05284430099855593,0.05228463032487229,0.051579923947351086,0.05072689813187291,0.04972168721514499,0.04855982649315137,0.047236198324583444,0.04574493979912019,0.04407931866004165,0.042231594436198554,0.04019289436056194,0.03795314677827957,0.035501130257805415,0.03282470861615682,0.029911337845836734,0.026748931107161852,0.02332718020394801,0.01963939301090999,0.015684920399452306,0.011472110090312787,0.007021822055530621,0.0023711893031566084
0.0023702554213148336,0.007019236257925129,0.011468440806354847,0.015680575404466917,0.01963468444925989,0.02332237155544155,0.026744280117928367,0.029907126710892816,0.03282126329519548,0.035498827527079585,0.0379524107299406,0.04019418327979346,0.04223538021516726,0.04408606070405955,0.04575505573898353,0.04725003383225113,0.04857762657556905,0.0497435712510043,0.05075284074058396,0.051609743438320255,0.05231798600647628,0.05288070002316863,0.053300439321967895,0.05357915828666536,0.05371818252908894,0.05371818252908894,0.053579158286665436,0.053300439321967825,0.052880700023168616,0.052317986006476164,0.05160974343832028,0.05075284074058387,0.04974357125100444,0.048577626575569056,0.04725003383225113,0.04575505573898341,0.04408606070405945,0.042235380215167366,0.04019418327979349,0.037952410729940655,0.03549882752707956,0.03282126329519527,0.02990712671089285,0.026744280117928457,0.023322371555441673,0.019634684449260052,0.015680575404466962,0.011468440806354918,0.007019236257925222,0.002370255421314915
0.0023692130272905225,0.0070166386101522555,0.011464858237393415,0.015676412013318416,0.019630242150607213,0.023317900789383193,0.02674002302170465,0.02990334711785155,0.03281826617711986,0.03549696607793458,0.03795208306599665,0.04019581992116227,0.042239424436466125,0.04409294368537782,0.04576516876969196,0.047263699754426326,0.048595072709677604,0.049764905930222834,0.05077803540109721,0.05163862188521954,0.052350222032676225,0.05291582399370187,0.053337853691531656,0.053618161337006816,0.05375799895809567,0.05375799895809557,0.05361816133700677,0.05333785369153159,0.0529158239937018,0.052350222032676086,0.051638621885219366,0.05077803540109695,0.049764905930222654,0.04859507270967739,0.04726369975442622,0.04576516876969178,0.044092943685377535,0.042239424436466055,0.04019581992116235,0.03795208306599668,0.03549696607793458,0.03281826617711987,0.029903347117851534,0.02674002302170457,0.023317900789383065,0.019630242150607116,0.01567641201331831,0.011464858237393228,0.007016638610152006,0.0023692130272902944
0.002368391256248692,0.007014326080471852,0.011461605492606122,0.01567261061787895,0.01962618861866087,0.02331384149642291,0.026736194791025812,0.029900005716051017,0.03281570447534534,0.03549552092860415,0.037952132460212,0.04019777132326221,0.04224369633479723,0.044099942202361665,0.045775261470666545,0.0472771887571431,0.048612169231161954,0.04978570827867937,0.05080251224101929,0.05166660228592677,0.05238139338886165,0.05294973837494768,0.0533739425751969,0.05365575804422454,0.053796367504200186,0.053796367504200346,0.05365575804422455,0.053373942575196905,0.052949738374947555,0.052381393388861566,0.05166660228592679,0.05080251224101964,0.049785708278679904,0.04861216923116232,0.047277188757143346,0.04577526147066674,0.04409994220236174,0.04224369633479722,0.040197771323262424,0.03795213246021218,0.035495520928604224,0.0328157044753454,0.029900005716050917,0.026736194791025788,0.023313841496422738,0.019626188618660934,0.015672610617878988,0.011461605492606124,0.00701432608047186,0.002368391256248759
0.0023673962803688418,0.00701192675983461,0.01145835950350068,0.015668908622275463,0.01962231729328002,0.023310034008994018,0.026732672271527664,0.029897005913290604,0.03281350034926832,0.035494427615520165,0.03795250454835465,0.04019999165353844,0.04224815829250503,0.044107027336661005,0.04578531454029778,0.04729049220604978,0.04862891911380444,0.04980599352243795,0.0508262989493992,0.05169372448035219,0.05241155118861756,0.0529825041161509,0.05340877480750371,0.05369202275385132,0.05383336534713741,0.0538333653471374,0.05369202275385129,0.05340877480750358,0.05298250411615076,0.05241155118861743,0.05169372448035209,0.05082629894939905,0.04980599352243789,0.048628919113804445,0.047290492206049875,0.045785314540297904,0.044107027336661095,0.042248158292505084,0.04019999165353861,0.037952504548354755,0.03549442761552011,0.03281350034926827,0.029897005913290465,0.02673267227152757,0.02331003400899395,0.01962231729327996,0.015668908622275206,0.011458359503500356,0.007011926759834109,0.0023673962803684996
0.002366681444876405,0.007009853703078229,0.011455463012927622,0.01566556603250628,0.019618811722855373,0.023306597333772213,0.026729523585116276,0.02989437851068886,0.03281165881192421,0.035493674532272604,0.03795317826659499,0.040202455907429206,0.04225278563091445,0.04411417809174676,0.04579531332073663,0.047303603850885015,0.04864532604088632,0.04982577626051853,0.05084942145941618,0.05172002557301058,0.05244074296342931,0.05301417787648162,0.05344241437951364,0.0537270245868099,0.05386906424751607,0.05386906424751607,0.05372702458680981,0.05344241437951376,0.05301417787648164,0.05244074296342937,0.05172002557301063,0.05084942145941656,0.04982577626051876,0.0486453260408864,0.047303603850884994,0.0457953133207366,0.04411417809174672,0.042252785630914384,0.04020245590742917,0.037953178266595125,0.035493674532272604,0.032811658811924244,0.02989437851068903,0.026729523585116363,0.023306597333772383,0.01961881172285547,0.015665566032506295,0.011455463012927665,0.0070098537030781225,0.002366681444876409
0.002365708884320075,0.007007602573739108,0.011452481699223041,0.015662234199745505,0.01961540264336112,0.023303328809540853,0.026726598107700197,0.029892010826780967,0.03281009383227048,0.035493194216940645,0.037954099404625165,0.04020512006988647,0.042257543143764856,0.04412136778394585,0.04580524001333038,0.04731651543409028,0.04866139196838858,0.049845069145086615,0.050871903265538546,0.05174553961476393,0.052469012554881615,0.05304481203993726,0.053474920525166746,0.05376082756546598,0.0539035306906729,0.0539035306906729,0.05376082756546591,0.053474920525166836,0.053044812039937314,0.0524690125548816,0.05174553961476389,0.05087190326553853,0.04984506914508647,0.04866139196838847,0.04731651543409018,0.045805240013330216,0.04412136778394566,0.042257543143764856,0.040205120069886406,0.03795409940462523,0.035493194216940416,0.03281009383227052,0.029892010826780873,0.02672659810770021,0.02330332880954092,0.019615402643361028,0.015662234199745387,0.011452481699222833,0.00700760257373882,0.0023657088843198606
0.002365101374769412,0.007005744403905408,0.011449893463387383,0.01565928060156046,0.019612355387378533,0.023300407587276157,0.026724007099277025,0.02988996431765164,0.03280883228361757,0.03549299085266427,0.03795525851220378,0.040207967789436826,0.04226241255595823,0.04412857994270651,0.04581508276771815,0.047329221835081606,0.048677120023227785,0.04986388452377022,0.05089376637678376,0.051770298186604335,0.05249640050631173,0.05307445501116173,0.05350634797198258,0.05379349084485773,0.053936826110964585,0.05393682611096462,0.053793490844857635,0.05350634797198264,0.05307445501116176,0.052496400506311804,0.051770298186604544,0.05089376637678416,0.049863884523770434,0.04867712002322776,0.04732922183508166,0.04581508276771807,0.04412857994270648,0.04226241255595812,0.04020796778943671,0.03795525851220372,0.03549299085266429,0.03280883228361746,0.029889964317651493,0.0267240070992767,0.023300407587276018,0.019612355387378426,0.015659280601560296,0.011449893463387387,0.007005744403905426,0.0023651013747695362
0.0023641241562043524,0.007003593386113956,0.011447111014869806,0.015656237656092673,0.019609313294961725,0.02329757022100368,0.026721560106369446,0.02988810184296247,0.03280777437608518,0.03549299031657498,0.0379565991325002,0.04021095529340039,0.04226736004106751,0.04413578945600085,0.045824824889336126,0.047341714978700385,0.04869251112018007,0.04988223260291247,0.050915030359227724,0.05179432994253308,0.052522943891792344,0.05310315120901044,0.053536747028935086,0.05382506885214469,0.053969007054076694,0.05396900705407671,0.05382506885214469,0.05353674702893508,0.05310315120901045,0.05252294389179235,0.05179432994253307,0.05091503035922754,0.04988223260291212,0.048692511120179714,0.04734171497870028,0.04582482488933611,0.04413578945600075,0.04226736004106737,0.04021095529340033,0.03795659913250014,0.03549299031657491,0.03280777437608499,0.029888101842962096,0.026721560106369138,0.023297570221003372,0.019609313294961437,0.015656237656092593,0.011447111014869555,0.007003593386113769,0.002364124156203987
0.002363631173638175,0.007001935711735986,0.011444795894340231,0.015653618314626284,0.01960665177086931,0.023295076102782124,0.026719425173502107,0.029886524423404073,0.03280697443870816,0.03549321594577684,0.03795812535404968,0.040214075921200805,0.04227237424869266,0.04414298462801571,0.04583445746977357,0.04735399099437463,0.04870756799795658,0.04990012373107618,0.050935713652783744,0.05181766140349309,0.05254867683430858,0.053130941443948636,0.05356616389509977,0.053855611563980006,0.05400012544259253,0.05400012544259261,0.053855611563980076,0.053566163895099835,0.05313094144394879,0.0525486768343087,0.05181766140349323,0.050935713652783855,0.049900123731076246,0.04870756799795652,0.04735399099437461,0.04583445746977361,0.04414298462801579,0.04227237424869257,0.040214075921200854,0.037958125354049424,0.035493215945776625,0.03280697443870791,0.02988652442340388,0.026719425173501954,0.023295076102781948,0.01960665177086928,0.015653618314626347,0.01144479589434016,0.007001935711735965,0.002363631173638327
0.002362618518849513,0.00699983703824129,0.011442150803543043,0.01565079113341074,0.01960389304701672,0.023292576737854658,0.026717355189754124,0.029885059094669805,0.032806311393818954,0.035493582038439046,0.03795977528444251,0.04021728408188813,0.04227742141046228,0.04415014109099923,0.04584396443747718,0.04736604176772206,0.048722290517629066,0.04991756583525957,0.05095583222026895,0.051840316293467734,0.052573630231651965,0.0531578628656886,0.053594640732625154,0.05388516464708601,0.05403022874622288,0.05403022874622293,0.05388516464708589,0.05359464073262517,0.05315786286568849,0.052573630231651666,0.051840316293467345,0.05095583222026862,0.049917565835259275,0.048722290517628816,0.04736604176772191,0.045843964437477194,0.0441501410909992,0.04227742141046227,0.04021728408188808,0.03795977528444232,0.035493582038438824,0.03280631139381876,0.02988505909466955,0.02671735518975375,0.023292576737854374,0.01960389304701643,0.015650791133410332,0.011442150803542567,0.006999837038240994,0.002362618518849281
0.002362255773394484,0.00699837696216985,0.011440087261725275,0.015648466520990893,0.01960156129592949,0.0232904392670115,0.02671559369105278,0.02988385869347087,0.032805874765106435,0.035494135787319386,0.03796156929106612,0.040220584331537114,0.042282497911842784,0.044157252347860554,0.045853340072887466,0.047377864879771504,0.04873668126651945,0.04993456758381079,0.05097540135738405,0.051862316612364796,0.05259783243607733,0.05318394943849095,0.053622216039570736,0.05391376978283412,0.05405936028753181,0.05405936028753199,0.05391376978283416,0.05362221603957064,0.05318394943849072,0.052597832436077116,0.051862316612364595,0.05097540135738387,0.049934567583810825,0.04873668126651959,0.047377864879771754,0.04585334007288765,0.04415725234786073,0.04228249791184279,0.040220584331537135,0.037961569291066116,0.035494135787319345,0.03280587476510647,0.02988385869347078,0.026715593691052773,0.023290439267011305,0.019601561295929434,0.01564846652099075,0.011440087261725096,0.006998376962169861,0.0023622557733945027
0.0023611708979045,0.006996280721929608,0.011437519845751367,0.015645787708037248,0.01959901158552434,0.02328819705416629,0.026713814011718476,0.029882699018108392,0.03280551202402229,0.03549477331809965,0.03796343581145553,0.04022392655963819,0.04228756833672698,0.04416429372526526,0.04586256832572126,0.047389451899756754,0.0487507390266918,0.04995113480708827,0.05099443378554549,0.051883681672677893,0.052621308823133796,0.05320923180996514,0.053648924686313444,0.0539414647929872,0.05408755940650609,0.05408755940650595,0.05394146479298698,0.053648924686313285,0.053209231809965035,0.05262130882313361,0.051883681672677755,0.05099443378554524,0.04995113480708822,0.048750739026691706,0.04738945189975701,0.045862568325721324,0.044164293725265445,0.04228756833672724,0.04022392655963815,0.03796343581145572,0.035494773318099845,0.032805512024022446,0.029882699018108423,0.02671381401171839,0.023288197054166127,0.019599011585524337,0.015645787708037137,0.011437519845751202,0.006996280721929312,0.002361170897904361
0.002360964993778442,0.0069950286990483985,0.011435701093138477,0.01564373387072685,0.01959696993195172,0.02328636273662479,0.026712360882776526,0.02988180160092485,0.03280535860563674,0.03549557224728148,0.0379654153758613,0.04022732875323904,0.04229263802671903,0.04417126459158363,0.04587164705952354,0.04740080215714004,0.048764466539853224,0.04996727486971177,0.05101294213573777,0.051904429548129495,0.052644082682891565,0.05323373790859029,0.05367479836291425,0.053968284014619394,0.05411486180652527,0.054114861806525055,0.053968284014619165,0.05367479836291411,0.05323373790859015,0.05264408268289156,0.05190442954812961,0.051012942135738,0.049967274869711885,0.04876446653985329,0.047400802157140175,0.04587164705952373,0.04417126459158392,0.04229263802671916,0.04022732875323916,0.03796541537586165,0.03549557224728195,0.032805358605637006,0.029881801600924983,0.02671236088277671,0.023286362736624943,0.01959696993195181,0.01564373387072694,0.011435701093138616,0.006995028699048463,0.0023609649937784186
0.0023597618886989145,0.006992879463181121,0.011433150182984202,0.015641138627855662,0.019594561187903325,0.023284306323452308,0.026710796883142363,0.029880870073930758,0.03280521679583778,0.03549640167524922,0.037967421115857276,0.04023073272633697,0.04229766770025185,0.04417813861805524,0.04588055947365489,0.04741190653776276,0.0487778614437162,0.04998299167972503,0.051030936262209683,0.05192457568470012,0.05266617455895472,0.05325749269008098,0.05369986555095331,0.053994258390934115,0.054141299696483645,0.05414129969648362,0.053994258390933976,0.053699865550953206,0.05325749269008102,0.05266617455895485,0.05192457568470023,0.05103093626220986,0.049982991679725114,0.0487778614437162,0.04741190653776277,0.04588055947365487,0.044178138618055224,0.04229766770025195,0.04023073272633727,0.037967421115857616,0.035496401675249506,0.032805216795838095,0.02988087007393091,0.02671079688314245,0.023284306323452377,0.019594561187903294,0.015641138627855572,0.011433150182984119,0.006992879463181131,0.0023597618886988633
0.0023597537289634417,0.006991862052917056,0.011431586035258045,0.015639348062640186,0.019592786231698366,0.023282737886842216,0.02670960333378549,0.029880217955784636,0.03280528278705818,0.03549737880394301,0.03796951920319684,0.040234173074331844,0.04230267344799504,0.04418492204221585,0.04588930760722519,0.04742276653503943,0.048790927014848044,0.049998291726131294,0.051048426651257514,0.051944134860836426,0.05268760342279388,0.05328051889316496,0.053724152062198285,0.05401941590336317,0.054166902179640694,0.05416690217964085,0.054019415903363226,0.053724152062198265,0.05328051889316504,0.052687603422794,0.05194413486083645,0.05104842665125759,0.049998291726131315,0.04879092701484829,0.04742276653503959,0.04588930760722537,0.04418492204221606,0.042302673447995286,0.04023417307433198,0.03796951920319706,0.035497378803943304,0.03280528278705832,0.029880217955784737,0.02670960333378557,0.023282737886842403,0.019592786231698373,0.015639348062640307,0.011431586035258127,0.006991862052917189,0.0023597537289636165
0.002358372654810805,0.006989594263890103,0.011428984589180095,0.0156367701966421,0.019590453094031894,0.023280802108380957,0.026708189411299335,0.029879448206631725,0.03280529505793857,0.03549833377818339,0.037971599927946166,0.0402375788265331,0.04230760921598135,0.04419158512434603,0.045897872902718996,0.04743337185159488,0.04880365960928062,0.05001317713335838,0.051065420650548275,0.05196311920087768,0.05270838568478381,0.05330283660573363,0.05374768090972936,0.054043781602335535,0.05419169535278174,0.05419169535278166,0.054043781602335514,0.053747680909729346,0.05330283660573384,0.05270838568478385,0.05196311920087775,0.05106542065054821,0.050013177133358344,0.04880365960928072,0.0474333718515949,0.045897872902719225,0.04419158512434609,0.04230760921598154,0.040237578826533116,0.037971599927946485,0.03549833377818364,0.032805295057938756,0.0298794482066318,0.026708189411299415,0.02328080210838096,0.01959045309403183,0.01563677019664218,0.011428984589180161,0.0069895942638901355,0.002358372654810745
0.0023586223455346897,0.006988858250243065,0.011427704466690761,0.015635253601190807,0.019588938332971005,0.023279478192333725,0.026707221899469776,0.029878998530108957,0.03280553113941023,0.035499436150157306,0.0379737627994142,0.040241005705128625,0.04231250443473314,0.044198142442553684,0.04590626243798678,0.04744372671532163,0.04881606350704762,0.0500276539930976,0.05108192715083309,0.05198154083660829,0.05272853675312462,0.05332446423157593,0.05377047296412603,0.054067378109110824,0.05421570274472517,0.05421570274472513,0.05406737810911086,0.053770472964126056,0.053324464231575955,0.05272853675312487,0.05198154083660837,0.05108192715083316,0.05002765399309789,0.04881606350704783,0.04744372671532172,0.04590626243798697,0.04419814244255386,0.04231250443473307,0.040241005705128674,0.03797376279941441,0.03549943615015763,0.03280553113941059,0.02987899853010924,0.02670722189946983,0.02327947819233398,0.019588938332971182,0.015635253601191088,0.011427704466691092,0.006988858250243407,0.002358622345534855
0.0023569834880838403,0.006986389886494212,0.01142497371747678,0.015632620389463312,0.019586613664607944,0.023277600166631107,0.026705898013968433,0.02987833220646667,0.03280564032892738,0.03550046094254114,0.037975865126232064,0.04024436367075575,0.04231730243262915,0.04420455853807362,0.0459144545691085,0.04745381895739627,0.048828133534601005,0.05004172271867147,0.05109795131259204,0.051999409088312215,0.05274806958402003,0.05334541779929736,0.05379254667691062,0.054090225554861586,0.05423894534731216,0.05423894534731221,0.05409022555486147,0.053792546676910497,0.053345417799297336,0.05274806958401997,0.05199940908831232,0.05109795131259229,0.05004172271867181,0.04882813353460139,0.047453818957396414,0.045914454569108615,0.044204558538073715,0.04231730243262913,0.04024436367075591,0.037975865126232036,0.035500460942541306,0.0328056403289275,0.029878332206466896,0.026705898013968634,0.02327760016663129,0.019586613664608135,0.01563262038946352,0.011424973717477081,0.006986389886494427,0.0023569834880838476
0.002357577435735847,0.006986008437432231,0.011424031383830588,0.01563140978102803,0.0195853711472844,0.02327651575909349,0.02670513774087871,0.029878055775379494,0.032806010084234956,0.03550164784790242,0.03797805054195473,0.04024773595953275,0.042322049682238266,0.044210858451241036,0.04592246264946717,0.047463656320018484,0.048839875556442064,0.050055389538243907,0.051113501002199406,0.05201673409199746,0.05276699676825275,0.05336571221604895,0.053813918893899894,0.05411234217312486,0.05426144211651935,0.05426144211651927,0.054112342173124786,0.05381391889389981,0.053365712216049174,0.05276699676825289,0.05201673409199759,0.05111350100219953,0.0500553895382442,0.048839875556442335,0.04746365632001872,0.045922462649467505,0.04421085845124121,0.0423220496822385,0.04024773595953311,0.03797805054195514,0.03550164784790274,0.03280601008423541,0.02987805577537996,0.026705137740879206,0.02327651575909383,0.019585371147284786,0.015631409781028473,0.011424031383831156,0.006986008437432714,0.0023575774357360905
0.0023555719133636905,0.006983232217905689,0.011421072911569777,0.01562863523804038,0.019582980407081455,0.02327463018478517,0.026703845441284436,0.029877439117119764,0.03280616571229258,0.03550269469795151,0.037980129617375895,0.04025100500028875,0.04232667375481378,0.04421699793544057,0.04593026017360555,0.04747322381180485,0.04885128246248526,0.050068653125015475,0.05112857944169581,0.05203352282668189,0.05278532843971556,0.05338536021573639,0.05383460436915314,0.054133744106702186,0.05428320990374765,0.05428320990374768,0.054133744106702124,0.053834604369152876,0.053385360215736276,0.0527853284397157,0.05203352282668176,0.05112857944169575,0.05006865312501541,0.04885128246248517,0.04747322381180477,0.04593026017360553,0.044216997935440754,0.04232667375481385,0.04025100500028899,0.037980129617376186,0.03550269469795182,0.032806165712292924,0.029877439117120153,0.02670384544128478,0.023274630184785563,0.01958298040708189,0.015628635238040627,0.011421072911570237,0.006983232217905971,0.002355571913363737
0.0023566331202073388,0.006983314047247274,0.011420553802524018,0.015627789144195738,0.01958204397556685,0.023273798236751447,0.02670328869443312,0.0298773198298888,0.03280664446957894,0.03550393618638813,0.037982305238662174,0.04025429055165407,0.042331243424331755,0.04422301552462762,0.04593786852847095,0.04748253375890987,0.048862362435042384,0.05008152044794291,0.05114319406567687,0.05204978407496688,0.05280307509053218,0.05340437400841313,0.0538546167940997,0.054154446123520904,0.05430426404140923,0.05430426404140925,0.054154446123521084,0.05385461679409995,0.05340437400841315,0.05280307509053219,0.05204978407496701,0.051143194065676745,0.05008152044794292,0.048862362435042384,0.047482533758909866,0.045937868528471086,0.04422301552462776,0.04233124342433187,0.04025429055165427,0.037982305238662355,0.0355039361863884,0.032806644469579184,0.029877319829889105,0.026703288694433454,0.0232737982367518,0.01958204397556739,0.015627789144196227,0.011420553802524413,0.006983314047247633,0.0023566331202075756
0.002354110156162629,0.006980085080300565,0.01141723860125503,0.015624764957198327,0.01957949788646315,0.023271831516665856,0.026701966391785962,0.029876699795030343,0.03280679949061856,0.03550496253605519,0.03798432237906634,0.04025743598101269,0.04233566354970507,0.04422885405138607,0.04594525394983421,0.04749156702913806,0.04887310579715219,0.050093988266350406,0.05115734630309266,0.052065522854434845,0.0528202445902295,0.05342276372714685,0.05387396801923317,0.05417446123828876,0.05432461813394176,0.05432461813394164,0.05417446123828881,0.05387396801923314,0.053422763727146744,0.05282024459022934,0.05206552285443476,0.05115734630309255,0.050093988266350156,0.04887310579715211,0.047491567029137864,0.04594525394983415,0.044228854051385796,0.042335663549704784,0.040257435981012626,0.03798432237906617,0.0355049625360551,0.03280679949061854,0.02987669979503047,0.026701966391786135,0.023271831516666036,0.019579497886463484,0.015624764957198497,0.011417238601255299,0.006980085080300738,0.0023541101561625677
0.0023558131642397975,0.0069807879979977665,0.0114172709733117,0.015624376701616352,0.01957892882788046,0.023271286367299013,0.026701626207655774,0.02987673502263915,0.03280737383290098,0.0355062383992861,0.03798646449620522,0.04026061030943262,0.04234003267846601,0.04423456986588578,0.04595244835572339,0.04750034201360921,0.048883523998912194,0.050106064994941135,0.0511710437800305,0.052080747224388296,0.05283684601187869,0.053440539628153615,0.05389266938486125,0.054193801601909335,0.05434428476293467,0.05434428476293466,0.05419380160190942,0.05389266938486134,0.053440539628153504,0.05283684601187855,0.05208074722438805,0.05117104378003032,0.05010606499494108,0.04888352399891233,0.04750034201360922,0.04595244835572349,0.04423456986588574,0.042340032678466005,0.0402606103094326,0.03798646449620518,0.035506238399286,0.03280737383290096,0.029876735022639395,0.026701626207655985,0.023271286367299287,0.0195789288278806,0.01562437670161663,0.01141727097331202,0.00698078799799785,0.0023558131642398067
0.002352561703803914,0.006976906262441382,0.011413424102713081,0.015620959682427037,0.019576113440789574,0.02326914889401333,0.026700203232848736,0.02987605466368277,0.03280748096461371,0.03550720391639349,0.037988384742958944,0.04026360189504345,0.04234422339093224,0.044240087220438366,0.045959407436460174,0.04750883359856122,0.04889360385027793,0.05011774510265553,0.05118428613445244,0.05209546050696414,0.05285288541786568,0.053457709841521234,0.05391073053658383,0.05421247786548216,0.054363275083001844,0.054363275083001844,0.05421247786548215,0.05391073053658357,0.05345770984152107,0.052852885417865335,0.05209546050696387,0.05118428613445219,0.05011774510265525,0.04889360385027768,0.047508833598561055,0.04595940743646009,0.04424008722043822,0.04234422339093216,0.04026360189504329,0.0379883847429588,0.03550720391639348,0.03280748096461356,0.029876054663682546,0.026700203232848826,0.023269148894013332,0.01957611344078948,0.015620959682427044,0.011413424102713144,0.0069769062624414225,0.00235256170380402
0.002355154264362557,0.006978457104106932,0.011414195794260097,0.015621170294236769,0.019576009800372756,0.023268952489789968,0.02670011312101415,0.029876257113581408,0.03280814929388922,0.03550850340838698,0.03799047751296054,0.04026664721086354,0.04234837471018712,0.044245486488613456,0.045966177219874574,0.04751706832633577,0.04890336134295051,0.050129039311847215,0.05119708186420366,0.052109670664242366,0.052868371099700696,0.05347428334671094,0.053928161185546566,0.05423050032118553,0.05438159970316987,0.0543815997031699,0.05423050032118554,0.05392816118554662,0.053474283346710914,0.05286837109970054,0.052109670664242325,0.051197081864203554,0.05012903931184713,0.04890336134295044,0.04751706832633593,0.04596617721987491,0.04424548648861385,0.04234837471018732,0.04026664721086374,0.03799047751296057,0.03550850340838703,0.03280814929388913,0.02987625711358144,0.026700113121014175,0.023268952489789968,0.019576009800372763,0.01562117029423679,0.011414195794260085,0.006978457104107111,0.00235515426436273
0.0023508765794674384,0.006973642421783808,0.011409574504619421,0.015617164535538405,0.019572772464823654,0.023266527929801745,0.026698501705350233,0.02987544959672516,0.03280815651453054,0.0355093665393179,0.03799226694500757,0.04026945706377026,0.042352313470431405,0.04425066540145461,0.0459726982357984,0.047525012483176844,0.048912778361901395,0.0501399391309998,0.05120942861680433,0.05212337943444137,0.05288330763763633,0.053490266745627034,0.05394496935098854,0.054247877901200406,0.054399268005260015,0.0543992680052601,0.054247877901200316,0.05394496935098845,0.05349026674562705,0.05288330763763624,0.05212337943444127,0.05120942861680428,0.05013993913099968,0.04891277836190135,0.04752501248317673,0.04597269823579837,0.04425066540145462,0.042352313470431405,0.040269457063770255,0.03799226694500749,0.035509366539317744,0.032808156514530326,0.029875449596724953,0.026698501705350108,0.023266527929801686,0.01957277246482361,0.015617164535538384,0.011409574504619414,0.006973642421783737,0.0023508765794672455
0.0023547109757168596,0.006976366194899929,0.011411357939010443,0.015618182619391532,0.019573284017017488,0.02326678046331057,0.02669872269695559,0.029875851605587395,0.03280893134857294,0.03551068930827916,0.03799430246346369,0.040272361868774066,0.0423562348076749,0.04425573745502405,0.04597903587160659,0.04753270379667173,0.048921877235793075,0.0501504587223084,0.05122133656265261,0.052136595338499375,0.052897703153575,0.053505668357780506,0.05396116375492693,0.054264619702731366,0.0544162893036248,0.05441628930362482,0.05426461970273143,0.053961163754927065,0.0535056683577806,0.05289770315357517,0.052136595338499424,0.0512213365626527,0.050150458722308486,0.04892187723579334,0.04753270379667213,0.04597903587160679,0.04425573745502423,0.042356234807675176,0.04027236186877434,0.0379943024634639,0.035510689308279234,0.03280893134857309,0.02987585160558752,0.02669872269695569,0.02326678046331066,0.019573284017017488,0.015618182619391508,0.01141135793901048,0.006976366194900024,0.0023547109757169112
0.0023489848218596655,0.006970222356045944,0.011405620126439397,0.015613313495079403,0.01956941276199221,0.02326390997363075,0.02669680625132918,0.029874831655323248,0.03280877569157685,0.03551140275981408,0.03799592486759183,0.040274961961416146,0.042359900155500695,0.0442605622709208,0.045985108742447225,0.047540096075487016,0.0489306327577668,0.0501605854928158,0.0512328008452019,0.05214931841181688,0.05291156088337823,0.05352049356558227,0.05397675121205619,0.054280733430670344,0.05443267173249398,0.054432671732493956,0.05428073343067043,0.053976751212056265,0.05352049356558229,0.05291156088337833,0.05214931841181691,0.05123280084520188,0.05016058549281564,0.04893063275776679,0.04754009607548689,0.04598510874244718,0.044260562270920865,0.04235990015550087,0.04027496196141636,0.03799592486759192,0.035511402759814015,0.032808775691576635,0.02987483165532308,0.026696806251329065,0.02326390997363064,0.019569412761992127,0.015613313495079146,0.01140562012643921,0.006970222356045592,0.0023489848218594235
0.002354562869267744,0.006974584581693472,0.01140880942015523,0.015615445717543412,0.019570764949515596,0.02326476777911239,0.0266974395817708,0.02987549370285839,0.032809689027536955,0.035512761952568785,0.03799790474500056,0.04027772166462998,0.042363584511352526,0.04426530038718462,0.04599100968087061,0.04754724291971657,0.0489390763408522,0.05017033871283471,0.05124383439682269,0.05216155852986968,0.052924889439406514,0.05353475063700477,0.05399174005240946,0.05429622758806444,0.0544484239171833,0.05444842391718323,0.054296227588064565,0.05399174005240965,0.05353475063700494,0.052924889439406896,0.0521615585298698,0.051243834396822785,0.05017033871283478,0.04893907634085233,0.04754724291971687,0.045991009680870776,0.044265300387184854,0.042363584511352685,0.040277721664630124,0.03799790474500083,0.03551276195256884,0.03280968902753682,0.029875493702858313,0.02669743958177076,0.023264767779112436,0.019570764949515488,0.015615445717543378,0.011408809420155134,0.006974584581693231,0.002354562869267621
0.0023467875549591692,0.006966547976998847,0.011401467763260289,0.015609321160072282,0.01956595699718979,0.023261225380880695,0.026695054126852358,0.029874143977401832,0.03280928677813598,0.03551326571932779,0.03799931666481251,0.04028008029603348,0.04236695353577153,0.044269755274208816,0.04599662475708786,0.04755407944152988,0.04894717208213649,0.05017969963487602,0.051254428733011434,0.05217331346874458,0.05293769051069516,0.05354844375713846,0.05400613605048512,0.054311108901600985,0.05446355303313154,0.05446355303313149,0.05431110890160103,0.05400613605048534,0.05354844375713861,0.05293769051069513,0.05217331346874455,0.051254428733011295,0.05017969963487588,0.04894717208213627,0.04755407944152966,0.04599662475708772,0.04426975527420869,0.04236695353577157,0.04028008029603353,0.03799931666481251,0.0355132657193276,0.03280928677813575,0.02987414397740182,0.02669505412685239,0.02326122538088055,0.01956595699718961,0.015609321160072102,0.011401467763259968,0.006966547976998552,0.0023467875549590027
0.0023548245735379087,0.006973215661038407,0.01140663360972319,0.015613019190502527,0.019568489536530047,0.02326293129027911,0.02669626402271236,0.029875171074361866,0.03281040137419615,0.035514695394697635,0.03800125667058698,0.040282699967593864,0.042370400616252926,0.044274157485793976,0.04600208786412665,0.04756068318001811,0.04895496530226929,0.05018869559403412,0.05126460144607864,0.0521845957672468,0.052949974190465626,0.05356158196708081,0.054019947886927336,0.05432538598545666,0.05447806770808477,0.05447806770808489,0.05432538598545679,0.05401994788692753,0.05356158196708102,0.05294997419046574,0.05218459576724664,0.051264601446078625,0.05018869559403405,0.048954965302269456,0.04756068318001804,0.04600208786412665,0.04427415748579389,0.042370400616252975,0.04028269996759381,0.03800125667058688,0.03551469539469756,0.03281040137419622,0.02987517107436201,0.02669626402271246,0.02326293129027916,0.019568489536529933,0.015613019190502375,0.011406633609723006,0.0069732156610382385,0.0023548245735377717
0.0023441450252677546,0.006962482194946334,0.011396988567121374,0.01560507083738005,0.01956230140801367,0.02325838328400876,0.026693166457049264,0.02987331816141927,0.03280963042411375,0.03551490405470873,0.038002398368364984,0.040284775372861396,0.04237344443584305,0.044278223237887195,0.04600723369184774,0.047566959127084966,0.04896240242722537,0.05019729738235843,0.05127433772982452,0.05219539923192866,0.05296173951863007,0.053574167532334155,0.05403317980913167,0.05433906423812019,0.05449197387189704,0.05449197387189713,0.05433906423812025,0.05403317980913174,0.053574167532334196,0.05296173951863013,0.0521953992319284,0.05127433772982428,0.05019729738235832,0.04896240242722524,0.047566959127084835,0.04600723369184757,0.044278223237886875,0.04237344443584287,0.04028477537286133,0.03800239836836498,0.03551490405470874,0.03280963042411374,0.02987331816141926,0.026693166457049142,0.023258383284008644,0.01956230140801338,0.015605070837379678,0.01139698856712115,0.006962482194946189,0.002344145025267662
0.002355659258085026,0.006972410494585984,0.011404959157012522,0.015611004296333768,0.01956653170828057,0.023261319360864414,0.02669522211899971,0.029874891946610114,0.03281106343073627,0.03551647601440835,0.03800434006084197,0.04028727757976836,0.04237666583937961,0.04428229573062606,0.046012263499155,0.04757302510726722,0.048969553008352935,0.05020554709741436,0.051283664359184966,0.052205742285259885,0.05297300051020367,0.0535862122442499,0.054045842555312223,0.054352153943572,0.054505281647724155,0.05450528164772403,0.054352153943572054,0.05404584255531224,0.05358621224424993,0.052973000510203705,0.05220574228525989,0.051283664359184813,0.05020554709741426,0.048969553008352824,0.04757302510726715,0.04601226349915508,0.044282295730625934,0.04237666583937937,0.04028727757976833,0.038004340060841975,0.035516476014408334,0.03281106343073628,0.029874891946610103,0.026695222118999825,0.023261319360864393,0.019566531708280478,0.015611004296333563,0.011404959157012394,0.006972410494585836,0.0023556592580850585
0.0023408612861197083,0.006957832969647632,0.011392000927449427,0.015600396268676875,0.019558297293740486,0.023255253905967548,0.02669103221494941,0.029872260348297285,0.03280972790443879,0.0355162522330646,0.03800511603218084,0.04028900372738471,0.04237933929659618,0.04428594228862108,0.04601692136525842,0.047578730739713526,0.04897632924105088,0.050213393921711605,0.051292552442395646,0.05221560914007994,0.05298374929734528,0.0535977130628619,0.054057936008403425,0.054364656657312105,0.05451799335473685,0.05451799335473683,0.05436465665731218,0.05405793600840344,0.05359771306286189,0.05298374929734513,0.052215609140079645,0.05129255244239551,0.050213393921711376,0.04897632924105065,0.04757873073971329,0.0460169213652582,0.044285942288620886,0.04237933929659602,0.04028900372738451,0.03800511603218054,0.03551625223306443,0.03280972790443865,0.02987226034829708,0.026691032214949183,0.02325525390596717,0.01955829729374024,0.015600396268676686,0.01139200092744917,0.006957832969647486,0.00234086128611963
0.002357295478494069,0.006972386057784717,0.011403980852034094,0.015609567517571567,0.019565027279834796,0.02326003619067233,0.02669438803351821,0.029874704338419187,0.032811702054544485,0.03551811493589148,0.03800715568904577,0.040291449683212334,0.04238237379495534,0.04428971042927648,0.04602153608748308,0.04758427421310024,0.048982852210538344,0.05022091389830697,0.0513010519339227,0.05222503476420585,0.052994012325927854,0.053608691653682164,0.05406947921491554,0.05437659007103607,0.05453012611226124,0.05453012611226124,0.054376590071036165,0.0540694792149157,0.05360869165368218,0.05299401232592803,0.052225034764206035,0.05130105193392278,0.05022091389830711,0.048982852210538226,0.047584274213100214,0.04602153608748295,0.04428971042927642,0.04238237379495521,0.04029144968321212,0.03800715568904561,0.0355181149358914,0.032811702054544374,0.029874704338419003,0.026694388033518056,0.023260036190672358,0.019565027279834658,0.015609567517571463,0.011403980852033901,0.006972386057784544,0.0023572954784940475
0.0023366662722677863,0.006952333290751186,0.011386246189315502,0.015595052375892616,0.019553718516878486,0.023251635376570847,0.026688476284777368,0.029870822008372513,0.03280945560327606,0.035517208829470875,0.03800738761173314,0.040292700275455264,0.042384588061888356,0.04429287600310588,0.04602566404476691,0.04758938253738427,0.048988952197480465,0.05022799976089837,0.05130909352024043,0.052233973110829106,0.05300375795171807,0.05361912533665427,0.054080455007851434,0.05438794020441145,0.05454166740254169,0.05454166740254158,0.054387940204411456,0.05408045500785138,0.053619125336654076,0.05300375795171791,0.05223397311082896,0.05130909352024032,0.050227999760898284,0.048988952197480444,0.047589382537384206,0.04602566404476674,0.04429287600310574,0.04238458806188821,0.04029270027545524,0.03800738761173298,0.03551720882947067,0.0328094556032759,0.029870822008372332,0.026688476284777277,0.023251635376570705,0.019553718516878253,0.015595052375892407,0.011386246189315479,0.006952333290751159,0.00233666627226796
0.002360045825308854,0.006973447753920658,0.011403989985944336,0.015608980119509166,0.019564219660599538,0.023259289957623597,0.02669393147447851,0.029874739937706625,0.03281241462629984,0.035519681041823035,0.038009750514223395,0.0402952478709721,0.04238754663349615,0.04429641921197121,0.04602992270071724,0.04759445000063626,0.04899488694968058,0.050234825915252065,0.05131680065775725,0.05224251637672453,0.053013059131281376,0.053629075241200044,0.0540909173693384,0.054398756983660104,0.054552665316354575,0.05455266531635447,0.05439875698366009,0.05409091736933845,0.053629075241199885,0.053013059131281175,0.05224251637672435,0.051316800657757164,0.05023482591525204,0.048994886949680516,0.047594450000636196,0.046029922700717256,0.044296419211971125,0.0423875466334961,0.04029524787097212,0.03800975051422352,0.035519681041823126,0.03281241462629986,0.02987473993770665,0.026693931474478464,0.023259289957623514,0.019564219660599364,0.015608980119509041,0.011403989985944284,0.0069734477539205725,0.00236004582530885
0.002331198491147034,0.006945618708956672,0.011379354586824677,0.015588667061486067,0.01954820243774797,0.023247188024649007,0.026685192008547663,0.029868734725535927,0.03280858443427266,0.03551758241613747,0.038009055879674125,0.04029573788767871,0.04238908994692395,0.04429894661560684,0.04603340421279564,0.04759887501171707,0.04900024794055526,0.0502411060386421,0.051323965044931884,0.052250506608420066,0.053021790696143545,0.05363843757115044,0.054100776163076916,0.054408958396446126,0.05456304163529255,0.05456304163529263,0.05440895839644628,0.054100776163076986,0.05363843757115044,0.05302179069614346,0.05225050660841986,0.05132396504493165,0.05024110603864205,0.04900024794055522,0.04759887501171712,0.04603340421279559,0.04429894661560683,0.04238908994692389,0.040295737887678776,0.03800905587967417,0.03551758241613731,0.032808584434272606,0.029868734725535823,0.02668519200854743,0.0232471880246488,0.01954820243774799,0.015588667061485992,0.011379354586824665,0.006945618708956742,0.0023311984911470293
0.0023643212195901893,0.006976013953122319,0.011405417815065889,0.01560968369335463,0.019564544558763716,0.0232594896860794,0.026694219042194083,0.029875314629031462,0.03281346391815734,0.03552138692809363,0.03801229382446317,0.040298806225155,0.04239229156079999,0.04430251019342315,0.046037498991566755,0.04760362098616634,0.04900572274121386,0.05024734865234763,0.051330978027386835,0.052258257779626525,0.0530302152282943,0.05364744087411625,0.05411023793669861,0.05441873781061801,0.05457298354821445,0.0545729835482145,0.05441873781061799,0.05411023793669853,0.05364744087411625,0.053030215228294264,0.05225825777962645,0.05133097802738675,0.05024734865234763,0.04900572274121416,0.047603620986166405,0.046037498991566846,0.044302510193423246,0.04239229156079995,0.0402988062251552,0.03801229382446329,0.035521386928093535,0.032813463918157135,0.02987531462903128,0.026694219042193833,0.023259489686079205,0.01956454455876368,0.01560968369335453,0.011405417815065762,0.006976013953122182,0.0023643212195899976
0.0023239984625436708,0.006937207144152417,0.011370798942529636,0.015580661460132397,0.019541139339391146,0.023241302199298576,0.0266805950769583,0.029865458724906452,0.03280663154596986,0.03551695101334934,0.03800975877001849,0.040297810637194086,0.04239258956668408,0.044303943275225535,0.04603996993010161,0.04760706995939341,0.04901010741821033,0.050252628803365305,0.05133710453909698,0.05226516528198868,0.05303781815700284,0.05365563232242144,0.054118890966342,0.054427708682324785,0.054582116482097424,0.05458211648209743,0.05442770868232488,0.054118890966341995,0.053655632322421466,0.05303781815700277,0.052265165281988574,0.051337104539096845,0.050252628803365174,0.04901010741821019,0.0476070699593933,0.046039969930101586,0.04430394327522554,0.04239258956668428,0.040297810637194204,0.03800975877001869,0.03551695101334936,0.032806631545969855,0.029865458724906372,0.026680595076958257,0.023241302199298645,0.019541139339391184,0.01558066146013239,0.011370798942529705,0.006937207144152475,0.0023239984625439258
0.0023706282593532807,0.0069806322578837105,0.011408893122395613,0.015612402125054754,0.019566787302916798,0.023261438808330728,0.026696035045948915,0.029877161373838865,0.032815511932598504,0.03552381609334107,0.03801529108564868,0.04030255862470138,0.04239698063230687,0.044308304206448317,0.04604454497986334,0.04761203576851538,0.04901558474963178,0.050258690344461926,0.05134378049444936,0.05227244754361181,0.0530456641663282,0.05366396907783244,0.054127619748911254,0.05443671052338511,0.054591258429965005,0.054591258429965005,0.05443671052338505,0.05412761974891112,0.05366396907783233,0.05304566416632803,0.05227244754361161,0.05134378049444915,0.05025869034446191,0.049015584749631774,0.0476120357685154,0.04604454497986332,0.044308304206448317,0.04239698063230688,0.040302558624701196,0.0380152910856486,0.035523816093341085,0.03281551193259842,0.029877161373838636,0.02669603504594866,0.023261438808330433,0.019566787302916704,0.01561240212505459,0.011408893122395482,0.006980632257883559,0.002370628259353054
0.0023145304064444115,0.006926499803555654,0.01135983744594609,0.015570116088143085,0.01953146859393681,0.02323282847573656,0.02667350346963793,0.02985982987491825,0.03280248908421716,0.03551428883843284,0.03800856574226639,0.0402980866811502,0.042394351210029935,0.04430721988364134,0.046044796064513276,0.047613473889421686,0.0490180995522354,0.05026219058836035,0.05134817994402376,0.05227765487354555,0.05305157680472916,0.05367047015047731,0.05413457776904412,0.054443981145336794,0.05459868785465222,0.0545986878546522,0.054443981145336696,0.05413457776904412,0.05367047015047728,0.05305157680472917,0.05227765487354532,0.05134817994402358,0.05026219058836006,0.04901809955223536,0.047613473889421595,0.046044796064513165,0.044307219883641266,0.04239435121002992,0.04029808668115003,0.03800856574226647,0.03551428883843293,0.03280248908421719,0.029859829874918083,0.02667350346963786,0.02323282847573648,0.019531468593936806,0.015570116088143182,0.011359837445946092,0.006926499803555829,0.002314530406444677
0.002379514459403618,0.006987971306764413,0.01141531802673142,0.015618318235967118,0.019572375137459925,0.023266730957636473,0.02670105839386064,0.02988197339455529,0.03282020548109566,0.03552852764297933,0.03802019098855701,0.040307834238769887,0.04240282466653006,0.04431490170763942,0.04605206226525347,0.047620610074159686,0.049025315943823124,0.05026963357185684,0.05135594145733788,0.052285779794357196,0.053060069455059124,0.05367930027407369,0.05414368674333215,0.05445328846663123,0.05460809813018372,0.05460809813018366,0.05445328846663113,0.05414368674333183,0.0536793002740736,0.05306006945505905,0.052285779794357064,0.051355941457337746,0.050269633571856834,0.049025315943822825,0.047620610074159436,0.04605206226525332,0.044314901707639236,0.04240282466652986,0.04030783423876967,0.03802019098855661,0.0355285276429791,0.0328202054810955,0.02988197339455504,0.026701058393860368,0.023266730957636258,0.019572375137459564,0.015618318235966796,0.01141531802673119,0.006987971306764198,0.0023795144594034477
0.002302294670187427,0.006912818446134947,0.011345450489024106,0.015555567379322635,0.019517301592580326,0.023219538311878136,0.026661438397323194,0.029849227019624718,0.03279349377805365,0.035506967643971564,0.038002941747452716,0.040294162500961385,0.042392122540061215,0.04430668168103561,0.046045942655794626,0.04761629274236998,0.04902256358535432,0.05026824938917371,0.051355752586201266,0.05228662442619161,0.053061787968645635,0.05368172958071018,0.054146657585050634,0.054456624916310405,0.05461161887853166,0.054611618878531734,0.054456624916310384,0.05414665758505048,0.05368172958071011,0.053061787968645496,0.0522866244261915,0.05135575258620116,0.050268249389173465,0.049022563585354124,0.04761629274237004,0.04604594265579456,0.044306681681035597,0.042392122540060986,0.040294162500961364,0.03800294174745262,0.03550696764397154,0.03279349377805376,0.029849227019624988,0.026661438397323378,0.023219538311878278,0.01951730159258049,0.015555567379322923,0.01134545048902434,0.006912818446135342,0.0023022946701877246
0.0023914068442217272,0.006998731015144697,0.011425939845666313,0.01562938562089312,0.019583904012040316,0.023278525326984614,0.02671290568527116,0.029893674035445076,0.03283164138388629,0.03553968011073612,0.038031121900936056,0.040318665444046865,0.04241371741656222,0.04432603473359842,0.046063612916844784,0.04763273869395084,0.049038153439819994,0.05028327199849003,0.05137042782840753,0.0523011127438312,0.05307619907075311,0.05369613072763574,0.05416108175025436,0.05447107905615027,0.05462609241997996,0.05462609241997988,0.054471079056150055,0.05416108175025417,0.0536961307276356,0.053076199070753005,0.052301112743831146,0.05137042782840735,0.05028327199848982,0.049038153439819945,0.04763273869395064,0.046063612916844576,0.04432603473359835,0.042413717416562,0.04031866544404677,0.038031121900936014,0.03553968011073566,0.03283164138388586,0.029893674035444726,0.02671290568527072,0.023278525326984042,0.019583904012039778,0.01562938562089265,0.011425939845665983,0.006998731015144336,0.0023914068442211418
0.0022870477524819612,0.006895629136896628,0.011326339674294302,0.015534684945311865,0.019495283098317103,0.023197059147729644,0.026639118112917106,0.02982763222912324,0.032773083510194874,0.03548807435539988,0.03798578865630036,0.04027888922294688,0.0423788058881308,0.04429535471949666,0.04603660516458014,0.04760891627536557,0.049017091899082245,0.05026459650241598,0.051353799999982665,0.05228621887439799,0.05306274071743599,0.05368381765746567,0.054149627293607026,0.05446019736316061,0.054615497326633115,0.05461549732663308,0.05446019736316058,0.05414962729360697,0.0536838176574655,0.053062740717435976,0.05228621887439804,0.05135379999998269,0.050264596502415916,0.04901709189908229,0.04760891627536568,0.046036605164580385,0.04429535471949682,0.04237880588813082,0.04027888922294706,0.03798578865630061,0.03548807435539993,0.03277308351019498,0.02982763222912334,0.026639118112917318,0.023197059147729893,0.01949528309831729,0.015534684945312143,0.011326339674294687,0.006895629136896996,0.0022870477524823403
0.0024062216118517737,0.007013436618157338,0.0114424278087901,0.015648739185195416,0.019606085988522634,0.023303099572325355,0.026739325642764256,0.02992135441520461,0.03286004790219775,0.03556840239218569,0.03805987676324712,0.040347297689088055,0.04244217896637058,0.04435435657692208,0.04609187666986909,0.047661051659713204,0.04906662764890823,0.05031200738865912,0.051399500557587956,0.05233056720055992,0.053106044426138414,0.05372634051489825,0.05419159708215796,0.05450181410968916,0.05465694230962996,0.05465694230962996,0.0545018141096891,0.05419159708215795,0.05372634051489797,0.05310604442613821,0.05233056720055996,0.051399500557587886,0.05031200738865906,0.04906662764890799,0.04766105165971288,0.04609187666986885,0.04435435657692168,0.0424421789663703,0.0403472976890878,0.03805987676324666,0.03556840239218533,0.032860047902197195,0.029921354415203893,0.026739325642763576,0.02330309957232475,0.019606085988522058,0.015648739185194948,0.011442427808789523,0.007013436618156771,0.0024062216118511956
0.0022696190541183774,0.006874820215569418,0.011301051054736503,0.015504093399878318,0.019459568096984223,0.02315684751171506,0.02659526456717291,0.029781171284908124,0.032725004170955946,0.03543925951187839,0.03793699067506999,0.04023071965971493,0.04233173314751942,0.044249723923917385,0.0459926514872991,0.04756678277316249,0.0489768395027637,0.05022621508006466,0.05131721396595842,0.05225129425063432,0.05302929004147946,0.05365160700203218,0.0541183831118048,0.05442961536425799,0.054585251830641814,0.054585251830641925,0.054429615364258076,0.0541183831118051,0.05365160700203239,0.05302929004147975,0.05225129425063442,0.05131721396595865,0.05022621508006487,0.04897683950276387,0.0475667827731629,0.0459926514872996,0.044249723923917676,0.0423317331475197,0.040230719659715135,0.03793699067507056,0.035439259511878846,0.03272500417095652,0.029781171284908828,0.026595264567173697,0.02315684751171601,0.01945956809698518,0.015504093399879262,0.01130105105473745,0.006874820215569888,0.0022696190541189945
0.002422338230860364,0.007032097699674425,0.01146722714470632,0.01568147004873308,0.019647122190130522,0.02335256714184795,0.02679685670839576,0.029986118130802094,0.032931023103824134,0.035644549341455625,0.03814022189432843,0.040431001491456404,0.04252854818656297,0.0444428486608684,0.04618207552725402,0.04775264934787878,0.0491593929393882,0.05040576664240737,0.05149411343299511,0.05242591400518316,0.053202011507114955,0.053822814706293375,0.05428845957127662,0.054598940349641516,0.054754201899632204,0.05475420189963222,0.054598940349641356,0.05428845957127651,0.053822814706293305,0.053202011507114774,0.05242591400518297,0.05149411343299462,0.05040576664240695,0.049159392939387696,0.04775264934787817,0.04618207552725355,0.04444284866086774,0.04252854818656199,0.040431001491455495,0.0381402218943275,0.035644549341454716,0.032931023103823114,0.029986118130801133,0.026796856708394906,0.023352567141846886,0.01964712219012955,0.015681470048732226,0.011467227144705466,0.007032097699673659,0.002422338230859656
0.0022528899099459143,0.0068530401762408695,0.011268920061414663,0.0154588795413921,0.01940017251454661,0.023082770375625446,0.026506551959144267,0.029678448955324465,0.032609328340181515,0.035311964191725186,0.037799537893895195,0.04008456361860656,0.04217825352529241,0.04409017199546556,0.04582814059143897,0.04739827671445591,0.04880516634211395,0.05005207071597313,0.05114117971988951,0.052073844477269864,0.05285080887552861,0.053472398447219675,0.05393868767522655,0.0542496231793359,0.05440511990810339,0.05440511990810366,0.05424962317933634,0.053938687675227,0.05347239844722032,0.05285080887552933,0.05207384447727092,0.051141179719890455,0.05005207071597409,0.048805166342115125,0.047398276714456976,0.045828140591440115,0.04409017199546687,0.04217825352529381,0.040084563618607856,0.03779953789389659,0.03531196419172667,0.03260932834018277,0.02967844895532587,0.026506551959145773,0.0230827703756269,0.019400172514547964,0.015458879541393224,0.011268920061415716,0.006853040176241543,0.002252889909946573
0.0024389091408651806,0.007054494040280829,0.011501743361893375,0.015733752699794705,0.01972086046380777,0.023450561248308282,0.026920887215889214,0.030136997301263777,0.03310875326020855,0.03584848689521088,0.03836924325836379,0.04068368532594735,0.042803307784082374,0.04473802529551189,0.04649598846420442,0.04808362200758293,0.04950575828825784,0.050765863786900414,0.05186627954953587,0.05280847620710934,0.05359328084110883,0.05422108257240239,0.05469199764599923,0.05500600273798395,0.05516302988183999,0.055163029881839756,0.05500600273798284,0.054691997645998275,0.05422108257240099,0.053593280841107496,0.0528084762071079,0.05186627954953418,0.05076586378689865,0.049505758288255625,0.04808362200758059,0.04649598846420271,0.044738025295509846,0.042803307784079925,0.04068368532594469,0.038369243258361135,0.03584848689520825,0.03310875326020657,0.030136997301261983,0.026920887215887493,0.023450561248306204,0.019720860463805973,0.015733752699792693,0.011501743361892077,0.007054494040279961,0.002438909140864289
