case,topo,ratio,max_level,active,omega,Fx,c2f_predictor_weight,wall_phase_transport_correction,mass_in,mass_oracle,mass_amr,mass_amr_minus_oracle,jx_in,jx_oracle,jx_amr,jx_amr_over_oracle,jx_amr_minus_oracle,jy_in,jy_oracle,jy_amr,jy_amr_minus_oracle,leaf_collision_djx,leaf_stream_djx,amr_collision_djx,amr_collision_minus_leaf_collision,max_abs_drho,max_abs_dux,max_abs_duy,sum_abs_dux,bad_cells,worst_cell_id,worst_level,worst_i,worst_j,worst_geom,worst_drho,worst_dux,worst_duy
xband_wall_r4,xband_wall,4,2,984,1.0000000000000000e+00,9.9999999999999995e-08,1.0000000000000000e+00,true,1.9200000000004422e+02,1.9200000000000162e+02,1.9200000000000313e+02,1.5063505998114124e-12,0.0000000000000000e+00,7.4824691367801144e-05,7.2533333338580322e-05,9.6937697988010885e-01,-2.2913580292208222e-06,0.0000000000000000e+00,-7.0559877385356629e-16,-1.7347234759768071e-18,7.0386405037758948e-16,7.6800000006652580e-05,-1.9753086421023074e-06,7.6800000005539104e-05,-1.1134756311426131e-15,2.7311486405778851e-14,1.3317901558645899e-07,3.3202607330196774e-15,1.6493831198199841e-05,264,1185,2,25,45,west_iface,-3.2196467714129540e-15,-1.3317901558645899e-07,-4.8572257327350648e-17
xband_h_r4,xband_h,4,2,2088,1.0000000000000000e+00,9.9999999999999995e-08,1.0000000000000000e+00,true,1.9200000000005744e+02,1.9199999999998968e+02,1.9199999999998852e+02,-1.1652900866465643e-12,0.0000000000000000e+00,7.4824691365653557e-05,7.4824691361916962e-05,9.9999999995006206e-01,-3.7365943672540425e-15,0.0000000000000000e+00,-4.2934406030425976e-17,8.1098322501915732e-17,1.2403272853234171e-16,7.6800000006652580e-05,-1.9753086421023074e-06,1.0560000000390027e-04,2.8799999997247694e-05,9.8148257965391394e-08,3.9006231354387696e-08,2.6543213804627086e-08,8.0656208988114234e-06,792,494,1,22,11,east_iface,-9.8148257965391394e-08,-9.2591999005958409e-09,0.0000000000000000e+00
