case,topo,ratio,max_level,active,mask_events,row_events,max_abs_weight_error,min_total_weight,max_total_weight,over_count,under_count,unmasked_row_events,masked_without_rows,multi_kind_count,sync_rows,advance_rows,reflux_rows,sync_weight_sum,advance_weight_sum,reflux_weight_sum
xband_wall_r2,xband_wall,2,1,336,48,48,7.5000000000000000e-01,2.5000000000000000e-01,1.0000000000000000e+00,0,24,0,0,0,16,72,8,4.0000000000000000e+00,2.4000000000000000e+01,8.0000000000000000e+00
xband_h_r2,xband_h,2,1,648,0,0,0.0000000000000000e+00,Inf,-Inf,0,0,0,0,0,0,0,0,0.0000000000000000e+00,0.0000000000000000e+00,0.0000000000000000e+00
xband_wall_r4,xband_wall,4,2,984,318,318,7.5000000000000000e-01,2.5000000000000000e-01,1.0000000000000000e+00,0,68,0,0,23,128,765,99,1.8500000000000000e+01,2.0475000000000000e+02,6.0750000000000000e+01
xband_h_r4,xband_h,4,2,2088,0,0,0.0000000000000000e+00,Inf,-Inf,0,0,0,0,0,0,0,0,0.0000000000000000e+00,0.0000000000000000e+00,0.0000000000000000e+00
xband_wall_r8,xband_wall,8,3,3432,1902,1902,8.7500000000000000e-01,1.2500000000000000e-01,1.0000000000000000e+00,0,196,0,0,84,709,3908,631,6.8687500000000000e+01,1.4489375000000000e+03,2.8637500000000000e+02
xband_h_r8,xband_h,8,3,6936,0,0,0.0000000000000000e+00,Inf,-Inf,0,0,0,0,0,0,0,0,0.0000000000000000e+00,0.0000000000000000e+00,0.0000000000000000e+00
xband_wall_r16,xband_wall,16,4,12936,13455,13455,9.3750000000000000e-01,6.2500000000000000e-02,1.0000000000000000e+00,0,582,0,0,291,3516,22396,3272,2.5982812500000000e+02,1.1700015625000000e+04,1.2041562500000000e+03
xband_h_r16,xband_h,16,4,24360,0,0,0.0000000000000000e+00,Inf,-Inf,0,0,0,0,0,0,0,0,0.0000000000000000e+00,0.0000000000000000e+00,0.0000000000000000e+00
