1.022351125258557e-7,3.021152996912567e-7,3.8927314643701375e-7,3.623071080587311e-7,2.6225980180430616e-7,1.1751965476499188e-7,-5.4603096504957864e-8,-2.433707674218323e-7,-4.4187010126630766e-7,-6.455619549094751e-7,-8.514354654315167e-7,-1.0574817199705593e-6,-1.2623578016938366e-6,-1.4651684101415629e-6,-1.6653213590331843e-6,-1.8624299438869968e-6,-2.0562462080725774e-6,-2.2466145130679513e-6,-2.4334392292968475e-6,-2.616661815307166e-6,-2.7962448219077414e-6,-2.9721604095549476e-6,-3.144382488415951e-6,-3.312881052798486e-6,-3.477618543863266e-6,-3.6385472501013137e-6,-3.7956079376408236e-6,-3.948728920072994e-6,-4.097825947391136e-6,-4.242802218739838e-6,-4.383549002233089e-6,-4.519946204297915e-6,-4.651863439889112e-6,-4.779160957280248e-6,-4.901691005855154e-6,-5.0192990088956045e-6,-5.1318251503524865e-6,-5.239105735758598e-6,-5.340974954389739e-6,-5.4372663942475525e-6,-5.527814953295103e-6,-5.612458488023734e-6,-5.691039853576807e-6,-5.7634086677681225e-6,-5.829423462809416e-6,-5.888953550111643e-6,-5.941881265377e-6,-5.988103915898486e-6,-6.027536102832955e-6,-6.0601117339113675e-6,-6.085786406603596e-6,-6.104539471616473e-6,-6.116376463397018e-6,-6.121331205074307e-6,-6.119468281485881e-6,-6.110885185594275e-6,-6.095714839851008e-6,-6.074127798858771e-6,-6.046334845456689e-6,-6.01258928537481e-6,-5.973189667972846e-6,-5.9284822424023845e-6,-5.878863888623246e-6,-5.824784842082277e-6,-5.76675197032249e-6,-5.705331929430144e-6,-5.641154983009005e-6,-5.5749188243754265e-6,-5.507393218287174e-6,-5.43942481821704e-6,-5.37194301827677e-6,-5.305966218714749e-6,-5.2426094168665866e-6,-5.183092537616654e-6,-5.128750481947268e-6,-5.08104435262017e-6,-5.041574927488032e-6,-5.01209790112253e-6,-4.994542086336741e-6,-4.991030182202296e-6,-5.003903458230041e-6,-5.035750096377753e-6,-5.089438745325433e-6,-5.168157222395768e-6,-5.2754582125163625e-6,-5.415312176988163e-6,-5.592169748377773e-6,-5.811034247862499e-6,-6.077547226405885e-6,-6.398088338917906e-6,-6.7798934074217025e-6,-7.231193082156881e-6,-7.761377478781359e-6,-8.381191055309656e-6,-9.102965654981976e-6,-9.940899207558502e-6,-1.091139246479714e-5,-1.2033457096715159e-5,-1.3329215614767466e-5,-1.4824517369855073e-5,-1.654970641139344e-5,-1.8540586676773628e-5,-2.083965050606139e-5,-2.3497658885892436e-5,-2.6575701684303996e-5,-3.014791712254293e-5,-3.430513367839644e-5,-3.9159816317165545e-5,-4.485289017753007e-5,-5.156330502863459e-5,-5.9521676915378285e-5,-6.903010722550355e-5,-8.049157276479612e-5,-9.445448735060864e-5,-0.00011168187775899106,-0.0001332614681703017,-0.00016078658311255648,-0.00019666898047184978,-0.000244714364468735,-0.00031119399960391643,-0.00040665922954064026,-0.0005487573323245542,-0.0007704882471621438,-0.0011583267620673221,-0.0019804609302973147,-0.0033852201320479502,-0.0016820689439593353,0.1
6.994582601286517e-7,1.7770497455249557e-6,2.157510094970456e-6,1.9290783036161784e-6,1.2718825998417897e-6,3.3042609849709876e-7,-7.954378669294977e-7,-2.038684049038793e-6,-3.354182973530043e-6,-4.7113054343116346e-6,-6.089117037438123e-6,-7.4732413759807885e-6,-8.853784324962436e-6,-1.0223940343297068e-5,-1.1579042985180725e-5,-1.2915909351098005e-5,-1.4232382041249178e-5,-1.5527006004831644e-5,-1.6798798690491305e-5,-1.804708571005197e-5,-1.9271382879528876e-5,-2.047131158961016e-5,-2.1646538192070563e-5,-2.279673100426772e-5,-2.3921530173526476e-5,-2.502052717112788e-5,-2.609325137908331e-5,-2.7139162120064964e-5,-2.815764472245625e-5,-2.9148009784702213e-5,-3.0109494826283978e-5,-3.1041267920298946e-5,-3.194243281500995e-5,-3.281203536955132e-5,-3.364907098755981e-5,-3.4452492995257676e-5,-3.52212217462001e-5,-3.595415446074409e-5,-3.665017563568208e-5,-3.730816806260102e-5,-3.792702431870245e-5,-3.8505658777711376e-5,-3.9043020024485175e-5,-3.95381037162616e-5,-3.99899657877839e-5,-4.039773603660873e-5,-4.076063199346184e-5,-4.107797310828542e-5,-4.1349195166748194e-5,-4.1573864960273114e-5,-4.175169513947357e-5,-4.18825592704083e-5,-4.196650704226327e-5,-4.200377964964598e-5,-4.1994825323051856e-5,-4.194031504185614e-5,-4.184115843820003e-5,-4.169851994577631e-5,-4.151383524994935e-5,-4.128882812545171e-5,-4.102552777576431e-5,-4.072628681399057e-5,-4.039380007305334e-5,-4.0031124454441446e-5,-3.9641700102794215e-5,-3.92293732094517e-5,-3.879842085677369e-5,-3.8353578334962836e-5,-3.790006950204916e-5,-3.744364078821806e-5,-3.699059962042455e-5,-3.6547858093480184e-5,-3.612298292851841e-5,-3.572425284205598e-5,-3.536072471424823e-5,-3.504231007290558e-5,-3.477986374120526e-5,-3.4585286691673136e-5,-3.447164556557538e-5,-3.445331161201981e-5,-3.45461223345289e-5,-3.476756956950416e-5,-3.513701842906319e-5,-3.56759621871086e-5,-3.6408319148508844e-5,-3.736077851866518e-5,-3.856320364033001e-5,-4.0049102464758665e-5,-4.185617710918203e-5,-4.402696670223688e-5,-4.660960078000293e-5,-4.965868429226767e-5,-5.323634021119636e-5,-5.741344208048623e-5,-6.227107715480165e-5,-6.790229175519814e-5,-7.441418504835406e-5,-8.193043712200089e-5,-9.059438379294306e-5,-0.00010057278705839338,-0.00011206050026779326,-0.00012528629718123834,-0.0001405202323445017,-0.00015808304001597295,-0.0001783582790518124,-0.00020180822183328082,-0.00022899491144030693,-0.00026060844512626767,-0.0002975054969047927,-0.0003407625534505859,-0.0003917506098579576,-0.0004522416703336232,-0.0005245632048824885,-0.0006118262696256392,-0.0007182690598004311,-0.0008497853363046051,-0.0010147562362355059,-0.0012253924666175903,-0.0014999481954791466,-0.0018664057467594707,-0.0023685798991951654,-0.0030762827632091483,-0.004103193723004491,-0.005617023284854528,-0.007633169845466438,-0.007644488557501923,0.006677021384150531,0.09999999999999999
1.7038062743291665e-6,3.913275220752432e-6,4.491127350164983e-6,3.744776168203061e-6,2.0241017618782747e-6,-3.800900370160406e-7,-3.2503178346767773e-6,-6.430680404105155e-6,-9.81098289866009e-6,-1.331354929627023e-5,-1.6883565073759873e-5,-2.0482282359078394e-5,-2.408228157655209e-5,-2.7664159410200987e-5,-3.121419867030987e-5,-3.472271614718422e-5,-3.818288202551728e-5,-4.158987026275124e-5,-4.494024349065735e-5,-4.823150567275482e-5,-5.1461775857177455e-5,-5.4629550071480514e-5,-5.773352790459693e-5,-6.077248690130978e-5,-6.37451925721746e-5,-6.665033510092645e-5,-6.948648623442214e-5,-7.225207152028035e-5,-7.494535434420131e-5,-7.756442909231224e-5,-8.010722148667463e-5,-8.257149458691594e-5,-8.49548593820762e-5,-8.725478910694273e-5,-8.946863669385499e-5,-9.159365484632536e-5,-9.362701841563535e-5,-9.556584875975045e-5,-9.740723991151584e-5,-9.914828633541998e-5,-0.00010078611218086912,-0.00010231790185721669,-0.00010374093187659848,-0.00010505260381320608,-0.0001062504783418786,-0.00010733231021003735,-0.00010829608412048607,-0.00010914005137620815,-0.00010986276728124288,-0.00011046312915070375,-0.00011094041494319461,-0.00011129432238323179,-0.00011152500861818066,-0.00011163313030345504,-0.00011161988421081464,-0.00011148704829962261,-0.00011123702341631905,-0.00011087287563647307,-0.00011039837951068424,-0.00010981806233423433,-0.00010913724983600073,-0.00010836211354794822,-0.00010749972043044849,-0.00010655808520494644,-0.00010554622620126903,-0.00010447422542592951,-0.00010335329395864833,-0.00010219584371472002,-0.00010101556706925445,-9.982752581330299e-5,-9.864825143928687e-5,-9.749585878822206e-5,-9.639017570619054e-5,-9.535289147551097e-5,-9.44077275152455e-5,-9.35806340768196e-5,-9.290001753728146e-5,-9.239700328419554e-5,-9.210574026266687e-5,-9.206375386403548e-5,-9.231235519179807e-5,-9.28971156646632e-5,-9.386841766171247e-5,-9.528209330667443e-5,-9.720016580851567e-5,-9.969170986866573e-5,-0.00010283385087653928,-0.00010671292580641974,-0.00011142583335673404,-0.00011708160586724654,-0.0001238032425202595,-0.00013172985137597617,-0.00014101915879004764,-0.00015185045812955177,-0.00016442808783089636,-0.0001789855517866759,-0.0001957904261389295,-0.00021515023715713415,-0.00023741955015929824,-0.00026300858337650933,-0.0002923937621960028,-0.00032613076769503325,-0.0003648708255808009,-0.0004093812483341315,-0.0004605716181099676,-0.0005195275263761833,-0.0005875545390058472,-0.0006662361334191193,-0.0007575109107039143,-0.0008637766441321855,-0.0009880320193305623,-0.001134071727908793,-0.0013067575565779558,-0.001512398076258283,-0.0017592831607035379,-0.0020584362294617264,-0.002424660756657953,-0.002877943349561439,-0.0034451507846680277,-0.0041614654252125445,-0.005069285027478302,-0.006205843267463677,-0.007544631904053819,-0.008751804546307614,-0.008311370534481834,-0.0008086581738041198,0.029287708487925473,0.10000000000000002
2.764713906895625e-6,6.0066472912270785e-6,6.476658679185301e-6,4.790433494150632e-6,1.4905141898234086e-6,-2.980040188904651e-6,-8.278640037768276e-6,-1.4148869203877064e-5,-2.0402046373574965e-5,-2.6900444269225717e-5,-3.354386880666165e-5,-4.0259522865236576e-5,-4.699454196432766e-5,-5.371055013895793e-5,-6.037969651416677e-5,-6.698176432272043e-5,-7.350205474123833e-5,-7.992983169869564e-5,-8.625717468733737e-5,-9.247812997128706e-5,-9.858808140439803e-5,-0.0001045832838519659,-0.00011046051780562624,-0.00011621683484086609,-0.00012184937163837141,-0.00012735521602641315,-0.00013273131280731502,-0.0001379744001628606,-0.00014308096980776694,-0.00014804724568160066,-0.00015286917732461973,-0.0001575424449432824,-0.00016206247398103596,-0.00016642445744298508,-0.00017062338473666514,-0.00017465407597710465,-0.00017851122105412638,-0.00018218942280333987,-0.0001856832438759574,-0.00018898725686352543,-0.00019209609743592088,-0.0001950045201584267,-0.000197707456832046,-0.00020020007707645092,-0.0002024778510426654,-0.0002045366139981884,-0.00020637263270056557,-0.0002079826733116728,-0.00020936407079703932,-0.00021051479957727404,-0.00021143354541168673,-0.00021211977831477144,-0.0002125738265393371,-0.00021279695148642187,-0.00021279142366106252,-0.00021256059962568283,-0.0002121090001956281,-0.0002114423899678283,-0.00021056785860067506,-0.00020949390412947427,-0.00020823051897636116,-0.00020678927919968648,-0.00020518343795777517,-0.00020342802408548026,-0.00020153994716563716,-0.00019953811045582767,-0.0001974435335849017,-0.0001952794869727284,-0.00019307164057604485,-0.0001908482296783228,-0.0001886402412092716,-0.00018648162430099952,-0.00018440952969760684,-0.00018246458300110458,-0.00018069119783031097,-0.0001791379355262997,-0.000177857919369674,-0.00017690931209242262,-0.00017635586711299558,-0.00017626756509329526,-0.00017672134949384211,-0.00017780197646220686,-0.0001796029970686464,-0.00018222789226674728,-0.0001857913845024267,-0.00019042095330516103,-0.0001962585870490837,-0.00020346280809099149,-0.00021221101539984445,-0.00022270219639526615,-0.00023516006995589987,-0.0002498367344633429,-0.00026701691060174935,-0.00028702288789625154,-0.00031022030954478937,-0.0003370249622320617,-0.00036791078035234437,-0.00040341932913446395,-0.00044417110466797295,-0.0004908790852369105,-0.0005443650975522123,-0.0006055797328562756,-0.0006756267780112451,-0.0007557934335904615,-0.0008475880021279297,-0.0009527872758351149,-0.001073496574929071,-0.001212226324467036,-0.0013719902410717722,-0.001556431613346512,-0.0017699856562881046,-0.0020180870206619756,-0.0023074309646954816,-0.002646291251790468,-0.0030448797751819385,-0.0035156835789650256,-0.004073589305536382,-0.004735292011711075,-0.00551669835595818,-0.006424999898968868,-0.007436677434089015,-0.00843831544951521,-0.009070125252456233,-0.008331314202131984,-0.0036584376819600297,0.010454516807071282,0.04481471639159165,0.1
3.622689655854321e-6,7.508231034490985e-6,7.429860502097435e-6,4.314133193491622e-6,-1.0969129096175357e-6,-8.208781715096888e-6,-1.6555783814937295e-5,-2.5780082659333185e-5,-3.561050847046305e-5,-4.584337798493382e-5,-5.632651032647258e-5,-6.694655650221086e-5,-7.76192416407426e-5,-8.828196692198015e-5,-9.888824326443811e-5,-0.00010940351556104218,-0.00011980203111318354,-0.0001300644888121448,-0.00014017627184754395,-0.00015012611731558272,-0.00015990511399413678,-0.00016950594755696052,-0.00017892233320154118,-0.00018814859087129475,-0.0001971793295361541,-0.0002060092152969353,-0.00021463280431323039,-0.0002230444261400348,-0.00023123810657416373,-0.00023920752166762957,-0.00024694597659598755,-0.00025444640449706407,-0.00026170138159586686,-0.000268703155722926,-0.0002754436860589737,-0.0002819146923614508,-0.00028810771238254267,-0.0002940141663924085,-0.0002996254280204903,-0.00030493290069447067,-0.00030992809917515046,-0.00031460273566360803,-0.00031894881013438216,-0.00032295870447367415,-0.00032662528015859965,-0.0003299419791119325,-0.00033290292751585936,-0.0003355030422548315,-0.00033773813981557337,-0.0003396050473487429,-0.00034110171578024314,-0.0003422273347349397,-0.0003429824492453641,-0.00034336907810664344,-0.0003433908339783685,-0.00034305304524467206,-0.00034236287992182434,-0.0003413294718405366,-0.0003399640496577272,-0.0003382800692234802,-0.00033629335021816674,-0.00033402221798875623,-0.0003314876519756394,-0.00032871344218912707,-0.00032572635574707457,-0.0003225563156248741,-0.0003192365944225267,-0.00031580402619305585,-0.0003122992401527784,-0.0003087669204548434,-0.0003052560971442449,-0.0003018204739269073,-0.0002985187995179193,-0.00029541529005202454,-0.0002925801114175446,-0.0002900899313558213,-0.00028802855286089705,-0.000286487641736399,-0.0002855675632672788,-0.00028537834473895795,-0.0002860407831718235,-0.00028768772002588707,-0.0002904655079900927,-0.0002945356982021437,-0.00030007698062049776,-0.00030728741471047603,-0.00031638699346339596,-0.0003276205900082566,-0.00034126134418236803,-0.0003576145554609025,-0.0003770221602921991,-0.0003998678854104018,-0.0004265831860832206,-0.0004576540991544254,-0.0004936291676252606,-0.0005351286266654325,-0.0005828550836061931,-0.0006376059778580152,-0.0007002881751884999,-0.0007719351367645773,-0.0008537272122912814,-0.0009470157413625185,-0.001053351812404984,-0.0011745207231458079,-0.0013125834041639258,-0.0014699262821541042,-0.0016493212143529352,-0.0018539970898346953,-0.002087724199939653,-0.002354910981972184,-0.0026607091400119784,-0.003011115231182485,-0.003413040100014621,-0.003874282900867977,-0.004403274942756888,-0.0050083103799497715,-0.005695670238145441,-0.006465385932248251,-0.007301964851535406,-0.008154318810282212,-0.00889254175601999,-0.009215830687400221,-0.008461691608478037,-0.005244207118763875,0.0031448994693368372,0.021118072059481335,0.05427774923240388,0.10000000000000003
4.114334815711265e-6,8.025270116286364e-6,6.8428494037675e-6,1.7536175536530618e-6,-6.3156382563570405e-6,-1.662784437167371e-5,-2.860123354990285e-5,-4.1781036783245604e-5,-5.581516055829469e-5,-7.043307142413296e-5,-8.542805354159651e-5,-0.00010064275844859973,-0.00011595771426830572,-0.00013128233499617921,-0.0001465479572401492,-0.00016170247923434294,-0.00017670624651286988,-0.00019152889897364924,-0.00020614695606548754,-0.00022054196779229765,-0.0002346990996276197,-0.0002486060507133192,-0.00026225222872155963,-0.00027562812297810197,-0.0002887248313297746,-0.00030153370670848556,-0.00031404609736004034,-0.0003262531607260311,-0.00033814573563911097,-0.00034971426096620887,-0.00036094873159379145,-0.0003718386846587896,-0.0003823732105851644,-0.0003925409846370612,-0.0004023303157137872,-0.0004117292097537175,-0.0004207254457489548,-0.0004293066627089034,-0.0004374604563212321,-0.0004451744842068355,-0.000452436578948207,-0.00045923486810066187,-0.00046555790060645927,-0.00047139477899447394,-0.00047673529691987773,-0.0004815700815212792,-0.00048589074023337665,-0.0004896900115968279,-0.0004929619197717336,-0.000495701932361847,-0.0004979071213408292,-0.000499576326776437,-0.0005007103232683635,-0.0005013119889356723,-0.0005013864770486746,-0.0005009413903528664,-0.000499986958441006,-0.000498536218518143,-0.0004966052002824073,-0.0004942131156771057,-0.0004913825547272568,-0.00048813968876941104,-0.00048451448293136944,-0.00048054091989673,-0.0004762572376425424,-0.00047170618412198205,-0.000466935292643315,-0.00046199718211289645,-0.0004569498872424262,-0.00045185722439759014,-0.0004467891998947654,-0.00044182246832197693,-0.00043704084983067776,-0.0004325359163624451,-0.00042840765843546664,-0.0004247652454431421,-0.00042172789444030453,-0.0004194258641051936,-0.0004180015930383257,-0.00041761100375961043,-0.0004184249967983641,-0.0004206311620948039,-0.0004244357386798161,-0.0004300658572302877,-0.00043777210478743427,-0.0004478314556299165,-0.0004605506182574614,-0.0004762698546406228,-0.0004953673356423326,-0.0005182641048556839,-0.0005454297334498657,-0.0005773887600884146,-0.0006147280241370858,-0.0006581050164296863,-0.0007082573914622845,-0.0007660138072676133,-0.0008323062858955553,-0.0009081843171443584,-0.0009948309613652363,-0.0010935812403319487,-0.0012059431344683654,-0.0013336215187814548,-0.0014785453505199795,-0.0016428983318665872,-0.0018291530471480743,-0.00204010809808192,-0.0022789268242623738,-0.0025491744227957194,-0.0028548469962013942,-0.003200380036784401,-0.0035906128664709115,-0.004030665476632441,-0.004525647387582218,-0.005080050131035035,-0.005696548256048132,-0.006373695575565033,-0.007101552116326584,-0.007853419308203135,-0.00857023891753,-0.009131219750934616,-0.009299079777141438,-0.008620772423655852,-0.006258313801738851,-0.0007408667984896375,0.01028581690572629,0.02994179687513973,0.06071968930634265,0.1
4.1422715623620025e-6,7.298405761574106e-6,4.3585326118918085e-6,-3.2974659479597396e-6,-1.4588246870990903e-5,-2.8651201038242166e-5,-4.4799888684057735e-5,-6.249055458949696e-5,-8.129517277437608e-5,-0.00010087881510715673,-0.0001209807089916035,-0.00014139860059564306,-0.0001619760507491846,-0.00018259225210618093,-0.00020315395030271415,-0.00022358908054272614,-0.00024384177978648046,-0.00026386848974868654,-0.00028363491877376307,-0.00030311367719023437,-0.0003222824397682347,-0.0003411225205488124,-0.00035961777057730396,-0.0003777537288936624,-0.0003955169726709228,-0.0004128946244226779,-0.00042987398359529397,-0.00044644225707254746,-0.0004625863688000279,-0.00047829283304209007,-0.0004935476792337468,-0.0005083364189599346,-0.0005226440477034562,-0.0005364550755275112,-0.0005497535821610351,-0.0005625232928429064,-0.0005747476720977078,-0.000586410033109679,-0.0005974936608854942,-0.0006079819476455417,-0.0006178585392322899,-0.0006271074914237588,-0.0006357134352858607,-0.0006436617507037689,-0.0006509387474272507,-0.0006575318529172512,-0.0006634298064534546,-0.0006686228588917216,-0.0006731029776316156,-0.0006768640562808809,-0.000679902128693914,-0.0006822155869971615,-0.0006838054034421778,-0.0006846753558849647,-0.0006848322569686493,-0.0006842861870818904,-0.0006830507315034,-0.0006811432221932961,-0.000678584985104921,-0.0006754015940041817,-0.0006716231322912101,-0.0006672844645158281,-0.0006624255198894434,-0.0006570915904019897,-0.0006513336468895335,-0.0006452086768297843,-0.0006387800485364688,-0.0006321179070054994,-0.0006252996077496432,-0.0006184101957207969,-0.0006115429377267711,-0.0006047999177400656,-0.0005982927060611522,-0.0005921431145641179,-0.000586484052129167,-0.0005814604959508881,-0.000577230596654447,-0.000573966937114144,-0.000571857967532077,-0.0005711096417347917,-0.0005719472827862562,-0.0005746177089128863,-0.0005793916544087645,-0.0005865665236337296,-0.0005964695204708598,-0.0006094611996382461,-0.0006259394911040291,-0.0006463442534638807,-0.0006711624175519502,-0.0007009337866301743,-0.0007362575652330666,-0.0007777996938514427,-0.0008263010719110918,-0.0008825867552948505,-0.0009475762171772161,-0.001022294759554869,-0.0011078861561707068,-0.0012056265902581497,-0.0013169399169558776,-0.0014434142179836395,-0.001586819507882249,-0.0017491262653739135,-0.0019325241514230598,-0.002139439754068923,-0.002372551334002045,-0.0026347971066748147,-0.002929371208630442,-0.003259697518451572,-0.003629364854363592,-0.004041995898314604,-0.004501003309815515,-0.00500915434960204,-0.005567810251329284,-0.006175611573594181,-0.006826216062672339,-0.00750440943050183,-0.008179414198074936,-0.00879337687483392,-0.009241622757372166,-0.009339153773709927,-0.008765225170409934,-0.006976408090163281,-0.00308452123320349,0.004275175548417942,0.01697098724697541,0.03703787459443291,0.06547383145919398,0.10000000000000002
3.650966043994236e-6,5.168145672031487e-6,-2.5770591446087613e-7,-1.1116454478335431e-5,-2.6208845391727227e-5,-4.456930290038474e-5,-6.542175317847424e-5,-8.814403055248627e-5,-0.00011223951759987153,-0.0001373136394273612,-0.00016305423558674105,-0.00018921522546892097,-0.00021560313744244664,-0.00024206611030058836,-0.0002684849936418033,-0.0002947661991533137,-0.00032083599080058817,-0.00034663594390602276,-0.0003721193458306831,-0.00039724835079524333,-0.00042199173652556805,-0.0004463231402014454,-0.0004702196759078364,-0.0004936608558447334,-0.0005166277537438981,-0.0005391023617987267,-0.0005610671026858035,-0.000582504466314685,-0.0006033967473791418,-0.0006237258647774197,-0.000643473247991318,-0.0006626197785887099,-0.0006811457775289756,-0.000699031030832358,-0.0007162548477498895,-0.0007327961467035579,-0.0007486335652619714,-0.0007637455910772904,-0.0007781107113468671,-0.000791707578721352,-0.000804515192004813,-0.0008165130901576005,-0.0008276815584090431,-0.000838001845336549,-0.0008474563899902914,-0.0008560290581287952,-0.0008637053868169849,-0.0008704728365969151,-0.0008763210506218303,-0.0008812421200954574,-0.0008852308555606777,-0.0008882850635454443,-0.0008904058283140259,-0.0008915977984661171,-0.0008918694784203209,-0.00089123352486477,-0.0008897070486167602,-0.0008873119224452886,-0.0008840750958587192,-0.0008800289180496527,-0.0008752114707439596,-0.0008696669129880325,-0.0008634458405918106,-0.0008566056633499946,-0.000849211003994198,-0.0008413341233809487,-0.0008330553774203794,-0.0008244637119791018,-0.0008156572031890623,-0.0008067436515264667,-0.0007978412394586167,-0.0007890792636229354,-0.0007805989542011806,-0.0007725543955897073,-0.0007651135644560741,-0.0007584595030069636,-0.0007527916475979079,-0.0007483273348519886,-0.0007453035100777185,-0.000743978665097441,-0.00074463503549416,-0.0007475810898200963,-0.0007531543463664516,-0.0007617245556717231,-0.0007736972899199131,-0.0007895179826656745,-0.0008096764647305895,-0.0008347120434522545,-0.0008652191733982186,-0.0009018537657567293,-0.0009453401812701623,-0.0009964789458928019,-0.0010561552190490515,-0.0011253480285756436,-0.001205140262371632,-0.0012967293693195807,-0.00140143866596661,-0.0015207290603361586,-0.0016562108766904674,-0.001809655271979465,-0.001983004442906925,-0.0021783793778669754,-0.0023980832282281426,-0.0026445973266241325,-0.0029205652594710904,-0.003228757875168006,-0.0035720081486076845,-0.003953098569395364,-0.004374573785916961,-0.004838435350367532,-0.0053456498552534116,-0.005895360431745552,-0.0064836245140482505,-0.007101391760515134,-0.007731259278452268,-0.008342257425697417,-0.008881473204704842,-0.00926064696406536,-0.009334957196145497,-0.008870201177270932,-0.007494244276503799,-0.004631190131714671,0.00057231809502022,0.009290978401840604,0.022937552416556723,0.04277799550303467,0.06911762698309087,0.10000000000000002
2.613832358707501e-6,1.5485833332874174e-6,-7.142864260246496e-6,-2.1873420154095538e-5,-4.136242850798464e-5,-6.456614481739948e-5,-9.063614544342512e-5,-0.00011888428629207023,-0.00014875435742434253,-0.00017979849372945636,-0.00021165739759369012,-0.00024404374775284412,-0.00027672835025140065,-0.00030952866099205763,-0.00034229934487854555,-0.0003749245632860403,-0.0004073117104004648,-0.0004393863510968367,-0.0004710881465867242,-0.0005023675866900826,-0.0005331833776672089,-0.0005635003611248739,-0.000593287862372005,-0.0006225183857892997,-0.0006511665907080077,-0.0006792084942933992,-0.0007066208585438497,-0.0007333807270284995,-0.0007594650839024161,-0.0007848506132084556,-0.0008095135409339256,-0.0008334295457597633,-0.0008565737273042197,-0.0008789206228361449,-0.0009004442652737481,-0.0009211182766213063,-0.0009409159921790688,-0.0009598106116666278,-0.0009777753741576267,-0.0009947837541910195,-0.0010108096769153483,-0.0010258277503688068,-0.00103981351333312,-0.0010527436973048786,-0.0010645965013756007,-0.0010753518788335613,-0.0010849918345060107,-0.0010935007318463549,-0.0011008656089618635,-0.001107076502759646,-0.0011121267805939785,-0.0011160134787987538,-0.0011187376477338462,-0.0011203047030089847,-0.0011207247828580143,-0.0011200131117220158,-0.0011181903704908826,-0.0011152830740130285,-0.0011113239569663209,-0.0011063523694421623,-0.0011004146841925055,-0.0010935647178580616,-0.001085864169237118,-0.001077383078152066,-0.0010682003093742906,-0.0010584040667230084,-0.0010480924435393542,-0.0010373740165760966,-0.0010263684916354799,-0.0010152074103312804,-0.0010040349288744715,-0.000993008681051479,-0.000982300739328644,-0.0009720986895216558,-0.0009626068364772998,-0.000954047559938218,-0.0009466628419824632,-0.0009407159893184568,-0.0009364935760559732,-0.0009343076345044618,-0.000934498123826074,-0.0009374357080800267,-0.0009435248770623279,-0.0009532074443618881,-0.0009669664578717027,-0.0009853305574703656,-0.0010088788132226359,-0.0010382460738523958,-0.0010741288496373365,-0.0011172917444285323,-0.0011685744378519475,-0.0012288991982313314,-0.0012992788778261135,-0.001380825300208633,-0.001474757890956343,-0.00158241231923207,-0.0017052487997814187,-0.001844859536261003,-0.002002974546055366,-0.0021814647595439925,-0.0023823407840462057,-0.002607744988233151,-0.0028599334833670094,-0.003141242978503143,-0.0034540351018235685,-0.0038006071977751466,-0.004183053194184656,-0.004603049895872088,-0.005061531462879338,-0.005558195473712596,-0.00609075413230109,-0.006653798108561173,-0.007237069494530284,-0.007822831587713042,-0.00838185887746082,-0.008867328864757437,-0.009205559343835762,-0.00928210847311895,-0.008921339714368596,-0.007857491891168047,-0.005696482414301816,-0.0018720501030390438,0.004389075123272636,0.014056047050561212,0.028168108683773008,0.04749111153874313,0.07199243794915751,0.1
1.022869116370178e-6,-3.5944549025237367e-6,-1.6360261452191005e-5,-3.565339845173405e-5,-6.014476022787392e-5,-8.873686271678142e-5,-0.00012052695180942941,-0.0001547743311274441,-0.00019087324721617712,-0.0002283299901771593,-0.0002667434961682844,-0.00030578890871521953,-0.0003452036962405198,-0.00038477599372887747,-0.00042433487472028585,-0.0004637422853502629,-0.0005028863954376033,-0.0005416761460560768,-0.0005800367987529831,-0.0006179063173728641,-0.0006552324381780353,-0.0006919703066280228,-0.000728080579402817,-0.0007635279077686626,-0.000798279733360262,-0.0008323053399907408,-0.0008655751155845545,-0.0008980599869113477,-0.0009297309969031509,-0.0009605590000641397,-0.000990514456205002,-0.001019567306486911,-0.0010476869188706993,-0.0010748420924840373,-0.0011010011124579187,-0.0011261318483133385,-0.0011502018903086183,-0.001173178719103472,-0.0011950299049613977,-0.001215723333273725,-0.0012352274537581211,-0.001253511550996326,-0.0012705460343580906,-0.001286302745515484,-0.0013007552820239207,-0.0013138793355101951,-0.0013256530432255449,-0.0013360573517389208,-0.0013450763917498903,-0.0013526978630047303,-0.001358913428520146,-0.0013637191173418361,-0.001367115735324503,-0.0013691092834866086,-0.0013697113838154911,-0.0013689397125257721,-0.0013668184411832348,-0.0013633786863174757,-0.0013586589686564296,-0.0013527056834320476,-0.0013455735838442894,-0.001337326280204454,-0.0013280367580641211,-0.0013177879192162406,-0.0013066731504014317,-0.0012947969252992382,-0.0012822754465161609,-0.0012692373352069305,-0.001255824377303183,-0.001242192336438609,-0.0012285118452049935,-0.0012149693876832889,-0.0012017683879342507,-0.001189130420612463,-0.0011772965617610712,-0.0011665288994244698,-0.0011571122256615253,-0.001149355933080777,-0.0011435961408158986,-0.0011401980760850938,-0.0011395587387647756,-0.0011421098768319648,-0.001148321300662309,-0.0011587045629490873,-0.001173817028869736,-0.0011942663567921718,-0.0012207154034705272,-0.0012538875576813679,-0.00129457249231052,-0.0013436323047087318,-0.0014020079875124542,-0.001470726133496246,-0.001550905725464475,-0.0016437647896392394,-0.001750626592000266,-0.001872924920462324,-0.002012207807851627,-0.0021701387896306897,-0.0023484944268783114,-0.0025491563146202378,-0.002774095075124484,-0.0030253428106861166,-0.003304949023057094,-0.0036149128911025378,-0.003957081729778098,-0.00433300097564014,-0.004743694475971587,-0.0051893441810749235,-0.005668824034612972,-0.00617902167682476,-0.006713850235338209,-0.0072628062868211754,-0.007808862604160053,-0.008325387426075824,-0.00877164708759302,-0.00908627126747035,-0.00917785117777348,-0.008911656669049415,-0.008091459967863576,-0.006436023955619527,-0.003551735318199671,0.0010924894445730146,0.00817274884060563,0.018469882384521782,0.03273660950339548,0.05142104646098336,0.07431911295210078,0.10000000000000003
-1.1160641085813346e-6,-1.0256912054486637e-5,-2.7916494121983427e-5,-5.247324160255601e-5,-8.257773943614477e-5,-0.00011710123154239175,-0.0001551041616376522,-0.00019580688151151095,-0.0002385646208671179,-0.00028284591118647094,-0.0003282140346360037,-0.00037431110196022217,-0.0004208444394748784,-0.00046757501072686197,-0.0005143076268482291,-0.0005608827191586753,-0.0006071694646783909,-0.000653060072857234,-0.0006984650607216899,-0.000743309363244385,-0.0007875291452642426,-0.0008310691998782156,-0.0008738808353999894,-0.0009159201683419339,-0.0009571467534013673,-0.000997522493055413,-0.0010370107793149224,-0.0010755758285206983,-0.0011131821770797704,-0.0011497943118059227,-0.0011853764133578576,-0.0012198921951583068,-0.001253304823447088,-0.001285576906700871,-0.001316670544834263,-0.0013465474302764803,-0.0013751689944629278,-0.0014024965943467695,-0.0014284917344887923,-0.0014531163209351868,-0.0014763329437237642,-0.001498105185238002,-0.001518397952051166,-0.0015371778281068743,-0.0015544134473818676,-0.0015700758842763381,-0.0015841390602084936,-0.001596580164939969,-0.0016073800913665197,-0.0016165238825457885,-0.0016240011899547571,-0.0016298067420237026,-0.0016339408222588233,-0.0016364097563614731,-0.001637226408085858,-0.0016364106837386575,-0.0016339900456494795,-0.0016300000351912472,-0.0016244848064631094,-0.001617497672111281,-0.0016091016634260302,-0.0015993701073445162,-0.001588387223800748,-0.001576248747505196,-0.0015630625792100634,-0.001548949472320656,-0.0015340437618678862,-0.0015184941438275278,-0.0015024645141084988,-0.0014861348776711303,-0.0014697023397400957,-0.0014533821923528156,-0.0014374091111171077,-0.0014220384783958336,-0.0014075478507990457,-0.0013942385901503259,-0.0013824376785945237,-0.001372499739493791,-0.0013648092867685276,-0.0013597832255722992,-0.0013578736271322727,-0.0013595707993195932,-0.0013654066724118658,-0.0013759585154634265,-0.001391852992899576,-0.001413770561968118,-0.0014424501993638252,-0.0014786944277478168,-0.0015233745891977688,-0.0015774362800226548,-0.0016419048178144143,-0.0017178905526039326,-0.0018065937552110408,-0.0019093087096361504,-0.00202742649385098,-0.002162435740624271,-0.0023159204093564714,-0.002489553244636977,-0.00268508311144667,-0.0029043137278756087,-0.0031490703902032607,-0.0034211499949457526,-0.0037222478551370082,-0.004053852261633546,-0.004417094135152037,-0.00481253398826308,-0.005239861102989652,-0.005697469374063185,-0.006181859317216947,-0.00668679441088149,-0.007202109682205959,-0.007712028005194085,-0.008192781195835771,-0.008609255342499553,-0.008910282578480694,-0.009022093483543601,-0.008839356585280064,-0.008213243482526078,-0.006936244272762783,-0.0047243583773043,-0.0011993810097879656,0.004121884990233007,0.011817887177197279,0.022509526010961994,0.03673683738311325,0.05474417215508637,0.0762422513786996,0.10000000000000003
-3.7886594136787257e-6,-1.8408487914722805e-5,-4.177699374293461e-5,-7.229810513581739e-5,-0.00010862531733597256,-0.00014961834112649754,-0.00019431704012369674,-0.00024191593028696437,-0.00029174172786297734,-0.0003432335390852337,-0.00039592552029288217,-0.00044943177339577415,-0.0005034332581312412,-0.0005576665165134788,-0.0006119140169980862,-0.0006659959357296825,-0.0007197632020053563,-0.0007730916461274658,-0.0008258771005225033,-0.0008780313190029363,-0.0009294785937064573,-0.0009801529638482716,-0.0010299959244320803,-0.00107895455603671,-0.001126980008568433,-0.0011740262822674417,-0.0012200492583681925,-0.0012650059396249007,-0.0013088538676108584,-0.0013515506893171335,-0.0013930538503416647,-0.0014333203958748514,-0.0014723068640055753,-0.0015099692585341514,-0.0015462630907479812,-0.0015811434813926832,-0.0016145653155973235,-0.0016464834446710025,-0.0016768529297057392,-0.0017056293226475048,-0.0017327689811779438,-0.0017582294141842137,-0.0017819696550524437,-0.0018039506602665672,-0.0018241357311170416,-0.0018424909564523399,-0.0018589856746558974,-0.00187359295310151,-0.0018862900835605353,-0.0018970590920895937,-0.001905887262157439,-0.0019127676698452588,-0.00191769973022243,-0.0019206897541248224,-0.0019217515149000278,-0.0019209068248748715,-0.0019181861217362455,-0.0019136290652975502,-0.001907285145672537,-0.001899214304274111,-0.0018894875697348728,-0.0018781877113783418,-0.0018654099136923281,-0.001851262475934616,-0.0018358675419846344,-0.0018193618663838226,-0.0018018976236556545,-0.001783643268969198,-0.0017647844595143072,-0.0017455250470493227,-0.001726088153498726,-0.0017067173426411084,-0.0016876779023675683,-0.0016692582531072908,-0.001651771499330587,-0.0016355571418904223,-0.0016209829698715372,-0.0016084471508376497,-0.00159838053838396,-0.0015912492148712108,-0.0015875572855327447,-0.0015878499368202883,-0.0015927167671212041,-0.001602795390626368,-0.0016187753051112564,-0.0016414020001242315,-0.0016714812630422825,-0.00170988361442273,-0.0017575487696985233,-0.0018154899781906981,-0.0018847980297768262,-0.0019666446389829963,-0.0020622848101267198,-0.0021730576462494025,-0.0023003848780805626,-0.0024457661407550632,-0.0026107696944913804,-0.002797016840457725,-0.003006157683814843,-0.0032398350841788145,-0.003499632529468334,-0.0037870001587954104,-0.0041031510857724674,-0.0044489173124537505,-0.004824550565119839,-0.005229447891662854,-0.0056617742365559776,-0.006117943634699423,-0.006591906049669485,-0.007074166826556507,-0.007550438559463414,-0.007999789143604032,-0.008392103686165591,-0.008684622585062623,-0.008817259405549277,-0.008706357630745868,-0.008236555643143476,-0.007250578505743454,-0.005537220679050052,-0.002818790374437725,0.0012587666315236647,0.007126560528266215,0.015273127964476238,0.02618860829808841,0.04025696890377812,0.057589854997370085,0.07785987384618952,0.10000000000000002
-6.973742925707706e-6,-2.7999147624423652e-5,-5.7875734236709034e-5,-9.505255096364288e-5,-0.00013820469481663831,-0.0001861971301231734,-0.000238063610815268,-0.00029298499285036175,-0.0003502695646592465,-0.00040933525874195753,-0.0004696937725144036,-0.0005309365079148265,-0.0005927222120865906,-0.0006547661872917673,-0.0007168309330529607,-0.0007787180823402242,-0.00084026149544052,-0.0009013213796865919,-0.0009617793102095934,-0.0010215340357871458,-0.0010804979640648665,-0.0011385942312597702,-0.0011957542723687441,-0.0012519158184281672,-0.0013070212572438384,-0.0013610163029989385,-0.0014138489282294498,-0.001465468518738024,-0.0015158252182303714,-0.0015648694347517428,-0.0016125514855759718,-0.00165882136101809,-0.001703628590912055,-0.0017469222001670075,-0.001788650742106882,-0.0018287624001203466,-0.0018672051497221325,-0.0019039269743383754,-0.0019388761291938366,-0.0019720014484596537,-0.0020032526915330596,-0.0020325809248060035,-0.00205993893575687,-0.0020852816764874546,-0.0021085667341599907,-0.0021297548259505664,-0.0021488103163887287,-0.0021657017550510793,-0.002180402432793997,-0.0021928909547939113,-0.0022031518288852937,-0.0022111760677897274,-0.002216961804091899,-0.002220514916965283,-0.0022218496699889663,-0.0022209893596113373,-0.0022179669742514417,-0.0022128258643372353,-0.002205620424132372,-0.0021964167866222735,-0.0021852935334165154,-0.002172342422172205,-0.0021576691348731973,-0.002141394050984576,-0.002123653050477678,-0.0021045983525456763,-0.0020843993969391398,-0.002063243775795124,-0.0020413382250509425,-0.002018909685544201,-0.0019962064451644235,-0.0019734993744042616,-0.0019510832688340726,-0.0019292783128174555,-0.0019084316796454252,-0.001888919283570137,-0.0018711476993872366,-0.0018555562645296301,-0.0018426193774665222,-0.0018328490037103423,-0.0018267973971708058,-0.001825060038950741,-0.0018282787879981938,-0.0018371452270274445,-0.0018524041725035386,-0.0018748572975071452,-0.001905366790091212,-0.001944858934796388,-0.001994327459443692,-0.002054836429338222,-0.002127522392977969,-0.002213595381092422,-0.002314338227561789,-0.0024311035060740776,-0.002565307147698777,-0.002718417503632068,-0.0028919382208543835,-0.0030873827733574662,-0.0033062377942979534,-0.0035499114241236166,-0.003819661644422429,-0.004116497893748029,-0.004441047006337493,-0.0047933714674100545,-0.005172723856354879,-0.005577215771964034,-0.006003372003403472,-0.006445530589016719,-0.00689503591426597,-0.0073391542679573755,-0.007759618491630567,-0.008130680154712737,-0.008416514977389019,-0.00856779386003185,-0.008517207819200533,-0.008173742042875144,-0.007415574770169268,-0.00608170786777908,-0.003962945275925145,-0.0007938091473610626,0.003751360887487092,0.010052418632651234,0.018518865606291315,0.029535951058459204,0.04337309629173491,0.06005462126613529,0.07924098043385851,0.10000000000000006
-1.064661179393505e-5,-3.896616644705786e-5,-7.612499110263858e-5,-0.00012063182850540357,-0.00017119810981391725,-0.00022670797381094357,-0.00028620161091603345,-0.0003488571850807589,-0.00041397394734669815,-0.00048095657067952495,-0.0005493008724494602,-0.0006185809491053484,-0.0006884376938811233,-0.0007585686336723874,-0.0008287190014052077,-0.0008986739487515143,-0.0009682517982310669,-0.001037298232171627,-0.001105681317759245,-0.0011732872717358275,-0.0012400168744878997,-0.0013057824506367496,-0.0013705053412357679,-0.0014341138008076505,-0.001496541260414578,-0.0015577249054385418,-0.0016176045236879764,-0.0016761215856766131,-0.0017332185245039398,-0.0017888381876259274,-0.0018429234370718293,-0.0018954168782833439,-0.0019462607008967267,-0.0019953966173951653,-0.0020427658878123286,-0.002088309420488714,-0.0021319679404636126,-0.0021736822183163252,-0.002213393353360998,-0.0022510431059081988,-0.0022865742740392626,-0.002319931110856436,-0.002351059778664381,-0.0023799088368522785,-0.0024064297605851026,-0.0024305774875992515,-0.0024523109906520973,-0.002471593873288801,-0.0024883949868109295,-0.0025026890664224455,-0.0025144573847576887,-0.002523688421098658,-0.0025303785448629536,-0.00253453271209248,-0.0025361651740141255,-0.0025353001969699853,-0.0025319727934465432,-0.002526229464256387,-0.002518128952469235,-0.0025077430101282097,-0.0024951571794555503,-0.002480471590816808,-0.002463801780514391,-0.0024452795321698753,-0.0024250537463897377,-0.0024032913442056376,-0.0023801782108262195,-0.002355920187110282,-0.0023307441172723555,-0.0023048989622080525,-0.0022786569888869823,-0.0022523150470082506,-0.0022261959449549062,-0.002200649937477524,-0.002176056337858269,-0.0021528252669651506,-0.0021313995509180074,-0.0021122567773740578,-0.002095911517944365,-0.0020829177201440825,-0.002073871266669109,-0.002069412691640826,-0.002070230032636013,-0.0020770617824601707,-0.0020906998851914216,-0.0021119926951350377,-0.0021418477837773387,-0.002181234435849529,-0.002231185618872478,-0.002292799136800887,-0.002367237583334286,-0.002455726587294592,-0.0025595506834749527,-0.002680045936190555,-0.002818588175620287,-0.002976575359439461,-0.003155402119485823,-0.0033564239611538196,-0.003580907807403184,-0.003829964559201421,-0.004104458000066365,-0.004404882596875879,-0.004731200400857266,-0.005082624145061609,-0.005457329526130367,-0.005852074241409321,-0.006261694249946507,-0.006678438498692464,-0.007091091544469871,-0.0074838187371182715,-0.007834650863656952,-0.008113505144771497,-0.008279619689936426,-0.008278264766930278,-0.008036598472169526,-0.007458579151136885,-0.0064189718406759645,-0.004756755634036585,-0.0022687483753991333,0.0012948663166402418,0.0062300954760662825,0.012869006379262688,0.021553383482370705,0.032585032817738044,0.04614888593809114,0.06221155647397358,0.08043552985450515,0.09999999999999998
-1.4779235613229712e-5,-5.123713357566854e-5,-9.642058164561942e-5,-0.00014890857035845402,-0.00020746023396990367,-0.0002709901825131545,-0.00033855567079531,-0.0004093418120386472,-0.00048264734524538534,-0.0005578710795926547,-0.0006344992685545936,-0.0007120940217099447,-0.0007902827959559362,-0.0008687489606916032,-0.0009472234012099738,-0.0010254771047965268,-0.0011033146616808507,-0.001180568606052914,-0.001257094519512535,-0.001332766819619609,-0.001407475158835622,-0.001481121363403102,-0.0015536168470264599,-0.0016248804400984772,-0.001694836581307275,-0.0017634138244516648,-0.0018305436190303864,-0.001896159328482372,-0.0019601954548280794,-0.0020225870427957723,-0.0020832692403889843,-0.0021421769962035515,-0.002199244876739834,-0.0022544069894442666,-0.002307596999368744,-0.002358748229118555,-0.0024077938332994764,-0.002454667039905893,-0.0024993014521703977,-0.002541631405212588,-0.0025815923725697023,-0.002619121418209028,-0.002654157690132788,-0.002686642952003309,-0.0027165221495645594,-0.0027437440088307024,-0.002768261663266074,-0.002790033307304717,-0.002809022873773746,-0.002825200732884544,-0.0028385444106744403,-0.0028490393248992423,-0.0028566795366314385,-0.0028614685159854946,-0.002863419920716309,-0.0028625583866727254,-0.0028589203295090486,-0.0028525547573854657,-0.002843524094920292,-0.0028319050190933424,-0.0028177893084531964,-0.002801284707531714,-0.0027825158091447774,-0.002761624957917796,-0.0027387731792575033,-0.0027141411387338766,-0.0026879301377919613,-0.002660363152484645,-0.0026316859228673168,-0.0026021681014021833,-0.0025721044695286143,-0.002541816232023496,-0.0025116523992230817,-0.0024819912671118624,-0.002453242005001774,-0.002425846359454441,-0.0024002804814830274,-0.002377056881231503,-0.0023567265104157357,-0.0023398809669830166,-0.0023271548086899983,-0.0023192279515401085,-0.002316828114963174,-0.002320733256825833,-0.002331773917077988,-0.0023508353570394066,-0.0023788593405250627,-0.0024168453501830396,-0.002465850964871692,-0.002526991037001749,-0.0026014351977204694,-0.002690403075289461,-0.0027951564296217596,-0.0029169871717419967,-0.0030571999363652566,-0.00321708748886995,-0.0033978967494742987,-0.003600782573517508,-0.0038267455938994005,-0.004076549352299849,-0.004350610545485024,-0.004648854395046571,-0.004970524789996013,-0.005313935795841565,-0.005676147179678899,-0.006052541541702746,-0.006436274218650923,-0.006817559091071565,-0.007182743621127458,-0.007513114935527013,-0.007783366119845029,-0.00795963968933091,-0.007997056918030002,-0.00783664415160782,-0.007401592807849112,-0.006592859740205176,-0.00528426314137093,-0.003317506733746259,-0.0004980377488428371,0.0034066200734937067,0.008663392853080674,0.015561176856619329,0.024384546895458197,0.03536906730224426,0.048636957075136815,0.06411675145327284,0.08148051484823056,0.09999999999999998
-1.93426228876706e-5,-6.473444798591146e-5,-0.0001186481808551466,-0.00017974042568437136,-0.0002468265822953597,-0.00031886070952592344,-0.00039492594755136687,-0.0004742226602177178,-0.0005560566526542404,-0.0006398276333909084,-0.000725018220503345,-0.0008111836550469292,-0.0008979423159827272,-0.000984967077990191,-0.001071977516963341,-0.0011587329425013317,-0.0012450262193372968,-0.0013306783283690104,-0.0014155336112729097,-0.0014994556395579643,-0.0015823236484694245,-0.0016640294776828347,-0.001744474963657602,-0.001823569732337262,-0.0019012293452342224,-0.0019773737564818105,-0.002051926042992298,-0.002124811374224875,-0.002195956192187163,-0.002265287576050507,-0.0023327327691802036,-0.002398218849399815,-0.0024616725259966844,-0.0025230200492770195,-0.0025821872205084224,-0.0026390994917730834,-0.0026936821467339533,-0.0027458605545062653,-0.0027955604898743025,-0.002842708513899802,-0.0028872324096948327,-0.0029290616686550074,-0.002968128022940402,-0.003004366020323843,-0.0030377136378563737,-0.003068112931003708,-0.003095510715149957,-0.003119859276492675,-0.0031411171095554113,-0.0031592496786495192,-0.003174230200821236,-0.003186040447936318,-0.003194671565800084,-0.0032001249083735057,-0.0032024128854568077,-0.0032015598224471647,-0.0031976028311802283,-0.0031905926911893452,-0.0031805947412255667,-0.0031676897813105055,-0.0031519749862131473,-0.003133564831775111,-0.003112592036235868,-0.0030892085193289904,-0.0030635863827307894,-0.00303591891611482,-0.0030064216339016907,-0.002975333348447009,-0.002942917286175038,-0.002909462253670768,-0.0028752838612729455,-0.0028407258118492433,-0.0028061612624566165,-0.002771994266013811,-0.0027386612991812335,-0.0027066328807911506,-0.002676415282578021,-0.0026485523299393954,-0.002623627285080055,-0.0026022647972958305,-0.002585132895221654,-0.00257294498247571,-0.00256646178085336,-0.0025664931425352835,-0.0025738996237415815,-0.0025895936747359896,-0.002614540253313279,-0.002649756607704903,-0.0026963108971636077,-0.0027553192194622687,-0.002827940488953109,-0.0029153684490421656,-0.0030188199001215236,-0.0031395179659368857,-0.0032786688932297872,-0.0034374304613780256,-0.003616869545924386,-0.003817905699757155,-0.004041236747377737,-0.0042872412783400695,-0.004555851509451203,-0.0048463881786026605,-0.005157346834713616,-0.005486121976969213,-0.005828651834424907,-0.006178962019049382,-0.006528580702520875,-0.006865791295319312,-0.007174680937542589,-0.00743393485923583,-0.007615318860196114,-0.007681786919439632,-0.007585152273812284,-0.007263275277041731,-0.006636761808631826,-0.005605250711034117,-0.004043525481017231,-0.0017979515932585405,0.00131584117028542,0.005512511042604394,0.011031506684016909,0.018123452230865044,0.02702493631239992,0.03791886735318744,0.05088062145463948,0.06581381595470945,0.0824038698442846,0.09999999999999998
-2.43063536975831e-5,-7.937647191599842e-5,-0.00014268593662536473,-0.00021297381645541636,-0.0002891180275697769,-0.0003701190535338371,-0.0004550931005638527,-0.0005432628004971746,-0.0006339476393794913,-0.0007265542971714462,-0.0008205672169608665,-0.0009155395996773445,-0.0010110849543703486,-0.0011068692806136546,-0.0012026039203293128,-0.0012980390875404852,-0.001392958063827532,-0.0014871720327723971,-0.0015805155169990252,-0.001672842375514497,-0.0017640223160557684,-0.0018539378763631545,-0.001942481829141323,-0.002029554967467799,-0.0021150642301613898,-0.002198921129825669,-0.0022810404497031005,-0.00236133917891396,-0.0024397356590092705,-0.002516148917922555,-0.0025904981703424664,-0.0026627024661727977,-0.0027326804711387213,-0.002800350365687196,-0.0028656298501797523,-0.002928436245944985,-0.002988686683136681,-0.003046298367472275,-0.0031011889189135207,-0.003153276776131874,-0.0032024816612884342,-0.003248725100169379,-0.0032919309931864716,-0.003332026233073095,-0.0033689413654236218,-0.0034026112884182978,-0.003432975988301271,-0.0034599813073044002,-0.003483579740894382,-0.0035037312613177126,-0.003520404164605362,-0.003533575938314048,-0.0035432341474983305,-0.003549377336573369,-0.0035520159450080765,-0.0035511732350259864,-0.00354688622985887,-0.003539206661420299,-0.0035282019267362883,-0.0035139560528883017,-0.003496570670796429,-0.0034761659986747833,-0.003452881836657981,-0.0034268785746665096,-0.0033983382162976563,-0.0033674654221146232,-0.003334488576409372,-0.003299660882022621,-0.003263261488370692,-0.0032255966581026534,-0.003187000978039347,-0.00314783861983179,-0.0031085046553398633,-0.003069426430621134,-0.0030310650008087553,-0.0029939166254985034,-0.0029585143206683805,-0.0029254294579404596,-0.0028952733951382644,-0.0028686991127407596,-0.002846402818742807,-0.0028291254684668305,-0.002817654125457446,-0.0028128230631587676,-0.0028155144735159342,-0.002826658605709696,-0.002847233103973963,-0.0028782612445301674,-0.0029208086848042532,-0.0029759782282191395,-0.0030449019695021344,-0.003128730010815846,-0.003228614719109839,-0.003345689217685301,-0.003481038455419996,-0.0036356607561353112,-0.00381041719464044,-0.004005965444792634,-0.004222673861308272,-0.004460510444590663,-0.004718899940310058,-0.00499654057544207,-0.005291169752252124,-0.005599265325976853,-0.005915665795779715,-0.006233088774147258,-0.006541522448409554,-0.006827459498258123,-0.007072937381804514,-0.007254343725774323,-0.007340942083433564,-0.00729307397816685,-0.0070600020948359135,-0.006577383545488013,-0.00576441199769545,-0.00452075888749732,-0.002723598518925446,-0.00022524565663789014,0.00314770838652539,0.007592397610592933,0.013322903991493575,0.020556302705071954,0.029489052090204908,0.04026207132888897,0.05291554109347431,0.06733707255066279,0.0832270561025665,0.10000000000000005
-2.964044001846266e-5,-9.508062682829214e-5,-0.0001684087358931397,-0.00024844917775657767,-0.0003341467513696469,-0.0004245536433568904,-0.0005188248558012675,-0.0006162111188864019,-0.0007160512805933517,-0.0008177643578605584,-0.0009208415677601411,-0.0010248385504827877,-0.0011293679362760875,-0.0012340923575007426,-0.001338717967744626,-0.0014429884999179916,-0.0015466798726693478,-0.0016495953378948,-0.0017515611502746777,-0.0018524227317571963,-0.0019520412988716753,-0.0020502909180654615,-0.0021470559533431828,-0.0022422288708985496,-0.002335708366776335,-0.0024273977855850306,-0.0025172038006423957,-0.0026050353284945344,-0.0026908026533629358,-0.0027744167396239246,-0.0028557887128650783,-0.002934829492315944,-0.003011449559521965,-0.003085558849972846,-0.0031570667560489813,-0.0032258822310692573,-0.0032919139854796936,-0.0033550707672629705,-0.0034152617195615065,-0.0034723968092357496,-0.0035263873207152727,-0.0035771464099845166,-0.003624589713975593,-0.003668636010941965,-0.003709207927675664,-0.0037462326896119643,-0.0037796429100631366,-0.0038093774149356658,-0.003835382099445748,-0.0038576108134343277,-0.003876026272041485,-0.0038906009886063133,-0.0039013182268500366,-0.003908172969548038,-0.003911172901156027,-0.00391033940207178,-0.003905708552554495,-0.0038973321446237725,-0.003885278700696435,-0.003869634498107615,-0.0038505045991840494,-0.0038280138870074353,-0.0038023081075974417,-0.0037735549197512783,-0.00374194495439762,-0.003707692885806875,-0.0036710385175548156,-0.0036322478864904617,-0.003591614388305221,-0.003549459928334752,-0.0035061361011304664,-0.003462025401756555,-0.0034175424708627116,-0.003373135373920716,-0.003329286912713194,-0.003286515963696922,-0.0032453788332637242,-0.003206470613523273,-0.0031704265139352464,-0.0031379231330466947,-0.0031096796204227463,-0.003086458660431065,-0.003069067186154453,-0.003058356701760292,-0.0030552230538882855,-0.003060605444715783,-0.003075484419201855,-0.0031008784831831246,-0.0031378389140024115,-0.00318744220608497,-0.003250779444688106,-0.0033289417141672845,-0.003423000413535806,-0.003533981059936798,-0.0036628287957678756,-0.003810363359425991,-0.003977220711170218,-0.004163777797173935,-0.004370056053963457,-0.004595598162950492,-0.00483931121545383,-0.005099267791520746,-0.005372454437424854,-0.005654454596620831,-0.005939050171939237,-0.0062177225745537424,-0.006479030423163572,-0.006707837207739625,-0.006884358677756446,-0.006982997309353544,-0.006970931454416606,-0.006806432203743501,-0.006436895670092272,-0.005796608586635958,-0.004804320044736768,-0.003360784601167493,-0.001346587882913207,0.0013792178249979199,0.004978842458048043,0.009632655067377179,0.015531663527237907,0.02286372365796433,0.03179174455515921,0.04242302356363177,0.054771159678032144,0.06871384066559168,0.08396681268191876,0.09999999999999999
-3.531450592658258e-5,-0.00011176351022816569,-0.0001956892461851059,-0.0002860028077592925,-0.00038171872293139516,-0.00048194474061564096,-0.0005858791307100067,-0.0006928054834981223,-0.0008020868154869599,-0.0009131591555766155,-0.0010255249184572142,-0.0011387462807665894,-0.0012524387234720549,-0.0013662648573350476,-0.0014799286109562874,-0.0015931698312302157,-0.0017057593228897608,-0.001817494336162704,-0.001928194498363293,-0.0020376981757370886,-0.002145859245304353,-0.002252544252263544,-0.002357629926158678,-0.002461001028104968,-0.0025625485014907873,-0.002662167899483968,-0.002759758064074065,-0.002855220033129926,-0.002948456153856042,-0.0030393693830028418,-0.0031278627561302295,-0.003213839010077634,-0.0032972003445347355,-0.0033778483101830695,-0.0034556838123153306,-0.0035306072200898984,-0.003602518572689175,-0.0036713178745891467,-0.0037369054729618663,-0.0037991825108969254,-0.0038580514506990926,-0.00391341666195721,-0.0039651850694650955,-0.004013266856343708,-0.00405757621796538,-0.00409803216243466,-0.0041345593535484,-0.004167088992248019,-0.004195559732701453,-0.004219918629225442,-0.004240122110381325,-0.0042561369766683545,-0.004267941418393152,-0.004275526050429166,-0.004278894960800204,-0.004278066770219988,-0.004273075700021768,-0.0042639726461885415,-0.00425082625758358,-0.004233724016837788,-0.004212773322814854,-0.004188102573998705,-0.004159862252659381,-0.004128226010095963,-0.0040933917537616495,-0.004055582737456129,-0.004015048656169951,-0.003972066747352693,-0.0039269429004992334,-0.0038800127767326937,-0.0038316429396425917,-0.0037822319976819297,-0.0037322117570520166,-0.003682048381790602,-0.0036322435548035927,-0.0035833356293158147,-0.0035359007546450793,-0.0034905539526621596,-0.003447950111612355,-0.003408784851274882,-0.0033737951973066096,-0.003343759981877823,-0.0033194998615752747,-0.0033018768103625406,-0.0032917929038025063,-0.0032901881583752117,-0.003298037124339517,-0.0033163438487173987,-0.003346134723026208,-0.003388448603224097,-0.003444323431299746,-0.003514778391383414,-0.0036007903894138323,-0.0037032633428859653,-0.003822988392703227,-0.003960592685974092,-0.004116473807090202,-0.004290716230907824,-0.004482985308984436,-0.004692393246326926,-0.004917330248110665,-0.005155252478894166,-0.005402416650713411,-0.00565354892343684,-0.005901433370301553,-0.006136402594973482,-0.006345710336369822,-0.006512763371759336,-0.0066161882875337506,-0.006628708691834771,-0.006515811769773437,-0.006234192221136873,-0.005729980364663014,-0.004936795086386609,-0.003773719045106947,-0.0021433830417071278,6.9519977475847e-5,0.0029987832496198227,0.006795545114364728,0.011624424755222441,0.017655638245150106,0.025051677191300897,0.03394736613685692,0.044422956671683965,0.056471885612560356,0.06996609208376596,0.08463637112663382,0.09999999999999999
-4.1299357121763306e-5,-0.0001293431708060777,-0.00022440091997010737,-0.0003254705418934473,-0.0004316379268911688,-0.0005420690745598454,-0.0006560089218123066,-0.0007727777385734279,-0.0008917667186409763,-0.0010124329246263102,-0.001134293875248373,-0.0012569219860693488,-0.0013799390304566604,-0.0015030107461704697,-0.0016258416785882193,-0.0017481703233584904,-0.0018697646085335494,-0.0019904177383217674,-0.002109944406717975,-0.0022281773788433426,-0.0023449644301828223,-0.002460165628606525,-0.002573650940578295,-0.0026852981409622276,-0.0027949910049470473,-0.002902617760584632,-0.0030080697810061538,-0.0031112404963881397,-0.0032120245069976205,-0.0033103168800677086,-0.0034060126147222375,-0.0034990062606339314,-0.0035891916775007636,-0.0036764619237389293,-0.003760709263989138,-0.0038418252861078844,-0.003919701119267129,-0.003994227745603306,-0.004065296398562991,-0.004132799041675986,-0.0041966289219784346,-0.004256681192692433,-0.004312853600091062,-0.004365047229710268,-0.004413167307264385,-0.004457124049750051,-0.004496833562343311,-0.0045322187767575005,-0.0045632104268155844,-0.00458974805703546,-0.004611781060113823,-0.004629269739253328,-0.004642186391403002,-0.004650516407583746,-0.004654259386656539,-0.004653430259059369,-0.004648060417298661,-0.004638198850227749,-0.004623913278483583,-0.004605291288769454,-0.004582441465080138,-0.004555494515327153,-0.004524604392263704,-0.004489949407964735,-0.004451733341520867,-0.004410186539864758,-0.004365567011897014,-0.004318161516090371,-0.004268286641654664,-0.004216289882872715,-0.004162550705479795,-0.004107481602632305,-0.004051529136177582,-0.00399517495619179,-0.003938936788116318,-0.003883369371801062,-0.003829065330259095,-0.003776655937313765,-0.003726811742332186,-0.003680242996011818,-0.0036376998032496906,-0.003599971906261735,-0.0035678879724872683,-0.0035423142257209913,-0.00352415221392194,-0.0035143354508605385,-0.0035138245988483555,-0.003523600772788908,-0.0035446564380386862,-0.0035779832410118514,-0.003624555946506235,-0.003685311451979497,-0.0037611215980555995,-0.0038527581857311427,-0.00396084823179738,-0.004085817029919101,-0.004227816018508371,-0.0043866317680976985,-0.004561571568553407,-0.004751320096865964,-0.004953760456851853,-0.005165751484298667,-0.005382851596352924,-0.005598977644030654,-0.005805985249677193,-0.005993155087763971,-0.006146567710343898,-0.006248348204145458,-0.006275761823070405,-0.006200143778142689,-0.005985652154916939,-0.005587844824425274,-0.00495210263847206,-0.00401195690537397,-0.002687435347654678,-0.0008836248791982697,0.001510230902003602,0.004620621940835496,0.008587976207413252,0.013562295213667584,0.019695169239523545,0.02712709910940293,0.03596934373543354,0.046280295034553,0.05803804818165955,0.07111166646876467,0.08524631576639716,0.09999999999999998
-4.75659645969351e-5,-0.0001477386136386872,-0.00025441806318062947,-0.00036668836007057735,-0.00048370743580871534,-0.0006047012760703995,-0.0007289639828200942,-0.0008558555089767213,-0.0009847985216986138,-0.0011152745367548074,-0.0012468195899603277,-0.0013790196470656955,-0.0015115059165037516,-0.001643950193435992,-0.0017760603326900137,-0.0019075759220956695,-0.0020382642060874437,-0.002167916291922412,-0.0022963436568588305,-0.0024233749637759066,-0.002548853184414459,-0.0026726330233417745,-0.002794578631423665,-0.002914561594750303,-0.0030324591832439755,-0.003148152842375466,-0.00326152691126287,-0.0033724675507838995,-0.0034808618660089967,-0.0035865972081756846,-0.003689560642451092,-0.003789638568814109,-0.003886716484466078,-0.0039806788772210385,-0.0040714092402915755,-0.004158790199771723,-0.004242703746903275,-0.004323031567897236,-0.004399655464671874,-0.004472457860355303,-0.004541322383804565,-0.004606134527712649,-0.004666782375123767,-0.004723157389358031,-0.004775155262487888,-0.004822676817590869,-0.004865628960071167,-0.004903925673372414,-0.0049374890544397945,-0.0049662503843014676,-0.004990151229180693,-0.0050091445675800195,-0.00502319593885552,-0.005032284608873066,-0.0050364047484782815,-0.005035566620647208,-0.005029797772399025,-0.005019144227761097,-0.005003671678363536,-0.004983466668513028,-0.0049586377719401465,-0.0049293167577206315,-0.0048956597432277095,-0.004857848332251507,-0.004816090736712296,-0.004770622880541196,-0.004721709484391507,-0.004669645129692008,-0.004614755300235314,-0.004557397398777496,-0.004497961735075286,-0.0044368724801083165,-0.004374588578955504,-0.004311604611543954,-0.0042484515862331595,-0.004185697645452905,-0.004123948655244772,-0.0040638486409294685,-0.004006080018927002,-0.003951363559145816,-0.0039004579927601054,-0.0038541591554359777,-0.0038132985251948704,-0.0037787409754461714,-0.0037513815157608713,-0.0037321407332950303,-0.0037219585740333287,-0.0037217860117651595,-0.0037325740402817525,-0.003755259285764504,-0.00379074536625607,-0.0038398789164448724,-0.003903418940813726,-0.003981997846702606,-0.004076072129936904,-0.004185860226308958,-0.004311264487939327,-0.004451773578488862,-0.004606340789083146,-0.004773232842269129,-0.0049498426625871235,-0.005132458345631366,-0.005315979163897049,-0.005493567944703193,-0.005656227623465197,-0.005792288364586427,-0.005886790609497862,-0.005920749178248259,-0.005870284780763708,-0.00570561300083564,-0.005389888504500587,-0.004877916059845662,-0.004114762938015087,-0.0030343433585959052,-0.0015580997221502936,0.00040601723715975147,0.002963962059341131,0.006234960712938465,0.010349233113326101,0.015443323819459981,0.021652194696221243,0.0290972769314954,0.037869996007734844,0.04801099190583476,0.05948666425286048,0.07216517602206839,0.08580520464537456,0.09999999999999999
-5.408685292262993e-5,-0.00016687156593553956,-0.00028561803375710466,-0.0004094950201481497,-0.0005377324385261646,-0.0006696172318518364,-0.0008044944192158589,-0.0009417659439726947,-0.0010808886173481937,-0.0012213712837782515,-0.0013627714501713909,-0.0015046915676483368,-0.0016467751239012231,-0.001788702673601437,-0.0019301879071358201,-0.002070973834384675,-0.0022108291401632557,-0.0023495447512777703,-0.002486930641466367,-0.0026228128895823904,-0.002757030997766822,-0.0028894354698136525,-0.0030198856450272217,-0.0031482477794133475,-0.003274393363674805,-0.0033981976660559647,-0.0035195384873195675,-0.003638295114940437,-0.003754347463763861,-0.0038675753908352663,-0.003977858172722446,-0.004085074134388911,-0.004189100419438902,-0.004289812892334923,-0.004387086163922349,-0.004480793732288935,-0.00457080823160107,-0.00465700178210491,-0.004739246434942008,-0.004817414705813582,-0.004891380191837377,-0.004961018266175608,-0.005026206845190343,-0.005086827222999059,-0.005142764968376904,-0.005193910878985281,-0.005240161987913804,-0.005281422617509378,-0.005317605475444806,-0.00534863278795291,-0.005374437465141085,-0.005394964293290428,-0.005410171149074812,-0.005420030230668331,-0.005424529300800468,-0.005423672936918495,-0.0054174837837762885,-0.005406003803941191,-0.00538929552193882,-0.005367443257984633,-0.005340554347528183,-0.005308760343085635,-0.005272218195108946,-0.00523111140884194,-0.005185651174293582,-0.0051360774664955654,-0.005082660113149192,-0.005025699826456681,-0.004965529195399038,-0.004902513633779296,-0.004837052278000821,-0.004769578826538481,-0.004700562310373077,-0.004630507779927865,-0.004559956889221275,-0.0044894883515417365,-0.004419718232780134,-0.004351300038017833,-0.0042849245336798875,-0.004221319230697541,-0.004161247433058733,-0.004105506729674529,-0.0040549267746651275,-0.004010366160287561,-0.003972708136227052,-0.0039428548664848725,-0.003921719838194926,-0.00391021794204046,-0.003909252627895506,-0.003919699397140568,-0.0039423847195465345,-0.0039780592510829825,-0.00402736397213009,-0.004090787554506795,-0.004168612890724374,-0.004260850268859119,-0.004367154139783631,-0.004486719788294403,-0.00461815547515644,-0.004759324755459297,-0.004907152698319201,-0.005057388643556975,-0.005204316960975571,-0.005340406086501002,-0.005455885003392304,-0.005538235495831709,-0.005571588214294681,-0.005536011303791064,-0.005406682728842462,-0.005152942467826466,-0.004737229847215904,-0.004113926381320508,-0.003228148144583613,-0.0020145671515357957,-0.00039639214864141235,0.0017152907764593315,0.004421526105787824,0.007834442857778718,0.012074631565787367,0.017266314775097845,0.02352963472592936,0.030969467070790214,0.03966048822419461,0.049628855711164266,0.060832050166559945,0.07313868623533881,0.0863200247365047,0.10000000000000003
-6.0834972005877703e-5,-0.000186665608994677,-0.0003178806937200044,-0.0004537318468332989,-0.0005935203473252261,-0.0007365944649349794,-0.0008823512802465307,-0.0010302364503422098,-0.0011797430614404378,-0.0013304096797497604,-0.0014818178188328156,-0.0016335889975544516,-0.001785381538012422,-0.001936887226978834,-0.002087827940874266,-0.0022379523133724474,-0.002387032506455433,-0.002534861130218591,-0.0026812483436805586,-0.002826019158206938,-0.002969010956517672,-0.003110071233489583,-0.0032490555597100563,-0.003385825764843051,-0.0035202483350210124,-0.0036521930165573724,-0.003781531617016381,-0.003908136994020027,-0.004031882221886097,-0.004152639926256804,-0.0042702817771185795,-0.004384678131033045,-0.004495697813865544,-0.004603208035832734,-0.0047070744311916895,-0.004807161215406336,-0.004903331453060729,-0.004995447430196522,-0.005083371125079833,-0.005166964771679196,-0.005246091510337952,-0.005320616120279133,-0.0053904058286679156,-0.0054553311910042306,-0.005515267037620555,-0.005570093481029284,-0.005619696978808741,-0.005663971446648831,-0.005702819416094564,-0.005736153231453722,-0.005763896280260318,-0.005785984251639235,-0.005802366416881145,-0.005813006926539316,-0.005817886118387776,-0.005817001830644361,-0.005810370714964554,-0.005798029543842099,-0.005780036507224084,-0.005756472493329651,-0.005727442348870258,-0.005693076114066074,-0.005653530228041788,-0.0056089887003140625,-0.0055596642441571855,-0.005505799367565975,-0.005447667417331584,-0.005385573571285284,-0.00531985577303845,-0.005250885602386749,-0.005179069072925351,-0.005104847346106151,-0.005028697347892398,-0.004951132270017705,-0.004872701932490134,-0.004793992976984476,-0.004715628851875861,-0.004638269538304349,-0.004562610952401179,-0.004489383940836327,-0.004419352764482389,-0.00435331293707659,-0.004292088251246059,-0.004236526781495182,-0.004187495601126081,-0.0041458738852442195,-0.004112543992580385,-0.004088380021554017,-0.004074233217295678,-0.004070913461689621,-0.004079165902912315,-0.004099641568310784,-0.004132860548064989,-0.004179166029093223,-0.004238667090721519,-0.004311167736746818,-0.004396079123829567,-0.004492311345710486,-0.004598140441047074,-0.004711045509064352,-0.004827509949378021,-0.00494277991196828,-0.00505057209375035,-0.0051427221267478585,-0.0052087640966883095,-0.005235431411110298,-0.005206069609291427,-0.005099953228217617,-0.004891502168739559,-0.004549399075784395,-0.004035619334788087,-0.0033044010906221723,-0.002301206365496259,-0.0009617584344591764,0.0007887122036422931,0.003035818447218966,0.005875690755841638,0.009413611261409402,0.013761152149317701,0.019031291732434064,0.025330971655526374,0.032750668812332094,0.04135086421216026,0.05114584857449815,0.062086311290203755,0.07404223456417128,0.08679653094375472,0.09999999999999996
-6.778496469262822e-5,-0.00020704761398764065,-0.00035109007785373044,-0.0004992446628140744,-0.0006508829906480007,-0.0008054145643198272,-0.0009622891840283259,-0.0011209974613056535,-0.0012810704295660924,-0.0014420783489234098,-0.0016036289004140137,-0.0017653649286028428,-0.0019269618717713242,-0.002088124997367429,-0.002248586540316574,-0.002408102823495456,-0.0025664514233022513,-0.002723428429077129,-0.0028788458329292842,-0.0030325290763732644,-0.003184314771730944,-0.0033340486094964182,-0.0034815834574336963,-0.0036267776530259266,-0.003769493487706786,-0.003909595879023303,-0.004046951225234213,-0.004181426435813676,-0.00431288813067043,-0.004441202000617928,-0.004566232321545905,-0.004687841614873476,-0.0048058904470630786,-0.0049202373612745025,-0.0050307389345287555,-0.005137249954075098,-0.005239623706922239,-0.005337712376762129,-0.005431367542698326,-0.005520440774364315,-0.005604784318100411,-0.005684251868927144,-0.00575869942304093,-0.005827986205535595,-0.005891975667966214,-0.005950536550282066,-0.0060035440015193805,-0.00605088075352323,-0.0060924383418105325,-0.006128118367564038,-0.006157833794606643,-0.006181510275107057,-0.006199087497673684,-0.006210520551446362,-0.006215781299764766,-0.0062148597570132365,-0.0062077654622848776,-0.006194528843595688,-0.006175202566487513,-0.0061498628609987045,-0.00611861082112211,-0.006081573671011405,-0.006038905992311181,-0.00599079090704458,-0.00593744121046803,-0.005879100448141214,-0.005816043931126946,-0.005748579682640388,-0.005677049308559469,-0.005601828782860312,-0.0055233291371649335,-0.005441997041009708,-0.005358315256012362,-0.005272802942591318,-0.0051860157920511595,-0.005098545949317124,-0.0050110216820741255,-0.004924106739979499,-0.004838499332503032,-0.004754930635015809,-0.004674162709259483,-0.004596985695162482,-0.004524214095020235,-0.004456681926714815,-0.004395236468275097,-0.004340730249400044,-0.004294010864181391,-0.004255908080018315,-0.004227217597181203,-0.004208680667381124,-0.004200958603340907,-0.004204600999156179,-0.004220006227152544,-0.004247372474220929,-0.004286637222333391,-0.004337402657129954,-0.004398843999085336,-0.0044695971896117495,-0.004547621729072444,-0.004630033760976214,-0.004712903742673872,-0.00479101226984228,-0.004857556885914842,-0.004903802100042896,-0.0049186645005911585,-0.004888225000748625,-0.00479516120375719,-0.004618095079636902,-0.004330855235153152,-0.003901659897104273,-0.003292237458216853,-0.002456917511587723,-0.0013417484824844663,0.0001162697943419259,0.001989707066180548,0.004360790598212354,0.007320807067085732,0.010968492375825738,0.01540701464132062,0.020739112184477805,0.027059964442884336,0.03444749738201648,0.04295011647051854,0.05257234915744216,0.06325973363585173,0.07488422910196406,0.08723950161836529,0.10000000000000003
-7.491197683987646e-5,-0.00022794664427732634,-0.00038513345214443573,-0.000545883038101829,-0.0007096360628106361,-0.0008758628236457469,-0.0010440661180685235,-0.0012137823612593788,-0.0013845818224474872,-0.0015560680661361038,-0.001727876771434971,-0.0018996740734370402,-0.002071154554936591,-0.002242038999094835,-0.0024120719967082606,-0.0025810194859441494,-0.002748666287955433,-0.002914813689019048,-0.003079277108634716,-0.003241883883504503,-0.0034024711892365954,-0.003560884115010132,-0.003716973900998066,-0.0038705963440809855,-0.004021610373979323,-0.0041698767994040094,-0.004315257221887512,-0.004457613113625273,-0.0045968050546963775,-0.004732692124467699,-0.0048651314416214035,-0.004993977847120915,-0.005119083724384277,-0.005240298951024946,-0.005357470976602948,-0.00547044502098467,-0.0055790643880067265,-0.005683170889268082,-0.005782605372920629,-0.0058772083523896896,-0.0059668207299188375,-0.006051284609812782,-0.0061304441961360714,-0.006204146769523203,-0.006272243737577684,-0.006334591753178406,-0.006391053894790463,-0.006441500902691214,-0.006485812464792153,-0.006523878545549173,-0.006555600751246909,-0.006580893724787084,-0.00659968656294858,-0.006611924248989449,-0.006617569093368399,-0.00661660217533507,-0.006609024778119742,-0.00659485981050034,-0.006574153207567989,-0.006546975303610243,-0.006513422170106649,-0.006473616911925027,-0.006427710914847219,-0.006375885037551264,-0.00631835074106183,-0.006255351148441223,-0.006187162027036602,-0.006114092684894297,-0.006036486771878908,-0.005954722974525075,-0.005869215591551663,-0.005780414974148443,-0.00568880781141735,-0.005594917236487075,-0.005499302722564836,-0.0054025597302001125,-0.005305319056943877,-0.00520824582787749,-0.005112038049631088,-0.005017424630749425,-0.004925162746818576,-0.004836034398546587,-0.00475084197384266,-0.004670402579314823,-0.0045955408508217875,-0.004527079884598982,-0.004465829847627494,-0.004412573725337126,-0.004368049543112174,-0.004332928251406001,-0.004307786288205411,-0.004293071622080878,-0.004289061828810128,-0.004295812458891489,-0.004313093606680263,-0.004340312189461639,-0.0043764169831450525,-0.0044197829398466126,-0.004468070735632385,-0.004518056876019368,-0.0045654290459998595,-0.004604540771512338,-0.00462811892674583,-0.004626917279218606,-0.004589309265261036,-0.004500813755195995,-0.004343549015910065,-0.004095612847264966,-0.0037303915520291242,-0.0032158077814074463,-0.0025135283820343322,-0.001578169380782414,-0.000356557583769793,0.0012128616290056878,0.0032003417117414394,0.0056847007663897095,0.008752503243321693,0.012496266902408222,0.017011354696015144,0.02239118885596786,0.02872045858320075,0.03606612211133179,0.04446627470917107,0.05391738111393142,0.0643610991999623,0.07567175863107413,0.08765293380290108,0.1
-8.21928402956424e-5,-0.00024929517171842595,-0.0004199026283713991,-0.0005935017437958769,-0.0007696007357838068,-0.0009477300112294333,-0.0011274453531184888,-0.0013083295183268066,-0.001489992985166589,-0.0016720739270595826,-0.00185423756510204,-0.0020361750289313537,-0.0022176018431041902,-0.0023982561418403876,-0.0025778967008403884,-0.002756300861415609,-0.0029332624095653463,-0.003108589461294757,-0.003282102395305698,-0.003453631865419921,-0.003623016917495538,-0.003790103229268075,-0.003954741486222318,-0.0041167859023288405,-0.004276092890977666,-0.004432519888756863,-0.004585924332575874,-0.0047361627890896724,-0.004883090234165663,-0.005026559479347606,-0.005166420741657187,-0.005302521352739101,-0.005434705603086256,-0.00556281471698592,-0.00568668695371928,-0.0058061578305427216,-0.0059210604629130244,-0.006031226017415434,-0.006136484272760462,-0.006236664284161191,-0.006331595146250614,-0.006421106849576163,-0.006505031225488782,-0.006583202974055792,-0.006655460769350577,-0.006721648436237368,-0.00678161619245628,-0.006835221949560883,-0.006882332665938822,-0.0069228257449030365,-0.006956590470544697,-0.006983529473831628,-0.00700356022119693,-0.007016616517711248,-0.007022650016770196,-0.007021631728153076,-0.007013553516226611,-0.006998429580068081,-0.006976297907267696,-0.0069472216932237214,-0.0069112907177598226,-0.0068686226709440985,-0.006819364419960696,-0.006763693208837953,-0.006701817782634793,-0.0066339794273868645,-0.006560452916552319,-0.0064815473538948525,-0.00639760690153508,-0.006309011380249918,-0.006216176726810558,-0.006119555290133755,-0.006019635944026019,-0.005916943989156354,-0.005812040810279384,-0.0057055232463474916,-0.005598022620577932,-0.005490203364301529,-0.0053827611519315895,-0.005276420443934301,-0.005171931309432192,-0.005070065368975407,-0.004971610659886431,-0.004877365179926748,-0.004788128808152371,-0.004704693232624273,-0.004627829430775411,-0.004558272146836408,-0.004496700688648639,-0.004443715219716783,-0.004399807547480893,-0.004365325201047777,-0.004340427346451912,-0.004325030800322466,-0.004318744069560875,-0.004320786962327472,-0.004329892883503386,-0.00434419044864811,-0.004361060532830197,-0.004376964331847606,-0.004387237483299102,-0.00438584482240335,-0.0043650900069424035,-0.004315274148161214,-0.004224297889505798,-0.0040772023079720665,-0.0038556458834078846,-0.003537318007227398,-0.003095294632747591,-0.002497349406567368,-0.001705244828013235,-0.0006740436710279176,0.0006484978439753958,0.002322365823373177,0.004415429138983943,0.007003118494404,0.010167431772336985,0.01399500785410053,0.01857397672550535,0.023989287252737145,0.03031626018479195,0.03761224381007316,0.045906498481878416,0.05518880815060844,0.06539793997992113,0.07641083530203166,0.08804019375055584,0.09999999999999999
-8.960485358610648e-5,-0.00027102784185538355,-0.0004552927757451793,-0.0006419596518120357,-0.0008306026703159761,-0.0010208114997700317,-0.0012121946854380923,-0.0014043816230631312,-0.0015970237191129332,-0.001789794805830604,-0.001982390945008526,-0.0021745297361404044,-0.002365949235261779,-0.0025564065793076203,-0.002745676399137223,-0.0029335490930315084,-0.003119829021589136,-0.0033043326749968224,-0.0034868868545483646,-0.0036673269023109866,-0.0038454950057845733,-0.004021238598443799,-0.00419440887192582,-0.00436485941144719,-0.0045324449625163445,-0.004697020334251214,-0.004858439442334785,-0.005016554492937882,-0.005171215307544332,-0.0053222687876374455,-0.0054695585173980986,-0.005612924502042905,-0.005752203038973992,-0.0058872267186445525,-0.006017824551766369,-0.006143822219328421,-0.006265042441681935,-0.006381305462809218,-0.006492429645668913,-0.006598232174342359,-0.006698529858432454,-0.006793140034944088,-0.006881881562545111,-0.0069645759028295106,-0.007041048282824112,-0.007111128932663683,-0.007174654391950915,-0.007231468877984771,-0.00728142570863275,-0.007324388772305477,-0.007360234037111055,-0.007388851090997133,-0.007410144704364747,-0.007424036406437677,-0.007430466066426781,-0.007429393470412327,-0.007420799884709648,-0.007404689596450227,-0.007381091422025305,-0.00735006017406388,-0.007311678077566437,-0.007266056125837143,-0.007213335366762764,-0.007153688109903634,-0.007087319044592126,-0.0070144662588791555,-0.006935402148525084,-0.006850434204355419,-0.0067599056649803885,-0.00666419602011229,-0.006563721347276492,-0.0064589344615209624,-0.006350324853527183,-0.006238418386136197,-0.006123776712393232,-0.006006996369502875,-0.005888707492105154,-0.005769572074603312,-0.005650281695249637,-0.005531554593666264,-0.005414131967554394,-0.005298773322536989,-0.0051862506701611175,-0.005077341321615718,-0.004972818967007712,-0.004873442660075315,-0.004779943243701427,-0.004693006649826241,-0.004613253385357806,-0.004541213370024137,-0.00447729511917378,-0.004421748060432926,-0.004374616534041654,-0.004335683749113384,-0.004304403649333938,-0.004279818280695612,-0.004260457852382245,-0.004244220245884409,-0.004228226269228041,-0.004208646494932087,-0.004180495097545719,-0.004137385774224401,-0.0040712446706677495,-0.003971975361265515,-0.003827071509259126,-0.003621174083389646,-0.0033355722308299964,-0.0029476504940492577,-0.0024302905115370626,-0.0017512432769408242,-0.000872499179661227,0.00025030177570052614,0.0016683571645030688,0.0034399988680786967,0.005630680349316546,0.008312499617556425,0.011563064956317013,0.015463475651615613,0.020095167873158903,0.02553538137443216,0.03185105650583301,0.03909109799616768,0.04727716878720661,0.05639350078402623,0.06637674443960846,0.07710658678957154,0.08840413444368532,0.09999999999999999
-9.71269031566045e-5,-0.00029308254294153105,-0.0004912034990426649,-0.0006911208664149396,-0.0008924732289357397,-0.0010949085745516928,-0.0012980878418099781,-0.0015016871822097495,-0.0017053994491671074,-0.0019089349754047467,-0.002112021755456946,-0.002314405136123403,-0.002515847110717503,-0.0027161253039219456,-0.002915031724553701,-0.003112371354091216,-0.003307960629523521,-0.0035016258704586084,-0.003693201692350439,-0.0038825294405507695,-0.004069455673423416,-0.004253830717229515,-0.004435507310637476,-0.004614339352685865,-0.004790180764576498,-0.004962884472905762,-0.005132301519602363,-0.0052982803020337355,-0.005460665945221884,-0.005619299806987505,-0.005774019115875556,-0.005924656741040814,-0.006071041092651815,-0.006212996150955836,-0.0063503416217142485,-0.006482893215425448,-0.006610463047392527,-0.006732860155435852,-0.006849891131690223,-0.006961360864650251,-0.00706707338723223,-0.0071668328262951345,-0.007260444448623274,-0.007347715797998243,-0.007428457917502372,-0.007502486650790379,-0.007569624015555152,-0.007629699641999547,-0.0076825522686191465,-0.007728031287207281,-0.007765998328523939,-0.007796328879727745,-0.007818913924263735,-0.007833661594637564,-0.007840498828186665,-0.007839373015788687,-0.007830253633223922,-0.007813133844831042,-0.00778803206895137,-0.007754993494647409,-0.007714091539076612,-0.007665429234893944,-0.007609140536913632,-0.007545391537144167,-0.007474381576991811,-0.007396344245032985,-0.007311548248049934,-0.0072202981420908365,-0.007122934908909243,-0.007019836361290889,-0.0069114173582085015,-0.006798129807434023,-0.0066804624288538325,-0.006558940246158451,-0.006434123767421643,-0.006306607806099939,-0.006177019882673337,-0.006046018133098912,-0.0059142886327863235,-0.005782542023304148,-0.005651509302552155,-0.00552193660675667,-0.005394578773099401,-0.005270191423703247,-0.00514952125337979,-0.005033294133081792,-0.004922200556156752,-0.004816877852745362,-0.004717888476186383,-0.004625693520980141,-0.004540620461486488,-0.004462823900781332,-0.004392237886913994,-0.0043285180867350705,-0.004270971804220435,-0.00421847349156613,-0.004169363031225859,-0.004121323674387674,-0.00407123612210389,-0.004015004855616252,-0.003947352502664767,-0.003861577826481089,-0.0037492729292301964,-0.0035999955914580864,-0.00340089348661439,-0.0031362785327827395,-0.002787152156655497,-0.0023306861099407737,-0.0017396691445630073,-0.0009819378557986004,-1.9820949445957367e-5,0.0011903592850874183,0.0026986658390881013,0.004561720573179027,0.006842559469594143,0.009610025916040326,0.01293752748501368,0.016900955711089422,0.02157555606771544,0.0270315496699447,0.03332836649256546,0.04050747179994969,0.04858397320667861,0.05753747715282625,0.06730312517683151,0.0777634090203206,0.08874718788614207,0.10000000000000003
-0.00010473823688814504,-0.00031539909716432195,-0.0005275375049913896,-0.0007408534086407584,-0.000955048207804556,-0.001169827229755574,-0.0013849033466297848,-0.0015999994540559664,-0.0018148502179421671,-0.0020292031462639678,-0.0022428190868975,-0.002455472242524406,-0.002666949788582004,-0.0028770511732811406,-0.003085587171078325,-0.003292378753218545,-0.003497255831120337,-0.0037000559209622082,-0.003900622770758348,-0.004098804984842397,-0.004294454674825296,-0.0044874261610191235,-0.004677574743773315,-0.004864755560367386,-0.005048822539752778,-0.005229627464728074,-0.005407019148765554,-0.0055808427328638685,-0.005750939106181786,-0.005917144452991105,-0.00607928992739432,-0.006237201456457699,-0.006390699671647624,-0.006539599967921712,-0.006683712689248825,-0.006822843438919246,-0.006956793512512841,-0.007085360451018626,-0.0072083387111127545,-0.00732552044921851,-0.007436696415449867,-0.0075416569531211045,-0.0076401930989394165,-0.007732097778532739,-0.007817167091360929,-0.007895201678567526,-0.007966008166702189,-0.008029400679748682,-0.008085202411278204,-0.00813324724807562,-0.008173381436015075,-0.008205465278548395,-0.008229374857670531,-0.00824500376689988,-0.008252264845412948,-0.008251091902245468,-0.008241441419181527,-0.008223294220831767,-0.008196657100201092,-0.00816156438800293,-0.00811807945382792,-0.008066296127242913,-0.00800634002671465,-0.007938369784115482,-0.007862578152213086,-0.007779192982132394,-0.00768847805701967,-0.007590733767186567,-0.007486297610529893,-0.007375544500132414,-0.007258886858284389,-0.007136774472769941,-0.007009694086735746,-0.006878168687748674,-0.00674275645429237,-0.006604049308764381,-0.006462671014445318,-0.006319274739576309,-0.006174539993860743,-0.006029168820821322,-0.005883881102534107,-0.0057394088004300665,-0.005596488915823317,-0.005455854905284847,-0.005318226227249702,-0.0051842956255116115,-0.005054713670348323,-0.004930069976597328,-0.004810870397404939,-0.004697509349859657,-0.00459023626139974,-0.004489114931080832,-0.004393974375155752,-0.004304349470556871,-0.004219409422798463,-0.0041378717690461935,-0.004057899288707731,-0.003976976844439168,-0.0038917648350259835,-0.0037979256380023954,-0.00368991919827475,-0.003560763842919411,-0.003401758560238158,-0.0032021634938471303,-0.00294883643081782,-0.0026258248163532763,-0.002213915573075539,-0.0016901490716071945,-0.0010273093881841642,-0.00019341095120548515,0.0008487876845497774,0.002142198412180956,0.003735684670922994,0.005684126339337624,0.00804816163646292,0.010893473421740376,0.014289462563896125,0.018307132458261058,0.023016004202336317,0.02847990263502543,0.03475151380782889,0.04186573004209157,0.04983198463623346,0.058626022947854295,0.06818195661377711,0.07838508904200256,0.08907143850171093,0.09999999999999998
-0.00011241953887665713,-0.0003379202319461052,-0.000564201526087293,-0.0007910301362296341,-0.0010181687842549122,-0.0012453791640484023,-0.0014724255762299681,-0.001699077563907565,-0.0019251118581107582,-0.0021503136861795655,-0.0023744775300197987,-0.00259740741449631,-0.0028189168027507247,-0.0030388281700457222,-0.0032569723217135307,-0.003473187514488689,-0.003687318433953054,-0.0038992150745249597,-0.004108731562281292,-0.004315724955302385,-0.004520054050970873,-0.00472157822506294,-0.004920156323254615,-0.005115645622121802,-0.005307900873505404,-0.005496773443501974,-0.005682110554999399,-0.005863754640824571,-0.006041542812902181,-0.006215306451541011,-0.006384870917778643,-0.0065500553908210525,-0.006710672831744933,-0.0068665300739785716,-0.007017428040381192,-0.007163162086218754,-0.007303522466714269,-0.007438294927370079,-0.007567261414649526,-0.007690200904116814,-0.007806890342492355,-0.007917105699557257,-0.008020623125158178,-0.008117220205998107,-0.008206677316178428,-0.008288779054867867,-0.00836331576373655,-0.008430085116199642,-0.008488893769793249,-0.008539559072445517,-0.008581910812728506,-0.008615793003685585,-0.008641065689235058,-0.008657606761753847,-0.008665313778962819,-0.008664105767954722,-0.008653925003842046,-0.008634738750340223,-0.008606540949345617,-0.008569353846499232,-0.008523229539530022,-0.008468251436135223,-0.008404535607928093,-0.008332232026859962,-0.008251525670124523,-0.008162637479150334,-0.0080658251574966,-0.00796138379150612,-0.007849646276055413,-0.007730983525821373,-0.007605804449760997,-0.007474555663048303,-0.007337720906089039,-0.007195820134425942,-0.007049408235838155,-0.006899073321592588,-0.0067454345270052075,-0.006589139241901439,-0.006430859673461148,-0.006271288621749608,-0.006111134320976536,-0.005951114166348016,-0.005791947105976133,-0.00563434442846145,-0.005478998617777118,-0.005326569876268853,-0.005177669831837759,-0.005032841844537033,-0.004892537208427778,-0.0047570864041757725,-0.0046266643940487875,-0.004501248761585118,-0.004380569281654415,-0.004264047262518243,-0.004150722731104914,-0.004039167240180715,-0.003927379769485354,-0.0038126628861588473,-0.003691476044763531,-0.003559262676755559,-0.003410247590609906,-0.003237201243149482,-0.0030311677401509765,-0.0027811541002209436,-0.0024737795268786234,-0.0020928853791463966,-0.00161910945842607,-0.0010294324374973784,-0.0002967100932004635,0.0006107871497898253,0.0017297956105993104,0.0031023959389619936,0.004776206232850282,0.006804351267593253,0.009245107474760586,0.0121611017059961,0.015617922406131923,0.01968198931912453,0.024417529338238025,0.029882531285576847,0.03612361319561994,0.04316984427958479,0.05102573135134595,0.059663792325688345,0.06901748769327135,0.07897490394693049,0.08937868166370748,0.10000000000000005
-0.00012015171184431839,-0.0003605902422800661,-0.0006011049147218741,-0.000841527310705688,-0.0010816800879434373,-0.001321380377437655,-0.0015604433945270886,-0.0017986851842225742,-0.002035924716572047,-0.0022719853830530878,-0.0025066959682186326,-0.002739891167151582,-0.002971411717074432,-0.00320110420776069,-0.003428820630744517,-0.003654417722314862,-0.0038777561498644043,-0.0040986995858843635,-0.004317113708602304,-0.0045328651633874785,-0.004745820514371366,-0.0049558452116035025,-0.005162802595208724,-0.005366552954728192,-0.005566952658807001,-0.005763853367901103,-0.005957101340396648,-0.00614653684071043,-0.006331993656248174,-0.006513298728788562,-0.006690271904597172,-0.006862725806625627,-0.007030465831173534,-0.007193290270660238,-0.007350990563348498,-0.0075033516702408985,-0.007650152578636685,-0.007791166931257937,-0.007926163779122645,-0.00805490845575369,-0.008177163569551924,-0.008292690110535263,-0.008401248666840654,-0.008502600745721033,-0.008596510192923987,-0.008682744703652797,-0.00876107741744637,-0.008831288588628777,-0.008893167323137035,-0.008946513371882788,-0.008991138970016634,-0.009026870710888452,-0.009053551442799908,-0.00907104217618073,-0.009079223988242683,-0.009077999911834715,-0.009067296794779654,-0.009047067115777168,-0.009017290742641487,-0.008977976618554623,-0.008929164361781214,-0.008870925764246952,-0.00880336617413888,-0.008726625747563443,-0.008640880553895008,-0.008546343519057439,-0.008443265190184528,-0.008331934304160616,-0.00821267814101108,-0.008085862641204235,-0.007951892263160813,-0.0078112095538075575,-0.007664294400314867,-0.007511662925298516,-0.00735386598014938,-0.007191487181696552,-0.007025140425448059,-0.0068554667939144595,-0.00668313076018999,-0.006508815564555202,-0.006333217614330215,-0.006157039723774773,-0.005980982970161658,-0.005805736893108983,-0.005631967705147441,-0.005460304110769147,-0.00529132024680349,-0.005125515156951794,-0.004963288095389739,-0.004804908816459425,-0.0046504818474909565,-0.004499903558232115,-0.004352810632316611,-0.004208518314257138,-0.00406594655209039,-0.003923531886675608,-0.003779122663657452,-0.0036298548793171066,-0.003472005741210592,-0.0033008218639599225,-0.003110318979432735,-0.00289305018672775,-0.002639840191537318,-0.002339483804850017,-0.001978408338461702,-0.001540301637002807,-0.001005710550551293,-0.0003516189443453066,0.00044897983861871344,0.0014274934865902969,0.0026200918264394713,0.004067973998701936,0.005817482596954459,0.007919988940026181,0.010431455543114329,0.013411563977129035,0.01692228143287273,0.021025731811385822,0.025781243347997616,0.031241472968355142,0.037447567611274775,0.044423424120166075,0.05216926017892377,0.060654894033428546,0.06981343540143341,0.0795357016015589,0.08967047100031053,0.09999999999999996
-0.00012791691602077898,-0.0003833558995712297,-0.0006381604718868813,-0.0008922253866778586,-0.0011454319823342135,-0.0013976519680007156,-0.0016487509802880188,-0.0018985914008489175,-0.0021470345622481915,-0.0023939423920657206,-0.0026391785581200743,-0.002882609176681793,-0.003124103144348943,-0.003363532151801314,-0.0036007704341700602,-0.003835694308851836,-0.0040681815471878945,-0.00429811062204554,-0.004525359868829297,-0.004749806593241196,-0.004971326154989315,-0.005189791052969398,-0.0054050700339476915,-0.005617027243768379,-0.005825521437287842,-0.006030405260899134,-0.00623152461931053,-0.006428718136475584,-0.006621816718885271,-0.006810643228116182,-0.006995012268223137,-0.007174730092564685,-0.007349594633600737,-0.00751939565840141,-0.007683915051701778,-0.007842927227640946,-0.007996199670474427,-0.00814349360388783,-0.008284564787688504,-0.008419164439967694,-0.008547040281947327,-0.008667937701994293,-0.00878160103436032,-0.008887774947433941,-0.008986205935321786,-0.00907664390578278,-0.009158843856549696,-0.009232567631284591,-0.009297585745443971,-0.00935367927158442,-0.009400641772727559,-0.009438281271745133,-0.009466422243914302,-0.009484907619257249,-0.009493600780604327,-0.00949238754293468,-0.00948117809902513,-0.009459908916209969,-0.009428544568676686,-0.009387079489624873,-0.009335539627341093,-0.009273983989209833,-0.009202506057414763,-0.009121235059994433,-0.009030337080507007,-0.008930015989208728,-0.008820514177861954,-0.008702113079385558,-0.008575133452037122,-0.008439935405939972,-0.008296918147003535,-0.008146519409833273,-0.007989214546506215,-0.007825515232206629,-0.007655967741026265,-0.007481150735721019,-0.007301672503120018,-0.007118167552039816,-0.006931292472038993,-0.006741720928779678,-0.006550137644012749,-0.006357231174586952,-0.006163685264037136,-0.00597016849115707,-0.0057773218808582615,-0.005585744072099906,-0.005395973553787696,-0.005208467380530992,-0.0050235756639328685,-0.004841510999923568,-0.004662311836828964,-0.0044857986114512595,-0.004311521281250464,-0.004138696661251441,-0.003966133738201422,-0.0037921448888145774,-0.003614440685220423,-0.003430005746940096,-0.0032349529211363037,-0.003024352978854961,-0.002792037055796398,-0.002530369310633515,-0.0022299878121089913,-0.0018795126132452199,-0.0014652214708889698,-0.0009706958962856442,-0.0003764433840139977,0.00034049400352275977,0.0012069287677448203,0.0022538914704137583,0.003516935933401392,0.005036342162021635,0.006857159746684104,0.00902901966206834,0.011605626852116848,0.014643831387396642,0.018202164970651247,0.022338726162730492,0.027108307485471595,0.03255868764408897,0.038726070582397534,0.04562974723877533,0.053266191572412386,0.061602963839631715,0.07057306184817627,0.08006996634026298,0.08994815659296114,0.09999999999999998
-0.00013569737245556514,-0.00040616511825886277,-0.0006752830229302394,-0.0009430075345928944,-0.0012092775647733873,-0.0014740186323144895,-0.0017371463442003973,-0.001998569256964736,-0.002258191161861704,-0.0025159128438260554,-0.0027716333670376276,-0.003025250941266688,-0.0032766634227649034,-0.0035257685020581345,-0.003772463628486559,-0.004016645718390421,-0.004258210690290389,-0.004497052866836782,-0.0047330642794789655,-0.004966133908225292,-0.005196146885247029,-0.005422983687850199,-0.005646519343182203,-0.005866622664325631,-0.006083155534813435,-0.006295972256427168,-0.006504918973044138,-0.006709833181606149,-0.00691054333962556,-0.007106868577341179,-0.007298618521306623,-0.007485593235165987,-0.0076675832822665,-0.007844369913901706,-0.00801572538599158,-0.008181413406240446,-0.008341189712867701,-0.00849480278525419,-0.008641994685896286,-0.008782502032274497,-0.008916057096249153,-0.009042389027766077,-0.009161225198599271,-0.009272292660985944,-0.009375319714904747,-0.009470037576847432,-0.009556182141811835,-0.009633495829347544,-0.009701729503381952,-0.009760644454707743,-0.009810014433973138,-0.009849627722264961,-0.009879289225447193,-0.009898822577805498,-0.009908072239769394,-0.009906905574042592,-0.00989521488386781,-0.009872919396888617,-0.00983996717763659,-0.009796336951565775,-0.009742039823249834,-0.00967712087133909,-0.009601660602604867,-0.009515776247343392,-0.009419622878016795,-0.009313394332715526,-0.009197323924260783,-0.009071684914931731,-0.008936790735303344,-0.008792994923872435,-0.008640690761400548,-0.008480310570502846,-0.008312324646285356,-0.008137239777974106,-0.007955597313749401,-0.007767970711462647,-0.007574962505736623,-0.007377200607026952,-0.007175333829584222,-0.006970026522560563,-0.006761952150608164,-0.006551785636576659,-0.006340194237959139,-0.006127826679573143,-0.005915300205955316,-0.005703185146762762,-0.005491986505242273,-0.005282121982000092,-0.005073895731982897,-0.004867467020390983,-0.004662812791834124,-0.004459682996072511,-0.0042575473236192716,-0.004055531797750307,-0.003852343450738563,-0.003646181089782189,-0.003434629945148608,-0.0032145378091258587,-0.002981870147430443,-0.0027315416336284996,-0.002457221674307729,-0.002151111827098566,-0.00180369365386116,-0.0014034466084546864,-0.000936537168553261,-0.0003864827452631425,0.00026620287142218826,0.0010443714457295304,0.0019745928810301016,0.0030874745815765597,0.004417914917029054,0.0060052476314433065,0.007893222022351196,0.010129750633532487,0.012766342989913318,0.015857132167371384,0.0194573932527033,0.02362145266968916,0.028399899842120827,0.03383604379004743,0.039961613619308396,0.0467917890082313,0.05431976881131857,0.06251122666691375,0.07129923890765846,0.08057987328582586,0.09021291630086294,0.10000000000000003
-0.00014347637344681562,-0.0004289678278159969,-0.0007123901946478028,-0.0009937603595976295,-0.0012730738568584624,-0.001550309350488492,-0.0018254320255851433,-0.0020983964729038374,-0.002369149029370396,-0.0026376296256759107,-0.002903773184888163,-0.003167510619508882,-0.003428769474597945,-0.003687474264034923,-0.0039435465452939055,-0.004196904775963908,-0.004447463992447607,-0.004695135348395812,-0.004939825547231993,-0.005181436200098431,-0.005419863137407173,-0.00565499569936898,-0.00588671602803835,-0.00611489838098455,-0.006339408484289943,-0.00656010294057884,-0.006776828705795879,-0.006989422646858243,-0.007197711190686387,-0.007401510073852646,-0.007600624200743989,-0.0077948476171053665,-0.00798396360467159,-0.00816774490170687,-0.008345954053213443,-0.008518343893738525,-0.00868465816468091,-0.008844632267165023,-0.008997994150493651,-0.009144465335319565,-0.009283762069560813,-0.00941559661415568,-0.009539678654570326,-0.009655716832991497,-0.009763420394895906,-0.009862500942677205,-0.009952674287744939,-0.010033662391503202,-0.010105195384372706,-0.010167013651060054,-0.01021886996911077,-0.010260531686925077,-0.010291782926369064,-0.010312426794416801,-0.010322287587374022,-0.010321212970733226,-0.010309076117020114,-0.010285777783692995,-0.010251248312669926,-0.010205449532940615,-0.010148376547391364,-0.010080059384974057,-0.01000056449908422,-0.009909996093008485,-0.009808497252932785,-0.009696250868784121,-0.009573480322457327,-0.00944044992222924,-0.009297465060718003,-0.0091448720720244,-0.008983057760989484,-0.008812448574180533,-0.008633509377519716,-0.008446741799657485,-0.0082526820924607,-0.008051898450458374,-0.007844987718862963,-0.007632571404826462,-0.00741529088786026,-0.007193801702581606,-0.006968766738938443,-0.006740848171267062,-0.006510697886515529,-0.006278946132873604,-0.0060461880512102575,-0.005812967681983123,-0.00557975895782024,-0.005346943095480693,-0.005114781688655374,-0.004883384674048596,-0.004652672196421682,-0.004422329233987721,-0.0041917516648410855,-0.003959982261264598,-0.0037256348974442706,-0.003486805056899155,-0.003240964543140779,-0.0029848381517349667,-0.0027142599833874606,-0.0024240071058752874,-0.002107608460589396,-0.0017571273255107534,-0.0013629163771427682,-0.0009133455454146445,-0.00039450455545418146,0.00021011555413849584,0.000919954390013841,0.0017577158013292698,0.002749685779147132,0.003926010475380845,0.005320901882985431,0.006972729051152744,0.00892394187667489,0.011220763045029176,0.013912572555292203,0.0170509000261445,0.020687935005649055,0.024874468110193438,0.029657190309561335,0.035075309192199325,0.041156494960634206,0.047912249353074844,0.0553329004058177,0.06338254886857808,0.07199450180267962,0.08106733293718386,0.0904657813138174,0.10000000000000002
-0.00015123711586780074,-0.00045171466844178703,-0.0007494010129828171,-0.0010443724349561078,-0.00133668030161862,-0.0016263558695620436,-0.0019134135791686578,-0.0021978539485808463,-0.002479665951934792,-0.0027588289352475227,-0.0030353141061125904,-0.0033090856387904917,-0.0035801014369128397,-0.003848313596166974,-0.004113668608301112,-0.004376107346327811,-0.004635564868635227,-0.0048919700774539415,-0.005145245264461374,-0.005395305573789635,-0.005642058409979195,-0.005885402815995596,-0.006125228843899206,-0.006361416938608923,-0.006593837352993707,-0.006822349610710818,-0.007046802031345613,-0.0072670313309189894,-0.007482862309264673,-0.007694107634558983,-0.007900567733952387,-0.008102030798221478,-0.008298272907177289,-0.008489058281645359,-0.008674139666714353,-0.00885325885007436,-0.009026147318145413,-0.009192527051802388,-0.009352111462337756,-0.009504606467352591,-0.009649711705026438,-0.009787121884196105,-0.00991652826635395,-0.010037620274589322,-0.010150087223111953,-0.010253620159872114,-0.010347913813375676,-0.010432668633668206,-0.010507592916067844,-0.010572404995155254,-0.010626835495212088,-0.010670629622342715,-0.010703549482332868,-0.010725376407512283,-0.010735913274896274,-0.010734986797308402,-0.01072244976841638,-0.010698183242277663,-0.010662098627443287,-0.010614139675557993,-0.010554284344033079,-0.010482546512410693,-0.010398977531777478,-0.010303667586647004,-0.010196746848400348,-0.010078386399247397,-0.00994879890500942,-0.009808239014384448,-0.00965700346098633,-0.00949543084283706,-0.00932390105136672,-0.009142834318753183,-0.008952689847790301,-0.008753963982745567,-0.008547187871953792,-0.008332924563412425,-0.008111765462397825,-0.007884326065163615,-0.007651240863992013,-0.007413157296068606,-0.007170728580570291,-0.00692460525453896,-0.006675425177093606,-0.006423801722563218,-0.00617030982453825,-0.005915469463634906,-0.0056597261101925134,-0.005403427538095988,-0.005146796315911285,-0.004889897155856912,-0.0046325981592287725,-0.004374524839485673,-0.004115005633037506,-0.0038530074269379345,-0.0035870594487435806,-0.003315163687396329,-0.0030346898606274206,-0.0027422528362351616,-0.0024335703820887304,-0.00210329920350837,-0.0017448474798402028,-0.0013501626018773618,-0.000909493622018145,-0.0004111291604431089,0.0001588867181858236,0.0008170556983397312,0.0015827352548529803,0.0024784450903218985,0.003530152188456625,0.00476751017760612,0.006224020948807798,0.007937077595159726,0.00994783801924408,0.01230086856621432,0.01504348775394056,0.018224733105781665,0.021893871439451956,0.026098377713997912,0.030881323452894505,0.03627814718500512,0.0423128306187152,0.048993578390651306,0.056308197928705436,0.0642194833880403,0.07266109451744954,0.08153402849821592,0.09070765739027968,0.09999999999999996
-0.0001589636884014991,-0.00047435784494933523,-0.0007862366606477195,-0.0010947349953988098,-0.0013999594193218042,-0.00170199334344513,-0.002000900216020866,-0.0022967264178043556,-0.0025895036659113915,-0.002879250982826218,-0.003165976259969116,-0.003449677452420939,-0.003730343442337658,-0.004007954609288221,-0.00428248314527116,-0.0045538931512558774,-0.004822140550470642,-0.005087172851911884,-0.005348928795360229,-0.005607337907117733,-0.005862319993338828,-0.006113784595755321,-0.006361630432361694,-0.006605744843732614,-0.0068460032636439485,-0.007082268731030884,-0.0073143914585825035,-0.007542208471888659,-0.007765543331566949,-0.007984205949627452,-0.008197992510023061,-0.008406685502317832,-0.008610053876202544,-0.008807853323651017,-0.008999826694342917,-0.009185704549057903,-0.00936520585455353,-0.009538038822478627,-0.009703901893611177,-0.009862484867678234,-0.010013470177656128,-0.010156534306330713,-0.010291349341445846,-0.010417584664565362,-0.010534908767249511,-0.010642991186892629,-0.010741504553005814,-0.010830126733474199,-0.010908543068767916,-0.010976448680893147,-0.011033550842399912,-0.011079571389691619,-0.011114249163564438,-0.011137342459021184,-0.011148631465292082,-0.011147920676356672,-0.011135041251396183,-0.011109853304236713,-0.011072248100237327,-0.011022150138965606,-0.010959519100626768,-0.010884351634287975,-0.010796682965701637,-0.010696588302665894,-0.010584184015584863,-0.010459628570869836,-0.010323123194240795,-0.010174912240476968,-0.010015283244888337,-0.009844566630306726,-0.009663135040865363,-0.009471402270742738,-0.009269821751485366,-0.009058884555902154,-0.008839116868860915,-0.008611076865901417,-0.008375350928350962,-0.008132549108689645,-0.007883299741098375,-0.007628243069319142,-0.007368023735841917,-0.007103281942637652,-0.006834643052684909,-0.006562705352748389,-0.006288025639608347,-0.006011102223355988,-0.005732354860790334,-0.00545210103852158,-0.005170527917764603,-0.004887659130677283,-0.004603315481216929,-0.004317068453143793,-0.004028185266313408,-0.0037355640546093017,-0.0034376575721937743,-0.003132383680784221,-0.0028170207459026625,-0.002488085997630567,-0.0021411949225279316,-0.0017708998890566346,-0.0013705065218125505,-0.0009318668958354649,-0.0004451495017376453,0.00010141276974327145,0.0007217935493342077,0.0014324572688090107,0.002252648002407988,0.0032046699310184544,0.004314141350131513,0.0056101979490645005,0.007125613860058912,0.00889680085669205,0.010963637400380555,0.013369070592646522,0.016158426453402826,0.0193783587597239,0.023075365970898716,0.027293812213436984,0.03207340518319567,0.03744611479387379,0.04343256494435815,0.050037998993772086,0.05724800837362748,0.06502430776709037,0.07330100760887798,0.08198144672599837,0.09093934232212536,0.1
-0.0001666399418012962,-0.0004968498700412368,-0.0008228191269137402,-0.0011447405225419756,-0.001462775353414759,-0.001777058860010014,-0.002087703328312287,-0.002394800983332259,-0.002698426411251721,-0.00299863857090138,-0.0032954824181858976,-0.003588990175879067,-0.0038791822823110497,-0.00416606805361469,-0.0044496460941361735,-0.004729904489177233,-0.005006820813041943,-0.0052803619840666,-0.0055504839965245115,-0.005817131557615226,-0.0060802376557523566,-0.0063397230846068894,-0.006595495945399109,-0.006847451148281571,-0.007095469931850764,-0.00733941941836096,-0.007579152220609952,-0.007814506115201025,-0.00804530379546597,-0.008271352716236633,-0.008492445041366505,-0.008708357703916796,-0.008918852587708992,-0.009123676838001117,-0.009322563307840367,-0.009515231145683947,-0.009701386528622642,-0.009880723544519798,-0.01005292522502335,-0.010217664730294477,-0.010374606684823165,-0.01052340866248214,-0.010663722817383422,-0.01079519765578272,-0.010917479942603394,-0.011030216734769198,-0.01113305753181046,-0.01122565653282187,-0.011307674987134834,-0.01137878362474285,-0.011438665150884741,-0.011487016788005823,-0.011523552846840415,-0.01154800730738376,-0.011560136389276282,-0.011559721090415332,-0.011546569671645626,-0.011520520064972208,-0.011481442182079454,-0.011429240099824694,-0.011363854098985531,-0.011285262532660722,-0.011193483500511348,-0.011088576305252782,-0.010970642667593964,-0.010839827675925465,-0.01069632044656922,-0.010540354470044002,-0.010372207617633411,-0.010192201781237921,-0.01000070211707337,-0.009798115860846219,-0.009584890677577866,-0.00936151250376074,-0.00912850283194229,-0.008886415378515523,-0.008635832063296309,-0.00837735821458862,-0.00811161689461958,-0.007839242217452623,-0.007560871503368381,-0.0072771360799705346,-0.0069886504993924336,-0.00669599989242691,-0.0063997251225331635,-0.0061003053347968355,-0.005798137415429985,-0.005493511785685744,-0.00518658384896901,-0.0048773402914801065,-0.004565559305038887,-0.0042507636576010616,-0.0039321653852764,-0.003608600724914158,-0.003278453756748786,-0.0029395670945891656,-0.0025891378639822833,-0.0022235971705245614,-0.0018384713127936438,-0.001428223178224538,-0.000986072627709159,-0.000503795289486357,2.8499878106700877e-5,0.0006226125434577582,0.0012925089011498352,0.002054589451824148,0.0029279573865208662,0.003934674260757587,0.005099984706971429,0.006452486077999688,0.008024212195893991,0.009850592983533288,0.011970244041949494,0.014424532819511551,0.017256861844040256,0.02051160592591902,0.02423264114970418,0.028461411247965036,0.03323449443888866,0.038580664069949575,0.04451748221116098,0.05104752806889825,0.058154443124514704,0.0657990572593404,0.0739160105997234,0.08241090407103281,0.09116154063823836,0.10000000000000003
-0.00017425045657782975,-0.0005191444136429055,-0.0008590719693102012,-0.0011942834459473671,-0.0015249945339966982,-0.0018513920861886184,-0.0021736371315145588,-0.0024918677681062523,-0.002806201600403723,-0.003116737786359473,-0.0034235587133912442,-0.003726731332085128,-0.004026308177810721,-0.004322328111883726,-0.0046148168141723275,-0.004903787058974284,-0.00518923880515377,-0.005471159130608697,-0.00574952203969084,-0.006024288170863939,-0.006295404430187104,-0.006562803574742369,-0.006826403768405055,-0.007086108130935519,-0.007341804299744623,-0.007593364022401366,-0.007840642796465232,-0.008083479572087921,-0.008321696531482714,-0.008555098958337915,-0.0087834752090019,-0.009006596796313751,-0.009224218595738642,-0.009436079182529962,-0.009641901307392512,-0.009841392517142934,-0.010034245925535071,-0.010220141138346683,-0.01039874533537498,-0.010569714510800002,-0.010732694871781348,-0.01088732439383932,-0.011033234529840374,-0.011170052067977818,-0.011297401132297795,-0.011414905317816196,-0.011522189950369993,-0.011618884459824742,-0.011704624853367972,-0.011779056274154664,-0.011841835628765474,-0.01189263426562311,-0.0119311406848793,-0.011957063259197025,-0.011970132943474543,-0.011970105950768715,-0.011956766370609277,-0.01192992870545099,-0.011889440300281082,-0.011835183640299153,-0.011767078491171581,-0.01168508385654532,-0.01158919972731664,-0.011479468597477616,-0.011355976721225387,-0.011218855086260275,-0.011068280077825553,-0.01090447380784765,-0.010727704082508583,-0.010538283980452546,-0.010336571011559112,-0.010122965823454991,-0.009897910418614864,-0.009661885839561022,-0.009415409272195118,-0.009159030508087869,-0.008893327694423166,-0.008618902285484183,-0.008336373090781215,-0.008046369292201606,-0.0077495222744684246,-0.007446456079564705,-0.00713777625502801,-0.006824056817759082,-0.006505824997573732,-0.006183543357632724,-0.00585758881058467,-0.005528227959380723,-0.005195588089280347,-0.004859623022954563,-0.004520072924240178,-0.004176417000290521,-0.003827817910011261,-0.003473056544942867,-0.0031104557160236954,-0.0027377911691112856,-0.0023521882817955342,-0.0019500027883338517,-0.0015266839704954863,-0.0010766189804664445,-0.0005929573787464677,-6.741563661361233e-5,0.0005099376577918816,0.0011509137559204121,0.0018694488425552204,0.002681855759867084,0.0036070726913151534,0.004666895214668474,0.0058861734100229615,0.0072929501911367855,0.008918510805784327,0.010797306737851177,0.012966710423380557,0.015466550884343445,0.01833837550203637,0.021624380985125136,0.02536595883633273,0.02960180941885012,0.03436559652853275,0.0396831437442689,0.04556921693025635,0.052023994919344466,0.059029402576716024,0.06654555268757452,0.0745076790270971,0.08282356838548317,0.09137487576893571,0.10000000000000005
-0.0001817794553677447,-0.0005411951073744552,-0.0008949190376956652,-0.0012432588111249926,-0.0015864843109863191,-0.0019248338843381768,-0.0022585172788447366,-0.0025877185396117977,-0.0029125984615442696,-0.0032332966688833095,-0.0035499333365516545,-0.00386261057959723,-0.00417141353814765,-0.004476411186989275,-0.004777656899384035,-0.005075188794947937,-0.005369029900863902,-0.005659188155088162,-0.005945656279048854,-0.006228411546292779,-0.006507415472094322,-0.006782613447836338,-0.0070539343424688376,-0.007321290092141345,-0.007584575297658578,-0.007843666848280303,-0.0080984235890338,-0.008348686047687176,-0.00859427623626251,-0.00883499754103477,-0.009070634713743548,-0.009300953975845037,-0.00952570324641389,-0.009744612503383864,-0.009957394286534305,-0.010163744349639675,-0.010363342467802353,-0.010555853404875313,-0.010740928044343593,-0.010918204685764443,-0.011087310507162529,-0.011247863192356902,-0.01139947272032732,-0.011541743312172207,-0.011674275529214745,-0.011796668514160457,-0.011908522365140032,-0.012009440630794326,-0.012099032912484355,-0.012176917558095995,-0.012242724429921175,-0.012296097727642421,-0.01233669884564381,-0.012364209242669455,-0.01237833330032066,-0.012378801146014569,-0.012365371414847328,-0.012337833924316364,-0.012296012235065048,-0.012239766070711708,-0.012168993569403876,-0.012083633339969126,-0.011983666295392954,-0.011869117236782998,-0.011740056160932003,-0.011596599264986625,-0.01143890962148296,-0.011267197497006215,-0.011081720286854942,-0.010882782037170661,-0.010670732523883068,-0.010445965855269964,-0.010208918560751146,-0.009960067123392749,-0.009699924906228794,-0.009429038413454395,-0.009147982815496202,-0.008857356652256804,-0.008557775610098087,-0.008249865245483655,-0.007934252500175133,-0.00761155581937211,-0.007282373643613894,-0.00694727099734064,-0.0066067638401154155,-0.006261300780276666,-0.005911241673775733,-0.005556832543019159,-0.0051981761508809185,-0.0048351974543961096,-0.004467603041753883,-0.004094833527826235,-0.0037160077514891577,-0.00332985748918213,-0.0029346512829943215,-0.002528105891856162,-0.0021072838297432023,-0.0016684754799789752,-0.0012070644018233414,-0.0007173747147877453,-0.0001924999072502349,0.0003758868721808723,0.000997739950592736,0.0016848631767594168,0.0024511424545707278,0.003312781876303906,0.004288533467985357,0.005399906768576634,0.006671339960811591,0.008130309089386417,0.009807346157536461,0.011735930824123006,0.013952214427128143,0.016494529751319213,0.019402636216497154,0.022716649192835666,0.026475605500256575,0.03071562671251224,0.035467659783336436,0.04075480285993556,0.04658926462988046,0.052969058534201294,0.05987459833213345,0.0672654249547189,0.07507741787936721,0.08322047754377734,0.09157990041859841,0.10000000000000002
-0.0001892117534950722,-0.0005629563988573836,-0.0009302852568342525,-0.001291563012262264,-0.001647113656004658,-0.001997226999415931,-0.0023421615470309836,-0.0026821474047790065,-0.00301738875054397,-0.0033480659454687037,-0.003674337297298964,-0.003996340500008898,-0.004314193774938526,-0.004627996740521526,-0.004937831038335631,-0.005243760743628462,-0.005545832588137895,-0.005844076022657329,-0.006138503145876192,-0.0064291085252258596,-0.006715868934248827,-0.006998743030032965,-0.0072776709929398345,-0.00755257414985143,-0.007823354600865126,-0.008089894868399922,-0.00835205758644813,-0.008609685246800723,-0.008862600017894596,-0.00911060365107715,-0.009353477487911618,-0.00959098258129737,-0.009822859941972623,-0.010048830921062216,-0.010268597738033756,-0.010481844162413297,-0.01068823635617016,-0.010887423882515013,-0.011079040885233949,-0.011262707441339552,-0.011438031087998967,-0.011604608523177542,-0.01176202747742268,-0.011909868752535285,-0.012047708420703967,-0.012175120175889767,-0.012291677826981973,-0.012396957920422261,-0.01249054247771738,-0.01257202183148969,-0.01264099754153746,-0.01269708537076344,-0.01273991829885359,-0.012769149550248179,-0.012784455611272671,-0.012785539210321988,-0.01277213223370372,-0.0127439985492002,-0.012700936708556562,-0.012642782499996535,-0.012569411321440446,-0.012480740345386845,-0.012376730446324691,-0.012257387862089589,-0.012122765560629438,-0.01197296428420903,-0.011808133242979926,-0.01162847043004458,-0.0114342225294426,-0.011225684387795566,-0.01100319801841793,-0.010767151104380791,-0.010517974963013757,-0.010256141929386682,-0.009982162109095472,-0.00969657944179225,-0.009399967004953078,-0.009092921472802839,-0.008776056626651827,-0.008449995790371208,-0.00811536303679411,-0.0077727729774940526,-0.007422818908042151,-0.007066059033312208,-0.006703000441097949,-0.006334080427003204,-0.005959644697940493,-0.005579921895674804,-0.005194993785103889,-0.004804760345387018,-0.004408898886707271,-0.0040068161945689615,-0.0035975925814195585,-0.003179916609358375,-0.0027520091477683446,-0.0023115353601838905,-0.0018555031946195163,-0.0013801470059347151,-0.0008807950995374731,-0.0003517202923361479,0.0002140269124740411,0.0008248021893354832,0.0014905668797906228,0.0022231002439613563,0.00303621970178954,0.003946001854903187,0.004970994053926252,0.006132402623668462,0.0074542395773492835,0.008963404798409886,0.010689675381741724,0.012665568361252618,0.014926037811918392,0.01750796290673693,0.020449380770824793,0.023788418027404796,0.02756187917926316,0.03180346009001788,0.03654157264240731,0.041796793901888285,0.0475789910780692,0.05388422227870106,0.06069157194155883,0.06796013562927905,0.0756264811892874,0.08360255495291798,0.09177710518195917,0.10000000000000002
-0.00019653171717813177,-0.0005843824270318896,-0.0009650954405222806,-0.0013390925646692194,-0.0017067519104506533,-0.002068414797655667,-0.002424388578194553,-0.0027749495653383843,-0.0031203455278049686,-0.003460797834609264,-0.0037965032593342703,-0.00412763546662289,-0.004454346204468028,-0.004776766227798282,-0.0050950059795921605,-0.005409156056317946,-0.005719287484321723,-0.006025451833610708,-0.006327681194744926,-0.006625988043963261,-0.0069203650206457416,-0.0072107846404400894,-0.0074971989662424455,-0.00777953925839769,-0.008057715624335927,-0.008331616687053624,-0.00860110929072236,-0.008866038260937351,-0.009126226236010013,-0.009381473584948119,-0.009631558426644768,-0.009876236764004268,-0.010115242745540228,-0.010348289066103718,-0.01057506751708127,-0.010795249695381188,-0.011008487879036634,-0.011214416076048193,-0.011412651251381275,-0.011602794735622509,-0.011784433816857919,-0.011957143515716398,-0.012120488541357295,-0.012274025424372562,-0.012417304820231248,-0.012549873974950854,-0.012671279342219345,-0.01278106933920313,-0.012878797225787646,-0.012964024090064008,-0.013036321920482145,-0.013095276743322,-0.013140491801957772,-0.013171590752917305,-0.013188220851890389,-0.013190056101764465,-0.013176800333352494,-0.013148190188874287,-0.013103997977325421,-0.013044034370767423,-0.012968150910125143,-0.012876242289437395,-0.012768248387452902,-0.0126441560161443,-0.012504000355870327,-0.012347866047663142,-0.012175887913177386,-0.011988251273262487,-0.011785191835614457,-0.01156699512152133,-0.011333995399994893,-0.011086574095514843,-0.010825157631805877,-0.01055021466935732,-0.010262252687350287,-0.009961813851962443,-0.009649470101206202,-0.009325817362037064,-0.008991468796901995,-0.008647046954508375,-0.008293174671780918,-0.007930464540835536,-0.007559506714721136,-0.007180854778587805,-0.006795009357286168,-0.006402399066114966,-0.006003358337274921,-0.005598101570837579,-0.005186692965303124,-0.004769011280424269,-0.004344708675301746,-0.003913162651411634,-0.0034734200179431336,-0.0030241316934031858,-0.0025634770733563824,-0.002089076644128795,-0.0015978915256603494,-0.001086108708469732,-0.0005490109415592647,1.916943141852021e-5,0.0006254128547768861,0.0012780905452626562,0.0019871563687508483,0.0027643494345838005,0.00362340233032755,0.004580247520563182,0.005653211490117171,0.006863182703816364,0.008233735396825963,0.009791186678309192,0.011564559580973993,0.013585419788442103,0.015887549227640376,0.01850641611415448,0.021478399180314623,0.024839724738001855,0.028625080202482216,0.032865878209122644,0.037588163048716275,0.04281017725788785,0.0485396417682711,0.05477084779741367,0.06148171196670508,0.06863099526608121,0.07615598921968578,0.08397062302669045,0.09196692598810277,0.09999999999999992
-0.000203724198445388,-0.0006054278877540937,-0.0009992751064149714,-0.001385744885623686,-0.0017652695471362299,-0.0021382420217045963,-0.0025050186391065905,-0.0028659220897362227,-0.003221243949353239,-0.003571246861161717,-0.003916166381866106,-0.004256212513614636,-0.004591570944246709,-0.004922404020178311,-0.005248851477014593,-0.005571030953633891,-0.005889038315410539,-0.006202947812220746,-0.006512812096283316,-0.00681866212447659,-0.007120506968907055,-0.007418333558906779,-0.007712106376655314,-0.008001767127959594,-0.008287234408714135,-0.008568403386899457,-0.008845145518963102,-0.009117308318774935,-0.009384715196325312,-0.009647165382661669,-0.00990443395649521,-0.010156271987170099,-0.010402406807523646,-0.010642542429311178,-0.010876360112543948,-0.011103519099064565,-0.011323657519143982,-0.011536393478646056,-0.011741326332515562,-0.011938038148860419,-0.012126095365848027,-0.012305050641903435,-0.012474444897385886,-0.012633809543981607,-0.012782668895516778,-0.012920542751802473,-0.013046949144451144,-0.01316140723144224,-0.013263440324507358,-0.013352579031287493,-0.013428364491604354,-0.013490351685240437,-0.013538112786243091,-0.013571240537134665,-0.013589351614388939,-0.013592089955340987,-0.013579130015146292,-0.01355017992173731,-0.013504984495720226,-0.013443328102048353,-0.013365037299850691,-0.01326998325721332,-0.013158083897719755,-0.013029305746364574,-0.012883665442735498,-0.012721230890302896,-0.012542122010886501,-0.012346511074043798,-0.012134622570830762,-0.011906732601214415,-0.011663167742931583,-0.01140430336779104,-0.011130561367841345,-0.010842407249368555,-0.01054034654583992,-0.010224920492433906,-0.009896700893139437,-0.009556284097166946,-0.009204283982972253,-0.008841323825982333,-0.008468026898441231,-0.008085005616913672,-0.007692849013202013,-0.007292108257851829,-0.006883279910472696,-0.0064667865079088265,-0.006042954028687989,-0.005611985690676506,-0.0051739314482395155,-0.0047286524570856366,-0.004275779671029648,-0.0038146656291101967,-0.0033443283889779646,-0.0028633864714364163,-0.002369983612319209,-0.0018617020865937517,-0.0013354633951907294,-0.0007874152125240695,-0.0002128037131891238,0.00039416923264343705,0.001040503939417501,0.0017345749946721047,0.0024863155754980062,0.0033074105407293886,0.004211492958317045,0.005214336374048797,0.00633403227427348,0.007591138834936717,0.00900878321297473,0.010612695416130203,0.012431147351382992,0.01449476627701407,0.016836187972865537,0.019489512068319618,0.022489520879193304,0.025870624763336028,0.02966550255756789,0.03390341640789502,0.03860819757726955,0.0437959247685594,0.04947234979899345,0.05563016665620143,0.06224626828039858,0.0692791787414678,0.07666694282056068,0.08432541442098743,0.09214975029666887,0.1
-0.00021077354169033574,-0.0006260469863326155,-0.001032749390687906,-0.0014314171859058707,-0.001822537051974744,-0.002206553674110028,-0.002583872516406972,-0.00295486282828292,-0.003319860208390644,-0.003679168829106741,-0.004033063326791909,-0.004381790379360513,-0.004725569992846956,-0.005064596520531379,-0.005399039438898945,-0.005729043905399773,-0.006054731122956938,-0.006376198536251146,-0.006693519884326591,-0.007006745133793098,-0.0073159003161657995,-0.007620987292438636,-0.007921983467142478,-0.00821884147362605,-0.00851148885141347,-0.008799827735961281,-0.00908373458023907,-0.009363059927011794,-0.009637628249772207,-0.009907237879685546,-0.010171661034902482,-0.010430643967924567,-0.010683907245565673,-0.010931146175235211,-0.01117203138993579,-0.011406209603347168,-0.011633304544784383,-0.011852918082549454,-0.01206463154232186,-0.0122680072256879,-0.012462590131726854,-0.012647909882748986,-0.012823482852805365,-0.012988814495514495,-0.013143401865031249,-0.013286736321721546,-0.01341830641122102,-0.013537600903205922,-0.013644111973268055,-0.013737338508970525,-0.01381678951831532,-0.013881987616719053,-0.013932472565989302,-0.013967804836993667,-0.013987569165499194,-0.013991378069335382,-0.01397887529333777,-0.013949739147786055,-0.013903685704954741,-0.013840471818285134,-0.013759897928208174,-0.013661810619135736,-0.01354610489220347,-0.013412726119295778,-0.013261671644299509,-0.013092991998679516,-0.01290679169889773,-0.012703229594129825,-0.012482518732679146,-0.012244925715608566,-0.011990769504882948,-0.011720419651819608,-0.011434293908317777,-0.011132855179166663,-0.010816607767101466,-0.010486092854051946,-0.010141883150550745,-0.009784576631235357,-0.009414789256099029,-0.009033146555126909,-0.008640273926481982,-0.00823678546580033,-0.007823271104737598,-0.0074002817908813984,-0.006968312386971094,-0.006527781905347628,-0.00607901062258312,-0.005622193540081228,-0.005157369569004266,-0.0046843857241232415,-0.00420285551300562,-0.00371211060870824,-0.0032111448012664156,-0.0026985491443652344,-0.002172437159798127,-0.001630358948972442,-0.001069203107372593,-0.00048508546929594706,0.000126776043078535,0.0007722007939084279,0.001458198766201761,0.0021931367536186823,0.002986915185287273,0.003851151885314005,0.00479936720186388,0.005847162640076185,0.007012382374560719,0.008315243806995137,0.009778419716694855,0.011427050632144465,0.013288662007313896,0.015392956899294534,0.017771451511635786,0.02045691873999886,0.023482604439943915,0.026881183415389122,0.030683428133000252,0.03491657404587949,0.039602382284433794,0.044754924271365265,0.05037814398001787,0.05646329147687204,0.06298636525022801,0.06990573908325068,0.0771602361930766,0.08466758192836701,0.09232592252604264,0.1
-0.00021766450368406107,-0.0006461943181305387,-0.0010654439020562703,-0.0014760073090283384,-0.0018784257589175134,-0.0022731958570710075,-0.0026607723688141646,-0.0030415712839639048,-0.003415972429358781,-0.0037843217420572848,-0.0041469332074590675,-0.004504090483957723,-0.004856048235492563,-0.0052030331951319845,-0.005545244983451389,-0.005882856706150293,-0.006216015355351983,-0.006544842039177586,-0.006869432063774895,-0.007189854891830449,-0.0075061540009599935,-0.007818346665068743,-0.00812642368103669,-0.008430349062717009,-0.008730059723461732,-0.009025465167990633,-0.009316447213622592,-0.009602859760459227,-0.009884528629262366,-0.010161251485279715,-0.010432797865321683,-0.010698909324793936,-0.010959299720277276,-0.011213655642473046,-0.011461637012992212,-0.011702877857457869,-0.011936987265763581,-0.012163550549038685,-0.012382130600914332,-0.012592269469074756,-0.012793490140778739,-0.012985298544104592,-0.013167185764042019,-0.013338630470332112,-0.01349910155104834,-0.013648060943467988,-0.013784966650679695,-0.013909275929817956,-0.014020448634642501,-0.014117950692648932,-0.014201257693805964,-0.014269858565673331,-0.014323259306810755,-0.01436098674840691,-0.014382592311631814,-0.014387655726749415,-0.01437578867816934,-0.014346638338787592,-0.014299890755775188,-0.014235274049846064,-0.014152561389538656,-0.014051573702600259,-0.013932182086682657,-0.013794309882663088,-0.013637934374448442,-0.01346308808049807,-0.013269859602931719,-0.013058394001306619,-0.012828892658345413,-0.012581612605342183,-0.012316865274021092,-0.012035014640459498,-0.01173647472363795,-0.011421706397316466,-0.011091213467563896,-0.010745537960310629,-0.010385254552035095,-0.01001096406289754,-0.009623285913545677,-0.009222849425033788,-0.008810283814050832,-0.008386206703380942,-0.007951210928500494,-0.007505849375807394,-0.0070506175346464585,-0.006585933384516235,-0.006112114169590793,-0.0056293495359507175,-0.005137670422762417,-0.004636913009300833,-0.00412667692732644,-0.003606276857587059,-0.0030746865458447297,-0.0025304742067561695,-0.001971728244551416,-0.0013959722232290254,-0.0008000680854535467,-0.00018010677293021357,0.0004687143283843968,0.0011522272723813467,0.0018774423052918515,0.0026527081739719347,0.0034878815414331275,0.00439450159500257,0.005385964093403831,0.006477686856706119,0.007687256043450117,0.009034539499850757,0.010541750062450042,0.012233438063674253,0.014136388614700367,0.016279395804582292,0.01869288314854389,0.021408337967784654,0.024457527550306654,0.0278714677399166,0.031679120955640065,0.035905811557540704,0.04057136289649915,0.04568798304812486,0.05125795538971022,0.05727122511753339,0.0637030126861232,0.07051161898465008,0.0776366675226898,0.08499770671964911,0.09249574857127568,0.1
-0.00022438130994889075,-0.0006658239019535099,-0.001097283743027138,-0.0015194127504667598,-0.0019328068764103245,-0.002338014814319017,-0.002735540791472001,-0.0031258477050747032,-0.0035093597934305505,-0.003886464964934688,-0.004257516788631992,-0.00462283616842998,-0.004982712722360698,-0.005337405889908285,-0.005687145790921663,-0.006032133860270857,-0.006372543282377619,-0.006708519249941947,-0.007040179070819051,-0.007367612146934637,-0.00769087984858274,-0.008010015307256287,-0.00832502314953297,-0.008635879194294843,-0.008942530134891291,-0.009244893227586617,-0.009542856006929501,-0.009836276048372745,-0.01012498079770082,-0.01040876748644099,-0.010687403151535033,-0.010960624777033062,-0.011228139574488259,-0.011489625418004329,-0.011744731448552152,-0.011993078861174908,-0.012234261887039912,-0.012467848980979006,-0.012693384223128126,-0.012910388941600237,-0.013118363560711546,-0.013316789677237286,-0.013505132364386815,-0.013682842700815781,-0.013849360518883882,-0.014004117363738511,-0.014146539651469982,-0.014276052011814672,-0.01439208079745346,-0.014494057739199644,-0.014581423723007966,-0.01465363266217904,-0.01471015543503097,-0.014750483856126213,-0.014774134646494604,-0.01478065336666265,-0.014769618274269071,-0.014740644067116114,-0.014693385471207639,-0.01462754063317667,-0.014542854275980014,-0.014439120577354077,-0.014316185730714007,-0.014173950149426698,-0.014012370276090218,-0.013831459960055154,-0.013631291367286977,-0.013411995388176206,-0.013173761509392161,-0.012916837116652247,-0.012641526194643388,-0.012348187389520092,-0.012037231396665349,-0.011709117632876914,-0.011364350146051931,-0.011003472707794462,-0.010627063023352163,-0.010235725979766406,-0.0098300858352527,-0.009410777231319993,-0.008978434882156359,-0.008533681763911748,-0.008077115587946826,-0.007609293297373151,-0.007130713273793785,-0.00664179488168109,-0.006142854910378036,-0.005634080399462631,-0.005115497252409977,-0.0045869339586035686,-0.004047979657166985,-0.0034979356927874006,-0.002935759739668881,-0.0023600015141799625,-0.0017687290712219003,-0.0011594446993790039,-0.0005289895149532628,0.00012656397098148044,0.0008120317462609736,0.0015332506421409297,0.0022972224849217224,0.003112268546070902,0.003988191642643552,0.004936441785113197,0.00597027946367414,0.007104928484509078,0.008357707709464625,0.009748128143446956,0.011297938618905953,0.013031099970107993,0.014973664261647287,0.017153532617677176,0.01960006286993045,0.022343497105597267,0.025414179869375154,0.028841541002611267,0.03265282371680866,0.03687154937316519,0.04151572637028478,0.04659583209715228,0.0521126241943885,0.0580548695880943,0.06439711609228842,0.07109766134939065,0.0780969485770845,0.08531630571218338,0.09265949982267298,0.09999999999999999
-0.000230908560030339,-0.0006848900772456646,-0.0011281944063991811,-0.0015615315604143806,-0.001985552402671504,-0.0024008578643705016,-0.002808001771703935,-0.003207494067009309,-0.0035998035488435144,-0.003985360264323097,-0.00436455755734261,-0.004737753795583602,-0.005105273798048575,-0.005467409986291039,-0.005824423282857452,-0.00617654378101469,-0.006523971209765038,-0.00686687521834341,-0.007205395504050743,-0.007539641807277375,-0.007869693797089032,-0.008195600870657047,-0.008517381889275191,-0.008835024873578118,-0.009148486680005037,-0.009457692680405845,-0.009762536466075231,-0.010062879597310061,-0.010358551418893582,-0.01064934896163136,-0.010935036949229595,-0.011215347929369313,-0.01148998254678672,-0.011758609975496956,-0.012020868525966314,-0.012276366442063624,-0.012524682900929764,-0.01276536922756394,-0.012997950333827255,-0.013221926389822261,-0.01343677473307248,-0.013641952018779793,-0.013836896611482382,-0.014021031215915369,-0.014193765741554724,-0.014354500392511188,-0.014502628970854622,-0.014637542378464286,-0.01475863229879274,-0.014865295036942982,-0.014956935492813645,-0.015032971239264422,-0.01509283667388317,-0.015135987210528737,-0.015161903473933912,-0.015170095458841829,-0.015160106612931743,-0.015131517801738112,-0.015083951112356315,-0.015017073452538433,-0.014930599901232097,-0.01482429676728615,-0.014697984313300425,-0.014551539103000636,-0.014384895931376531,-0.014198049298675809,-0.013991054390440131,-0.013764027527610022,-0.013517146051503299,-0.013250647609624473,-0.012964828807962238,-0.01266004319500214,-0.012336698540287187,-0.011995253367208159,-0.011636212693930255,-0.011260122929055228,-0.01086756585788359,-0.010459151641921568,-0.010035510736674512,-0.00959728461157133,-0.009145115129197611,-0.008679632409532194,-0.00820144096683474,-0.007711103862811995,-0.00720912456825064,-0.006695926167210715,-0.006171827472290024,-0.00563701554779303,-0.005091514060227727,-0.004535146795170589,-0.0039674955987420305,-0.003387851925988103,-0.0027951611135617464,-0.0021879584496598153,-0.0015642961018929678,-0.0009216599991862419,-0.00025687586616343226,0.0004339961987609918,0.0011557788989879636,0.00191430650446453,0.0027165643919262643,0.0035708376730003506,0.0044868660838749755,0.005476000871702215,0.006551357644404585,0.0077279570373415705,0.009022842595486863,0.010455162509380835,0.012046198850411409,0.013819324856506924,0.015799867816071265,0.018014852464937357,0.020492597915466693,0.023262140455798865,0.026352455667415925,0.029791456892428545,0.03360475388055913,0.0378141662210022,0.04243600157915049,0.047479129242041083,0.0529429050165075,0.05881503327245848,0.06506948508105577,0.07166461800208694,0.07854171266002906,0.08562383768624514,0.092817416502528,0.09999999999999999
-0.0002372303342628244,-0.0007033466196427323,-0.0011581009054324792,-0.0016022614942191042,-0.002036534301680251,-0.00246157260680556,-0.0028779799296422214,-0.0032863133505307866,-0.003687086329269498,-0.004080771168541484,-0.004467801125399879,-0.004848572194842168,-0.005223444587806088,-0.0055927439271498194,-0.00595676218533058,-0.006315758387955478,-0.006669959107226049,-0.007019558769481051,-0.007364719800702377,-0.007705572633894676,-0.008042215601819017,-0.008374714738558737,-0.008703103512930173,-0.00902738251673494,-0.009347519130371714,-0.00966344718828983,-0.009975066666254521,-0.010282243412312377,-0.010584808942742652,-0.010882560324099289,-0.011175260161687916,-0.01146263671446555,-0.01174438415535147,-0.012020162995324886,-0.01228960068836408,-0.012552292433331103,-0.01280780218719094,-0.013055663902596862,-0.013295383000708809,-0.013526438088304508,-0.013748282925599146,-0.013960348648927388,-0.014162046249325216,-0.014352769305368718,-0.0145318969650945,-0.014698797168809083,-0.014852830100756362,-0.01499335185438864,-0.01511971829199599,-0.015231289076202999,-0.01532743184689506,-0.015407526514079378,-0.01547096963351524,-0.01551717882930414,-0.015545597224475122,-0.015555697838592135,-0.015546987908980141,-0.015519013090987296,-0.01547136149114985,-0.015403667486896758,-0.0153156152858327,-0.015206942178369091,-0.015077441437784795,-0.014926964823359219,-0.014755424643247327,-0.014562795335870536,-0.014349114529954578,-0.01411448354551902,-0.013859067299230953,-0.013583093579080559,-0.013286851653403589,-0.012970690179260289,-0.012635014373165268,-0.012280282404414158,-0.011907000965835716,-0.011515719969864427,-0.011107026307414945,-0.010681536594163902,-0.010239888811547292,-0.009782732728935284,-0.00931071896713919,-0.008824486532389628,-0.008324648612440942,-0.007811776383223037,-0.007286380524056832,-0.006748890082800861,-0.006199628268652068,-0.005638784681259504,-0.005066383410856042,-0.004482246368229793,-0.0038859511283077424,-0.003276782502415959,-0.002653676998274552,-0.0020151592930954883,-0.001359269845512719,-0.0006834828219909011,1.538636823156413e-5,0.0007412844257805095,0.0014990345690324572,0.002294461687349769,0.003134527268759731,0.0040274722517809145,0.0049829648175041584,0.0060122487198248364,0.007128286024575796,0.008345886084180826,0.009681810223674137,0.011154838999913215,0.012785786098397397,0.014597440086644127,0.016614412543675874,0.018862868806299088,0.021370116068565388,0.024164023293351017,0.02727224888075832,0.03072125590974978,0.0345351016892459,0.038733998983696345,0.04333266116354104,0.04833846298573823,0.05374947262604864,0.05955243808415818,0.06572084140323273,0.0722131578109128,0.07897152191666727,0.08592070884686956,0.09296971068392691,0.1
-0.0002433310840127841,-0.0007211476545994687,-0.0011869287130768988,-0.0016415009795188063,-0.0020856255003731676,-0.002520007951358483,-0.002945301580598773,-0.0033621106382674486,-0.003770993284680696,-0.004172464132483597,-0.0045669964271633405,-0.00495502389127359,-0.0053369422555211285,-0.005713110500859818,-0.006083851835679884,-0.006449454432516559,-0.0068101719484510255,-0.007166223853536546,-0.007517795591217472,-0.007865038594794704,-0.00820807018359428,-0.008546973362570789,-0.008881796548678617,-0.009212553247432972,-0.009539221702684538,-0.00986174454271504,-0.010180028445334409,-0.01049394384469657,-0.010803324702032114,-0.011107968362421797,-0.011407635519047492,-0.011702050306086242,-0.0119909005404677,-0.012273838132162214,-0.012550479681368023,-0.012820407280042466,-0.013083169533491347,-0.013338282816359393,-0.013585232775136765,-0.013823476087433305,-0.014052442485509293,-0.014271537049187181,-0.01448014276997724,-0.014677623385415166,-0.014863326478855306,-0.015036586836737573,-0.01519673005124067,-0.015343076352765737,-0.015474944652402135,-0.015591656771003846,-0.0156925418272491,-0.015776940753706316,-0.015844210905955582,-0.015893730726901336,-0.0159249044249712,-0.01593716662267089,-0.01592998692930114,-0.015902874390310958,-0.015855381764063724,-0.015787109576498034,-0.015697709903519635,-0.015586889831732738,-0.015454414548496385,-0.015300110014008906,-0.01512386516931998,-0.01492563363654614,-0.01470543486919328,-0.014463354713018682,-0.014199545339329217,-0.013914224514576017,-0.013607674170570686,-0.013280238240086829,-0.012932319721004094,-0.012564376929847205,-0.012176918900554678,-0.011770499877787237,-0.011345712844040944,-0.01090318200733456,-0.010443554159299052,-0.009967488793040699,-0.009475646844257809,-0.0089686778885865,-0.008447205591288406,-0.007911811163002597,-0.00736301452597443,-0.006801252840033674,-0.006226855975940763,-0.005640018457330563,-0.005040767321998986,-0.004428925281902152,-0.003804068491876715,-0.0031654781754701083,-0.002512085308913156,-0.0018424075408944806,-0.001154477538168279,-0.0004457620105272526,0.00028692919810941885,0.0010475443405070666,0.0018409013634170062,0.0026728094253878404,0.00355019921920098,0.004481260101746745,0.005475580909306111,0.006544289941953117,0.007700187918129812,0.008957865727412492,0.010333796562759233,0.011846389542850548,0.013515989325638082,0.015364803604621554,0.017416737963449065,0.01969711561086776,0.02223225836698915,0.02504890535089702,0.028173447626689902,0.03163096116800463,0.03544402748946823,0.03963134173916788,0.04420612239707525,0.04917435519553798,0.05453292628748419,0.06026772514318403,0.06635182544151261,0.07274387332489944,0.07938687333917217,0.08620727741293249,0.09311656878504496,0.10000000000000003
-0.00024919478862419785,-0.0007382468544451381,-0.0012146030002188328,-0.0016791483970611304,-0.0021326992134932153,-0.0025760134881430523,-0.003009794151756261,-0.00343469257859201,-0.003851311592691158,-0.00426020809619818,-0.004661895324602114,-0.0050568447558222,-0.005445487697274285,-0.0058282165758013265,-0.006205385955070378,-0.006577313305231315,-0.006944279549278751,-0.0073065294106641485,-0.007664271586318606,-0.00801767876935074,-0.008366887545312332,-0.008711998186068094,-0.009053074364968265,-0.00939014281720773,-0.009723192968935989,-0.010052176558882223,-0.010377007275917336,-0.010697560436130816,-0.011013672722566275,-0.011325142010796721,-0.011631727302906701,-0.011933148792276199,-0.01222908808066697,-0.012519188568629233,-0.01280305603897802,-0.013080259452195866,-0.013350331970877117,-0.01361277222895543,-0.01386704585916275,-0.01411258729025808,-0.014348801822681903,-0.014575067988825317,-0.014790740200639092,-0.014995151684312836,-0.015187617697770764,-0.01536743902329226,-0.01553390572318422,-0.01568630114269846,-0.01582390613978625,-0.015946003517462455,-0.016051882629960917,-0.01614084413021084,-0.016212204821853732,-0.016265302575818954,-0.016299501267728788,-0.016314195689928535,-0.01630881638902822,-0.016282834378329367,-0.016235765672649033,-0.01616717559267649,-0.016076682785290754,-0.015963962907075583,-0.015828751918699393,-0.01567084893970579,-0.015490118614633603,-0.015286492944037285,-0.015059972535897536,-0.014810627235814227,-0.014538596096221488,-0.014244086647270579,-0.013927373432929987,-0.013588795776772574,-0.013228754740766159,-0.012847709238562445,-0.012446171260202345,-0.01202470015908706,-0.011583895942427633,-0.011124391494324702,-0.010646843644082268,-0.010151922972351308,-0.009640302222263815,-0.00911264315278686,-0.008569581635333943,-0.008011710753182398,-0.00743956161509258,-0.006853581540945114,-0.006254109217605233,-0.005641346359543214,-0.005015325341747824,-0.004375872205573253,-0.0037225643744081796,-0.003054682361364891,-0.0023711547121907308,-0.0016704954131021698,-0.0009507330169779263,-0.00020933081750530065,0.0005569024523288287,0.001351911681981261,0.002180504133527838,0.0030484673073426934,0.003962694674389588,0.004931317146189116,0.005963837040712225,0.007071259935298127,0.00826621816207041,0.009563077800747386,0.010978018880445292,0.01252907617117322,0.014236125516475124,0.016120798271963294,0.01820630426250619,0.020517142015518047,0.023078674194926922,0.025916546553448775,0.02905593080112638,0.03252057607288674,0.03633166069102074,0.04050644615301891,0.04505674909310012,0.04998726450099283,0.055293794494798924,0.06096146054314239,0.06696300255097191,0.073257287095783,0.07978820439439671,0.08648385787172765,0.09325815386966267,0.10000000000000005
-0.0002548058299905483,-0.0007545983668274831,-0.0012410496153446046,-0.001715103109476222,-0.002177630019675963,-0.002629440609384552,-0.003071287347860879,-0.003503868593462272,-0.003927831706521983,-0.00434377577068184,-0.004752253928314401,-0.00515377535862775,-0.005548806923699388,-0.00593777450817843,-0.006321064077875537,-0.006699022482510684,-0.007071958027405058,-0.007440140838965696,-0.007803803048373935,-0.008163138818014885,-0.00851830423482624,-0.008869417094950184,-0.00921655660378978,-0.009559763015847504,-0.009899037238483899,-0.010234340424043314,-0.010565593574541319,-0.010892677183379959,-0.011215430938214623,-0.011533653509246684,-0.011847102446682044,-0.012155494211023018,-0.012458504359030597,-0.01275576790778682,-0.013046879898049781,-0.01333139617724863,-0.013608834420714817,-0.013878675408374725,-0.014140364571785323,-0.014393313824426093,-0.014636903685182407,-0.01487048570236833,-0.01509338518201508,-0.015304904220984052,-0.015504325041253,-0.01569091361806056,-0.015863923589929475,-0.01602260043457927,-0.01616618588981173,-0.01629392259431726,-0.01640505891841082,-0.016498853950722363,-0.016574582602202008,-0.01663154078528209,-0.016669050621959218,-0.016686465631813193,-0.016683175847791318,-0.016658612805875536,-0.01661225435270184,-0.01654362921471841,-0.016452321271692768,-0.01633797347820301,-0.016200291377232747,-0.016039046152020058,-0.0158540771638714,-0.015645293926581032,-0.0154126774703272,-0.01515628105121,-0.014876230164851402,-0.014572721825358537,-0.014246023072329578,-0.013896468670017316,-0.013524457962112529,-0.01313045084431418,-0.012714962812758692,-0.012278559040820916,-0.011821847427620966,-0.01134547054998751,-0.010850096433532502,-0.010336408038978432,-0.009805091334961361,-0.009256821799217675,-0.008692249154612027,-0.008111980105919202,-0.007516558796341581,-0.006906444650772352,-0.0062819872153019206,-0.005643397541515009,-0.004990715600636513,-0.004323773150121559,-0.003642151417046128,-0.0029451329147047655,-0.0022316466778754505,-0.0015002061981239758,-0.0007488393749435199,2.4990113576482433e-5,0.0008244704577029131,0.001653538566523872,0.0025169859404125332,0.0034205728745995995,0.004371149623586764,0.005376782280211984,0.006446880025328835,0.007592319066687703,0.008825556999054922,0.010160729490279906,0.011613719157016528,0.013202184298685742,0.014945532901469034,0.016864825147555308,0.01898258575821026,0.021322506116895637,0.02390901557185738,0.026766701986331406,0.02991956391568882,0.03339008121491763,0.037198097881460127,0.04135952094112979,0.04588485247669857,0.050777588546678236,0.0560325384634506,0.06163413981275983,0.06755486809104452,0.0737538567705073,0.08017589759885115,0.08675072445799867,0.09339460753333145,0.09999999999999996
-0.0002601481987788962,-0.0007701560908974299,-0.0012661944272997498,-0.0017492648679521966,-0.0022202933298467904,-0.002680142037626861,-0.003129612737456445,-0.0035694505209025247,-0.004000347051855631,-0.004422943387070644,-0.004837832396801681,-0.005245560815871447,-0.00564663095161344,-0.00604150207535418,-0.006430591523352346,-0.00681427553300076,-0.007192889839494967,-0.007566730058166387,-0.0079360518771994,-0.008301071085584276,-0.008661963460807373,-0.009018864541046211,-0.009371869306402793,-0.009721031794072512,-0.010066364672189416,-0.010407838797498244,-0.010745382781848098,-0.01107888259288959,-0.011408181214111152,-0.011733078389612323,-0.012053330478570955,-0.012368650444389229,-0.012678708002743445,-0.012983129952441752,-0.0132815007117911,-0.013573363082388167,-0.01385821926049587,-0.014135532114805761,-0.014404726746994181,-0.014665192349472314,-0.014916284371642496,-0.015157327003286676,-0.015387615979921,-0.015606421711614304,-0.015812992732331086,-0.0160065594629574,-0.016186338276216808,-0.016351535847382876,-0.016501353769424767,-0.016634993406761653,-0.016751660956479765,-0.016850572681541286,-0.016930960275460576,-0.016992076314065917,-0.017033199745528433,-0.017053641366787345,-0.017052749231015157,-0.017029913928824393,-0.01698457368365667,-0.016916219201191327,-0.01682439821174043,-0.016708719645424915,-0.016568857380459226,-0.016404553507046414,-0.016215621051139387,-0.01600194610553552,-0.015763489318331495,-0.015500286692468973,-0.015212449652791648,-0.014900164340420874,-0.014563690096144851,-0.014203357096512385,-0.013819563106210526,-0.013412769309581902,-0.012983495180584077,-0.012532312345483172,-0.012059837383913264,-0.011566723502878823,-0.01105365100268836,-0.010521316434846047,-0.009970420327574428,-0.009401653326013807,-0.00881568055947058,-0.008213124008562722,-0.00759454259943702,-0.006960409701927326,-0.006311087653130732,-0.00564679886968672,-0.004967593052038069,-0.004273309925867729,-0.0035635369130661847,-0.0028375610831563613,-0.002094314712889489,-0.001332313786557164,-0.0005495888140017085,0.00025639255797603087,0.0010888114947972122,0.0019515925758868517,0.0028495067644868665,0.0037882819454703493,0.004774719550779414,0.005816814922913076,0.006923877986587187,0.00810664949336489,0.009377406568141154,0.01075004953260201,0.012240160040485618,0.013865018495828477,0.01564356663313633,0.017596299159614526,0.01974506668056139,0.02211277099611639,0.02472293356738487,0.02759911885990576,0.030764196777033338,0.03423943292257192,0.03804340239230517,0.0421907325502269,0.04669069302214315,0.05154566694880387,0.05674955606926679,0.06228619258915463,0.06812785247445124,0.07423398006362325,0.0805502849065481,0.08700811445193714,0.0935260516816964,0.09999999999999998
-0.0002652063523992101,-0.0007848746177300601,-0.0012899643409379894,-0.0017815348968411467,-0.002260566535259938,-0.002727973032218096,-0.0031846050132109545,-0.0036312539248208246,-0.004068655381953648,-0.004497492092943586,-0.004918396369861432,-0.005331952256140805,-0.005738697299181764,-0.006139123995574697,-0.006533680935592802,-0.006922773673344893,-0.00730676534824319,-0.007685977083375229,-0.00806068818584152,-0.008431136174252979,-0.00879751665824689,-0.009159983095190113,-0.009518646449061958,-0.009873574776953217,-0.010224792768542308,-0.010572281264424315,-0.010915976779109873,-0.011255771055014093,-0.011591510673608049,-0.011922996750291555,-0.01224998473919333,-0.012572184374247444,-0.01288925977221137,-0.013200829723058312,-0.013506468192029593,-0.01380570505689899,-0.014098027102264758,-0.014382879291335212,-0.014659666333247383,-0.01492775456191022,-0.015186474139177421,-0.015435121592368636,-0.015672962692205604,-0.015899235673716337,-0.016113154797996194,-0.01631391424857233,-0.016500692350868904,-0.016672656098664213,-0.016828965965813122,-0.016968780976690398,-0.01709126400310239,-0.01719558725070687,-0.017280937892529654,-0.01734652380292861,-0.01739157934053989,-0.017415371125350677,-0.017417203751227708,-0.017396425373029746,-0.017352433104935408,-0.017284678165859574,-0.0171926707068535,-0.01707598425619298,-0.016934259718430766,-0.01676720886599936,-0.016574617263894146,-0.016356346571474965,-0.01611233616831741,-0.01584260405518075,-0.01554724698431571,-0.015226439777250531,-0.014880433790639958,-0.014509554493350615,-0.014114198118442294,-0.013694827353597892,-0.013251966030597976,-0.012786192770030564,-0.012298133529342021,-0.011788452991865045,-0.011257844719440604,-0.010707019972891129,-0.0101366950808855,-0.009547577209836233,-0.008940348353648979,-0.008315647323677997,-0.007674049474887669,-0.00701604385561056,-0.00634200741506029,-0.005652175847320229,-0.004946610593982774,-0.004225161473841556,-0.0034874243604480952,-0.0027326932932238792,-0.0019599063919792056,-0.0011675849579540997,-0.0003537651982460328,0.0004840778808773632,0.0013491146859936991,0.0022452533568513094,0.0031772398139852704,0.004150764633097072,0.005172575166596368,0.006250590472591535,0.007394015551110132,0.008613450115965237,0.00992098564653757,0.011330282783467593,0.012856619290683735,0.014516896869514115,0.016329593175054963,0.018314643591923953,0.02049323585837095,0.022887499722327977,0.025520073752558468,0.0284135325482588,0.03158966025554942,0.03506856089741185,0.03886760291834627,0.04300020484491999,0.04747448123939984,0.05229178314314289,0.05744518463445531,0.06291798612389075,0.06868232508153851,0.07469799868976282,0.08091165122343828,0.08725623084292895,0.09365258997274832,0.09999999999999998
-0.0002699644689911835,-0.0007987085817722495,-0.0013122867384701942,-0.001811815418466678,-0.00229832861014217,-0.0027727910648186836,-0.0032361017358042395,-0.0036890979031458863,-0.004132558646152573,-0.004567207877444677,-0.0049937169466904,-0.005412706847893003,-0.005824750059105753,-0.0062303720431897,-0.006630052437012344,-0.007024225956074584,-0.007413283040693058,-0.00779757026973533,-0.00817739056732954,-0.008553003228105023,-0.008924623786190033,-0.00929242375355854,-0.00965653025318336,-0.010017025572990742,-0.010373946666605382,-0.010727284627505215,-0.01107698416323778,-0.011422943096976753,-0.011765011923652835,-0.012102993448401154,-0.01243664253482149,-0.012765665990798888,-0.0130897226190415,-0.013408423459356002,-0.013721332248593641,-0.0140279661235347,-0.014327796590265065,-0.014620250782272868,-0.014904713027039367,-0.015180526738816223,-0.015446996652012119,-0.015703391406720838,-0.015948946493815976,-0.01618286756335553,-0.016404334095138782,-0.016612503425876057,-0.016806515121872413,-0.01698549568121421,-0.017148563543455647,-0.0172948343796203,-0.01742342662920968,-0.017533467245805158,-0.01762409760696128,-0.01769447953945574,-0.01774380140572245,-0.01777128419353882,-0.017776187546861392,-0.0177578156732121,-0.017715523060247648,-0.01764871993321413,-0.017556877383868044,-0.017439532102222363,-0.017296290643066127,-0.0171268331616466,-0.016930916555033416,-0.016708376949487867,-0.016459131477408198,-0.016183179292001783,-0.015880601771480422,-0.015551561869067344,-0.015196302568127444,-0.014815144404976954,-0.014408482023053816,-0.013976779722695494,-0.01352056596846926,-0.01304042681225835,-0.012536998182863425,-0.012010956983046411,-0.01146301092056912,-0.010893886982072309,-0.01030431843562963,-0.009695030220693852,-0.009066722551243467,-0.008420052520580767,-0.007755613453246932,-0.007073911702637838,-0.006375340541857523,-0.005660150742650468,-0.0049284173841382594,-0.00418000238352966,-0.003414512198478984,-0.0026312501217076877,-0.0018291625796735338,-0.0010067788682523921,-0.00016214382077646032,0.0007072569785948426,0.0016045796340749857,0.002533711948844316,0.003499370536108822,0.004507204038040474,0.005563900784283012,0.006677298372788007,0.007856491617014818,0.009111934067670495,0.010455526885585934,0.01190068723505695,0.013462386621907243,0.015157147786102377,0.017002986972053137,0.019019286780897437,0.021226583535947047,0.023646252394288438,0.026300073582305253,0.029209664435540093,0.032395764719907134,0.03587736735398343,0.039670693461693114,0.04378801992272193,0.0482363793796912,0.05301616693816492,0.058119704209889704,0.06352982909322462,0.06921859831631798,0.0751462023165632,0.08126023787017854,0.0874952449201542,0.09377430921125683,0.10000000000000002
-0.000274407287620221,-0.0008116136093376009,-0.001333090524785755,-0.0018400107851353615,-0.0023334613214091005,-0.002814457098760645,-0.0032839446756285037,-0.003742806485187204,-0.004191864436712849,-0.004631883061861161,-0.005063572214763848,-0.005487589361481538,-0.005904541488857047,-0.0063149866623303805,-0.0067194352608413626,-0.00711835091639169,-0.007512151184865464,-0.00790120797451262,-0.008285847757879102,-0.00866635159310665,-0.009042954980201098,-0.009415847578285253,-0.009785172809767618,-0.010151027377981021,-0.010513460724916856,-0.010872474456424636,-0.011228021762371625,-0.011580006860014692,-0.011928284488895127,-0.012272659486210069,-0.012612886471466609,-0.012948669669611952,-0.013279662901325677,-0.013605469769138904,-0.013925644067023965,-0.014239690440513575,-0.014547065322723684,-0.014847178170366895,-0.015139393021370563,-0.015423030393609677,-0.015697369540913636,-0.015961651079527996,-0.016215079993951276,-0.016456829027215677,-0.016686042455551626,-0.016901840242743705,-0.0171033225636202,-0.017289574680879438,-0.017459672153085883,-0.017612686346102614,-0.017747690213669388,-0.017863764307302552,-0.0179600029693523,-0.018035520657978105,-0.018089458347122035,-0.01812098994039945,-0.018129328633253963,-0.018113733154899416,-0.01807351381850899,-0.018008038306960083,-0.017916737120164058,-0.017799108610724604,-0.017654723535262498,-0.017483229051294305,-0.01728435209187505,-0.01705790205430946,-0.016803772742845936,-0.016521943510316456,-0.0162124795478451,-0.01587553127683847,-0.01551133280113512,-0.015120199381115348,-0.01470252389340301,-0.014258772241083682,-0.013789477677778078,-0.01329523400589363,-0.012776687602639033,-0.012234528218268682,-0.011669478477340896,-0.011082281996806734,-0.010473690012487333,-0.009844446379234708,-0.009195270778129172,-0.008526839927864125,-0.007839766555899883,-0.007134575839846454,-0.006411678980672219,-0.005671343519384829,-0.004913659959077395,-0.0041385042087960676,-0.0033454953281183866,-0.0025339480280581316,-0.001702819381723196,-0.00085064922672515,2.450618835306375e-5,0.00092514763538035,0.001854413541113533,0.0028161676641838,0.0038150932602555743,0.00485679265894121,0.00594789050556563,0.007096138085028659,0.008310515129767744,0.009601324314717101,0.010980272263607925,0.012460529355937607,0.01405675897286163,0.0157851051233015,0.01766312574607716,0.019709657528133823,0.021944596985967003,0.024388582047528633,0.02706255869948442,0.02998721872489292,0.03318229745906959,0.03666572515594893,0.04045263226622381,0.04455421790245796,0.04897650209197884,0.05371899599932384,0.058773339781900975,0.0641219743512562,0.06973693066096723,0.07557883161906176,0.08159624530309663,0.08772529833146225,0.09389128046351829,0.10000000000000003
-0.000278519407952542,-0.000823545740122236,-0.001352305659389481,-0.0018660271115590816,-0.0023658489527996858,-0.002852835397121609,-0.003327979697856694,-0.0037922085874428964,-0.004246386009675897,-0.004691316380305664,-0.005127747385497264,-0.005556372355248085,-0.005977832242889486,-0.006392717241110947,-0.00680156806331633,-0.0072048769184372054,-0.007603088206243381,-0.007996598959950307,-0.008385759062254187,-0.00877087126107378,-0.009152191010962889,-0.009529926166630375,-0.009904236554963424,-0.010275233452666932,-0.010642978996778617,-0.011007485556177385,-0.011368715092429718,-0.011726578539201015,-0.012080935229635305,-0.012431592401879037,-0.0127783048128951,-0.013120774491229429,-0.013458650658992067,-0.013791529853405983,-0.01411895627734303,-0.014440422407761284,-0.014755369889329899,-0.01506319073927534,-0.015363228887011594,-0.015654782069997975,-0.015937104103851345,-0.016209407541675665,-0.01647086673316776,-0.016720621290043407,-0.016957779958973223,-0.017181424898332125,-0.017390616348891823,-0.01758439768301301,-0.01776180081013478,-0.017921851910387608,-0.018063577461149,-0.018186010515375307,-0.018288197183719365,-0.018369203266898684,-0.018428120978623053,-0.01846407569477949,-0.018476232659577253,-0.01846380357615684,-0.018426053005769296,-0.01836230449823027,-0.018271946374881973,-0.018154437085913234,-0.018009310064470017,-0.01783617800263069,-0.017634736476821386,-0.017404766854631167,-0.01714613841897509,-0.016858809651072518,-0.016542828618418166,-0.016198332419643805,-0.015825545642507148,-0.015424777795908935,-0.014996419679423431,-0.014540938655906199,-0.014058872791945736,-0.013550823828698417,-0.013017448939688658,-0.012459451223815823,-0.011877568868901251,-0.011272562904937992,-0.010645203444776628,-0.009996254284628728,-0.009326455705853146,-0.008636505284497364,-0.007927036474948409,-0.007198594690710097,-0.006451610558653725,-0.005686369975850543,-0.004902980551646044,-0.004101333976194083,-0.003281063823846138,-0.00244149828202444,-0.0015816073002681665,-0.0006999436895722262,0.00020542222031157302,0.0011369746249751413,0.0020978310467618926,0.003091827658604242,0.0041236104988160984,0.005198731424596928,0.006323746988480494,0.007506317600872969,0.008755303351515708,0.01008085170133296,0.011494470930782296,0.013009081767029178,0.01463903805252563,0.016400105733235512,0.018309387932975183,0.020385182577090183,0.022646758101864596,0.025114032447190786,0.027807141020044886,0.030745880911775127,0.03394902163874071,0.03743347734297816,0.04121334198586925,0.045298797778149734,0.04969491796858337,0.05440039804345639,0.05940626401449709,0.06469462205650953,0.07023752996319942,0.0759960814557124,0.08191983587996042,0.08794650514534282,0.09400356016646738,0.09999999999999998
-0.0002822861112939994,-0.0008344623789287287,-0.001369864223446542,-0.0018897734435588858,-0.0023953795631135896,-0.0028877948596642616,-0.003368058168379504,-0.003837139479802217,-0.004295943803446167,-0.004745314543524966,-0.0051860363967648326,-0.005618837810790895,-0.006044393035171995,-0.006463323796349844,-0.00687620062586635,-0.0072835438705128284,-0.007685824411843763,-0.00808346412220555,-0.008476836083738367,-0.008866264596960152,-0.00925202500524425,-0.009634343362028869,-0.010013395967607764,-0.010389308803158843,-0.01076215688989322,-0.01113196360218432,-0.011498699963863141,-0.01186228395788547,-0.01222257987986347,-0.012579397766873853,-0.012932492933043974,-0.013281565644069642,-0.013626260962537424,-0.013966168796135721,-0.01430082418000377,-0.014629707824058875,-0.01495224695457311,-0.015267816478078126,-0.015575740493211025,-0.0158752941740008,-0.016165706044614536,-0.016446160662454322,-0.0167158017219507,-0.016973735587231246,-0.017219035256263296,-0.01745074475393693,-0.017667883945066704,-0.01786945375237714,-0.01805444175738171,-0.018221828155669917,-0.018370592030646882,-0.018499717903302106,-0.018608202508251945,-0.01869506174025345,-0.018759337708716035,-0.018800105832645846,-0.01881648190299229,-0.01880762903574994,-0.01877276443540551,-0.018711165886615175,-0.018622177890304653,-0.018505217360870973,-0.018359778801705275,-0.01818543887896747,-0.017981860316216704,-0.017748795037164405,-0.017486086488189983,-0.01719367107826408,-0.01687157867920993,-0.016519932135609403,-0.016138945738727876,-0.015728922624274944,-0.015290251057221262,-0.014823399569820362,-0.0143289109190402,-0.013807394828248451,-0.013259519472888209,-0.012686001662399806,-0.012087595658582995,-0.01146508055529293,-0.0108192461238348,-0.010150877004049076,-0.009460735091241613,-0.008749539935383684,-0.008017946930375733,-0.007266523029629973,-0.006495719679755765,-0.005705842619559357,-0.0048970181483564594,-0.004069155430017778,-0.0032219043708792963,-0.0023546085971082715,-0.001466253067014801,-0.0005554058955576213,0.0003798459476089988,0.0013419672658730453,0.0023340515794818746,0.003359904080980192,0.00442412989994114,0.0055322264566926,0.00669067802974772,0.007907049856812131,0.009190078125091808,0.010549751083714951,0.01199737523887149,0.013545619198476692,0.015208526261923514,0.017001485373945042,0.018941148676241207,0.021045282729648892,0.0233325397058199,0.025822134663370352,0.0285334156573729,0.03148531514187611,0.03469567417605449,0.03818043559813994,0.041952708805818785,0.04602171723140622,0.0503916500527428,0.05506045200280021,0.060018598981032185,0.06524792182874914,0.07072055582430672,0.07639810325225961,0.08223113598152623,0.08815895345640831,0.09411119099820581,0.10000000000000003
-0.0002856927033683702,-0.0008443217808487346,-0.0013857000324454687,-0.001911161485123587,-0.002421944816073045,-0.0029192089452488574,-0.0034040369596755504,-0.003877440866790399,-0.004340365588208744,-0.004793692450049922,-0.005238242180000377,-0.005674777450795545,-0.006104005003010104,-0.006526577379044691,-0.006943094298230984,-0.007354103702102049,-0.007760102497604166,-0.008161537025711044,-0.008558803282175323,-0.008952246917326158,-0.00934216304154056,-0.00972879586359936,-0.010112338189210023,-0.010492930807870528,-0.010870661796565314,-0.01124556576987414,-0.011617623106510764,-0.011986759183462278,-0.012352843649311286,-0.0127156897693856,-0.013075053875600871,-0.013430634954659272,-0.013782074408111484,-0.014128956018135038,-0.01447080615215453,-0.01480709423913119,-0.015137233548854602,-0.015460582304445237,-0.015776445155840448,-0.016084075039928356,-0.016382675449484022,-0.01667140312985999,-0.016949371217732243,-0.01721565283187135,-0.017469285120126986,-0.017709273761427474,-0.017934597914802886,-0.018144215601176406,-0.018337069496114203,-0.01851209310488849,-0.018668217283259292,-0.018804377060404442,-0.018919518712566252,-0.019012607029390297,-0.019082632707721557,-0.019128619801998238,-0.01914963315441396,-0.019144785723936415,-0.01911324572909715,-0.019054243517414863,-0.018967078072363506,-0.018851123069105,-0.018705832390684286,-0.018530745019129748,-0.01832548921873468,-0.01808978593372588,-0.017823451327285637,-0.017526398395391822,-0.017198637594826958,-0.016840276431768872,-0.01645151796321558,-0.016032658169765818,-0.015584082162566501,-0.015106259191074164,-0.014599736419269291,-0.014065131437535613,-0.01350312347324975,-0.012914443256574619,-0.012299861486825825,-0.011660175830419724,-0.01099619636186634,-0.010308729335930508,-0.009598559150404347,-0.008866428326500453,-0.00811301529677206,-0.007338909750743636,-0.006544585246144789,-0.005730368751696729,-0.004896406747331983,-0.004042627473866162,-0.0031686989001812557,-0.0022739819683488963,-0.0013574786924563371,-0.00041777473444619905,0.0005470238297636344,0.0015393596957699325,0.002562299396078881,0.0036196138761684813,0.004715863814152599,0.005856488403223129,0.007047895671008518,0.008297551622705809,0.009614064557884718,0.011007259826920083,0.012488239073656513,0.014069416685684828,0.015764524787965334,0.017588576741964984,0.019557777846439153,0.021689370907879438,0.024001403715532766,0.026512405411944544,0.029240959510935766,0.032205163123314305,0.03542196504900512,0.03890638002072683,0.04267058273053585,0.0467228934640954,0.05106667721457258,0.055699189903996256,0.06061041846089373,0.06578197533012321,0.07118612228614142,0.07678500757981689,0.08253023824657865,0.08836270704793482,0.09421420277261043,0.10000000000000002
-0.0002887253146136004,-0.0008530840005126592,-0.0013997497155527146,-0.0019301067910772178,-0.0024454412714220368,-0.0029469570481375574,-0.0034357799005690706,-0.003912962400345137,-0.004379488032456628,-0.004836274798248864,-0.005284178310477566,-0.0057239944210659855,-0.006156461415073791,-0.0065822618032788565,-0.007002023743683171,-0.007416322121314316,-0.007825679314356342,-0.008230565674315125,-0.008631399747175562,-0.009028548262711732,-0.009422325918852356,-0.009812994988649995,-0.010200764777532147,-0.010585790959497663,-0.010968174821328832,-0.011347962445093451,-0.011725143859764094,-0.012099652194071307,-0.012471362863245862,-0.012840092823521982,-0.013205599928627862,-0.01356758242344282,-0.013925678609979014,-0.014279466721337359,-0.014628465038680412,-0.014972132286087979,-0.015309868336760573,-0.01564101526299171,-0.015964858759940394,-0.01628062997115189,-0.01658750774024437,-0.016884621309928516,-0.017171053484769265,-0.017445844269631482,-0.017707994989768,-0.017956472892877974,-0.01819021622636703,-0.018408139776428616,-0.018609140847601346,-0.018792105654175897,-0.018955916086376024,-0.019099456806736637,-0.019221622623679296,-0.01932132608211837,-0.019397505203141752,-0.01944913129860879,-0.01947521677999277,-0.019474822876196046,-0.01944706717043031,-0.019391130863815276,-0.01930626567108277,-0.019191800253867044,-0.0190471460974378,-0.018871802739478794,-0.01866536226248631,-0.018427512966541163,-0.018158042144358042,-0.017856837887507224,-0.017523889859217396,-0.017159288976938122,-0.01676322595449981,-0.01633598866085477,-0.015877958257618608,-0.015389604082446755,-0.01487147724728245,-0.014324202921103351,-0.013748471263652926,-0.01314502697110338,-0.012514657384497956,-0.01185817909848264,-0.0111764229893507,-0.01047021755919482,-0.009740370465487883,-0.008987648074338037,-0.008212752840110131,-0.0074162982762138166,-0.006598781241731878,-0.0057605512291914966,-0.00490177630176278,-0.0040224052978688985,-0.00312212590132665,-0.002200318172114542,-0.0012560031532069605,-0.0002877862217104577,0.000706205052321542,0.0017283886264894046,0.0027818011559815653,0.0038701761835649474,0.004998026523809432,0.00617072950747669,0.007394613118209647,0.008677040285070688,0.010026487685543997,0.011452614368962727,0.01296631434334899,0.01457974601045377,0.016306330030749466,0.018160705924775717,0.020158636563728776,0.022316848797684672,0.024652797965973052,0.02718434411662609,0.029929328634582763,0.032905041868462194,0.03612757547687482,0.039611057803416026,0.04336677680290216,0.047402202984983,0.05171993450371776,0.056316597751450835,0.061181749279217094,0.06629683794557849,0.07163429969750355,0.07715686602132156,0.08281720323566817,0.08855780665361085,0.09431261312559965,0.10000000000000003
-0.00029137028300170096,-0.0008607104334293368,-0.0014119523974623382,-0.0019465285736110338,-0.002465770302127814,-0.0029709245135173356,-0.0034631578792104346,-0.00394356186070964,-0.004413156953431961,-0.004872896398997837,-0.005323669375814023,-0.005766303709278512,-0.006201568135526814,-0.006630174151461127,-0.00705277748162875,-0.007469979191528011,-0.007882326475542096,-0.008290313147370597,-0.008694379860071976,-0.009094914083073705,-0.009492249863273523,-0.00988666739807269,-0.010278392448371178,-0.010667595620637845,-0.011054391547664657,-0.011438837998941806,-0.011820934952255694,-0.012200623659543003,-0.012577785740707979,-0.012952242340480147,-0.013323753383887865,-0.013692016967042041,-0.014056668920041301,-0.014417282579466385,-0.014773368807447975,-0.015124376294263777,-0.015469692180115612,-0.015808643030801307,-0.016140496199663304,-0.01646446160616009,-0.01677969395787078,-0.017085295439462207,-0.017380318887304246,-0.017663771463824803,-0.017934618839527464,-0.018191789884727937,-0.01843418186567682,-0.01866066613276911,-0.018870094280174155,-0.019061304748474773,-0.01923312983294906,-0.019384403052075637,-0.0195139668218351,-0.019620680373607337,-0.019703427845056125,-0.01976112646657397,-0.01979273475874985,-0.0197972606511517,-0.019773769427580492,-0.019721391400050945,-0.019639329211139905,-0.01952686466416368,-0.019383364980876814,-0.01920828838909714,-0.01900118894573808,-0.018761720506141583,-0.018489639756133207,-0.018184808230710923,-0.017847193250429265,-0.017476867715055175,-0.017074008701581486,-0.016638894821762347,-0.016171902300582124,-0.01567349974292827,-0.015144241558838993,-0.014584760019385065,-0.013995755913219415,-0.013377987769397666,-0.012732259603085713,-0.012059407128543809,-0.01136028236643488,-0.010635736551456722,-0.009886601220103602,-0.009113667328680608,-0.008317662217737032,-0.007499224203018467,-0.0066588745350601155,-0.005796986432681354,-0.00491375086156873,-0.004009138702226534,-0.0030828589355761803,-0.0021343124757344533,-0.0011625413044417199,-0.00016617261910578318,0.0008566421939090582,0.0019082937957145725,0.002991786156201395,0.004110812355565679,0.00526983404731797,0.006474163202488433,0.007730044133343891,0.009044733046030644,0.010426571491313128,0.011885049077351512,0.01343084969324551,0.015075874299213246,0.016833232115830533,0.018717190862956857,0.020743075651412826,0.022927105340958456,0.025286154792759044,0.027837431640743177,0.03059805717697515,0.0335845429039765,0.03681215745815201,0.04029418314927447,0.04404106743899141,0.04805948238225729,0.05235131435445215,0.05691261712871489,0.06173257323269469,0.06679252092400453,0.07206511692659946,0.07751371328376554,0.08309206125693537,0.08874427131437357,0.09440642824633416,0.09999999999999999
-0.00029361493181691604,-0.0008671647562636856,-0.0014222507793215005,-0.00196035090440223,-0.0024828394005096594,-0.0029910040324566643,-0.0034860503134886834,-0.003969106690567934,-0.004441228904727296,-0.004903403807822364,-0.005356552644926658,-0.005801533844095873,-0.006239145347596432,-0.006670126517490519,-0.007095159646244213,-0.0075148711020144076,-0.0079298321368773,-0.00834055938593892,-0.008747515084524423,-0.009151107030925101,-0.009551688321992182,-0.0099495568896479,-0.01034495486664873,-0.01073806781111017,-0.011129023819895832,-0.011517892562423287,-0.01190468426722053,-0.012289348695146808,-0.012671774133996717,-0.013051786450743872,-0.01342914823832523,-0.01380355809515631,-0.014174650075841465,-0.014541993352364939,-0.014905092124714891,-0.01526338582001069,-0.015616249618029312,-0.015962995340200466,-0.016302872736895756,-0.01663507120585682,-0.016958721971099978,-0.017272900748331352,-0.017576630918004564,-0.01786888722244627,-0.018148599997139428,-0.018414659940164523,-0.018665923416124667,-0.01890121828357069,-0.019119350226165333,-0.019319109559620958,-0.019499278476965455,-0.019658638686071466,-0.019795979383769428,-0.019910105502447963,-0.01999984615598628,-0.020064063204378674,-0.020101659848658446,-0.020111589161937816,-0.02009286245667672,-0.02004455738488611,-0.019965825664942632,-0.01985590032818721,-0.019714102378514637,-0.01953984676079377,-0.019332647537107762,-0.019092122175414217,-0.018817994861123857,-0.018510098750075307,-0.0181683770891878,-0.01779288314034702,-0.017383778851490103,-0.016941332227904747,-0.016465913364086437,-0.01595798910347214,-0.01541811629765172,-0.014846933639530593,-0.014245152044108103,-0.01361354354730365,-0.012952928685491239,-0.01226416230737819,-0.011548117753752942,-0.010805669320844986,-0.010037672898182555,-0.009244944643605856,-0.008428237525755259,-0.0075882155301226425,-0.006725425288896038,-0.005840264860409945,-0.004932949352767952,-0.004003473062519128,-0.0030515677868875493,-0.002076656973249754,-0.0010778053986643357,-5.366413391313806e-5,0.0009975893499608692,0.0020783159181338583,0.0031914841154647394,0.004340743581523053,0.005530501611193542,0.006766001441130464,0.008053400234366037,0.0093998440070016,0.010813535889880214,0.012303793152312968,0.013881087350726712,0.015557060835804668,0.01734451170481352,0.019257338192996805,0.021310432550004442,0.023519513764635677,0.025900888224342326,0.02847112769442587,0.03124665505803808,0.03424323027111212,0.037475332146709055,0.040955436069360356,0.04469319368151899,0.04869452805078426,0.05296066678269318,0.05748714583412455,0.06226282810184908,0.06726899267287526,0.07247856281350093,0.07785554865987014,0.0833548136753367,0.08892209937588387,0.09449564342243981,0.1
-0.0002954469890108524,-0.0008724125158059334,-0.0014305908767147917,-0.001971502583527824,-0.002496562162116353,-0.003007095726761699,-0.003504345324669605,-0.003989474246882318,-0.00446357149719841,-0.004927655707071912,-0.005382678504824433,-0.005829527380974517,-0.006269028083709001,-0.006701946577332971,-0.0071289905942932,-0.007550810810372308,-0.007968001671257897,-0.008381101898399418,-0.008790594701344412,-0.009196907724079878,-0.009600412752759545,-0.010001425213058017,-0.010400203485723458,-0.010796948070181136,-0.011191800626723156,-0.011584842929399373,-0.011976095762623446,-0.012365517796234004,-0.012753004474699679,-0.01313838695785843,-0.013521431151381989,-0.013901836866625253,-0.014279237149957963,-0.01465319782267389,-0.015023217272405746,-0.015388726537252033,-0.015749089722793014,-0.016103604791479844,-0.016451504761742602,-0.01679195935226265,-0.01712407710339227,-0.01744690800440847,-0.01775944665034696,-0.018060635947361264,-0.01834937137907591,-0.018624505840100586,-0.018884855034933788,-0.01912920343282984,-0.019356310760038107,-0.019564919002132957,-0.019753759879169924,-0.019921562747174125,-0.02006706286924441,-0.020189009990454008,-0.020286177140987776,-0.02035736958375502,-0.020401433814281045,-0.0204172665142001,-0.020403823353353685,-0.020360127531514553,-0.020285277947253526,-0.020178456880573938,-0.02003893707572266,-0.01986608811308163,-0.01965938196222776,-0.019418397614021442,-0.019142824695828283,-0.018832465982441617,-0.01848723872373131,-0.018107174720101163,-0.017692419086175658,-0.017243227653213962,-0.01675996296921534,-0.016243088863848825,-0.015693163550888442,-0.015110831244985308,-0.014496812270116831,-0.013851891635118827,-0.013176906045256676,-0.01247272930906164,-0.011740256084886712,-0.010980383893183992,-0.010193993297075758,-0.009381926127056997,-0.008544961594987533,-0.007683790110133124,-0.006798984576249051,-0.005890968916656729,-0.004959983545719054,-0.004006047484479747,-0.003028916809211408,-0.002028039130427983,-0.0010025038327564231,4.901212864592821e-5,0.0011283029727085123,0.0022376973168407293,0.00338012559743027,0.004559191104756236,0.0057792436645990085,0.007045454513890977,0.008363890324138918,0.009741583619212813,0.011186596012655979,0.012708069763102885,0.014316262132314546,0.016022555962782035,0.01783943881850516,0.019780442024281662,0.021860030084558772,0.0240934303793342,0.026496392857017298,0.029084869834330302,0.031874607143678256,0.03488063992560341,0.03811668952409029,0.0415944623681183,0.045322857528149144,0.04930709687737513,0.05354780042155254,0.058040039234735566,0.06277240926301318,0.06772618053844516,0.07287458800129104,0.07818233777138382,0.08360543441774305,0.08909126960748619,0.09458024364458616,0.09999999999999996
-0.0002968553404983141,-0.0008764220530456465,-0.001436923090231412,-0.0019799183349602455,-0.0025068595871965437,-0.0030191085397901956,-0.003517941203044901,-0.00400455332880821,-0.004480064978334853,-0.004945524527533704,-0.00540191211669514,-0.005850142586252292,-0.006291067932265775,-0.0067254793141973395,-0.007154108645315355,-0.007577629795120464,-0.007996659431811043,-0.00841175753256336,-0.008823427588719929,-0.009232116533370338,-0.009638214418721177,-0.010042053871591385,-0.010443909355772845,-0.010843996271380663,-0.011242469922098892,-0.011639424382929878,-0.012034891302080327,-0.012428838672486833,-0.012821169609584572,-0.013211721173780864,-0.013600263277075735,-0.01398649771490777,-0.014370057364927314,-0.014750505595581243,-0.015127335927400624,-0.015499971990345382,-0.015867767819685945,-0.016230008532367845,-0.016585911423790952,-0.016934627523138478,-0.017275243642000997,-0.017606784947773214,-0.017928218088348238,-0.01823845488976873,-0.018536356641891377,-0.018820738980636555,-0.01909037736720568,-0.019344013156667863,-0.019580360238765134,-0.019798112224626553,-0.019995950142570905,-0.020172550596349523,-0.02032659432831396,-0.020456775120183828,-0.020561808953632164,-0.020640443343942667,-0.020691466750821254,-0.020713717963219993,-0.02070609534803187,-0.02066756584788668,-0.02059717360923728,-0.02049404812057125,-0.020357411740055564,-0.020186586494217777,-0.019981000032429863,-0.019740190627856456,-0.01946381112208748,-0.01915163171959799,-0.01880354154729843,-0.018419548905279973,-0.017999780145164783,-0.01754447712361611,-0.0170539931882304,-0.016528787662469003,-0.01596941880319203,-0.015376535209875267,-0.01475086566653068,-0.01409320739681415,-0.013404412707790088,-0.012685373989496264,-0.011937007024110652,-0.011160232541498987,-0.010355955935991971,-0.009525045034051854,-0.008668305773508292,-0.007786455624473336,-0.006880094550347593,-0.005949673277574775,-0.00499545861684356,-0.0040174955606456135,-0.0030155658761822795,-0.0019891429247012008,-0.0009373424744836375,0.0001411306569013205,0.00124804018614805,0.0023856800682093846,0.003556939992920871,0.004765374050698138,0.006015271563191292,0.007311728599576183,0.008660718120696471,0.010069156007996202,0.01154495944256577,0.01309709321206518,0.014735598558360869,0.01647159817101384,0.018317269928943978,0.02028578106455788,0.02239117365821612,0.024648191879243112,0.027072041302737496,0.029678071103608407,0.032481371123603664,0.03549627789873474,0.038735786886496384,0.04221087249306543,0.04592972317103502,0.04989690588350472,0.0541124825624392,0.058571110679041555,0.06326117042113735,0.06816397178144226,0.07325310605345554,0.07849401370790644,0.08384387100234407,0.08925174199255108,0.09466020404157748,0.10000000000000002
-0.00029782948213810564,-0.0008791641303210489,-0.0014412019851944053,-0.001985538719101253,-0.002513660108670508,-0.003026960364762625,-0.003526746623552645,-0.004014244469474794,-0.004490602590763025,-0.004956896865765232,-0.005414133885565828,-0.005863253953875247,-0.006305133597272769,-0.006740587617870368,-0.007170370718300928,-0.0075951787280541146,-0.008015649458860127,-0.008432363216644003,-0.008845842996942042,-0.009256554391131003,-0.009664905230798536,-0.010071244998602395,-0.010475864034451412,-0.010878992567324889,-0.011280799603933675,-0.011681391707248037,-0.012080811699068513,-0.012479037322836173,-0.012875979904121666,-0.013271483048270381,-0.013665321415820757,-0.014057199618145357,-0.014446751276569464,-0.014833538289600774,-0.015217050353107126,-0.015596704778927389,-0.01597184665671559,-0.016341749403451046,-0.016705615743186526,-0.017062579157939,-0.01741170584733327,-0.017751997231399964,-0.01808239302599564,-0.018401774915399977,-0.018708970839960707,-0.019002759909999237,-0.019281877948779592,-0.0195450236590553,-0.019790865397781174,-0.020018048533954693,-0.020225203353522483,-0.020410953464843645,-0.020573924646681646,-0.020712754070153157,-0.020826099814852415,-0.02091265058960531,-0.020971135558343547,-0.021000334163563263,-0.02099908583208823,-0.020966299442509325,-0.020900962429023895,-0.020802149394504168,-0.02066903010471478,-0.020500876737621444,-0.020297070264822494,-0.020057105848088123,-0.01978059714083438,-0.01946727939370865,-0.019117011273238414,-0.018729775314122375,-0.018305676937046364,-0.017844941976149817,-0.017347912671205633,-0.016815042090343815,-0.016246886957502562,-0.015644098865779815,-0.015007413861327732,-0.014337640383416356,-0.013635645542825607,-0.012902339713915084,-0.01213865940391746,-0.011345548347509567,-0.010523936754354755,-0.009674718613743093,-0.008798726933197295,-0.007896706759188563,-0.006969285798435162,-0.006016942430715453,-0.005039970880631391,-0.004038443300613141,-0.003012168514401322,-0.0019606471852481972,-0.0008830232121078737,0.00022196877195187632,0.0013560598136050795,0.0025215068185643194,0.003721156127800094,0.004958509829540673,0.006237793771705457,0.007564025774768739,0.008943081982467495,0.010381758624829991,0.01188782570636596,0.01347006828332979,0.01513831007715769,0.01690341322142259,0.01877724700441101,0.020772617617453477,0.022903150235128792,0.025183114346874827,0.027627183255242164,0.0302501192013257,0.033066376827098974,0.036089619801917154,0.03933214857761169,0.042804241529331266,0.04651341727702158,0.05046363280173935,0.05465444002099437,0.059080132624964525,0.06372892494925517,0.0685822150536383,0.07361399497113784,0.07879047847107991,0.08407004578648565,0.08940345865795207,0.0947354903844013,0.10000000000000005
-0.00029836024640297545,-0.0008806128312975198,-0.001443387338904131,-0.0019883113042612733,-0.00251690086772644,-0.0030305794069698175,-0.0035306820794938055,-0.004018461428308915,-0.0044950921122835505,-0.004961675062780498,-0.005419241070226056,-0.005868753840636718,-0.006311112554308134,-0.006747153958004855,-0.007177654019929903,-0.007603329175962703,-0.008024837194414405,-0.008442777686446237,-0.008857692288732824,-0.00927006454549268,-0.009680319517048931,-0.010088823143194744,-0.01049588139020224,-0.010901739211901277,-0.011306579356238272,-0.011710521050678583,-0.012113618601082895,-0.012515859940861815,-0.012917165168604671,-0.013317385114586133,-0.01371629997787191,-0.014113618077767415,-0.014508974764354388,-0.014901931534445242,-0.01529197539969192,-0.015678518554443625,-0.016060898390464224,-0.016438377905440987,-0.01681014655053707,-0.01717532156072181,-0.017532949808449442,-0.017882010218132034,-0.018221416773970673,-0.01855002214878353,-0.018866621974730973,-0.019169959770037406,-0.01945873252721286,-0.01973159695969411,-0.01998717639355167,-0.020224068280834954,-0.02044085229958038,-0.020636098994451967,-0.020808378899798845,-0.020956272075611876,-0.021078377974878153,-0.021173325550211668,-0.021239783496846066,-0.021276470520177622,-0.021282165507495322,-0.021255717477386533,-0.02119605517497802,-0.021102196178649908,-0.020973255382493502,-0.02080845272044887,-0.02060712000100653,-0.020368706727302226,-0.02009278478450929,-0.019779051886173495,-0.019427333681540336,-0.01903758443833933,-0.01860988622780252,-0.01814444655207353,-0.01764159436642296,-0.01710177446085919,-0.016525540175609962,-0.015913544433512613,-0.015266529077464631,-0.014585312503705428,-0.013870775579906378,-0.013123845831867978,-0.012345479872481892,-0.011536644032744773,-0.010698293135927064,-0.00983134733410293,-0.00893666690076954,-0.008015024846398483,-0.007067077196096321,-0.006093330743145759,-0.005094108071026363,-0.004069509623832409,-0.0030193726045367624,-0.0019432264981428626,-0.0008402450582430681,0.0002908053314658678,0.0014516208965356142,0.0026444191262924737,0.0038720004376749306,0.005137812153817889,0.006446013735771003,0.007801541752394886,0.00921017252739758,0.010678579762273786,0.012214383702294237,0.013826187601951341,0.01552359637645601,0.017317211432149347,0.019218594798115635,0.02124019490135964,0.023395225721095078,0.025697490729818875,0.02816114309979505,0.030800374263918646,0.03362902421576453,0.03666010906958907,0.03990526451780494,0.0433741080459776,0.047073528173530166,0.05100691561190974,0.05517335901917674,0.05956683684538868,0.06417544637480627,0.06898072110146279,0.07395709803111496,0.07907160384841454,0.08428385676887591,0.08954634449735989,0.09480605943272707,0.1
-0.00029843928271680624,-0.000880745216047502,-0.0014434439465879224,-0.0019881906026812967,-0.002516527761776234,-0.00302990432804121,-0.00352968010979716,-0.004017131490091288,-0.004493456217438212,-0.004959777620587679,-0.005417148248770338,-0.00586655297616664,-0.006308911601646648,-0.006745080974167631,-0.0071758566722806855,-0.007601974265548294,-0.008024110184520358,-0.008442882225917357,-0.008858849719181041,-0.009272513381180575,-0.009684314885978623,-0.010094636177760763,-0.01050379855568206,-0.01091206156107233,-0.011319621698528145,-0.011726611024491278,-0.012133095638310394,-0.012539074113094862,-0.012944475905219837,-0.01334915978371568,-0.013752912322274439,-0.014155446498821373,-0.014556400448808958,-0.014955336420181257,-0.015351739978590923,-0.015745019512523644,-0.016134506087724168,-0.016519453700351718,-0.01689903997681363,-0.017272367366889963,-0.01763846487375328,-0.017996290361486835,-0.01834473347590115,-0.018682619209554167,-0.019008712135114177,-0.019321721324306793,-0.019620305960926013,-0.019903081647548237,-0.020168627394994722,-0.0204154932730708,-0.02064220868907243,-0.020847291248875896,-0.021029256142574185,-0.021186625984550903,-0.02131794102508869,-0.02142176963910781,-0.02149671898594923,-0.02154144572429181,-0.021554666656864088,-0.02153516917258829,-0.021481821347695378,-0.021393581564113622,-0.021269507501521616,-0.02110876436067647,-0.02091063217834746,-0.020674512100052778,-0.020399931484040453,-0.020086547720031656,-0.019734150657254628,-0.01934266354947865,-0.01891214243808813,-0.018442773908779245,-0.017934871171091247,-0.01738886842362655,-0.016805313479329235,-0.016184858635416178,-0.01552824977944024,-0.014836313727333286,-0.01410994378929064,-0.01335008355593878,-0.01255770888887094,-0.011733808087502073,-0.010879360187278279,-0.00999531132413349,-0.00908254907642443,-0.008141874670552553,-0.007173972910784686,-0.006179379670444642,-0.005158446762664385,-0.00411130399847442,-0.003037818241867023,-0.001937549291305814,-0.0008097024606617952,0.0003469221928536938,0.0015339839327999016,0.002753658477650999,0.004008697765029696,0.005302491622075573,0.006639130258838852,0.008023466060249953,0.009461172623173858,0.010958798367906324,0.01252381135183861,0.014164631139927246,0.015890642762660976,0.017712186952566208,0.01964052004154936,0.021687736189636826,0.023866644081116804,0.026190589968964943,0.028673219087798227,0.03132816812362457,0.03416868276379357,0.03720715649842954,0.040454589936410205,0.04391997405001639,0.04760960604462474,0.05152635298804182,0.05566888587727233,0.060030915342151034,0.06460046947336202,0.0693592639776338,0.07428222503536694,0.07933723260648402,0.08448517862388319,0.08968030794444988,0.09487185935618239,0.10000000000000002
-0.00029805975519932835,-0.0008795421884866325,-0.0014413426315172029,-0.001985139199573072,-0.0025124966718194663,-0.0030248855538877397,-0.003523686672427331,-0.004010196891132207,-0.004485633945963034,-0.004951140704443125,-0.005407788847997678,-0.005856582014459507,-0.006298458430371848,-0.006734293062288762,-0.007164899314516753,-0.007591030300238994,-0.008013379711934457,-0.008432582317114039,-0.008849214104999973,-0.009263792110493399,-0.009676773941975506,-0.010088557040775638,-0.010499477700874607,-0.010909809879202021,-0.01131976382806951,-0.011729484583474782,-0.012139050344528989,-0.012548470781717449,-0.012957685313402268,-0.013366561392521058,-0.01377489284711687,-0.014182398320749088,-0.014588719860249,-0.014993421700302096,-0.015395989295200387,-0.01579582864941307,-0.016192265998610504,-0.016584547893032462,-0.016971841733849476,-0.017353236812029528,-0.017727745896414942,-0.018094307414851876,-0.018451788267548546,-0.018798987306995953,-0.019134639512040804,-0.019457420876738817,-0.01976595402573331,-0.02005881455883833,-0.020334538116620532,-0.020591628147848446,-0.020828564347160305,-0.021043811719020408,-0.02123583021052056,-0.021403084842720684,-0.02154405625660911,-0.021657251577331737,-0.021741215487738684,-0.021794541391471734,-0.02181588253545329,-0.02180396295364431,-0.02175758808699601,-0.021675654930466987,-0.021557161555424472,-0.021401215856425012,-0.02120704337377209,-0.02097399404894043,-0.020701547777301165,-0.020389318632928335,-0.020037057651835537,-0.019644654073911784,-0.019212134958176266,-0.01873966310168122,-0.018227533207444104,-0.017676166261954833,-0.017086102096034405,-0.016457990114810313,-0.015792578191343047,-0.015090699724686768,-0.014353258865121194,-0.013581213907766277,-0.012775558849351408,-0.011937303092637153,-0.011067449267943598,-0.0101669691229374,-0.009236777410041048,-0.008277703677683679,-0.007290461847870044,-0.006275617441192058,-0.0052335522934904635,-0.004164426600044883,-0.003068138127085261,-0.0019442784521709645,-0.0007920861401069036,0.0003896031632855505,0.0016024096236372264,0.0028484648408892764,0.004130469731687196,0.005451753921837729,0.006816335548795873,0.008228979945417759,0.00969525516469338,0.01122158171129224,0.01281527317399606,0.014484563717070428,0.016238617609362994,0.018087515182433712,0.020042208859348994,0.02211444224851037,0.02431662482994188,0.026661654573496594,0.029162681029925603,0.031832802154746244,0.03468468949274401,0.037730138505094275,0.04097954388422032,0.044441303780638396,0.04812116202663098,0.05202150370497388,0.05614062672836377,0.06047202035008758,0.0650036905271987,0.0697175815019516,0.07458915290565951,0.07958717913778246,0.08467386331129594,0.08980524145553502,0.0949328300062862,0.1
-0.000297215846795197,-0.0008769881684935795,-0.0014370600607808012,-0.001979127691487244,-0.002504773505198493,-0.0030154854063429147,-0.003512661351901034,-0.003997615091935318,-0.0044715810319554804,-0.004935718521768742,-0.005391115567030898,-0.005838791998679495,-0.006279702128203944,-0.006714736916549736,-0.007144725682904988,-0.007570437379294635,-0.007992581456014577,-0.008411808343179476,-0.008828709573355653,-0.009243817571078946,-0.009657605135332759,-0.010070484642448363,-0.010482806997706352,-0.010894860365806487,-0.011306868711655255,-0.011718990185226631,-0.012131315385889302,-0.012543865544188883,-0.012956590660924581,-0.013369367646069058,-0.01378199850194658,-0.01419420859769449,-0.014605645083667466,-0.015015875496683045,-0.015424386608113374,-0.01583058356838051,-0.01623378940165556,-0.016633244905068942,-0.017028109005756114,-0.01741745962815361,-0.017800295121386523,-0.0181755362939066,-0.018542029098041733,-0.01889854800237364,-0.019243800083186918,-0.01957642985923996,-0.019895024885159252,-0.020198122109499606,-0.020484214992383724,-0.020751761366324572,-0.02099919201087147,-0.02122491989884656,-0.021427350057774717,-0.021604889976453275,-0.02175596047216124,-0.02187900692061523,-0.021972510737219317,-0.022035000986274565,-0.022065065983444654,-0.02206136474773435,-0.02202263815135493,-0.02194771961088241,-0.021835545159815072,-0.021685162742661825,-0.021495740572671937,-0.021266574400736017,-0.020997093550336764,-0.020686865583971176,-0.020335599478528327,-0.019943147201726193,-0.019509503597057765,-0.019034804501585848,-0.018519323037421404,-0.017963464034468017,-0.017367756557032932,-0.016732844520759217,-0.01605947539710301,-0.015348487010839181,-0.014600792440113043,-0.013817363029065286,-0.012999209518681483,-0.012147361293227812,-0.011262843726590761,-0.01034665359646144,-0.009399732514461715,-0.008422938299071883,-0.007417014196416424,-0.006382555834532804,-0.005319975781782503,-0.004229465573619855,-0.0031109550776635764,-0.0019640690903460303,-0.0007880811047503826,0.00041813573452511253,0.0016561603604079598,0.0029280779090023134,0.004236535743138196,0.005584800602540448,0.0069768157680163995,0.00841725671149446,0.009911583210137387,0.011466085332313159,0.013087920061132628,0.014785134621680435,0.01656667184227534,0.018442352142887083,0.020422826050554187,0.022519490555326014,0.024744362216505462,0.02710989980297484,0.029628769509174903,0.032313546552208645,0.03517634835036168,0.03822839663893703,0.041479508910871134,0.04493752357704183,0.048607668284784356,0.0524918869322148,0.05658814802526989,0.06088976503823406,0.06538476818579338,0.07005537622965988,0.07487762669308706,0.0798212304325612,0.08484974092429567,0.08992102214712236,0.09498890326579679,0.10000000000000003
-0.00029590342567795976,-0.0008730719179556789,-0.0014305797038938837,-0.0019701357538239534,-0.0024933353516858633,-0.0030016793305240427,-0.0034965786434125942,-0.003979360106140747,-0.004451271268037236,-0.0049134847140715615,-0.005367101791466713,-0.005813155793755304,-0.006252614628314534,-0.006686382993571015,-0.007115304090747238,-0.00754016089490575,-0.007961677009308577,-0.008380517127489245,-0.00879728712724504,-0.009212533821685303,-0.009626744392842744,-0.010040345534824862,-0.010453702334388899,-0.01086711691880318,-0.011280826902236609,-0.011695003664328754,-0.012109750496352028,-0.012525100653101756,-0.012941015350647667,-0.013357381752954364,-0.01377401099242528,-0.014190636272233919,-0.01460691110015646,-0.015022407706091775,-0.015436615696813856,-0.015848941003309518,-0.016258705176573855,-0.01666514508851271,-0.017067413093899978,-0.01746457770868955,-0.017855624857668805,-0.018239459741980525,-0.01861490937275154,-0.018980725812462424,-0.019335590159140145,-0.019678117301477747,-0.020006861464020594,-0.020320322552155625,-0.020616953295309604,-0.020895167175111633,-0.02115334711189972,-0.021389854869513815,-0.021603041123518085,-0.021791256123550654,-0.021952860865211598,-0.022086238672527035,-0.022189807077464988,-0.022262029869996015,-0.022301429179742063,-0.022306597440095693,-0.022276209076769405,-0.02220903175674862,-0.02210393702946839,-0.02195991019128215,-0.021776059205735217,-0.021551622517184073,-0.02128597560255505,-0.020978636116671855,-0.02062926749906922,-0.020237680925464525,-0.019803835503369092,-0.019327836629377006,-0.01880993244362881,-0.018250508335314972,-0.017650079469966173,-0.017009281325084943,-0.01632885823355908,-0.015609649944700628,-0.014852576219010236,-0.014058619475467434,-0.013228805507975111,-0.012364182281438877,-0.011465796807033163,-0.010534670081868884,-0.009571770060458002,-0.008577982606073575,-0.007554080350243842,-0.006500689371050781,-0.00541825358777428,-0.004306996764689371,-0.003166882024121911,-0.0019975687934478004,-0.0007983671578877461,0.0004318103327277371,0.0016944992426940048,0.0029917358982306835,0.004326111580683531,0.0057008274755943255,0.007119749256594063,0.008587459781176457,0.010109307900054322,0.011691450834893466,0.0133408869666023,0.015065475212542766,0.016873936477486612,0.01877583197435875,0.02078151257131362,0.022902032792945254,0.025149022758733576,0.02753451127296976,0.03007069358916313,0.03276963817524063,0.03564292822245168,0.03870123579381542,0.04195382950578362,0.04540802057334849,0.049068556980502574,0.052936981483243765,0.057010976070617635,0.061283723306551074,0.06574332350088669,0.07037231568195322,0.07514735994744032,0.08003914651922348,0.08501262012598891,0.090027512152476,0.09504000325362244,0.1
-0.00029411956838729835,-0.0008677862186023138,-0.0014218916414532792,-0.001958152059833361,-0.00247817049531393,-0.00298345598479768,-0.0034754281088387254,-0.003955422712860616,-0.004424696766485373,-0.00488443266131254,-0.005335741937206671,-0.005779668467494031,-0.006217191126964523,-0.00664922596706697,-0.007076627921629966,-0.007500192066548699,-0.007920654456307848,-0.008338692560739921,-0.00875492532535229,-0.009169912879584212,-0.009584155917820403,-0.009998094779547669,-0.010412108256029198,-0.010826512152937062,-0.01124155763985472,-0.011657429420074363,-0.012074243755979413,-0.012492046388158361,-0.012910810388530333,-0.013330433990796921,-0.013750738443761382,-0.014171465936058978,-0.014592277642914694,-0.015012751948248977,-0.015432382897071181,-0.015850578935174334,-0.016266661993956155,-0.016679866979256743,-0.017089341722705983,-0.017494147453717645,-0.017893259848246884,-0.01828557070822977,-0.018669890321587185,-0.01904495054825983,-0.019409408671355627,-0.019761852045589882,-0.020100803566265483,-0.020424727972547317,-0.020732038987313642,-0.02102110728391275,-0.021290269256422793,-0.021537836556032534,-0.021762106340765048,-0.021961372170539787,-0.022133935463446983,-0.02227811741373713,-0.022392271256440166,-0.022474794749390153,-0.022524142729848786,-0.02253883959154735,-0.022517491517919486,-0.022458798300179054,-0.022361564563771922,-0.02222471022507556,-0.022047280001007155,-0.021828451798699185,-0.021567543819443806,-0.02126402022172144,-0.02091749520094637,-0.020527735359369477,-0.02009466025680589,-0.01961834105204327,-0.019098997164212657,-0.01853699090342345,-0.01793282003876539,-0.017287108289628816,-0.016600593741409986,-0.015874115199342953,-0.015108596502828905,-0.014305028827675396,-0.013464451003861441,-0.012587927872574733,-0.011676526697615033,-0.01073129163406772,-0.009753216241454386,-0.008743214011266024,-0.007702086860877511,-0.006630491530093126,-0.0055289038051816505,-0.004397580492071237,-0.0032365190689954415,-0.002045414974420666,-0.0008236165336778485,0.00042992239628378824,0.0017166918736633598,0.0030386770666859407,0.004398410650760016,0.005799025603467315,0.007244307271799667,0.008738743198257452,0.010287568735616589,0.011896805956840183,0.013573292783175936,0.015324698624727833,0.01715952217530217,0.01908706636113265,0.021117384854897805,0.023261194092065517,0.02552974443705613,0.027934644130492514,0.030487630003657864,0.03320027978403774,0.036083662249665326,0.03914792363676784,0.04240181166775161,0.04585214243356628,0.04950322018957725,0.053356225926007354,0.05740859731783731,0.06165343026293397,0.06607894055116764,0.0706680330758832,0.07539803549677473,0.0802406612274011,0.08516228882330082,0.09012455913280557,0.09508604660685116,0.10000000000000003
-0.00029186319242309727,-0.0008611286476150092,-0.0014109934576151256,-0.001943175267294015,-0.0024592794760060193,-0.0029608183612154465,-0.003449215542695849,-0.003925811657507564,-0.0043918691866920165,-0.004848576729947941,-0.005297052715012985,-0.0057383485693715645,-0.006173451375843949,-0.0066032860344663845,-0.007028716952305794,-0.007450549283192047,-0.007869529738968845,-0.008286346994552779,-0.008701631709140505,-0.009115956187048094,-0.00952983370222019,-0.009943717512091983,-0.010357999587553858,-0.010773009087919748,-0.011189010611351578,-0.011606202253801426,-0.012024713511504505,-0.012444603065021537,-0.012865856485106771,-0.013288383903858255,-0.013712017697007826,-0.014136510226403436,-0.01456153169402922,-0.014986668161844099,-0.015411419793607547,-0.01583519937720723,-0.01625733118711975,-0.016677050248005018,-0.017093502060370334,-0.017505742849191964,-0.01791274039470442,-0.01831337550265338,-0.018706444167580806,-0.01909066047852503,-0.019464660310360288,-0.01982700583722666,-0.020176190895662513,-0.02051064721553232,-0.020828751525280565,-0.021128833525855165,-0.02140918471359568,-0.021668068017918478,-0.02190372820366774,-0.022114402972020046,-0.022298334676887556,-0.02245378255739023,-0.02257903537033377,-0.022672424291296088,-0.022732335938152392,-0.02275722535820485,-0.02274562880881954,-0.02269617615311154,-0.022607602685997746,-0.022478760203250174,-0.02230862712615897,-0.022096317498257623,-0.021841088677240404,-0.021542347555673993,-0.0211996551571277,-0.020812729470617932,-0.02038144640432105,-0.019905838759789737,-0.01938609314877853,-0.01882254479646752,-0.01821567019564142,-0.0175660775963433,-0.016874495332976344,-0.016141758005891904,-0.015368790545664571,-0.014556590195791827,-0.013706206452302944,-0.01281871899733938,-0.011895213657544028,-0.010936756408196115,-0.009944365430555109,-0.008918981214649242,-0.00786143468381241,-0.00677241330332202,-0.005652425125748991,-0.004501760723833647,-0.0033204529714348408,-0.002108234659290394,-0.0008644939799973163,0.000411772008161702,0.0017220057198651384,0.0030681388155470576,0.004452642842932561,0.005878579931111186,0.00734965241065949,0.00887024986003538,0.010445491640428382,0.012081262481507564,0.013784238125926907,0.015561897446055196,0.017422516833738314,0.01937514206653594,0.021429532314587496,0.023596070529215918,0.02588563421633607,0.028309420629993594,0.030878720817831946,0.033604637818039663,0.03649774575443825,0.03956768871413,0.04282272121835609,0.046269195896464534,0.04991100869693792,0.05374901763837179,0.05778045768860879,0.06199838179285509,0.0663911662420873,0.07094212731976475,0.075629305591992,0.08042548242544503,0.08529851443473932,0.09021199651121799,0.09512694262004719,0.09999999999999999
-0.0002891345934967971,-0.0008531012496811168,-0.0013978900245540681,-0.0019252138963886467,-0.0024366750448484562,-0.0029337838049987106,-0.0034179630452721263,-0.0038905537704050875,-0.004352819893273393,-0.004805952466543545,-0.005251073357427103,-0.005689238390158855,-0.006121439975237515,-0.006548609245710524,-0.006971617720313925,-0.007391278513874702,-0.007808347115189344,-0.008223521753447479,-0.008637443374443695,-0.00905069524907846,-0.009463802237285724,-0.009877229732258687,-0.010291382310982325,-0.010706602119308167,-0.011123167021437516,-0.011541288546369976,-0.011961109665941815,-0.012382702442153448,-0.012806065583887707,-0.013231121956440897,-0.013657716089863976,-0.01408561173548159,-0.01451448952247613,-0.014943944769582974,-0.015373485509107433,-0.015802530783091,-0.0162304092728955,-0.016656358325155173,-0.01707952343733685,-0.017498958266441076,-0.01791362522306107,-0.018322396711440654,-0.01872405707278396,-0.019117305285174368,-0.01950075846758079,-0.019872956228841582,-0.02023236589384419,-0.020577388629626905,-0.02090636648255838,-0.02121759032538046,-0.021509308698609723,-0.021779737515895296,-0.022027070586450124,-0.02224949089097337,-0.02244518252974422,-0.022612343244192652,-0.02274919739556647,-0.02285400926775746,-0.022925096545330488,-0.022960843803781276,-0.022959715836475755,-0.02292027063300622,-0.022841171816261604,-0.02272120034164064,-0.02255926526086506,-0.022354413355867877,-0.022105837454403712,-0.021812883249193542,-0.021475054455520157,-0.02109201615878835,-0.020663596222369116,-0.020189784647338126,-0.019670730798000097,-0.01910673843042622,-0.01849825848399542,-0.01784587961806757,-0.01715031649579916,-0.016412395834700364,-0.015633040257358795,-0.01481324998596707,-0.013954082429745239,-0.013056629715558571,-0.012121994208399548,-0.011151262060940909,-0.01014547482025278,-0.009105599106705511,-0.008032494366172068,-0.006926878684486883,-0.005789292644954267,-0.004620061209167742,-0.003419253612038394,-0.0021866412885058295,-0.0009216538968037845,0.0003766664228094765,0.0017097123082501148,0.0030793595633878423,0.004488016090846703,0.005938670544792771,0.007434939579703297,0.008981112212682558,0.01058218939781571,0.012243916434855414,0.01397280530847118,0.015776143493521955,0.01766198518779994,0.019639120379443358,0.02171701666354465,0.023905728347894974,0.02621576719786197,0.028657929247290638,0.031243072536342977,0.03398184153096382,0.03688433543557397,0.03995971973699766,0.04321578320704666,0.046658446324844734,0.05029123170874972,0.0541147126938903,0.058125962633565835,0.06231803478517419,0.06667951067485797,0.07119416349114721,0.07584079244811824,0.08059329257003181,0.08542104438749594,0.09028964385558147,0.09516259345836398,0.1
-0.00028593604187421425,-0.0008437112531932987,-0.0013825943143660109,-0.0019042872165816625,-0.002410383108599537,-0.00290238500240224,-0.003381710042401199,-0.003849695009635694,-0.00430760101553628,-0.004756617669568135,-0.005197866700558023,-0.005632405053135492,-0.006061227475674964,-0.006485268617751523,-0.006905404654978563,-0.007322454459938787,-0.007737180337938153,-0.008150288347323188,-0.008562428224410517,-0.008974192934440756,-0.00938611787069316,-0.00979867972570681,-0.01021229505976114,-0.010627318594059893,-0.011044041257766219,-0.011462688020795355,-0.011883415546430381,-0.012306309700993896,-0.01273138296032891,-0.013158571756292141,-0.013587733809199226,-0.014018645495708124,-0.014450999304354822,-0.014884401434348148,-0.01531836959565793,-0.015752331071333756,-0.016185621104757065,-0.016617481676537527,-0.0170470607364308,-0.017473411956307174,-0.017895495069283368,-0.01831217685892314,-0.01872223285941453,-0.01912434982407291,-0.019517129013976023,-0.01989909035220485,-0.020268677480716136,-0.020624263747492468,-0.02096415914009702,-0.021286618169295054,-0.02158984869193284,-0.021872021647004337,-0.02213128166189703,-0.022365758468443978,-0.022573579049904504,-0.02275288042165437,-0.02290182292962166,-0.023018603932707004,-0.023101471718131702,-0.02314873948321282,-0.023158799203101363,-0.02313013519283817,-0.02306133716329932,-0.02295111256540878,-0.02279829801491575,-0.022601869592058895,-0.022360951815933557,-0.022074825103069552,-0.021742931532745743,-0.021364878758353807,-0.020940441923544065,-0.020469563464091727,-0.01995235070004579,-0.019389071147680712,-0.018780145505535025,-0.0181261382931733,-0.017427746143703522,-0.0166857837712987,-0.015901167651617892,-0.01507489746605158,-0.014208035369081584,-0.013301683142054859,-0.012356957295821492,-0.01137496217983913,-0.01035676114672745,-0.009303345810464018,-0.008215603424592143,-0.007094282396467453,-0.005939955946941181,-0.004752983925503748,-0.0035334728022718906,-0.0022812338849117902,-0.0009957398554025691,0.00032392020598852393,0.0016790870382391247,0.003071578245972292,0.0045037355772292635,0.00597847160143735,0.007499314669155954,0.009070450691925783,0.010696759880591903,0.012383846127748427,0.014138056222041895,0.015966485554193433,0.01787696643807723,0.019878034657397174,0.021978869400281428,0.024189201415288533,0.02651918407728996,0.028979222169695056,0.03157975365736793,0.03433098064082561,0.037242547146063724,0.04032316351754151,0.04358018003441243,0.04701911604065406,0.05064315541914689,0.054452624673198106,0.058444476193060445,0.06261180643726472,0.06694344668025534,0.07142367257263436,0.07603208814510663,0.08074374872622887,0.08552960620540055,0.09035730698170638,0.09519289422620958,0.1
-0.00028227132885783474,-0.0008329707251843728,-0.0013651271426047807,-0.0018804250621932959,-0.0023804426035880463,-0.002866669901962151,-0.0033405132456100542,-0.003803300453949875,-0.004256285469118544,-0.004700652437651107,-0.005137519258566359,-0.005567940615959777,-0.005992910509722137,-0.006413364300023432,-0.006830180281386174,-0.00724418080326803,-0.007656132954305125,-0.008066748828534833,-0.008476685392359571,-0.008886543972474476,-0.00929686938579615,-0.00970814873429978,-0.01012080988894921,-0.010535219689246367,-0.010951681886693198,-0.011370434863278888,-0.01179164915833987,-0.012215424840389195,-0.01264178876313839,-0.013070691748504658,-0.013502005742277338,-0.01393552099183386,-0.014370943298225233,-0.014807891398565805,-0.015245894537354775,-0.01568439028854294,-0.016122722692253254,-0.016560140772411313,-0.016995797502595222,-0.017428749288449504,-0.017857956034522036,-0.01828228186257164,-0.018700496545841546,-0.019111277720612604,-0.0195132139312106,-0.01990480855862179,-0.02028448467472799,-0.020650590854971874,-0.021001407970885497,-0.02133515697142766,-0.02165000764751266,-0.021944088358564207,-0.02221549668260366,-0.0224623109334157,-0.022682602469116617,-0.02287444869717065,-0.02303594666112338,-0.02316522707527243,-0.023260468654899877,-0.023319912572767255,-0.023341876857147406,-0.02332477053391582,-0.02326710730497399,-0.023167518548607973,-0.023024765424029307,-0.02283774986320396,-0.022605524237694637,-0.022327299497277683,-0.02200245158984121,-0.021630525988873685,-0.021211240174734625,-0.020744483938892964,-0.020230317405187645,-0.019668966688684886,-0.019060817139447392,-0.01840640414512443,-0.01770640149123428,-0.016961607300957943,-0.016172927595859175,-0.015341357534964144,-0.014467960401078747,-0.013553844410237582,-0.012600137422302322,-0.011607959628680758,-0.01057839428718527,-0.009512456565665557,-0.008411060546421207,-0.007274984434904282,-0.0061048340111201,-0.00490100436383061,-0.0036636399596009566,-0.002392593125350793,-0.0010873810690012944,0.00025285836664086254,0.0016294119209118462,0.0030440366708418144,0.004499005714790076,0.005997152949276977,0.0075419158289918384,0.009137374672145105,0.010788286692619673,0.012500112511029464,0.014279032426657352,0.016131949236538632,0.018066473887794293,0.02009088977639538,0.02221409109970696,0.024445490384560814,0.02679489020955232,0.0292723142961208,0.031887793641381584,0.03465110430125532,0.03757145490050421,0.0406571240448488,0.04391505062636487,0.04735038362363568,0.05096600245413985,0.05476202426701541,0.05873532076459454,0.06287907418239312,0.06718240989079052,0.07163015164284796,0.07620275490149965,0.08087648287957414,0.08562390781004546,0.09041477819362187,0.09521773310303018,0.1
-0.0002781463245782826,-0.0008208972195323419,-0.0013455178858394826,-0.0018536686014745426,-0.0023469063016855747,-0.002826702545651649,-0.0032944474994277837,-0.003751455159668311,-0.004198967818182106,-0.004638160034811707,-0.005070142091533609,-0.005495962942452193,-0.005916612670455263,-0.006333024463721376,-0.006746076125773216,-0.007156591134132822,-0.007565339263063539,-0.007973036787217707,-0.008380346283574078,-0.008787876050610963,-0.009196179164547076,-0.009605752194424489,-0.010017033599127208,-0.01043040183182538,-0.010846173179146908,-0.01126459936524933,-0.01168586495326094,-0.012110084579881011,-0.012537300061642116,-0.012967477415017949,-0.013400503835572428,-0.013836184685216463,-0.014274240539762437,-0.014714304352790615,-0.015155918794800324,-0.015598533830075938,-0.01604150459613171,-0.016484089653285232,-0.01692544967336954,-0.017364646638024714,-0.017800643616979514,-0.018232305196360526,-0.018658398624986486,-0.019077595743864292,-0.019488475759417177,-0.019889528915336685,-0.020279161110186742,-0.020655699498946488,-0.021017399105528082,-0.021362450460885297,-0.021688988266767212,-0.02199510106941676,-0.022278841909897058,-0.022538239899230074,-0.022771312646675694,-0.02297607944930486,-0.023150575130251694,-0.02329286439274172,-0.02340105653708046,-0.023473320369355864,-0.023507899113639846,-0.02350312512507146,-0.02345743418935583,-0.02336937918592736,-0.023237642887223478,-0.023061049666013782,-0.022838575886283394,-0.02256935876133352,-0.02225270347502998,-0.02188808837875061,-0.02147516809674383,-0.021013774396231002,-0.020503914704573974,-0.019945768183810893,-0.019339679301539816,-0.018686148865944493,-0.01798582252033052,-0.017239476718294452,-0.01644800222331357,-0.015612385195705632,-0.014733685944614824,-0.013813015432898266,-0.012851509628098908,-0.011850301793640976,-0.010810492811293515,-0.009733119620131889,-0.008619121849913185,-0.0074693067202057295,-0.006284312273062544,-0.005064569009737683,-0.003810260014349878,-0.0025212796737336053,-0.0011971911475149566,0.00016281718924023857,0.0015599760113185117,0.0029959795657880026,0.004473029829939065,0.005993879468287746,0.00756187248951061,0.009180981192055538,0.010855837625790947,0.012591757390964521,0.014394753152999828,0.01627153478741285,0.018229492604236026,0.020276659666790407,0.022421648854251904,0.024673560072733396,0.02704185295579838,0.029536180586104226,0.032166180295805584,0.03494121855551944,0.037870088431906944,0.040960660176868564,0.04421948829154053,0.04765138196131098,0.05125895013676832,0.055042137773103135,0.058997775840860425,0.063119174669556,0.06739579795364613,0.07181306330409419,0.07635232468932195,0.08099110170309086,0.08570363740002783,0.09046183623452522,0.09523699132895216,0.10000000000000002
-0.000273568528981396,-0.0008075134039696016,-0.0013238041684561835,-0.0018240700699837691,-0.0023098405796422045,-0.002782562866064624,-0.003243605600620464,-0.00369426399828617,-0.004135764129635076,-0.004569266761299534,-0.00499587069450279,-0.005416615612839312,-0.0058324844471826735,-0.006244405268405148,-0.006653252719415743,-0.007059848999646535,-0.007464964415736204,-0.00786931751365873,-0.008273574808224705,-0.00867835012753656,-0.009084203590939999,-0.009491640241000802,-0.009901108351408559,-0.0103129974351345,-0.010727635979022107,-0.011145288933896335,-0.01156615499162554,-0.011990363683936082,-0.012417972340585134,-0.01284896294824807,-0.013283238954626459,-0.01372062206627905,-0.014160849091990049,-0.014603568887506755,-0.01504833946069396,-0.015494625299877305,-0.01594179499091327,-0.01638911919155669,-0.016835769033564266,-0.01728081502481756,-0.017723226524196566,-0.018161871862024996,-0.018595519177348665,-0.01902283804104192,-0.019442401929574766,-0.019852691609073658,-0.020252099482003186,-0.02063893494019696,-0.021011430757132802,-0.021367750540091598,-0.02170599724837283,-0.022024222767888325,-0.022320438514637317,-0.022592627020631105,-0.02283875443541742,-0.023056783855366685,-0.023244689371157725,-0.023400470702418113,-0.023522168267244074,-0.023607878514365414,-0.023655769327166946,-0.023664095292634073,-0.023631212614737197,-0.02355559344172231,-0.02343583937035556,-0.023270693888118175,-0.02305905351661906,-0.022799977426561147,-0.022492695306161038,-0.022136613281128606,-0.021731317704541415,-0.021276576659001716,-0.020772339040401825,-0.02021873112194834,-0.0196160505276047,-0.018964757575118823,-0.01826546397898388,-0.017518918932302178,-0.01672599261235232,-0.015887657177108806,-0.015004965338103159,-0.014079026608647375,-0.013110981335140869,-0.012101972623364862,-0.011053116271637204,-0.009965468819648698,-0.008839993816954918,-0.0076775264105543055,-0.006478736349029643,-0.005244089504454037,-0.003973808026047034,-0.0026678292654790632,-0.0013257636571639378,5.314819733079637e-5,0.001470078898377399,0.0029266576027908316,0.004425012732417223,0.005967813200650259,0.007558307070786726,0.00920035626390515,0.010898465591960707,0.012657804008820729,0.014484215556228459,0.01638421704820206,0.018364979106712857,0.020434286763882866,0.022600475519176676,0.024872338534013414,0.027259000619185403,0.029769754893477208,0.032413858542683575,0.035200285074594204,0.0381374319362327,0.04123278442632169,0.0444925395813234,0.04792119721246037,0.0515211295786232,0.055292146334220464,0.0592310774049629,0.06333140331807632,0.06758297023728105,0.07197183552400313,0.07648029918489509,0.0810871865843342,0.08576846351718084,0.09049824635555129,0.09525054324669198,0.10000000000000003
-0.0002685475890355006,-0.0007928476324743955,-0.0013000324733381803,-0.0017916934055360906,-0.0022693260671738237,-0.002734347339121706,-0.00318809894940622,-0.0036318523023081716,-0.0040668126117235056,-0.004494122584926365,-0.004914865623203912,-0.00533006854703927,-0.00574070385081822,-0.006147691495213495,-0.00655190024653334,-0.0069541485741851355,-0.007355205118222915,-0.007755788740586277,-0.008156568174435148,-0.008558161287721173,-0.008961133978158248,-0.009365998718785368,-0.009773212774721006,-0.010183176114156853,-0.010596229038518968,-0.011012649559648861,-0.011432650554242512,-0.01185637672919206,-0.012283901434335286,-0.012715223362945888,-0.013150263183547686,-0.013588860150755793,-0.014030768746320518,-0.014475655405755173,-0.01492309538938144,-0.015372569860613262,-0.015823463237388702,-0.01627506088603573,-0.016726547229139,-0.017177004341245316,-0.01762541110718291,-0.018070643018353327,-0.018511472681343996,-0.01894657111147143,-0.019374509880268793,-0.019793764181246943,-0.0202027168714789,-0.020599663538385975,-0.020982818630690705,-0.02135032268049771,-0.02170025062921381,-0.022030621254169973,-0.0223394076749037,-0.022624548898791817,-0.02288396234484721,-0.02311555726277399,-0.023317248941772346,-0.023486973580954994,-0.02362270367071746,-0.02372246371291794,-0.023784346087544806,-0.023806526855606226,-0.023787281272612898,-0.023724998775085403,-0.02361819719431124,-0.023465535947781474,-0.023265827959500864,-0.023018050066103385,-0.022721351676309537,-0.022375061466806165,-0.02197869191767578,-0.021531941514759925,-0.021034694474022807,-0.020487017873475625,-0.019889156110440436,-0.019241522635043962,-0.01854468894359292,-0.01779937084699566,-0.017006412058458084,-0.016166765170546656,-0.015281470113446684,-0.014351630203481267,-0.01337838590327817,-0.012362886422605511,-0.011306259292168936,-0.01020957804258297,-0.009073828118535169,-0.007899871155802702,-0.006688407748514669,-0.005439938838822978,-0.004154725874282755,-0.0028327499036216413,-0.0014736698234975591,-7.678005188371341e-5,0.0013590320072171332,0.0028353282232182345,0.004354161082747292,0.0059181132834587825,0.007530334506606561,0.009194574016970136,0.010915207416161064,0.012697255515346364,0.014546392904305528,0.016468943390360875,0.018471859083296106,0.020562679540382642,0.02274946709580174,0.0250407143293653,0.027445219636888913,0.029971927117398166,0.03262972756566844,0.0354272183371419,0.038372421322060514,0.04147246031581871,0.04473320178440416,0.04815886647232815,0.05175162354294848,0.05551118402115526,0.059434416248949504,0.06351501287965554,0.0677432466367281,0.07210586067528198,0.07658614902628241,0.0811642930773015,0.08581803466607,0.09052376007663258,0.09525825618269035,0.10000000000000005
-0.00026309484981541873,-0.0007769335344928742,-0.0012742577576415057,-0.0017566138815256294,-0.002225457291031527,-0.0026821686342214405,-0.0031280572029988027,-0.0035643655213020305,-0.003992273273364162,-0.004412900805944035,-0.0048273121681045115,-0.005236517692737817,-0.005641476121939785,-0.006043096281854836,-0.006442238314047814,-0.006839714472545395,-0.007236289496695204,-0.00763268057176107,-0.008029556890077522,-0.008427538827392597,-0.008827196750103282,-0.00922904947115222,-0.009633562373781225,-0.010041145224799682,-0.010452149700916015,-0.010866866654614976,-0.011285523148467003,-0.011708279290184788,-0.012135224903645495,-0.012566376074978276,-0.013001671616153626,-0.01344096949272858,-0.013884043266025362,-0.01433057860438927,-0.0147801699218493,-0.015232317206737503,-0.015686423106227088,-0.0161417903364612,-0.016597619490637313,-0.01705300732011153,-0.017506945565029818,-0.017958320412087354,-0.018405912656588665,-0.018848398644806034,-0.019284352069661056,-0.019712246688639478,-0.020130460026677423,-0.020537278119097297,-0.02093090133976478,-0.021309451348007623,-0.021670979173903517,-0.022013474445826478,-0.022334875746264134,-0.022633082062448896,-0.022905965277114134,-0.023151383622351408,-0.023367195996156186,-0.02355127701753775,-0.023701532672323788,-0.02381591637878425,-0.02389244528040047,-0.023929216553305318,-0.023924423498672232,-0.023876371176370998,-0.02378349132606159,-0.023644356316161647,-0.023457691860155023,-0.02322238824386765,-0.022937509816711492,-0.022602302514506765,-0.02221619920106936,-0.02177882263995604,-0.021289985935933193,-0.020749690317186043,-0.02015812016303467,-0.01951563521701657,-0.01882275996046102,-0.018080170156061903,-0.01728867660330295,-0.01644920617695397,-0.015562780245340918,-0.014630490586118754,-0.013653472933439591,-0.012632878301739463,-0.011569842238181516,-0.010465452158932034,-0.009320712925125854,-0.00813651081438092,-0.006913576045289416,-0.005652444018205244,-0.004353415449157345,-0.0030165155985137676,-0.0016414528363027086,-0.00022757684620389285,0.0012261631451265054,0.002721259613104633,0.004259686807264266,0.005843938818963954,0.007477064589749225,0.009162698541417545,0.01090508520570895,0.012709095894373492,0.014580235087482669,0.016524633843945848,0.0185490271730662,0.02066071197834209,0.02286748193026353,0.025177535490285268,0.02759935334804677,0.030141541814421177,0.03281263930675346,0.03562088405166375,0.03857394259863931,0.04167860077131214,0.04494042136326203,0.04836337628682897,0.051949465067110914,0.05569833658856762,0.0596069368814711,0.06366921250858787,0.06787590680872144,0.0722144949296651,0.07666931335226443,0.08122195056677152,0.08585197908125197,0.09053811503624452,0.09525999036829606,0.10000000000000005
-0.0002572238295048527,-0.0007598105048677073,-0.001246543945911096,-0.0017189185938511703,-0.002178343148771707,-0.002626156070067273,-0.0030636287107136855,-0.003491969635359511,-0.003912328316733657,-0.0043257984310867,-0.004733420713638155,-0.005136185374819835,-0.005535034076606114,-0.005930861472051303,-0.006324516312863027,-0.006716802132142507,-0.007108477510589211,-0.007500255936365774,-0.007892805269811778,-0.008286746826066466,-0.008682654089775473,-0.009081051078141052,-0.009482410370017912,-0.009887150821214054,-0.010295634988047175,-0.010708166284133977,-0.011124985897800099,-0.011546269500923616,-0.011972123782964196,-0.012402582847835257,-0.012837604514684414,-0.013277066567941155,-0.013720763005745594,-0.014168400340377195,-0.014619594008193536,-0.015073864951041726,-0.015530636434816171,-0.015989231174865125,-0.016448868841054985,-0.016908664018418954,-0.017367624701280435,-0.017824651400352904,-0.018278536942498196,-0.01872796704224916,-0.019171521721895696,-0.01960767765345073,-0.020034811490313064,-0.020451204249384652,-0.020855046795093937,-0.02124444646562722,-0.02161743486817192,-0.02197197685451163,-0.02230598067060417,-0.0226173092542226,-0.02290379263330247,-0.023163241354798116,-0.02339346084979577,-0.023592266615942395,-0.0237575000733393,-0.02388704492558658,-0.023978843834246807,-0.024030915193331538,-0.024041369771206102,-0.02400842697124025,-0.023930430450286845,-0.023805862826216474,-0.023633359202807225,-0.02341171924261874,-0.02313991752633227,-0.022817111950417985,-0.022442649933795546,-0.022016072227995762,-0.021537114153712303,-0.02100570411877618,-0.020421959307645725,-0.019786178469394317,-0.019098831768827616,-0.0183605477025511,-0.017572097117429467,-0.016734374401810914,-0.015848375949235292,-0.014915176019333535,-0.013935900140842734,-0.01291169621693211,-0.011843703503654188,-0.010733019638957134,-0.009580665903501623,-0.00838755089711441,-0.007154432818298531,-0.005881880541373996,-0.004570233699769721,-0.003219562008216465,-0.0018296240951748283,-0.000399826173885755,0.0010708190394978123,0.002583732645002957,0.004140808460808356,0.005744449680589888,0.007397602248475331,0.009103783666219147,0.010867105663504859,0.012692288847755435,0.014584667112821647,0.01655017924086829,0.01859534479808687,0.020727221130443972,0.022953338045166586,0.025281606662258125,0.027720198990823692,0.030277395091303134,0.03296139529720155,0.03578009596800712,0.03874082871018219,0.04185006502064668,0.04511309095702628,0.04853365979748415,0.052113634784060836,0.05585263900297946,0.05974773528673709,0.06379316576956238,0.06798018843900083,0.07229705678798971,0.07672919859168169,0.08125966130826096,0.08586990400708522,0.09054103450300897,0.0952555986831036,0.1
-0.00025094976665888767,-0.0007415232467937079,-0.001216963462697983,-0.0016787059791488989,-0.0021281064102221833,-0.002566455098616881,-0.0029949799811659975,-0.003414850607700029,-0.003827181578706506,-0.004233035608435456,-0.00463342617214982,-0.005029319735016498,-0.005421637559211918,-0.005811257089912333,-0.006199012922806136,-0.006585697358247368,-0.006972060548493871,-0.007358810246472742,-0.007746611165593664,-0.0081360839620457,-0.008527803852163816,-0.008922298879541745,-0.009320047848014388,-0.009721477939070067,-0.010126962034136232,-0.010536815765084947,-0.010951294318698193,-0.011370589024252075,-0.011794823756319928,-0.012224051188810899,-0.012658248939718323,-0.013097315650397073,-0.013541067047050319,-0.013989232036732566,-0.014441448894246709,-0.014897261600976364,-0.015356116400679357,-0.015817358641612805,-0.016280229977852296,-0.01674386600621143,-0.0172072944176401,-0.017669433744123903,-0.01812909278290925,-0.01858497077993131,-0.019035658452718443,-0.01947963993025051,-0.01991529568248683,-0.020340906505900026,-0.02075465862274373,-0.021154649941220197,-0.021538897510771378,-0.02190534619164419,-0.02225187854047347,-0.02257632589414749,-0.022876480612718943,-0.023150109418930122,-0.02339496774733361,-0.02360881499044065,-0.02378943050336633,-0.023934630202588167,-0.02404228356944811,-0.024110330845500818,-0.024136800185614534,-0.024119824516466336,-0.02405765783361436,-0.023948690660175957,-0.023791464385042864,-0.02358468419879705,-0.02332723035154445,-0.023018167468705227,-0.022656751678504058,-0.022242435328040645,-0.021774869093079567,-0.021253901319229166,-0.02067957446825965,-0.020052118581775455,-0.019371941714299186,-0.018639617327705367,-0.017855868677783777,-0.017021550260223256,-0.016137626416594122,-0.015205147230007572,-0.014225221864587531,-0.01319898952234465,-0.012127588205738385,-0.011012121484593585,-0.009853623473255703,-0.008653022229316411,-0.007411101791073532,-0.006128463079498148,-0.004805483905005575,-0.0034422783430599025,-0.002038655779542877,-0.0005940799807693286,0.0008923713815779539,0.002422046219617326,0.0039967558715186405,0.005618810473597028,0.00729105084230316,0.009016875614909638,0.010800262133374386,0.01264577926379539,0.014558590032367558,0.016544441641989396,0.018609640130598896,0.020761006670059912,0.023005812316565517,0.02535168795379863,0.027806506269553406,0.030378232937039472,0.03307474480182826,0.03590361388152483,0.038871857447404796,0.04198565645928863,0.04525004724676493,0.048668594649266914,0.05224305891228902,0.055973073549803735,0.059855857177861384,0.06388598905989817,0.06805528584874132,0.07235282587885335,0.07676517745592136,0.08127689961152161,0.08587139506842442,0.09053222693425204,0.09524492641492442,0.10000000000000003
-0.0002442900519394408,-0.0007221221742191555,-0.001185597599878805,-0.0016360861429743625,-0.002074884004267375,-0.0025032275498185447,-0.002922295885799905,-0.0033332145492163665,-0.00373705865991878,-0.004134855725672897,-0.004527588057091059,-0.004916194786784813,-0.005301573486709998,-0.005684581382012862,-0.006066036161866387,-0.006446716390435231,-0.006827361522557319,-0.007208671530821423,-0.007591306151864961,-0.007975883761661601,-0.008362979890745113,-0.0087531253923963,-0.009146804278261284,-0.009544451238273329,-0.009946448863614812,-0.01035312459430862,-0.01076474741540866,-0.011181524329134844,-0.011603596633232021,-0.012031036039739441,-0.01246384067183576,-0.012901930980802287,-0.013345145629089694,-0.013793237390190739,-0.014245869120255005,-0.014702609861217887,-0.015162931139468896,-0.015626203528700658,-0.01609169354946326,-0.01655856098188475,-0.017025856671003974,-0.01749252090683646,-0.01795738246272417,-0.0184191583762242,-0.018876454555921744,-0.019327767295487994,-0.01977148577233955,-0.020205895602632976,-0.02062918351650544,-0.02103944320760567,-0.021434682398697627,-0.021812831150569253,-0.022171751424521127,-0.022509247889463516,-0.022823079943240458,-0.023110974894416846,-0.0233706422257997,-0.023599788834706592,-0.02379613511810306,-0.02395743174359881,-0.024081476920812125,-0.024166133962260156,-0.02420934889974625,-0.024209167901707473,-0.024163754220204156,-0.024071404383641252,-0.02393056334382862,-0.02373983828388359,-0.02349801079743351,-0.02320404715951215,-0.022857106425793493,-0.022456546118868985,-0.022001925288042047,-0.02149300476166174,-0.020929744447798146,-0.020312297578796098,-0.019641001837040033,-0.01891636734165386,-0.018139061517802757,-0.017309890910319873,-0.016429780040639847,-0.015499747439333267,-0.014520879015409676,-0.013494298947415169,-0.012421138300386199,-0.011302501587164655,-0.010139431503507141,-0.008932872075031652,-0.007683630462408395,-0.0063923376815065375,-0.005059408510517254,-0.003685000879453872,-0.002268975072737242,-0.000810853126455236,0.0006902211274307768,0.0022355208235497774,0.0038267729645152996,0.005466192642339288,0.0071565135778533925,0.008901013761260347,0.010703534731919446,0.012568492765668909,0.014500879951627453,0.016506252851404463,0.018590706160457392,0.02076082856027904,0.023023637793759315,0.025386491956699495,0.027856974125528653,0.030442747794617732,0.033151381242415574,0.0359901399590215,0.03896574772684247,0.04208411893346004,0.04535006729195379,0.04876699942828034,0.0523366058400439,0.056058566605887226,0.05993029499493796,0.06394674886487688,0.068100347532771,0.07238104079917383,0.07677658709584091,0.08127311032429818,0.08585601509165813,0.09051138515045322,0.09522781081616702,0.10000000000000005
-0.0002372637682952622,-0.0007016629018671626,-0.0011525359567620933,-0.001591180251484434,-0.0020188263645813435,-0.002436650934885204,-0.002845778924137423,-0.003247286951011786,-0.0036422061307177667,-0.004031524596321456,-0.004416189657126368,-0.00479710958551186,-0.005175155023758587,-0.005551160006904354,-0.005925922600047585,-0.00630020515128905,-0.006674734163070466,-0.007050199786818827,-0.007427254947009984,-0.007806514102724544,-0.008188551655958835,-0.008573900018014169,-0.008963047346708497,-0.009356434969518535,-0.009754454509584237,-0.01015744473430616,-0.010565688148609727,-0.01097940735826595,-0.011398761231571108,-0.011823840891558,-0.012254665574389787,-0.012691178393977856,-0.013133242056851293,-0.013580634576098241,-0.014033045037557762,-0.014490069476428962,-0.014951206926947232,-0.015415855712653774,-0.015883310049016146,-0.016352757034486944,-0.01682327410955552,-0.017293827066552313,-0.0177632686950261,-0.01823033814887547,-0.018693661121306052,-0.01915175091239049,-0.019603010470888645,-0.020045735487189693,-0.020478118607283134,-0.020898254828603316,-0.021304148127118817,-0.02169371935116043,-0.02206481540111633,-0.02241521969527744,-0.02274266390096904,-0.023044840886714657,-0.023319418826011674,-0.023564056356504357,-0.023776418670675127,-0.023954194385910094,-0.02409511301391706,-0.02419696282239001,-0.024257608856656638,-0.024275010866285997,-0.02424724086246492,-0.02417250001678801,-0.024049134602071823,-0.023875650671119433,-0.023650727170927425,-0.02337322719755438,-0.023042207111284952,-0.02265692325232129,-0.02221683602409812,-0.021721611143482276,-0.021171117894201424,-0.020565424260495554,-0.019904788861424928,-0.01918964965091093,-0.018420609393452747,-0.01759841796895369,-0.016723951601294428,-0.01579818914286993,-0.014822185580723282,-0.013797042958371012,-0.012723878931044987,-0.011603793190876607,-0.010437832013514545,-0.009226951189776011,-0.00797197761714612,-0.006673569838263031,-0.005332177829872134,-0.003948002368998791,-0.0025209543369626598,-0.001050614369792659,0.000463806670360028,0.0020235058406716873,0.0036301242051555945,0.005285780049307818,0.006993098237474424,0.008755234529991603,0.01057589345131665,0.012459338052597265,0.014410389650560339,0.016434415362817107,0.018537301015686267,0.02072540679993608,0.023005502924002667,0.025384682504125147,0.027870249084350516,0.030469576554442424,0.03318993989478146,0.03603831619755322,0.039021156869678074,0.042144133897065846,0.045411865622749494,0.04882763074501117,0.052393083252660025,0.05610798586042156,0.059969985264426776,0.06397445929498517,0.06811447390801016,0.07238089710119162,0.07676272734972969,0.0812477073610012,0.08582330293522901,0.09047818549674363,0.0952040806435151,0.1
-0.00022989207907489107,-0.0006802065570252143,-0.001117876676412053,-0.0015441206940386624,-0.0019600975213082323,-0.002366918470778296,-0.0027656491856706466,-0.003157312589130448,-0.003542891384934786,-0.003923330269494598,-0.004299537809480802,-0.004672387973731622,-0.005042721308701628,-0.005411345751359666,-0.005779037075963749,-0.006146538974016462,-0.0065145627683543695,-0.00688378676452764,-0.007254855243861892,-0.007628377104559908,-0.008004924158389907,-0.008385029092532432,-0.008769183107553058,-0.009157833244772463,-0.009551379418080768,-0.009950171167976097,-0.0103545041578886,-0.01076461643610224,-0.011180684489451146,-0.011602819118777849,-0.012031061169607513,-0.012465377155849607,-0.012905654818364403,-0.013351698665050128,-0.01380322554357086,-0.01425986030295018,-0.014721131604936127,-0.015186467951150417,-0.015655193996584257,-0.016126527224697994,-0.016599575063315126,-0.017073332524212784,-0.017546680452001046,-0.0180183844698959,-0.01848709471066287,-0.01895134642049893,-0.019409561521396498,-0.019860051213617,-0.020301019693896482,-0.02073056905683579,-0.021146705436369363,-0.021547346431124034,-0.021930329841867952,-0.022293423730970482,-0.02263433779309185,-0.022950736003118262,-0.023240250482182142,-0.023500496495476853,-0.02372908846732069,-0.023923656869694675,-0.02408186581135964,-0.024201431125941014,-0.024280138730327982,-0.02431586299974036,-0.02430658488423455,-0.02425040947360219,-0.02414558270486914,-0.023990506899134987,-0.023783754813395647,-0.023524081898179675,-0.023210436464028306,-0.022841967478582186,-0.02241802974153921,-0.021938186216097978,-0.021402207332428515,-0.020810067119867232,-0.02016193606922246,-0.019458170673149085,-0.01869929964007785,-0.017886006823923776,-0.017019110956851047,-0.016099542314202714,-0.015128316478740779,-0.014106505404563924,-0.013035206009519261,-0.011915506548373936,-0.010748451038348808,-0.009535002024573141,-0.008276001987470152,-0.006972133708763475,-0.005623879930537989,-0.004231482665225915,-0.0027949025471017725,-0.0013137786610639207,0.00021261065395620634,0.0017853854485205532,0.0034060995706453046,0.005076773026542065,0.006799920326512038,0.008578573666049824,0.010416299585375426,0.012317207524624079,0.014285948454769258,0.016327701529316275,0.01844814648637203,0.020653419359586436,0.02295004896025107,0.025344871611030162,0.02784492179081381,0.030457296746186992,0.03318899380070265,0.03604672012006387,0.03903667614514855,0.04216431586711943,0.04543408967148548,0.04884917870518319,0.05241123370453193,0.05612013604738223,0.05997380454802562,0.06396807830295324,0.06809671384561063,0.07235154418185379,0.07672285802821406,0.08120007141982777,0.08577277167837881,0.09043228655251312,0.09517355545627519,0.10000000000000005
-0.00022219775867298795,-0.0006578192121682425,-0.0010817257872304368,-0.0014950503411145918,-0.0018988742828869559,-0.002294238193816886,-0.0026821434034203233,-0.0030635545265215755,-0.0034394015990000053,-0.0038105819551911804,-0.004177961800734399,-0.004542377467031643,-0.004904636334505261,-0.00526551741657258,-0.005625771598875111,-0.005986121531250934,-0.0063472611716437095,-0.006709854983366962,-0.0070745367884066145,-0.007441908281388582,-0.007812537210019939,-0.008186955229791112,-0.008565655442081857,-0.008949089627049137,-0.009337665184392155,-0.009731741797737215,-0.010131627840598472,-0.010537576545034953,-0.010949781956922727,-0.011368374705494318,-0.011793417618224068,-0.01222490121644368,-0.012662739131101074,-0.013106763482898296,-0.013556720275574462,-0.014012264856291545,-0.014472957501922365,-0.014938259195341487,-0.015407527660657618,-0.015880013731346482,-0.016354858129617216,-0.016831088739542966,-0.017307618459776315,-0.017783243724343693,-0.018256643781448898,-0.018726380820524184,-0.019190901036456914,-0.019648536716937292,-0.020097509433879217,-0.020535934412678356,-0.020961826143530423,-0.021373105286881154,-0.02176760691036551,-0.022143090077055845,-0.02249724878476735,-0.02282772423335712,-0.02313211837197324,-0.02340800865097039,-0.02365296387456409,-0.023864561020314024,-0.024040402861335648,-0.02417813619696042,-0.024275470468737743,-0.024330196511533897,-0.02434020516548795,-0.02430350545408067,-0.024218242017999436,-0.02408271148405512,-0.02389537744439641,-0.02365488372360444,-0.023360065620866555,-0.02300995883086037,-0.022603805770670393,-0.022141059070095285,-0.021621382018991674,-0.021044645806466134,-0.020410923432219792,-0.019720480218440157,-0.01897376090046813,-0.0181713733241963,-0.01731406882685937,-0.016402719423884698,-0.01543829196712073,-0.014421819477849197,-0.013354369891441073,-0.012237012478874763,-0.011070782234365112,-0.009856642538535272,-0.008595446424638567,-0.007287896792797976,-0.005934505936763242,-0.004535554771687463,-0.0030910521833238344,-0.0016006949618109535,-6.382884057307916e-5,0.0015205887642496438,0.0031540236227549515,0.004838396359162432,0.006576109966521632,0.008370072049832018,0.010223710491077138,0.012140981025140784,0.01412636500245378,0.016184855405431416,0.01832192899831238,0.02054350234782492,0.022855869384782828,0.025265618222458985,0.027779525151397456,0.03040442414669276,0.033147050913843845,0.03601386153312053,0.03901082721476871,0.04214320862971245,0.045415315815759465,0.04883026286481267,0.05238973055965707,0.056093754942807154,0.05994056556468695,0.06392650399441117,0.0680460612295386,0.07229208214414569,0.07665619612990072,0.08112954760381319,0.08570390670317761,0.09037332774275254,0.09513604485070812,0.10000000000000002
-0.00021420553749970016,-0.0006345721053794763,-0.0010441973066155745,-0.0014441225389726993,-0.0018353461297130227,-0.0022188327604935926,-0.0025955146702573797,-0.002966293753423251,-0.00333204330516908,-0.0036936095393829394,-0.004051812833041689,-0.004407448680949709,-0.004761288346173811,-0.005114079196258904,-0.005466544717993257,-0.005819384206475564,-0.006173272125970765,-0.006528857142273189,-0.006886760827558399,-0.007247576040623828,-0.0076118649865734925,-0.007980156961925495,-0.008352945792425445,-0.008730686973006318,-0.009113794520980661,-0.009502637556102672,-0.009897536623271133,-0.01029875977670207,-0.010706518447119714,-0.011120963117149076,-0.011542178833453279,-0.01197018058839485,-0.012404908607996076,-0.012846223587772015,-0.013293901922574595,-0.013747630981823742,-0.0142070044864703,-0.014671518049489162,-0.015140564946787588,-0.015613432190724648,-0.01608929698321202,-0.016567223630017933,-0.017046161001761737,-0.01752494063039824,-0.01800227553218425,-0.018476759849244115,-0.018946869401477315,-0.019410963238529817,-0.019867286277625663,-0.020313973106924652,-0.020749053025641073,-0.021170456381062644,-0.02157602224893351,-0.021963507487039177,-0.022330597172577137,-0.022674916411685488,-0.022994043484947435,-0.0232855242655595,-0.023546887818069552,-0.023775663055076546,-0.023969396298249086,-0.02412566955856362,-0.024242119320228968,-0.02431645558358138,-0.02434648089591328,-0.024330109076000805,-0.02426538331963977,-0.024150493359978834,-0.023983791349299573,-0.023763806128102746,-0.02348925555402709,-0.023159056576843765,-0.02277233276717454,-0.022328419034789868,-0.021826863307451906,-0.021267424981909613,-0.02065007000441404,-0.019974962487243616,-0.01924245281943415,-0.018453062282251527,-0.01760746423203324,-0.016706461963011822,-0.015750963409925954,-0.014741952893197281,-0.0136804601480359,-0.01256752691232659,-0.011404171377167404,-0.010191350828715787,-0.0089299228321077,-0.00762060532890823,-0.006263936041335017,-0.004860231601521578,-0.0034095468556174105,-0.0019116348332798487,-0.0003659079266574916,0.0012285991080021646,0.0028732636253781065,0.004569906234092312,0.00632081766944825,0.008128780307000429,0.009997083058391868,0.011929528207436535,0.013930428554900154,0.016004593057397647,0.018157298985807913,0.0203942485147464,0.02272150761558374,0.02514542519822527,0.027672530674991883,0.030309408556401973,0.033062549393175336,0.03593817742006763,0.03894205670934485,0.04207927958623923,0.04535404358019001,0.048769426374353976,0.05232717216493129,0.05602750765308914,0.059869011677929226,0.0638485693955545,0.06796145008269006,0.07220155735657506,0.07656191190712539,0.08103544206655161,0.08561616300011718,0.09030092739876965,0.09509134739832276,0.1
-0.00020594162158128957,-0.0006105410136308021,-0.0010054124817938533,-0.0013915002313664923,-0.0017697142294146966,-0.0021409383685222685,-0.0025060312775176384,-0.0028658279550027653,-0.003221141099369263,-0.003572762243035253,-0.0039214626451425675,-0.004267993924697891,-0.004613088417875742,-0.004957459247902964,-0.0053018000986601675,-0.005646784686100709,-0.005993065923338993,-0.0063412747774640055,-0.00669201881738069,-0.00704588045386429,-0.007403414874122374,-0.007765147675023728,-0.008131572200390857,-0.008503146589826762,-0.008880290548109725,-0.009263381846635237,-0.009652752570423608,-0.010048685127154268,-0.010451408037305149,-0.010861091528001535,-0.011277842956444862,-0.011701702092932744,-0.012132636297421956,-0.012570535628325516,-0.013015207926796729,-0.013466373925006945,-0.01392366243197175,-0.01438660565604764,-0.0148546347285139,-0.015327075498206163,-0.015803144672307125,-0.01628194638345852,-0.016762469267769323,-0.017243584142206444,-0.017724042372792705,-0.01820247502696069,-0.018677392903975666,-0.019147187536308875,-0.019610133252011486,-0.02006439038313513,-0.020508009698004103,-0.02093893812520971,-0.021355025824701605,-0.02175403464579159,-0.022133647993636173,-0.022491482104368164,-0.022825098705142443,-0.023132019008593446,-0.023409738962534055,-0.023655745644941186,-0.023867534662647044,-0.024042628379656816,-0.0241785947691755,-0.02427306665238804,-0.024323761058489934,-0.024328498414656362,-0.024285221253282634,-0.024192012107137065,-0.024047110252639767,-0.023848926957313474,-0.02359605889084409,-0.023287299369791105,-0.022921647124627072,-0.022498312303642052,-0.02201671946161112,-0.021476507320646324,-0.020877525136098193,-0.020219825549948604,-0.019503653867187186,-0.01872943374515477,-0.017897749340921303,-0.01700932401544637,-0.01606499574481813,-0.015065689436657736,-0.014012386393530796,-0.012906091203985559,-0.011747796376099988,-0.010538445058144021,-0.009278892217530461,-0.007969864673623483,-0.006611920404511354,-0.005205407574435968,-0.003750423760256046,-0.00224677589460084,-0.0006939414936060175,0.0009089681992124994,0.002563242441372098,0.004270601782676497,0.0060332244928052005,0.007853767563364825,0.009735381070805895,0.011681714523751366,0.013696913651845966,0.015785605935428007,0.01795287304219023,0.020204208250911692,0.02254545693106824,0.024982738246401865,0.02752234650272532,0.030170631016786322,0.03293385410236037,0.03581802781940015,0.03882873158571284,0.04197091468992969,0.04524869025584487,0.04866513038526486,0.05222207614851726,0.055919980909356806,0.05975781128900765,0.06373303704556153,0.06784174945613058,0.07207895773411063,0.07643912463219357,0.0809170183594654,0.08550896220046053,0.09021468059867947,0.0950392494527367,0.09999999999999999
-0.0001974339957919857,-0.0005858063836578765,-0.0009654997630313708,-0.0013373557888129704,-0.0017021911352459005,-0.002060804336794148,-0.0024139761884353155,-0.002762470889745059,-0.0031070369356694287,-0.003448407843508907,-0.0037873026713480676,-0.004124426308259749,-0.004460469518627202,-0.004796108727524708,-0.005132005536791199,-0.0054688059643527446,-0.005807139401079468,-0.006147617281620695,-0.006490831466875357,-0.006837352337581304,-0.007187726599565218,-0.007542474802985953,-0.007902088579072358,-0.008267027599829406,-0.008637716267670065,-0.009014540144250226,-0.009397842129727567,-0.009787918406471674,-0.01018501416376441,-0.010589319123417183,-0.011000962889392184,-0.011420010148537663,-0.011846455753397428,-0.012280219722711197,-0.012721142199747546,-0.013168978413833993,-0.013623393695544148,-0.014083958601635166,-0.01455014421127267,-0.015021317660840713,-0.015496737990068642,-0.015975552377641464,-0.016456792849360087,-0.016939373546394715,-0.017422088644817393,-0.017903611020308595,-0.01838249175341352,-0.018857160570692123,-0.019325927315388416,-0.01978698453740993,-0.020238411286422914,-0.020678178183190836,-0.021104153833084633,-0.02151411263135037,-0.021905743992660875,-0.022276663017093943,-0.02262442258166162,-0.02294652682036828,-0.023240445927484237,-0.023503632187955533,-0.02373353710692846,-0.023927629477108695,-0.024083414189683378,-0.024198451561860932,-0.0242703769235003,-0.024296920176993236,-0.024275925020377905,-0.024205367503776987,-0.024083373575432627,-0.023908235265878333,-0.023678425158622427,-0.023392608802830554,-0.02304965473891475,-0.02264864183091823,-0.022188863630606744,-0.021669829535965825,-0.021091262551270248,-0.020453093505290208,-0.019755451637965812,-0.018998651521960078,-0.01818317634307386,-0.017309657620479632,-0.016378851503331356,-0.015391611832732499,-0.014348860206914027,-0.013251553331601851,-0.012100647977247986,-0.010897063899757118,-0.00964164511276004,-0.008335119928053077,-0.006978060208658875,-0.005570840307684293,-0.004113596198608052,-0.002606185341052183,-0.0010481478736430643,0.0005613302155102918,0.00222345121716181,0.003939836316078833,0.005712551775907198,0.007544129655939926,0.009437581887611258,0.011396406395686223,0.013424583805156055,0.015526563141680376,0.017707234826588963,0.019971889208630203,0.022326158890723764,0.024775943235535072,0.027327313709895946,0.029986399205020137,0.032759251204339784,0.035651689730124315,0.038669132457166314,0.041816411318868096,0.045097583436369965,0.048515746372390714,0.05207287165367282,0.05576967533917791,0.05960555027320779,0.06357859172351994,0.06768575657136455,0.07192320641921437,0.0762868969406704,0.08077349256442971,0.08538168863571383,0.09011415631365355,0.09497952358123682,0.1
-0.0001887119319254206,-0.0005604526466858344,-0.0009245939455597098,-0.0012818699967651675,-0.0016329996380518219,-0.001978691837415624,-0.0023196456654175136,-0.0026565509261523707,-0.002990088585751086,-0.0033209310694316653,-0.0036497423838383345,-0.003977178043648587,-0.004303884783663721,-0.004630500042038077,-0.004957651202921315,-0.005285954589638396,-0.005616014201201712,-0.005948420187042695,-0.006283747056015683,-0.006622551617476201,-0.006965370653240436,-0.007312718320930927,-0.007665083290312543,-0.008022925616090715,-0.008386673352026168,-0.008756718913428245,-0.009133415196910624,-0.009517071468964548,-0.009907949037291308,-0.01030625672207455,-0.010712146147409556,-0.011125706876984848,-0.011546961421851604,-0.011975860152659912,-0.012412276153187952,-0.012856000057156109,-0.013306734915407735,-0.013764091146193822,-0.01422758162685169,-0.014696616991069854,-0.015170501201621367,-0.015648427474195325,-0.016129474633290147,-0.016612603986130663,-0.01709665680486673,-0.017580352510767984,-0.018062287656502887,-0.018540935803537873,-0.019014648391100737,-0.019481656690500237,-0.019940074933917497,-0.020387904699439494,-0.02082304062429389,-0.021243277505270296,-0.021646318829588555,-0.022029786760316892,-0.022391233578533135,-0.022728154559151302,-0.02303800222970648,-0.023318201930938833,-0.023566168566063597,-0.023779324391910325,-0.023955117671260483,-0.024091041971682343,-0.02418465586377883,-0.024233602741152105,-0.02423563045749461,-0.02418861045319337,-0.024090556026592963,-0.02393963939363358,-0.023734207175639323,-0.023472793958333914,-0.023154133576939906,-0.02277716780182065,-0.022341052127215592,-0.021845158401028197,-0.02128907407642769,-0.020672597914536454,-0.019995732021258313,-0.019258670158296985,-0.01846178232786685,-0.017605595690328782,-0.016690771933208146,-0.01571808126679888,-0.014688373275357089,-0.013602544902318287,-0.012461505893187888,-0.011266142060168587,-0.010017276769196318,-0.008715631083249843,-0.007361783027475655,-0.0059561264731378995,-0.004498830171305279,-0.0029897975054649687,-0.0014286275778585364,0.0001854217007290424,0.0018534677811885276,0.00357703408996261,0.005358076176371361,0.007199002376341127,0.009102687857719869,0.011072480788750127,0.013112199249060921,0.015226117393303144,0.017418939296392474,0.01969575887723067,0.022062004340805234,0.024523365730257186,0.027085704480871067,0.02975494436578054,0.0325369439746495,0.0354373519373058,0.03846144756740267,0.041613971539461,0.04489895371659361,0.04831954841724298,0.05187789135942303,0.05557499737957016,0.05941072394126029,0.06338383261434037,0.06749218934610912,0.07173315482216501,0.07610422854185339,0.0806040278350151,0.08523368488312934,0.08999889415803856,0.09491192676797038,0.09999999999999999
-0.00017980625257270466,-0.000534568264288579,-0.0008828360186140085,-0.001225231727110508,-0.0015623722779943472,-0.0018948732640228984,-0.0022233485100845796,-0.0025484101685847743,-0.0028706686637086387,-0.0031907325368395753,-0.0035092081518803193,-0.0038266992384110164,-0.004143806253029555,-0.00446112554343189,-0.004779248302303483,-0.0050987593008204515,-0.005420235393152763,-0.0057442437853592355,-0.006071340063163965,-0.006402065974768158,-0.006736946965785427,-0.0070764894649922,-0.0074211779206055485,-0.007771471588556317,-0.008127801075511006,-0.008490564641472914,-0.008860124268496828,-0.009236801504577207,-0.009620873094018441,-0.010012566408677863,-0.010412054697363322,-0.010819452174386535,-0.011234808971879352,-0.011658105984875648,-0.012089249642511483,-0.01252806664375398,-0.012974298701119978,-0.01342759734147558,-0.013887518818612271,-0.014353519198291228,-0.014824949682331499,-0.015301052244312139,-0.015780955655176752,-0.016263671982478228,-0.016748093651896702,-0.01723299116381972,-0.017717011560994426,-0.018198677745160718,-0.018676388741088137,-0.019148421004982548,-0.019612930870879036,-0.020067958222678945,-0.02051143147115145,-0.020941173903719558,-0.021354911460617583,-0.021750281973251996,-0.02212484588001361,-0.022476098410653404,-0.022801483203636206,-0.023098407291065316,-0.023364257354129784,-0.023596417118208455,-0.023792285722387556,-0.02394929686308521,-0.024064938477583016,-0.02413677270061278,-0.024162455797734822,-0.02413975775322479,-0.024066581169557767,-0.02394097912042407,-0.023761171591331585,-0.0235255601410924,-0.023232740425265942,-0.022881512238382744,-0.022470886756375798,-0.022000090693025606,-0.02146856712464758,-0.02087597278412807,-0.020222171678431742,-0.019507224940862163,-0.0187313768899563,-0.017895037328730174,-0.016998760180263268,-0.016043218616231567,-0.015029176893392828,-0.013957459167584637,-0.012828915605490243,-0.01164438616041445,-0.010404662420366308,-0.009110447974957936,-0.007762317783658266,-0.0063606770627779585,-0.004905720244621593,-0.003397390601150181,-0.0018353411690056156,-0.00021889766456709386,0.0014529758607841675,0.0031817078029224527,0.004969145318884265,0.006817575172648928,0.008729738010868009,0.010708834861311724,0.012758524545422957,0.014882910610212926,0.017086516328492563,0.01937424631047071,0.021751333339353803,0.02422326922131705,0.02679571876502783,0.02947441652544952,0.0322650467160974,0.035173107778137744,0.03820376456679707,0.04136169305906786,0.04465092499451662,0.04807470303866549,0.051635361024796766,0.05533424872428923,0.05917172658252365,0.06314726314274993,0.06725967671506751,0.07150757362542577,0.07589004810583283,0.08040772737185999,0.08506424605026953,0.0898684002350973,0.09483619812622203,0.09999999999999999
-0.0001707488282409264,-0.0005082449881381748,-0.0008403722144274282,-0.0011676368006205353,-0.0014905500423511658,-0.0018096307848261969,-0.0021254044896772766,-0.002438402773578164,-0.002749162847448313,-0.0030582268896293227,-0.003366141314269595,-0.003673455912115792,-0.003980722843435432,-0.0042884954667270145,-0.0045973269892366315,-0.004907768927868721,-0.005220369370563767,-0.005535671030100764,-0.0058542090832984055,-0.0061765087901513,-0.006503082888295404,-0.0068344287597023575,-0.0071710253674343895,-0.007513329961933314,-0.007861774557505847,-0.00821676218160669,-0.008578662901106144,-0.008947809632100219,-0.009324493741927814,-0.009708960454970467,-0.010101404076549846,-0.010501963052773022,-0.01091071488763381,-0.01132767094289779,-0.01175277115051903,-0.012185878672255736,-0.012626774546117952,-0.013075152364839016,-0.013530613037171018,-0.01399265968883228,-0.014460692765951124,-0.014934005410034796,-0.015411779179517356,-0.015893080198774407,-0.01637685582093075,-0.016861931895561556,-0.01734701073641052,-0.017830669887049646,-0.01831136178398525,-0.01878741441643917,-0.019257033080014987,-0.01971830331691177,-0.020169195128545286,-0.020607568536494158,-0.02103118055507352,-0.021437693622649686,-0.021824685519750798,-0.022189660779262297,-0.022530063568513708,-0.022843291994177336,-0.02312671374990133,-0.023377682993035193,-0.023593558302262025,-0.023771721532222255,-0.023909597346160858,-0.02400467317325494,-0.024054519305621278,-0.024056808821203333,-0.024009336994852852,-0.023910039841085324,-0.023757011420113217,-0.023548519533769973,-0.02328301944142032,-0.022959165237450983,-0.022575818552519934,-0.022132054269482147,-0.021627162982236516,-0.021060649970202898,-0.020432230512570378,-0.019741821422939,-0.018989528745897804,-0.018175631620242716,-0.01730056237814466,-0.016364883013465673,-0.015369258214923883,-0.014314425219150809,-0.013201160794664692,-0.012030245719328191,-0.010802427161490904,-0.009518379418558334,-0.008178663507550277,-0.006783686141022838,-0.005333658660641766,-0.003828556541065671,-0.0022680801211082827,-0.0006516172688477367,0.0010217912554011585,0.0027534829088511053,0.004545200044862776,0.006399111174391388,0.00831782573653325,0.010304401216269143,0.012362341365823253,0.01449558422193136,0.016708478579061783,0.01900574759807437,0.021392438325532722,0.023873856102576186,0.026455483191922535,0.02914288149380812,0.03194158001080772,0.03485694882174993,0.03789406280951908,0.04105756034095657,0.044351504614667796,0.047779258584213495,0.05134338835580809,0.05504561490058838,0.05888683999070807,0.06286727969051932,0.06698674778319308,0.07124514261906112,0.07564320403023927,0.0801836263777897,0.08487261319331925,0.08972214232959942,0.09475205624104392,0.10000000000000002
-0.00016157280523040264,-0.00048157782805094044,-0.0007973537433473437,-0.0011092875132651242,-0.0014177817048642602,-0.0017232555147265161,-0.0020261433598226875,-0.0023268938395117488,-0.0026259686500863344,-0.0029238414662755884,-0.0032209967538887278,-0.0035179284903647397,-0.0038151387725754832,-0.004113136294836707,-0.004412434682236863,-0.004713550666774874,-0.005017002095147653,-0.005323305758774424,-0.005632975037561606,-0.005946517350364876,-0.006264431405877252,-0.006587204249069626,-0.006915308099156898,-0.007249196976590292,-0.007589303117659538,-0.007936033177097847,-0.008289764220544225,-0.008650839510929176,-0.009019564094816114,-0.009396200197458734,-0.009780962437910951,-0.010174012878871111,-0.010575455929223274,-0.010985333121271692,-0.01140361778871596,-0.011830209676170777,-0.012264929515871577,-0.012707513612652637,-0.013157608483841208,-0.013614765606717948,-0.014078436332278411,-0.014547967030334098,-0.015022594537250848,-0.015501441983776766,-0.01598351508629496,-0.01646769899018127,-0.016952755758678138,-0.017437322604348687,-0.01791991096275996,-0.018398906508917495,-0.018872570216254443,-0.019339040554853918,-0.019796336920336454,-0.020242364376530722,-0.02067491978413472,-0.021091699373099064,-0.021490307799092306,-0.02186826870325201,-0.022223036770395964,-0.02255201125323647,-0.02285255090011608,-0.023121990190834992,-0.023357656750823613,-0.023556889777912753,-0.023717059280135285,-0.023835585887274368,-0.023909960965314364,-0.023937766731660204,-0.02391669604207665,-0.023844571497922493,-0.02371936350641812,-0.023539206917395753,-0.02330241585896809,-0.023007496401478263,-0.022653156695213898,-0.022238314251887686,-0.021762100073447286,-0.02122385937304161,-0.020623148681978367,-0.019959729191414286,-0.01923355623785165,-0.018444764905107408,-0.017593651781520645,-0.01668065297755292,-0.01570631857489462,-0.014671283741799724,-0.013576236810279632,-0.012421884667686635,-0.011208915868424813,-0.009937961920553797,-0.008609557248016441,-0.007224098372514614,-0.005781802901503277,-0.00428266895142571,-0.0027264356803705344,-0.0011125456529818526,0.00055989018539598,0.0022921240882242534,0.004085798737131294,0.005942969145554432,0.007866118186428796,0.00985816462121655,0.011922462444200121,0.014062790312554856,0.016283329823295323,0.018588631442102363,0.02098356701028948,0.023473267985668376,0.026063048948000222,0.02875831646579385,0.03156446423200793,0.03448675649552858,0.03753020331645997,0.04069943314193423,0.043998570733247575,0.047431131689080905,0.0509999488364907,0.05470715076104091,0.05855421891350545,0.06254215730706705,0.066671818104624,0.0709444378585367,0.07536245279170205,0.07993068192681793,0.08465796504761221,0.0895595438850158,0.09465919585024857,0.09999999999999998
-0.00015231209339752167,-0.00045466426300545983,-0.000753935759791592,-0.0010503913856071867,-0.0013443223840704122,-0.0016360459054553316,-0.001925903107018421,-0.0022142575198951142,-0.0025014934206570015,-0.0027880142029556567,-0.0030742407168179316,-0.0033606095522126164,-0.0036475712461083113,-0.003935588395451258,-0.004225133660414227,-0.0045166876444192525,-0.00481073663862133,-0.005107770220130844,-0.005408278694054369,-0.0057127503707639984,-0.0060216686704866905,-0.0063355090485942185,-0.006654735735732036,-0.006979798288337034,-0.007311127946081269,-0.0076491337944507775,-0.007994198732011421,-0.008346675243967906,-0.008706880985441668,-0.009075094180436453,-0.009451548844869956,-0.009836429845188482,-0.010229867807177351,-0.010631933893402161,-0.01104263447158238,-0.011461905700754426,-0.011889608066757748,-0.012325520903871059,-0.012769336944870632,-0.01322065694772708,-0.013678984453230783,-0.01414372073420295,-0.014614160003358965,-0.015089484953287876,-0.015568762708259572,-0.016050941273392825,-0.016534846572088296,-0.017019180167037386,-0.017502517763652584,-0.017983308596713807,-0.018459875801567684,-0.01893041786949202,-0.01939301128314039,-0.01984561442133489,-0.020286072813327397,-0.02071212580999538,-0.02112141472390235,-0.021511492470788554,-0.02187983472273522,-0.022223852557137158,-0.022540906556902163,-0.02282832228533381,-0.023083407025450912,-0.023303467637656373,-0.023485829353508878,-0.023627855286715915,-0.023726966407416453,-0.02378066169240668,-0.023786538134339157,-0.023742310267240524,-0.023645828846047188,-0.023495098304308428,-0.023288292608607018,-0.02302376913039441,-0.022700080167229957,-0.022315981765230305,-0.021870439523693472,-0.021362631100201847,-0.02079194518023357,-0.020157976727732292,-0.01946051839186271,-0.01869954800821736,-0.017875212199373464,-0.016987806147672087,-0.016037749681692266,-0.01502555988505822,-0.01395182050150295,-0.012817148471981572,-0.011622157998204713,-0.010367422581471972,-0.009053435536994085,-0.007680569532052897,-0.006249035742918232,-0.004758843271137257,-0.0032097595065627435,-0.0016012721731823185,6.744615388763276e-5,0.0017975702157283365,0.003590650016370163,0.005448633581087212,0.007373883495060202,0.009369186132777646,0.011437752441782502,0.013583209120062294,0.015809579038314706,0.01812124982547895,0.020522929681852497,0.02301958973908702,0.02561639268690328,0.028318607977446043,0.03113151475287343,0.034060294783475525,0.03710991922605934,0.04028503500236832,0.043589859155592825,0.047028092788631966,0.05060287026123418,0.05431676439499233,0.05817187471415252,0.062170033500736015,0.06631317398904867,0.07060391687557556,0.07504644545531168,0.07964776117618995,0.08441940836841119,0.08937997694584372,0.09455728394629012,0.10000000000000003
-0.0001430015622743966,-0.0004276041410156749,-0.0007102769972971901,-0.0009911605609861963,-0.0012704327296702504,-0.0015483067425264196,-0.00182502877621319,-0.0021008756995390386,-0.0023761528849909888,-0.002651192053622798,-0.002926349124650668,-0.00320200204651785,-0.003478548588739223,-0.0037564040766146123,-0.004035999052532913,-0.004317776849481189,-0.004602191063367609,-0.004889702912180057,-0.005180778470674283,-0.005475885770485964,-0.005775491756151075,-0.006080059088689629,-0.006390042789087211,-0.006705886715303391,-0.007028019867327832,-0.0073568525163517865,-0.0076927721553437115,-0.008036139270222113,-0.008387282932488386,-0.008746496216546853,-0.00911403144717189,-0.009490095285509198,-0.009874843664903555,-0.01026837659143599,-0.010670732827713594,-0.011081884482791769,-0.011501731535586588,-0.011930096324233216,-0.01236671803914705,-0.012811247263354713,-0.013263240609677429,-0.013722155510701313,-0.01418734522395781,-0.014658054121288898,-0.01513341333789946,-0.01561243686280899,-0.016094018158316084,-0.0165769274011804,-0.017059809442601482,-0.01754118258702956,-0.018019438291577223,-0.018492841887420366,-0.01895953442240506,-0.019417535719090752,-0.01986474873511318,-0.020298965301976894,-0.020717873304806546,-0.02111906534816848,-0.021500048932663322,-0.021858258142666072,-0.022191066818486288,-0.022495803155599296,-0.022769765640906253,-0.0230102402007358,-0.023214518399242205,-0.02337991648878772,-0.02350379507780068,-0.023583579146513513,-0.023616778109042415,-0.023601005591625066,-0.02353399857362399,-0.02341363552025733,-0.02323795312586965,-0.023005161283823634,-0.02271365590533007,-0.02236202922425588,-0.021949077249177645,-0.021473804056685662,-0.020935422661591575,-0.02033335224871427,-0.019667211607149928,-0.018936808669381803,-0.0181421261236807,-0.017283303136784403,-0.016360613294091296,-0.015374438934452169,-0.014325242125540314,-0.013213532592028836,-0.012039832972328213,-0.010804641839423106,-0.009508394977987887,-0.008151425463214665,-0.006733923137921175,-0.005255894133903385,-0.0037171211328164053,-0.0021171251116804063,-0.00045512936983295893,0.0012699733122313278,0.00305964947599816,0.004915748787945416,0.0068405218265212946,0.008836630790751206,0.010907152035979301,0.013055569335055526,0.015285756794714412,0.01760195044569814,0.020008707694573257,0.022510854105015608,0.02511341740262563,0.02782154921455919,0.030640435916087214,0.033575201123987514,0.03663080392561924,0.039811938950870485,0.04312294698541277,0.04656774811165948,0.05014981349662419,0.053872197105054316,0.05773765502613238,0.0617488880483616,0.06590895295168414,0.07022190025987145,0.07469371088478689,0.07933362671189109,0.08415596594226768,0.089182753416919,0.09444595496014878,0.09999999999999992
-0.00013367652197720432,-0.00040049884998718605,-0.00066653866471371,-0.0009318104586922244,-0.001196377360830596,-0.0014603473937508413,-0.0017238705518762875,-0.0019871359280721527,-0.002250368949379192,-0.0025138286795502508,-0.0027778051638986142,-0.0030426167936154582,-0.0033086076691796217,-0.003576144944767428,-0.003845616136876068,-0.004117426381974122,-0.004391995628770416,-0.0046697557519081835,-0.0049511475744263315,-0.005236617787390758,-0.0055266157555894655,-0.005821590199252763,-0.006121985742348495,-0.0064282393191977425,-0.006740776431953451,-0.007060007252913415,-0.00738632256674768,-0.0077200895494774074,-0.008061647382570637,-0.008411302702704043,-0.008769324889798334,-0.009135941198653885,-0.009511331742207951,-0.009895624337794472,-0.01028888923122613,-0.010691133717605278,-0.011102296682030438,-0.011522243088232235,-0.011950758448284405,-0.012387543312160272,-0.012832207821810791,-0.013284266380700818,-0.013743132496235997,-0.014208113859136189,-0.014678407730523396,-0.015153096713993213,-0.0156311449962733,-0.016111395145735886,-0.016592565563149024,-0.017073248682915872,-0.017551910025877568,-0.018026888205654127,-0.01849639598978392,-0.018958522513564377,-0.019411236738946448,-0.019852392241972362,-0.020279733400692945,-0.020690903040146345,-0.021083451572649042,-0.021454847649333728,-0.02180249031365033,-0.022123722618595437,-0.02241584663813723,-0.022676139769071717,-0.02290187218406597,-0.02309032525962083,-0.023238810766057792,-0.023344690570365714,-0.023405396568957824,-0.023418450536212946,-0.0233814835482738,-0.023292254620099456,-0.023148668179250962,-0.022948789992318083,-0.02269086116097054,-0.022373309814000708,-0.021994760140606452,-0.021554038437730176,-0.021050175881116257,-0.02048240777452359,-0.01985016908423138,-0.01915308612478597,-0.01839096432637379,-0.017563772082172125,-0.016671620744810163,-0.015714740912551293,-0.014693455217364272,-0.013608147896856581,-0.012459231499872384,-0.011247111140161817,-0.009972146774271993,-0.008634614038151675,-0.007234664232898896,-0.005772284103671976,-0.004247256108403172,-0.0026591199248706503,-0.0010071359970579739,0.0007097480257232523,0.0024929270507770686,0.00434416354801613,0.00626560679658653,0.008259805332070012,0.010329711534311892,0.01247867730348437,0.014710439820642709,0.017029096497418416,0.019439068410682644,0.021945051821610745,0.024551957830386512,0.027264840862020936,0.03008881756800682,0.0330289789262861,0.036090299903218076,0.039277553095671186,0.04259523540553929,0.04604752014158127,0.04963825115032596,0.05337100084166718,0.057249220536159495,0.06127651972775344,0.06545712100835684,0.06979655013686147,0.07430263602818275,0.07898691927701197,0.08386656241687823,0.08896711471000084,0.09432480504920808,0.10000000000000003
-0.00012437289253172597,-0.00037345116102662033,-0.0006228839979183206,-0.0008725590646157178,-0.0011224239230121498,-0.0013724806564930313,-0.0016227824172695465,-0.0018734299104316017,-0.0021245680393420746,-0.0023763826515166213,-0.002629097364986859,-0.0028829704529526644,-0.0031382917668489334,-0.003395379679693381,-0.003654578032525654,-0.003916253068015227,-0.004180790335857209,-0.004448591555575047,-0.0047200714227374225,-0.004995654345512917,-0.005275771098884057,-0.005560855384801691,-0.0058513402870728004,-0.006147654610875418,-0.006450219097509205,-0.006759442506306224,-0.007075717556638125,-0.00739941672456744,-0.007730887890093129,-0.008070449832943234,-0.008418387576761579,-0.008774947584037709,-0.009140332806625549,-0.0095146975998063,-0.009898142511063949,-0.010290708958561028,-0.010692373818322339,-0.011103043943741913,-0.011522550645909043,-0.01195064416865511,-0.012386988197946017,-0.012831154451367378,-0.013282617399868472,-0.013740749180547098,-0.014204814766060208,-0.014673967462938196,-0.015147244817740817,-0.015623565016115249,-0.016101723865563595,-0.01658039245738391,-0.017058115607063423,-0.01753331117447226,-0.01800427036586884,-0.018469159117931195,-0.018926020660228776,-0.019372779345594577,-0.019807245828353054,-0.02022712365714838,-0.02063001733298343,-0.021013441862954757,-0.021374833817063118,-0.021711563868505004,-0.022020950768284607,-0.022300276672190127,-0.02254680370372308,-0.022757791600095174,-0.022930516251764503,-0.02306228890908427,-0.023150475794532707,-0.023192517825804764,-0.02318595012590912,-0.023128420971513155,-0.0230177098121804,-0.0228517439809317,-0.022628613712521176,-0.02234658508976577,-0.02200411055153863,-0.021599836618000908,-0.021132608520091845,-0.020601471460058824,-0.02000566827807558,-0.01934463335512875,-0.01861798264401118,-0.01782549978646155,-0.016967118344596237,-0.016042900246700874,-0.015053010620527572,-0.01399768925959181,-0.012877219039207822,-0.011691891667722302,-0.010441971224750662,-0.009127656001394032,-0.007749039218134736,-0.0063060692541553765,-0.004798510078271118,-0.003225902626502514,-0.0015875279254372852,0.00011762718661068913,0.0018909008372609776,0.003733982445496271,0.0056489336025891445,0.007638202486968644,0.009704630781193362,0.011851452078762042,0.014082280831603634,0.016401091014450534,0.018812183893014273,0.021320144608597005,0.023929787768316255,0.026646092901815834,0.029474131565003104,0.03241898910299963,0.03548568570409164,0.038679103475625254,0.0420039289611783,0.045464623929681786,0.04906544156505946,0.05281051057372008,0.05670401646384927,0.06075051766592478,0.06495544466945094,0.06932584359404405,0.07387144156818758,0.07860613644534833,0.08355000682035596,0.08873221899089909,0.09419338507433168,0.10000000000000003
-0.0001151266811293971,-0.0003465643694467087,-0.000579477101999982,-0.0008136255080384984,-0.001048841429091448,-0.001285020889590389,-0.0015221201006994918,-0.0017601512883328974,-0.0019991787347964276,-0.002239314954943417,-0.0024807169916235424,-0.0027235828091054346,-0.0029681477652639798,-0.003214681144476904,-0.003463482733709367,-0.003714879425169769,-0.003969221829207519,-0.004226880881885886,-0.004488244431905255,-0.004753713792319276,-0.005023700242796656,-0.005298621469038305,-0.0055788979264107886,-0.0058649491158640574,-0.0061571897608554485,-0.006456025875213928,-0.006761850712802816,-0.007075040591323873,-0.007395950583884314,-0.00772491007378697,-0.008062218169734485,-0.008408138980937408,-0.008762896753903826,-0.009126670875562766,-0.009499590750337144,-0.009881730562340325,-0.010273103937620202,-0.010673658525706417,-0.0110832705243321,-0.01150173917634731,-0.0119287812733381,-0.012364025706382276,-0.012807008110653807,-0.01325716565710989,-0.013713832051303448,-0.014176232806142679,-0.01464348086229843,-0.015114572636423483,-0.015588384583599403,-0.01606367036575045,-0.016539058722437903,-0.01701305214357143,-0.017484026445494304,-0.017950231351574364,-0.018409792176297356,-0.018860712706769627,-0.019300879368064697,-0.01972806674780548,-0.0201399445415116,-0.020534085962431548,-0.020907977638777685,-0.021259030996522307,-0.021584595098401698,-0.02188197087877905,-0.022148426681025547,-0.022381214968640144,-0.02257759004520168,-0.022734826581277498,-0.022850238710573487,-0.022921199422977254,-0.022945159950826362,-0.02291966881690663,-0.02284239019043491,-0.022711121180751737,-0.02252380768950803,-0.02227855844070053,-0.021973656815481527,-0.021607570134764605,-0.021178956058241823,-0.020686665802553367,-0.02012974392438898,-0.019507424464796076,-0.01881912330876744,-0.01806442667742311,-0.017243075738285547,-0.016354947390213363,-0.01540003135290907,-0.01437840376458916,-0.013290197564967257,-0.012135570012584189,-0.010914667755696753,-0.009627589943385662,-0.008274349928747203,-0.006854836178498595,-0.005368773063858025,-0.0038156822658896917,-0.002194845585248835,-0.0005052700006738242,0.001254344127829946,0.003085630768757741,0.004990580861188588,0.006971558884022113,0.009031312343693755,0.011172973200161107,0.013400050325312971,0.01571641222710344,0.018126259500033902,0.02063408680802662,0.023244634705507333,0.02596283230143538,0.028793732722623106,0.03174244460191778,0.03481406448115162,0.038013617171982365,0.04134601387299363,0.04481604133763435,0.04842839979632506,0.05218781287331347,0.05609923967858002,0.06016822795244038,0.06440145803926928,0.06880754126821997,0.07339815300293585,0.07818960720559504,0.08320497167826148,0.08847712592038014,0.09405119219055678,0.10000000000000003
-0.00010597413007825863,-0.00031994209435924013,-0.000536482438139851,-0.0007552292674779529,-0.0009758992125014829,-0.001198282739073897,-0.0014222395963603258,-0.001647693976285133,-0.001874629939002959,-0.0021030870074206435,-0.0023331559205820853,-0.002564974525664865,-0.002798723790183832,-0.0030346239164998753,-0.0032729305408206455,-0.0035139309993951393,-0.0037579406446056132,-0.004005299194191944,-0.004256367096921897,-0.004511521898653082,-0.004771154592958168,-0.00503566594125207,-0.005305462747762728,-0.005580954075618836,-0.005862547390929359,-0.0061506446228597545,-0.006445638128557541,-0.006747906553153372,-0.00705781057623225,-0.007375688537856047,-0.007701851938797883,-0.008036580811749463,-0.008380118962356785,-0.008732669081568722,-0.009094387733512569,-0.00946538022638615,-0.00984569537733917,-0.010235320186344536,-0.0106341744383946,-0.011042105258204923,-0.011458881646835777,-0.011884189035307567,-0.0123176238963586,-0.012758688461851504,-0.01320678560005912,-0.013661213913832841,-0.014121163127639596,-0.014585709838141506,-0.015053813709616618,-0.015524314201380736,-0.015995927919758523,-0.016467246691191796,-0.016936736456118016,-0.017402737084270033,-0.017863463211469532,-0.018317006194676157,-0.018761337276546886,-0.019194312041873503,-0.019613676236689637,-0.020017073005417736,-0.02040205158305793,-0.020766077457068113,-0.02110654398838124,-0.02142078545214191,-0.021706091427602294,-0.02195972243267566,-0.02217892666355008,-0.022360957663286465,-0.02250309270734554,-0.022602651658533163,-0.0226570160109538,-0.02266364781240361,-0.022620108129267832,-0.022524074697606502,-0.02237335839062539,-0.022165918126171906,-0.02189987383983349,-0.0215735171593793,-0.021185319435757487,-0.020733936813901212,-0.020218212063768497,-0.019637172937078094,-0.018990026868152026,-0.018276151896438976,-0.017495083753295886,-0.01664649912452091,-0.01573019517238369,-0.014746065474567074,-0.013694072612031592,-0.012574217711678952,-0.011386507322666458,-0.010130918076115122,-0.008807359647014273,-0.007415636603659283,-0.005955409794507159,-0.004426157984399317,-0.0028271405120698094,-0.0011573617977599518,0.0005844614170613519,0.0023999291689831043,0.004290982744541084,0.006259923535965052,0.008309425292283195,0.01044253881130996,0.012662688200019638,0.014973657980006121,0.017379570555000657,0.01988485391931,0.022494200006601833,0.025212514803472242,0.028044862336480327,0.03099640595134673,0.03407235201831896,0.037277903414875045,0.040618232973003085,0.04409849067775632,0.047723862946375636,0.05149970803084543,0.05543179876262615,0.05952671287671697,0.0637924224916224,0.06823914874156702,0.07288056504779175,0.0777354606526191,0.08282996729109023,0.08820077787454185,0.09389765951130204,0.10000000000000003
-9.695119399861572e-5,-0.0002936874010060488,-0.0004940636286841096,-0.0006975886922580896,-0.0009038651955043721,-0.0011125791802086183,-0.001323495004346796,-0.0015364498211350409,-0.0017513483767299665,-0.0019681580122506625,-0.0021869038651789415,-0.0024076642511176058,-0.0026305662083900712,-0.002855781187772064,-0.0030835208692419473,-0.003314033087731849,-0.0035475978495716,-0.0037845234216010715,-0.0040251424748558055,-0.004269808265230958,-0.004518890833684534,-0.004772773209237362,-0.005031847598396953,-0.005296511545503374,-0.005567164049073221,-0.005844201620268914,-0.006128014270423291,-0.0064189814158186476,-0.006717467688999287,-0.007023818647443815,-0.007338356371865917,-0.0076613749483285185,-0.007993135830262585,-0.008333863078880763,-0.008683738482967482,-0.009042896562026096,-0.009411419459975196,-0.009789331740294777,-0.010176595097564014,-0.010573103004852261,-0.010978675321353071,-0.011393052890016525,-0.011815892160743878,-0.012246759880838851,-0.01268512790096526,-0.01313036815153461,-0.01358174785142925,-0.014038425017760208,-0.014499444352228118,-0.014963733585910669,-0.015430100370258269,-0.01589722980688626,-0.016363682712764806,-0.01682789471962079,-0.017288176307207324,-0.017742713868439845,-0.01818957190075587,-0.018626696411255958,-0.01905191961385438,-0.019462965983663715,-0.019857459717954256,-0.020232933633225016,-0.020586839505215795,-0.020916559832224582,-0.021219420973142753,-0.02149270757958222,-0.021733678207884966,-0.021939581961358097,-0.022107675977552404,-0.0222352435397509,-0.02231961255801396,-0.02235817413328019,-0.02234840089017177,-0.022287864740497026,-0.022174253721915844,-0.02200538754493007,-0.021779231477959213,-0.021493908204582475,-0.021147707300328507,-0.0207390919981088,-0.020266702942235797,-0.019729358669925572,-0.01912605260643636,-0.01845594641407837,-0.01771835959599797,-0.016912755321117634,-0.016038722506408344,-0.015095954264928487,-0.014084222902285434,-0.013003351718678391,-0.01185318394819508,-0.010633549240253186,-0.009344228160081434,-0.007984915255035058,-0.0065551813016882935,-0.00505443541432578,-0.0034818877588679424,-0.0018365136762644606,-0.00011702007515219895,0.0016781849975941023,0.00355101866110379,0.005503744409615543,0.007538987257555739,0.009659741887806326,0.011869372956060427,0.014171606859173406,0.0165705145242944,0.019070485149786185,0.02167619136680141,0.024392547039193805,0.027224659935968922,0.03017778286356181,0.03325726861734565,0.0364685364030176,0.03981706031055749,0.0433083941469001,0.046948251636562625,0.0507426669222532,0.05469826774896293,0.05882270310149242,0.06312527890193569,0.06761787048262873,0.07231619893775645,0.0772415882940494,0.08242331068925679,0.08790197724593639,0.09373214360869338,0.10000000000000006
-8.809367190675734e-5,-0.0002679025696972878,-0.000452382897890379,-0.0006409201464336056,-0.0008330047646648044,-0.0010282201501246994,-0.0012262369435057394,-0.0014268068158157677,-0.0016297566272919465,-0.0018349828269636555,-0.002042446093320946,-0.002252166198412275,-0.0024642170787754093,-0.002678722095657882,-0.0028958494660452816,-0.0031158078456723416,-0.0033388420445935943,-0.0035652288559361854,-0.0037952729782447054,-0.004029303012212978,-0.004267667512706325,-0.004510731077622269,-0.004758870455496506,-0.005012470654599319,-0.005271921036829886,-0.0055376113807236674,-0.005809927898654622,-0.006089249194502017,-0.0063759421490613005,-0.006670357721903064,-0.006972826659707397,-0.007283655102845097,-0.007603120083715528,-0.007931464912523407,-0.00826889444844755,-0.008615570256879328,-0.008971605656342531,-0.00933706066210918,-0.009711936837244153,-0.010096172065998435,-0.010489635269069278,-0.010892121085273784,-0.011303344549681314,-0.011722935804096446,-0.012150434882093697,-0.012585286617299976,-0.013026835730498735,-0.013474322157918715,-0.013926876690052934,-0.014383516996864791,-0.014843144121616494,-0.015304539530964271,-0.015766362813781926,-0.016227150124419252,-0.016685313468194712,-0.01713914092676609,-0.017586797919112086,-0.018026329589025003,-0.018455664402858923,-0.018872619030636997,-0.019274904570239577,-0.01966013415719128,-0.020025831982487374,-0.020369443717024264,-0.020688348314706905,-0.02097987113652284,-0.021241298306215555,-0.021469892174279068,-0.0216629077324819,-0.021817609785901866,-0.021931290655373324,-0.022001288150397924,-0.02202500352292196,-0.021999919086119455,-0.021923615161364242,-0.021793786001080704,-0.021608254326836458,-0.021364984120841545,-0.021062091316289954,-0.020697852047333477,-0.02027070814378888,-0.019779269588119177,-0.019222313693173284,-0.01859878080733623,-0.017907766409072115,-0.017148509513708707,-0.016320377381354046,-0.015422846584284444,-0.014455480564545412,-0.013417903886189388,-0.012309773461218811,-0.011130747102521217,-0.009880449830845548,-0.00855843843513547,-0.007164164856500578,-0.005696939034909984,-0.004155891924361687,-0.0025399394455588257,-0.0008477482040648255,0.0009222961462524473,0.0027721169732432423,0.004703970223678262,0.0067204625204069154,0.008824562887025817,0.011019607272968553,0.01330929520817751,0.015697678169065445,0.018189139619032263,0.020788367237342367,0.023500318619197998,0.026330182776879544,0.029283341169052596,0.0323653338192166,0.035581838459610896,0.038938673681034174,0.04244184093957322,0.046097625165616704,0.04991277989136166,0.0538948305874497,0.05805253971055327,0.06239658936557576,0.06694055336902537,0.07170224989256542,0.07670559757506014,0.08198308731851067,0.08757935843001498,0.09355390909847021,0.1
-7.943668790183665e-5,-0.00024268821031671496,-0.00041159985611808833,-0.0005854364953435005,-0.000763578989493193,-0.0009455105256240614,-0.001130810312980089,-0.0013191466667725014,-0.0015102705176134757,-0.0017040091994077627,-0.001900260521657395,-0.0020989871098918474,-0.0023002109985085684,-0.0025040084585362284,-0.002710505041330134,-0.002919870818402601,-0.003132315796695707,-0.0033480854884156063,-0.00356745661422111,-0.0037907329188516564,-0.004018241078370568,-0.004250326678821145,-0.004487350246466277,-0.004729683310611559,-0.004977704480590766,-0.005231795519468794,-0.005492337397775312,-0.005759706311710431,-0.00603426965121902,-0.006316381904654977,-0.006606380487977457,-0.006904581488016408,-0.007211275310922914,-0.007526722228893364,-0.007851147820307672,-0.008184738300894143,-0.008527635746191654,-0.008879933208676973,-0.009241669736324658,-0.009612825303207761,-0.009993315666994887,-0.01038298717287136,-0.010781611528559578,-0.011188880580624021,-0.011604401128254069,-0.012027689816956328,-0.012458168161266384,-0.012895157752275337,-0.0133378757127364,-0.013785430469152085,-0.014236817916886127,-0.014690918060197069,-0.015146492214538392,-0.015602180862565772,-0.016056502258457825,-0.016507851876320395,-0.016954502798098556,-0.017394607133398434,-0.017826198558509802,-0.01824719605354841,-0.018655408905694476,-0.019048543031906045,-0.01942420865707735,-0.019779929362457104,-0.02011315249529541,-0.020421260903431934,-0.020701585929161416,-0.020951421564766922,-0.021168039639116797,-0.021348705870506076,-0.02149069658721361,-0.021591315884090276,-0.02164791295275002,-0.02165789929479249,-0.021618765503800798,-0.02152809728282313,-0.021383590351386796,-0.02118306388984491,-0.020924472170446223,-0.020605914033704435,-0.020225639886426807,-0.019782055923503832,-0.01927372530980174,-0.018699366100162065,-0.018057845724696125,-0.01734817192183667,-0.016569480062728775,-0.015721016875895714,-0.01480212065028596,-0.013812198066218768,-0.012750697877024458,-0.011617081737956142,-0.010410792553081525,-0.009131220784253834,-0.007777669238970773,-0.006349316924995184,-0.004845182628971363,-0.0032640889425623316,-0.0016046275219012854,0.00013487357843169472,0.001956379610390387,0.0038621749607074094,0.005854884181393393,0.007937487331788708,0.010113328822569283,0.012386119104906125,0.014759928798869927,0.0172391752383361,0.01982860196719607,0.022533252505974852,0.025358440782171993,0.028309722058509155,0.03139287009260281,0.03461386873047392,0.03797892930928581,0.04149454928778041,0.045167632643792165,0.04900569904290354,0.053017216936632104,0.05721210605334277,0.06160246779506618,0.06620361881243128,0.07103552355571906,0.0761247553835584,0.08150710432059174,0.0872313536048582,0.09336210979642864,0.10000000000000005
-7.101481248341382e-5,-0.00021814301249781408,-0.0003718709112467241,-0.0005313462080352241,-0.0006958434434704734,-0.0008647486883175734,-0.0010375526249188898,-0.0012138429156259276,-0.001393297052073977,-0.0015756755227752336,-0.0017608153104987708,-0.0019486237044996023,-0.002139072412614092,-0.002332191955582775,-0.002528066323856863,-0.0027268278758769606,-0.0029286524556248463,-0.0031337547068670266,-0.0033423835610923193,-0.0035548178763894567,-0.0037713622046253964,-0.003992342664905794,-0.004218102901733593,-0.004449000107124582,-0.004685401086555297,-0.004927678349600657,-0.005176206206879622,-0.005431356856020355,-0.005693496440282588,-0.005962981064715275,-0.00624015275586934,-0.0065253353525488635,-0.006818830316529609,-0.00712091245395561,-0.007431825539988007,-0.007751777841499242,-0.008080937535017983,-0.008419428019916297,-0.008767323129924547,-0.009124642249545935,-0.009491345345839293,-0.00986732793032399,-0.01025241597054385,-0.010646360775951814,-0.011048833888442307,-0.011459422013764858,-0.011877622036463717,-0.012302836167464713,-0.01273436728028244,-0.013171414498447201,-0.013613069103518779,-0.014058310839188057,-0.014506004692872061,-0.014954898240971138,-0.01540361964799962,-0.01585067641209329,-0.016294454950413213,-0.016733221116579166,-0.01716512173902119,-0.017588187262891197,-0.018000335569565405,-0.018399377035697034,-0.018783020879029094,-0.019148882819777804,-0.019494494065308315,-0.019817311601281938,-0.02011472974562337,-0.020384092892023236,-0.02062270933865962,-0.020827866065122668,-0.02099684428778669,-0.021126935591061352,-0.0212154584008244,-0.02125977453704865,-0.02125730555696674,-0.021205548578278048,-0.021102091255589834,-0.020944625572608823,-0.020730960109024074,-0.020459030444430027,-0.020126907373124076,-0.019732802622721278,-0.019275071796921662,-0.018752214297587774,-0.01816287002377123,-0.017505812694257245,-0.016779939695449723,-0.01598425841654814,-0.015117869098656195,-0.014179944292208086,-0.013169705087580497,-0.012086394355608137,-0.010929247307772269,-0.00969745975894242,-0.008390154548722604,-0.007006346649662175,-0.005544907561719287,-0.004004529661057786,-0.0023836912365254232,-0.0006806230062884048,0.0011067230431412226,0.0029807016187265193,0.004943997995238305,0.006999646936879506,0.009151045874226682,0.011401961689299358,0.013756530705323218,0.016219251856329456,0.018794973569737913,0.0214888756883873,0.024306448854944065,0.027253475263841736,0.030336016652818622,0.03356041797706828,0.03693333852790277,0.040461826501153896,0.04415345840810449,0.04801657153418945,0.05206062625346115,0.05629674588933816,0.06073849561180783,0.06540297962097309,0.07031235768108171,0.07549591816645605,0.08099283260490857,0.08685615025699275,0.09315576532954457,0.09999999999999998
-6.286154967161146e-5,-0.00019436286124198412,-0.00033334804514138663,-0.0004788518250470803,-0.0006300463917977377,-0.0007862244592396031,-0.0009467917110009519,-0.0011112584406257346,-0.0012792317296996588,-0.0014504079869559938,-0.001624565865237772,-0.001801559542572143,-0.0019813123528186023,-0.0021638107477569735,-0.0023490985697537034,-0.002537271612430152,-0.002728472445313869,-0.0029228854779179193,-0.003120732238251671,-0.003322266841006316,-0.0035277716208404006,-0.0037375529068718882,-0.003951936914996124,-0.004171265735548182,-0.004395893394515182,-0.004626181967504797,-0.004862497726472611,-0.005105207300290974,-0.005354673831153983,-0.005611253110000095,-0.005875289675210432,-0.006147112860202516,-0.0064270327768660524,-0.0067153362234050554,-0.007012282506845753,-0.007318099172454535,-0.007632977634493081,-0.0079570687052297,-0.008290478021924425,-0.008633261374641961,-0.008985419941291924,-0.009346895440192418,-0.009717565214844015,-0.010097237270326296,-0.010485645286002064,-0.010882443634744306,-0.011287202444976847,-0.011699402748002147,-0.01211843175972701,-0.01254357835239614,-0.012974028778699043,-0.01340886271687813,-0.013847049711660689,-0.014287446091076968,-0.014728792443952312,-0.01516971174607744,-0.015608708225223622,-0.016044167055211212,-0.0164743549676598,-0.0168974218657432,-0.017311403517822295,-0.017714225399164663,-0.0181037077377728,-0.01847757180467021,-0.018833447470688006,-0.01916888203006284,-0.01948135026704428,-0.019768265714654194,-0.020026993026000688,-0.020254861347814634,-0.02044917855460585,-0.020607246169967557,-0.020726374770700697,-0.02080389963970651,-0.020837196406693057,-0.020823696391860866,-0.020760901348518514,-0.020646397286193108,-0.020477867047704594,-0.02025310131185423,-0.019970007698996955,-0.019626617669514564,-0.01922109092586515,-0.018751717056775846,-0.018216914197647874,-0.017615224523336106,-0.01694530643816008,-0.016205923382031664,-0.015395929230729988,-0.014514250331240552,-0.013559864279440812,-0.012531775615945045,-0.011428988686461208,-0.01025047798442461,-0.00899515636593201,-0.007661841599091316,-0.006249221781685447,-0.004755820231224942,-0.0031799605191114707,-0.0015197323831706345,0.00022704069280512668,0.002062831403308381,0.003990435200735061,0.006012992695680934,0.008134007105440225,0.010357356110765058,0.01268729771219301,0.015128470044818128,0.017685885661688452,0.02036492159104919,0.02317130758495666,0.02611111649633168,0.029190762756417413,0.032417017604969046,0.0357970532074968,0.039338532267499185,0.04304976544146665,0.04693996608803173,0.051019641016483035,0.05530116746312876,0.059799621198527365,0.06453393958197465,0.06952852667094005,0.0748154461900601,0.08043733546879471,0.08645163870780742,0.09293373220645201,0.1
-5.5009451595652456e-5,-0.0001714405772298174,-0.00029617820789896396,-0.00042814903386488275,-0.0005664275745782448,-0.0007102176152869047,-0.0008588439963860278,-0.0010117435107403056,-0.0011684563990427572,-0.0013286182525745424,-0.0014919523453983325,-0.0016582623830940096,-0.0018274256534769233,-0.0019993865601482612,-0.0021741505163844917,-0.0023517781747447826,-0.0025323799661506256,-0.002716110921573008,-0.002903165749066636,-0.0030937741392045902,-0.003288196272271453,-0.003486718501363577,-0.00368964918618598,-0.003897314653322551,-0.004110055259537377,-0.004328221535717898,-0.004552170389923925,-0.004782261349089135,-0.005018852819850076,-0.0052622983501236075,-0.005512942874099821,-0.005771118924584199,-0.0060371427978701386,-0.006311310657793767,-0.006593894567168204,-0.00688513843658191,-0.007185253882504052,-0.007494415988873699,-0.007812758968855764,-0.008140371726255596,-0.008477293319279851,-0.00882350833284286,-0.009178942169611288,-0.00954345627428829,-0.009916843310490807,-0.010298822314695096,-0.010689033857403425,-0.011087035247515128,-0.011492295822215169,-0.011904192370969683,-0.012322004748830603,-0.012744911740511825,-0.013171987243012391,-0.013602196840110355,-0.014034394847260595,-0.01446732190935718,-0.01489960323691913,-0.015329747567496175,-0.015756146938956158,-0.01617707735872722,-0.016590700448585214,-0.016995066137128475,-0.017388116462319435,-0.017767690533417545,-0.01813153068605102,-0.01847728984526604,-0.018802540090072713,-0.01910478238869492,-0.01938145744752184,-0.019629957588315684,-0.019847639538858625,-0.020031837991793207,-0.020179879756413555,-0.020289098298665896,-0.020356848437188983,-0.020380520938052107,-0.020357556729504168,-0.020285460440705134,-0.0201618129565262,-0.01998428267412203,-0.01975063514730721,-0.019458740811616585,-0.019106580497161067,-0.018692248457510833,-0.018213952671322857,-0.01767001220846699,-0.017058851494117046,-0.016378991351591037,-0.015629036757520018,-0.01480766130000034,-0.013913588391515387,-0.012945569352419927,-0.011902358547510481,-0.010782685826602132,-0.009585226590060354,-0.00830856987094892,-0.006951184896735316,-0.005511386664155349,-0.003987301130074712,-0.0023768306866449066,-0.0006776206479299491,0.0011129724778477371,0.0029979101284007014,0.0049804974403301686,0.007064404863871214,0.009253685004727378,0.011552784271854405,0.013966549260156304,0.016500228334119297,0.019159469667086097,0.021950318111370687,0.02487921482572826,0.02795300568841548,0.03117896732021189,0.034564863204456814,0.03811904712794737,0.04185063723088309,0.045769791663750836,0.04988812661411307,0.05421932983720869,0.05878003852907173,0.06359107063722946,0.06867912370347133,0.07407909697286577,0.07983717949675585,0.08601534645330126,0.09269466758266148,0.10000000000000005
-4.7489613623266666e-5,-0.0001494650384719816,-0.0002605020935093607,-0.00037942512632695163,-0.000505216373631144,-0.0006369957926812063,-0.0007740121661043596,-0.0009156332397201181,-0.0010613365226001582,-0.0012107005459440663,-0.0013633966074747131,-0.001519180988739357,-0.0016778876300165256,-0.0018394212419179032,-0.0020037508288610656,-0.0021709035971256402,-0.002340959218505813,-0.002514044419977976,-0.0026903278695592954,-0.002870015329000499,-0.0030533450444688135,-0.0032405833473258903,-0.0034320204379262387,-0.003627966326467244,-0.003828746905835106,-0.004034700132509801,-0.004246172292529629,-0.004463514330622734,-0.00468707822157682,-0.004917213364044846,-0.005154262978021471,-0.005398560488426046,-0.00565042587841296,-0.005910161997385506,-0.0061780508101075046,-0.006454349574922593,-0.0067392869408544435,-0.007033058955353633,-0.007335824976696276,-0.0076477034875428555,-0.007968767809020026,-0.008299041717829851,-0.008638494972485826,-0.008987038758666284,-0.009344521068092485,-0.009710722030021946,-0.010085349219696603,-0.010468032973504562,-0.01085832174657215,-0.011255677554464771,-0.011659471547045937,-0.012068979768669611,-0.012483379165171976,-0.012901743903814992,-0.013323042077844516,-0.013746132871757844,-0.01416976426719485,-0.01459257137156576,-0.015013075452600957,-0.015429683760903238,-0.01584069021982574,-0.016244277056554915,-0.01663851744073868,-0.01702137918639472,-0.017390729559870945,-0.017744341220463714,-0.01807989930177555,-0.01839500962037031,-0.018687207974761633,-0.018953970471831658,-0.019192724790617233,-0.019400862264814658,-0.019575750636704404,-0.019714747306484374,-0.019815212873690473,-0.01987452474160989,-0.019890090532852938,-0.0198593610447081,-0.019779842457976468,-0.019649107502761234,-0.01946480528038361,-0.019224669442125107,-0.01892652443377466,-0.01856828952963356,-0.018147980401287185,-0.017663707994430657,-0.017113674521600963,-0.01649616641890557,-0.015809544160753478,-0.015052228877135936,-0.014222685773048837,-0.013319404408140894,-0.012340875956512771,-0.011285567630831416,-0.010151894521576905,-0.008938189170441183,-0.007642669266639358,-0.006263403925123682,-0.0047982790758119695,-0.003244962560872002,-0.0016008696003990757,0.0001368706594028315,0.00197144676389096,0.0039063939714702196,0.005945619948740265,0.008093426505432015,0.010354526925880975,0.012734058779725223,0.015237592609342317,0.01787113766499349,0.020641146978638097,0.023554525643631377,0.026618648333765694,0.02984139501294549,0.033231217648979385,0.03679725578209603,0.04054952528868571,0.04449921296664426,0.048659120087822014,0.05304431139962027,0.05767304298743811,0.06256806424531054,0.06775841619489335,0.07328189338950582,0.07918832358384548,0.0855443560587161,0.09243698385712038,0.10000000000000002
-4.033178431209617e-5,-0.00012852091421640058,-0.0002264535207832935,-0.0003328580513055626,-0.00044663056297571986,-0.0005668129618372438,-0.0006925833905661329,-0.0008232455873329406,-0.0009582189769277875,-0.0010970292786710014,-0.0012392996616699755,-0.0013847424341638158,-0.0015331512498712044,-0.0016843938076508214,-0.0018384050163865683,-0.0019951805943705853,-0.002154771070825913,-0.0023172761568075453,-0.0024828394527532287,-0.002651643460697962,-0.0028239048699592413,-0.0029998700862846244,-0.0031798109754919944,-0.0033640207938960736,-0.0035528102788827953,-0.0037465038742045594,-0.003945436065605562,-0.004149947803540011,-0.004360382990759818,-0.004577085013683423,-0.004800393297500661,-0.005030639866133441,-0.005268145889315326,-0.005513218200320778,-0.0057661457691967274,-0.0060271961178135144,-0.006296611664655267,-0.006574605989040675,-0.006861360006475128,-0.007157018049040294,-0.0074616838472769745,-0.007775416412793295,-0.008098225824051564,-0.008430068921250877,-0.008770844920213915,-0.009120390959414743,-0.009478477599076654,-0.0098448042962485,-0.010218994885293618,-0.010600593098810443,-0.010989058170041728,-0.011383760563713697,-0.011783977888388988,-0.012188891049091589,-0.01259758070459734,-0.01300902409854071,-0.013422092337800208,-0.013835548194576207,-0.014248044510599387,-0.014658123282046551,-0.01506421550245357,-0.015464641837231893,-0.01585761419784064,-0.016241238275305804,-0.01661351708223781,-0.0169723555389418,-0.017315566123390278,-0.017640875586069173,-0.01794593270990409,-0.01822831707216735,-0.01848554874050784,-0.018715098808797282,-0.018914400651546814,-0.01908086174819407,-0.019211875901889015,-0.019304835651656464,-0.01935714465332491,-0.019366229783588537,-0.01932955270430297,-0.019244620610788608,-0.019108995879654447,-0.01892030432851093,-0.018676241802805162,-0.018374578813703527,-0.018013162966077485,-0.01758991893675148,-0.017102845790592333,-0.016550011455019976,-0.015929544212222004,-0.01523962111186572,-0.014478453255413935,-0.013644267955342276,-0.01273528782863515,-0.011749706943086278,-0.010685664197235123,-0.009541214179554766,-0.008314295819866395,-0.007002699215086085,-0.0056040310819599004,-0.004115679359717344,-0.002534777553563542,-0.000858169471320193,0.0009176249457925473,0.0027964419715378434,0.004782503907425001,0.006880445716557001,0.00909533799673429,0.011432706104983066,0.013898545728974733,0.01649933594873557,0.019242051941262217,0.02213418107353979,0.02518374835699532,0.028399360282202246,0.03179028013603365,0.03536655328503359,0.03913920789843396,0.04312056555770558,0.047324707626909136,0.05176815776036989,0.056470859326115674,0.06145755023690978,0.06675966702216572,0.07241795882971921,0.07848597926601934,0.0850352013759907,0.09215879115261456,0.10000000000000003
-3.356386772180245e-5,-0.0001086877906681647,-0.0001941582046448635,-0.0002886148571574819,-0.00039087445041779707,-0.0004999072973440197,-0.0006148269532167964,-0.0007348787727946478,-0.000859429277758788,-0.0009879561074140621,-0.0011200385857699229,-0.0012553488897066951,-0.0013936437978831558,-0.0015347569925447107,-0.0016785918816981547,-0.0018251149065293738,-0.001974349297615335,-0.002126369243468875,-0.002281294435436462,-0.0024392849541112665,-0.0026005364636050967,-0.002765275681492504,-0.0029337560935572406,-0.0031062538839125467,-0.003283064052316789,-0.00346449669182636,-0.003650873401075644,-0.0038425238066928163,-0.004039782172444917,-0.004242984072859648,-0.004452463110152737,-0.004668547654433454,-0.004891557588294568,-0.00512180103809394,-0.005359571075493802,-0.005605142374160668,-0.005858767808003645,-0.006120674978909444,-0.006391062663733961,-0.006670097172254947,-0.006957908610053782,-0.007254587042733574,-0.007560178560741099,-0.00787468124711831,-0.008198041054079381,-0.008530147598077676,-0.008870829887366238,-0.009219852000554151,-0.009576908739739468,-0.009941621286939442,-0.010313532898189714,-0.010692104675230659,-0.011076711460588836,-0.01146663790739681,-0.011861074780901822,-0.012259115553516942,-0.012659753359887735,-0.013061878381922487,-0.013464275736487804,-0.013865623939598504,-0.014264494020860123,-0.014659349359738132,-0.015048546311398004,-0.015430335683505199,-0.01580286511702143,-0.0161641824128958,-0.016512239833265083,-0.01684489938967396,-0.017159939112695415,-0.017455060276668693,-0.017727895531017033,-0.017976017865459503,-0.01819695031147209,-0.01838817625648082,-0.01854715022167806,-0.018671308929102973,-0.018758082459970467,-0.018804905284322004,-0.01880922692314048,-0.0187685219882762,-0.018680299333995166,-0.018542110046745386,-0.0183515539977761,-0.018106284686420875,-0.0178040121108521,-0.017442503417589947,-0.01701958110142297,-0.016533118553119855,-0.015981032783573348,-0.01536127418912777,-0.014671813263877455,-0.013910624209964818,-0.013075665446442368,-0.012164857070488158,-0.011176055381885413,-0.010107024642235209,-0.00895540630468497,-0.00771868601752636,-0.006394158775857505,-0.004978892668422645,-0.0034696917403097645,-0.0018630585628327903,-0.00015515716433820117,0.0016582229795456267,0.003581701184455617,0.005620337352692975,0.007779660777081461,0.010065695656157546,0.0124849834626959,0.015044603016043195,0.017752190193243752,0.02061596081194093,0.023644742501577855,0.026848024559823623,0.030236039121950217,0.03381989275210194,0.03761177514935814,0.0416252814663233,0.04587589727433075,0.050381711138906805,0.0551644399658023,0.06025087825356911,0.06567491452707791,0.07148031155395945,0.07772443484307906,0.08448373607012752,0.09185782420316073,0.10000000000000002
-2.7212027637520808e-5,-9.003989311610781e-5,-0.0001637331143073924,-0.0002468507095804872,-0.0003381375828551565,-0.00043649960083916707,-0.000540992421669192,-0.0006508092238051297,-0.0007652693342330313,-0.0008838075172881813,-0.0010059639578064142,-0.0011313749192233048,-0.0012597640510004892,-0.0013909343115923304,-0.0015247604685059912,-0.0016611821348105698,-0.0018001973007557672,-0.0019418563197980577,-0.002086256309474565,-0.00223353592925348,-0.0023838704991492854,-0.0025374674247244794,-0.002694561895713387,-0.002855412827163872,-0.003020299013424541,-0.0031895154667520064,-0.003363369913585993,-0.00354217942283273,-0.0037262671416661984,-0.0039159591155588595,-0.004111581170379157,-0.004313455835550091,-0.0045218992884062765,-0.004737218301049625,-0.004959707172225018,-0.005189644627980134,-0.0054272906762467,-0.005672883401899957,-0.0059266356904812524,-0.006188731870477411,-0.006459324266064293,-0.006738529654342138,-0.007026425623626172,-0.00732304683202218,-0.00762838116868445,-0.007942365823477364,-0.008264883274641116,-0.00859575720808541,-0.00893474838653393,-0.009281550491418081,-0.00963578596562115,-0.009997001890327296,-0.010364665934779782,-0.010738162423031225,-0.011116788567238162,-0.01149975092193103,-0.01188616211845665,-0.012275037942580901,-0.012665294821511247,-0.013055747788473236,-0.013445108993869439,-0.013831986831102117,-0.014214885742771338,-0.014592206768336051,-0.01496224888791762,-0.015323211207964867,-0.015673196023546616,-0.0160102127784234,-0.016332182928467515,-0.016636945695919815,-0.016922264682209098,-0.017185835285296845,-0.017425292844662696,-0.017638221412996168,-0.01782216302943752,-0.017974627344857136,-0.01809310142626833,-0.018175059545193453,-0.018217972734739647,-0.01821931788246946,-0.01817658611190809,-0.018087290194821103,-0.01794897073012087,-0.01775920082338511,-0.01751558900418802,-0.017215780126536243,-0.016857454011141623,-0.016438321606638873,-0.015956118470467604,-0.01540859539843941,-0.01479350606521437,-0.014108591575462875,-0.013351561867642595,-0.012520073958673793,-0.011611707068757948,-0.010623934721001867,-0.009554093970990343,-0.008399351986961288,-0.007156670272289554,-0.00582276689809413,-0.004394077194328855,-0.0028667134301425595,-0.001236424094434175,0.0005014465428052709,0.0023519978613249794,0.0043208105840436516,0.0064139820754599945,0.008638158779131228,0.01100056570341783,0.01350903351161026,0.016172024809783185,0.01899866280899155,0.021998767866136047,0.025182910726857265,0.028562495902558774,0.03214989486491129,0.03595865704448088,0.040003837450275775,0.04430249364578454,0.04887442253106094,0.05374322980909382,0.058937853764361677,0.06449470049578519,0.07046060630054478,0.07689683197184317,0.08388496544699171,0.09153134846417309,0.09999999999999999
-2.130019233624188e-5,-7.264520278641682e-5,-0.00013528522023456424,-0.00020770729470165854,-0.00028859283712803145,-0.0003767911144153207,-0.0004713072191658347,-0.000571288940151625,-0.0006760146356781775,-0.0007848818587163683,-0.0008973967651145277,-0.0010131642785156608,-0.0011318789783608257,-0.0012533166689659807,-0.0013773265835493047,-0.0015038241757831718,-0.0016327844517957783,-0.0017642357971816528,-0.001898254255607016,-0.002034958217989965,-0.0021745034834694445,-0.002317078655616107,-0.002462900839282405,-0.0026122116053695394,-0.002765273192409911,-0.0029223649154429387,-0.0030837797540631323,-0.003249821092893742,-0.003420799589016533,-0.0035970301421375207,-0.003778828944477932,-0.00396651058855597,-0.004160385212211349,-0.004360755661370991,-0.004567914652266427,-0.004782141915988364,-0.005003701309568144,-0.005232837879060369,-0.00546977486159244,-0.005714710614845586,-0.005967815464227833,-0.006229228459839757,-0.006499054037561309,-0.006777358580902337,-0.007064166883042363,-0.007359458511384279,-0.007663164080383779,-0.007975161441964118,-0.00829527180694681,-0.008623255815119626,-0.008958809576294097,-0.009301560709415997,-0.009651064411934956,-0.01000679959659404,-0.010368165138003068,-0.01073447627611433,-0.011104961228457506,-0.011478758066939257,-0.011854911918600667,-0.01223237255212527,-0.01260999241352142,-0.012986525174428642,-0.013360624855334803,-0.01373084558282032,-0.014095642035221673,-0.014453370624060314,-0.014802291449718528,-0.015140571058519826,-0.015466286015139203,-0.015777427288652796,-0.016071905433189194,-0.016347556524740833,-0.01660214879502104,-0.016833389881141542,-0.017038934587238274,-0.017216393030971795,-0.017363339025052108,-0.017477318521678418,-0.017555857927044012,-0.017596472073980293,-0.017596671624352758,-0.017553969659098657,-0.01746588720365334,-0.017329957429962822,-0.017143728274012907,-0.016904763209681695,-0.016610639926248165,-0.01625894666777865,-0.015847276008217125,-0.015373215855956635,-0.014834337506251568,-0.014228180588717583,-0.01355223479073792,-0.012803918275722685,-0.011980552758504164,-0.011079335248929541,-0.010097306529955167,-0.009031316498851806,-0.007877986570722617,-0.006633669422924564,-0.005294406447733756,-0.00385588337763624,-0.002313384650474258,-0.0006617471840760332,0.0011046856789140081,0.002992109234540323,0.005007300667246774,0.007157659769012741,0.009451246689591665,0.011896816827174753,0.014503853918166769,0.017282603914275566,0.020244114577107213,0.023400289168889362,0.026763967532283064,0.030349054658598707,0.03417072603220087,0.03824575116348605,0.042592992412795475,0.04723415621864705,0.052194899129373674,0.057506423276516144,0.06320773559658506,0.0693488098366754,0.07599488121370598,0.08323283039006037,0.09117603885245538,0.09999999999999998
-1.5850146957461512e-5,-5.65651479815031e-5,-0.00010891079974457545,-0.00017131176578617894,-0.00024239504216194338,-0.00032096185664779744,-0.00040597471376041343,-0.0004965433734174339,-0.0005919119553604176,-0.000691446903660823,-0.0007946258358560564,-0.0009010272392710403,-0.0010103209693407913,-0.001122259496885195,-0.0012366698485037943,-0.0013534461845435592,-0.00147254296104047,-0.0015939686250489153,-0.0017177797959424491,-0.0018440758885164242,-0.0019729941365970068,-0.0021047049785372376,-0.0022394077682542294,-0.0023773267775514333,-0.0025187074572782017,-0.0026638129265757014,-0.0028129206609941305,-0.0029663193517307923,-0.0031243059096248906,-0.0032871825888736985,-0.003455254206730986,-0.0036288254366772673,-0.0038081981537963065,-0.003993668812254377,-0.0041855258359999635,-0.004384047004942077,-0.0045894968201243575,-0.004802123832595423,-0.0050221579220539195,-0.005249807512676998,-0.00548525671514299,-0.005728662385454755,-0.005980151093125073,-0.006239815993273467,-0.006507713599616575,-0.0067838604578347025,-0.0070682297218120395,-0.007360747638340901,-0.007661289949531087,-0.007969678225868642,-0.008285676147121423,-0.008608985752523411,-0.008939243686377088,-0.009276017469767998,-0.009618801833962475,-0.009967015155570785,-0.010319996038160487,-0.010677000088956582,-0.011037196942999568,-0.011399667589865142,-0.011763402060200278,-0.012127297530098783,-0.012490156901125773,-0.012850687911834099,-0.013207502833300253,-0.013559118795811079,-0.013903958786817553,-0.014240353350969034,-0.01456654301198295,-0.014880681422753356,-0.015180839235046187,-0.0154650086630075,-0.01573110869618673,-0.015976990897651564,-0.01620044570180957,-0.016399209104684294,-0.016570969617472613,-0.01671337533227684,-0.016824040927833964,-0.016900554422969,-0.016940483467227128,-0.016941380941793333,-0.01690078963016074,-0.01681624570708893,-0.016685280786847962,-0.016505422267479457,-0.016274191707331107,-0.01598910097322222,-0.015647645906672,-0.015247297265397067,-0.014785488712154965,-0.01425960164177546,-0.013666946660452553,-0.013004741559161792,-0.012270085656385644,-0.011459930424827423,-0.010571046364054175,-0.00959998613740604,-0.008543044059260608,-0.007396212099745509,-0.006155132670481329,-0.0048150485680764086,-0.0033707505819848705,-0.0018165234168232576,-0.0001460907287529469,0.0016474397846477577,0.0035716301986473227,0.005634764016278405,0.007845894730518981,0.01021489074539775,0.012752476896257244,0.01547027420804185,0.018380841815800606,0.021497728501867788,0.02483554652537615,0.028410087865257082,0.0322385132786614,0.036339658366741884,0.040734518866595126,0.04544700046478081,0.05050504751673585,0.055942301853614755,0.06180048779389555,0.06813279162004139,0.07500849711424658,0.08251992718341243,0.09078782151862025,0.10000000000000003
-1.088102976246302e-5,-4.1853681955307336e-5,-8.46941146490153e-5,-0.0001377750532663665,-0.00019967896348265947,-0.00026916832829559836,-0.0003451716921343205,-0.00042676871267141245,-0.0005131764863599871,-0.0006037368633487822,-0.0006979047632436023,-0.0007952374376368711,-0.0008953846180966193,-0.0009980794821937654,-0.0011031303698154464,-0.0012104131848083158,-0.0013198644212041584,-0.0014314747580991606,-0.0015452831718206568,-0.001661371518210733,-0.0017798595414149079,-0.0019009002686530664,-0.002024675753026121,-0.002151393128682521,-0.0022812809446351007,-0.002414585745325535,-0.0025515688676956993,-0.0026925034260880955,-0.0028376714578049163,-0.0029873612035748887,-0.0031418644985818775,-0.003301474251012408,-0.003466481986402811,-0.0036371754372632294,-0.0038138361587188325,-0.003996737152031904,-0.004186140479108755,-0.004382294852208508,-0.0045854331843617965,-0.004795770087195889,-0.005013499304309977,-0.005238791069720003,-0.0054717893826150285,-0.005712609191356483,-0.005961333481776905,-0.0062180102669563515,-0.006482649478289309,-0.006755219760309257,-0.007035645174943125,-0.007323801824096785,-0.007619514403248089,-0.00792255270247808,-0.008232628075618935,-0.008549389902317716,-0.008872422072308253,-0.009201239525380538,-0.009535284884905942,-0.009873925226615246,-0.010216449028063936,-0.010562063347124662,-0.010909891280327167,-0.011258969753166953,-0.011608247695018637,-0.011956584650278632,-0.012302749875204712,-0.012645421965923173,-0.012983189057638414,-0.013314549627571856,-0.013637913925030574,-0.013951606040723898,-0.014253866614521493,-0.014542856165875927,-0.014816659014696898,-0.015073287742309701,-0.015310688122898153,-0.01552674443542466,-0.015719285045124064,-0.015886088122298563,-0.01602488734502869,-0.01613337741162786,-0.01620921916892372,-0.016250044143834057,-0.01625345824886582,-0.016217044417133435,-0.01613836390982301,-0.016014956028646738,-0.015844335958180456,-0.01562399045788418,-0.015351371121434238,-0.015023884921545673,-0.014638881762121332,-0.014193638766269941,-0.013685341039116533,-0.013111058658714406,-0.01246771966797285,-0.01175207886642904,-0.010960682235095295,-0.010089826872787927,-0.00913551638174962,-0.008093411717654101,-0.006958777618816086,-0.0057264248558755735,-0.004390648700421571,-0.002945164200669003,-0.0013830390725092733,0.00030337474447745145,0.0021225095751933047,0.004083649049435626,0.006196992109618121,0.008473712524661094,0.010926012953864571,0.0135671737297772,0.016411598607584354,0.019474863206507216,0.02277377731740431,0.026326480367280324,0.0301526009201969,0.03427352702926616,0.03871285543122702,0.04349711489413955,0.04865689342270721,0.05422854209124744,0.06025668021083621,0.06679780784042982,0.07392532841747199,0.0817371419248919,0.0903616657509576,0.10000000000000003
-6.409398508058215e-6,-2.8556902198086407e-5,-6.27066034714026e-5,-0.00010719066851160865,-0.00016055776878575581,-0.00022154169475558662,-0.0002890463131427723,-0.00036212965830321103,-0.0004399894774096182,-0.0005219499193093008,-0.0006074493564803999,-0.0006960292619506619,-0.0007873240581258514,-0.000881051851967439,-0.0009770059746604907,-0.0010750472503746424,-0.0011750969259446777,-0.0012771302003501983,-0.0013811702989945302,-0.0014872830429897665,-0.0015955718678336856,-0.001706173249313238,-0.0018192524972721995,-0.0019349998802741472,-0.0020536270462843485,-0.0021753637063843885,-0.00230045455032206,-0.0024291563643573945,-0.002561735323516252,-0.0026984644318785787,-0.002839621086073016,-0.002985484738534728,-0.0031363346385159334,-0.0032924476300845358,-0.003454095987674257,-0.0036215452708756287,-0.0037950521814072574,-0.00397486240626262,-0.004161208432270864,-0.004354307318371847,-0.004554358413237631,-0.004761541007052071,-0.004976011907787954,-0.005197902933748991,-0.0054273183159857085,-0.0056643320059889075,-0.005908984886337431,-0.0061612818842360206,-0.006421188990662477,-0.006688630190618405,-0.0069634843133001955,-0.007245581814279534,-0.00753470150557287,-0.007830567253145813,-0.008132844665480471,-0.008441137800659743,-0.008754985923499603,-0.009073860347883548,-0.009397161403098457,-0.009724215565898704,-0.010054272802691128,-0.010386504167882346,-0.010719999705474999,-0.011053766700727692,-0.011386728327464781,-0.01171772273378562,-0.012045502604821087,-0.012368735235240664,-0.012686003136783686,-0.012995805196676641,-0.013296558391816144,-0.013586600050648576,-0.013864190640224006,-0.014127517039676657,-0.014374696243906188,-0.014603779422348888,-0.014812756238011694,-0.014999559311337424,-0.01516206869257482,-0.015298116185155025,-0.015405489341701606,-0.015481934933760842,-0.015525161676642835,-0.015532841971899879,-0.015502612412370342,-0.015432072778265821,-0.015318783237806747,-0.01516025945222074,-0.01495396527274745,-0.0146973027064374,-0.0143875988182687,-0.01402208922938948,-0.013597897865691969,-0.013112012607877482,-0.012561256494973246,-0.011942254139358448,-0.011251393025385619,-0.010484779388825019,-0.009638188415367475,-0.008707008558939668,-0.0076861798720698985,-0.006570126369274785,-0.005352682619918711,-0.004027014998099949,-0.002585538310973599,-0.001019828884882455,0.0006794643981607958,0.002522709180605844,0.004521376483155886,0.006688122714847511,0.009036864256483776,0.01158284264767409,0.014342679997922594,0.017334427369744655,0.020577614296122766,0.024093316244475006,0.027904269849744465,0.03203508434303996,0.03651262302377534,0.041366661959959375,0.046630975236998294,0.05234504830482773,0.05855668286055954,0.06532584991777497,0.07273014924872737,0.0808731689406727,0.08989130723741941,0.1
-2.4486970930828325e-6,-1.671203201703155e-5,-4.300540656621034e-5,-7.963282453910351e-5,-0.00012512080948279803,-0.00017818529768298387,-0.00023771541539467994,-0.0003027565832332659,-0.0003724952947384301,-0.0004462452216525242,-0.0005234346007962727,-0.0006035947907406809,-0.0006863498868572563,-0.000771407287147814,-0.0008585491110622199,-0.0009476243850148284,-0.001038541919312819,-0.001131263810821388,-0.0012257995134376523,-0.0013222004245567822,-0.0014205549403893984,-0.001520983936648886,-0.0016236366340416101,-0.0017286868104366907,-0.0018363293237513355,-0.0019467769115502596,-0.0020602572352563906,-0.002177010138648978,-0.002297285092112392,-0.002421338795751737,-0.002549432916176517,-0.0026818319332524523,-0.0028188010746706756,-0.002960604317509583,-0.003107502437360421,-0.0032597510867455014,-0.003417598885829513,-0.0035812855094476083,-0.00375103975568494,-0.0039270775822103235,-0.0041096000977996535,-0.004298791497504653,-0.004494816931286772,-0.004697820297126295,-0.0049079219512275715,-0.005125216329425999,-0.005349769475869794,-0.005581616476932521,-0.005820758800721741,-0.006067161544896792,-0.0063207505984011775,-0.006581409725531783,-0.0068489775841084725,-0.007123244692718132,-0.0074039503656698966,-0.007690779637723554,-0.007983360204394855,-0.008281259406988066,-0.00858398129497159,-0.008890963801165514,-0.00920157606792773,-0.009515115964379027,-0.009830807836117788,-0.010147800529147965,-0.010465165729251456,-0.01078189665613489,-0.011096907148705796,-0.011409031173215305,-0.011717022780068297,-0.012019556527354048,-0.012315228379938075,-0.012602557081877304,-0.01287998598735289,-0.013145885320962565,-0.013398554822489282,-0.013636226713975326,-0.013857068908522547,-0.014059188360606767,-0.014240634437285326,-0.014399402168453269,-0.014533435212680827,-0.014640628353108422,-0.014718829315748508,-0.014765839680250272,-0.014779414630989328,-0.014757261274053711,-0.014697035223456724,-0.014596335137406602,-0.01445269486274625,-0.01426357282239375,-0.014026338256809627,-0.013738253905971163,-0.013396454693384376,-0.012997921948573028,-0.012539452680399,-0.012017623391924083,-0.011428747911127435,-0.010768828704349273,-0.010033501146618148,-0.009217970252524861,-0.008316939433423836,-0.007324530954334898,-0.006234197933164692,-0.0050386279741385835,-0.0037296388766727977,-0.0022980673285833268,-0.0007336520906050603,0.0009750860956779037,0.0028409648242447108,0.004878256680141152,0.00710279766483842,0.009532082570329578,0.01218534311716953,0.015083606886211074,0.01824973985021359,0.021708483968943718,0.025486515497763033,0.029612571259223324,0.03411772104786699,0.03903590620013029,0.04440491813298728,0.05026805707755253,0.056676788472285786,0.06369482450714271,0.07140406701023314,0.07991387130502801,0.08936887625497161,0.10000000000000005
9.90731420202953e-7,-6.346892411366182e-6,-2.5632336648002594e-5,-5.515497391192543e-5,-9.343180914290704e-5,-0.00013917257902880457,-0.00019126225456133378,-0.0002487431483920341,-0.00031079896585946135,-0.00037674039700456597,-0.00044599215291015923,-0.0005180812889670885,-0.0005926266680277593,-0.0006693294303485288,-0.0007479643557122384,-0.0008283720211135628,-0.0009104516728081593,-0.000994154743798968,-0.0010794789570332743,-0.001166462961335796,-0.001255181452000403,-0.0013457407316143479,-0.0014382746695611212,-0.001532941021035369,-0.00162991806858914,-0.00172940155123498,-0.0018316018481560998,-0.0019367413859723674,-0.002045052240470181,-0.0021567739055056937,-0.0022721512036380604,-0.002391432314679744,-0.002514866900036476,-0.0026427043021172133,-0.0027751917995867763,-0.0029125729004250726,-0.003055085656064324,-0.003202960980889163,-0.0033564209625692636,-0.003515677149598694,-0.0036809288035624717,-0.0038523611045476014,-0.004030143299331128,-0.004214426782979219,-0.004405343105886558,-0.00460300189951448,-0.004807488715769349,-0.005018862776520793,-0.005237154631826118,-0.005462363727383567,-0.005694455884239764,-0.005933360696156845,-0.006178968852968539,-0.006431129401019066,-0.006689646955026896,-0.006954278878730608,-0.007224732455061385,-0.007500662069614709,-0.007781666434423424,-0.008067285881738885,-0.00835699976019935,-0.008650223967706462,-0.00894630865696913,-0.009244536150336885,-0.009544119100618316,-0.009844198933422135,-0.010143844604521111,-0.010442051702246274,-0.010737741920280233,-0.011029762919948137,-0.011316888593496088,-0.011597819730501278,-0.011871185078772311,-0.012135542778568745,-0.012389382135001261,-0.01263112567785461,-0.012859131441120464,-0.013071695376085914,-0.013267053792215032,-0.013443385699162421,-0.013598814901355546,-0.013731411673539487,-0.013839193821699314,-0.013920126908655836,-0.013972123397440755,-0.01399304043797467,-0.013980675993487724,-0.013932762972065074,-0.013846960995387644,-0.013720845400564407,-0.013551893031557955,-0.013337464333489663,-0.013074781215884698,-0.012760900099462397,-0.012392679505926693,-0.011966741492280322,-0.011479426172800592,-0.010926738516456234,-0.010304286561165044,-0.009607210157363199,-0.008830099354387942,-0.0079669015911028,-0.007010816969935151,-0.005954181110156566,-0.004788335427842701,-0.003503485217713229,-0.00208854665946688,-0.0005309848758058409,0.0011833535509495783,0.00307040866819087,0.005148069243774759,0.007436320692441517,0.0099573696872093,0.012735736690384332,0.015798310636047728,0.019174367412793575,0.022895568073115945,0.02699597684612102,0.031512176339555734,0.03648361074002229,0.04195335906306396,0.0479696297312904,0.05458837060249043,0.061877525058534125,0.06992348607013835,0.07884142288794246,0.08878439167106389,0.09999999999999996
3.902246047710842e-6,2.521314319545655e-6,-1.0612109233094766e-5,-3.378758299298436e-5,-6.55262925339554e-5,-0.00010454427295212589,-0.00014973355202199356,-0.00020014328229745902,-0.0002549631438868112,-0.0003135085332115162,-0.00037520736713672837,-0.000439588285524997,-0.000506270062575143,-0.0005749520663522674,-0.0006454056359595285,-0.0007174662715811071,-0.0007910265526851872,-0.0008660297143054817,-0.0009424638214609229,-0.0010203564886559495,-0.0010997700961036638,-0.0011807974576619313,-0.0012635578981138606,-0.0013481936996593104,-0.00143486687964912,-0.0015237562636500738,-0.0016150548200848163,-0.001708967224744708,-0.0018057076256270393,-0.001905497580517074,-0.0020085641417728114,-0.002115138064540618,-0.0022254521164633274,-0.00233973946844547,-0.002458232147632372,-0.002581159534987466,-0.002708746891217796,-0.0028412138957904587,-0.0029787731849729984,-0.003121628875669022,-0.0032699750629122154,-0.003423994279664767,-0.0035838559086682695,-0.0037497145369224496,-0.00392170824459688,-0.004099956821165316,-0.0042845599030127916,-0.004475595028016365,-0.004673115604377778,-0.004877148792583672,-0.005087693301521627,-0.0053047171017606585,-0.00552815506154099,-0.00575790651335732,-0.005993832761878046,-0.006235754546549822,-0.006483449475264082,-0.006736649448155487,-0.006995038093564421,-0.00725824824068881,-0.007525859456025897,-0.007797395672627626,-0.008072322942965124,-0.008350047347117645,-0.008629913088498298,-0.008911200808756676,-0.009193126152234126,-0.009474838607793511,-0.00975542065234321,-0.010033887215402791,-0.01030918547790723,-0.01058019501069949,-0.010845728249072971,-0.011104531288962383,-0.011355284978190496,-0.011596606262302798,-0.011827049729179561,-0.012045109279618528,-0.012249219832615966,-0.012437758953959682,-0.012609048275121696,-0.012761354546083549,-0.012892890140666942,-0.013001812805861062,-0.013086224417396243,-0.013144168471907932,-0.013173626011102633,-0.013172509634627513,-0.013138655215218122,-0.013069810881132144,-0.012963622775974014,-0.012817617043548198,-0.012629177414364645,-0.012395517689720865,-0.012113648328295165,-0.011780336238599037,-0.011392056769335334,-0.01094493677078414,-0.010434687478409225,-0.009856525852569749,-0.009205082908075975,-0.008474297503040283,-0.007657294055555421,-0.006746242757437886,-0.005732201108634305,-0.004604936071105997,-0.003352726920247554,-0.0019621500502892283,-0.0004178486648591695,0.0012977074689172153,0.003204464191213719,0.005325015735534401,0.007684813425511762,0.01031233286781822,0.013239181618585453,0.016500133116723936,0.02013308440055184,0.024178959523012297,0.028681623478578742,0.03368793884912764,0.03924819363678222,0.0454172546376152,0.05225694841575675,0.059840355041857425,0.06825874750028614,0.07763314591323991,0.08812506318760441,0.10000000000000002
6.2829984464079365e-6,9.886813165347445e-6,2.04909042478682e-6,-1.553620902896695e-5,-4.1409318565142184e-5,-7.430592884345003e-5,-0.00011313691749018152,-0.000156968583726179,-0.00020500554350314076,-0.00025657567979865404,-0.000311116875361607,-0.00036816523673014286,-0.00042734457239215816,-0.0004883569380638723,-0.0005509741064176365,-0.0006150298527395269,-0.000680412972176838,-0.0007470609602676231,-0.0008149542985527619,-0.0008841112933036742,-0.0009545834193435367,-0.0010264511236374692,-0.0010998200455483598,-0.0011748176126650711,-0.0012515899732394409,-0.0013302992283977765,-0.001411120929620027,-0.0014942418092222223,-0.0015798577139608668,-0.0016681717140383748,-0.0017593923620328317,-0.0018537320781985827,-0.0019514056405664825,-0.0020526287598781083,-0.0021576167210735266,-0.0022665830743294436,-0.0023797383600499783,-0.002497288853208497,-0.0026194353136257003,-0.0027463717295550436,-0.002878284043000673,-0.003015348845869903,-0.003157732037078638,-0.0033055874314049587,-0.003459055311969789,-0.0036182609190108066,-0.0037833128688699747,-0.003954301498110453,-0.004131297129197047,-0.004314348255456688,-0.004503479644875293,-0.00469869036391085,-0.004899951724678469,-0.005107205160822,-0.00532036003987,-0.005539291422092886,-0.005763837778562041,-0.005993798683453578,-0.006228932498331251,-0.006468954068387762,-0.006713532453051978,-0.00696228871521576,-0.007214793795154096,-0.007470566496284903,-0.007729071610726964,-0.007989718212486245,-0.008251858145472338,-0.008514784731773853,-0.008777731723106278,-0.00903987251450869,-0.009300319634548325,-0.009558124520007026,-0.009812277575556696,-0.010061708509882016,-0.010305286929311338,-0.010541823157955375,-0.01077006923980152,-0.010988720062911765,-0.011196414528932152,-0.011391736672292655,-0.011573216612774015,-0.01173933120224091,-0.011888504201159989,-0.012019105792601058,-0.012129451210414829,-0.012217798223510086,-0.012282343178972876,-0.012321215262134668,-0.012332468580546908,-0.012314071619657887,-0.01226389354924102,-0.012179686779286332,-0.012059065070075403,-0.011899476391091332,-0.011698169594980806,-0.011452153823666706,-0.011158149392258059,-0.010812528701824656,-0.010411245515608562,-0.009949750698895282,-0.00942289227956986,-0.008824797450331481,-0.00814873393135128,-0.007386947985237949,-0.006530476386603107,-0.005568929885068023,-0.004490246285854942,-0.0032804123673604983,-0.0019231556606911027,-0.00039960985991513247,0.0013120384636144714,0.0032369089587946254,0.005403773068752623,0.007845359557523565,0.010598586835068688,0.013704685441082495,0.01720917821574771,0.02116170455677735,0.025615718605195726,0.03062817120723702,0.03625941345981407,0.04257374165635433,0.04964122982407117,0.0575417685555992,0.0663723379033213,0.07625991759416884,0.08737431397410397,0.1
8.134670972368668e-6,1.5756847397963966e-5,1.2365905311992687e-5,-3.786873316943514e-7,-2.105234751031195e-5,-4.842462677296863e-5,-8.14375400580386e-5,-0.00011918507376809552,-0.00016089580418786694,-0.0002059178468160245,-0.00025370572917960625,-0.00030380880939640854,-0.0003558609562076196,-0.0004095712835317892,-0.00046471579284274777,-0.000521129818358408,-0.0005787011965210213,-0.000637364096834016,-0.0006970934597125024,-0.0007578999915289046,-0.0008198256695868583,-0.0008829397114637143,-0.0009473349648256217,-0.001013124675579834,-0.0010804395943642235,-0.0011494253836329986,-0.0012202402901581384,-0.0012930530502496766,-0.0013680409976381497,-0.00144538834635063,-0.0015252846233634665,-0.0016079232278975206,-0.0016935000963544178,-0.0017822124535877412,-0.0018742576329783753,-0.0019698319490988915,-0.0020691296081986536,-0.002172341642728517,-0.0022796548573122176,-0.002391250774310588,-0.002507304568142489,-0.002627983978114209,-0.0027534481904528257,-0.002883846680783833,-0.0030193180092612432,-0.0031599885611663524,-0.0033059712268807243,-0.0034573640159071897,-0.0036142486009105553,-0.003776688788754421,-0.003944728917085151,-0.004118392176303358,-0.0042976788586410915,-0.004482564537653201,-0.0046729981835873565,-0.004868900221948114,-0.005070160544928622,-0.005276636487386254,-0.005488150781455056,-0.005704489505868182,-0.005925400048322747,-0.006150589100931017,-0.0063797207106220276,-0.00661241440749498,-0.006848243435160784,-0.007086733107318905,-0.007327359314686298,-0.007569547205286414,-0.00781267005942152,-0.008056048377821748,-0.008298949197835555,-0.008540585647595331,-0.008780116742149074,-0.009016647418160365,-0.00924922879517657,-0.009476858641279236,-0.0096984820093193,-0.009912991996583747,-0.01011923056570003,-0.010315989347546422,-0.010502010327842485,-0.010675986297549801,-0.01083656092299746,-0.01098232826419204,-0.01111183153858353,-0.011223560891791991,-0.01131594989553693,-0.011387370444966677,-0.011436125671253175,-0.011460440418744836,-0.011458448756872228,-0.011428177902511634,-0.011367527815359262,-0.011274245593092693,-0.011145893630330457,-0.010979810310651112,-0.010773061769068152,-0.010522382988141918,-0.010224106169972358,-0.009874073955898751,-0.009467534646717497,-0.008999016115512296,-0.008462174620041516,-0.00784961424530463,-0.007152672297464251,-0.0063611657218103235,-0.005463093675457168,-0.004444291964711482,-0.0032880364609459284,-0.0019745952434622265,-0.0004807335905325827,0.0012208173809587085,0.0031619081257080106,0.005379501290255192,0.007916137674423606,0.010820274228450113,0.014146419735126444,0.017954996256395062,0.022311885345929382,0.027287699218785492,0.03295697472521972,0.039397745770909,0.04669230645698274,0.05493042601940219,0.06421653131320312,0.07468396032399006,0.08651038815366802,0.1
9.463763007760082e-6,2.015299939459925e-5,2.0375938815870906e-5,1.1737541364562363e-5,-4.390284029023563e-6,-2.6825940366623493e-5,-5.455521094599237e-5,-8.67103604570669e-5,-0.0001225528355567608,-0.00016145854230029753,-0.0002029051258998512,-0.00024646078472084613,-0.0002917742976333516,-0.00033856605277540953,-0.0003866199407241988,-0.00043577602089095587,-0.0004859238951771788,-0.0005369967351724868,-0.0005889659142470245,-0.0006418361975226298,-0.0006956414432448622,-0.0007504407695600012,-0.0008063151417762118,-0.0008633643367744821,-0.0009217042434777495,-0.0009814644607822748,-0.0010427861572255804,-0.001105820159450251,-0.0011707252394586394,-0.0012376665732771045,-0.0013068143463164747,-0.0013783424829491907,-0.0014524274800885141,-0.0015292473263298055,-0.001608980490059874,-0.001691804961281152,-0.0017778973333687574,-0.0018674319119530618,-0.001960579839298331,-0.0020575082232443284,-0.0021583792607532586,-0.0022633493466212686,-0.002372568158785102,-0.002486177712091835,-0.002604311373265135,-0.002727092830257321,-0.0028546350101287684,-0.0029870389401659117,-0.00312439254806312,-0.0032667693977572357,-0.0034142273588456395,-0.0035668072085231917,-0.0037245311665798616,-0.003887401365267761,-0.0040553982577075385,-0.004228478970015679,-0.00440657560439232,-0.004589593502089935,-0.004777409477330128,-0.004969870034953505,-0.005166789586652379,-0.005367948682195185,-0.005573092273815431,-0.005781928033084049,-0.005994124740767651,-0.006209310770618284,-0.006427072688319404,-0.006646953986228384,-0.0068684539735851735,-0.007091026839892132,-0.007314080906603221,-0.007536978078554832,-0.007759033502049575,-0.007979515430703351,-0.00819764529332041,-0.008412597949783964,-0.008623502111377765,-0.008829440890740198,-0.009029452433832004,-0.009222530571513744,-0.009407625411475209,-0.00958364377189722,-0.009749449336055123,-0.00990386238146062,-0.01004565890747655,-0.010173568950665426,-0.010286273836353058,-0.010382402066498495,-0.010460523486135544,-0.010519141301041849,-0.01055668143497767,-0.010571478612204529,-0.010561758425578825,-0.010525614496848135,-0.01046097964729367,-0.010365589765641402,-0.010236938777005386,-0.01007222277085538,-0.009868270925889102,-0.009621460362792414,-0.009327611450395358,-0.008981859377459472,-0.008578496978562262,-0.008110782877987237,-0.007570708022457551,-0.006948712681655501,-0.00623334513486388,-0.005410852755248114,-0.0044646964090682365,-0.003374980554166589,-0.0021177949468050624,-0.0006644705336541958,0.0010192367254628278,0.002974003213673853,0.005247781023541997,0.007896540848853687,0.010984792646646811,0.01458573204488288,0.01878085419007832,0.023658928238498012,0.029314386082422914,0.035845511802188,0.04335336404908992,0.05194314101994754,0.06173029737022601,0.07285573645766283,0.08550432749753946,0.1
1.0282592762818172e-5,2.3113463369847538e-5,2.614295361083716e-5,2.089917071561026e-5,8.682467529067311e-6,-9.390030111977209e-6,-3.236060063253805e-5,-5.941016899214516e-5,-8.984162098452833e-5,-0.00012306584424804309,-0.00015858973392893268,-0.00019600562002601004,-0.0002349817865473819,-0.0002752538920495709,-0.0003166171842658829,-0.00035891944433615774,-0.00040205461434211873,-0.00044595706688588726,-0.0004905964747433182,-0.0005359732362545489,-0.000582114410245117,-0.0006290701135093896,-0.000676910334523892,-0.0007257221186693752,-0.0007756070827678823,-0.0008266792196154306,-0.0008790629564645589,-0.0009328914345513815,-0.0009883049800175055,-0.0010454497394396035,-0.0011044764560459682,-0.0011655393650642015,-0.0012287951890156328,-0.0012944022155971548,-0.0013625194426813124,-0.0014333057763077025,-0.0015069192690187613,-0.0015835163868320934,-0.0016632512943062676,-0.0017462751477962564,-0.0018327353879342746,-0.0019227750228114208,-0.0020165318941507576,-0.0021141379190958097,-0.002215718301022632,-0.00232139070310704,-0.0024312643792137067,-0.002545439257074381,-0.0026640049696860135,-0.0027870398314089675,-0.00291460975639509,-0.00304676711772933,-0.0031835495470401757,-0.003324978675317349,-0.0034710588172732434,-0.0036217756027890377,-0.0037770945607762266,-0.003936959662156701,-0.00410129183056725,-0.004269987430837823,-0.004442916747176429,-0.004619922464363129,-0.004800818166942074,-0.004985386872502013,-0.005173379616403762,-0.005364514105908793,-0.005558473462258167,-0.005754905069068453,-0.005953419545049909,-0.006153589857798675,-0.00635495059378981,-0.0065569973970678675,-0.006759186585918486,-0.006960934952467313,-0.0071616197450065,-0.007360578826427766,-0.007557110994655158,-0.007750476441997242,-0.00793989731996218,-0.008124558363886926,-0.008303607517635378,-0.008476156482150839,-0.008641281092481717,-0.008798021405389458,-0.008945381353139508,-0.009082327787566446,-0.00920778870081848,-0.009320650363719091,-0.009419753067441439,-0.009503885086564483,-0.009571774398293011,-0.009622077589463674,-0.009653365254633308,-0.0096641030283224,-0.009652627193954686,-0.009617113560616451,-0.00955553798335968,-0.009465626507207203,-0.009344792619638189,-0.009190058477585205,-0.008997956205476085,-0.008764404409890939,-0.00848455389198736,-0.0081525951316537,-0.007761518449050096,-0.0073028158266957525,-0.006766111255927774,-0.006138704303814507,-0.005405009684494613,-0.004545874518045209,-0.0035377556127106128,-0.002351743013540593,-0.0009524254661649401,0.0007033885428281965,0.002668050025465134,0.005004457980944814,0.007787300638357883,0.01110391244604098,0.015054430743004478,0.01975089946400519,0.025315054071138796,0.031874861817387565,0.039560642151523794,0.04850288721612681,0.058835301180203754,0.07070952692672725,0.08431696623277671,0.09999999999999999
1.0609953162219691e-5,2.469528323785396e-5,2.976016304568358e-5,2.723083202681619e-5,1.8315889614711666e-5,4.0520556627605695e-6,-1.4671878268697928e-5,-3.7095317136475395e-5,-6.257053883349892e-5,-9.055004150482962e-5,-0.00012057562732829747,-0.00015226865608375194,-0.00018532118220438733,-0.0002194878464211256,-0.00025457846971910306,-0.0002904513253176317,-0.0003270070678049092,-0.0003641832920369423,-0.0004019496859302628,-0.0004403037342783726,-0.0004792669264977516,-0.0005188814195383158,-0.000559207107767326,-0.0006003190535993554,-0.0006423052356979499,-0.0006852645749862625,-0.0007293052024630427,-0.0007745429363602036,-0.0008210999397440098,-0.0008691035327458179,-0.000918685136637528,-0.0009699793294216241,-0.0010231229950389779,-0.0010782545501392766,-0.0011355132342528583,-0.0011950384505192374,-0.0012569691455835935,-0.0013214432181673356,-0.0013885969469424413,-0.0014585644289205528,-0.0015314770204618274,-0.0016074627733719358,-0.0016866458593161819,-0.0017691459760228602,-0.001855077729455436,-0.001944549986346559,-0.0020376651922201067,-0.002134518650289275,-0.002235197757447938,-0.002339781193946031,-0.0024483380643254586,-0.0025609269877270935,-0.0026775951368562152,-0.002798377225620322,-0.002923294446830173,-0.0030523533622770736,-0.003185544749052112,-0.0033228424070630264,-0.0034642019343747114,-0.0036095594781858234,-0.003758830470948414,-0.003911908362310733,-0.0040686633591498714,-0.004228941186969948,-0.004392561887252601,-0.004559318666011899,-0.00472897680963492,-0.004901272684206301,-0.005075912834629987,-0.005252573199203367,-0.005430898454451363,-0.005610501503333416,-0.005790963117873314,-0.005971831744238376,-0.006152623474719809,-0.006332822186393168,-0.006511879840773532,-0.006689216932041479,-0.006864223063558495,-0.007036257622960846,-0.007204650515104136,-0.007368702899020561,-0.007527687859604507,-0.007680850926294495,-0.007827410328990208,-0.007966556854841145,-0.008097453137247478,-0.00821923216885442,-0.008330994781501858,-0.008431805775415928,-0.008520688304007368,-0.008596616025095117,-0.00865850240851481,-0.008705186436536314,-0.00873541373776857,-0.008747811944926805,-0.008740858746051365,-0.00871284068692784,-0.008661800253197264,-0.008585468080215231,-0.008481176264462884,-0.008345747628805383,-0.00817535435975336,-0.007965337610271041,-0.00770997735876339,-0.007402198943014786,-0.007033199171136016,-0.006591970723754885,-0.006064698792390867,-0.005433998870258007,-0.004677960074116647,-0.003768955817115964,-0.0026721857514348905,-0.0013439241187766556,0.0002705231338355684,0.0022390972557251986,0.004645356210212999,0.007590651510195908,0.011195643189598772,0.015600478504054322,0.020962827909181907,0.0274531140969466,0.03524706327079065,0.04451756604259769,0.055430876117791114,0.06815705837005084,0.08289434851552469,0.10000000000000002
1.0472620550851289e-5,2.4977841862314098e-5,3.135488637100809e-5,3.090015692479382e-5,2.4709292321181824e-5,1.3722926360442712e-5,-1.2506464827600685e-6,-1.9518115626076122e-5,-4.048818145984853e-5,-6.36608281818551e-5,-8.861782750676488e-5,-0.00011501399049014369,-0.00014256900795541594,-0.0001710598638556085,-0.00020031385076136273,-0.00023020221377776116,-0.000260634429281758,-0.0002915531031646937,-0.000322929456069888,-0.0003547593518133736,-0.0003870598193345446,-0.00041986601669340807,-0.0004532285867524273,-0.000487211356912526,-0.0005218893391177138,-0.0005573469904189229,-0.0005936766986909546,-0.0006309774620208596,-0.0006693537341260007,-0.0007089144114125302,-0.0007497719404067862,-0.000792041526784593,-0.0008358404296560724,-0.0008812873265711034,-0.0009285017365663836,-0.0009776034898259544,-0.0010287122339331,-0.0010819469675110926,-0.0011374255931227671,-0.001195264481805893,-0.0012555780424579968,-0.0013184782895797006,-0.0013840744035805452,-0.001452472278018241,-0.0015237740487788294,-0.0015980776003221256,-0.00167547604476821,-0.0017560571697338167,-0.0018399028515585973,-0.0019270884307741973,-0.002017682047522312,-0.002111743934973524,-0.002209325669807821,-0.0023104693793257174,-0.002415206905937514,-0.002523558930456145,-0.002635534056959914,-0.0027511278628195384,-0.0028703219189478383,-0.002993082786265103,-0.0031193609958886604,-0.0032490900215203706,-0.0033821852539790407,-0.003518542988707206,-0.0036580394383901277,-0.003800529783494877,-0.003945847274523135,-0.00409380240008153,-0.004244182135360504,-0.0043967492853900295,-0.004551241937245298,-0.004707373034420976,-0.004864830085517479,-0.005023275017477394,-0.005182344181418714,-0.005341648516002913,-0.005500773869673611,-0.0056592814784509286,-0.005816708590545334,-0.005972569222352921,-0.006126355022521397,-0.006277536211200589,-0.006425562550204187,-0.006569864285962095,-0.006709852990411243,-0.006844922204428524,-0.006974447763140699,-0.007097787650992732,-0.007214281195086613,-0.007323247355598346,-0.0074239818089382225,-0.007515752438582326,-0.007597792744715986,-0.007669292549742518,-0.007729385202724638,-0.00777713025918595,-0.0078114903164174685,-0.007831300295884176,-0.007835226953306403,-0.007821715723199806,-0.0077889211143732815,-0.0077346156946513514,-0.0076560711424387825,-0.007549902775748085,-0.007411866235869697,-0.0072365914006834245,-0.00701723388574199,-0.006745018379770106,-0.006408640276406757,-0.005993482414658036,-0.005480592307116389,-0.004845352727906357,-0.004055766940895661,-0.0030702735316057586,-0.001835013163928059,-0.0002805053018164541,0.0016822196790720592,0.0041658158172221075,0.007310633743482546,0.011287601190779728,0.016298480499470084,0.022571575570450836,0.03035120856350312,0.03988121674564926,0.05138809055530634,0.06507824893507222,0.08116052010597903,0.10000000000000002
9.906721752844297e-6,2.4066713649810385e-5,3.109363379582543e-5,3.2123053340233574e-5,2.8116175973159397e-5,1.9903085195563456e-5,8.201681542629483e-6,-6.369267421760331e-6,-2.3280693543345303e-5,-4.2085034403128744e-5,-6.240841190865234e-5,-8.394296608891846e-5,-0.0001064394221526918,-0.00012970004232082293,-0.00015357209220115555,-0.00017794190029406273,-0.00020272953933540976,-0.00022788412014341082,-0.00025337966385241816,-0.0002792115044939141,-0.00030539316794865357,-0.00033195367244001145,-0.00035893519813142376,-0.0003863910773280352,-0.0004143840616068003,-0.00044298482701220356,-0.0004722706832634392,-0.0005023244571654454,-0.0005332335244369682,-0.0005650889674896387,-0.0005979848398250016,-0.0006320175201582356,-0.0006672851417399425,-0.0007038870840620356,-0.0007419235158985428,-0.0007814949797826351,-0.0008227020093347073,-0.0008656447715888886,-0.00091042272745584,-0.0009571343038843861,-0.001005876572060098,-0.0010567449261907004,-0.001109832758070374,-0.001165231122700117,-0.0012230283908206904,-0.00128330988424193,-0.0013461574904337782,-0.0014116492528749363,-0.0014798589342945587,-0.0015508555500259363,-0.00162470286943372,-0.001701458883558113,-0.0017811752379927606,-0.0018638966303219607,-0.001949660172466543,-0.002038494718733264,-0.0021304201615305676,-0.002225446697295927,-0.002323574066462062,-0.002424790771979483,-0.0025290732822649893,-0.0026363852251930575,-0.002746676581096904,-0.002859882883478759,-0.0029759244373896974,-0.003094705566063722,-0.0032161138974552157,-0.0033400197027397102,-0.0034662752995832987,-0.003594714533063026,-0.0037251523474199823,-0.0038573844614308724,-0.003991187159898277,-0.004126317212745233,-0.004262511932163527,-0.004399489376458127,-0.004536948707239902,-0.0046745707037856256,-0.004812018435152563,-0.004948938086418405,-0.005084959930492279,-0.005219699430744303,-0.005352758452308247,-0.005483726550695511,-0.005612182295117076,-0.005737694569833261,-0.005859823779301247,-0.005978122860650209,-0.006092137978750016,-0.0062014087428289445,-0.006305467736712896,-0.006403839093768145,-0.006496035767874711,-0.006581555046893395,-0.00665987171654061,-0.006730428098705636,-0.006792619943140762,-0.0068457768233396235,-0.006889135246385798,-0.006921802091268817,-0.006942705183483134,-0.006950526716249719,-0.006943613730126544,-0.006919857809656,-0.00687653333511442,-0.0068100797452153574,-0.006715807920301624,-0.006587503443261337,-0.006416889427985317,-0.006192897939304812,-0.005900680763456282,-0.005520266517346357,-0.00502474153940314,-0.004377798256290481,-0.003530462571290095,-0.0024167956084062596,-0.0009483946416925914,0.0009923521623524743,0.003559983710818398,0.006953752940310106,0.011423514414372825,0.017270272292154623,0.024836464266801184,0.034481522624800476,0.04654381040943018,0.06130771964060931,0.07900583038069059,0.09999999999999999
8.960235919302833e-6,2.209926165957685e-5,2.9188864605238657e-5,3.1170238527226055e-5,2.8849952772715105e-5,2.2935797903434672e-5,1.4048069496042505e-5,2.725808063728745e-6,-1.0568519206814513e-5,-2.5443784190275064e-5,-4.1574112350582985e-5,-5.8692246925975225e-5,-7.658279411638226e-5,-9.507570381089956e-5,-0.00011404021521147904,-0.00013337938519138723,-0.0001530252367887703,-0.00017293451426303772,-0.00019308500265998178,-0.00021347235640741826,-0.00023410737755692455,-0.0002550136856793347,-0.0002762257257569764,-0.0002977870658253559,-0.00031974894197439656,-0.00034216901378287336,-0.00036511029844365605,-0.00038864025625030737,-0.00041283000416807907,-0.00043775363747215203,-0.0004634876424583726,-0.0004901103855265623,-0.0005177016661514849,-0.0005463423228130735,-0.0005761138825752864,-0.0006070982460182547,-0.000639377400414232,-0.0006730331546612763,-0.0007081468903758336,-0.000744799323884758,-0.0007830702745498303,-0.0008230384349978613,-0.0008647811394072362,-0.0009083741260139273,-0.0009538912905271782,-0.0010014044270895265,-0.0010509829539451909,-0.001102693620913798,-0.0011566001963405274,-0.001212763131161033,-0.0012712391983739956,-0.001332081106256226,-0.0013953370844144023,-0.0014610504419095246,-0.0015292590975720518,-0.0015999950828829955,-0.0016732840187951917,-0.001749144568248191,-0.0018275878672309193,-0.001908616937725282,-0.0019922260870463915,-0.002078400298632037,-0.002167114620556638,-0.00225833355859693,-0.002352010481871063,-0.0024480870495897614,-0.0025464926685474106,-0.002647143991397669,-0.002749944466662763,-0.002854783951667627,-0.002961538400226761,-0.0030700696368988947,-0.003180225229909424,-0.003291838474482872,-0.0034047284981708584,-0.003518700498959581,-0.0036335461262286014,-0.0037490440132557906,-0.0038649604685395958,-0.003981050331051617,-0.004097057992134921,-0.0042127185834758265,-0.004327759326731092,-0.004441901035337209,-0.004554859752855835,-0.0046663485041984675,-0.004776079125950199,-0.004883764128818172,-0.0049891185281470424,-0.005091861555940176,-0.005191718138166956,-0.005288419981658915,-0.005381706062177029,-0.005471322234379331,-0.005557019588820818,-0.005638551051481381,-0.005715665544760616,-0.005788098787276178,-0.005855559477600459,-0.0059177091480083184,-0.0059741333365829,-0.006024300835285512,-0.0060675065204331925,-0.00610279150453959,-0.006128831837353908,-0.006143783396597114,-0.006145065457882947,-0.006129058004529511,-0.006090677089794611,-0.006022776992175573,-0.005915305378760874,-0.00575410530598576,-0.005519211952302399,-0.005182428495111605,-0.004703881930323546,-0.004027159235192438,-0.003072526423195297,-0.0017276925422027452,0.00016427967172529838,0.002819760461909028,0.00653052498432642,0.01167673644213916,0.01872833044218865,0.028222063822035518,0.04069842201082135,0.05661470420956836,0.07626733741988292,0.10000000000000002
7.695759999080816e-6,1.9251184226581573e-5,2.5906319857042964e-5,2.8373665335361838e-5,2.7289144689628533e-5,2.323136761614617e-5,1.6719579963865822e-5,8.210342006131077e-6,-1.9033730536584563e-6,-1.3289891239856473e-5,-2.567424654766614e-5,-3.883237036355665e-5,-5.2584914529716804e-5,-6.679125261139082e-5,-8.134395412537595e-5,-9.616385795526835e-5,-0.00011119576997348689,-0.00012640475507206603,-0.0001417729680801427,-0.00015729695908802766,-0.00017298538895368551,-0.0001888570953892902,-0.00020493945660581602,-0.00022126700634092492,-0.00023788026076595727,-0.00025482472363414177,-0.0002721500413212366,-0.0002899092837603514,-0.00030815833115231277,-0.0003269553493732658,-0.0003463603397719867,-0.00036643475110561494,-0.000387241143334575,-0.00040884289434457266,-0.00043130394208023274,-0.00045468855541914825,-0.0004790611281498796,-0.0005044859909064987,-0.0005310272366885077,-0.0005587485558341188,-0.0005877130769231912,-0.0006179832101510176,-0.0006496204902263109,-0.0006826854157957384,-0.0007172372828668556,-0.00075333400958769,-0.0007910319502078421,-0.0008303856959169172,-0.000871447860755374,-0.0009142688506838303,-0.0009588966144614693,-0.001005376374921554,-0.0010537503398878594,-0.0011040573919833805,-0.0011563327573378484,-0.0012106076532958266,-0.0012669089160870538,-0.0013252586096039864,-0.0013856736173870445,-0.0014481652201881621,-0.0015127386625121673,-0.0015793927118737444,-0.001648119215582333,-0.001718902660247722,-0.0017917197402817007,-0.0018665389420577175,-0.0019433201514393098,-0.0020220142927429587,-0.00210256300816866,-0.0021848983870171664,-0.0022689427548512903,-0.0023546085329405318,-0.002441798178995624,-0.0025304042202381784,-0.002620309390312672,-0.002711386881412872,-0.002803500723204786,-0.0028965062997839586,-0.0029902510158142824,-0.003084575122366201,-0.0031793127124958255,-0.003274292895554994,-0.0033693411581631897,-0.0034642809180220994,-0.003558935274703609,-0.0036531289585101335,-0.003746690474640432,-0.0038394544344073443,-0.003931264057924331,-0.004021973822418452,-0.004111452216296326,-0.004199584539511514,-0.004286275663688535,-0.00437145262762437,-0.004455066891032809,-0.004537095995480064,-0.004617544277694986,-0.004696442134160342,-0.0047738431288982495,-0.004849817942019894,-0.004924443735842275,-0.004997786910290925,-0.0050698763435117295,-0.005140662937093226,-0.005209959410783062,-0.005277351517392071,-0.005342067709718606,-0.005402788065995039,-0.005457363841307737,-0.005502404591427418,-0.005532667634262613,-0.005540150319664537,-0.005512732424501513,-0.005432133796014673,-0.005270826634248297,-0.004987354380396477,-0.004519244196035958,-0.0037723635228102004,-0.0026052404244888572,-0.0008067957436833257,0.0019332674245726726,0.006059272646899535,0.012180575116451129,0.021076485939127792,0.03363039659726415,0.050671553963954535,0.07269420361227731,0.1
6.1949548047448985e-6,1.5745360587894642e-5,2.157361989088463e-5,2.4133272597713395e-5,2.388270890856444e-5,2.1271863370040306e-5,1.6719989129542684e-5,1.0600765272224803e-5,3.236033025483581e-6,-5.104138716427152e-6,-1.4197775822861356e-5,-2.3865709547642625e-5,-3.396589173155967e-5,-4.4387957992503997e-5,-5.504832775313468e-5,-6.588593218098407e-5,-7.685856058558285e-5,-8.793977050424302e-5,-9.911629095694626e-5,-0.00011038584723190327,-0.00012175534120782639,-0.00013323932921340307,-0.00014485874792524026,-0.00015663984658584781,-0.000168613290821327,-0.0001808134091465258,-0.00019327755828324336,-0.000206045587400809,-0.0002191593848757221,-0.00023266249380313073,-0.0002465997848955679,-0.00026101717710620486,-0.00027596139799307477,-0.00029147977690319253,-0.000307620065254809,-0.00032443027882356966,-0.0003419585578194372,-0.0003602530408682936,-0.0003793617496847343,-0.0003993324813394502,-0.00042021270556734294,-0.00044204946453244893,-0.0004648892729338485,-0.0004887780162089232,-0.0005137608450280642,-0.0005398820640890817,-0.0005671850136580091,-0.0005957119420944334,-0.0006255038680702409,-0.0006566004309834786,-0.0006890397285942824,-0.0007228581407339508,-0.000758090138529499,-0.0007947680784618423,-0.0008329219812442325,-0.0008725792954474809,-0.0009137646465500783,-0.0009564995720946251,-0.0010008022444700762,-0.001046687182904549,-0.001094164957159421,-0.001143241885543311,-0.0011939197308179887,-0.0012461953977442957,-0.0013000606369968884,-0.0013555017603843718,-0.0014124993732946732,-0.001471028130507087,-0.0015310565224773073,-0.0015925466994216797,-0.0016554543414520795,-0.0017197285832273555,-0.0017853120024579584,-0.0018521406818098583,-0.0019201443545727081,-0.001989246644672037,-0.00205936541238397,-0.0021304132173567973,-0.0022022979113054974,-0.0022749233730527912,-0.0023481903993650597,-0.0024219977654249686,-0.002496243469588188,-0.002570826177534491,-0.002645646881722324,-0.0027206107924836916,-0.002795629477688738,-0.0028706232679830044,-0.002945523944464949,-0.0030202777245823217,-0.0030948485599515425,-0.003169221755732845,-0.0032434079144970634,-0.003317447196511771,-0.00339141387123965,-0.003465421108334215,-0.003539625916204693,-0.0036142340754773262,-0.0036895048234670035,-0.0037657549088895882,-0.003843361430552202,-0.003922762564356554,-0.00400445481516875,-0.004088984718817956,-0.004176931830512726,-0.004268878155483466,-0.00436535656127596,-0.004466766597763458,-0.004573239616077761,-0.004684424580065793,-0.004799148905760562,-0.004914880621529176,-0.005026871510831175,-0.005126782522819696,-0.005200459815739976,-0.005224303410451247,-0.005159287398534591,-0.00494106056766326,-0.004463585896529966,-0.0035524750952922947,-0.0019229232509363784,0.0008825837253638362,0.005576289309758535,0.013204549889843348,0.025166638579087058,0.04301187809027388,0.06788545470317477,0.1
4.5639777357963525e-6,1.1861674685908379e-5,1.6587649174380605e-5,1.8921786533565516e-5,1.915410875723378e-5,1.7615745973241715e-5,1.4631159010520682e-5,1.0492347540950082e-5,5.449238851680519e-6,-2.9095958916893913e-7,-6.560234569337317e-6,-1.3224763097424555e-5,-2.0179758289882567e-5,-2.7344738775388468e-5,-3.4659415176690534e-5,-4.208021111633983e-5,-4.957736337068711e-5,-5.7132522312889785e-5,-6.473677255310448e-5,-7.238900127408548e-5,-8.009455218999907e-5,-8.786411333608285e-5,-9.571279624014606e-5,-0.00010365937179571629,-0.00011172563475442072,-0.00011993587392368664,-0.00012831642953840954,-0.00013689532257660128,-0.0001457019436800303,-0.0001547667914047374,-0.0001641212514680795,-0.00017379740992212834,-0.00018382789452905032,-0.00019424573934818536,-0.00020508426852031258,-0.00021637699561462978,-0.00022815753564476706,-0.00024045952700047751,-0.00025331656113201603,-0.00026676211779990495,-0.00028082950420291414,-0.00029555179615516444,-0.0003109617799358753,-0.00032709189321347855,-0.000343974163881763,-0.00036164014537010667,-0.000380120847439973,-0.0003994466611705707,-0.0004196472773186278,-0.0004407515969214282,-0.00046278763353673684,-0.0004857824062129935,-0.0005097618228586377,-0.0005347505534091725,-0.0005607718928283,-0.000587847613745892,-0.0006159978092409066,-0.0006452407260846245,-0.000675592589532294,-0.0007070674206025337,-0.0007396768476145779,-0.0007734299136490092,-0.0008083328824761176,-0.0008443890454334727,-0.0008815985326445494,-0.0009199581319474241,-0.000959461119832299,-0.001000097108700082,-0.0010418519156915134,-0.001084707458389305,-0.0011286416836373192,-0.0011736285358186728,-0.0012196379718891093,-0.001266636030622883,-0.0013145849645166295,-0.001363443443056834,-0.0014131668371155756,-0.0014637075946561911,-0.0015150157191259415,-0.0015670393625674523,-0.0016197255469058804,-0.001673021027880523,-0.0017268733178714992,-0.0017812318853912903,-0.0018360495513230484,-0.00189128410419936,-0.0019469001598605557,-0.002002871293953199,-0.0020591824797257796,-0.0021158328678087834,-0.002172838949779334,-0.002230238152733161,-0.002288092918246245,-0.0023464953253851174,-0.0024055723238682776,-0.002465491649105454,-0.0025264684948738277,-0.0025887730197180275,-0.002652738756987898,-0.002718771980502111,-0.002787362040082822,-0.0028590926098758635,-0.0029346536651286208,-0.0030148537825706897,-0.003100631983529688,-0.003193067702365867,-0.0032933863870761096,-0.003402956416237852,-0.0035232699103527544,-0.0036558946772739533,-0.0038023752570451523,-0.003964044711170166,-0.004141679663838237,-0.004334878261136568,-0.00454094325804452,-0.004752869284296146,-0.004955681796725325,-0.005119688145544156,-0.005187857304647516,-0.0050520142748634094,-0.004508220750585313,-0.0031757301857235055,-0.00035881407837929757,0.005161343258456601,0.015386875086604827,0.03304747829467022,0.06117768027045009,0.09999999999999999
2.9414732953383e-6,7.946695264706084e-6,1.1418584899659542e-5,1.3287269213612547e-5,1.3705960797217887e-5,1.290538375730582e-5,1.1122314001754809e-5,8.568644642167494e-6,5.42237184961748e-6,1.8280410318334099e-6,-2.0993850459665e-6,-6.269894765626514e-6,-1.0614066977700194e-5,-1.5079307765350439e-5,-1.962672479126587e-5,-2.4228576354088864e-5,-2.8866204791021605e-5,-3.35283657735178e-5,-3.820987654022929e-5,-4.291051966209381e-5,-4.763415123534081e-5,-5.2387972939423124e-5,-5.71819357594795e-5,-6.202824996827879e-5,-6.694098113574534e-5,-7.193571614469877e-5,-7.702928631794418e-5,-8.223953737997165e-5,-8.75851378699296e-5,-9.308541927690403e-5,-9.876024232349532e-5,-0.0001046298848938741,-0.00011071494780954821,-0.0001170362753637994,-0.00012361488795582093,-0.00013047192464089093,-0.0001376285936730304,-0.00014510612943328846,-0.00015292575429485064,-0.00016110864418192786,-0.00016967589667669372,-0.00017864850065929037,-0.00018804730652776657,-0.00019789299612439594,-0.00020820605154758036,-0.00021900672206780648,-0.0002303149884297953,-0.00024215052384126087,-0.00025453265102972543,-0.00026748029476155897,-0.00028101192933083723,-0.00029514552053614654,-0.000309898461824333,-0.000325287504295403,-0.00034132868047444584,-0.0003580372217852788,-0.00037542746992787684,-0.00039351278240403576,-0.0004123054327606353,-0.0004318165061806734,-0.0004520557914275137,-0.00047303167023075604,-0.0004947510056229673,-0.0005172190308395967,-0.0005404392408568734,-0.0005644132887639499,-0.0005891408896686026,-0.0006146197349753231,-0.0006408454204150457,-0.0006678113913725385,-0.0006955089096377197,-0.0007239270459162548,-0.0007530527030638689,-0.0007828706752853433,-0.0008133637492471311,-0.0008445128534287252,-0.0008762972628697146,-0.0009086948670129545,-0.0009416825093621118,-0.000975236408475203,-0.0010093326711306996,-0.0010439479097011715,-0.0010790599775332024,-0.0011146488379318493,-0.001150697584801039,-0.0011871936356711802,-0.0012241301213487042,-0.0012615075004123238,-0.0012993354318579877,-0.0013376349451459798,-0.0013764409543499244,-0.0014158051720041104,-0.0014557994892900794,-0.0014965199025618785,-0.0015380910827342638,-0.0015806717042248994,-0.0016244606750300409,-0.0016697044400016655,-0.0017167055668745519,-0.0017658328702979088,-0.0018175333845873714,-0.001872346562138645,-0.0019309211517257877,-0.0019940352971725963,-0.0020626204853615186,-0.0021377900465180126,-0.002220872932703105,-0.002313453396739751,-0.0024174168100470975,-0.0025350008865219795,-0.002668849403836243,-0.0028220608867867976,-0.0029982150856422674,-0.003201340119839918,-0.0034357415569478524,-0.0037055270340790383,-0.004013472160955259,-0.004358459188994168,-0.004729765045315583,-0.005094168212228227,-0.005366212818446939,-0.005338905871593627,-0.004526474328134968,-0.001831085298941012,0.005053247530679361,0.02039280695704937,0.051239135971834875,0.10000000000000002
1.5072795196512227e-6,4.413733766522463e-6,6.6041768256350624e-6,7.852907923718467e-6,8.228418336822741e-6,7.881291934860056e-6,6.966049758547422e-6,5.616140641373762e-6,3.939727842600262e-6,2.022047131806302e-6,-7.074782203996492e-8,-2.287895303929606e-6,-4.5909123260511764e-6,-6.951087929998638e-6,-9.34750055638747e-6,-1.1765458243741028e-5,-1.419527069116392e-5,-1.663127907432413e-5,-1.9071085739418638e-5,-2.151493922632298e-5,-2.396524064649709e-5,-2.6426145352328793e-5,-2.8903239990878964e-5,-3.14032794776249e-5,-3.3933971994555314e-5,-3.650380258845601e-5,-3.912188808078129e-5,-4.1797857368044216e-5,-4.454175253741968e-5,-4.736394695448034e-5,-5.027507739339963e-5,-5.328598762812092e-5,-5.6407681575259255e-5,-5.96512841894938e-5,-6.302800884840864e-5,-6.65491299164151e-5,-7.022595963771013e-5,-7.406982835271822e-5,-7.809206745638095e-5,-8.230399427523791e-5,-8.671689845496508e-5,-9.134202914493213e-5,-9.61905826819323e-5,-0.00010127369012242963,-0.00010660240439993633,-0.00011218768649603515,-0.00011804039045818366,-0.00012417124668415608,-0.00013059084336211783,-0.00013730960552333014,-0.00014433777166597328,-0.00015168536746082277,-0.00015936217658966688,-0.00016737770831021367,-0.0001757411619192721,-0.00018446138782865853,-0.00019354684558134524,-0.0002030055586829641,-0.00021284506677085078,-0.00022307237519969227,-0.00023369390280036866,-0.0002447154281358927,-0.00025614203528527855,-0.0002679780597677673,-0.00028022703594703563,-0.00029289164686031676,-0.00030597367815930396,-0.000319473977483004,-0.00033339242133954795,-0.0003477278912439785,-0.00036247826163358254,-0.0003776404018011188,-0.0003932101948877552,-0.0004091825767677942,-0.00042555159849930104,-0.0004423105159107929,-0.00045945191080855026,-0.00047696784833475787,-0.0004948500760451973,-0.0005130902705422446,-0.0005316803387413227,-0.0005506127814399143,-0.0005698811284313707,-0.0005894804554794295,-0.0006094079955664736,-0.0006296638586306028,-0.0006502518769307287,-0.0006711805960952088,-0.0006924644361454434,-0.0007141250514378148,-0.0007361929248116037,-0.0007587092386417654,-0.0007817280752923612,-0.0008053190113830567,-0.0008295701858476931,-0.0008545919412642853,-0.0008805211633845081,-0.0009075264764276808,-0.000935814494563731,-0.0009656373860592944,-0.0009973020809636271,-0.0010311815521906334,-0.0010677287329313651,-0.0011074938131149588,-0.0011511459024688916,-0.0011995003828187117,-0.0012535537333587105,-0.001314528248779011,-0.0013839299480466417,-0.001463624177132472,-0.0015559350419705033,-0.0016637769533673207,-0.0017908291980127363,-0.00194176715629503,-0.0021225650080970164,-0.002340879721489479,-0.002606501060790961,-0.002931768537459906,-0.003331604750528046,-0.0038220705100718384,-0.0044140198583161126,-0.005090319315797063,-0.0057270936586977335,-0.005823201142482922,-0.003702865589961743,0.00591283540146358,0.03462184304496062,0.10000000000000002
4.817785520072589e-7,1.713811486728597e-6,2.732862562888808e-6,3.3247510842304886e-6,3.524462738384447e-6,3.4134732306709468e-6,3.0675640221008564e-6,2.5474930940177906e-6,1.9000966427899767e-6,1.160997549506476e-6,3.571144079045452e-7,-4.913334338321128e-7,-1.3692910048362207e-6,-2.2657071724677696e-6,-3.1726573505434942e-6,-4.084676001735261e-6,-4.998245013647792e-6,-5.911397562369084e-6,-6.823409210993081e-6,-7.734554461202067e-6,-8.645914028109579e-6,-9.559220573757316e-6,-1.0476735166597979e-5,-1.1401147086536618e-5,-1.2335492980910046e-5,-1.3283090560150944e-5,-1.424748492361438e-5,-1.5232404092943376e-5,-1.6241723067224275e-5,-1.7279433737929225e-5,-1.83496207391708e-5,-1.9456440984773205e-5,-2.0604107466613517e-5,-2.179687528243114e-5,-2.3039030811775214e-5,-2.4334882110310358e-5,-2.568875168595243e-5,-2.7104969763150604e-5,-2.858786937913846e-5,-3.01417814122223e-5,-3.17710310236617e-5,-3.347993358627075e-5,-3.527279168429325e-5,-3.7153891221315864e-5,-3.9127498304250605e-5,-4.119785489914239e-5,-4.336917499621244e-5,-4.564563924532891e-5,-4.803138985758695e-5,-5.053052371341004e-5,-5.314708552458051e-5,-5.588505898683156e-5,-5.8748357819890024e-5,-6.174081465267751e-5,-6.48661696972236e-5,-6.812805721544799e-5,-7.15299917747721e-5,-7.507535236743499e-5,-7.876736644715729e-5,-8.260909205715477e-5,-8.660340016443399e-5,-9.075295550526101e-5,-9.506019811849354e-5,-9.952732403497257e-5,-0.00010415626736806348,-0.00010894868246108465,-0.0001139059284156852,-0.00011902905487634987,-0.0001243187914824764,-0.00012977554011752172,-0.00013539937247246907,-0.0001411900323497242,-0.00014714694535980285,-0.00015326923578883115,-0.00015955575347573024,-0.00016600511090449405,-0.00017261573362156865,-0.00017938592472228882,-0.0001863139469180545,-0.00019339812363666238,-0.00020063696327530172,-0.0002080293090238817,-0.00021557451930407495,-0.0002232726826070257,-0.0002311248731966949,-0.00023913345344431152,-0.00024730243146496377,-0.0002556378827782703,-0.0002641484481091385,-0.000272845920572276,-0.0002817459398140735,-0.000290868813445148,-0.000300240492135126,-0.000309893730124266,-0.00031986947202189544,-0.00033021851659162946,-0.00034100352294365294,-0.0003523014422836382,-0.0003642064835338477,-0.00037683375354561564,-0.00039032375788144953,-0.00040484800901863016,-0.00042061607422061285,-0.0004378845140004288,-0.0004569683311959895,-0.00047825579258057845,-0.0005022278373773258,-0.000529483806070548,-0.0005607760000120891,-0.0005970567628495206,-0.0006395435994383347,-0.0006898107172421501,-0.0007499199712171245,-0.0008226116878937753,-0.0009115882980656744,-0.0010219448868642072,-0.0011608377412756533,-0.0013385466431603086,-0.0015701917671799783,-0.001878513279017408,-0.0022983378955621983,-0.0028838114677975516,-0.0037181846159341113,-0.004895479776539834,-0.006234570086292394,-0.005199383299604793,0.008118548425113949,0.1
4.700647476913765e-8,2.486399988690786e-7,4.370382175239793e-7,5.429148534577061e-7,5.791354475756059e-7,5.640232622996054e-7,5.119141185545299e-7,4.3324384963309574e-7,3.3566528302898237e-7,2.2481765745520262e-7,1.0486068326460261e-7,-2.1142820611344787e-8,-1.5095079363373044e-7,-2.829434884205744e-7,-4.159780461961634e-7,-5.492817745937871e-7,-6.823711273970516e-7,-8.149910862480027e-7,-9.470674388242426e-7,-1.078670810288033e-6,-1.2099872032705437e-6,-1.3412959791369223e-6,-1.4729509337597103e-6,-1.6053665707820515e-6,-1.7390055185592532e-6,-1.8743699425106385e-6,-2.0119929096268814e-6,-2.1524330979468897e-6,-2.2962686826817646e-6,-2.4440942227957036e-6,-2.5965161868965303e-6,-2.7541513090413806e-6,-2.9176231934231196e-6,-3.0875616777749522e-6,-3.264600146781162e-6,-3.4493755908722526e-6,-3.642526378245567e-6,-3.844692789244801e-6,-4.056515069701486e-6,-4.278634276798031e-6,-4.51169048270686e-6,-4.756323802447762e-6,-5.0131726429592904e-6,-5.282874802359317e-6,-5.566065676978943e-6,-5.8633793333790235e-6,-6.1754465947281125e-6,-6.502895994806244e-6,-6.846351672681635e-6,-7.20643412542736e-6,-7.5837578504557346e-6,-7.978931822334028e-6,-8.392556835330306e-6,-8.825225646796024e-6,-9.277519990145426e-6,-9.750010351231338e-6,-1.0243252649706538e-5,-1.075778764481337e-5,-1.12941373221471e-5,-1.1852803966091042e-5,-1.2434266333739161e-5,-1.3038978487106149e-5,-1.3667365891110693e-5,-1.43198241599186e-5,-1.499671528703087e-5,-1.5698366533244485e-5,-1.6425067075246622e-5,-1.717706735380279e-5,-1.7954576515569575e-5,-1.875776264316638e-5,-1.95867514791707e-5,-2.0441628078819205e-5,-2.1322437436683647e-5,-2.222918825589216e-5,-2.3161856264280187e-5,-2.4120390984124735e-5,-2.5104722742787617e-5,-2.6114773581323484e-5,-2.715046925689745e-5,-2.8211755777726635e-5,-2.929861810744465e-5,-3.0411104307886192e-5,-3.154935324873689e-5,-3.2713629062320446e-5,-3.3904361036575845e-5,-3.51221921607525e-5,-3.636803570253259e-5,-3.7643143256897466e-5,-3.894918453768072e-5,-4.028834287983556e-5,-4.1663427957029546e-5,-4.307801070738566e-5,-4.453658379339824e-5,-4.6044754444626016e-5,-4.7609475874802465e-5,-4.92393274193994e-5,-5.094485434509477e-5,-5.273898339945627e-5,-5.4637533350679714e-5,-5.66598474730155e-5,-5.8829582417943194e-5,-6.11757011236106e-5,-6.373373339004083e-5,-6.654739281476956e-5,-6.967067275477305e-5,-7.31705955793436e-5,-7.713086425198987e-5,-8.165677968716503e-5,-8.688196133157646e-5,-9.297768175715744e-5,-0.00010016606150921275,-0.0001087390874663865,-0.00011908662927301348,-0.00013173869833356055,-0.00014743068436353296,-0.0001672064147699322,-0.00019258699764837883,-0.00022586752481233534,-0.00027067855990896847,-0.00033302122759618986,-0.00042284203692053915,-0.0005563512207604149,-0.0007644686219118114,-0.0011376567035580514,-0.0018967850760864989,-0.0033045817078527807,-0.00033701256304171664,0.1
