0.0018438497079091725,0.0005529120110994238,0.00030843960456633095,0.00019614663825441553,0.0001382647029855388,9.852778926619289e-5,7.43068549641834e-5,5.9137235624688644e-5,4.453222138864588e-5,3.533004391453743e-5,2.1315538131929058e-5,1.989059199394776e-5,8.991884388475358e-6,7.737052049831461e-6,3.501942595539398e-6,2.5653449590642643e-6,-3.490911654334217e-6,-7.472210775737387e-6,-1.0198339667198652e-5,-1.2109063653691376e-5,-1.5599690190178285e-5,-1.6741057505166835e-5,-1.7208011334340667e-5,-2.1041830135195438e-5,-2.014012195833248e-5,-2.3394936101857457e-5,-2.4231646472594104e-5,-2.5116889139898824e-5,-2.600112059126898e-5,-2.453944520716194e-5,-2.8337703446142217e-5,-2.8309120690341506e-5,-3.0537621761458626e-5,-2.968522546950818e-5,-3.2566326148175896e-5,-3.085018633199424e-5,-3.035415939668086e-5,-2.9585063182493057e-5,-3.1487392977428266e-5,-3.10790990617864e-5,-3.126041344396914e-5,-3.158891739867292e-5,-3.171702005405859e-5,-2.4233928110451363e-5,-3.041284872884933e-5,-3.09877098137603e-5,-3.035523513099865e-5,-2.975305305218783e-5,-2.8791771571365433e-5,-2.867936603589225e-5,-2.7616700390606333e-5,-2.696234988516859e-5,-2.5663131831231503e-5,-2.513795070497118e-5,-2.4035977149999844e-5,-2.3145248956900044e-5,-2.0365508562717772e-5,-1.8552256406298918e-5,-1.552168282939498e-5,-1.547793504387325e-5,-1.3394347056265998e-5,-1.0845677277661882e-5,-7.842256027798289e-6,-4.328040106775122e-6,-1.708064650954333e-6,2.1775341077841184e-6,6.588625190211684e-6,9.925645915577674e-6,1.705125803561669e-5,2.5969866777537276e-5,1.9862496104277417e-5,4.533410497662143e-5,5.6645720967228156e-5,7.685444382712732e-5,0.00010006881124833078,0.00013957046973337288,0.00019959058262092625,0.00031125000856050225,0.000601712169280558,0.0017997502093341582
0.0011789736945288277,0.0006360048572713186,0.00033031624897839794,0.00018833531637226997,0.00012162764737212775,8.889082787088844e-5,7.615095831604286e-5,5.264891718834013e-5,4.0721847005086835e-5,3.073939381985751e-5,2.273384169098063e-5,1.394242380538644e-5,7.831304637873272e-6,6.635546652853108e-6,2.9347892676505175e-6,1.771649075861248e-6,-2.8237261968097507e-6,-6.430755897891927e-6,-8.836612913546027e-6,-1.115853154672425e-5,-1.2075749124728986e-5,-1.484950797173673e-5,-1.6280496411577893e-5,-1.745087378074054e-5,-1.7763331681157758e-5,-2.0222925875846556e-5,-2.1396482436887477e-5,-2.23253021490052e-5,-2.3402298974647374e-5,-2.3758676106857504e-5,-2.4811446537128424e-5,-2.537421639121158e-5,-2.5665089109999984e-5,-2.642015713168926e-5,-2.452878100932664e-5,-2.7171911729585985e-5,-2.7447974419182966e-5,-2.6750000773499452e-5,-2.773046554207819e-5,-2.7858812390711997e-5,-2.7875381756755836e-5,-2.7927472014233115e-5,-2.6960094062759276e-5,-2.51110119242009e-5,-2.748744055536636e-5,-2.711143693709183e-5,-2.6880988153318807e-5,-2.5856996372296926e-5,-2.592128217335772e-5,-2.5383657446983845e-5,-2.4522173027869966e-5,-2.3985027895609415e-5,-2.295445929529496e-5,-2.2196222389199052e-5,-2.1155016362403935e-5,-1.951869065518268e-5,-1.8509712386139454e-5,-1.646210457689632e-5,-1.5092464460862676e-5,-1.3957517638870787e-5,-1.0403872000007875e-5,-9.831857736553541e-6,-7.302596977532528e-6,-4.566255111572326e-6,-1.4847537750810603e-6,2.053185173821515e-6,5.8493474647952406e-6,9.10273189042532e-6,1.5240383177825258e-5,1.987574757849979e-5,2.392994814883338e-5,4.016960276748534e-5,5.1838270057802754e-5,6.465730587824694e-5,9.29233581727999e-5,0.00012365527847491904,0.00018560362291737624,0.00033315535446722653,0.0007061410939345733,0.0011136439295156937
0.0006710273763225657,0.0006133586850543513,0.0003642002736841676,0.0002032101553418675,0.00012288353097893005,9.11159624261404e-5,6.608152780455308e-5,4.7475021053426115e-5,3.707102197871888e-5,2.8346309862010432e-5,2.11893604844827e-5,1.5223032498831036e-5,9.825268801980403e-6,6.293928545092764e-6,2.632138851142818e-6,1.4538662213422927e-6,-3.4250402155589944e-6,-5.674168894200449e-6,-8.162570040973638e-6,-9.947718442668264e-6,-1.0832986281405e-5,-1.342514768941936e-5,-1.4419448725268103e-5,-1.5027329801557976e-5,-1.6407427535182208e-5,-1.7680509641537624e-5,-1.9114896415211825e-5,-1.979009996869663e-5,-2.0808826134322567e-5,-2.1347425360014695e-5,-2.215402851354359e-5,-2.2473574036393895e-5,-2.2750155513866224e-5,-2.342294577627806e-5,-2.197488476991568e-5,-2.421360536820475e-5,-2.4430528248491656e-5,-2.3253538114401263e-5,-2.4676098979411166e-5,-2.4752608443595836e-5,-2.476796842042902e-5,-2.4881722390835028e-5,-2.453955697826966e-5,-2.1895178907151602e-5,-2.445920017729524e-5,-2.4195238648901586e-5,-2.400323510818e-5,-2.264985567593336e-5,-2.3014577033972562e-5,-2.2533332759467973e-5,-2.201204985256764e-5,-2.1365070537719244e-5,-2.00975157890527e-5,-1.9923294244986445e-5,-1.8749926752338132e-5,-1.6812206615489777e-5,-1.6033677437944795e-5,-1.4042024562806244e-5,-1.3034495652394363e-5,-1.2519840361292013e-5,-1.0079618713569627e-5,-8.673456130191348e-6,-6.598555991199251e-6,-4.242399078149373e-6,-1.331926063366029e-6,1.7465845377303337e-6,5.214261392182729e-6,9.434259462740968e-6,1.4309407105384376e-5,1.3251025654143468e-5,2.7053933628521312e-5,3.729468166627499e-5,4.819116312321714e-5,6.556564250916484e-5,8.762271959928247e-5,0.00011017682484390777,0.000201036714369313,0.0003561375001011799,0.0005970250916043249,0.0005923659222784447
0.00036800184733360385,0.0005900828705154965,0.00042040111518490707,0.00022195708027656407,0.00013324518055157357,8.827538496346703e-5,4.733068986407192e-5,4.626337037314612e-5,3.659457916581783e-5,2.756130648946704e-5,1.7945871687934113e-5,1.354684989880306e-5,8.579102614650225e-6,5.593098145695907e-6,2.376565198243208e-6,7.153137764683848e-8,-2.5898844678432065e-6,-4.938570087475114e-6,-6.787228126868861e-6,-8.878823340039832e-6,-1.0207011102522824e-5,-1.2571770395674597e-5,-1.2677881396979452e-5,-1.3123668043598236e-5,-1.4678264007986609e-5,-1.55700325701856e-5,-1.704669477058688e-5,-1.745996401838672e-5,-1.833575595184055e-5,-1.8805303553034492e-5,-1.9784610939859892e-5,-1.990783343918904e-5,-2.0226700225665885e-5,-2.0566582399768575e-5,-2.045960391700974e-5,-2.1541507819939632e-5,-2.1731413390039657e-5,-2.1079655003035327e-5,-2.1951955946039836e-5,-2.1981243082111513e-5,-2.1997245030004323e-5,-2.207267385649796e-5,-2.2048048882372928e-5,-1.9339384444221743e-5,-2.171861781686292e-5,-2.1455790523315967e-5,-2.1425513153134692e-5,-2.046120368100085e-5,-2.034666930790834e-5,-1.9890956329586828e-5,-1.9485350811367796e-5,-1.8989136942129115e-5,-1.7590426788959614e-5,-1.7614852503089895e-5,-1.680674359908281e-5,-1.493240950693917e-5,-1.4100836840228448e-5,-1.2647089622571274e-5,-1.139105175331625e-5,-1.1225493836024636e-5,-9.293722999367016e-6,-7.63224770249854e-6,-5.69327719282593e-6,-3.6066189283893713e-6,-1.0464821014648297e-6,1.8111214406447475e-6,5.162460784174283e-6,7.052231677687471e-6,1.3521239086135584e-5,9.47881571840561e-6,2.445920812136353e-5,3.435779388319729e-5,3.915043450776061e-5,6.0737662105107094e-5,8.619761354146167e-5,0.00012637665281134175,0.00021566135147244446,0.00035022794370240923,0.00047416190272262713,0.0004510350439133956
0.0005938342886779607,0.0003935854350077472,0.0003679018079497489,0.00022443057839615494,0.00013912644262151845,8.995915434018562e-5,4.6101242461915276e-5,4.5274970955682386e-5,3.700893554465301e-5,2.330615987387894e-5,1.7062951165490528e-5,1.2938284478029094e-5,8.952796722892465e-6,5.471816671497587e-6,2.2240952366411104e-6,2.536615635621242e-7,-2.3435134295690444e-6,-4.354251821109046e-6,-6.018322462186032e-6,-7.5663547097449824e-6,-9.022650094180774e-6,-1.103903235470214e-5,-1.1051758865940198e-5,-1.1947440753897998e-5,-1.3238623833560004e-5,-1.393084450969493e-5,-1.5017275289433097e-5,-1.545850188081339e-5,-1.621338069174544e-5,-1.642505724239749e-5,-1.7634882094025364e-5,-1.7647992969795624e-5,-1.798993560800063e-5,-1.7776131614691294e-5,-1.8663561271744e-5,-1.91304672867613e-5,-1.9327902099459893e-5,-1.9209058338091236e-5,-1.952534850986615e-5,-1.949932130968508e-5,-1.9517010150167202e-5,-1.9518894484286043e-5,-1.9553982860236707e-5,-1.778921995849503e-5,-1.9306235785985982e-5,-1.8741291490048908e-5,-1.912876547313509e-5,-1.8370633954713268e-5,-1.797249111980045e-5,-1.7663558624329456e-5,-1.7030902208337496e-5,-1.6677104574067626e-5,-1.5626104472429526e-5,-1.554368882051528e-5,-1.4971160917041105e-5,-1.3715674604513884e-5,-1.2877807652908213e-5,-1.1897788237130814e-5,-1.0546529666524352e-5,-9.767251431152247e-6,-8.304644862124722e-6,-6.757135280162375e-6,-4.964288170631582e-6,-2.9882303410410983e-6,-9.34860063507359e-7,1.7706587957797116e-6,4.640226978568696e-6,7.773549246825874e-6,1.1904730054811275e-5,1.3962815592357547e-5,2.3501387202195858e-5,3.128921495642137e-5,3.7007343264721796e-5,6.026131510901272e-5,8.664660467551784e-5,0.00013450766299328762,0.0002157900388210837,0.0003366259387752042,0.0005198041778571449,0.00023444948389743302
0.0001749727358987496,0.0002694932406175747,0.000281350365866676,0.0002085583637653438,0.00013656335056264448,9.111152270468681e-5,5.1780608476635304e-5,4.524258332267506e-5,3.533123805190281e-5,2.2767497635713575e-5,1.719911422787135e-5,1.2321887309008496e-5,8.169511906322513e-6,5.331768840344919e-6,2.8918499516945806e-6,5.655929349837718e-7,-1.954153175482165e-6,-3.7557514812355922e-6,-5.574655944459517e-6,-6.6578575995644656e-6,-8.008029636182424e-6,-9.048799385438456e-6,-9.930937278866981e-6,-1.1027781486749832e-5,-1.1858223290815463e-5,-1.3044883502046868e-5,-1.328525700340788e-5,-1.3799323222550709e-5,-1.4407155585643516e-5,-1.4195400064065989e-5,-1.557075695812351e-5,-1.5653075921638717e-5,-1.6031845797107247e-5,-1.5102689760076826e-5,-1.672506943022074e-5,-1.6945349983566326e-5,-1.718047036430338e-5,-1.7300752724643843e-5,-1.7321621535671718e-5,-1.7267747810075862e-5,-1.7290895057876844e-5,-1.7266423155405698e-5,-1.722556781128786e-5,-1.6445394330466723e-5,-1.7220306524445018e-5,-1.6158608296161448e-5,-1.706626150628582e-5,-1.633326150662684e-5,-1.5865407634533992e-5,-1.5685768420903567e-5,-1.4969704110718219e-5,-1.4786286935548e-5,-1.4178977608680854e-5,-1.3631158612803807e-5,-1.3256762199447637e-5,-1.2307687716550276e-5,-1.1560792868671977e-5,-1.0729646552977036e-5,-9.607411602269068e-6,-8.577286815273655e-6,-7.331378159477576e-6,-5.87171047267806e-6,-4.279718283811351e-6,-2.5787325715726617e-6,-3.775803552421353e-7,8.058975288903536e-7,2.7633192395061237e-6,5.498805440531718e-6,1.2242507102730205e-5,1.6274413313419524e-5,2.254828682247565e-5,3.061479130336227e-5,4.13284295736033e-5,6.0682156607110654e-5,8.689963440646602e-5,0.00014010010969468245,0.0002108984872602684,0.00027921938383114844,0.00031072490216139866,0.00024075831711312074
9.693821384380906e-5,0.00016560544917353011,0.00023977914926717438,0.00019141842843901045,0.00013411651008363453,9.04747546198496e-5,5.530694108167696e-5,4.4788990062747415e-5,3.348601243045253e-5,2.219425321195312e-5,1.676636015757107e-5,1.1690371640955011e-5,7.735173530875672e-6,4.559809846019691e-6,3.019660299284688e-6,3.3409879659020984e-7,-1.6003819935341392e-6,-3.1414595069999107e-6,-4.662874010206198e-6,-5.944948964728791e-6,-7.149508396810256e-6,-8.196303398930471e-6,-8.929317652280223e-6,-9.74840524797771e-6,-1.0491391927325057e-5,-1.1414248997191834e-5,-1.1783663050128114e-5,-1.233172318063973e-5,-1.2841205994966832e-5,-1.2223698251111004e-5,-1.3598365870031094e-5,-1.3910361652505122e-5,-1.4322724453393599e-5,-1.269677029256664e-5,-1.4877215425605795e-5,-1.4961146202218134e-5,-1.5218460967657599e-5,-1.543993698333688e-5,-1.5295796336598844e-5,-1.533364633146164e-5,-1.5356872577423487e-5,-1.5300659097610347e-5,-1.528426481141112e-5,-1.4911818803581834e-5,-1.528757701186857e-5,-1.3784537257439545e-5,-1.5206060099691177e-5,-1.4509110553305483e-5,-1.4062259956616163e-5,-1.3941231546061929e-5,-1.327168770273718e-5,-1.3241669503354603e-5,-1.2704081366396824e-5,-1.2159485630370237e-5,-1.1850142541842057e-5,-1.0909935984553921e-5,-1.0263465017771646e-5,-1.0371262973149198e-5,-8.562783479664548e-6,-7.613304213271211e-6,-6.407053404408325e-6,-5.153701791528698e-6,-3.54608826531706e-6,-2.222955079567335e-6,-2.629228157788355e-6,1.917941135353063e-6,3.952852189576817e-6,7.482520075648047e-6,1.0740773590953933e-5,1.5755600380223944e-5,2.0713684105435016e-5,3.0113449272171503e-5,4.117177155618865e-5,6.040906452005266e-5,8.899687413857907e-5,0.00013438065185243796,0.00019139476631497754,0.00024171464401342974,0.00021890483115494678,0.0001019852170982186
5.139620929560982e-5,0.00013372984350393588,0.0001986075328184338,0.00017111399200649417,0.0001312243097415519,8.854267514330967e-5,5.5676808065125494e-5,4.3452895883381264e-5,3.099854145401404e-5,2.087020179448731e-5,1.5941290289746334e-5,1.1066898019418004e-5,8.126075384167253e-6,4.297410099069432e-6,2.6497509698576894e-6,5.832350640527118e-7,-1.186628552479796e-6,-2.7359999721828787e-6,-4.026896147469405e-6,-5.175628848136782e-6,-6.736210959130418e-6,-7.101931822771291e-6,-7.90291647523509e-6,-9.344013500843607e-6,-9.29151539161116e-6,-1.0142769042916289e-5,-1.0589171828502009e-5,-1.0955785647859562e-5,-1.1379391842028431e-5,-1.0640466259933535e-5,-1.2168838427972773e-5,-1.239079620058281e-5,-1.28478455060017e-5,-1.0709169851148093e-5,-1.3189600106259792e-5,-1.3252175976574432e-5,-1.3403414106022183e-5,-1.3661832672411223e-5,-1.3555945959438798e-5,-1.3589322534125714e-5,-1.3640615735682171e-5,-1.3479123842945662e-5,-1.3528146986188539e-5,-1.3416977934945884e-5,-1.3426561662023495e-5,-1.1703289505880821e-5,-1.3478823881130076e-5,-1.2874970610936277e-5,-1.2542612463415126e-5,-1.2365541082251898e-5,-1.1969902515106579e-5,-1.1693583256807028e-5,-1.1286302277498229e-5,-1.0977189959323653e-5,-1.0413160484337237e-5,-9.589964425558973e-6,-9.102527235506042e-6,-8.800323155618817e-6,-8.651597367617881e-6,-6.605035308841001e-6,-5.704439265112527e-6,-6.066361713275504e-6,-3.499401448102768e-6,-1.8563554914936886e-6,-2.5946303469580603e-7,1.7733746049704901e-6,4.358006616164722e-6,6.98446100629373e-6,1.0276149655256718e-5,1.5157982924015735e-5,2.026931187429615e-5,2.9257888784823873e-5,4.0396288558313614e-5,5.9465584581468404e-5,8.672286122345761e-5,0.000129185260445902,0.0001725933911053588,0.0001968260025065201,0.0001470724604374021,5.475694258651336e-5
2.7520679472812495e-5,0.00011084698849713868,0.0001625404380312069,0.00014619548981445175,0.00011735441631719131,8.444916028982459e-5,5.535325503012134e-5,4.158715236664157e-5,2.9475147841881967e-5,2.1166275716835715e-5,1.5001685164572077e-5,1.054833041596126e-5,9.08656418809819e-6,4.593354531232996e-6,2.5013622701885563e-6,7.441445081524112e-7,-5.508687730363615e-7,-2.1881011098783265e-6,-3.3678831764497266e-6,-4.484403175705532e-6,-7.287983817739763e-6,-6.2330395986935355e-6,-7.011267717582848e-6,-7.564552881253151e-6,-8.223847951554598e-6,-8.672397345458161e-6,-9.253260376491902e-6,-9.738577357391877e-6,-1.0059710112340081e-5,-9.531362121232068e-6,-1.070556176774975e-5,-1.0993591526741009e-5,-1.1478101151729104e-5,-9.212238060612677e-6,-1.1644890431949663e-5,-1.1747264915643985e-5,-1.1871686907982792e-5,-1.1974661906624696e-5,-1.198570976278366e-5,-1.2063015688553126e-5,-1.2077277691160483e-5,-1.200289344390959e-5,-1.2022990911038756e-5,-1.2025079440713094e-5,-1.188138992255663e-5,-9.976506856760104e-6,-1.167407142392516e-5,-1.1664806881432145e-5,-1.1211810889833518e-5,-1.1004025897605409e-5,-1.0707714074652731e-5,-1.0362219607405987e-5,-1.0013023325402437e-5,-9.426672102132172e-6,-9.166104672769416e-6,-8.534396780402042e-6,-8.000249722358167e-6,-7.3644150594134874e-6,-8.639570189013968e-6,-5.838039506680992e-6,-4.739152060266072e-6,-4.290236678458914e-6,-2.450675306282324e-6,-1.4308379148242124e-6,-1.0222079971984433e-6,1.986056820686755e-6,4.226568827581945e-6,7.045818671324122e-6,1.0586325994727154e-5,1.3997212659792458e-5,1.9720326947614186e-5,2.818013516928688e-5,4.0352104253289035e-5,5.7982390111005614e-5,8.197236661821894e-5,0.00011623618989201124,0.0001513137316590237,0.0001693003546055016,0.00013837484094238542,4.061006893274208e-5
1.4226764690837169e-5,7.411735448858242e-5,0.00012689968243162082,0.00012930974110173185,0.00010783419997995717,7.943790625956857e-5,5.6622540511878854e-5,3.955628472588484e-5,2.85009425568316e-5,2.0524836834721793e-5,1.4561990257085357e-5,9.411271496129725e-6,9.297747784032428e-6,4.992462517193031e-6,2.4657140220445406e-6,8.793592295434305e-7,-1.3159775034069955e-6,-2.2150868101351805e-6,-3.096429757991015e-6,-4.072025574225224e-6,-5.976408230737918e-6,-5.449368730938176e-6,-6.147525699484768e-6,-6.537824288923866e-6,-7.3445549399067006e-6,-7.696740361053467e-6,-8.19804718292796e-6,-8.574182483172898e-6,-8.88953512649987e-6,-8.871911472451177e-6,-9.682896747769077e-6,-9.764175870934866e-6,-1.0064290035307088e-5,-8.186812876246397e-6,-1.0284664415844159e-5,-1.0406726799071864e-5,-1.0516349719717667e-5,-1.0596029084183756e-5,-1.0664514064989217e-5,-1.0684941007462945e-5,-1.0732047279434821e-5,-1.061574585663252e-5,-1.0647767354553551e-5,-1.0587444126573131e-5,-1.0537649820754935e-5,-8.647729591692244e-6,-9.948410443432299e-6,-1.0006432976986435e-5,-9.87157749705474e-6,-9.742239626972693e-6,-9.473480599418915e-6,-9.168677049995423e-6,-8.853781913898073e-6,-8.391797717231831e-6,-8.341430655648941e-6,-7.868999480941775e-6,-7.495691868054122e-6,-6.719726909294643e-6,-6.02670854210905e-6,-5.232010628649697e-6,-4.40407727099007e-6,-5.113065964478658e-6,-2.226513567508737e-6,-1.1690136689909038e-6,-1.221737550015345e-6,1.944174583748848e-6,4.083061597827498e-6,6.593528207039157e-6,1.041262513694088e-5,1.3818288372288024e-5,1.9585158666603242e-5,2.7653551603584204e-5,3.909860206687921e-5,5.574094557623335e-5,7.764134977278567e-5,0.0001055378836610871,0.00012506467273478572,0.00012770917594774717,8.651037843547027e-5,1.7640811699423977e-5
8.215833338238166e-6,9.63870502650425e-5,0.00013196728565217293,0.00011112281279535643,9.505984386590804e-5,7.699537352994244e-5,5.3705963123611444e-5,3.931086930751864e-5,2.756471536499854e-5,1.9958740252226525e-5,1.4368154440498905e-5,9.167528861454533e-6,7.0456734791253255e-6,4.070010334397023e-6,2.3879573669292053e-6,8.830558868835769e-7,-5.347672234898294e-7,-1.571917707614301e-6,-2.7688458191470034e-6,-3.389600982895169e-6,-4.958393436951781e-6,-4.9394165689947035e-6,-5.419741948434931e-6,-5.484966105204426e-6,-6.449795479634446e-6,-6.86729177208586e-6,-7.243100113756884e-6,-7.5614149112358425e-6,-7.735805120190675e-6,-8.13602094197119e-6,-8.292613059698152e-6,-8.63604831205458e-6,-8.843808276868137e-6,-7.5536031319884515e-6,-9.108838027631328e-6,-9.19246697951287e-6,-9.233844459424823e-6,-9.341880850089957e-6,-9.437547437628946e-6,-9.454227132109749e-6,-9.470634184991577e-6,-9.488152064356737e-6,-9.442455110553217e-6,-9.506333140932123e-6,-9.315275297275761e-6,-7.842704536748024e-6,-8.72248003376339e-6,-8.92264253945092e-6,-8.505209334694785e-6,-8.637239010639265e-6,-8.375096230820111e-6,-8.216929317413891e-6,-7.833308876681867e-6,-7.497673064987909e-6,-7.636689039334178e-6,-6.714194165086973e-6,-6.2690837570732905e-6,-5.748969151940209e-6,-5.083290936404894e-6,-5.937583818051129e-6,-3.867334405203393e-6,-4.7618932463219915e-6,-2.1503433001148097e-6,-4.979422354995045e-7,2.2191665205277822e-7,2.557238752298985e-6,3.973529915799934e-6,6.515638090489518e-6,9.79006084293077e-6,1.3617783424132846e-5,1.832434446859608e-5,2.716008900264937e-5,3.828590081264447e-5,5.3408004248880816e-5,7.244901464671481e-5,9.071554087504095e-5,0.00011207374285784525,0.00010110935518746822,6.692357125405171e-5,8.95897501740608e-6
8.757571793893249e-7,0.00011653099269569412,6.16585165167972e-5,9.140696512400811e-5,8.146628212026044e-5,7.300568053174845e-5,5.1003366819651984e-5,3.640499748349264e-5,2.640650053646292e-5,1.9392085867638632e-5,1.3642249366518788e-5,9.912964971233285e-6,3.014853628451353e-6,4.295003727639202e-6,2.045233650140066e-6,8.932779482353271e-7,-4.983433397345416e-7,-1.318347062480174e-6,-1.966675063454171e-6,-2.97061653106131e-6,-3.4954085590252927e-6,-4.169737259946282e-6,-4.832237533593364e-6,-5.37000777227834e-6,-5.681403271759411e-6,-6.099196422536779e-6,-6.4117207440346104e-6,-6.788729621945322e-6,-6.914722770622573e-6,-7.096836576297394e-6,-7.428305696276095e-6,-7.542106372633251e-6,-7.788701847143864e-6,-7.18669506112567e-6,-8.043717864110123e-6,-8.101779771897122e-6,-8.179450738482085e-6,-8.285056534033642e-6,-8.291455620715062e-6,-8.409642275713336e-6,-8.259981121932104e-6,-8.282209259492602e-6,-8.337647250259584e-6,-8.211849206647227e-6,-8.246808806566186e-6,-7.649632481539704e-6,-7.985659133075518e-6,-7.775493397636369e-6,-8.01781914907933e-6,-7.625952017434757e-6,-7.472801681131136e-6,-7.3454653237505e-6,-7.017645027766095e-6,-6.662860217309264e-6,-6.340569193793189e-6,-5.9309713957919065e-6,-5.426628620676977e-6,-5.022295884486261e-6,-4.743848050758625e-6,-5.1457961662373715e-6,-2.4094577968520103e-6,-2.904220186198459e-6,-3.301561065763137e-6,-7.096954482560425e-7,7.631564983498152e-7,3.6177422943274752e-6,6.02004345850744e-6,4.598371578960459e-6,7.488279783149477e-6,1.0979053340572987e-5,1.8084682808562904e-5,2.566001431384013e-5,3.663876583823973e-5,4.9389913372163165e-5,6.648061269936565e-5,8.047420584353482e-5,8.661586600132073e-5,7.981960433214921e-5,4.1716114124613715e-5,4.074099927285491e-6
-3.14275102560877e-6,0.00011030812615322896,4.256007829711397e-5,6.068588264573425e-5,5.646263447055045e-5,6.545004854583436e-5,4.695651182212368e-5,3.4573333964186115e-5,2.5261364314711622e-5,1.831154258665404e-5,1.3109677743330784e-5,9.933044449928064e-6,4.2436885075165965e-6,4.489859740897573e-6,2.471669244156871e-6,7.451892814433592e-7,-1.946351323454554e-7,-9.144318995124356e-7,-1.676365621166065e-6,-4.041590949630469e-6,-3.2365085417250808e-6,-3.7550945139644077e-6,-4.258783027500468e-6,-4.569480906208967e-6,-5.098132843132619e-6,-5.3559087675079775e-6,-5.658085684525316e-6,-6.038451681368729e-6,-6.0239555458579625e-6,-6.301664153489983e-6,-6.5899339818001e-6,-6.738307445794312e-6,-6.824298083655911e-6,-6.8345270530707604e-6,-7.124689789768424e-6,-7.203070508868681e-6,-7.271720702761853e-6,-7.291130813615066e-6,-7.349715182798178e-6,-7.409393831117717e-6,-7.247488458318974e-6,-7.4871803518198005e-6,-7.40939434001332e-6,-7.185009381286256e-6,-7.313155900697755e-6,-7.188884587056077e-6,-7.128134098220296e-6,-6.5999097004166514e-6,-7.174148229407407e-6,-6.6524746947992376e-6,-6.6251802543137565e-6,-6.38203750311317e-6,-6.145341404486704e-6,-6.056923151264948e-6,-5.561050199057061e-6,-5.283030106109576e-6,-4.588226623080139e-6,-4.425243053880279e-6,-4.097584269430987e-6,-3.742060551822746e-6,-2.274508929852559e-6,-2.388339812447604e-6,-1.3612630465026143e-6,-2.0104622020515883e-7,-1.0404241617842925e-7,4.541970179869726e-6,4.2525896268733825e-6,5.334461629959298e-6,7.957721974864308e-6,9.955835328871033e-6,1.7566909722944258e-5,2.438528501856181e-5,3.490248025342271e-5,4.5362368832586465e-5,5.7748411233101706e-5,6.946235715486331e-5,7.486366215650029e-5,6.129707206288018e-5,2.7417683330344445e-5,-1.0005346666509763e-6
-2.1666053512960916e-7,0.00011767809664080047,4.993800006941509e-5,7.744454304483704e-5,5.2798860754557845e-5,6.39050709482274e-5,4.554820033034235e-5,3.292794353422708e-5,2.385440683370841e-5,1.7373251352473118e-5,1.256273449010945e-5,9.411140036930821e-6,5.8210749712040324e-6,4.110984800354811e-6,2.744017445771241e-6,9.910132008934314e-7,6.384668256871562e-7,-8.011502665957071e-7,-1.557023800493207e-6,-2.1912421882490874e-6,-2.46354391796213e-6,-3.173755450397675e-6,-3.6536822582597275e-6,-3.6819274013328188e-6,-4.42622349214501e-6,-4.74026054630129e-6,-5.1420605234678395e-6,-5.270545484528832e-6,-5.458531247622833e-6,-5.576446876758934e-6,-5.922207317690987e-6,-5.909979309833236e-6,-5.989125798860562e-6,-6.156478890074191e-6,-6.282039826363395e-6,-6.348147592601405e-6,-6.341219421802902e-6,-6.466557080800395e-6,-6.133688607957167e-6,-6.3852390087126845e-6,-6.529282775667844e-6,-6.685836059158512e-6,-6.545117367725206e-6,-6.4520142986015164e-6,-6.467268151981065e-6,-6.4409226764864715e-6,-6.0165030282978815e-6,-6.161813188011178e-6,-5.995640809047576e-6,-5.800376369388994e-6,-5.801208204085984e-6,-5.648847029371906e-6,-5.429604137767252e-6,-5.347683656096303e-6,-4.371655626058158e-6,-5.137264873021097e-6,-4.18844812806003e-6,-4.088440298450858e-6,-3.5774743586543202e-6,-3.181687356536034e-6,-2.59626833506158e-6,-1.796226980970417e-6,-6.455532037785483e-7,-3.221620591288943e-7,-1.1933263144355833e-6,3.2912898957558893e-6,-1.286367939483335e-7,7.1550466667697825e-6,8.218177401639038e-6,9.856302770609604e-6,1.6828104788167366e-5,2.3276296011961594e-5,3.5685133518907236e-5,4.1430585518985735e-5,5.919911393199125e-5,6.0894144003350006e-5,6.191818184182861e-5,5.130405184813289e-5,6.377433490775961e-5,-1.1038774581705325e-7
1.1299827153270493e-7,7.46459025886291e-5,3.863816449724664e-5,7.384112198002177e-5,6.649204627531362e-5,5.2755671437154166e-5,3.961866689129932e-5,3.0085346269577286e-5,2.245984304434452e-5,1.7169556682580334e-5,1.1966555159618109e-5,8.868987334706003e-6,6.234055872635814e-6,4.352668520048209e-6,1.8034641195148194e-6,1.0664151942766597e-6,4.518773603715776e-7,-4.91657364203113e-7,-9.948568076757702e-7,-1.8983802357647406e-6,-2.473768387815589e-6,-2.7678723689065323e-6,-3.338822069164649e-6,-3.575386810218173e-6,-4.017998912327525e-6,-5.092239827584533e-6,-4.410750505254035e-6,-4.661782248228485e-6,-4.824436604628246e-6,-5.095990939492024e-6,-4.744981719892194e-6,-5.2459536059368705e-6,-5.203890682878188e-6,-5.3091128261755995e-6,-5.53659120367096e-6,-5.60861637068435e-6,-5.705809501891601e-6,-5.719284646240308e-6,-5.623925728615431e-6,-5.7193988868710525e-6,-5.663570860566836e-6,-5.65376907370675e-6,-5.7247364328891665e-6,-5.694063030594654e-6,-5.682847991754758e-6,-5.620672326040555e-6,-5.461219431795528e-6,-5.484047788270641e-6,-5.311745229057241e-6,-5.237498036428412e-6,-5.177222962437001e-6,-5.304694851397507e-6,-4.771239858440024e-6,-5.2169300503227995e-6,-5.340202739837074e-6,-4.15419010396867e-6,-3.835713011680664e-6,-3.881576659697584e-6,-2.4293800541779877e-6,-2.6609310464284165e-6,-1.9164116350844254e-6,-1.5159413644362352e-6,-3.2543341982106623e-6,-1.0024560031315355e-7,4.014815798638827e-7,3.335103276062679e-6,9.999305815287851e-7,5.100391003173011e-6,8.193385143186928e-6,9.930646243068542e-6,1.6015372139981765e-5,2.0679780425281646e-5,2.971865699884597e-5,3.854500809649222e-5,4.895438677435817e-5,5.070261802495071e-5,5.2777941583758506e-5,3.7478097087224385e-5,7.63595325229539e-5,2.3028988958030185e-6
2.634977764973678e-7,5.726106774468243e-5,3.0005263408518523e-5,4.706159412142872e-5,4.793589846986448e-5,4.438382451759908e-5,3.566037990929141e-5,2.8257344547233166e-5,2.1267902003612195e-5,1.6370306731965267e-5,1.1331754592499667e-5,8.435094392264687e-6,5.613922971535401e-6,4.1453898218820175e-6,1.7470297276411363e-6,1.3810856644486336e-6,9.679603391385072e-7,-2.0513455697509063e-6,-2.730819738475354e-6,-1.5691124802270418e-6,-2.1327088785773276e-6,-2.5230018334197247e-6,-3.0368936932850588e-6,-3.2094230145784053e-6,-3.5444164494774277e-6,-4.506819635396864e-6,-3.887307887849012e-6,-4.232585027837954e-6,-4.236300892996626e-6,-4.382545756033429e-6,-4.364564473909816e-6,-4.668396953846133e-6,-4.528260363945658e-6,-4.810312064550538e-6,-4.854375789742127e-6,-4.9124854825758685e-6,-5.042715760883765e-6,-5.08144332074092e-6,-4.952006766722061e-6,-5.098164266504002e-6,-5.072445290504768e-6,-5.085968390796825e-6,-5.0412705705415675e-6,-4.551868570471008e-6,-4.986202977670984e-6,-4.980406384231684e-6,-4.955881922264205e-6,-4.775608307944046e-6,-4.698885127881092e-6,-5.291039888835825e-6,-4.514731842423425e-6,-4.56403099358641e-6,-4.0235101337013466e-6,-4.19670525275716e-6,-5.306840663254109e-6,-3.6414089438527423e-6,-3.4002597907875966e-6,-3.6364011352855056e-6,-4.136943935512427e-6,-2.6549225017146074e-6,-1.6600885550823397e-6,-1.4936489358391426e-6,-4.178135911662328e-6,-9.324193182495e-8,1.1222739795709868e-6,3.817092076410478e-6,3.5373999653065094e-6,4.335344652001339e-6,7.650836954462425e-6,9.975571339011924e-6,1.5235496085107703e-5,2.166857366473547e-5,2.6880874100705632e-5,3.529776574074442e-5,4.4007907151365e-5,4.7845654725314884e-5,6.58308479479363e-5,3.0628045695799736e-5,1.2943475025442909e-5,1.933958869643131e-5
-6.376885329154591e-8,5.716706518404346e-6,2.2660510422012338e-5,3.5994486890702596e-5,4.288174892977772e-5,3.8024744053214834e-5,3.456387837670745e-5,2.560634903288577e-5,2.0032293938696968e-5,1.4598208220881226e-5,1.0791351724872223e-5,7.89119641277285e-6,4.392156888719124e-6,3.209942226197482e-6,2.821657304028058e-6,8.079443638976169e-7,-1.2676093173908942e-6,-1.9831773279535004e-7,-6.365329403640097e-7,-2.8639212900219426e-6,-1.7999599999486415e-6,-1.8087884257153242e-6,-2.6251774696803845e-6,-2.7567526512473407e-6,-3.0114557172742808e-6,-3.7760240844806226e-6,-3.4463153834493276e-6,-3.6217900037936568e-6,-3.7057110440209096e-6,-3.8976974051769695e-6,-4.058243250188742e-6,-4.848947735039011e-6,-4.133095427106937e-6,-4.610861702249658e-6,-4.4336468301421356e-6,-3.919875632492987e-6,-4.044817740005469e-6,-4.443018433231849e-6,-4.428303337893791e-6,-3.613009054804706e-6,-4.366673056361248e-6,-3.870006865860309e-6,-4.377489062586304e-6,-4.367796224886922e-6,-4.42240712738562e-6,-4.424765777188911e-6,-4.406511666334745e-6,-4.205266508767503e-6,-4.2466846434057735e-6,-4.122410461601889e-6,-4.030289549508526e-6,-3.572972397584129e-6,-3.7965586970319935e-6,-3.64446234439787e-6,-4.070366276000303e-6,-3.295679940823393e-6,-2.8526909815918546e-6,-3.4664472307520123e-6,-3.1512019307430084e-6,-2.0357269102674437e-6,-1.597538719852043e-6,-1.2255766693663129e-6,-4.2238681982979425e-6,2.719029149908403e-7,9.497126886347962e-7,2.334429158302709e-6,3.4627927329062393e-6,5.2190820781096824e-6,7.369920195925661e-6,1.0099928063542253e-5,1.4146449662423534e-5,2.115567921624535e-5,2.4930119482247105e-5,3.3581715951501016e-5,3.91596056100882e-5,4.2311449298027726e-5,4.799549371836714e-5,1.1563530586300576e-5,1.0559396566335044e-5,4.854700275682556e-6
9.755879580004345e-7,3.053434469798244e-6,1.397578246858049e-5,2.746508306329505e-5,3.4646359237139195e-5,3.387525518687771e-5,3.43454048197374e-5,2.5590714362590373e-5,1.8678457852382313e-5,1.396535373116601e-5,1.0096394725219061e-5,7.406917484773912e-6,5.0332844873468565e-6,2.9174920484215107e-6,2.277568272900621e-6,1.3736063378864129e-6,-1.3303776348243979e-6,-3.4267471837117206e-7,-5.698753469356554e-7,-1.2811561878050215e-6,-2.1755663536084824e-6,-1.954540768827351e-6,-2.3436676585915973e-6,-2.535489825568926e-6,-2.6087897331207643e-6,-2.8786046955884495e-6,-3.2931102198423546e-6,-3.197881189871177e-6,-2.974440944444612e-6,-3.8779951073013245e-6,-3.5536395107801602e-6,-4.6211285962095226e-6,-3.809736072881398e-6,-4.203562926117288e-6,-3.8007490438909944e-6,-3.7896186498287856e-6,-3.877338040400891e-6,-3.734964989409151e-6,-3.957192519949526e-6,-3.604055206034285e-6,-3.769564977465567e-6,-2.780478034164291e-6,-3.916403360877252e-6,-3.928215649017375e-6,-3.687413122555261e-6,-4.075630452532175e-6,-3.890027428842357e-6,-3.827792194208746e-6,-3.7931805954812384e-6,-3.2022762746865998e-6,-3.2985022857941916e-6,-3.0932177278261366e-6,-3.2026975299024874e-6,-3.2750135359669754e-6,-2.886193477529997e-6,-2.8906060149072044e-6,-2.34241825935283e-6,-2.435519376854489e-6,-2.0001713268531285e-6,-7.630551716200085e-7,-1.4909173504822572e-6,-1.2237524704091563e-6,-3.6623634574401765e-6,3.894357638484225e-7,1.399542272665766e-6,2.012202101637861e-6,2.6111828427788365e-6,5.025728756437364e-6,6.526817735721791e-6,9.781336716991818e-6,1.3184802097220128e-5,1.8605961386851624e-5,2.4128737454632245e-5,3.048595989000158e-5,3.532103145740517e-5,4.369909288762195e-5,4.1739573842211746e-5,3.973199756209836e-5,-3.49523767317107e-6,6.19029101504931e-7
-3.0851500096792276e-6,6.57732099560755e-6,1.3734921988906602e-5,1.8182144040164717e-5,3.224189211958828e-5,3.0452934061841266e-5,2.6321029243988315e-5,2.1109934353982054e-5,1.6705918049929338e-5,1.2720178090850222e-5,9.474352894225468e-6,6.957298957504787e-6,4.966332689001707e-6,2.3193058106042886e-6,2.579981333527748e-6,8.22153652823987e-7,-2.1882566929919413e-7,-6.520378750312084e-8,-2.837983416700407e-6,-1.0366470231702786e-6,-1.8205033474975263e-6,-1.6943570352418558e-6,-2.083580939702212e-6,-2.174489477952957e-6,-2.2242798351614693e-6,-2.5778513743956566e-6,-2.6996420886412854e-6,-2.695755995731808e-6,-2.526418196982927e-6,-3.072134238494795e-6,-3.1116569027308306e-6,-3.2919839448714463e-6,-3.6873215356082015e-6,-3.31238760413366e-6,-3.3025241922737147e-6,-3.3033723544113606e-6,-3.2828295289745623e-6,-3.342234713719361e-6,-3.4617915659088005e-6,-3.4487445365476766e-6,-3.343951617881169e-6,-2.8955866729180713e-6,-3.431647965636975e-6,-3.438747848266599e-6,-3.037900131833271e-6,-3.51256958109164e-6,-3.417842780091818e-6,-3.2860784055073644e-6,-3.3181190915653635e-6,-2.879116506411983e-6,-3.1115998592330052e-6,-2.862220258191728e-6,-2.9182120239562684e-6,-4.765607011397888e-6,-1.0990417487522608e-6,-2.4908341218358055e-6,-2.3108599714086188e-6,-2.0860539497075672e-6,-1.8786778776774373e-6,-2.833140332534856e-6,-1.1580682306160828e-6,-9.536686285535723e-7,-8.041547680783801e-7,3.241965477842168e-7,1.072795136996363e-6,2.020222958334994e-6,2.3060935332415822e-6,4.6183347230680965e-6,6.115345668055006e-6,8.982477911928634e-6,1.1753851641969781e-5,1.5847035385494057e-5,1.9986906883523228e-5,2.809349247601847e-5,3.068667338816953e-5,3.223388389737601e-5,2.9197769996109257e-5,2.3080405850616927e-5,2.673951760514126e-6,2.0221544645679935e-7
1.3879582083176745e-6,-1.3364521779739825e-5,1.0463119726057401e-5,1.94455741549032e-5,2.6363934394005707e-5,2.7215268247561533e-5,2.2387759549446163e-5,1.9018512196509008e-5,1.5805299499968207e-5,1.1897261138646976e-5,8.85968471023344e-6,6.540152248122855e-6,4.7651937205837495e-6,2.6431518602810568e-6,2.3116717721112014e-6,1.4274959352766014e-6,5.656441487464692e-7,1.3507691877774343e-7,-2.8504528109857598e-6,-1.6569688967043028e-6,-1.1453678372802868e-6,-1.6061025648336781e-6,-6.511725461750162e-7,-1.8735464226311672e-6,-1.958396910336946e-6,-2.1761823154025528e-6,-1.455751743298095e-6,-2.324784291377502e-6,-2.408439203915269e-6,-2.6507088118723713e-6,-2.4580184955871555e-6,-2.8300994212337893e-6,-3.1694993197553646e-6,-3.052561197315984e-6,-2.903732371750356e-6,-2.9081348516511676e-6,-2.7930626868512e-6,-2.0641759850759446e-6,-3.036469380632068e-6,-3.0439002551625685e-6,-3.101435287719345e-6,-2.9359266289339717e-6,-3.055823770302879e-6,-3.018704350953827e-6,-2.8966139442087035e-6,-2.9379767070945695e-6,-2.912355777760123e-6,-3.0081669127123734e-6,-3.053631424610015e-6,-2.605280234583096e-6,-2.5228334760568627e-6,-3.313691214012993e-6,-2.5066588802711954e-6,-5.069590691512671e-6,3.254785565945273e-7,-2.1229454138958605e-6,-1.8686090378731701e-6,-1.8952749612249133e-6,-1.3952817138843666e-6,-2.5507827473550626e-6,-1.3360845938325206e-6,-7.208792438470058e-7,-4.340629854926337e-7,-1.2550747880311077e-7,9.870393561027814e-7,1.41602028860921e-6,3.5646187204636526e-6,4.432277730601486e-6,5.697016613836969e-6,8.397484352928109e-6,1.1464890865421152e-5,1.511207186526451e-5,1.9715997719693857e-5,2.8746230969000797e-5,2.663755280558493e-5,2.609982663291386e-5,2.856229352367201e-5,7.452758358592649e-6,5.536072981447227e-6,1.5290847634812367e-7
3.3021626494481374e-6,-1.1324120921025638e-6,5.84821446053756e-6,1.7183946602933965e-5,2.2142606711027435e-5,2.431443465786747e-5,2.076561982395675e-5,1.8441353973659427e-5,1.4295759265332197e-5,1.1095440042354276e-5,8.24112681049789e-6,6.117263873291768e-6,4.505591223765015e-6,3.0049460269685247e-6,2.0849376671923105e-6,1.2479539158296139e-6,6.333388651234007e-8,1.3427418007232462e-7,-8.315351126266136e-7,-2.0332326719102458e-7,-1.0353332982153797e-6,-1.3892095381009107e-6,-1.1176829621912576e-6,-2.4586506609318383e-6,-1.6398809468262888e-6,-1.920906541126699e-6,-2.0322399483485577e-6,-2.1097606003025906e-6,-2.053674748062007e-6,-2.293400130970125e-6,-2.334989129970422e-6,-2.8577600198684386e-6,-2.771261819232862e-6,-2.518780709517743e-6,-2.606032568781347e-6,-2.4856780441700255e-6,-2.3497353069602877e-6,-2.405693763701822e-6,-2.5775315544295908e-6,-2.668629540340284e-6,-2.6474962570480987e-6,-3.027019775376494e-6,-2.6112157181062524e-6,-2.6513677038811357e-6,-2.0128006254172883e-6,-2.5740889689210846e-6,-2.5376700042729516e-6,-2.5443128592874234e-6,-2.6051333439127023e-6,-2.386493157770364e-6,-2.294914970324347e-6,-1.4940417699820797e-6,-2.2391048877871913e-6,-3.95037720776481e-6,1.8470587357686252e-6,-1.971602415881257e-6,-1.7147999515270686e-6,-2.0310129714483204e-6,-1.2953869934722252e-6,-2.663364048034944e-6,-8.276404295972429e-7,8.909576895218319e-7,-2.1698154959561844e-7,4.6665190570915895e-7,5.247924925912528e-7,1.907197920273518e-6,1.9066857490977808e-6,4.250641113808551e-6,5.623632271971779e-6,7.90593371589723e-6,1.0587523358918061e-5,1.4530188979760461e-5,1.8150292512413113e-5,2.3265854016325284e-5,2.3279096080850106e-5,2.062894541501865e-5,1.826033486800185e-5,2.102409923123738e-5,4.3640774738640255e-6,2.5746574582843355e-7
4.0698640046428204e-7,-1.4527441115972596e-6,5.258173777169262e-6,1.3955807135707633e-5,3.2384248131857455e-5,2.234028796348371e-5,1.8910468098767996e-5,1.897857841009596e-5,1.5373676595354602e-5,1.0104518450210099e-5,7.652274764099665e-6,5.687335401316518e-6,4.137142335507305e-6,2.936780714721654e-6,2.055262197957819e-6,2.05643249517804e-6,2.530124550377044e-7,5.539165935924074e-7,-2.1993349314320956e-7,-8.421487035466413e-7,-7.944954066053445e-7,-1.0721431181256237e-6,-9.181887605098972e-7,-2.6412808591544045e-6,-1.6783283658425741e-6,-3.055109269005596e-6,-1.9438373793624565e-6,-1.7917594030074869e-6,-1.9711705428471227e-6,-3.051344731656003e-6,-1.8757860902262281e-6,-3.0012705355688452e-6,-2.234853964903272e-6,-6.716895853726368e-7,-2.4580564610775625e-6,-2.3513605816252836e-6,-1.1862698217604773e-6,-2.4532050524530336e-6,-2.418346056240761e-6,-2.3786376896612784e-6,-2.2739280352567227e-6,-2.351432645854823e-6,-2.278347177529283e-6,-2.2807196867959514e-6,-1.6688217327268441e-6,-2.192997541655173e-6,-2.33746087749529e-6,-2.231087290070544e-6,-2.3650331159027704e-6,-2.1478676891867333e-6,-2.1106158274505572e-6,-1.6148941669278384e-6,-2.1391798295041788e-6,-3.7821312637832172e-6,3.056239720723708e-6,-1.406479973819952e-6,-1.4375746589935902e-6,-1.9246353673287642e-6,-1.4539267776954134e-6,-1.312481271603372e-6,-2.6528838423161007e-7,-1.166818682581372e-6,-1.179043796094792e-7,5.251995641545104e-7,3.349281425554018e-7,1.827855149140456e-6,1.4826228287167398e-6,3.6905851875343347e-6,4.699178887029421e-6,7.167667095586273e-6,9.762058427787545e-6,1.26499302665809e-5,1.5759225200638237e-5,1.9280990040345558e-5,1.4974971352167477e-5,1.526892299926519e-5,2.2694888750097042e-5,4.4188289197522046e-6,1.5346240619513286e-6,3.166807531787885e-7
3.8014338698038057e-7,2.942545267058616e-7,1.6908597588841223e-6,1.4477750599342287e-5,1.094962633188945e-5,1.9102774046704243e-5,1.925749156369219e-5,1.4577893889203654e-5,1.3777997854660895e-5,9.05193687205812e-6,7.03559447383686e-6,5.271124729788213e-6,3.873016813537645e-6,2.997640014025982e-6,1.5148992393906103e-6,2.122799178783619e-6,1.1539440398014023e-7,2.527299676400974e-7,-1.5404060076684712e-7,-4.07777026176126e-7,-5.555817223487747e-7,-1.3003846306134715e-6,-1.142046632257876e-6,-2.8547395635691308e-6,-1.6015632608913145e-6,-2.187753162494377e-6,-1.8426991014348415e-6,-1.67648284370433e-6,-1.6454047954871931e-6,-2.6715029977879223e-6,-1.8578965859429531e-6,-2.8731378722517744e-6,-1.475411944893934e-6,-1.1079347486765423e-7,-1.8910417406419855e-6,-2.295340669544155e-6,-9.109966109239087e-7,-1.1633331749503873e-6,-1.9768492121231553e-6,-1.981085298212104e-6,-1.950889675194434e-6,-2.294334766950046e-6,-1.9322982159948543e-6,-2.0392429483153896e-6,-9.413800106299997e-7,-1.8844378543102281e-6,-2.0603775149046767e-6,-1.7221181228905703e-6,-1.893986195098474e-6,-2.150350277181401e-6,-1.8055133328313211e-6,-2.639297735386992e-6,-1.7683939202555622e-6,-5.507922832182277e-6,3.567490836987264e-6,5.246725614977743e-7,-1.5410524496654921e-6,-1.8334952973020014e-6,-1.0425773802474449e-6,-1.4775680347065669e-6,6.113195302533736e-7,2.985705424120466e-7,-1.289697190456618e-6,4.3033806929007047e-7,-5.617874289908454e-7,1.8568150958767182e-6,1.974754133043555e-6,3.8391880709923945e-6,4.31967714896715e-6,6.9836860321707e-6,8.933170722724282e-6,1.1705109376728507e-5,1.4453233531859678e-5,1.770447998643958e-5,1.2541260897958906e-5,5.351106011698859e-6,7.471783454846604e-6,1.0419898679869145e-5,-1.2550083832459925e-7,-8.145491168343178e-9
4.619342585572506e-7,8.923636985724848e-8,1.8659653900013229e-6,9.424771888718509e-6,2.296578897531965e-6,1.780093506587519e-5,1.1100869869361941e-5,1.3057647772068038e-5,1.0862584457273706e-5,8.514247586169877e-6,6.53686154205726e-6,4.9405705771362834e-6,3.5421763886162474e-6,3.100156502057816e-6,1.7567113509532108e-6,1.1720433545353349e-6,6.935060843299646e-7,2.0042542628901927e-7,-9.096271437956105e-8,-4.642322167565882e-7,-2.2459071328165825e-7,-7.86936273048311e-7,-9.464174209292243e-7,-1.7748466331744428e-6,-2.7061161383318155e-6,-1.459470805731733e-6,-1.5126244041244297e-6,-1.4386756129902924e-6,-1.821391633507341e-6,-1.226589855011784e-6,-1.657698946100139e-6,-2.8360658460879096e-6,-1.987544089430149e-6,-2.3615746774243384e-6,-1.8689617992487584e-6,-2.0209045691776287e-6,-1.8107469065442917e-6,1.0833016838538212e-6,-1.7758606379960185e-6,-1.801636982049304e-6,-1.3498801652322979e-6,-2.102099595182916e-6,-1.6878224556521883e-6,-2.0938795202342764e-6,-7.502033376930228e-7,-1.7015807503212078e-6,-4.757196538249686e-7,-1.2224761599479385e-6,-1.739442418379944e-6,-1.6787053653961827e-6,-1.441134281946288e-6,-3.918063103842607e-6,-1.7245166939860002e-6,-6.21354939747838e-6,1.13628399060004e-6,1.1110188773040264e-6,-1.2298500504276612e-6,-1.7217203314490172e-6,-8.864482635070559e-7,-7.169235526743534e-7,1.3017799754772241e-6,6.353165925619076e-7,-9.139507512051503e-7,2.603843173988274e-6,9.587527586718549e-7,1.6534502511277527e-6,2.3806811324968535e-6,3.2470132352362627e-6,3.769744856736268e-6,6.20773715657883e-6,8.227825113775977e-6,1.0430848548130522e-5,1.2844830686037501e-5,1.5220299516404823e-5,1.520823073616564e-5,1.3411806960250528e-5,9.656729699845746e-6,4.121812296926031e-6,4.212899262221015e-7,-2.6871034986420517e-6
1.3529434548356534e-6,-1.4508096133928762e-5,3.2919492937342642e-6,7.735393605512674e-6,1.6609256592558053e-5,1.3394177398996488e-5,1.2055885659248733e-5,1.1964447643129363e-5,8.980906071181183e-6,7.63359798607537e-6,6.08835262500902e-6,4.517063612426142e-6,3.315846051545579e-6,2.1139889966463877e-6,2.2109577441610685e-6,-3.7774741727439887e-7,6.583796309545199e-7,5.441194368505098e-7,1.227670971652106e-7,4.7411615682839694e-7,-2.5196923384726234e-6,-3.8366998000450847e-7,-9.300474695529859e-7,-1.1539020603056338e-6,-1.0481410612203867e-6,-1.1145493500384519e-6,-1.3718920847493377e-6,3.459021705560783e-8,-1.1881971157994942e-6,-1.5816066285568865e-7,-1.3051052060089498e-6,-1.4076960079491664e-6,-1.9843528704954096e-6,-1.5524854239840515e-6,-1.5586748969002918e-6,-1.4299610614653347e-6,-1.0693826765261762e-6,-1.3224374871209088e-6,-1.1727964899305166e-6,-1.713271005861583e-6,1.0847424852754363e-6,-1.5857663283829872e-6,-1.4340419089976853e-6,-2.0123349311023e-6,-1.5714232800511318e-6,-8.131766282681197e-7,-6.804919414457711e-7,-1.4083258213247964e-6,-1.7479239668150682e-6,-1.3282328608321792e-6,-1.4252145115915883e-6,-3.735330867613429e-6,-1.8020944032290932e-6,-2.000733841901692e-6,-7.267922702856922e-7,6.02079387600174e-7,-1.0818706156840774e-6,-3.078916008270638e-6,-9.69814597477725e-7,-2.4378139079398453e-7,2.5951498263268035e-7,-8.376150211987898e-7,4.353983881520085e-7,1.7048095182472968e-6,-1.4168434948384046e-6,1.5547669001454658e-6,2.082112989032803e-6,3.2371809939596655e-6,4.34052434462957e-6,4.489726332386735e-6,8.179180631342399e-6,9.48046984335933e-6,1.2114039368108531e-5,1.5948602083363506e-5,8.629766710992138e-6,1.2504933311636557e-5,8.435990922150527e-6,4.414773887423285e-6,3.429104116760673e-7,-5.654326404609778e-6
6.664585439732474e-7,-1.437759505659827e-5,1.0983755808457563e-6,-2.9721068393444127e-6,2.0378939797742947e-5,1.1415128271539032e-5,1.3504151461948389e-5,1.0655272496698532e-5,7.230005092972514e-6,7.222457993714882e-6,5.875605870718204e-6,3.857394943626181e-6,3.092306273043488e-6,2.1220972899277825e-6,1.5938645661745855e-6,2.980951631087026e-7,1.1189634615414335e-6,4.4174913826249275e-7,1.1887014856533541e-6,1.326629551748182e-6,-4.623364599248836e-7,-3.867024060584035e-7,-6.195680752662858e-7,-6.995930211346258e-7,-1.8967584815388073e-7,-9.947236842113183e-7,-1.2816264047390447e-6,-1.121096240296715e-6,-1.4865427838306578e-6,-1.1029655019576757e-6,-1.2063552560321768e-6,-5.899657781341716e-7,-1.5126676381457816e-6,-1.4816302829997463e-6,-2.0287273572727304e-6,-1.4056856268803043e-6,-1.5366972095619324e-6,-1.01299369487291e-6,-1.1659784498204262e-6,-1.4788710682529738e-6,-1.1010560745757347e-6,-1.2927355241659111e-6,-1.413798605556993e-6,-1.2701616811602757e-6,-1.240088993788646e-6,4.016222952895943e-7,-1.6777516502219815e-6,-1.4676811445234362e-6,-1.4566481749778483e-6,-1.5264243310749827e-6,-2.460568688187892e-6,-4.5246446922805e-6,-1.1529801843623066e-6,-1.101326971207417e-6,-8.580228012745162e-7,-7.429609579463593e-7,-8.817522712877502e-7,-1.657250561986723e-6,-7.93954385244422e-7,-2.1844555228929252e-7,-6.471721731748704e-7,-3.516677722954498e-8,1.0649084438898449e-7,9.424799779555349e-7,-1.0030271115779367e-6,1.2857761934159217e-6,1.480352171723709e-6,2.907096415653765e-6,3.770042680789243e-6,4.6263378950459846e-6,6.769711017937863e-6,9.47085061915769e-6,1.911384616390961e-5,1.4442596988472767e-5,1.169545215558503e-5,1.2462855328682744e-5,4.850225072465197e-6,2.68018562880068e-6,5.990370234732812e-7,2.080343748666591e-6
5.02461953453317e-6,-6.380068880553025e-6,3.0725053037209407e-6,1.9374441331544736e-5,1.1522557210296781e-5,1.0654261798458476e-5,1.4677994206787593e-5,9.49272003982049e-6,7.666217293110679e-6,6.778338227132053e-6,5.228753203149506e-6,3.4700397757045254e-6,2.9384617148142444e-6,2.1790971612690505e-6,1.493705154927838e-6,5.229374593760161e-7,1.2592204794797724e-6,3.584856444511342e-7,-1.1415355280293138e-6,2.800450137102395e-7,-4.16417186453244e-8,-4.948068289763242e-7,7.759011551039086e-7,-2.4256999347719523e-6,-8.035727745833832e-7,-7.717089787321108e-7,-7.98320117110296e-7,-1.1849141429247645e-6,-1.4678676168289552e-6,-1.0046855216901963e-6,-1.057201528063434e-6,-1.5014231548829195e-6,-1.4679922099927967e-6,-1.2757620621221878e-6,-1.0663579731959416e-6,-1.804046835849249e-6,-7.843817302850665e-7,-1.108054059641017e-6,-9.644371717426936e-7,-1.3295123472183536e-6,-1.3555917247941919e-6,-8.772992147403458e-7,-1.1077282837801629e-6,-8.370210397980916e-7,-1.280222104710216e-6,-1.0923780473534484e-6,-9.271948789341789e-7,-1.3845876286397552e-6,-1.2293008127065464e-6,-1.27782085251672e-6,-2.4472736254935735e-6,-2.9631778365648565e-6,-1.1769277859187578e-6,-6.924508801136043e-8,-9.018345579281162e-7,-1.0692442316550755e-6,-9.255415768361975e-7,-1.159282064157452e-6,-8.912324126402861e-7,-4.7276473544817236e-7,-2.689106917058815e-7,1.7033670838086935e-6,6.557563389082422e-8,-6.335000904967192e-7,1.7597646982148164e-6,1.7735837452953041e-6,7.416647972667168e-7,2.352654430695833e-6,3.4438142112046545e-6,5.00471488198837e-6,5.881064454598573e-6,8.290869537337997e-6,2.017927749297517e-5,1.0906049414465247e-5,8.65324343860543e-6,2.398909379976082e-5,4.919104059927682e-6,2.2786977516058296e-6,8.912908326423885e-8,2.2980531265754946e-7
-2.8536057758660306e-6,-2.140112488433765e-6,1.8596494691050403e-6,1.1255488773897927e-5,8.111803880802127e-6,6.924764681793816e-6,9.907946891823106e-6,8.297851005870438e-6,5.4044320234391435e-6,5.939478005633237e-6,4.674053268827417e-6,3.445319819695603e-6,2.619166042625265e-6,9.57413361353776e-7,1.5030601180232807e-6,8.01695117993928e-7,1.2838466295512551e-6,1.3601129113334888e-6,1.2069464323036127e-6,-3.8909837038063615e-7,-4.820942505845416e-8,-3.7036069637115255e-7,5.068095417175567e-8,1.7831084427317734e-7,-2.3508436073699902e-6,-2.549904931730573e-7,-9.6664813950621e-7,-1.3616402849668142e-6,-8.582646462704569e-7,-8.85716884372001e-7,-8.188486206835322e-7,-1.2612094879106306e-6,-1.2504221826557082e-6,-1.035457631754e-6,-1.1537926194667648e-6,-2.3628963837077134e-6,-1.0023114952476765e-6,-5.802492420533545e-7,-6.251287327807776e-7,-1.07667910552256e-6,-9.168518260069814e-7,-5.525274801648884e-7,-9.86630409782774e-7,-8.889498194469048e-7,-1.0072652135516336e-6,-4.789914019670328e-7,-1.2475945246613775e-6,-1.2389973248700836e-6,-6.441509785760968e-7,-2.245903394215343e-6,-1.951237381090243e-6,-2.116405075845873e-6,-9.690461036449216e-7,-1.778634742262275e-6,-1.0067115462750742e-6,-7.253613689709227e-7,-2.9600509817063194e-6,-1.390289409236878e-6,-1.0250362443309458e-6,1.0375551408672302e-7,4.929700928775205e-8,2.1459995246842834e-6,2.813359279076666e-7,1.3182705476586953e-6,2.02240177196682e-6,1.4963334511649108e-6,2.011071113226004e-6,2.106964337135353e-6,3.4864897446496904e-6,4.644320520485223e-6,4.881905181607316e-6,7.3862974675965815e-6,1.9491829496011738e-5,5.470152642274484e-6,8.697823599368348e-6,3.303341077989375e-5,-7.740371019455805e-6,1.969134029956443e-6,7.897434398880688e-6,6.266809325298439e-7
-3.2930121916741052e-9,-1.897583429973926e-7,1.8532584170720458e-6,9.571193202316498e-6,8.600897075148707e-6,3.5914690649675008e-6,4.3751358482833735e-6,5.878807800091135e-6,4.47589955294827e-6,5.451192282674655e-6,4.513779648609084e-6,3.1887602107811166e-6,2.4075320529806766e-6,1.8434038768081697e-6,1.3172871049167201e-6,7.553990625492446e-7,1.3874584695487302e-6,1.6448190190752056e-7,1.383763816163719e-6,-7.737072257647527e-8,2.7190426950811645e-7,-1.4557648747348663e-7,-4.052717680393947e-7,-6.453308679015724e-7,-2.2927480718406447e-6,-4.826564843929959e-7,-4.3661886050748724e-7,-1.9361374381947516e-6,9.849938855603259e-7,-1.996550551322307e-7,-3.611252705917445e-7,-8.410450141303927e-7,-2.7187144612140005e-6,7.391634324849239e-8,-8.835795302004513e-7,-3.1160127975448985e-6,-1.0571826134886609e-6,-7.531605367402495e-7,-1.114869561664411e-6,-8.852993407480359e-7,-9.058864945871714e-7,-8.310874189505713e-7,-1.0898146715070389e-6,-6.451781754030605e-7,-8.114631887261248e-7,-3.847141273438659e-9,-1.493559078831397e-6,-7.005893042452139e-7,-7.82588844479748e-7,9.371899991944322e-7,-6.816611764798752e-7,-2.495814970104493e-6,-1.8125693663676223e-6,-2.315045487795331e-6,-3.865649008321648e-7,-6.673036591062443e-7,-3.277143953580475e-6,-8.041824800715248e-7,-1.077196379899914e-6,-2.0499913772280334e-6,-1.3678216690283797e-7,2.233449217225214e-6,3.7873898057436687e-7,8.351767454806147e-7,2.0333492183751247e-6,-5.656905559758396e-7,2.0489774921105487e-6,2.485638261935175e-6,3.253556825421278e-6,5.297352776010845e-6,5.321308274949633e-6,6.086357133173582e-6,2.11156437981018e-5,4.80500338245955e-6,7.738002330840432e-6,3.8530900300297114e-5,6.161909252666132e-6,2.1806021998711513e-6,-5.0401933591859294e-8,3.9116016069468135e-6
-1.4612109094783722e-7,5.54426896708351e-6,1.5562970616441964e-6,3.835478270493864e-6,1.0099408224026175e-5,3.061130360065234e-6,7.126682093266101e-6,4.614288781564269e-6,5.56805638716027e-6,4.944018071200241e-6,3.930078122956404e-6,3.106275847874618e-6,2.219853260067417e-6,1.539619562927319e-6,1.2350074825106195e-6,1.1816731542752424e-6,9.691682360624566e-7,3.3407875437454496e-7,4.950601897097951e-8,-3.01153757356043e-7,4.749721540000973e-7,9.780685275373237e-7,3.8384505782285143e-7,-4.0110607905563533e-7,-1.336174596405848e-6,-3.8077493029182734e-7,-1.0689840792423745e-6,-2.7467751248511085e-7,-3.4504725534486584e-7,-8.196720725337281e-7,-2.1869546214345892e-7,-8.900252836078204e-8,-4.524566875209857e-7,6.549066943313475e-7,1.0570516874000014e-7,2.4329510450590954e-6,9.851219436108005e-7,-6.09297026190725e-7,5.156283610000978e-7,-6.082359232348678e-7,-9.406888655718149e-7,-7.450116312178956e-7,-8.553086743567917e-9,-7.594499470617744e-7,-8.850508678032388e-7,3.0300411262138563e-7,-9.360866693635784e-7,-7.160785600756725e-7,-1.27470890763427e-6,-2.492765729418034e-7,-7.432637590089497e-7,1.676848920705698e-6,-1.383842667361801e-6,-2.252906526618226e-6,-3.419384885257282e-7,-5.609915421486811e-7,-5.273483629708587e-7,-4.4531056361368785e-7,-1.4982821843178452e-6,-2.9148280401004256e-6,-2.59368553155338e-6,-3.141224017046307e-7,2.1746054249573987e-7,4.1695223252617987e-7,6.288752812257492e-7,7.435849020873686e-8,1.0138093284966399e-6,2.1191839170370488e-6,2.9711093320561767e-6,3.156081260150412e-6,3.0974928300145923e-6,5.589583498743256e-6,1.691842828150445e-5,1.1543811195385611e-5,6.9905867313410534e-6,2.0690478711911034e-5,2.1041655923093485e-6,2.39835589838171e-6,4.201011679705458e-6,1.6091066941403831e-6
4.150176877745215e-7,6.498008320244609e-7,9.521983675927715e-7,3.1680411896988448e-6,5.9940674042361814e-6,2.9959093048594677e-6,4.498326359825633e-6,5.42655466818911e-6,5.7998042377001235e-6,4.339255966209388e-6,3.7538742963411087e-6,3.008200244928272e-6,2.0052645312165443e-6,1.6798079800876443e-6,9.500231299883532e-7,8.551100901055486e-7,1.1301470073428854e-6,1.1946919733985652e-6,8.339032878945663e-8,7.444535568741362e-8,-1.3871066213473894e-6,-9.097636386904973e-7,1.6026119996384038e-6,-4.0455664468256326e-7,1.1561124621808361e-7,-6.127647134301917e-9,-2.852026526175333e-7,-1.9957158561726195e-6,-1.534168888393972e-7,-6.464039902635888e-7,5.238879016470799e-7,-7.922852727646368e-7,-5.169223341512819e-7,-8.892185050936031e-7,3.2399052393922823e-6,1.5407891158597754e-6,-7.759146746184942e-7,-5.480852995709107e-7,-9.863160838351815e-7,-8.694613721063061e-7,-8.997880097596057e-7,-1.1167080635519967e-6,2.58765100370979e-6,-5.450991426640739e-7,-7.754861224611887e-7,4.0997199805395074e-6,-3.877699604888041e-7,-5.475478627661623e-7,-9.790632022370072e-7,-6.505741881341676e-7,-2.5659440464363973e-7,-1.8940408351194706e-6,-1.6417363935299801e-6,-8.91993129286628e-7,-2.6899797737454104e-7,-4.708904639464162e-7,-7.578173912975439e-7,-3.2335707389398174e-7,-1.01836505903955e-6,-4.0836721547234946e-7,6.067397248421535e-8,5.546299229429952e-7,6.684444492265129e-7,-7.288878659852949e-7,-3.791137396588873e-7,-6.049913101562888e-7,1.45461789954513e-6,2.1194928072242105e-6,2.7139280596371054e-6,2.06315763644096e-6,2.3143473717919474e-6,4.269827818129723e-6,6.999469166715921e-6,1.1992561993625773e-5,6.241290713449055e-6,7.366426084168376e-6,1.3337589993968568e-5,3.964371296858094e-6,1.109163338792385e-6,-1.9209008120496087e-6
3.904046842473363e-7,-2.0530449343667546e-7,7.493342940211801e-6,2.6737952945796727e-6,4.6948051492126776e-6,-7.870683734325312e-7,2.925978885706493e-6,5.282623603746916e-6,6.2227002176558305e-6,4.107253737228134e-6,2.819751303474916e-6,1.8330025500089997e-6,2.1284684172673707e-6,1.4192378252873007e-6,1.1093332710352844e-6,1.1867579854390576e-6,1.0761009587233696e-6,7.773884967550382e-7,5.722689349692445e-7,-5.798820710297914e-7,-3.709413626185776e-6,1.1970433865819086e-6,4.364770645405525e-7,-2.141389150425499e-7,-1.808265949898913e-7,-4.0591828049905136e-7,-6.619123814408435e-7,-3.8124580829914656e-7,3.569963452785263e-7,1.1807287320958704e-6,-5.608988506833002e-7,-1.252556921738135e-6,1.6337881989335613e-6,5.136350745643626e-6,-4.165376741876559e-7,-7.579762251555656e-7,-9.97158648643004e-7,-1.058491069091927e-6,-4.6071452840898977e-7,-1.960450761750887e-6,-1.1578549714405418e-6,5.153782580286581e-6,4.695214679971338e-6,-7.304730478842725e-7,-2.2537518853831264e-7,2.1280047844897343e-6,1.9609079507698636e-6,4.3719841961114005e-7,-8.38784490488509e-7,-4.840234002163824e-7,-4.649518771933981e-7,-2.0813697808344746e-6,-1.7674347985353945e-6,-2.1911869707532006e-6,-8.083740366553682e-7,-2.349536953444831e-6,-1.4723996291539532e-6,-2.70953535386731e-7,-7.432950090453195e-7,-1.9345938894659078e-6,2.0926962940566176e-7,1.7268633476319461e-7,9.499189019965604e-7,3.899674433041733e-7,-1.7476198825447266e-6,5.429345380060902e-7,1.3277567842192362e-6,1.8061081003678316e-6,2.584595730020145e-6,1.4963386292902837e-6,1.624314043988595e-6,2.373691279240986e-6,5.47221993581255e-6,6.952392960932752e-6,5.928951743619537e-6,8.067050805610344e-6,1.1295205333295312e-5,4.225893466562258e-6,1.3531137911213477e-5,1.076530314846602e-6
3.305175503122593e-7,-5.214874649710244e-6,1.5109646409443567e-6,2.2085768685378594e-6,4.042884173609318e-6,1.862211554221105e-6,2.204046086893463e-6,-3.7686038932596145e-7,4.742319199776324e-6,2.7850525052904643e-6,2.7793475828183925e-6,1.5630720260308319e-6,1.910977935293867e-6,1.4535945155865981e-6,7.607817877509416e-7,2.1354645996058743e-6,1.7196566976443341e-6,2.0437064690953967e-6,8.536567343724321e-8,-5.157136444471134e-7,-2.70615714631679e-6,1.2322519023272305e-6,1.324126486900279e-6,-1.548091047610445e-7,-2.888611059515212e-7,-9.033759145690157e-8,-4.136860868894976e-7,-1.2283288872578347e-6,-2.0992423237022885e-7,-3.736023796537036e-7,1.7009064263351804e-6,-1.1239244659977278e-6,-6.622598590326212e-7,-1.0412069934835012e-6,-4.6937026958384647e-7,-3.8921864436328723e-7,-1.0350308976795898e-6,-5.989107140631057e-7,-2.975737222242303e-6,7.550008841454848e-7,-6.577433128366783e-7,5.284305800185751e-6,-3.5169149839486826e-7,-5.192131817042811e-7,-6.881361150541832e-7,-3.9946594002518987e-7,-5.209418181114645e-8,1.9394348186985823e-6,-4.064114683171916e-7,-2.1121027580188746e-6,-7.943285428052227e-7,-6.068769868919466e-7,-4.541195016225297e-7,-1.271916451334143e-6,-1.245233228497944e-6,-1.037017663259099e-6,-1.2844205483086069e-6,3.6625190742893835e-7,3.7228843177168347e-7,-1.3958042902425861e-6,-2.5419111138599295e-7,-8.11602384266641e-7,-1.1655279316555856e-6,5.928223200731608e-7,-2.2859639479824837e-6,-2.567254051972556e-7,2.1028511748655278e-7,1.498714133443646e-6,2.2657733711172637e-6,1.098196262632567e-6,2.2550967312790604e-6,1.0574852942420776e-6,5.306466109001318e-6,9.653385894069722e-6,5.656194948055626e-6,5.385743823563516e-6,3.213361937539028e-6,1.9165858595718176e-6,7.73051443081263e-7,2.0305884320384714e-6
4.300380306427543e-6,3.953746552143933e-6,7.867780416918292e-6,6.9978898942128834e-6,1.4717575108373017e-6,3.2855152816222867e-6,3.1687036007482572e-6,-1.0215669424126772e-6,4.463738812888085e-6,2.9852190197712014e-6,2.5603132049960564e-6,7.380604839380967e-7,-8.163134931114536e-7,2.713717311308095e-7,8.274502917392734e-7,1.9773696129615105e-6,-6.573177910226602e-7,7.542249309701932e-7,4.556631395048694e-7,-5.935057294878755e-7,-2.481684050570121e-6,-2.741964878790415e-7,1.3612970867929787e-6,-2.8255582982888995e-7,-1.340037355740398e-7,-3.153881102992973e-8,-2.9674333525620657e-6,-1.2387148567818197e-6,-1.7186657918493167e-7,-3.96172705852349e-7,1.8581917852499743e-6,-4.377823630591693e-7,-3.248230794635765e-7,-1.2499185119570822e-6,-2.1895931324745322e-6,-5.120029277520088e-7,-3.1833953397932825e-7,-5.013753739425919e-7,2.3008419780775616e-6,4.4188179276405397e-7,-7.71838360886501e-7,8.818710050430223e-7,-2.431665862974941e-7,-4.6196498460755467e-7,-3.3164875100464286e-7,-9.665092959242672e-7,-5.027250191189659e-7,-2.293462993024442e-6,-3.2705705942323694e-6,-3.445915765785146e-6,-3.0282646171334583e-6,-1.9347199799967243e-7,-9.156111442854221e-7,-4.57528791883699e-7,-2.487945592909213e-7,-2.833575118540266e-6,1.7411456914733004e-6,3.7146005134691684e-8,3.609882895593275e-7,1.4788284694879916e-7,-1.1923786679763239e-6,-2.301496792473934e-8,3.262766250962557e-7,3.685154869170093e-7,-2.8380110192683384e-6,-1.2078527284611675e-6,6.311297559127294e-8,1.476022467317817e-6,2.310592930260569e-6,2.9547232648108324e-6,4.780830087417832e-6,3.937312587285224e-6,6.468359181006278e-6,9.303509255258113e-6,3.894270356584917e-6,4.139552370266775e-6,2.4168045392408466e-6,2.924591808763255e-7,-3.857903765350468e-6,1.2628457199132637e-6
2.9026293747237642e-6,7.687355121395023e-6,2.8011859147455232e-5,2.303253780614334e-6,1.3557042462333692e-6,4.49674039722201e-6,2.510094998259005e-6,1.086502378167209e-7,3.777749187479196e-6,3.2755872523037244e-6,2.1083683126772446e-6,1.7906529111180182e-6,-2.9136498491340037e-7,1.270816462886537e-6,9.086537119506578e-7,1.8829201605330193e-6,1.1863550191370865e-6,-2.1086749728290056e-6,1.725829837584847e-7,2.2846521869737125e-7,3.992121437293772e-7,-9.984066409522985e-8,1.6319729543397667e-6,-2.693439041245194e-7,-3.6380807774398783e-7,-4.786934758555517e-7,-6.362933811855598e-7,-2.267872743465793e-6,8.42040212539863e-7,-1.0237848689276241e-7,1.8525919338086007e-7,-3.950888105356931e-7,-4.049014149394181e-7,6.175075364491357e-7,-3.2329118188731744e-6,8.17600167824526e-6,-1.0176526154390686e-7,-6.662925923852648e-7,1.1857254957960284e-5,1.2164233695253435e-6,4.516697097685829e-6,-4.5529818904092027e-7,-7.477551187112241e-7,-2.2820422980878163e-7,-7.643226884495259e-7,-4.45303745713499e-7,-1.0892003400555518e-7,-3.590931425874322e-6,-6.320887213302929e-7,-3.482149406414403e-6,-1.0238673235403174e-7,-1.3551430351943506e-7,1.3226865845490376e-7,-2.036927931006205e-6,-1.3549324490688574e-6,-3.038143931224502e-6,2.240060155472645e-6,8.325576162109273e-8,7.21555224686199e-8,1.4118493589290404e-6,-9.494588259430281e-7,1.3560205373286838e-6,1.8162180168340037e-6,9.191196511134425e-7,-2.4373679193259725e-6,-1.6452335770487104e-6,9.103482280209408e-7,2.0857075957113835e-6,1.9303055709826824e-6,2.5058637885070347e-6,3.4302832191527745e-6,3.164156818160646e-6,2.8017877368516908e-6,5.391447729622812e-6,8.083951339804042e-6,3.7827698603364105e-6,7.196190518482082e-7,2.4543863244508303e-8,-5.317464751884171e-6,6.136246743900564e-7
3.1555074744584744e-7,6.533676605155359e-7,8.51639227206138e-6,2.2127439899644497e-6,2.7369824445009794e-6,8.179927173827185e-6,2.6892958690328373e-6,1.6409793983319654e-6,3.7887036918250683e-6,2.5544905982906706e-6,2.3905554891637148e-6,1.4334276335491891e-6,1.960738917098892e-6,1.4071892381343432e-6,5.532021227766305e-7,-1.4923283181421666e-7,2.0023837583131867e-7,-2.5169805091537544e-6,6.089656913852659e-7,-1.7101245782149555e-7,-1.273099444927639e-6,-2.6401664010483604e-7,3.3585233224530997e-6,8.190301465563766e-7,-3.188615018153529e-6,-1.604811573749976e-6,-4.2583675413379043e-7,-2.669231931743121e-6,1.9659710912320883e-7,-9.795061005606343e-8,1.0282621371560108e-7,-9.776020639518101e-8,-1.9222227176335373e-7,3.4447241046264845e-8,-2.7292301082580075e-6,8.70589340625232e-6,2.736206169389144e-6,-3.7278484936377423e-6,-6.858171797998081e-7,-2.1753887811778894e-6,-2.730732201448727e-6,-7.031733018352693e-7,-6.078356419434327e-7,5.231342109267789e-7,-5.83866571646452e-7,-4.7034402134692457e-7,-5.118236577347557e-7,-4.635411590677563e-6,-1.6891108674924827e-6,1.3168301368392755e-6,2.9378527916264167e-6,1.2112683377424328e-6,7.234947778591572e-7,-8.666325320429991e-7,-4.192678892032953e-6,-3.76107433765438e-7,1.3646564316158294e-6,-1.3535290466244465e-7,4.315803972207988e-7,9.35836176371363e-7,1.8092035069567915e-7,1.8460937711717753e-6,1.3702954404548385e-6,1.1142258489649004e-6,-1.0979504306678045e-6,-1.1244303826278279e-6,7.475636795278184e-7,-3.9829171114602606e-7,1.9465495178810247e-6,2.2239041078332858e-6,2.7351760767112766e-6,2.902101195032447e-6,4.056524987542077e-6,5.196386367240802e-6,5.558071157509881e-6,2.838970930866891e-6,-1.4878889707234832e-6,-7.573205778746917e-6,-3.453070879644305e-7,8.016071573476946e-7
3.913572556884404e-7,-1.3109220234160835e-6,7.952277488782179e-6,1.7487413711075428e-6,2.7882736430681733e-6,4.801597109023836e-7,1.5249805042357513e-6,3.419304774494636e-6,2.7225784992592984e-6,4.940739352451651e-7,6.142437837057813e-7,-1.7089745530694535e-6,1.1111779497448016e-6,8.740628785324223e-8,8.459642533709567e-7,8.796307557203953e-8,-7.338015041663204e-7,-2.6358612087248323e-6,2.4811711882555267e-7,2.4404435975420305e-7,-1.992382851365715e-8,-1.2408041804200076e-6,1.6589069813900849e-6,2.385349180811236e-7,-3.85031610883273e-6,1.871271130094554e-7,-3.4686074928598213e-7,-2.049725961230542e-6,-1.494986927690023e-6,-4.1235937410512015e-7,-4.3879723429414157e-7,2.0557629470743244e-7,3.4222293165975026e-6,6.1996773034978416e-6,5.080035341287714e-6,-1.0770165578742331e-6,-1.5486333920953222e-7,2.444153198123611e-6,-6.78431751728592e-7,1.2151063185382771e-5,2.661068564401492e-6,-2.457593841517225e-7,-7.45079534012838e-7,1.1167787871486646e-7,3.584728844654439e-7,1.582633301508052e-6,3.490006747772734e-6,6.588818578515477e-6,-1.5812610244951842e-7,-1.9201449005775695e-7,2.7829056232066665e-6,2.162578405058757e-6,-2.110963122184284e-7,4.2151666686904845e-7,-2.675436746221172e-7,-5.077484376617647e-6,-3.1292545712781287e-6,-8.280293025720865e-8,-2.1787472162682064e-8,-7.629817473728818e-8,3.5087406086140585e-7,9.767803223652117e-7,3.5551170347518646e-7,1.5116869128978473e-6,4.3504009485955123e-7,8.301850340268535e-7,8.634580958973404e-7,-2.5681850091279214e-7,1.6292389769431593e-6,2.2765560124590855e-6,2.6381775212844575e-6,3.354905527769092e-6,3.6838039615429753e-6,4.541984217427175e-6,4.2696653968483215e-6,5.3748607231855594e-6,4.903953600533883e-6,-7.497316760528339e-6,5.849753237379352e-7,1.6051534381031908e-6
3.5008327072456604e-7,1.0578100420861158e-6,1.8144375550233518e-6,7.350752045871323e-7,2.7550169962493823e-6,5.7060050529190276e-6,5.728164153832172e-6,4.378595032656252e-6,2.724664379214481e-6,1.4692877694945762e-6,2.088773246585829e-6,1.3042551374630174e-6,1.3600928985675332e-6,1.1581316314684287e-6,8.653470040166367e-7,-2.85541231024955e-7,-2.788223665284639e-7,-2.816807491100515e-6,4.85054655722017e-8,3.888710750252766e-7,-1.4278414991723443e-6,-2.121977264712971e-7,-2.498116192721356e-6,1.0446621305726379e-7,1.6042921282544143e-8,1.6765817539750484e-6,2.528281020956813e-7,-2.5324526411546813e-6,-7.620862562624398e-7,2.34725589425544e-7,-7.260268592189312e-7,-1.2011272451022405e-7,1.290809769450907e-6,-2.1219497312006562e-6,8.574856609261162e-7,-4.404538239025868e-7,2.5590170792000324e-8,-5.034153724458146e-7,-4.938908419549915e-7,5.791841335072379e-7,-1.3901547451052876e-7,1.6480793675162532e-6,-4.2509492272202467e-8,-2.6230157000717293e-7,-2.937202361709468e-7,2.2833903836036117e-6,1.917032806606178e-6,1.2327675905655622e-5,-1.1320406345442402e-6,-1.6599770620795429e-7,2.765746322373142e-7,2.010831132609314e-6,-3.021433196500734e-6,1.125455996925151e-6,1.7321077870214196e-6,6.024732850090864e-7,3.6509228970440513e-7,3.237463375509453e-8,2.393548671248302e-7,3.5943650302319167e-7,8.360538868070311e-7,6.908375775542153e-7,6.421877736904947e-7,1.2235059109898085e-6,8.683352267721212e-7,-3.687580817860914e-7,1.138500289432587e-6,8.810717225615994e-7,1.4023600134496883e-6,2.241936533923905e-6,2.5472536607679122e-6,3.1669790112013098e-6,3.358419965036297e-6,3.1560619973141745e-6,6.508585052760196e-6,2.3651403098247094e-6,2.3989856751339913e-6,-9.895075055223901e-6,-4.981735750856587e-7,-1.0592342583813585e-6
3.7105516828719323e-7,1.2089354689516884e-6,6.110363702168887e-7,1.4834620275147704e-6,2.602800275348738e-6,3.0441873654210027e-6,3.7130331387323248e-6,2.8967870930170394e-6,1.1308962478806973e-6,2.5019088898494246e-6,1.817774615586787e-6,6.053304175060781e-7,1.3491978811232653e-6,1.1746243108462285e-6,5.812978761451149e-7,6.221674174055947e-7,-2.601258576833687e-7,-1.1860493742057667e-6,-3.702734289419485e-6,-2.7904039027647486e-7,6.697515714121804e-7,-2.5137653305877804e-7,-5.398922565267195e-7,1.8700046522503567e-6,5.500044374650681e-7,6.257893372914047e-7,1.7905916382785936e-6,9.433514148538436e-7,2.4493230758038112e-9,-2.3113275354536e-9,-7.218986102808356e-7,-7.631945874528424e-7,4.6958369851655136e-7,-7.221534445752354e-7,2.760542115574216e-6,1.7329036020312773e-5,-4.773195110004403e-7,-7.44508781040143e-7,3.0270088769921433e-7,1.4287788987348283e-7,-3.427110143892076e-7,-4.203531574301423e-7,1.5050014069107e-6,-2.567956697063112e-7,2.784035166579546e-7,-7.555490721610215e-8,-7.014653317813702e-7,-3.11289498861056e-8,-1.913788080592205e-6,2.142238455351331e-7,-2.7881086700709545e-8,1.263950015444859e-6,-4.448958797918179e-7,-4.651233154351342e-7,5.40495113325723e-7,1.6231396298320045e-6,5.075242710328443e-7,-5.5253885243466974e-8,2.906461723287901e-7,2.8889358690683322e-6,-1.2857159299589638e-6,2.8606542466282916e-7,-1.046856940150609e-6,-1.9153151461416275e-6,-1.0806819209266961e-7,-2.282763425020318e-7,5.7873500691632e-7,1.3855279378611307e-6,2.126037069331077e-6,1.8751202630590047e-6,2.485862719155163e-6,3.2751628078653063e-6,2.9565077755963734e-6,-4.573559023228657e-6,2.7158611642921216e-6,3.26785158603613e-6,2.404835696317642e-6,-1.732226824903005e-6,2.3111285478556677e-6,8.131260138563957e-6
1.2939301517523805e-5,1.2341212119140188e-6,8.670012509383929e-7,2.56049336001587e-6,6.364342020371883e-6,2.430139345760507e-6,3.553001914899978e-6,2.7597822353233826e-6,1.2359898305486671e-6,2.6443801601702346e-6,1.8409458733671613e-6,1.4017673122870278e-6,7.581993638678064e-7,7.934097960469622e-7,4.405265964182226e-7,5.963156239531476e-7,8.522610628805882e-7,-2.053995521998486e-6,-5.5998691256062715e-6,3.59212038865131e-7,-3.364375318841095e-6,2.8913987703397262e-6,1.0768670556849492e-6,1.5987774566997627e-6,6.468747912350415e-7,-6.223788837636857e-7,1.597133131792594e-6,1.8320723467966983e-6,-1.7906945204906322e-7,-7.504791046279657e-7,-3.831918223197728e-7,1.3753265970565477e-6,4.3130759187961275e-6,6.51354284135719e-7,5.013494826140885e-7,1.6080467725020453e-5,1.9554970750466105e-5,-7.216104095241206e-7,7.298382854519225e-8,-1.8293642177471537e-7,1.202090380278742e-6,4.6253909148494145e-6,-6.356563274435901e-7,-6.591721176895549e-7,1.5355240556889083e-6,-5.541313207596654e-7,-3.155776963507773e-7,-5.747308800054585e-7,-3.357054551352934e-7,5.398814193392054e-7,1.978673442221046e-6,5.361939051742537e-7,2.0136267604145665e-6,3.573605103863953e-6,1.539319418366092e-6,1.7205651906485376e-6,2.160329258141358e-7,8.714155093013654e-7,4.1730324069173545e-7,-2.3374630491119877e-6,-3.048534359419342e-6,2.0522729383265493e-7,4.129613979664271e-8,7.973472116280522e-8,6.188681597500745e-7,-2.2076211165693584e-7,1.00273846647001e-6,1.5446623370551472e-6,1.8813054771253725e-6,2.157832581074537e-6,2.2687984051164457e-6,3.721519414840047e-6,5.0123638032605115e-6,3.883790432378808e-6,3.5848272048219387e-6,2.5911481984931983e-6,1.5964136249912775e-6,8.935077190539876e-7,1.0270990994608997e-5,2.3395260232875527e-6
1.3882036607876592e-5,1.1141176243394703e-5,1.894344243205337e-7,1.3563167330957972e-6,2.0573845004238356e-5,1.8457314692750694e-6,4.220812544970243e-6,2.5916068971997497e-6,2.037732009851245e-6,2.046599531745086e-6,1.6461503984185777e-6,1.2114848660530254e-6,1.0262756804364505e-7,1.6902841386264634e-6,7.460132771428097e-7,6.8012126265109e-7,8.099696611994389e-7,4.7045330366832784e-7,4.848631053544939e-7,2.698661227209742e-7,8.790041250038794e-7,2.5456100573845176e-6,2.57521248967072e-6,-1.9226040232135366e-7,1.3961006580909041e-6,1.0135612313744603e-6,6.726613582606067e-7,1.094912391013847e-6,3.1887976297788613e-7,1.362420364379724e-6,5.741950361961568e-7,1.9168871546204613e-8,2.618324261562988e-6,4.562480611995868e-6,5.207179155091835e-7,-1.0967127697574131e-6,9.184888303266648e-6,-6.678497184637644e-7,6.748742612265658e-7,1.114545945872547e-6,8.29180504706284e-7,1.145682460974662e-6,8.849370378890998e-7,1.4358459033976924e-6,-3.45372927095855e-7,-1.8872495786269596e-7,1.3172988586537239e-5,1.7471361925201047e-5,7.927727748533364e-6,9.583847207314867e-7,2.5939471215565837e-6,1.1300345062479345e-7,6.587133747585572e-7,-1.181150361326766e-6,3.5174086463549696e-7,5.954571241705731e-7,1.465866670776439e-6,4.31704649016873e-7,2.195133833365426e-6,3.2564617609533997e-7,-2.501754250938937e-6,1.160603409637262e-6,-4.172761277551951e-7,-8.804663424517578e-8,8.537810403150382e-7,-1.796693622296841e-8,9.988735739336895e-7,3.972600264184667e-7,1.0266364829710551e-6,1.6110929760263072e-6,2.979680582972555e-6,3.0964539027007243e-6,3.5942975591956695e-6,3.198592895113284e-6,2.68244253290324e-6,6.836892467710864e-6,1.7914539893066018e-6,3.072527525956659e-7,-6.838218881253089e-6,-6.428377877531033e-7
3.8769247056535505e-6,-5.284097394245824e-6,4.5271930945265385e-7,4.0857487075255385e-6,2.2438167540419276e-5,1.6295578121885424e-6,1.5818543685316655e-6,2.1041382325619696e-6,2.440950308240697e-6,-1.3654212428053092e-6,1.3992896052961168e-6,1.3828499691210362e-6,1.6626206790733011e-7,-3.3025429626900696e-6,8.84214972679942e-7,8.751859861976463e-7,-7.020289678009717e-7,-1.1143766210590546e-6,-1.4979046900636674e-6,4.246574897258215e-7,6.413666472357305e-7,4.854148434198625e-7,5.252175676495607e-7,5.021586499219577e-7,1.744825690456664e-6,4.3559935578103563e-7,5.3198374434136e-6,5.9866577184724e-7,4.912583726678799e-7,1.8456780774819937e-6,5.870201222887062e-7,-7.880712725863437e-7,-7.13674172401102e-7,-9.859733996295805e-8,8.360435968321812e-7,1.6751163914885403e-8,1.6446960980251558e-6,9.455972117810464e-7,1.2828989620989884e-6,-2.629300327267048e-8,1.7713823611559489e-6,2.129623847075557e-5,1.2542420478253381e-5,2.897302920284206e-6,1.6403492420027589e-6,1.261745965126826e-6,1.9372522887646305e-5,3.063809403368518e-5,3.040636010044533e-5,2.3025914664534163e-5,1.1229532467338178e-5,2.4321083078155726e-6,1.0640703993174406e-6,-1.8161890219838385e-6,1.8460698453763857e-7,1.470262739226902e-7,6.856939334014323e-7,2.959683548874992e-7,7.041179262638364e-7,3.5776517617085446e-7,-6.304414120912538e-7,7.399764173865898e-7,6.872933955502259e-7,-1.0788460242930898e-7,-4.302255399494248e-7,7.826932479374494e-7,8.387074478242162e-7,-5.252483086737314e-8,1.1445904514089333e-6,1.6428964910941035e-6,2.871759456005463e-6,4.165106527618501e-6,3.6916060580964196e-6,2.8500326911701015e-6,2.398599823903025e-6,1.8660171243345626e-6,1.384259137826116e-6,-1.798591502202407e-6,3.992475264405027e-6,2.048073632878733e-8
-1.795247467606509e-6,-5.027647854560835e-6,1.0193067069273565e-5,5.346300344199317e-6,1.330325791258622e-5,5.557572030667979e-7,-5.83395550114072e-6,1.0051846320616287e-6,2.2508628963591182e-6,-6.259410175995184e-7,1.5893259196593458e-6,1.414508181137153e-6,2.3307782978807535e-6,-1.9856869363188867e-6,5.891659723305853e-7,1.6636549186865858e-8,-1.0788674050453141e-6,-1.9485082922598983e-9,8.804011272151025e-7,4.203170933516187e-7,2.567578181666308e-7,1.0105265152200893e-6,1.9932429763109827e-7,-5.25600519473779e-7,1.4807307998691232e-6,3.19219311166401e-6,1.5274100084252674e-7,1.7518698566575176e-6,7.859553287063337e-7,5.469540572537124e-7,1.7319493736525526e-6,3.0428504166759573e-7,-1.984077434931453e-7,-2.4635946811358836e-7,6.284538335989521e-7,9.63319861230283e-7,4.732904328132781e-7,3.258533887069426e-8,-1.7599125047768727e-6,-2.0367217597021825e-5,-4.232714486094691e-6,-4.219862575477906e-7,4.415802435177252e-7,2.6068840758322054e-7,1.7828396587428631e-6,5.465543907731064e-6,2.207739345632298e-6,3.48850681355537e-6,1.643609306025695e-7,-1.5065916860923734e-6,-7.073221925686601e-7,3.712994136603665e-6,-2.0095660291512553e-7,-6.870833603344173e-7,-1.321788917440836e-6,-3.769212331361516e-9,-6.131327219793925e-7,-1.1291977322134163e-6,-5.740735143009435e-7,1.0122874555847928e-6,-5.800444600323474e-8,7.980614979967938e-7,6.02843304490519e-7,3.007541894084032e-7,4.721388033350316e-7,2.9258080511194165e-7,6.497149992173989e-7,-1.296018401443333e-7,1.3205520578276399e-6,1.6791285400317158e-6,2.000995414848128e-6,1.4242209993312827e-6,2.6803037899251206e-6,3.909451999712732e-6,2.365862069775182e-6,5.669545440518098e-6,2.631519572178709e-6,-7.0166539397805264e-6,1.7705193873480686e-7,-1.5089020159431145e-8
5.322021329924298e-6,-2.399809649473428e-6,1.4657105046110753e-5,2.6273718608629928e-6,5.992949529486724e-6,-6.338015193916858e-6,-3.507212332202081e-7,1.0433715935495692e-6,2.121416252737274e-6,-9.632501597515942e-7,1.5630836367113155e-6,-8.727454248028788e-7,3.0390858244372156e-6,1.3751119722055228e-6,1.1024255562910979e-6,1.073448755023665e-6,5.302452206409125e-7,-8.988373263059791e-7,-9.947024648055637e-7,6.61817147722199e-7,-8.383062360478033e-7,5.197522128843835e-7,-1.949114094111715e-6,-3.3829252869992387e-7,7.211609155117316e-7,3.130823884077483e-7,6.654828692535197e-7,2.2873760631731966e-7,-6.162745163004191e-8,-1.4533744301342356e-6,-2.6497373275992667e-6,-2.7704698431503475e-6,-4.535763676076099e-6,9.357013640533053e-6,-2.3187688865011925e-5,-1.9397687279507747e-5,-2.4743968385967843e-5,-2.3865900441031073e-5,-2.7323744221129577e-5,-1.3183601654109545e-5,-2.640674013957666e-5,-2.686070403557941e-5,-2.4287028361148157e-5,-1.8657888936831793e-5,-2.6500648385836792e-5,-9.27102959933901e-6,-3.1632550998806023e-6,6.562548170065385e-6,3.87766291457381e-6,-1.9487834166108666e-7,3.0385739565728988e-6,4.085228153456466e-7,5.7584660724518955e-8,-4.072426803399065e-6,3.8225351248890375e-6,-1.1243173605839818e-6,2.4993729291473034e-6,-4.4094022254662635e-7,4.266470593059957e-7,2.9639263389604766e-7,6.750216457029224e-7,9.860672375639368e-7,-2.123606871646555e-6,-1.763735420414192e-6,1.6670816417722722e-6,3.4877841461118387e-7,-7.313235965521026e-7,4.4233475761201737e-7,1.491249234887171e-6,1.596032220496624e-6,5.4192054146517956e-8,1.5823183677103893e-6,2.386230951491708e-6,2.5686131196787975e-6,2.3936241315469345e-6,1.9131064447121426e-6,1.6006792988589203e-6,-5.975644890877563e-6,6.634403416789336e-7,1.0263299196153142e-5
8.106333779343889e-7,-3.2293161326771514e-6,1.0948458548737273e-5,9.04799243076433e-6,6.6317356770479125e-6,-6.830099987503991e-6,3.2182040738667483e-6,-4.739935073283741e-7,1.9848314596365935e-6,-1.0151310854282114e-6,3.854484224415922e-7,-3.957248997253471e-7,1.3313163782406435e-6,8.745382037323114e-7,6.850879507567242e-7,3.8695193213365013e-7,2.1298515093788998e-6,-6.594023584516329e-8,2.169603293529665e-7,3.972155553846779e-7,4.0091000827944256e-7,3.6052621683895225e-7,3.0293599520347935e-7,-3.647498176448605e-7,1.3473661526117732e-7,1.1762650261877284e-6,-8.848019678398988e-7,4.88874948938145e-7,-1.2753019250752229e-6,7.938097990245474e-9,-6.6494498185055824e-6,-9.769436859416569e-6,-1.9214615374491608e-5,-2.1165774912328595e-5,-6.778915242995709e-6,1.2470075266891145e-6,-1.4395420889554934e-5,-1.0579303103904192e-5,-1.465844510858324e-5,-4.2751991532148375e-7,-1.425806384240972e-5,-1.0416078262534645e-5,-9.466756087806317e-6,5.066329991937568e-6,-7.2002122133338905e-6,-1.6677491504545505e-5,1.4287124114414396e-5,1.9028357952873387e-6,-8.319733844960064e-6,-4.16899470691332e-6,-1.09602314287518e-6,-2.579270949488288e-7,3.993657123774641e-6,5.035273683926023e-6,4.504608347320161e-6,6.73083459804591e-7,8.049529766110509e-7,2.670040566045806e-7,7.791793221654687e-7,-2.847110258524577e-7,5.463816897455898e-7,3.356741153272003e-7,-2.2180796015643713e-6,8.712179300420343e-7,-7.379026223883867e-7,1.7735642472385127e-6,-1.0573918413567586e-6,7.824910658668306e-7,1.4971596563560397e-6,1.2863212936090384e-6,-2.7845835262429343e-6,1.2498774051620033e-6,-3.814466124821625e-6,2.255768884796039e-6,2.2793745157384972e-6,2.5796623816131793e-6,1.6879385148639515e-6,-8.51179371375771e-6,3.834770917091101e-6,4.475571116475074e-6
1.662190957910259e-5,8.223429795161552e-7,1.4673191955373266e-5,6.5050613224520105e-6,3.4458532190640104e-6,-2.1850105493040896e-7,4.647988943207637e-6,4.804397852748999e-7,1.0885068124093956e-6,4.66588537107282e-7,1.7453412872223019e-6,1.9167074766088812e-7,9.906908007225157e-7,6.469607123077204e-7,1.2852765934960431e-6,1.1967826229046352e-6,1.575011026970774e-7,-1.1397084810564673e-6,1.5048495961792253e-6,2.2633725913646875e-6,-5.1715678612920595e-6,-5.085088055152753e-6,1.6681490247780762e-7,5.940951882450474e-7,2.1525700112311473e-6,3.229172930351587e-6,-3.830959025230341e-6,-6.766054441838432e-6,-1.048748348661064e-5,-5.050165976662147e-6,-5.556655501622377e-6,-1.4971872673606602e-5,-9.96567302502357e-6,-5.725806773583564e-6,1.5850055983665845e-6,4.015421540510555e-6,-8.22020521011847e-6,-2.154814694745e-6,-8.3628651732927e-6,4.4463995809643556e-6,-6.983024067259769e-6,-1.9964437043335283e-6,-1.6240569202496613e-6,4.5832141441181756e-6,3.38065569576691e-6,-5.1329549635830475e-6,-4.163772263169619e-6,-1.3766319025680752e-5,-1.3500215746681411e-5,-1.0451111561446237e-5,-4.138634158161025e-6,-2.299053164535048e-6,3.45640417998101e-6,5.808049844319574e-6,2.4143254657271743e-9,2.3245921138297377e-7,-7.765223510948772e-7,1.8624949689849404e-8,8.179536180841441e-7,-4.6023692206073057e-7,9.661562885210362e-7,-1.1867021931338818e-7,-2.7514995499641204e-7,1.5404253041179762e-6,-5.919755703851393e-7,6.46214141300372e-7,-7.44820594693052e-8,9.765872218184592e-7,1.3781018333244966e-6,1.2954768937314844e-6,-2.026260808120728e-6,1.6942457668188916e-6,-1.458179666937476e-6,2.039333875313032e-6,3.926007200965698e-7,3.0139302135388848e-6,1.0609380353003451e-5,-1.9396723107804604e-6,3.303747636741239e-7,3.185613232708651e-6
3.374111190516964e-5,-5.62134671594865e-6,2.0662462624173815e-6,1.679790649075501e-5,-1.4627332841159802e-6,7.770112388560291e-6,1.6637759943983977e-6,1.1104539701970674e-6,1.721737110782473e-6,9.653505790844897e-7,1.5336607226398513e-6,1.5406047181879546e-6,1.0412927455415665e-6,7.640452626732408e-7,1.1646970414873614e-6,1.198348547447692e-6,2.9518918854982704e-7,-1.6721088232291681e-6,1.724897263755132e-8,-2.7984310855700635e-6,-7.3765218875936345e-6,-5.686449108309388e-6,-2.424557207071132e-6,1.2708931795086364e-6,-6.002219629494432e-7,-4.259752131703942e-6,-3.3137543818771987e-6,-8.353527236016035e-6,-7.358279791733158e-6,-1.1018475841430364e-5,-5.301144329551166e-6,-5.531885994032626e-6,-1.0510675382175983e-6,-4.691134851382284e-8,1.994055133845585e-6,2.3438710770519847e-6,-4.421601361061667e-6,-1.3362842800792253e-6,-5.049462322957932e-6,2.7593914974402002e-6,-4.1461901392336855e-6,-1.2340123415629067e-6,-9.902399305137478e-7,2.5230804082667426e-6,2.514116009030554e-6,3.718198354528024e-7,5.697050258274738e-6,-9.872760824713023e-6,-8.10547164871176e-6,-9.938270323165455e-6,-6.214102314241665e-6,-3.608394843614327e-6,-1.8035379753981508e-6,-1.5411121975676957e-6,5.714249900301316e-6,8.362603932286583e-6,6.060132704541244e-6,-5.270495050649915e-8,8.637961373141323e-7,-4.067944023542502e-6,3.536371035040675e-7,4.485902890655869e-7,-7.71422502646002e-7,6.872255543621142e-7,5.238043909235213e-7,-6.054425247407513e-7,-4.7042754312799366e-7,1.3647656983403422e-6,1.1334540131349158e-6,1.4124400995560338e-6,4.983621909555592e-7,-9.047690815624732e-7,1.828090207313582e-6,6.32719749483801e-7,-4.5595095388827555e-6,1.7297123020119765e-6,1.1487907695857925e-5,9.455329891820963e-7,4.638476264272384e-7,6.020061872834771e-7
4.752281420488736e-6,3.0171228720548893e-6,-1.0867608950606822e-5,7.108275829114064e-6,-8.932155978626066e-7,5.523523148223087e-6,-2.132980359617709e-6,1.443852839957116e-6,1.8075950623622107e-6,1.512647411436241e-6,9.154346511684564e-7,1.2795286359059689e-6,3.6029710957017346e-7,1.2715697981336317e-6,-4.6535715863910144e-7,-9.381280797808867e-8,2.5798696535135334e-7,9.221608874993903e-7,-1.2386307548529762e-6,-5.0668353334571205e-6,-3.1619021527547143e-6,7.184247934676647e-7,-3.25753059031082e-6,-2.709208227976934e-7,-2.7853860528811115e-6,4.817987725463668e-6,-3.762484489815554e-6,-3.3297588934718572e-6,-1.336170041611262e-5,-5.417358693353547e-6,1.5690334519389282e-6,-6.833447299399165e-7,-1.3919563456629925e-6,-1.1142874401349757e-7,1.3864471265656154e-6,1.5131627392989567e-6,-2.2129366169262422e-6,-7.633745021813355e-7,-3.1213830786028466e-6,1.7201980989297372e-6,-2.41074419162417e-6,-6.945258724869508e-7,-5.471775712198036e-7,1.559229877132129e-6,1.561853603118002e-6,3.380185947152725e-8,1.9214666239905753e-6,-3.962128176385937e-6,4.257747573346893e-6,4.949615978117051e-7,-1.402600213987838e-5,1.679056772805756e-5,-4.408039089276628e-6,-1.5834361254374542e-6,-4.2783014712110655e-6,5.106437668606812e-6,7.857153753268565e-6,1.268798807088789e-6,9.329493337866035e-7,1.6867071307573367e-6,2.170108203855237e-6,1.0998360950433384e-6,-2.685270433853637e-6,8.174994404046566e-8,1.164038061570305e-6,-3.393053561783599e-6,7.74634437031585e-7,-1.2618461956040993e-6,1.005124221381215e-6,1.5007608996569389e-6,1.4588219043481178e-6,4.4289379474462546e-7,1.4492654726133037e-6,1.4470731746570877e-6,1.257117343245362e-6,3.3982496915130333e-7,7.924749034403855e-6,8.194765162967688e-7,1.070793728065933e-6,-1.4467937476718485e-6
4.620531845723086e-7,9.96254761796056e-7,-8.393616628235235e-7,1.0679306100188613e-5,-1.8982109553900895e-6,1.5658760863357602e-6,1.283087966323393e-6,-4.509693394316727e-7,8.144602790196132e-7,1.35747128768009e-6,1.4896043222822232e-6,7.443927466745493e-7,8.038453885797381e-7,1.4925782736795902e-6,1.1093385064127049e-7,6.237396850755861e-7,5.331200845255957e-7,3.7079593035227456e-7,-2.2007386121721487e-6,-4.2814146069815266e-6,-1.3142069350630115e-6,-3.014931830803269e-6,-2.8844806596256324e-6,-4.637721115679394e-7,-5.323639614506304e-6,-1.0666325981444624e-5,-9.070974860089098e-6,-1.4987283302942057e-5,1.5945649679189302e-5,7.072098882211187e-6,2.53014280515651e-6,-5.00110241849927e-7,-2.892561626779422e-8,-2.5932855654664524e-8,8.815486264066142e-7,9.680154034970467e-7,-1.0994254691640503e-6,-4.345955590430606e-7,-1.9489094679822074e-6,1.0667163453118134e-6,-1.4161080678239846e-6,-3.890726352948515e-7,-2.997269714933082e-7,9.81012603848308e-7,9.86405006683433e-7,9.234484858113845e-8,8.294367403115289e-7,-2.763427722527623e-6,2.2255954461069427e-6,6.5841334565598824e-6,1.0960223261772927e-6,-1.5555360048887348e-5,-1.052865109459833e-5,-3.8676737366532986e-6,-9.380079517578365e-6,5.958057248523807e-6,1.0668057127351594e-5,8.42804965995736e-7,8.982218180585645e-7,2.1392466455410155e-6,1.7342462104284807e-6,1.2937948937369994e-6,-2.599702019512307e-6,-2.6853947099464425e-7,-8.453338851037607e-7,-3.37405814303382e-7,2.989429300101376e-7,6.197160473067509e-7,1.4962074040301365e-6,-4.444435405989045e-7,1.1304931545175869e-6,2.5093987953016094e-6,2.102523694810765e-6,-1.4151132094222918e-6,-6.308744200993477e-6,-3.3327195775241017e-6,-5.272026971034405e-6,1.582518373688391e-7,1.4232069267752225e-6,-2.2050628815322825e-6
7.806301737669496e-8,9.12260851645894e-6,2.738293906318057e-6,7.974811154205176e-6,6.676515975947206e-7,-1.400687260634348e-6,1.879848369741022e-6,-2.8076548383408673e-6,3.3579436123492235e-6,1.0167563066952657e-6,-2.2970153393824354e-6,1.300920458517041e-6,7.458180674889236e-7,-1.6948274368993822e-6,6.291497093883436e-7,-1.059623997260295e-6,4.716343560998704e-7,5.819705304331624e-7,-2.6454539941083932e-6,-2.1954715482507714e-6,9.712095120990583e-7,-2.482148438768017e-6,-2.796925105197834e-6,-2.8344398230625513e-6,-9.219983047930103e-6,-1.369426444559665e-5,-1.9178143549061e-5,-1.0021271477491435e-6,4.973346232280696e-6,5.4902972861405e-6,2.441919919244251e-6,-2.0057790339785831e-7,3.71638190562873e-7,1.0670588701722218e-8,5.533964406109648e-7,6.13896887783838e-7,-5.795087538845612e-7,-2.4672182778251454e-7,-1.208309538512642e-6,6.536953811495883e-7,-8.259709292188112e-7,-2.1741296649078203e-7,-1.6336298650712067e-7,6.178455248946336e-7,6.144945125988733e-7,1.059619351229113e-7,5.44395190283642e-7,-1.6147353654400565e-6,1.6244095053840946e-6,4.4189402867290895e-6,9.85320849348126e-7,-1.1143393992242e-5,-1.8675555892391028e-5,8.114936653711502e-6,-1.5173117619073917e-6,5.382352992424777e-6,1.485621900166696e-5,1.83334998360829e-7,8.265636959036372e-7,7.132247607021692e-7,4.4051370977733487e-7,5.713055516068932e-7,-3.355800493301997e-6,1.1441274310377559e-7,-7.024034110512556e-7,1.0531712549028516e-6,9.232828957056682e-7,1.1039641112086552e-6,1.403235701201755e-6,-1.7356512481598198e-6,4.407512295929728e-8,1.6723981331463023e-6,1.7911021862342613e-6,3.985877757904488e-7,-8.301118274280539e-6,-3.1429371925818517e-6,-1.1897732202773803e-5,-3.5367493859016275e-6,1.2346252019152405e-6,-1.8226113236382125e-6
-1.0801146282820262e-5,-8.78899324418666e-6,7.432964725951896e-6,2.4030460546490717e-6,-6.283076128233422e-7,-7.694898692440833e-6,-1.4270769699261665e-7,-7.294716663648271e-6,2.3419822090231968e-6,1.4100025648692727e-6,2.426674925743111e-7,9.081017626720645e-7,6.394640532915164e-7,5.488646664558506e-7,7.402896867311659e-7,4.911323191619799e-7,1.3212667029140592e-6,-6.610996261394942e-7,1.1073374796610748e-7,-2.1585050573506795e-6,2.192734199503033e-6,1.5263007162769516e-6,-7.592891880494169e-7,-4.35758134469465e-6,-6.778360623904867e-6,-9.360549549499264e-6,2.8581124770654955e-5,-6.679119580082827e-7,2.720360348500117e-6,3.275724346867981e-6,1.8034443617636953e-6,-4.49325386798094e-8,3.2746700996706404e-7,2.199167957559478e-8,3.423498932293434e-7,3.8587625536912196e-7,-3.370776492437111e-7,-1.3991553930716717e-7,-7.368220014669857e-7,3.9606066358601756e-7,-4.7269921629268245e-7,-1.2149138227910418e-7,-8.880761018720263e-8,3.867900756805209e-7,3.787940582762994e-7,9.517750063428033e-8,3.170402444845788e-7,-9.320402600869083e-7,1.2692714220633673e-6,2.3954167255006765e-6,2.249762447183512e-6,1.8743840303939054e-6,-1.3566338162223135e-5,-8.148373605411542e-6,-6.622330246305142e-6,-1.2132221569924996e-6,8.724077372925864e-6,6.188663038315224e-7,5.718755834509537e-7,8.04406209873898e-7,2.1579464459069443e-7,1.3838757505018064e-6,-3.946500522176133e-6,1.4843957192091307e-6,3.878448032654136e-7,7.706595815017536e-7,1.242295131197091e-6,-1.1037429738465443e-6,2.366502798260073e-6,1.1854916663865733e-6,1.3682768373593392e-6,1.6225026870673178e-6,3.928759021656792e-6,-1.8983197747587834e-6,7.395996695324514e-6,-4.159090534511068e-6,-7.1479451482922015e-6,-3.568297002217991e-6,1.8669637949500608e-6,6.45557725241952e-7
-3.4449845243541113e-6,6.41911331566769e-8,8.163907000585003e-7,3.3481362784676395e-6,1.2238400445572895e-6,1.9079051859611783e-6,1.0411004949156144e-6,-3.540326556276441e-6,2.2631997902853087e-6,1.6808530541023271e-6,8.657157864076837e-7,9.069915668567408e-7,-1.0887971645486827e-6,-1.7308724531145736e-6,9.6197160933178e-7,8.68910914090093e-7,1.3408648925074874e-6,1.1342374668083634e-6,2.579352173976335e-6,5.319712464681326e-7,2.173663854479302e-6,-1.9333232090315456e-6,-7.075340167855427e-6,-1.0691870420250582e-5,-8.948799138787745e-6,4.92609702093445e-6,2.6467910802563655e-5,2.765840188470081e-6,1.557826578834276e-6,1.7968636573632235e-6,1.1893934094703518e-6,2.783077763546249e-8,2.241028187090155e-7,2.2426072729264668e-8,2.0844856249393473e-7,2.404176767278443e-7,-2.124977395055794e-7,-7.941024065905023e-8,-4.410518181184209e-7,2.3753894707172486e-7,-2.640265302935485e-7,-6.80594269048429e-8,-4.833204745998687e-8,2.4011363403007025e-7,2.3124250190249552e-7,7.488700951139293e-8,1.733498998024885e-7,-5.40094974342753e-7,9.584920023303134e-7,1.5058035285526294e-6,2.509859476285348e-7,4.266813713365814e-6,8.215047124887299e-6,-2.38138749237929e-5,2.450623161168881e-5,-6.737304967084967e-6,2.747475987479042e-7,-2.9517974979897946e-7,1.4554677346927615e-6,6.802872909758451e-7,1.0176901647950932e-6,9.782161789953391e-7,-2.2309164966279773e-6,1.5711050451403975e-6,1.637118142885785e-6,7.935618499558484e-7,1.308151616417641e-6,-5.106612663342225e-7,1.8373225406394855e-6,1.146101805920452e-7,2.812428914436893e-7,-6.259306202505144e-9,-5.9273671428404894e-6,-1.1480952765160258e-5,-9.624360731405158e-7,-1.7887363814829806e-6,1.146360994425939e-5,9.816236080631757e-7,-2.366924688761385e-6,6.518885891031823e-6
-5.829825080707485e-6,6.286841208317573e-6,3.430223401038557e-6,7.977307664483747e-6,1.3177691169339535e-6,1.7697620118325209e-6,4.146159854339304e-7,1.3211034669556643e-6,2.636299502540629e-6,1.245822986985301e-6,1.3328995507942976e-6,1.6153166042147895e-6,-1.5825142368168566e-6,-4.122291463222827e-6,1.4385765529973505e-6,8.173025356734476e-7,1.0273456130471815e-6,1.450224525090249e-6,8.728001627678062e-7,2.2279969872181392e-6,-8.476281732886615e-7,1.0532681351726802e-6,-1.9689126979884677e-6,-1.0916035086685939e-5,-1.1978785269150516e-5,2.1177411750844535e-5,1.3600379731257562e-5,2.4804612264328177e-6,9.603061450920825e-7,9.903288154196499e-7,7.540856356216708e-7,5.506600595390765e-8,1.4422368586166635e-7,1.877297443784176e-8,1.2503193480069008e-7,1.4851814008605136e-7,-1.3876437580532253e-7,-4.519527214232877e-8,-2.601485632190648e-7,1.41136478535131e-7,-1.4400481000681477e-7,-3.8309804374792036e-8,-2.6457275144531334e-8,1.4775095954049357e-7,1.3969536758284828e-7,5.3871496357471573e-8,9.259416662876775e-8,-3.1596336522615733e-7,6.730070850139436e-7,9.476736050014312e-7,-6.276701554339682e-8,2.006176159712969e-6,5.9167642380189455e-6,-9.714479366040374e-6,-1.4728407476520757e-5,-8.220901480064146e-6,-2.427478429025065e-6,-8.867854553508581e-7,4.5048072945492736e-7,1.809751667573778e-6,6.760802477622452e-7,1.2856632566917048e-6,-1.9852717673709776e-6,6.995788250774515e-7,-1.471286068840838e-7,3.3133164538035054e-7,7.837565254740886e-7,4.4406018616465204e-7,8.204406626558303e-7,1.4275464718247477e-6,-5.988549424250311e-7,5.238167839980657e-7,-1.322632723763726e-5,-1.4057603169146849e-5,-1.040660899462853e-6,1.50350468820335e-6,4.513134894951509e-6,1.3913094720217069e-6,1.0124737095782432e-6,8.485275509693802e-7
-2.120589884492541e-6,6.767235416747397e-7,4.985874341299823e-7,2.3998128097284522e-6,5.114712884540351e-7,1.7682578530188177e-6,8.572940218216197e-7,2.8135587602293066e-6,2.1538289702847105e-6,-1.8543034585980057e-6,2.0466375145643314e-6,1.0232239036181757e-6,1.0159128841460196e-6,-1.3749507870270628e-6,-4.0169031070246275e-7,1.3294993400677636e-6,1.416069445006696e-6,1.6072948282275236e-6,-1.5162947601582434e-6,-1.3197626598031365e-6,1.8732677741925663e-6,-2.153789237314463e-6,-5.082049899594654e-6,-1.3631455974288331e-5,-2.083207250523289e-5,2.158842521945188e-5,5.530811544249437e-6,1.4614957281775087e-6,5.833175580470141e-7,5.64282851023612e-7,4.709752251800703e-7,5.8651667670850396e-8,9.083144720489766e-8,1.4215744367729323e-8,7.406895823345306e-8,9.102265337013194e-8,-9.081804473373145e-8,-2.5852529731840158e-8,-1.5225771815832178e-7,8.315224683839162e-8,-7.718539550816139e-8,-2.1697452432412057e-8,-1.4634973912863726e-8,9.01710010127399e-8,8.341261610109729e-8,3.626989023370886e-8,4.938842730859428e-8,-1.8659524253566984e-7,4.4332286273267575e-7,5.806122151826188e-7,4.521976795834882e-9,9.069244057952953e-7,5.643043607170162e-6,8.593739300538817e-6,-2.6733380851445788e-5,-1.0170507670175334e-5,-5.326238101654834e-6,-1.707341053132483e-6,-1.8224491747963478e-7,2.034362277829183e-6,4.429757564968107e-7,-1.154290034222849e-7,6.969329566937078e-8,1.2893447236554057e-6,-4.324869569647394e-8,9.494310589698741e-7,8.689871546866401e-7,6.72667789837278e-7,1.2571867342754618e-6,1.1423780708706977e-6,-7.516759455378664e-7,-3.483873703744589e-7,-1.1289787592309553e-5,-6.371186785712091e-6,2.4737781728977782e-6,1.6738751234506523e-6,6.270458299566562e-6,2.486914689722175e-7,1.4006852712244555e-6,6.167571720194776e-7
-2.896665988644587e-6,6.468666061954576e-6,-1.4082395661124781e-5,6.350199014885316e-7,2.212952005815394e-7,2.1765416774957694e-6,1.6464481013330535e-6,9.096081924226952e-7,-1.7589832213501745e-6,-2.673597344198808e-7,1.575302058620931e-6,1.357615190865502e-6,2.019074083176209e-6,-1.4805537769745136e-6,-1.1956252062895967e-6,9.915061197636189e-7,1.5576743857718567e-6,1.2808958199158394e-6,-1.8804734662269953e-7,-1.8093706448652715e-6,4.338387819464296e-6,7.12268745233775e-6,-4.441001403197509e-6,-9.21084450882418e-6,-9.266266141843771e-6,6.1683171651429675e-6,3.2734257811212423e-6,9.60415770664147e-7,3.501181429028888e-7,3.332389509077771e-7,2.9108630898646574e-7,5.132432654439967e-8,5.6363817835536347e-8,1.0138446172658355e-8,4.3497003257009225e-8,5.540828292436295e-8,-5.880865486080911e-8,-1.4911127768579837e-8,-8.905977780492292e-8,4.863809654467311e-8,-4.118865769254798e-8,-1.2350314239228944e-8,-8.206085909823192e-9,5.4651234201918976e-8,4.920027348531697e-8,2.3233364153019133e-8,2.68173081295231e-8,-1.1107602064323042e-7,2.792714207074276e-7,3.485955991057388e-7,7.723862771791268e-8,5.772289935780162e-7,4.213678760419692e-6,9.210092342415388e-6,-1.442670540559149e-5,-8.959590523894034e-6,-3.0223025233656165e-6,-2.4039315020306318e-6,-9.497155340333242e-7,3.1281625272261416e-7,1.0042147293361393e-6,1.0402652107587285e-6,1.090179569506211e-6,5.743389237659269e-7,2.401009503411711e-7,1.0390533570461714e-6,8.081478996251113e-7,1.373056282278684e-6,1.4383456581078981e-6,1.1846788353927495e-6,7.83837335574189e-8,1.3541998977255166e-6,-1.8824684126296343e-6,1.895394537988704e-7,1.4187529126197697e-6,3.100618563661928e-6,1.9968220268976603e-6,1.2564786582632827e-6,2.765126803050344e-6,1.087206579533806e-6
-1.9611338887027819e-7,6.563055320518907e-6,-2.3006586860162106e-6,8.312035820038811e-7,1.2576329843319468e-6,1.2967405724927828e-6,-4.2386065144918164e-7,-2.666794716482124e-7,-2.266350839700282e-8,1.0133227272717926e-6,1.2217040916943311e-6,1.941939094779133e-6,1.5126079334988997e-6,9.95530305452652e-7,-1.3411575066966554e-6,6.270854496410739e-8,1.3600830654799445e-6,1.2201697174173854e-6,9.741615663493075e-7,6.663825595832007e-7,5.019682195720443e-6,4.2129380869218025e-6,1.7944250932476091e-6,-3.981000349740804e-6,1.6690193376866526e-5,9.023603786630185e-6,1.9551886090711347e-6,6.132556457860483e-7,2.0853704449563806e-7,2.025956035540011e-7,1.7827871191113954e-7,4.014328912260723e-8,3.444072735971915e-8,6.99970713011755e-9,2.5449857315407167e-8,3.358320078545862e-8,-3.766644387981355e-8,-8.72352722049996e-9,-5.231525372300095e-8,2.8283054094213612e-8,-2.2334479348351535e-8,-7.010038919508244e-9,-4.660443298920569e-9,3.297943794411396e-8,2.8699571903478827e-8,1.4386324422610565e-8,1.502683664069693e-8,-6.655533242700961e-8,1.7077339511266665e-7,2.0643322210904815e-7,9.441678761559214e-8,4.130520441289365e-7,2.8744081144999933e-6,6.9166609325107324e-6,1.5490287726651508e-5,-9.393160872055906e-6,-5.411808127727835e-6,-2.604754815080457e-6,-3.737368266921282e-7,4.542622902418359e-7,1.4628990090254092e-6,6.928451890060084e-7,1.2088991744174216e-6,1.1204128301941286e-6,1.073844491909859e-6,1.415582659670567e-6,7.114715597793087e-7,1.1966871232134359e-6,1.870769025357877e-7,1.1479040917774074e-6,-2.8239812373802574e-7,1.3939950948905545e-6,1.8297993380699708e-6,9.491919136956907e-7,2.138567023616567e-6,3.0434015937907066e-6,-6.327135972800213e-7,3.293317651340555e-8,-6.514883576371644e-7,-5.811354899221133e-9
-4.2380370180476136e-6,7.654084053999944e-6,3.2472644830176202e-6,1.3946941276554493e-6,7.052966085433266e-7,1.9161699661047306e-6,-1.486184008478375e-6,1.4271448312753066e-6,1.4785741017521393e-6,4.435453386427035e-6,1.2796466388196759e-6,9.97316849295582e-7,1.8919149715925788e-6,4.529932351144073e-7,8.858648545338799e-7,1.3093747097505438e-6,1.1282079502636933e-6,1.0606234740483835e-6,9.550768683681543e-7,1.1744045538894854e-6,7.0080588307655406e-6,-1.223945158488915e-6,-5.041874544544145e-6,-8.020454748121208e-6,4.078061297455538e-5,8.51648365614024e-6,1.1683872934630912e-6,3.865517812213337e-7,1.2299840242004923e-7,1.2539602781265202e-7,1.0838000384327807e-7,2.867833598383385e-8,2.0620597750631297e-8,4.821824945588915e-9,1.4946099983292883e-8,2.03884260460363e-8,-2.400246913564219e-8,-5.2461236999867825e-9,-3.087783598645366e-8,1.6365158739883867e-8,-1.2646993565046395e-8,-3.865382208600998e-9,-2.653941217123368e-9,1.9928485225229056e-8,1.662994343167856e-8,8.799561315941951e-9,8.620027148587007e-9,-4.007573082119853e-8,1.0219354187790409e-7,1.2059039576504116e-7,7.908701813368336e-8,2.93913761652842e-7,1.7665998502172098e-6,3.4291646547771837e-6,2.229006183802147e-5,-8.404863350071557e-6,-9.617742213190472e-6,-9.841064123847999e-7,-2.8924507943826063e-7,-2.6880349971355465e-7,-1.0590026453511925e-7,5.357049054469654e-7,8.095272521131403e-7,9.813356689408304e-7,7.743935950516701e-7,1.2680444109278267e-6,1.916114652016043e-6,1.2707387185038055e-6,-1.100834163359943e-6,6.433911025546246e-7,1.0772664375058306e-8,1.0476110006762074e-6,-3.3883953908102617e-7,2.4498587658049467e-6,2.1401747384513838e-6,2.262731276494168e-6,5.365017979682029e-7,6.723962546906437e-7,3.410391190006221e-5,6.821126391457489e-7
1.8133654277621147e-7,8.358490975697386e-6,2.906493806733357e-7,3.683493162101703e-7,6.126281343475259e-7,1.1229128536620615e-6,-3.4363912317907364e-7,1.23986456877212e-6,1.707570131240699e-6,-2.0148723616090216e-7,1.0552936934097092e-6,9.992506528206934e-7,-2.1821335556054813e-6,-2.8220303714566744e-6,1.2217759687636277e-6,1.2214674253176128e-6,1.1531112912911424e-6,1.0623194447907603e-6,9.72077042991648e-7,2.843287520229376e-6,7.468532926806938e-7,-2.993903997523817e-6,-2.1474621440088538e-5,-8.330138157147694e-6,3.992511504445353e-5,5.149598204326566e-6,6.506687944334288e-7,2.416612911592342e-7,7.04999185372035e-8,7.776063944362478e-8,6.536448175666898e-8,1.838684928494594e-8,1.1904961794151347e-8,3.465656287882091e-9,8.92101397684808e-9,1.2588695882187473e-8,-1.5381939198710894e-8,-3.3486770976032255e-9,-1.8206472464132874e-8,9.418510624792376e-9,-7.727580773897459e-9,-1.8977175785916956e-9,-1.4655871382496244e-9,1.222736897483756e-8,9.680078004548065e-9,5.5181852838481766e-9,4.824459015195792e-9,-2.4149269594242462e-8,5.996622535413555e-8,6.886987476695251e-8,5.49023658447112e-8,1.983133410018878e-7,1.0772351908290513e-6,2.155808568662554e-6,8.218067694235764e-6,-9.245493495831514e-6,-7.0398160161763815e-6,-8.692853352856855e-7,-4.402870947896043e-7,3.4928627148851365e-7,1.9413008806965505e-7,9.736890554868484e-7,1.964419966440323e-6,1.1998276718500734e-6,1.0306150684412652e-6,9.132024690813312e-7,2.612817519994892e-6,-1.542949090524204e-6,7.578198263163527e-7,2.7041241525971317e-8,5.410703877079648e-7,-9.875972439206237e-7,8.149597216639215e-7,2.385567327496818e-6,1.1094139451917418e-5,1.6351184661008046e-6,1.034157902581101e-6,1.2227205502874484e-6,2.474914805141193e-6,2.035008846708042e-8
8.239480993752046e-7,3.2696536805633115e-6,-1.0713585514967273e-5,2.2244827108348854e-6,1.3460774053541515e-6,-3.5961647651716615e-7,-4.1824129339640634e-6,1.8056444999102528e-6,1.5366008315617075e-6,-1.400869479515343e-7,1.0190038843500116e-6,2.5359656032701406e-6,-1.8621529327157772e-6,-5.2758091915394714e-8,1.1983311055676405e-6,7.084397518433151e-7,1.3059642068953048e-6,1.1972655725023708e-6,8.795600218664879e-7,1.9704918800455664e-6,3.963038336516123e-7,-4.49307567473245e-6,-7.030412247942198e-6,-2.1312708654353042e-5,1.7257788063611226e-5,3.15661041034927e-6,2.5535192293688615e-7,1.4945432264898972e-7,3.665492235747081e-8,4.691130321252679e-8,3.880484659011252e-8,9.452242150009838e-9,6.264264548372367e-9,2.7661196488226737e-9,5.540025554329198e-9,8.204594325267323e-9,-1.0123443211995654e-8,-2.4305368515276094e-9,-1.0545090765856635e-8,5.371590741676258e-9,-5.303641968934514e-9,-5.154241309535123e-10,-7.043374112836176e-10,7.874641551031125e-9,5.803415066774065e-9,3.779407163184701e-9,2.2699103503942556e-9,-1.4346097872186548e-8,3.430237790602586e-8,3.7211279875837276e-8,3.245216769673931e-8,1.2549928540606104e-7,6.658076746652419e-7,1.6182432003939207e-6,6.823638970903856e-6,-2.2803870457876885e-5,-5.303032116756712e-6,-3.4343663852639317e-6,-7.161275779679844e-7,-8.061229624386935e-7,1.0650634419600903e-6,1.7522982295722357e-6,1.687888526953474e-6,1.195951656957539e-6,1.024847229472492e-6,8.432994636095926e-7,3.719404726800324e-7,-1.2582608082923885e-7,2.1828618811328139e-7,8.258624834557527e-7,1.239724415194976e-6,7.942667897899991e-8,1.2590285652871015e-6,-4.54456357464772e-7,5.1292329234788e-6,2.6027565062388013e-6,4.331134797644909e-7,8.613866577647845e-7,1.9936052059015277e-6,-2.2237848427919538e-8
-8.363355549071195e-7,1.6098505014300102e-6,-1.6673095604898492e-6,9.955466715113382e-7,-4.22108469753657e-8,6.887689425753285e-6,8.726713018003319e-7,4.967797726578028e-6,1.5993232501368082e-6,-1.318008932538861e-6,1.5726438664484644e-6,2.509337689211266e-6,9.540313161555681e-8,2.8032261746999245e-6,3.6968942223463145e-7,1.1095307562043023e-6,1.8601466342710094e-6,-4.310030500280893e-7,6.947801463224712e-7,1.910810034050936e-6,-1.070784947787673e-6,-8.992913488691246e-7,3.0475352099542175e-5,4.233993453876606e-6,4.427781763097105e-6,1.4149175518286983e-6,-1.1397136118947993e-7,8.909526952798342e-8,1.2405667144177457e-8,2.5380778691097563e-8,2.2006028160337366e-8,1.2548199875173084e-9,2.268761317814061e-9,2.5842009657717213e-9,3.732715406590259e-9,6.082370846005603e-9,-7.158240186355691e-9,-2.2167518106241957e-9,-5.736674285128363e-9,2.996508486008409e-9,-4.310121317430138e-9,6.515538516271846e-10,-1.5449592318805829e-10,5.6914690567344555e-9,3.761862292717133e-9,3.0515475871961684e-9,2.127600512880079e-10,-7.95465268959017e-9,1.8606216330718794e-8,1.6631808110001424e-8,1.3468639087532708e-8,7.217257262790434e-8,4.0538924099475793e-7,8.813534265129875e-7,3.7732795530594166e-6,2.4011927892540453e-5,-2.6613902434309944e-6,-2.2231022719544357e-7,-1.135582637856536e-6,5.325520875967493e-6,1.2092473814340866e-6,3.7887022467364864e-6,2.2392237002896167e-6,1.0972236526348267e-6,1.2028508425561136e-7,1.1983149568431496e-6,3.965971662693857e-7,5.501111122119484e-7,-1.1322043625000556e-7,1.0873102266705015e-6,1.3716139649219805e-6,3.39482017341497e-6,7.057223398656109e-7,3.910838153754015e-6,2.156350056042378e-6,4.4010592023495e-6,-1.7383412557455904e-6,1.491792421065119e-7,-1.3852949497649481e-6,2.3379745016756104e-7
6.06222378389809e-8,1.2450656375151859e-6,-1.6238595770091236e-6,1.0501896778937869e-6,2.1822146192130854e-6,3.0313772054109568e-6,3.1169440845814525e-6,-2.3784966825527443e-6,2.115748427552977e-6,2.831201840964903e-6,-2.3197102837254624e-7,-1.9893298511795e-7,8.841517835469271e-7,3.3263687242462537e-6,9.788470564686236e-7,1.6043337183294204e-6,3.1936820963029077e-6,1.1619657702544694e-6,5.380545963542538e-7,1.2511743612235505e-6,1.528887963191541e-5,-2.0954044447425103e-6,-1.0179505718462379e-5,6.086757832389918e-5,3.5107520680800252e-6,-8.927220994017216e-8,-5.436996225161472e-7,4.466312365056791e-8,-8.456907259635217e-9,8.049755451589035e-9,1.054938415534501e-8,-7.434011037910083e-9,-1.208045652667522e-9,2.8134274124624883e-9,2.8876904968555553e-9,5.6294944739354594e-9,-5.905774606196346e-9,-2.665252747258151e-9,-2.5128534182905506e-9,1.5609901302671148e-9,-4.3646589476864505e-9,1.8706512323385383e-9,3.0211350536824003e-10,5.041278488127077e-9,2.824930421585492e-9,2.989853221180283e-9,-1.9125855285184737e-9,-3.234007494945512e-9,8.450620633015937e-9,9.525143677358018e-10,-4.5525159579007386e-9,3.062917141656296e-8,2.198858804572046e-7,-7.204491112915434e-8,1.0389400646482106e-5,9.780996976517882e-5,-5.507358849826516e-6,-1.4321226146072897e-6,-5.715184566694288e-7,6.186564995959665e-6,1.6263120146086774e-6,5.267070989616163e-6,3.013096655198555e-6,1.2693454035823228e-6,3.5716143543054194e-7,5.458912644395131e-7,-1.5630741832163287e-7,-2.9083221675418883e-7,1.464371847691659e-7,8.650874362511552e-7,8.843838462233578e-8,2.4336885332595816e-6,1.233904454801227e-6,2.6804070891165657e-6,-1.3818813060698987e-6,5.897791999582536e-6,-3.178683703551011e-6,9.833101731745452e-7,-1.5680628628408356e-7,1.0901214339593679e-7
-1.1574557257292473e-5,-8.825485435903446e-7,-3.978872733551697e-6,2.272690199412786e-6,1.4659303917795042e-5,1.5416462329397752e-6,2.816937319106372e-6,4.958496935405377e-6,1.2583512314346068e-6,4.790746113780808e-6,4.248453330762292e-7,1.2377340275845583e-6,2.6984651594932353e-6,2.0935111605731028e-7,1.2198092918753955e-6,7.959763475774873e-7,2.845842658964437e-6,6.85256013071196e-6,7.653624657415704e-7,1.9795721024458148e-7,1.4960485499588683e-5,-2.2076889993328798e-6,6.995236696010477e-6,4.062573572463879e-5,4.019004241901381e-6,-1.5234532438924365e-6,-1.1284463146174707e-6,1.6818748596936219e-9,-3.1233468375735374e-8,-9.600594597158897e-9,1.180309147241765e-9,-1.850300386292414e-8,-5.258395605423072e-9,3.360619159820111e-9,2.656148462021335e-9,6.667440233387723e-9,-6.198578947780309e-9,-3.952720274147392e-9,-8.855635991178445e-11,6.072005501067679e-10,-5.516598199561962e-9,3.3819544586588535e-9,7.18765797280696e-10,5.664868795074441e-9,2.5677851288374856e-9,3.362828263986373e-9,-4.759392976461108e-9,9.83165551682319e-10,6.34135095278765e-10,-1.4905969331846513e-8,-2.6371999674612567e-8,-1.0139355289373598e-8,5.6838819179838577e-8,-5.607195671860188e-7,2.7003448047379e-5,3.8024502233416294e-5,5.107488312267927e-7,9.134468955919584e-6,1.9011237642604818e-6,2.2344403406151957e-6,2.980156196229178e-6,1.6302295149404067e-6,-3.22956502049232e-7,1.4522402279789183e-6,7.100806604721344e-7,-7.147564395030171e-7,9.245533320110245e-7,-1.0522048773848658e-6,2.3232467472154016e-6,1.0501628603130086e-6,-1.750307193756917e-6,1.2414304220101035e-6,2.2377770747121775e-7,1.7900413245045322e-6,-2.022880880504485e-6,-1.639485679684083e-7,6.918740677887004e-7,7.757075233801824e-6,-9.42212825018357e-6,1.3632193270918248e-7
1.192313598474315e-6,9.485227773376793e-7,-6.811320151510759e-8,1.2888548587868921e-6,8.653544449210693e-6,5.269213155827624e-7,-1.6183894935344445e-6,8.305645778401449e-6,3.7389110396660375e-6,3.0604920590092677e-6,1.0465900611001056e-6,1.016629154895088e-6,-5.083237986509226e-7,-3.291029033256943e-6,1.0354886717568235e-6,1.1784738358730397e-6,-9.062763498817406e-7,9.011238380967068e-7,3.5018334326264446e-7,-2.499390271567237e-6,-5.78633159547004e-7,-1.9217941276001626e-6,1.1870313608507034e-5,2.5660621491433202e-5,3.99489246910687e-6,-3.81476702720166e-6,-1.9706003949429562e-6,-5.5584496314442515e-8,-6.212195097383689e-8,-3.2854970506446256e-8,-9.070537876954e-9,-3.481577944988157e-8,-1.1234002848758973e-8,4.10749535408872e-9,2.8215145751131487e-9,9.370592599089455e-9,-8.286598662909927e-9,-6.5320961595727315e-9,2.0680803011874362e-9,-1.9825023347408434e-10,-8.186740241988843e-9,5.456763583699953e-9,1.0842521318110698e-9,7.597166703177117e-9,2.73003227222457e-9,3.969564687200667e-9,-9.292118494075297e-9,5.452692151686201e-9,-7.670797374248473e-9,-3.643117559672948e-8,-5.9165791156690075e-8,-6.548964747757902e-8,-1.3816605023359018e-7,-4.439107859493641e-7,3.867737476513367e-5,3.023557743805092e-5,5.255596253231776e-6,2.4532400678632117e-5,-3.522555281072482e-8,1.1973638641908701e-6,2.602957651243232e-6,1.005016275114712e-6,1.9088103019714085e-6,1.6889658148849353e-6,9.861166843810443e-7,-1.410663732874351e-6,1.4143805050380598e-6,-3.761688515128925e-7,2.2521175231856816e-6,1.4001334749596862e-6,1.0218112137341252e-6,1.4651949272222133e-6,1.2653741776576633e-6,1.1703900631853114e-6,7.747569875360316e-6,3.6342040269063293e-6,2.5923716085886285e-6,7.23270132770717e-6,-1.4871294259571322e-5,-1.2306938055172578e-6
-2.3561965959892905e-6,2.1555942197049928e-6,2.90829086976101e-6,1.1525301404862188e-6,-1.9749017994672105e-6,1.6435161722283544e-6,-1.9214295038717412e-6,4.774383754537337e-6,3.8330336979043535e-6,1.0435627227543209e-6,1.2793272966172387e-6,1.5699964907194276e-7,7.042411239467583e-7,-4.982218617651591e-6,1.0833552377855994e-6,1.7677477646200536e-6,-3.952254767541208e-6,2.1452771261456506e-7,5.660876154609751e-7,-2.403435651260555e-6,-1.2947845296393036e-6,-3.2738555959891838e-6,-7.291059258189403e-7,1.7851857233929724e-5,-8.014569635743651e-8,-5.203680517480059e-6,-3.1420475443662776e-6,-1.4477340437536456e-7,-1.1039434142789961e-7,-6.928462442599148e-8,-2.3687426546570302e-8,-6.086024724373251e-8,-2.113001203509768e-8,4.852148093692499e-9,3.2010157281270327e-9,1.4272459587449938e-8,-1.2948462502093695e-8,-1.1276414136318636e-8,4.3752632525650985e-9,-1.187378390632432e-9,-1.325851166661396e-8,8.46084817063275e-9,1.2915642351174485e-9,1.1145801389833565e-8,3.1057621885155486e-9,4.548576013507777e-9,-1.7084930952593338e-8,1.0499205493830212e-8,-1.9826399976885513e-8,-7.122253104347998e-8,-1.142141164287791e-7,-1.592945630100151e-7,-4.423604522303948e-7,-3.426182686814938e-7,3.4383332964920866e-5,2.4393582199013952e-5,4.839041049087945e-6,2.9597018235559782e-5,-5.918846562486202e-7,4.453601850440414e-9,1.904365170475364e-6,6.651064270811857e-6,2.4534960694004182e-6,2.3811438371200034e-6,1.0903554054112253e-6,-9.084346742303185e-7,2.1661759800790216e-6,1.7976287035793127e-6,2.121855328478217e-6,1.044885710377863e-6,1.6049523438055326e-8,1.5746384974845375e-6,1.1130544872918202e-6,9.754753220296176e-7,1.3329020339894249e-5,1.8845595158535345e-6,1.4854148099836541e-6,1.7023646581663776e-5,1.0043905101261742e-6,-3.275213610472316e-6
-3.0939494453036124e-7,3.010676942395385e-6,1.5874504576628425e-6,-2.8867705952389745e-6,4.3056278196491605e-7,1.103437024597298e-6,1.52291877485633e-6,8.122141875367861e-7,3.2152257612263703e-6,1.1121756188405163e-6,1.1738910347821597e-6,8.219230304939318e-7,1.8040967063237768e-6,-4.532166543449845e-6,1.0070878962885833e-6,1.762397112752945e-6,-5.3058116467420985e-6,-9.248306836004971e-8,9.8293627484225e-7,3.3231475854459626e-6,-4.039711744411534e-7,-1.4989874067981246e-6,-2.864014006527471e-7,7.819652348848942e-5,9.884285033606988e-6,-6.868555892742223e-6,-4.555699480707665e-6,-2.8198316901208996e-7,-1.9161243862115817e-7,-1.3091396076247986e-7,-4.7594612920509594e-8,-1.0387630205948018e-7,-3.814851487278226e-8,5.227581111633128e-9,3.5518586518845653e-9,2.2327910348241e-8,-2.175149822887246e-8,-1.9747626535815413e-8,7.241149727166275e-9,-2.82842403529493e-9,-2.2326794871396774e-8,1.2947392203721543e-8,1.0648872167395852e-9,1.692379537681088e-8,3.4400070317186507e-9,4.670920186677918e-9,-3.080543851086137e-8,1.5851497053853693e-8,-4.092187236843792e-8,-1.3133914055876163e-7,-2.1008559057971167e-7,-3.3208742577278684e-7,-9.602478218040501e-7,9.77634704490038e-7,1.733854703145692e-5,1.1081863375161638e-5,3.7677346015052352e-6,2.5557510000161398e-5,2.8893881560085877e-6,8.584351013980918e-7,6.397267688168063e-7,2.9878553227748794e-6,5.083661426988751e-6,1.0547287935051664e-6,1.0706221942687667e-6,1.9629250950203848e-7,2.3675305045987696e-6,1.9034504781456185e-6,6.364543700825954e-7,2.0794900507376423e-6,1.038405692487543e-6,4.6560167859510675e-7,8.88942290717254e-7,5.650441869389589e-6,1.8060019402452833e-5,9.796478683283817e-7,3.6137636937453313e-6,3.7593039422161015e-5,1.7020651348502948e-6,-8.997867836034735e-8
9.120016487952798e-7,-1.3001525161405736e-7,-3.178303964210827e-6,5.716230454202664e-7,7.739790923390721e-7,6.93406928665663e-7,2.4218305081932014e-6,1.0262141956118853e-6,1.4336106537412353e-6,1.0334984255737645e-6,8.218972478865272e-7,1.934635776235805e-6,1.3599622221919905e-6,-2.5529331244522614e-6,1.0506198557931113e-6,1.985225299183613e-6,-2.9049225765007016e-6,2.5487260837472107e-6,3.847108671436672e-7,2.1935249553419746e-7,8.566573249136011e-7,1.73238890531624e-7,1.1405044179797485e-7,5.295317360504648e-5,2.8074831389691825e-5,-1.441957450139011e-5,-4.934072527975953e-6,-4.7160603819222936e-7,-3.327892239077479e-7,-2.3767529853682136e-7,-8.856334730334981e-8,-1.757151918666211e-7,-6.757063593421098e-8,4.60093443754861e-9,3.4617455933805275e-9,3.5022613647606174e-8,-3.753482616015713e-8,-3.46611589136403e-8,1.1174951987946713e-8,-5.926474346706901e-9,-3.816023725432549e-8,1.9819698513745544e-8,-1.7598670751795e-10,2.594123236898671e-8,3.311831679830846e-9,3.6142924408455457e-9,-5.502374831505286e-8,2.0395528166883283e-8,-7.95784754949791e-8,-2.368907370687845e-7,-3.7786747240204924e-7,-6.545013688493806e-7,-1.538018210721992e-6,-5.178415455256158e-6,3.43939403378319e-5,-1.1203482048742475e-5,2.279560711665396e-6,1.53110968974435e-5,1.910661940696694e-5,-5.346567717595552e-6,-1.3971594664996868e-6,-1.0219242930238237e-6,-2.443048250654112e-7,1.9792817012606492e-6,9.210322753443911e-7,9.740837181071661e-7,6.53402805365122e-7,1.3306014608096996e-6,9.73170815483293e-7,1.7954080893136216e-6,9.781598087899246e-7,-7.654563462057618e-7,-3.965221639476036e-6,3.4573542085450492e-6,2.3513991873461816e-5,3.512349869967868e-6,5.832195519647199e-7,1.0939039989123912e-5,-1.2458377182340142e-5,4.075363666959597e-6
3.5248784097967614e-7,-1.0257884658802386e-5,-3.00695784202929e-6,5.839421331203854e-7,-2.3858366426932066e-10,3.036513041168343e-6,7.704263421233871e-7,1.4950319987006467e-6,1.4318790095184665e-6,1.7315603381716783e-6,2.034199823293559e-7,8.140331975686311e-7,1.0040714081877233e-6,-1.9881420675079698e-7,1.0820640301392403e-6,1.1721285154092876e-6,-6.281204321765266e-7,1.1138283275091921e-6,7.308303294579766e-7,2.2615109213659504e-6,4.928259334934238e-7,-1.279354384902498e-6,-1.0085833707391956e-5,2.3157765581144265e-5,1.6712209166249227e-5,-1.4389770945524272e-5,-3.6089335084030563e-6,-6.859859907809019e-7,-5.807045400370026e-7,-4.231151546318479e-7,-1.5981802036858507e-7,-2.958639448674805e-7,-1.1812795845094204e-7,1.978974303096237e-9,2.2168747913164923e-9,5.4518500023559294e-8,-6.524368277162074e-8,-6.066403388395037e-8,1.6957909453640952e-8,-1.1955293418119961e-8,-6.549446306541862e-8,3.0637222397666977e-8,-3.548028494237965e-9,3.977749366359529e-8,1.9966526102255246e-9,2.3437974077111793e-10,-9.756449372081423e-8,2.197630590934363e-8,-1.5085674170807195e-7,-4.217589287337953e-7,-6.695418862814551e-7,-1.274841116856984e-6,-1.137799390493388e-6,-6.470462174956482e-6,2.741477264955421e-5,-8.440192283761595e-6,5.816039425244002e-7,-1.3530341096525024e-5,1.1508280954551166e-5,-6.456918885254792e-6,-4.571732211684421e-6,1.3888634909562382e-6,3.0304618497611905e-7,4.395357707114567e-6,9.251071358013396e-7,1.49053730593951e-6,1.079387505185636e-6,2.889844182389889e-6,-3.2216654647583277e-7,1.4493585730017688e-6,1.0197318588777372e-6,3.615884536564251e-6,-3.4948550724199114e-6,8.965140818832907e-6,1.8686688670093378e-5,7.331470385541006e-6,4.757690128080938e-6,4.314734606619419e-6,1.6021911267431246e-5,2.348728762207937e-5
-1.654462946548474e-7,-6.88635351121959e-6,-1.6109778710030832e-6,6.477878411048632e-7,-6.937430758483299e-7,1.2737271456522081e-5,1.0100917477531725e-6,2.291550783872909e-6,6.4271099514928716e-6,4.065678596505418e-7,-3.9015133041278016e-7,8.628712934960037e-7,1.0118483696173187e-6,8.524965833980548e-7,1.1073731921632969e-6,9.699370439681943e-7,-1.5748504918562167e-6,1.727437300858381e-6,8.376602993255045e-7,6.505683796123485e-7,1.5919761812221323e-6,8.023999579833464e-7,-1.4455727723685131e-5,1.652550820494958e-5,6.607654006339847e-6,4.704586724449267e-5,4.758721309060299e-7,-1.3188401074577416e-6,-1.0142509010465206e-6,-7.43703815826724e-7,-2.8512189836669147e-7,-4.963780807848872e-7,-2.0415518853332817e-7,-4.001165907696613e-9,-1.3260410083759666e-9,8.382288295003537e-8,-1.1332733383967453e-7,-1.0561624411214999e-7,2.596094322184772e-8,-2.362599221841233e-8,-1.1236011528817925e-7,4.820467125148387e-8,-1.1085625810114408e-8,6.088264155095225e-8,-1.6661334623524483e-9,-7.102091324406868e-9,-1.717588985245211e-7,1.7499599247039478e-8,-2.8098859948855196e-7,-7.42825289545701e-7,-1.1701414363674001e-6,-1.8269317917198436e-6,-5.104143333776501e-6,2.669896977560371e-5,1.0824048295839206e-5,2.0938942558310348e-5,-3.244023056263679e-6,-1.842533005602706e-5,-6.988208426879306e-6,-2.654747933074186e-7,5.366466815284166e-6,-8.023504903141854e-7,6.040249456242153e-7,4.806288781468227e-6,1.4857027376913524e-6,2.859216986422597e-6,2.2332729400261767e-6,1.6644473457886777e-6,4.095182579632706e-7,8.726474846337373e-7,2.267806721889798e-6,3.989670804180623e-6,4.8036709858678915e-6,1.7662231440908727e-6,5.6067188061637466e-6,6.684837816967449e-6,8.50432217121111e-7,2.4037147714923515e-5,3.1148220931043416e-6,6.451489839581548e-5
3.895293768713626e-6,-1.8163340653529103e-5,-9.782112748294437e-7,8.523359438307843e-7,1.4038770672479828e-7,1.4152798557316439e-6,4.180046073347166e-6,-7.556250159969303e-7,3.930021677225915e-6,7.765861592804236e-7,-7.920779317327487e-10,7.087952981488677e-7,9.615383409627533e-7,6.886891273107043e-7,1.0101670821382581e-6,1.1032789372379172e-6,-2.095780655220836e-6,2.9806086967951506e-6,9.680612706575388e-7,-1.0247415381047231e-7,-2.4292514893021756e-7,-5.020387098150003e-7,-1.2871571861405119e-5,2.1099286848093038e-6,3.483407243256864e-6,1.4220785238045486e-5,3.704752556970044e-5,-2.17646775377216e-6,-1.790687506383737e-6,-1.2942879915632367e-6,-5.082011788468788e-7,-8.299928676283819e-7,-3.4893248479354043e-7,-1.4799346756133592e-8,-8.757066780851197e-9,1.2699744089694766e-7,-1.9604353467033153e-7,-1.8267489313978926e-7,4.0770446583260346e-8,-4.586269963421375e-8,-1.9227885175614468e-7,7.770957721306981e-8,-2.6343284118568457e-8,9.310411541021413e-8,-9.292427180207509e-9,-2.0352917683419405e-8,-3.00170219515028e-7,3.7970902034834e-9,-5.149557060384779e-7,-1.2935837353901914e-6,-2.0544663762140037e-6,-2.4949048391303854e-6,-6.2859458350871925e-6,1.3030045575621775e-5,1.3535817000890572e-5,4.021842803637488e-6,-1.0392215322901754e-5,-2.6230997629002716e-6,-1.0163720575152602e-5,2.517495346306742e-6,8.842450276833392e-7,-1.976955920995671e-6,-8.004213633135749e-7,3.981095577695015e-6,1.992295622117091e-6,3.89952431580809e-6,2.009712378655659e-6,8.827106269518214e-7,4.5586528364003345e-7,-3.378240827486501e-7,1.5544998436584968e-6,-1.3120867606115416e-6,1.4338971680290192e-5,8.635785142357077e-7,-6.919861290242135e-8,4.549427157343011e-6,1.8133863971930376e-5,1.6038290000717194e-5,7.44409272126303e-6,-1.279836811232492e-5
1.1566701972891558e-7,8.825525410143653e-6,8.168309093572157e-6,-6.742913904416037e-6,-2.3972597312169497e-6,1.3663975162573784e-6,3.35481216663549e-6,1.4202325324661259e-6,-2.7796055891093573e-6,1.1972573884290628e-6,8.83278728790815e-7,9.339515237786422e-7,9.818244218920303e-7,7.568492901450564e-7,8.524479160388899e-7,8.177340625490581e-7,-1.2244107210537704e-6,6.821564188275175e-9,1.7080195963725675e-7,1.284082588580704e-7,3.585750185943759e-8,-1.6449115325654075e-7,-2.1114789295919813e-6,-1.605183453282475e-5,3.973543655226419e-6,6.842309650584744e-6,7.470997052309145e-5,-2.7680990696181685e-7,-2.6003592187058277e-6,-2.188475219759578e-6,-9.07641592799191e-7,-1.3835089730327211e-6,-5.897889007565827e-7,-3.097111602383684e-8,-2.1737925103071378e-8,1.895656696237147e-7,-3.372096510435685e-7,-3.136428786936874e-7,6.642847869149371e-8,-8.746250951768842e-8,-3.278542670717033e-7,1.28908083903867e-7,-5.531824792455176e-8,1.426223294237694e-7,-2.2572820947708294e-8,-4.1012172892929135e-8,-5.206365586201467e-7,-1.9832237945371922e-8,-9.281763807222677e-7,-2.2697164881863686e-6,-2.987118338836281e-6,-2.642743908311529e-6,1.0131411828927851e-5,5.335945533968678e-6,8.022455475934698e-6,1.3430889636034004e-6,-4.941180726069083e-6,-2.023347150232802e-6,6.134939717812316e-6,1.1928492895813437e-5,1.2581581268630516e-6,9.826954562174306e-7,-2.6267911650115773e-6,2.6124583874130636e-6,1.7770730565773497e-6,3.7927886697387116e-6,7.510615914806396e-7,1.523304704542694e-6,-5.303834326960466e-7,6.525464650891433e-7,6.193751434737661e-7,1.0614191258458305e-6,8.687513104029022e-6,5.324857923014159e-6,1.329534416573508e-6,3.8046793724179742e-6,2.51048637299065e-5,4.58142120614935e-6,-1.646264357249482e-5,-7.4405003784610464e-6
1.2021668487075755e-6,3.6016895500516035e-5,5.601103664963825e-6,-8.828154449331294e-6,5.95560706906495e-6,1.0648670890219148e-6,3.5423884870278145e-6,-2.6709224333067996e-6,-4.0551597837937385e-6,1.3159377094133397e-6,7.911220147464704e-7,1.1923876640052679e-6,6.117686697175273e-7,6.590556048421403e-7,1.015951325838449e-6,2.455399310862405e-6,8.510145839789818e-7,7.5149851012557e-7,2.91193420091207e-7,8.058944340423757e-7,6.818105741932534e-8,1.4869506076800043e-7,-7.927107214862783e-7,3.6203443249069878e-6,3.6436908603990404e-6,3.5163438242884484e-6,1.1270775327354189e-5,1.2068029818258785e-5,-1.7033216133731767e-6,-3.373065561866873e-6,-1.6673445351831795e-6,-2.2996904489183233e-6,-9.857368140739454e-7,-4.946757506504307e-8,-4.060133183731996e-8,2.7968032577381234e-7,-5.762181810567757e-7,-5.342641870396126e-7,1.1286485392376645e-7,-1.6388756855371111e-7,-5.565627371171056e-7,2.2029120311108932e-7,-1.0779813283268159e-7,2.1964637500351272e-7,-4.184575595528317e-8,-6.78305626265141e-8,-8.959120020658907e-7,-4.584796685808135e-8,-1.6437249512307295e-6,-3.1646235002272596e-6,-2.092613756960582e-6,-1.0942653371253108e-7,5.621983651298624e-6,3.7831580122102084e-6,6.89490633343679e-6,1.0655903263947054e-6,-7.371842495713655e-8,6.130027693992402e-7,1.2621457751271548e-5,1.3660052513310484e-5,9.243580585030164e-7,-1.1539749071560968e-6,-1.0459025082045326e-6,1.5592431407388531e-6,1.7213433989672346e-6,2.492733858481766e-6,8.916828178272329e-7,9.003358748554292e-7,-2.725408094937476e-6,-8.667007184206543e-8,5.491850814959731e-7,6.810587047279215e-7,1.6279489987015118e-6,6.2487127489388565e-6,9.153194173467539e-6,2.672394448467479e-5,9.209049356011434e-6,-1.2225800053312642e-6,-2.0944545011512505e-5,7.003076729344304e-7
1.8014589909949752e-6,1.4941536294051173e-5,-4.468752742501758e-6,5.541822595355184e-7,-1.6874424768111186e-6,1.7377195028940752e-6,1.3912373360117859e-6,-5.295019221019182e-6,-4.0362987411244005e-6,3.82331280139363e-6,4.311156630016644e-6,6.183207805425583e-7,8.362312617392398e-7,6.77785207228343e-7,5.215661115693493e-7,2.00331148961741e-6,6.310104404554374e-7,7.547674215725886e-7,7.845684946683251e-7,2.459323743110975e-7,1.1206846661884873e-6,7.333148257463518e-6,6.92651520923715e-6,3.0759861817570845e-7,-8.477488879143868e-6,1.8681556552669233e-6,2.931089618088079e-7,9.160573096643066e-6,5.784447844313134e-6,-2.9531259313419268e-6,-2.533217523572273e-6,-3.8121735755678455e-6,-1.6286391939444478e-6,-5.7041141356817264e-8,-6.065063892095602e-8,4.113790537953799e-7,-9.77486559306673e-7,-9.02415353696151e-7,1.9959729014493721e-7,-3.0188848441106145e-7,-9.399240429640244e-7,3.8695803437192034e-7,-1.9917494017585026e-7,3.415576198375181e-7,-6.232542002649888e-8,-9.146058552454984e-8,-1.5170443004183799e-6,-2.8520144563670694e-8,-3.580638900095301e-6,-4.204848532539674e-6,5.6397972112544935e-6,1.6380031826463528e-6,3.6128977238215623e-6,4.592289257970661e-6,9.186894137374125e-6,6.445363597661125e-7,1.0251680624193682e-7,1.6671398897874612e-6,3.5068968709096817e-6,-6.70736443992237e-7,1.226897131200233e-6,3.8771722252105125e-6,1.6078972542254988e-7,1.3156926761438203e-6,6.29285387082268e-7,1.7355358659453257e-6,8.697638216460302e-7,7.074772443160127e-7,-1.7968903004349392e-6,9.061159362213856e-7,8.302295693168871e-7,1.019901248920352e-6,2.067559178550993e-6,1.0139600675092676e-6,1.531583332801052e-5,4.869215782884102e-5,1.8375094590383956e-5,-2.4098602367304102e-6,-6.567101968113787e-6,1.7585901897194667e-7
4.2661203577529784e-7,2.9168631539799875e-6,6.902110354638546e-6,-3.78232314217174e-6,1.0176182192007e-6,2.712283174365493e-6,2.902821127141531e-6,-1.2906741031431746e-6,-1.4489144943063526e-6,4.82754532899794e-6,-2.825434861957188e-7,7.720580348657303e-7,2.336954807814529e-6,9.759222073980833e-7,4.2142644731337774e-7,1.7171001635556406e-6,8.052475401370885e-7,7.853334375194754e-7,1.1593351336295356e-6,2.7412138397033824e-7,1.936481944330404e-6,5.097401169607618e-6,2.819064696563811e-6,6.344171370046503e-7,-3.369850479457304e-6,1.2721378569313658e-6,-6.965984674191861e-6,1.46341107746772e-5,8.329612881849968e-7,1.5526993760177634e-6,-2.3251650347468347e-6,-5.366776487169145e-6,-2.859084140197754e-6,-2.0885051545993518e-8,-6.26829823318853e-8,6.128998006716069e-7,-1.6449158057878721e-6,-1.5104737956634586e-6,3.6490446760562014e-7,-5.469930259895617e-7,-1.5772880851098515e-6,6.953298024305887e-7,-3.5256007524915314e-7,5.389300665870289e-7,-6.459866800100356e-8,-6.800774638155982e-8,-2.5562470625204895e-6,8.648678504684205e-7,-8.411185724269176e-6,-1.2542068036876864e-5,5.698069379320714e-8,6.26788257584725e-6,2.593536904467886e-6,2.4584143108245862e-6,1.9282590729319705e-6,3.8570503623198694e-7,2.4868593368168047e-7,2.759233820186169e-6,3.103145614878233e-7,-1.89124132347851e-7,6.904640067561418e-7,5.034107579325586e-6,5.869717951100695e-7,6.227117245054536e-7,8.866744831831364e-7,3.056696483251731e-6,1.0101258795491398e-6,6.569055045090756e-7,4.827071286709117e-7,7.679641619852795e-7,1.2365812463888126e-6,-2.3785312429430716e-7,9.801098798121632e-7,-4.431159624449399e-7,1.1736284773251993e-5,5.497966451125129e-5,-1.3152217115464216e-6,-2.1653564253069968e-6,3.3275328812529817e-7,2.736569468230199e-7
6.138976919866757e-7,6.549773265264181e-7,8.756090894771518e-6,2.759751722514592e-6,5.364409789478497e-7,1.8584786764607398e-6,1.754027930160751e-6,2.5701727213131244e-6,5.396398412119474e-7,3.7037511176822635e-6,-2.2354296561995057e-6,3.95573191060139e-7,1.0820426495830481e-6,1.7634876292880408e-6,3.696720028796952e-7,7.169099697788007e-7,-1.0364195616058059e-6,6.692664846063456e-7,1.636662979365733e-6,1.1568753391279385e-6,6.300920908185237e-7,1.7748457555778253e-6,8.896955342894142e-8,-6.315552865250096e-7,8.529638610841106e-7,-1.1466299887898602e-6,2.705526382361301e-6,1.0775021494111559e-5,-3.190414712864376e-6,-2.0669910763167265e-6,-4.416969584982189e-6,-1.1517650939865788e-5,-4.336233517453537e-6,1.4031943368723488e-6,-3.3300412700113526e-7,9.469964435899315e-7,-2.7426459082680155e-6,-2.501723099083253e-6,6.736643211871396e-7,-9.75310303008925e-7,-2.6444614557520563e-6,1.2726923758699105e-6,-5.977801007050698e-7,8.654089036809198e-7,-3.30184481226814e-7,7.839422994250667e-7,-1.5640656634377748e-6,-1.1440917481835511e-5,-1.611619158059634e-5,-5.662635546309635e-7,-4.369155078603227e-6,3.757506304308356e-6,2.372951187061312e-6,1.4660503273663084e-6,1.1788181166730195e-6,1.1876242037997864e-6,6.378335132140256e-7,6.17730716647924e-7,2.180006396353984e-6,-4.863278285944795e-8,5.407236459382902e-7,5.559242497899386e-6,6.185159049484357e-7,6.900971393937639e-7,1.1219230206872322e-6,1.0195137254028542e-6,5.988417814155822e-7,5.630596148203493e-7,1.208113253329879e-6,6.191472044389634e-7,-2.089723964922785e-6,8.603482338242152e-7,7.729607681145279e-7,4.7030754674635135e-7,1.4012596019666402e-5,4.867616351508773e-5,1.848902465648905e-6,-1.7003461069775351e-6,7.377903284594601e-6,1.0136142695373885e-7
-1.0199981329817031e-8,3.0468541655910508e-6,-4.5537973130542646e-6,1.9018814095755233e-6,-9.77657406436172e-7,4.796067619811329e-7,2.546850542290047e-6,1.1387949804801512e-6,6.555305619752705e-7,1.1686783031131353e-6,3.0200337216320205e-6,7.937304615936115e-7,4.086125144948438e-7,7.385463042909991e-7,1.1536584780540206e-6,8.374077087998977e-7,-1.1189067212658666e-6,2.9522667949128943e-7,2.0277411752950504e-6,1.1440682281087966e-6,1.4131684594637318e-6,1.6757867603877543e-6,3.441112678482572e-7,8.784176934718335e-7,4.878766461594353e-7,-3.6564513997060515e-7,1.2265283958163621e-6,3.0173163525376803e-6,2.0812398289886015e-6,-1.6921940602012575e-6,1.281771034164181e-6,-5.075722491920687e-6,-8.82716318777802e-6,-1.1145750868773785e-6,1.994985685385609e-6,2.7221636465463384e-6,-2.7313109399081493e-6,-2.426428789808222e-6,1.3777571684964852e-6,-1.716198721736273e-6,-3.2713889017298104e-6,2.3006389754082204e-6,-2.7653049304852685e-6,2.653297378590569e-6,1.9450213117997883e-6,-6.291762945087421e-6,2.960349553165376e-6,-5.621921121231832e-7,4.077320840607968e-7,2.683165297928003e-7,-1.2884729991317734e-6,1.9025147924572217e-6,1.2325317120354118e-6,-2.8082491941381795e-6,3.096325867377159e-6,2.039874039866607e-7,1.3346042014843906e-6,2.0813297873149896e-6,2.1429714779738654e-6,9.501304464955007e-7,2.103811388211652e-6,1.3166996849738545e-6,1.0295267784061313e-6,-8.0226912476572e-7,8.314169255144721e-7,5.442527636764672e-7,1.4680126941111206e-6,4.306765483244268e-7,1.1038334600367739e-6,1.295058172976482e-8,-2.935626556170068e-6,1.662707357964588e-6,6.167640793496077e-7,3.2531531049877274e-6,1.352437120974701e-5,1.9621938654989046e-5,1.0741515689392413e-6,2.7802518257022957e-7,6.5890111416518685e-6,1.2206606421738543e-6
4.126779453181613e-5,3.042466027922686e-6,7.622975598503756e-6,4.74041543587207e-6,2.180447959731868e-6,7.04187764812847e-7,3.7984405943190858e-6,6.956995303577296e-7,2.235024772942218e-6,1.9752039766031126e-6,3.8316499766204e-6,2.155114326553598e-6,2.2804918286739363e-6,1.175753454589601e-6,8.185652172974844e-7,1.34030676135255e-6,-7.776812963987468e-7,4.381373528907773e-7,1.7960982276211236e-6,1.4392074310657366e-6,2.1150560332496848e-7,2.4553077608577835e-7,-1.5794226263696753e-7,-1.926492167167615e-6,-8.572433187943096e-7,1.1599130895611598e-6,-4.339500000323349e-7,1.961741985131793e-6,9.26852708697501e-7,5.171478865659607e-7,-1.1827660252934769e-5,-1.1870244003016395e-5,-3.633598408660621e-7,-5.907215533506261e-7,-2.157874861402909e-6,2.437860493582811e-6,2.0538098101936075e-6,-3.1732860475213176e-7,-1.55952863287383e-6,-2.4313900727263474e-6,-1.5678489466449897e-6,-3.598934608378901e-7,-1.7890250313495895e-7,3.76655006303217e-7,-9.562080788245386e-7,-3.968439064873319e-7,-2.920159658742705e-7,-5.104281027670244e-8,-6.240737034383326e-7,7.403412541347354e-7,1.398407398980095e-6,5.303963267581757e-7,6.214846371776739e-6,6.442574035466109e-7,3.3108126372893623e-6,5.935987725129488e-7,3.250303359283224e-7,2.1696069457604938e-6,3.475174588094432e-6,4.300578248804299e-6,9.369746356018282e-8,3.990163566960803e-6,1.73416033768925e-7,-3.147513677562719e-8,1.8071643154853323e-7,1.849900584037334e-7,1.1087467485405345e-6,1.5976329559650005e-6,8.098706671321621e-7,8.618402851399365e-7,6.441137770952787e-7,2.3352412973051795e-6,5.993421371875085e-7,1.197980044379632e-6,4.538803550013548e-6,6.2288013870270615e-6,6.132212263705706e-6,4.225715678170894e-6,1.3922836996358878e-6,2.0518289542441616e-7
-2.307467120984275e-6,2.408555937068324e-6,-6.93494133902789e-6,1.186170421915711e-6,-2.2714694587595563e-7,6.962625432791914e-7,1.2685321517867499e-6,3.213335585437083e-6,-1.266326239154958e-6,-2.5707232367158105e-7,4.220376320630459e-6,4.238639924215715e-6,2.028290617368134e-6,9.145370634335626e-7,-7.790269311407361e-8,-6.330561666068934e-7,-1.6643997594072426e-7,5.35464363481819e-7,1.357331561571118e-6,8.915711517744285e-7,2.4129863343043127e-7,5.307255545329071e-7,4.477080014658963e-7,-2.1921634149806194e-6,-5.84998513064372e-8,-8.586255591063185e-8,3.563206497884775e-7,8.154417867969333e-7,6.875143539023965e-7,2.991969509465653e-6,1.4179377431283636e-5,5.378224853566316e-7,9.41080910543013e-8,-2.9639132843573004e-8,-3.0281914942453804e-7,4.776849327456923e-8,2.793261874000086e-7,3.727644216563908e-7,2.615948788528799e-6,6.906270866198505e-6,5.880789833309531e-7,5.366192106843304e-7,2.992791761254221e-7,-1.7101695094789983e-8,-1.0244619606424755e-6,1.623778426027567e-8,-1.9276688106005804e-7,-6.056420065598812e-8,4.495560939264065e-7,3.743573444816795e-7,-2.0787936220102444e-7,-2.9289506815218248e-6,8.908676978405961e-6,6.045603601408933e-7,9.332536648583024e-7,6.637848361594757e-8,-1.6241660288399573e-6,1.6065895736333324e-6,3.1533832903123395e-6,3.7703505815434027e-6,5.732730494018457e-7,2.401643899117545e-6,7.458566406555178e-7,2.5130036438714143e-8,5.594296871804794e-7,4.878242277336131e-7,4.823621154073221e-6,1.3252427373972031e-6,7.458420053275906e-7,-1.4183333438080315e-6,-3.3973859958268407e-7,4.6728415914913946e-7,2.240304941230864e-6,1.611711412527228e-6,1.471980560641284e-6,7.806013796492727e-6,1.0344146482977057e-5,2.5413182206228015e-6,9.506574301721749e-7,4.294728925075875e-7
-6.124040973718037e-6,-2.2239818782091137e-6,-2.8743805849249518e-6,8.137683856999534e-7,1.5680114981531324e-6,3.232617455108211e-6,4.698418541997019e-6,3.5368973913116887e-7,4.764889520880011e-6,6.390821020222371e-7,6.890429100773932e-6,1.7749752747067804e-6,1.9539916173751948e-6,1.1201469870740112e-6,2.8516904113008227e-6,1.91178212382237e-6,-8.007871366316199e-7,7.278278787968828e-7,6.124299183655868e-7,5.123748671559403e-7,2.625241933793543e-6,1.1880092623704596e-6,1.3547781880339338e-6,-1.4173018359944224e-7,1.5355376261250165e-8,-6.279590536712898e-7,9.405008670290594e-7,1.7107773311972441e-6,-8.759482998182745e-6,-5.579374602697174e-6,-1.0257699419785604e-7,9.505378616666782e-7,1.4562693961508444e-7,2.8394520481822562e-8,-6.925642583067027e-6,-9.578789634036022e-8,8.485278812422337e-8,2.3140667932972648e-7,3.9089442063864333e-7,9.647428211136956e-8,3.574758689974811e-7,-3.7995418373903965e-8,1.302950198070363e-7,-1.0058416595259967e-7,-1.2322483124751482e-7,8.867355680552969e-9,-9.362247551594205e-8,5.864392408416297e-7,5.570737730287157e-7,8.488977186759561e-7,1.5112957253257342e-6,4.99768761107422e-7,2.336199770806702e-6,-6.119413412499675e-6,4.5364054334051666e-7,1.9333345927177837e-6,7.146317711733908e-7,2.8061300566889714e-6,1.424124811802341e-6,9.429699699912675e-6,7.81855859159355e-6,-6.37960758520717e-7,4.996433889114638e-7,2.952736286140345e-7,8.580584090665423e-7,4.792005251976983e-7,8.502709100539674e-6,2.1330412621863414e-6,7.729677408923497e-7,4.2930734450916667e-7,2.9748631559054494e-7,1.0353972916060661e-6,6.249434560593681e-7,8.430641298544673e-6,8.107345021474988e-6,-6.426918432312467e-7,-9.051578296796758e-6,8.362418099190229e-6,-7.077678266338094e-7,-6.9639682518374164e-6
-1.1224460389372083e-6,7.046754585982918e-7,2.3644633975185016e-6,1.0332589990683873e-6,3.687583354661084e-6,1.01909693480583e-5,6.002835828547038e-6,5.814173754168816e-7,7.248877838383461e-7,7.998911348425853e-6,1.0291917329207712e-5,3.763925388662859e-6,2.545227898383029e-6,1.7099060903114305e-6,6.331379454806996e-7,8.894075686892933e-7,-3.3994046561293126e-7,1.0661590019369394e-6,1.0599712668429852e-6,6.327286953567324e-7,-2.5985790015397247e-6,3.63047673801753e-7,1.4074659898689392e-6,6.698499119166091e-7,-3.1666932822492336e-6,1.935016310214888e-6,3.7528462072126124e-6,3.609174803265858e-6,3.1360310243298884e-6,-1.8088480446073374e-5,-1.9101228167629047e-6,1.7237615777001115e-6,-1.3548495254870386e-5,1.4414236208460275e-6,-6.614194792203043e-7,-5.178008327192396e-8,-2.9866029052083575e-10,1.193564795319846e-7,1.3533827202358852e-7,8.438215158574902e-8,1.220202594684805e-7,1.1916323067207025e-7,3.377746555850436e-8,-2.5600261605740473e-8,3.678125987789383e-8,1.7169679706752206e-8,-2.2492573705190644e-8,1.241124746650657e-6,5.707271539638681e-7,5.592099022386777e-7,1.531575910420835e-6,3.6645373299466936e-6,3.842505942329044e-7,-5.23241299671492e-6,-9.13704739294885e-7,1.674537346744076e-6,1.2806521509372449e-6,7.169375646886468e-7,6.422318494103241e-7,9.173145237071557e-6,7.675366309617427e-6,3.5321474720330096e-6,7.080958067014809e-7,1.1711897981088405e-6,3.381983350070117e-7,4.521025376152954e-7,1.0372656586096407e-5,7.612723393898225e-6,1.7051778955703424e-6,-8.438584997855659e-7,1.064867191903507e-6,7.639424838331355e-7,9.018381431173062e-7,1.7261961525266712e-6,1.12813995586746e-5,1.5941698625584923e-6,4.087572818525898e-6,4.205641313168651e-6,5.349226757388026e-7,-1.4725523350179292e-6
-2.2132055667023476e-7,-1.0182403128646156e-6,9.796394268808918e-6,6.056765353851468e-7,4.791162854208864e-6,1.6765472087693523e-6,2.7604811485423043e-6,9.085634053971781e-7,1.23205771790027e-6,1.2468904549088379e-5,6.157597251718827e-6,1.6537408985502157e-6,2.089616518653381e-6,4.4783075239624994e-7,6.354324171449655e-7,6.78340280403722e-7,1.0640912702175599e-8,5.879840413928639e-7,9.361424589052759e-7,1.1991846254311157e-8,-2.729975168504728e-6,3.6697052628786866e-8,1.460780421870589e-6,1.3703408570613362e-7,-1.0801480145491649e-6,-1.9340400086920063e-6,4.3972436331456424e-6,3.2413137274979187e-6,-2.9062635139520232e-6,-1.5167943445833744e-5,-1.628130748644129e-5,9.117995369258836e-8,1.0151010380645698e-7,1.0910815145257047e-6,2.2874281657232488e-7,2.76982510254431e-8,9.60479429540584e-8,5.683749610472244e-8,4.8446593802098375e-8,3.532389352150389e-7,4.288473579063812e-8,6.640967583915192e-8,1.747175691564351e-8,1.0620792088182896e-7,2.348586902825467e-7,2.1389658902293275e-7,1.9719177185677507e-7,3.037398672643077e-7,1.5446654023221207e-7,7.621313964897514e-7,1.932258156639133e-6,3.7561742747812987e-6,4.255015216792124e-6,-2.857042684692024e-6,2.1346435818870856e-6,2.2641234239126895e-7,1.1548981911003065e-6,4.134832934849109e-6,3.321306116296108e-6,1.4875098070952665e-6,1.2337068382830553e-6,1.6891068369631057e-7,1.7180551359739171e-6,1.5074906358099716e-6,7.24642862096081e-7,1.2637711679440057e-6,1.0230542611440807e-5,9.527333107864045e-6,4.680854339113961e-6,1.0236712123905311e-6,8.531403186085029e-7,-1.3116284653334143e-6,7.625175431824394e-7,1.5545286914493418e-7,3.609762003924089e-6,1.973382479749164e-6,-4.3258896560519624e-7,-2.191124899122532e-6,1.1212449576136763e-8,9.178971331953445e-8
2.9185198888357355e-7,-1.6120122735505672e-7,1.2264059359986091e-6,5.340703627473076e-7,2.134203052140271e-6,1.6544274780193381e-6,3.8521059040330655e-7,1.3979449151572123e-6,8.321392139586381e-7,1.2878367252602608e-5,5.034711453245455e-6,2.3582099314895633e-6,1.7483027660091466e-6,3.537312290296635e-7,6.249660364936683e-7,5.89366819684245e-7,3.304953228477237e-7,6.276760180631281e-7,5.26177524193816e-9,-5.414309483286472e-7,1.3384717648556865e-7,6.21068571972705e-7,1.8852920393000352e-6,2.3786160856523075e-6,1.5575040478872371e-7,5.528817512151285e-7,2.120659575218542e-6,1.8314812515015212e-6,3.4713230311316458e-6,5.005448517549094e-6,4.689836817474724e-6,-3.821171797433931e-6,-4.28930392555098e-6,3.417854390150188e-7,-4.152398041097105e-6,-7.729468057423805e-7,2.1898108555684638e-7,-2.3006824233762213e-8,2.8961360885348955e-8,3.9926348025920434e-8,6.95609509880013e-8,4.873389336013112e-8,8.746860763793052e-8,1.2397340965226711e-7,-1.3689249780584058e-7,4.138924798355204e-7,1.687231512351506e-7,6.156072651124723e-7,2.7611633150155245e-7,3.148202720952953e-6,3.135443280238981e-6,-1.4647739271478889e-6,-3.5032813963512322e-6,-4.245983197604986e-6,-3.1572596487946414e-6,2.6046926848672495e-6,2.1176147306413595e-6,6.032209496237018e-6,4.640033343307692e-6,3.8138413540389496e-7,7.23690012462086e-8,1.9096965850247117e-6,2.832937414247616e-6,2.5456861189512295e-7,6.372735899377258e-7,3.413380505678454e-6,8.86048103560202e-6,4.644116322897319e-6,2.7223318273843057e-6,-9.189107568976619e-7,1.657195110522891e-6,3.251265546337923e-8,6.105877319113607e-8,1.4602394607995396e-6,6.067485385091942e-6,4.292952343722956e-7,5.2168121547468975e-8,3.911642550478156e-8,-6.243509641953304e-8,-1.953799051780436e-6
4.512382213796684e-6,1.2112517616768903e-6,-7.512223483065428e-6,2.567799870287102e-7,3.744321306271492e-6,5.2983114011882166e-6,6.403358127902825e-7,6.780752363235721e-7,2.424340283070814e-7,1.3272107385607403e-5,7.104740631590767e-6,1.486730336156006e-6,3.7762094133180217e-7,4.450941748300297e-7,9.435871432841303e-8,6.541830400304872e-7,7.33911035138779e-7,4.624163204694387e-7,9.364017459822627e-7,3.1163752561504944e-6,-1.2440941064734034e-6,7.34144468832687e-8,1.805304983521694e-6,3.83000758576646e-7,5.914836799756352e-7,2.978059904019892e-7,4.495522884024661e-7,1.450587258856051e-6,4.0616181008583666e-7,4.930149324389488e-6,-1.4408107119777914e-6,8.831339241629689e-6,-1.2877889009447198e-7,-4.076958903874939e-6,-2.1083083291395968e-6,7.693256358669576e-8,4.048555861275727e-8,8.34049889036903e-8,-5.121669312257993e-9,3.3966269937835135e-8,4.9335547660378514e-8,1.484596163894736e-7,-9.186684732956919e-8,4.941851702282563e-8,-3.703003866693755e-7,2.931655106549469e-7,7.748544974638616e-7,6.70682699005587e-7,5.860471052896887e-7,2.1743987019051446e-6,1.5948348064688035e-6,4.189250065312722e-6,-4.030415470850812e-7,-1.5243617325798375e-6,3.697174158201255e-7,4.436425183869908e-6,3.613643277930967e-6,2.2496179597954135e-6,4.368781173719927e-6,3.1422891972590075e-7,7.002832340892607e-7,-1.6583909025297273e-6,3.126051106676564e-6,-1.0384505816898538e-6,5.659123286848588e-7,3.300205896999842e-6,7.913713825612457e-6,-2.2219326924621807e-8,5.37863580253184e-7,-7.837015979294759e-7,-3.6179212474836577e-6,-1.8038734643706645e-6,4.325847145639994e-7,5.352832817533182e-7,1.0085571829406992e-5,5.117703952977504e-7,7.056371677273021e-6,5.286060694548844e-7,5.254670494724056e-7,-6.769219215169153e-8
1.2367808529327285e-6,3.3770054328667864e-7,-1.0449933424277258e-5,2.365528430724706e-6,1.0001530858627206e-6,8.012877786455874e-7,-3.7716348328743046e-6,7.152645820878579e-6,1.489000609678337e-6,6.3232709825614465e-6,7.5105151295604915e-6,4.442159300242654e-6,9.272288884545566e-7,2.33326061398631e-7,-5.7928168426912846e-8,8.183056818547474e-7,2.433763796275423e-6,1.166785098946166e-6,4.975570448139344e-7,1.2201232709929676e-7,-7.674540334652647e-7,2.93871079065422e-7,5.141457874167754e-7,3.2665366045232514e-7,4.549917747618704e-7,1.3598801660969606e-6,8.201509133701102e-7,9.385185667296625e-8,3.6645210483791103e-6,-2.6910697466191016e-6,-4.235601957695223e-6,6.3976857016516016e-6,6.061174955763305e-6,-1.2759571755945877e-5,6.211032339010103e-7,-6.465767777912746e-7,1.6850395201510881e-7,2.7665003975732016e-7,5.733915525817146e-7,7.471251415873682e-8,1.0263736995441698e-8,1.3900169744274217e-8,5.30100566863867e-8,2.7080320928072335e-7,1.8739618680050363e-7,-3.3134358008448663e-7,-2.3266440366722652e-7,-3.0021275602594932e-6,2.3912418781368184e-6,4.2717672353431713e-7,4.169708077742751e-7,-5.4288398496320395e-6,4.055295414479621e-6,3.1223153560767437e-6,4.3481356546350996e-7,1.058696787866964e-7,-1.1146034534048611e-7,-5.155146031687874e-9,2.507005712285726e-6,2.412204119082606e-7,-6.300985398116299e-7,-3.0250975292954844e-6,-8.888818759915208e-7,-2.539682314967151e-6,4.3505088196853505e-7,8.663152097414528e-7,4.610841360556517e-6,1.702107624236038e-6,7.416728024096875e-7,-1.6608162009131622e-6,1.8078176139635583e-6,6.962529307857924e-6,-2.9216011176018244e-6,1.0569243828302089e-5,1.0378015626544279e-7,5.591042862866491e-7,9.294166059590947e-6,3.1689138334607407e-7,4.2398024380065905e-7,2.480244831387868e-7
8.014556083798041e-6,8.33845674845073e-6,-1.5898323504637835e-5,6.9930925087688505e-6,1.3964096083097123e-6,-1.7172469144663083e-6,1.0442461132815551e-5,7.282924966420135e-6,3.654875720077988e-6,1.852177181244752e-7,8.633706430450205e-6,7.2532703931556204e-6,6.415922613281611e-7,6.579762025171299e-7,5.892200117783464e-7,5.508291650495822e-7,1.2901877593980426e-7,4.824229386567236e-7,-8.761432388389334e-7,8.413662229591612e-8,-3.6085825509815097e-6,-1.3346223273814629e-6,-2.01734084395393e-6,-1.3066541377652063e-7,4.086395738496229e-8,-3.4215451154922084e-6,3.575821381976763e-7,1.990210481464505e-6,3.1404913958035244e-7,7.302894699930285e-7,3.604737065455055e-7,7.140803665461881e-8,3.6405159969199245e-6,7.228761641198122e-8,-4.752187708358724e-7,2.022501923971687e-7,7.551812145529801e-8,-3.0556334730706957e-7,4.861460189697909e-9,1.64797896170521e-7,2.256206317388099e-8,2.3146505642912543e-7,2.697882688197151e-7,1.3914856655155017e-7,4.48889068696956e-7,2.9056622507277475e-7,-1.3226697019027679e-6,-6.373161035105402e-6,4.0723284676973397e-7,4.469763801853821e-7,-9.02027769834124e-7,5.928302048395118e-7,5.012736132824558e-6,2.527709512198939e-6,2.4896768742310727e-8,8.851952927952046e-7,3.6657399030293194e-8,4.0839138955204306e-7,6.154641741034751e-7,4.6157586706763175e-8,-1.2272671203785723e-6,-2.9014377576424e-7,-2.791023978206353e-6,-3.121561307655818e-6,3.990866089116363e-7,1.994702226492251e-6,1.6489846500152839e-6,2.811039202594512e-6,2.8633628926060254e-7,-2.0408538133301458e-6,3.3731020171122064e-6,8.47597502261399e-6,-1.1334977806618519e-6,5.638213550111671e-6,9.867217874244139e-6,8.279696515987034e-8,5.510382545474801e-6,4.206820552367763e-7,2.0683708739073704e-5,-1.8001708433408317e-7
1.7767364501644957e-6,4.312267459986674e-6,-1.1255797221008302e-5,1.2531909603348267e-7,5.295880356176897e-7,4.2508444205762165e-7,7.189633468568224e-6,8.545965370558184e-7,1.4780052899316942e-6,3.6132686694531516e-6,1.193668408462032e-5,6.939017932907477e-6,3.815744226670193e-6,2.9880814402420967e-6,3.9190350719824353e-7,1.0745603816393335e-6,2.4241851364801284e-7,8.389295687080578e-7,1.3692629276453873e-7,4.258284421871039e-7,-5.4200813912451906e-6,-2.1573166211684703e-6,1.0806771002142445e-6,-2.5028721769169814e-6,4.770081752407451e-7,-7.074775008858514e-6,3.061221000884351e-6,7.097608105848474e-7,2.26799203614092e-6,-1.5061567221350549e-7,1.0871437915381366e-6,6.227903454615103e-7,1.3321676267334492e-6,-2.2565695413105936e-7,-5.331270543085131e-7,2.3371366188107423e-7,9.338500807711814e-8,3.0780881266598837e-7,2.544237005708272e-8,3.316148636103522e-7,6.666426923498392e-8,1.8634700622932598e-8,1.7771957483427859e-7,9.76159257786602e-8,2.6306783733565097e-7,3.1856651344051026e-7,-8.903816370615215e-7,1.0484243107620195e-7,8.552762876924636e-7,8.801765441714515e-7,-3.7820151737523845e-6,5.212142195318514e-6,6.284530561923285e-6,1.391590337651727e-6,4.924274984114518e-7,2.917306570522782e-6,-5.916261218021746e-6,-2.8489133296774937e-6,2.8316329893227633e-7,2.3137190071091275e-6,1.87983230013411e-7,-1.7832584630813166e-6,-7.491923292293645e-7,-3.478659912169713e-6,8.968897530914344e-7,2.315064907034459e-6,1.1163805993496423e-6,2.3427881678186546e-6,3.2035174988684913e-7,5.345416626415745e-7,-2.681453574109405e-6,3.597780098446757e-6,6.645667759634489e-7,3.7012655931674136e-7,5.41181287535737e-6,4.48596611055252e-7,1.970680319565954e-6,3.39438458673047e-6,9.589305479738753e-6,-4.4921469325509557e-8
8.446180859501107e-7,1.9008707683469074e-6,-1.0727225802739104e-6,5.079922133381043e-7,1.1222750459749521e-8,1.1690471085482158e-6,5.350901983841139e-7,2.808937950501678e-6,6.102135977889667e-7,1.1061255111130964e-5,6.992616900166904e-6,1.5926718415392617e-6,6.609745537706325e-6,3.6457214699517016e-6,2.378434494654025e-7,1.1896788149730277e-6,1.4096988383673903e-7,2.9547251882817705e-7,1.3663687699103201e-6,7.745125543253018e-7,-4.925016620376377e-6,-3.1510477861339315e-6,2.885744116701616e-7,9.741783636037394e-7,9.1641944918619e-8,-5.3425051743793975e-6,1.3056533608387878e-6,-4.03933334223372e-6,1.7698161801937395e-6,-2.7848042778823137e-6,1.5373534975701598e-6,4.221589525745051e-6,1.76931153811839e-6,1.8864567185854498e-7,1.4817454413666999e-7,9.510516999076125e-8,7.519804828644006e-8,7.484371760009268e-8,8.655494465696912e-8,1.4979059728055244e-7,6.312487241633136e-9,7.7977566141052e-8,6.471034866093461e-8,-3.4644144227158337e-8,-1.4206853704902378e-6,-2.538151634263519e-7,5.170106105695238e-7,4.946113496007598e-7,7.648856417596273e-7,7.216160022862628e-7,-1.9434153605450976e-7,-1.352917250223451e-6,6.260036485133003e-6,6.172067236907885e-7,-3.645398344452655e-7,-2.7843987528337833e-6,1.4638746567686935e-6,-5.169958025315635e-6,4.6099752106658623e-7,1.6893350170847922e-6,2.496784492480897e-6,-7.485860956404244e-7,6.429245229515601e-7,-2.2365543807020493e-6,4.856075675364613e-7,2.3538656146322445e-6,1.6460490727769674e-6,1.69620203075751e-6,5.334482713277966e-7,-4.47610305134849e-8,-5.353701216299078e-6,1.3120918770245461e-6,-4.6431927404335663e-7,4.5934423780400473e-7,5.852631858398527e-6,1.6229645882541723e-7,6.123235981016606e-7,-2.334165983039893e-6,-9.023928562529959e-6,7.956182821828862e-8
1.1370771932215363e-7,6.385860805504073e-7,-1.8604854518910586e-6,-9.783155396443477e-7,-4.0600521514289057e-7,6.518225748181727e-7,9.910249942029337e-6,3.590895422927254e-6,6.479484000571745e-7,4.138592386579498e-6,6.12149351728819e-7,7.225572161901895e-8,6.249942312495405e-6,8.15708502410173e-7,1.1696622472612717e-6,4.7538395747686035e-7,3.7816083631652124e-7,8.681594811476013e-7,3.668985313084461e-7,-1.0355329619684328e-6,-1.9804636438626843e-6,1.4033847518941657e-6,1.414988453765309e-7,1.0932402225982685e-8,-2.3533315901631547e-6,4.945226701491556e-8,2.320462087571462e-6,-2.5813423111830104e-6,3.094349759162096e-6,-4.206239197544015e-6,-9.785456605968335e-6,-3.339172136219104e-6,8.303230326639045e-7,1.5922926509039926e-7,2.956743876096457e-7,1.631096977083857e-9,-3.6271365596152186e-8,7.373638045495845e-8,1.117157221560472e-7,1.757134784808212e-7,4.4969886872658905e-8,9.135369269142047e-8,1.71978386339422e-8,5.936054339813035e-7,1.6438397260305493e-7,-2.0283608063746961e-7,1.3893477762438878e-7,-4.404144947340705e-6,1.382266962635481e-6,6.467292929439595e-7,6.388861995530792e-7,1.0493863876282373e-6,2.053759704461822e-6,9.83716794635825e-9,-4.58978674606525e-7,-7.727394585645976e-7,7.510212098662095e-7,-9.422946130016597e-7,7.031742846029143e-7,1.8974540798911477e-6,1.9147103037008506e-6,4.6228153515763817e-7,1.423540750005481e-6,2.362583726739387e-6,5.13837902269243e-7,3.041084982102982e-7,-5.072693258199257e-7,-3.220505734993218e-8,4.306952474510295e-7,5.88301027071081e-7,-5.324119013046192e-6,8.197883839080156e-7,-7.129988411124223e-7,-4.662600165034503e-7,3.0600718906281135e-6,1.2677217300935962e-7,1.5669725654660294e-6,1.8392506364807783e-5,3.888651627296503e-6,1.9066273492134302e-7
-2.9008522198048504e-8,-9.706690655432837e-7,1.199625038351293e-6,-2.5498701635541244e-7,2.586378874605444e-7,6.024637258454968e-6,-3.785581480054923e-7,5.885139204189871e-7,5.449778896476021e-7,1.0711516605126148e-6,3.922205964109882e-6,9.48572997534436e-7,1.4688389070572016e-6,3.410461660161346e-7,2.271126198849949e-6,1.8332725706414755e-6,4.184572344935633e-7,3.0450316234003295e-6,1.8125324579297386e-6,7.160446430247713e-8,-3.200459701409364e-7,6.920220973332114e-7,8.824590656355548e-8,-3.6919416767644545e-9,-3.154646919536819e-7,-5.9902216300727455e-6,4.2006551434726095e-6,3.8111127302826956e-6,1.1085860981573603e-6,4.5085740774204466e-7,-8.029568407103705e-6,-1.0088180434259709e-5,7.239097864832456e-7,5.958391672158392e-7,2.609268089841299e-7,-2.85084087812304e-7,1.3239091391945568e-7,4.5598420746362225e-8,1.588542577420249e-7,7.37397656432659e-8,1.9425675436737235e-7,-6.242670330167677e-8,-1.4492543530097768e-6,1.8802101471679934e-7,4.609511276576273e-7,4.093055607063745e-7,1.448292591657463e-7,-4.565593572869009e-7,1.1200904374432553e-6,-1.143037862683094e-6,7.127550208423816e-7,1.313706419323113e-6,3.323745395048983e-7,5.242874435129386e-7,3.0769974622006923e-7,4.520850983620095e-7,3.8122641158445218e-6,5.368138015142466e-6,1.2635412315981753e-6,-5.71416518971779e-7,-1.4763567052374027e-6,2.7668042432629214e-7,2.140874289282646e-6,5.514021864158547e-6,-2.7779373026837197e-8,3.6175612730058315e-7,-2.8312352572149147e-6,-3.033794291774339e-6,4.4383705260222506e-7,1.0837015479303603e-8,-3.4931880154335463e-6,4.544130742459585e-6,-3.8691320390347175e-7,4.075277172001423e-6,4.148940615150898e-6,-2.443894051426687e-6,-5.21649195303453e-7,2.0763285267837882e-6,5.984675091443404e-7,-2.9371790625305484e-7
4.892829336866633e-9,8.960268494500046e-8,-7.908791305916952e-6,7.854424026825902e-7,6.489714698614257e-8,1.5685101540728663e-6,-1.691173522350431e-6,1.7496220106446136e-6,4.872018950324409e-7,9.526469233231083e-7,4.4511214553251134e-7,1.493203069839133e-7,4.906878117354685e-7,4.5063899626198727e-7,2.2695536479628853e-7,2.2303753606415235e-6,2.8288687059019326e-8,-4.7650689961542535e-8,2.784996601698353e-6,6.857793798227485e-7,1.6870710302338665e-6,-7.049018639866512e-7,3.4478631831262873e-7,-2.0953485410217798e-7,-8.07720275331969e-7,7.073865072653175e-8,2.083157540564229e-6,3.885737068171569e-6,1.530408563207142e-6,5.417153534186259e-7,-1.9302569221909316e-6,-8.806246278414888e-6,-8.001971053360046e-6,4.101871525082013e-7,9.721880110531434e-8,3.094361130973056e-9,3.7123697520078383e-7,2.6647470947018805e-7,2.9693775716010953e-7,1.1409246926841199e-7,2.093401357194935e-8,3.922999733016353e-6,2.4747225645705084e-6,1.1279986987096315e-6,4.779103836456856e-7,1.177261365995519e-6,8.465714121891343e-7,-3.9614727193313386e-7,1.368610423657657e-10,3.289754216563745e-7,5.205804092137201e-6,4.529903964683379e-6,2.7594279685782876e-6,1.8970646871298236e-6,3.5956077854084614e-7,4.63074827991683e-7,8.013111025098052e-7,6.022925174173733e-6,-1.1946867189068788e-7,1.1000049700936154e-6,-4.973814463608894e-7,-7.663554506140646e-7,3.5498123327138977e-6,6.268930362082182e-6,1.3138556821538972e-6,3.805146258766268e-7,-3.5394293102505085e-6,-3.993972005033253e-6,4.3635004278976823e-7,-3.1006427836750564e-7,-1.8296322609724359e-7,5.079125937678231e-6,-9.164719671270416e-7,5.064843427647014e-7,1.1405785610782982e-7,-2.5921870665443824e-6,-1.6892542983410052e-5,4.6201954518797495e-6,4.85785334327503e-5,1.782164576841816e-6
-9.432255014132363e-8,9.532864666082387e-7,-2.1963678417614707e-7,-2.4007775224565987e-8,-1.371509894504075e-7,-2.5291119095383288e-6,2.686511637974487e-6,7.390130346722756e-7,-1.8048728587343745e-6,2.6422226863704437e-6,9.809215816259042e-7,1.973231912120177e-8,6.62872686609406e-7,1.1791325373091689e-7,-2.2380684198024526e-7,5.998572297758464e-8,5.990343906798757e-8,7.374726348288175e-8,5.391261212932097e-7,5.29319564980435e-7,3.730130703771373e-7,1.6060442644385554e-7,1.8030118519307692e-8,4.304398259297404e-7,4.284197217398433e-6,3.837719638705983e-6,2.5171586798977687e-7,6.64052098226553e-7,-3.94136863079253e-6,-6.095849460383773e-7,1.1485481051141112e-6,4.141363144375121e-6,2.2006492565105784e-6,4.819346538868397e-7,2.789697003220404e-7,1.3791011578789815e-7,-1.0505798889310914e-7,3.2372121768857734e-7,1.0079573125976182e-8,5.8964085871782147e-8,1.711731203778877e-7,-5.720704625495454e-7,-3.8318132720432946e-6,1.29181017534723e-6,9.663065886842404e-8,3.4302086628406063e-7,1.444863340023983e-6,7.498126950383322e-7,5.275594645518967e-7,2.776703485145804e-7,5.1340053670683615e-6,4.263295906443809e-6,6.919639044816739e-7,8.26381097026947e-6,-6.112117951135866e-8,1.11063785120582e-6,7.2104899251213e-7,-2.1957933312272694e-6,2.4134023909501146e-7,2.895178026766754e-7,2.0798782459456877e-6,1.1835624169068693e-6,4.447220301051957e-6,4.371670163651631e-6,2.8209092419381634e-6,3.435401589023446e-7,-2.1003420316357157e-6,-2.0491517512475024e-6,-3.1617809823077937e-7,-8.015085657291365e-8,-2.473713948447398e-6,3.277618313159758e-6,-9.43379123089283e-7,1.2757095698570531e-6,-7.574657822462583e-7,8.775025872629128e-7,1.7003462810805781e-6,2.0109992430976665e-6,7.952780362697428e-5,3.6173133775141423e-7
1.314516089732587e-6,7.394003226230961e-7,-7.584571145655028e-7,2.8855460003025527e-6,-4.991248047576158e-6,-1.4354139106590447e-6,5.974059118138687e-6,-1.414888475067777e-6,4.4509514738897416e-7,2.1975385162094963e-6,2.3116866878166722e-6,-9.670001861083243e-7,1.7180684932971869e-6,1.2934445797849748e-7,4.5666523384686464e-7,-7.874280668263012e-9,-1.1705203890024496e-7,1.0373833557244972e-6,2.758423151211553e-6,3.068265306111817e-7,4.824656421445584e-7,-1.549927100833015e-7,1.7059754769831239e-6,1.837593886434119e-6,2.9854906578790533e-6,4.0935866769113766e-6,2.9399014027283956e-6,6.556402882268664e-7,6.642922624739977e-8,3.726115637045746e-6,-6.333640774558891e-7,6.653160723487073e-6,4.193515158530392e-7,2.4049807861235006e-7,1.4222157305558982e-7,6.985690942553191e-7,6.062018953001403e-7,1.3138574729367748e-7,3.107728269706733e-8,1.693362738333093e-7,2.2735739294579284e-7,7.152459185996163e-7,6.918374811091255e-8,-3.468479647491274e-6,-2.8833852181113897e-6,1.95569173544643e-6,8.996774547812336e-7,7.413166192582033e-7,5.345695409644025e-7,4.883832649859255e-7,3.7588175628492372e-6,9.109422537566748e-7,1.6367592600574633e-8,1.0304518062065826e-5,5.694129544975058e-6,1.6090492065305997e-7,1.3875310083233395e-7,-3.4152759364154295e-6,1.5207425101264382e-6,3.2271961772103453e-7,3.1616952411534393e-6,2.4413647877361557e-7,3.7221166186280464e-6,1.6169514929610607e-6,7.768558759370103e-7,3.2060396801329995e-7,-2.7861163181818196e-7,-6.726547912180304e-7,1.7444124294045517e-6,4.4636143750806937e-7,3.280383672246812e-7,1.2504703287773866e-6,9.056686185935359e-8,3.3555002030187797e-7,-4.4304573888573895e-7,5.521370380354296e-6,7.890752764587085e-6,3.641809747789893e-6,7.706497114101208e-5,1.0152149998329696e-6
3.892780425725207e-6,5.514572915270577e-7,-7.772431412220393e-6,3.594052397073089e-6,6.091427337450606e-7,1.913197994544369e-7,9.736537158495762e-6,-1.4635944053806528e-6,6.413375162550961e-6,2.3257104643522377e-6,6.057788317989532e-7,-4.578703214422886e-7,6.837022200196552e-7,-6.554302477308705e-7,1.2765897851951815e-7,1.653131011586595e-7,2.8277841761834567e-7,2.4936026787543365e-6,4.508190846248095e-7,4.1933991911382584e-7,3.818086731959958e-6,-2.7447488603448813e-6,3.7476243326741713e-7,-2.9010568203434284e-6,4.1548463554019754e-8,-2.517109651083205e-7,2.7742038858401763e-6,7.56915321663687e-7,-5.637659325573363e-7,4.955188227466101e-7,8.817516674793913e-7,2.7915326306304334e-6,-1.9548447561260064e-6,-1.9542166518959902e-7,8.062694629866752e-7,-1.47834895369805e-6,1.9570006287688014e-7,3.982036147013979e-7,2.5612418641474124e-8,8.113820280102324e-8,3.953708944665513e-7,-1.325918729231379e-6,2.6786429730296657e-7,5.008229053547586e-7,1.5089780255270968e-6,5.5878863086468395e-6,4.1852892925191565e-7,2.4161141365091067e-7,3.276916573997424e-7,2.798113766729449e-7,-6.429267732603884e-8,1.9118772752699798e-7,-2.594078895902685e-7,9.953189819987675e-6,4.7247713881135355e-6,4.89569456534289e-7,3.5926893138953367e-7,-1.955846319726784e-6,4.5444845793807254e-7,2.12415104119037e-6,3.004533521623687e-6,1.1596594180415032e-6,1.558845339826398e-6,3.3639871967581226e-7,1.063291510537545e-6,-1.1009327542970127e-7,2.386138671010674e-7,-9.765648072209255e-7,1.1323749233695946e-7,1.2615412390126757e-8,-8.753745667779978e-7,-1.4223357329701259e-8,4.815572966946791e-7,1.6484757602863278e-6,-2.9215947998151304e-7,3.186626130269321e-7,-7.144571538431289e-7,4.576493690345318e-6,5.953494851005126e-5,6.402874089459498e-8
6.303279959000152e-7,3.8795980809662733e-7,8.297120839639471e-6,4.864026248251774e-6,2.231552511431012e-6,8.079671714505744e-7,2.7025689485604243e-6,3.3152898087501994e-6,4.118043837909835e-6,3.088213869500178e-6,2.4293941424199163e-6,-8.229721143461655e-7,-4.3770415632793384e-8,1.6529081644470757e-6,1.503317369903412e-6,6.582375368715976e-7,3.460162353224883e-7,4.377816828885939e-7,2.862348795086511e-7,7.968321022008507e-7,4.0013668009146744e-7,-3.106173016113756e-6,9.078169668004233e-8,-1.8121165694505282e-6,-3.1830767868183286e-6,-2.8158705982413327e-6,1.5980232911170234e-6,3.8117645216955156e-7,4.1973050718016047e-7,-2.8332160351711266e-6,5.595827395662667e-7,3.1193378130327524e-7,3.401217173282012e-7,-1.3592110717124408e-7,7.832326417026581e-7,-2.618990128938847e-7,9.426457190957028e-7,4.5031072412071717e-7,2.0808287162754626e-7,4.0116313543880904e-7,5.445518148371242e-7,-2.0124280032618457e-9,3.4085505791068283e-7,-3.161061006010657e-8,1.9803242132954815e-6,4.631554908751756e-6,6.818403807434814e-7,4.500965522449274e-8,-1.187618394445811e-6,3.7722046051101636e-6,3.351871306710441e-7,4.973548458944377e-7,2.251860606728262e-6,8.826891753869637e-6,-3.4213702113536693e-6,4.4356949404988914e-7,9.516239180324071e-7,6.278605119746539e-7,-1.857691953208729e-8,3.4726020792841265e-7,1.5028433132725283e-6,2.7657430680872567e-6,2.55381665288712e-7,-9.759289456238164e-7,9.519574475820303e-8,-2.2098758393651608e-8,7.320736438778176e-7,-1.4998262138707365e-6,3.8820140387674234e-6,-2.350568034197309e-8,-9.445850584603122e-7,-5.997699701355553e-8,1.7730912489177796e-8,1.0113768070119101e-6,-3.442495158662018e-8,-7.755072411571918e-7,-2.2997373658923404e-6,5.364396442495001e-6,-4.709797926218151e-6,5.090233005752066e-7
2.6460088441808694e-7,2.037005519099444e-6,2.659708617789547e-6,2.419571319359326e-6,3.4090879059793134e-6,1.5426823745512697e-5,4.778779336923189e-6,9.672664391136233e-7,-1.673336701903394e-7,2.1532606129387235e-6,-3.3038587504050644e-7,-1.059258429406873e-6,-4.7548992751192954e-7,-1.750839914998026e-7,1.630620660584281e-7,5.684858909021707e-7,1.789108271089046e-6,-1.4792334408317842e-7,-2.462314704059887e-7,2.7435424102888687e-6,-1.6909376523820407e-7,3.854610041697626e-7,4.7852813832061086e-8,-1.428199508820549e-6,-1.7805046107542967e-7,-1.9719868156101718e-7,1.1469181806235351e-6,1.3647291334906165e-8,5.210766435039816e-7,-7.771759182281013e-6,4.5576877540698394e-7,3.3977242561951115e-7,3.146615653348839e-7,2.610367802095226e-7,1.0536780809744962e-6,-5.376886901611756e-7,1.0741440577778817e-6,2.3549738995209958e-8,1.5261913670234774e-7,2.9740940612701384e-7,-2.6752488122416818e-8,-8.53681302108944e-8,-7.147219466519417e-7,-4.928642700390617e-7,1.8190320724320586e-8,3.717223898570765e-7,-2.87347362919943e-7,3.56039866325597e-7,1.7364772983508025e-6,2.4832683345875407e-6,-8.274969983082969e-7,2.61240743900526e-7,1.0249746224036516e-6,4.5684625371375636e-6,-3.993207413633071e-7,2.0865299161467733e-7,7.581677462965564e-7,5.411150173090684e-7,1.8228993409175278e-6,2.119279716048106e-6,-1.367393782652493e-7,2.9831327019609112e-6,2.7984398250908707e-7,2.1512878416029e-6,3.372253449703822e-7,5.747236353164764e-7,2.4207302556129576e-7,3.3951470836603106e-6,3.331563874114041e-7,3.3590233003988336e-7,3.561623803025604e-7,-2.4503139629415416e-6,1.5908893587688321e-7,2.9303931675011e-7,-6.470101940370898e-7,-3.256595773869453e-6,-9.308202293237455e-6,2.8760208596660064e-6,4.2570400682642176e-7,-7.426533528385183e-8
1.3361109828256003e-7,9.347681246501427e-7,2.3179921428584384e-6,1.1393214150159815e-6,2.7668796326564496e-6,3.618743587798679e-6,5.566943745330955e-7,1.8620308080328885e-6,7.312785578972304e-7,6.209029850582293e-6,3.1602052418587602e-6,3.936102264095798e-7,-3.969931389270487e-7,1.6861636107936563e-7,1.1918365068663174e-6,8.883115316660195e-9,4.798065389066686e-9,2.2534293340068513e-7,2.545320380974214e-7,2.142795075213533e-6,3.5832183793100826e-7,2.0722018101346107e-6,6.495571002219424e-7,-3.02861402222554e-7,8.916424388878409e-8,8.922308020294701e-7,6.179318725014093e-7,2.1281164920380793e-6,6.20444864506875e-7,-9.631502989413622e-7,3.643306877859409e-6,1.599702120141e-6,2.8495573807882926e-7,2.2522140140299742e-7,1.2820489359894883e-6,-1.5448135734221769e-7,1.3596593069320485e-7,-4.047729715779691e-6,6.617237673542941e-8,1.8541783036600812e-7,-6.37208403398658e-6,4.756517419176376e-7,6.206578528993978e-7,9.71218844681765e-7,2.0360963644227014e-6,-6.8533123646957855e-6,-4.245209537508776e-6,1.7469062104591428e-7,7.919790394590898e-7,-7.118237572619758e-8,3.1511545524607335e-7,9.948171080505386e-7,5.92127860766456e-7,5.129419430608073e-6,-6.953682699438413e-7,1.49100569865519e-6,5.164206549458728e-6,4.910488860311024e-6,2.276581966142999e-9,-2.1844127905881196e-7,-6.211043960446472e-7,2.1649651035998698e-6,7.321046240660545e-7,4.589968903558717e-6,1.2831705690199426e-7,4.283974686016779e-6,5.054869023715414e-6,7.318182341012114e-6,3.8835305966526956e-7,1.2696033330667157e-6,2.547671467010071e-7,8.464746026606296e-7,1.4133700022818997e-6,-1.8729327449423795e-6,-1.0063579480465323e-6,-1.7444628664028628e-6,-1.3756187864054749e-6,4.81984156780202e-7,4.041672290783183e-6,-1.6405206177900755e-7
-5.893835250554902e-6,7.161960476775864e-7,1.0452650237275884e-5,2.3393972917062913e-8,1.4561022158781968e-6,1.9875191089029133e-6,9.880143748487225e-7,-3.6899461870506415e-6,1.3186074445967754e-7,4.7825212510226315e-6,-1.9669142809695117e-7,7.1403893595833885e-9,-3.866176849414371e-7,-9.970647441384095e-8,2.4773725085060374e-6,3.2282561492693596e-7,6.571930271550564e-8,7.806668180163623e-8,1.9218877588069727e-7,-7.55502996544144e-7,5.028611698452146e-8,1.261712250741054e-6,-2.6640659150093394e-7,2.2980503855468017e-6,2.665015591916631e-6,1.8650702477254423e-6,4.038595550287516e-7,3.890490217793419e-7,6.467030890179526e-7,3.180309380713009e-7,4.172626757262155e-7,1.6988904562164953e-6,4.04386550946656e-7,5.341068060052301e-7,3.1823162879552002e-6,1.3997047129280295e-6,5.40971631853604e-7,-7.05901543295906e-7,3.703960764277703e-7,3.2906077388827896e-7,1.9633128758871354e-7,-1.8377134485651593e-6,3.870288522081822e-7,-7.34622576545041e-7,5.59874917558223e-7,-1.3418811283429812e-6,1.200552701959312e-6,5.016836059480668e-7,-2.905885877307335e-7,-1.3987462214772096e-6,2.183256552638957e-7,1.041494503235696e-6,2.433094961079152e-6,5.455045337426423e-6,-6.03656584432466e-7,8.923375644550147e-7,1.3231770478272066e-6,6.225473336823706e-6,1.7050514752621205e-7,-5.681620230809648e-8,-5.244608217138458e-7,1.385451013426864e-6,6.673237003409493e-7,4.717464123154236e-6,1.4146539541117554e-6,4.514901969014296e-6,6.489099184070435e-6,9.115285654777617e-6,2.3842925142001373e-6,5.1469857600805473e-8,1.2354740842075884e-6,1.2426880793503514e-7,3.790021861111992e-7,-5.269702810564713e-7,-2.345487029946003e-6,-7.791858475731938e-8,6.590673298722872e-7,3.0532208990592613e-6,5.7986783733593676e-6,1.5720554638520846e-7
1.6111383807251968e-6,2.453488342673449e-7,7.038121105334306e-7,6.896162470937385e-8,1.3440445958824654e-6,1.059824741456783e-6,2.9593834749703785e-7,-1.197237370452553e-6,1.4978667572467465e-6,2.3695381566728904e-6,-4.100481845648041e-8,3.983256827637005e-7,-4.4525316027657084e-7,-7.453787798852085e-7,3.1230767119163617e-7,5.421370181157848e-9,-4.267296037215873e-8,7.455688375761493e-8,1.1299924329117861e-7,1.4288408067536285e-6,1.14622705650691e-6,2.0893902254161433e-6,6.750191426744712e-7,2.6486561218445284e-6,5.122969616629281e-6,2.5393056054838992e-6,7.607320236844295e-7,-7.023601079680697e-7,3.886692436985806e-7,3.968767942561513e-7,7.074480759330814e-7,4.367376503567e-7,3.4337576022478446e-7,1.8928414505478443e-6,2.8505401842824354e-7,2.2029514132708705e-7,3.5581125823422877e-7,-1.999702358119748e-8,1.3784730622727893e-7,3.04020609923672e-7,-9.62632411750386e-7,6.867340332679329e-7,1.6374052152670072e-7,-1.9727785590339942e-6,7.017308695740798e-7,-5.119295409465641e-6,-4.046130026800676e-6,1.5658194565905782e-6,2.2334820571171535e-6,3.6267373128923587e-6,-3.715689089144414e-6,2.6486971591696663e-6,4.922950903219992e-6,3.7237949260820803e-6,-2.938765618290207e-7,2.4591143502353808e-6,8.090098941820002e-7,1.262364330365484e-6,-4.309800631864702e-7,-5.02496303694977e-7,-4.363612398358363e-7,7.36780279677074e-7,1.0947884367868976e-7,3.816161763796577e-6,4.424267512281866e-9,4.616975745918906e-7,4.4833090262526024e-6,2.254630865727192e-6,2.093033419769519e-7,2.097305013827744e-6,1.3135428893242817e-7,2.111018288050648e-6,9.073464213745552e-7,-1.7908053793397328e-7,6.124504691004563e-7,-6.134688738557692e-6,4.226180787687994e-7,2.3508519265537987e-6,-2.290796943873219e-6,-6.903566689440366e-7
1.8134627358066035e-6,-1.4883016441657682e-6,3.4354814763979616e-6,8.995458663737743e-7,-7.586101523241196e-6,1.0816218800580924e-6,1.5215259557531226e-6,3.25298205475244e-7,7.973895280394273e-7,1.3380456229345584e-6,6.860447413141736e-8,4.058943726274578e-7,-1.9194885304427036e-6,7.67128946545248e-7,3.125837155397715e-7,3.791993091275092e-7,1.9303628854807632e-7,1.6976150885212872e-7,1.9301806992562122e-7,1.7800124992101152e-6,3.0856643025911626e-7,7.414172724992341e-7,1.603923564482024e-7,6.979629505685647e-7,1.6266006513774302e-7,-1.315939871669536e-6,-2.9161392417786924e-7,9.709769538442937e-7,1.2898846705183376e-6,3.310325891921595e-7,5.2591831556974e-7,4.806008896501402e-7,-7.996817141409985e-7,-1.5484457598245128e-6,-6.893406615596831e-6,-1.2030656975348109e-8,4.5875575548737226e-8,-2.494419239222778e-7,3.1489539039785352e-6,1.45270434527478e-7,-1.8946954122534e-7,1.8845153455400166e-7,3.952514245919137e-7,-2.6303234506919183e-9,5.842277888293835e-7,-6.088332588362722e-7,3.7600629109562745e-6,1.8663266480998253e-7,3.2036903602098877e-6,6.414162290973491e-6,3.134930675955561e-6,2.082212358905156e-6,6.511170089895191e-6,6.056486913930126e-7,-1.345796571129432e-7,6.572141743372174e-7,1.9545943613483719e-7,-6.225662685332978e-9,-1.729011970314165e-6,-5.560311364616766e-7,-3.021148580396815e-7,7.037061815358125e-8,-2.569695621450485e-8,2.991048886894765e-6,2.6432194803507336e-7,-4.47642265327719e-7,1.118555183999792e-6,-1.7455638362371407e-7,-5.335906685641767e-8,-1.3491326488491162e-6,3.370742991042342e-8,1.083306066500489e-6,-1.6509426998794874e-6,-2.0699403895595438e-7,-6.8927137538725815e-6,5.315131553297325e-7,1.0459395773771085e-6,2.085783624710813e-6,1.8335027889140322e-7,1.373504214496446e-7
3.491079560336452e-7,-2.2966679604246032e-7,3.811990256584297e-7,-3.1388057967952634e-7,-1.0689160446091973e-5,-1.0930769614430958e-6,7.441591466377462e-7,1.0516435764589272e-7,-2.652674535528199e-8,-5.251216844359697e-9,2.403398153143943e-7,2.4047873018210763e-6,1.2051699581050457e-7,2.831108091465362e-7,-7.685800290372358e-8,-3.1231142543219904e-7,3.706776244436494e-7,2.3308601186107227e-7,4.434591019724099e-8,8.543096640556414e-7,1.7454212827479055e-7,1.806523413893979e-7,5.376818003324457e-7,4.072974565121124e-7,6.404129542377568e-7,-2.773105796304698e-6,1.833583337741418e-7,1.0357219699376418e-6,1.8896382814575176e-6,2.1441169981823994e-7,3.2192358735174677e-6,-3.0185775577872943e-6,-9.287823171520737e-6,4.185508910479463e-6,-3.861819090215635e-6,2.6744403493739857e-6,6.523586238609936e-7,2.8052352333387545e-7,-8.801492231566233e-7,2.7291289210908957e-7,2.0384030292013302e-7,-7.282147583826505e-7,5.24391531290469e-8,5.094933839979277e-7,-2.603046750445759e-6,7.766817866354803e-7,8.750034732088131e-7,-1.616799833776672e-6,3.7506997575594392e-6,2.1591100538473907e-7,-3.775983213027301e-7,4.326691314572395e-6,2.3214812602585513e-7,7.686443429355761e-7,3.12222733587908e-7,-7.673448926009297e-7,2.9796815815573253e-6,1.3792332645548022e-7,-7.21973419321087e-7,-1.2788050209378011e-8,2.3623286736369487e-7,1.0257611503809994e-7,9.466728410609804e-8,2.561723253518955e-6,2.1135853535928728e-6,2.072043553675984e-6,2.6797909996061578e-6,1.1019905824828813e-6,1.3636255462290415e-7,-2.5908955153065793e-6,-2.3395536751219528e-7,2.4849321886075694e-7,-2.4780156645429765e-7,-1.8315761697372702e-6,-4.52732590524918e-6,6.474515161770645e-6,1.4631257770418316e-5,-1.3198203214033532e-6,6.103625665715207e-7,-1.1885297820375396e-7
-5.080513423760591e-7,-8.556966055210947e-8,6.974814877350522e-7,-9.095334302590575e-7,-6.801227708955748e-8,-1.04411258172028e-6,2.157423182188811e-6,3.1310449421958932e-6,-3.553489807782251e-7,-6.308414571659538e-7,6.098354144081109e-7,2.434272243716507e-7,6.507339073581697e-7,5.263765950680455e-7,2.693207042879564e-7,5.106795553639687e-7,3.3591733974209784e-7,4.5189428920600074e-8,4.230255973807218e-8,-5.645426092551032e-7,1.0720637258411214e-6,6.404125140089479e-7,5.529725493028437e-7,4.2343026127844574e-7,1.0962137081692803e-6,-8.028127478821756e-7,1.2686990227005925e-6,2.2378823866752386e-6,1.6556259974257027e-6,1.497934823932412e-6,-4.581597793742454e-8,-6.421949198533561e-7,-1.6230437329735282e-6,-7.19387853397313e-8,-3.4560572816902503e-6,7.015679083777426e-7,5.655368030932806e-7,1.4201849364017695e-6,4.213766656341322e-7,-1.5449174249783093e-7,3.8254110025772725e-7,3.493553357561519e-7,3.4229329891333204e-7,7.19911076778379e-8,-1.3757970012234111e-6,7.71765685597492e-7,3.689676979996559e-7,-4.058145365774646e-7,3.2042640156742852e-6,4.771832283653077e-6,1.062261366296302e-6,1.989725460238101e-6,1.8929425526519108e-6,2.2398318564955668e-7,1.001617305973479e-6,-2.5008141265575824e-6,9.950451101243819e-7,-6.048924348419638e-7,4.423504507889531e-7,2.134687750400266e-7,1.292859696961024e-7,4.950405008188108e-7,6.834129872204997e-7,2.7239565011150323e-6,2.105374379054914e-6,3.895348438098023e-6,5.380496833322623e-6,2.258611050442738e-6,-1.2919968419024875e-6,-3.737687237541676e-6,-3.472396650516796e-9,-9.02470868224925e-7,3.5899280023612426e-7,-1.3379827669245392e-7,2.248436077381033e-6,1.5918764914208074e-6,1.5235447542124537e-5,3.1944591122554655e-6,2.775205419690563e-7,2.641579664746985e-7
-1.6305984757297722e-7,1.6936281062356563e-6,-6.416592925793108e-8,-2.0196525099598017e-6,5.519493458026937e-7,3.5356233600030154e-7,1.505391039189119e-7,2.8393328877187376e-6,9.150598825236056e-8,7.820755768393806e-7,1.964002790006547e-6,1.147305712750124e-6,6.137517227504219e-7,1.5480696122573523e-6,-1.281236593393742e-7,-9.659844410421226e-8,7.809306133261807e-8,1.3082558977445037e-6,1.5285151253561226e-7,-4.845779591384215e-7,8.028988139292759e-7,-6.09084067683563e-8,4.695719348639438e-7,1.5269284818406614e-7,-2.573115104310164e-6,1.1069853309995104e-7,1.9289329094129393e-6,2.729825558512844e-6,-2.3941424839515447e-6,2.6512364647404143e-7,8.389776624857515e-8,1.6317551685085308e-6,1.2702966434809505e-6,8.507100654842059e-7,-2.0395777145016947e-7,-2.4165981161023976e-7,4.4376670794161744e-7,8.334907826954564e-8,-6.976442054368537e-7,2.556216205721107e-7,3.614788421913984e-7,1.2497375556661528e-7,1.490890332559225e-7,4.4468268650781355e-7,1.829603699481841e-6,9.946035715104217e-7,-2.0747889626654193e-6,-5.288037584282646e-7,3.876135370517897e-7,1.5583718557412584e-7,1.1238379831775226e-6,2.615326878422808e-6,2.3534046844979616e-6,3.77116918338527e-7,7.732502468184244e-7,-7.841247038552601e-7,1.19329881971324e-6,-5.410767236737391e-7,-3.395452942316912e-7,-3.5990262748601955e-7,-3.836673259580592e-7,1.5190666680506837e-6,1.4852742312527978e-6,3.4308354272451382e-6,6.780810618419064e-7,2.4249897348548323e-6,4.251668190055624e-6,1.7680535416358058e-6,-8.72182651764275e-7,3.8754460631664767e-7,3.033914374905411e-7,-3.04348786765174e-7,2.8344909479424584e-6,-1.4171024216789174e-7,5.662863298350196e-7,7.969948592542631e-7,6.928177004068559e-7,2.3532683340805606e-7,2.9827518802392207e-7,6.38727448710963e-8
1.8857608719544672e-7,6.760654477266037e-7,3.9264058614429943e-7,2.510096383537608e-7,2.3523682607673235e-6,1.0599966263993733e-6,7.12629009686383e-8,7.17519005872358e-7,1.0440809199288026e-7,2.9263575506170982e-6,1.5716785841113358e-7,1.5553885175274562e-7,1.1057192740702827e-6,6.927882242173667e-8,1.1036310834000586e-7,1.0201699702661049e-7,-1.861765382684344e-7,1.2481206229331132e-7,1.2704551110336304e-7,-1.0685040547425696e-7,5.904174856190548e-8,1.4408703442367e-6,1.4804421843014116e-6,-6.276972694878591e-8,2.064124696398828e-7,-1.338482312459144e-7,6.614500878483254e-7,1.229382394598666e-6,-2.203907051484633e-6,3.34447598778187e-6,3.3770101715232095e-6,9.449137042962796e-8,7.833994604350636e-7,-4.094074535070247e-6,5.166299855838164e-7,3.477742992825883e-7,2.5444514348282875e-7,4.046665851092479e-7,-4.75124661687878e-6,6.239087114055409e-7,-2.325462597200201e-6,2.887746401094571e-7,-1.0777598975693082e-7,2.0541361677040017e-8,1.26652269505656e-7,-4.665497806097707e-6,2.6385586588717923e-6,-1.5385728824101275e-6,5.999746223478209e-7,-5.712963278016914e-6,1.3216653053759632e-6,1.8642976615762087e-6,1.8562260657630559e-6,1.701590284809207e-7,1.893761170883046e-6,-6.870457552096143e-7,6.567229612242098e-8,1.2383494640615612e-6,1.588070864944946e-7,-4.103138072886203e-8,2.127420392213031e-7,-4.965480880855245e-8,9.386414752482476e-7,1.625841663077665e-6,-6.648918678289206e-8,9.68393678229429e-8,2.640780256760156e-6,4.905418966555164e-7,-4.350091326901451e-7,-3.0071049801037033e-7,9.12745215412958e-8,-1.7668032361713883e-6,2.1140032656874476e-7,-1.2397599937927883e-6,2.385037515307609e-7,7.896370616935489e-8,3.2499388444480194e-7,7.974601586355545e-7,-6.127803441628221e-7,-3.0324021976659844e-7
-2.0165559906012432e-7,2.5598935221819996e-7,-9.38818401714725e-8,8.845495757011834e-6,1.2349567245710681e-5,1.999182872519145e-6,1.6347884493101983e-7,2.036281678049745e-6,4.4557173676902374e-7,6.447053625990918e-6,-8.517681653468223e-8,-1.7984998880055116e-7,2.2803984937771473e-7,-1.4738625497782155e-6,7.884657041734578e-9,-9.794547344581961e-7,2.816229416629845e-7,7.83461827603027e-8,3.7300093421335226e-7,-1.304965530427804e-7,1.860790885936692e-6,3.86149470621433e-11,6.004200519072134e-7,5.916798753894614e-7,2.4529367759562604e-7,1.999353627634015e-6,2.6781708616545164e-6,7.823521175368109e-7,-1.5563040868904699e-6,-5.8719166322296345e-8,1.2842506261012688e-7,2.5888282985001345e-6,-3.66762221231709e-7,-4.964020924864299e-6,5.865854435271878e-8,-2.0371992438460776e-6,-5.295044319097664e-7,9.74956909591662e-7,5.828569127989125e-7,3.578341161940335e-7,-1.2368327656762547e-6,5.2177193684177506e-8,2.605041994978574e-7,1.382741972324153e-6,7.482765907981248e-7,2.472606999121663e-7,-6.3819569010946435e-6,6.6313087197023e-8,3.8413437592437206e-7,-1.293237191983898e-6,1.5253048066467657e-6,1.9150238016064414e-6,1.0841396842418583e-6,2.887806974690488e-7,4.839099839407446e-7,-7.113516608647563e-7,1.7728116678965568e-7,4.6748100089697436e-7,1.290816904169212e-7,-2.1209524388516865e-7,1.9857055720444717e-7,5.085149530809963e-7,-4.869596486314243e-7,-2.0688385802640763e-7,-6.006122649450885e-7,1.5858540037301251e-7,1.861447117426085e-7,4.2442127225390537e-7,2.0675269407914866e-7,4.594566713129522e-7,-1.496557441868418e-6,3.691508732097004e-7,1.4580083153892922e-6,-1.362230276714005e-7,-1.7575188965966327e-6,2.359717514174298e-7,3.965498823904179e-7,7.172588079755515e-7,-4.817516005500289e-7,-1.1274324141008819e-6
1.1232113648840247e-7,1.801742087406133e-7,7.968310719863148e-7,1.6282177025326973e-6,1.4211568469013392e-6,5.334158761421737e-7,5.345596356163051e-7,-6.351521424254436e-7,-1.401129331260531e-6,6.326019485699153e-6,1.1408177591349934e-6,8.40444188168199e-9,1.6981539324798512e-6,2.0248220437227627e-6,-1.1976318099194973e-7,-6.937946617884161e-7,2.2822276253249285e-7,-1.821062467638357e-7,2.1769030420910607e-7,-1.255265296900443e-6,-3.6472222561778626e-7,-1.6595231679897294e-6,-9.157632288103735e-8,4.4764679190480993e-7,9.833445608483427e-7,-2.682641526608387e-6,1.1116981704155872e-6,1.205217296341221e-6,1.543061574985405e-6,2.155466435396658e-7,2.464119914766361e-7,5.280560644864708e-7,-1.9084018788772416e-6,-2.130212034080992e-6,-6.788245793712733e-7,-4.681292350368071e-6,-5.095339843445734e-6,-4.7623411674126984e-7,1.331073096051183e-7,4.158646604429439e-7,-4.090524346433755e-7,1.2432216454066005e-6,5.030684165471922e-7,5.111737032594377e-7,5.086284676540932e-7,2.8067821571987397e-6,-2.887701535700926e-6,-6.007279085453399e-7,3.4544681581705205e-9,4.212379969513958e-7,2.0843301597444076e-7,-1.6458982297035907e-6,2.363748611184935e-7,2.596506336038251e-7,2.3003443233651223e-7,1.28372307275042e-6,-3.1635154504541907e-6,-9.728979490569612e-7,1.71129576226714e-7,-1.616286241200582e-7,-2.2645635699736213e-8,4.2046224580201133e-7,-4.4217497897320883e-7,-5.745660311190171e-7,3.1338440040580283e-7,6.295116348242758e-8,1.2961961965756164e-7,2.2224105197796718e-7,2.843862985336676e-7,8.564021040398995e-7,6.328237741721754e-8,-3.986688684782869e-6,-5.6693129816180025e-6,3.1474258124180034e-7,-1.7352356081934085e-6,9.612234878185965e-7,2.90199013556558e-7,3.033991663175417e-7,-2.29000242576094e-6,-1.892079257138968e-7
-4.846611030804971e-7,-1.1842481720067522e-5,1.7091966808266969e-7,-5.524561116735049e-7,3.6593983339612283e-7,2.655009754693127e-7,8.465634752889973e-7,-3.132338887052022e-6,5.7600157173176574e-8,3.7710309729533268e-6,9.328187453097048e-8,4.089410315586805e-6,1.7713244493490876e-6,8.154121886051469e-7,-5.877468087076565e-8,-7.881482496222115e-7,1.6016641903788376e-6,6.194303597506501e-7,2.0230440154942465e-7,-2.229062975244578e-6,-1.5227040111170044e-6,1.326993381830155e-6,-9.570797192092084e-7,1.940536053823161e-7,1.4397070286894076e-6,2.0178791063777403e-6,-5.454541840805405e-7,-1.0409089640391889e-7,-3.685463631250441e-7,-1.6753880836886782e-6,2.51109766153923e-7,9.211978005315924e-7,-3.0019418702570856e-6,5.818648468413068e-7,8.493740330859812e-7,2.2508575425868038e-7,-4.969438885062394e-6,8.355688193439904e-8,-3.0745362544313263e-7,5.79669134425287e-7,-6.612380312723376e-7,-5.27634012582634e-7,3.8927536017576707e-7,7.333416190439035e-7,-2.010051597928053e-6,4.689045273477377e-6,-4.337434317715194e-6,-5.987096794756175e-7,-7.885738092301198e-7,-4.394880216957553e-7,5.647640290551426e-7,1.5518318984648616e-6,4.42129838622618e-7,-8.468863622494439e-7,3.4090748001502913e-7,6.498843495321705e-8,-8.94280624295396e-7,-1.062468233446856e-6,1.6322259975125597e-7,1.6488818244606575e-7,-1.511428260974057e-8,-7.583091456246916e-8,2.0074529763975947e-7,-4.134226245368633e-7,-1.066609106583849e-7,-9.266125910032841e-7,-7.558734066333006e-8,5.802358390868401e-7,1.2368339410784302e-8,-2.726311905329304e-6,-3.0230220791628293e-7,-5.883038890948666e-6,-6.493927757314666e-6,1.2753041762009865e-6,-5.75766717656978e-7,7.907663423480127e-6,3.400007995242982e-7,1.772930033668807e-6,1.6039274358366607e-6,2.379434420442639e-7
-1.7582579856745273e-8,-1.9365543930867093e-7,-2.9259543646825705e-7,5.560666799996717e-6,3.4908181257407024e-7,4.11896702394432e-7,1.2042329643118466e-6,2.605395758245921e-6,-3.3575579297447033e-6,-1.8088221026646645e-6,-7.831106648706898e-8,1.4531903265081914e-6,2.8191422927264844e-6,1.29942741448974e-7,-6.514186598719496e-8,4.5789576505923527e-7,2.3967810505061582e-6,6.729751252331884e-7,9.531482645417366e-8,-8.075646339145925e-7,-2.1976624726740558e-7,2.751802856518282e-6,4.3429664483018993e-7,6.833315765282677e-7,3.015415692447343e-7,1.5152469418354242e-6,2.8669317799916437e-7,-3.3047383720152816e-8,-6.882282970431364e-7,-6.003165956687484e-7,5.362321507177859e-7,5.952241974624073e-7,2.6541074492949514e-7,9.54011557250256e-7,5.642011675577541e-7,6.250817155855516e-7,-1.3873803353504632e-6,-2.2954727793975673e-7,3.343389154475629e-7,6.324619072503257e-7,4.681203261353462e-7,3.4847292477013794e-7,2.608122893660969e-7,1.627808162049771e-7,-6.847730447525625e-7,-2.472772545835267e-6,-4.1745781132590535e-6,1.0020004924122806e-6,1.4416137255363281e-6,1.9698620026726843e-7,2.10739832792084e-6,2.3755490027774773e-7,9.919588198144203e-7,1.0779465205092987e-7,1.334342816829093e-7,2.16074905890018e-7,2.927372183882726e-6,-1.0461109019935689e-6,2.4711240295993697e-8,4.0090901416827144e-7,1.3676959925743581e-6,1.805412921489502e-8,8.06088196925181e-10,-3.758438620691251e-8,9.254409936378939e-8,-1.827737417660158e-6,-2.7139178418664535e-6,6.547014179907329e-8,1.3331013768762557e-7,9.89967528887914e-7,-1.7814109733010676e-6,-6.052825046989408e-6,4.634134681937963e-6,-1.0210615129859769e-7,1.482621619686242e-6,1.0785753635613204e-5,1.5538356950888234e-7,1.6435351299778357e-6,-4.889591108566904e-7,6.696852054749903e-7
-4.0727783742413594e-7,-4.522221968177531e-7,1.1128679245266949e-7,2.1299988798141767e-6,1.2941789436218355e-5,1.0110395532417816e-5,3.0307890013396844e-7,1.151420678245918e-7,3.837808286646816e-7,2.5952516106195533e-6,3.746233826747658e-6,8.536877435563417e-7,8.611269577973868e-8,-6.957774953750273e-7,2.0145698976352655e-7,8.087358977013848e-7,3.133498542908009e-6,1.0516038844170074e-6,1.0846975547740279e-8,1.8614737751190491e-6,2.511741051309735e-6,3.622997567627029e-6,1.678670671026783e-7,-9.667612015042959e-7,9.859017325897224e-8,6.708560168565914e-7,2.881981191296479e-6,-3.510577718198737e-8,1.39109423424566e-7,1.760188948204178e-7,5.246379936011181e-7,1.2732543565914246e-7,-1.3290531003211204e-6,7.49946179257166e-7,-1.0301504625000457e-6,1.1266905055226762e-6,-1.7525093562934526e-7,6.139916178293348e-7,5.709967686528872e-7,6.449624462747217e-7,4.1091302065017213e-7,9.220694351679271e-8,3.853897792380545e-7,4.4398688097624375e-7,3.395141943507429e-7,-1.800544838680407e-6,-5.978753415904892e-6,-4.465146145470966e-6,4.071769076327137e-6,2.01180747566323e-6,6.4611827547473854e-6,3.7857043352483414e-6,-1.4103840185035744e-7,1.0282271725012172e-6,2.3651356438829653e-7,2.8430896576590036e-7,3.665749373330529e-7,4.3447035546728685e-8,3.9515119268744847e-7,2.208090477497926e-7,9.06624782649912e-8,5.11638909741352e-7,1.125180240404422e-8,4.294508454567581e-7,1.0755479557138514e-7,-7.56663752777409e-7,2.169512491139192e-6,6.297405118072863e-7,2.930172091760275e-7,1.263303738965993e-7,-3.7390448670798772e-6,-4.357693357547787e-6,3.3995459114327445e-6,2.2990984353157274e-7,3.5224539889149753e-6,7.0423714543392804e-6,-1.0202155043250727e-6,1.0289476888433625e-6,-2.1078776239836674e-6,2.110675241706805e-6
-1.7095200435357507e-8,2.7209342149645545e-7,2.988900093416014e-7,1.149714051042361e-6,-1.8448295281125127e-6,4.265335824493133e-6,3.7161741547313554e-7,6.134194970003115e-7,-3.523405695838977e-7,-4.429081971958127e-7,7.116700352440564e-6,3.929546759460357e-6,1.5876457105368224e-6,-6.23914914941881e-7,1.1469255620992769e-7,-1.3404127415037605e-7,2.4089485976519497e-6,1.3283998695643452e-7,1.0533572436361993e-7,4.212176560976166e-6,4.6249433403556146e-6,2.8129688624616735e-6,2.0598648342873283e-7,-1.7347421759964512e-7,1.5370973185389936e-6,5.386255081331282e-7,2.4488189596432843e-6,2.4878634869798245e-7,-2.061998753526051e-6,2.9764157105998115e-7,2.6008618833048394e-6,1.1425865813126102e-6,-2.302313430462233e-6,9.137781637580389e-9,1.7597283622645233e-6,8.457509650670047e-8,3.396169902554425e-7,1.0479699343206585e-6,-3.1756386542685645e-6,2.1588894181245877e-9,-1.216826288826245e-7,-4.5737978308405536e-7,-2.972917162892053e-7,3.050358186694746e-7,8.167266140500341e-7,6.652265767756128e-7,-7.574086995816388e-6,5.146075980369647e-7,1.9205638807776374e-6,2.894487478907415e-6,7.67978724178049e-6,4.480704775276756e-6,-2.979831737615546e-6,2.0316227450372982e-6,2.2631821100587147e-7,2.395591838577182e-7,3.188113421513927e-7,1.2748035537091252e-7,3.673360484326427e-8,1.5762336090427987e-7,1.0399666597336044e-7,5.226321736102158e-7,-1.3974578409278182e-7,1.1022091209657025e-6,6.104766395426564e-7,-1.0665797532920518e-7,1.5274771246454045e-7,2.0292497729619275e-7,2.994999094530382e-7,3.0339840425632536e-6,-3.477545239914293e-6,3.2659046760892263e-7,4.718558880603996e-6,-4.810086135495051e-7,5.97223180714268e-7,5.8053955579775e-6,-1.3983805805747429e-6,2.2007705642930198e-7,-6.805036444489865e-6,6.494647012614596e-7
2.2354843119742897e-8,5.971381602380976e-8,6.637469144483266e-7,8.626909337781786e-6,-8.433494137003495e-6,7.85141059820127e-7,-3.2925326809838395e-7,6.027717983886572e-7,2.0981469475927605e-6,1.2058006223834017e-7,7.036194833958987e-6,3.0194447888152846e-6,2.2424328013814778e-7,1.8604432256335015e-7,1.1063278675746968e-7,-2.3097102777882573e-7,1.4135422242308903e-6,3.0564487930653253e-7,-1.8392083912186498e-7,5.483909798023312e-6,4.964435434401371e-6,1.5685692028443387e-6,5.575168583046519e-7,1.421728047517501e-7,1.241685287905292e-6,1.1889971409253297e-6,4.330257181283126e-6,-1.1911468687198945e-6,-1.3011817773020297e-6,-2.9302575078359316e-7,5.049092976270764e-7,1.0232151379208076e-8,3.335178612975387e-7,3.7279547500437275e-7,1.9353257622558575e-7,-5.277098264795611e-7,3.3851008018035423e-7,-1.5878795310137474e-6,-7.583044527326166e-9,3.1111264860061995e-7,1.1775227117063469e-7,9.699725705330398e-7,4.715120080679869e-7,-5.148131233054576e-7,3.7495150724451424e-7,4.071088153939417e-7,-1.2270073581391318e-6,-1.3522252997338115e-6,-9.323274560735229e-7,2.632029099623079e-6,5.916256713100543e-6,-1.8982595995568953e-6,-2.579801786859626e-6,6.218712683250693e-7,1.5169599842199677e-7,1.6115295133878326e-7,5.025519163253112e-7,2.1616321889350587e-8,-2.664731965010603e-7,2.4772397808026093e-8,1.2376772270705772e-6,1.829581258326063e-6,7.597624962103478e-8,2.6656351531002546e-7,7.590128643993222e-7,2.2426882946915418e-7,-2.1382074906592943e-7,-7.203631579253412e-8,-7.842577181480737e-7,4.0611624974580265e-7,-2.5355960206189912e-6,1.9298860436509635e-7,2.9921525439888574e-6,-3.1297531831863347e-6,4.6333866799441737e-7,-5.049469724484801e-6,-1.9754603066250766e-6,-1.8161203260897985e-6,1.9464804126439805e-6,1.9611521684561596e-7
1.5126989842784157e-8,1.6878543733789275e-7,1.9470593353381193e-7,3.0236490593847032e-6,2.7933166277192e-7,-1.4989520660843138e-6,-4.8360312983763975e-8,1.8682677638212743e-6,2.0130019435468326e-6,2.5439473830892734e-7,6.039345461260526e-6,1.4481434411798057e-6,4.2932349944286855e-7,-8.418872940991085e-7,-1.1519662241371576e-7,1.995439235451091e-7,4.2501084832275997e-7,1.8479392962165166e-7,2.049168291546444e-7,5.582872145903562e-6,4.261271634323149e-6,2.7331520314505475e-6,4.985640219555832e-7,3.827844764592303e-7,5.125845907082649e-7,1.3455821708326044e-6,-2.9795237914453934e-7,-2.8575945499639934e-6,5.198012474748382e-7,-2.0750017685348565e-6,3.9500176187703407e-7,5.320446990196626e-7,3.251174938925905e-7,3.0525201530415827e-7,2.0493751310057818e-8,-1.822294720902229e-7,-8.475614502450047e-8,7.151363341382666e-7,-1.344775181309599e-7,5.82591329317439e-7,3.477107635863286e-7,-2.509952809911287e-7,1.0998308521981138e-7,1.7492412774635646e-7,4.047379113159222e-7,-1.1357130746749156e-6,-1.9933745825051476e-8,4.777810846429587e-7,1.2463387720977881e-6,6.214007714846481e-7,-2.672397979010399e-6,-2.2854466189895175e-6,1.5794629742997835e-7,8.163897168708801e-7,8.903958625440245e-7,1.5578376134670614e-7,-4.8636958890651e-7,-3.8805055975053017e-7,-4.654580700096611e-7,5.659361032833488e-7,1.8917546968016509e-6,1.1701251850080752e-6,-2.13406069629718e-8,4.636602411043356e-8,1.1579371931448313e-6,1.3358166404278116e-7,3.208973975963314e-7,8.576564011364419e-9,-5.202808099377798e-6,-3.9139109015887685e-7,4.800870911243927e-7,-5.818885637915994e-8,-3.57603119820199e-6,-1.0683880481375364e-6,2.3571023139954407e-7,-4.037338876116259e-6,1.5047691299505672e-7,-8.904331385719e-7,1.3971824294177095e-6,-2.18098653772425e-8
-2.4602108870669383e-7,2.0857418499378167e-7,-3.3538198923574684e-6,-1.448390195863436e-6,3.0166779975021596e-6,1.7979458039154573e-7,5.084073113852661e-6,2.54684210595002e-7,1.609555173153865e-6,2.272894950818838e-7,7.287589041804487e-7,4.393092684033318e-6,1.0503689147012275e-6,1.6171098877872048e-6,1.0196776033718935e-6,-7.9525392290547e-8,2.9867605170170734e-7,2.1245350600023194e-7,1.974483204417954e-7,4.0361152399065015e-6,2.1433194580347647e-6,8.171497157915653e-7,3.9905131791282414e-7,1.3251436752111712e-6,-5.364554238548758e-7,2.833759866650354e-7,1.5411911409967782e-6,-3.477366692725914e-7,4.88386173777089e-7,-1.6730514299323484e-6,1.9438608756302545e-6,7.778091827902012e-7,2.9411668169649907e-7,-4.683207443738069e-7,8.044744280946148e-8,-5.677834206126997e-8,-2.040623817004539e-8,1.740652963379441e-7,1.298300980559164e-7,1.0029499483308335e-7,1.0763499732255878e-7,3.647159639922126e-7,1.4716988975283397e-6,1.0195921472105463e-6,5.192208080471384e-7,-1.7742355293524527e-6,3.5516067638137197e-6,1.6139279325899648e-7,7.996877358734889e-7,3.7766950927082824e-7,-5.462775234322326e-6,-1.3672694669573438e-6,5.190646782242681e-8,2.1872272093128587e-7,-1.8016077330196724e-6,5.862735307027745e-7,1.827141673357291e-7,-4.539945656301114e-9,6.54198683534446e-8,4.4079872239657373e-7,5.01746487509136e-7,1.2497310650783078e-9,2.0882145341571956e-8,7.627603282578388e-8,1.7838417379709703e-7,-3.888346367441065e-8,3.7117637607001265e-6,1.0453782942792867e-6,-6.164258468373763e-6,-9.717670524895805e-7,2.719354834630483e-8,7.734277291901348e-7,5.243842026879841e-6,-1.1722623096116937e-6,-1.1303346937111104e-6,-2.3269638999623422e-7,3.709740595646105e-7,-5.990588699521404e-7,1.1760325474670098e-6,-3.257214680494336e-8
6.868227957923523e-9,-4.751724613871744e-8,-3.9807364732738275e-6,-5.359781921008278e-8,6.090912895636569e-7,7.627153186713365e-8,1.4835623363062501e-5,2.059619730510609e-6,1.7361276871915577e-6,2.1021281568041063e-7,1.1486988245654751e-7,4.415507380942452e-6,3.7604034544047593e-7,4.198568898786448e-7,4.548885251788759e-7,-1.4697443229551022e-7,1.7109071574238799e-6,-1.0497475220534458e-7,-4.2889798357981234e-8,1.5494487942934843e-6,2.363989611699813e-7,-2.0634870492223235e-7,1.7123209450305988e-6,1.0991737544608472e-6,8.512602643386824e-8,1.4332286572464882e-7,8.630367980221543e-7,2.689375451577103e-7,-8.177441391437058e-8,2.1585392804612804e-7,1.5430837616809969e-6,3.989504815918865e-7,-5.791231805428954e-7,1.4263747627350166e-6,5.845940551085782e-7,5.157282141781128e-8,2.2915051138958644e-7,-4.588128657660118e-7,2.504008890431564e-7,5.513519138593992e-7,5.019529849678684e-7,1.8043779314766972e-7,6.525426365654896e-7,2.795242271869203e-6,-1.2316873941364604e-6,1.0764998142871907e-6,-2.232575481882715e-6,7.820026446985207e-7,3.5269457712121534e-7,1.537570588358239e-7,-5.860835755045269e-6,-1.155878955211076e-7,8.625312025593247e-7,-8.616795489328811e-7,1.2735827669563495e-6,5.878870961390614e-7,3.718760031074187e-7,4.284844674558031e-8,1.6340032964967668e-7,2.1630136869710272e-8,3.748403439432835e-7,7.202557567787871e-7,7.030347699138906e-7,7.274334423166274e-8,5.113254226807307e-8,-6.488982878542271e-7,3.824097623688494e-6,1.3295042727561324e-7,-1.10313962611992e-6,-2.3847975453950455e-6,4.909338456365209e-7,2.0131817696269483e-7,2.761347602986897e-6,2.501437051407596e-7,3.195619315439213e-7,-4.319439574625894e-6,2.212919598010732e-7,1.0185005651472955e-6,-1.6806467540007253e-6,-1.7074548559010694e-7
1.8447504733143384e-8,1.426462214221269e-5,-2.257836841646932e-7,-4.3692996112643105e-8,-2.9205765846103126e-7,-6.9053434011027374e-6,1.8462458113290104e-5,3.6135545858391184e-7,-2.2002814516884795e-6,-3.971686914855055e-7,1.9411636549675482e-7,8.06393783538617e-7,4.901094106317672e-8,1.5028185668091831e-6,1.4762520174089746e-7,6.156082994091428e-7,1.6308971746927803e-7,-2.0398677905191232e-7,2.0200415503650595e-7,7.066890772522428e-8,8.363437397846952e-8,1.428925600283737e-7,4.783770940530729e-7,2.7530325228495303e-7,-2.7759566711761386e-7,4.222979347964229e-7,1.0100933056118588e-7,-1.8596747731213227e-7,2.0254756198907488e-7,4.5553531059372435e-7,1.0541947579736366e-7,3.755731078188163e-7,1.1625943210125112e-7,5.679091526218372e-7,3.0693647501520704e-7,1.1409239902898216e-6,1.9387656571125957e-7,-1.909696736134725e-7,5.369050328525527e-7,2.6455007635532993e-7,5.57484432709221e-7,-2.413498562665484e-7,5.807918581400839e-7,1.7318344907313766e-6,-2.4584285023976916e-6,4.339378038272557e-7,-1.719225592190088e-6,1.9990509404072877e-6,1.156241211385023e-7,1.749165592395796e-7,-3.1455698410766567e-6,-2.504781992467065e-7,-2.2991820635418383e-6,-1.1780238394334398e-7,1.8226250054020898e-6,5.315683224809576e-7,9.281439865551189e-7,-6.186455146911297e-7,-9.895624541919058e-8,-2.8899580570618258e-9,1.9218729712306983e-7,3.057059358142933e-7,1.910893149257964e-7,1.0643815094787846e-6,3.2515213601582717e-7,3.0808574776929554e-6,3.421272268617726e-6,-3.2934255055200316e-7,4.325330805882155e-7,-1.7757725996432995e-6,1.6464264348043934e-7,-4.345046178484391e-6,7.454878419573641e-6,-1.3136296867610752e-7,-5.741756405618915e-7,-4.100301254711025e-6,1.6644758997656606e-6,3.243177486276894e-7,1.310833292301965e-5,-1.7763987295094098e-8
1.6276703691744387e-7,7.027852394489287e-6,3.633139349860315e-7,3.5814932474951266e-7,1.4366750251009863e-6,-5.39716874529822e-6,1.6648666168754244e-5,1.7181966923454086e-7,-7.768221739336955e-6,-1.305767496814614e-6,4.656298140748305e-9,1.058904868953503e-6,5.332030744902961e-7,2.3034581062741924e-8,7.706981245714229e-8,2.0182687964194203e-7,-1.6541578937774306e-7,1.5242320128034726e-6,9.968958892756508e-8,-1.148585322459761e-7,2.501953098927423e-7,-4.89150631655888e-8,1.697287416808413e-7,1.5632152778122245e-7,1.8329492684157067e-7,-1.0923909157399048e-6,-1.1239029971386039e-7,3.6912071248556e-7,-8.045662708423551e-8,2.3632421750861e-7,7.727729621584523e-7,4.341276411876649e-7,-1.3740914412918914e-6,4.350080337768958e-7,4.256818391673578e-7,1.2583225257937204e-6,1.8748708123801361e-6,2.930661535822887e-7,-2.7959017271054766e-6,-2.2766639504944176e-7,4.2127008259176257e-7,-9.290960756129008e-7,-3.7782104549176633e-6,2.9015880863836332e-8,1.8854054908263862e-7,1.0341270160583616e-6,2.1344775944457827e-6,3.02869893855775e-6,8.040249035362601e-7,-3.213895157375024e-7,-4.013712743519138e-8,-3.818716167693248e-7,-1.0298213054351858e-6,-9.92377503570685e-7,3.043819509656265e-7,2.922225761654129e-7,1.6222034122748142e-7,1.8453260209641e-7,-6.916222973671893e-8,1.4740518197018382e-7,7.026169467676536e-7,1.8791190964586591e-7,2.451825682298736e-7,-7.40164733895743e-7,7.396478257899242e-7,3.942882833639838e-6,3.3737977744424667e-6,-2.2359274841612266e-6,1.214333182239935e-6,-1.5473383286808918e-6,1.6360612903643103e-7,-6.00774596785203e-8,4.3105650044332095e-6,-3.4246388318000867e-6,2.579789627654572e-6,-1.484801728681018e-6,1.422191047558674e-6,4.843095392901509e-7,2.549786185892211e-6,-1.00265619573919e-5
-7.257523894936058e-7,3.4812763327646934e-6,1.949094824003961e-7,6.211773524746889e-8,9.55052978491655e-7,6.908216628575215e-7,9.153392437848696e-6,1.535123965850316e-7,2.6574840843206937e-6,1.251874053082025e-7,2.550916445403839e-7,9.062039820761925e-8,2.218298320295631e-8,3.3843211641682023e-8,3.954080441719299e-7,-8.905159037968513e-8,8.033516522111483e-7,2.9983091083303883e-6,1.7629912667358251e-6,7.286859829072734e-7,7.411292644656343e-7,1.0003617715030889e-7,1.5745018592754346e-7,2.1613320829874106e-7,2.2507472655197702e-7,8.41610495347478e-7,1.0785650925768442e-6,1.625159738974258e-7,3.340191244385338e-7,5.322540447877611e-7,1.9173962757261798e-7,5.857910778804376e-7,1.0707633441793264e-7,-2.817508686114523e-7,-2.431373505709433e-7,1.092566769607606e-6,3.579761870897258e-7,1.4260228492386508e-7,-9.349033286548148e-6,1.7317239959746544e-7,-5.239771808969485e-6,4.966606693757258e-7,-4.645712118889545e-6,-7.225122768382941e-7,-5.47527589724206e-8,-2.3351942338185607e-7,-4.449878023220499e-8,2.4739126551578396e-7,-1.0895493479290197e-6,1.9742242429543478e-7,2.470394767899009e-7,1.1399923786430843e-6,1.7190870896337529e-7,-1.724684620674244e-6,7.743179896044784e-8,9.872654976148532e-8,-1.2093037285546005e-6,-1.463800232144541e-7,8.680330774264445e-8,1.3101019031844797e-7,9.221855645240585e-8,1.4036484137209816e-7,5.279566526530388e-8,-1.7227708877665116e-7,3.5205972021907785e-7,3.1913107939558484e-7,5.329126491149095e-6,-5.531306533429037e-7,-2.1948915949541182e-7,-9.99228771585159e-7,2.389322699386609e-6,5.689722310927703e-6,1.7916668442554685e-6,-1.3567381888539455e-6,9.971249296838815e-6,-2.1471424729520016e-6,4.213767512377964e-6,3.2647053504424095e-6,9.150558672549881e-6,1.1339750260425109e-5
9.002282053374167e-8,1.3496693410372407e-6,2.763490500159227e-7,1.1996888791907524e-7,1.679204883187966e-5,1.1613496259260005e-6,1.4320246638010793e-6,1.457439597525534e-7,1.0776988428842894e-5,2.1379577330970623e-6,8.525394737136428e-7,7.034811562256272e-7,-1.3660314714377676e-6,4.858549122567891e-7,5.050798393287482e-7,-6.295994411730232e-8,5.273010943234846e-7,4.5908725815251296e-7,1.8158977582738656e-6,3.143914095464329e-7,9.890273836625775e-8,1.0092835193148187e-6,1.3873542715028275e-7,1.2564617730562943e-6,1.7265902471199635e-7,1.2992505898139718e-6,3.8854937050978314e-7,2.0410199337550507e-7,-4.137207141363453e-7,-1.5650823633565625e-6,1.2648314987646625e-7,6.889029030545668e-7,1.7495370118655762e-6,5.586142802241679e-7,1.0461648083743836e-7,1.2757965530328708e-6,1.03649665334693e-7,-8.042143207221298e-7,-1.2893867272986115e-5,3.5216037312744143e-7,-8.337098315590297e-6,-3.673204651767004e-6,-4.502353987433561e-6,3.302500674055464e-7,3.834728062523718e-7,1.3963620330079696e-6,-1.0672964963863718e-7,5.902499658549943e-7,4.608928972447135e-8,-3.13408295636719e-7,9.739290179420436e-7,1.5139031792892332e-7,-4.949311723069006e-7,-2.084415633668968e-6,3.675668232448137e-7,7.84941314826959e-7,-2.155010563609783e-7,-3.3348266766807244e-7,5.228500684673065e-7,1.4001530495901805e-7,8.86302539140349e-8,1.0315531303484172e-7,1.0566859486571546e-8,1.2599836583995216e-7,-2.7558435470087517e-9,-1.5362214449368806e-6,2.698482128431934e-6,1.5506029564425817e-6,1.763800981891217e-7,8.418313723876026e-7,-7.237485888909601e-7,3.863248114886875e-6,1.2472879764076961e-6,4.971868894474341e-6,1.5948653820633953e-5,-1.526868469806464e-6,-2.8425110816678535e-6,2.5846073862047847e-6,3.1124144241098994e-6,5.378029115980354e-6
5.4549714328033795e-8,1.4209637578263213e-6,5.596613340570489e-8,4.3277629214533157e-7,8.799515287599124e-6,1.3461100291277008e-6,-1.04566999423803e-6,1.6710196955611602e-7,1.1485413662532995e-5,1.8307601068823232e-7,1.4009288121253462e-6,8.716039393418918e-7,-2.1251858412875136e-7,1.4074689832788146e-7,8.675910061819892e-7,1.6263553366899774e-7,4.688112517963194e-8,2.9683538238038935e-7,6.596225319213112e-7,1.233251236126165e-7,-3.322195990237642e-7,5.990297606224049e-7,2.9115526066414433e-8,1.0616048192733985e-6,7.736891283473214e-7,8.720956725849494e-7,1.6512407504842842e-7,2.4098855401688547e-8,-4.780776567354873e-7,-2.366658609765604e-6,-2.469822592094817e-6,-7.176726869122074e-7,-1.1829851819813442e-7,5.098422063139153e-7,3.0000924380062523e-7,4.0725117269062584e-7,9.037359541357315e-8,-2.583749845983419e-7,-1.3917890437939507e-5,-2.216421544415548e-6,-4.276475392852874e-6,-2.7036513079942927e-6,-6.788090110213186e-6,1.1117670696547012e-6,-1.8036671927388337e-7,4.3900112693577856e-7,2.2680716828507032e-7,-9.498143272870797e-7,-2.0428944891007882e-6,7.499316239869547e-7,3.034047123256034e-6,2.5922726140872322e-6,1.9213015412316014e-7,-7.923141545134738e-7,8.40605783138937e-9,1.726230411458474e-7,9.66101102394923e-8,1.902375605962181e-7,3.5151334401772875e-8,-1.1229867081653522e-7,1.1401781281872303e-7,2.222691933996046e-7,3.8251717228154905e-8,-5.424040200464164e-7,1.5622899792178125e-7,-9.237065711429793e-7,-3.721520293932024e-7,-5.347577512225144e-7,2.515716034037885e-7,2.847289935465014e-7,-5.51215640333651e-6,3.1673262655672385e-6,-9.753932274747636e-7,1.360678041972152e-6,1.5320215850555477e-5,1.7445447035433494e-7,1.727120827721953e-5,1.7718769642183664e-6,3.4035615494036887e-7,1.832989348632208e-6
-5.485050756516286e-8,-9.449664969416461e-8,-2.601971207801368e-7,4.6781475352424276e-7,7.911846952741941e-7,2.492647253235125e-6,1.2668381244484107e-6,-1.0215388661856783e-6,9.40907549274994e-6,4.1326281405553055e-6,7.545750995689549e-7,6.24668353182134e-7,-1.3966165844744306e-7,3.8152943786193826e-7,1.8270716831256807e-7,2.5970920372122564e-7,1.4652187894972357e-7,5.176614215228748e-7,-2.316520992627469e-7,4.558397742049359e-8,-4.696942798911863e-7,4.1244162346831815e-8,-4.5031948429297144e-7,1.7005169939880994e-7,5.699046850828005e-7,3.70542993619627e-7,8.843214005421762e-7,2.131675291658386e-6,2.850024468280088e-7,-1.631153566469079e-6,-4.802109634151064e-8,-8.911870784276799e-7,2.2462140998573688e-7,4.479420201873197e-7,3.895937092726953e-7,-2.416762698734365e-7,1.2899211973755431e-6,-2.588219829439131e-7,-1.393470552848074e-5,-2.6188921050591676e-7,7.520608108648742e-8,-2.462138715127571e-6,-5.589491623042919e-6,8.96919416659614e-7,8.771764755783895e-8,-2.4046113243769375e-6,-2.2255747713229025e-7,1.0624709288612478e-6,-9.787570553040582e-7,3.566238403173827e-7,1.2370788652036336e-6,4.841225882518341e-6,7.024952364842463e-8,1.1588437988754308e-7,-4.0881542404598293e-7,-7.264465482943461e-8,-4.091012741495592e-7,-1.8293551084160864e-7,1.529448405091616e-7,-2.951793930613289e-7,1.4309397894618493e-7,1.330368140236571e-7,-2.509305207129664e-7,-2.5882701111938914e-7,-4.3162415048357827e-7,-6.907462662362197e-8,-4.826437709434695e-7,7.305000844959331e-9,-4.5444721621495934e-7,2.720810224382042e-6,1.280551727646695e-6,7.1574110453795915e-6,-1.081222794094916e-6,8.06500175934688e-7,8.251815689176257e-6,-1.46447608420347e-6,-3.956341965852617e-6,5.7955574637191813e-8,1.5138278779038838e-7,-1.9097223333505166e-7
1.7971566123009542e-7,1.6007374051905111e-7,1.1713522792264897e-7,5.8091368678721e-7,9.641290845750605e-7,-1.7996025864351341e-6,1.0385362048125102e-5,1.611312991244285e-7,7.153544734522744e-6,4.016906175800461e-6,4.0525868101917163e-7,1.342539092031858e-7,7.702056005451929e-8,1.3639228239985535e-6,3.811302563171859e-7,3.458297242066699e-7,6.155370387315174e-8,1.5609073336402268e-7,-3.626078219977513e-7,9.5263502750087e-8,-4.7316676783585314e-7,1.548706547955803e-8,-2.006781822970538e-7,5.353613400540525e-8,3.380757546647129e-8,5.460717565633155e-7,8.58133051693688e-7,-9.02649065021155e-7,4.5309093777103906e-7,-1.4161044083607854e-6,2.462966786908938e-7,1.4831238347488007e-7,7.147533570762699e-7,1.4311352208182805e-7,2.3280126270688319e-7,1.244165845919465e-8,1.4922054788035544e-6,-2.111262491189414e-6,-1.3702964712886056e-5,-7.54844499994034e-7,-2.5528797926329006e-6,3.091493806415935e-7,-5.704973526804102e-7,1.1429645094966468e-6,1.4471165696861023e-10,1.1693618333949996e-7,1.0549800267731558e-6,1.1324063084108272e-7,5.014035586886178e-7,-9.332065064768802e-8,2.7505898532074194e-7,5.1806073229117455e-6,2.9559400327319187e-7,2.588026431940227e-7,-2.968642390295706e-7,2.7882190187478176e-7,-7.457114275364551e-7,1.5569990771191479e-7,8.727542735050165e-7,4.025107614392454e-7,2.2702176478164306e-7,8.60500321133939e-8,-8.24591648066142e-8,5.313060224715339e-7,2.6989251592021148e-6,9.064795088349786e-7,4.5780822536158896e-7,6.034188891870463e-7,9.333114647728458e-7,5.330396026367091e-7,4.3710361103640015e-6,8.078324337778599e-6,-2.241750358054018e-6,-3.013241691023572e-7,6.295644927341293e-6,-3.767522170004867e-7,9.702844941583734e-6,7.740624672940566e-8,6.206477119997889e-7,1.4842533910397471e-8
-2.280223848304619e-7,1.7056563092574529e-7,-1.5339728512497874e-7,3.6167924563383916e-7,2.3170815053714657e-7,-4.651244817842959e-7,1.4034708840638955e-6,1.823586636590102e-7,5.348990842032775e-7,1.8008043570285183e-6,8.36065133137609e-8,6.646452841008178e-8,2.3122194688123266e-7,1.324434148254583e-6,3.219977146324826e-8,-1.445057401626848e-6,-4.20871734799988e-8,-2.626038927393326e-7,1.294921775351754e-6,1.355344561440708e-7,6.457443540333063e-8,1.2939155253230972e-7,7.977226469813026e-8,1.5437125141619658e-7,-3.9041636504617565e-7,5.54540745322396e-7,-2.6241331573904073e-7,-4.97518222041915e-7,2.1448117427008696e-6,2.935567780690818e-7,5.485770166801851e-7,2.907232996013809e-7,-8.152742649299771e-7,1.736903616577079e-7,2.6924539659274326e-7,4.937400919091006e-7,4.472584925725887e-7,-2.5489373682372585e-6,-1.1692822621146903e-5,8.93184650254697e-7,6.124018013951017e-8,-5.507270962798794e-7,2.500754912228676e-7,4.0840775380177607e-7,3.69180021868587e-7,2.2445419090514786e-6,3.1266516466509577e-6,2.931252943901641e-6,1.0851562437879103e-7,2.963521087624876e-7,2.652107740888088e-8,2.248183275787574e-6,2.3122733159370857e-7,2.3713523336659216e-7,-2.6957095952129253e-8,2.256748018895749e-7,6.601350031663511e-7,6.694249643941497e-8,7.553452605749689e-7,4.883494728571414e-7,1.49363103555622e-7,1.1306034680122145e-6,-5.458541268262174e-7,1.23804314927074e-6,1.4033695531573855e-6,3.7712856814402507e-7,1.32874962634455e-7,-1.5454363126767957e-6,4.59350094300659e-6,3.7683252076412547e-7,-2.734909486012105e-6,-4.3622552315462083e-7,-7.44293017563158e-7,-4.81340317064094e-7,-3.026084250538741e-7,-3.6940194511547735e-8,8.537058275416066e-7,4.450899385791685e-7,2.450561057126821e-6,-1.3214755768256039e-7
-2.2894712350249868e-7,2.472477556425412e-6,6.597224733049246e-8,3.5599506907042504e-7,3.3828129013642184e-6,-1.2858401499238338e-7,2.289484991285562e-7,-4.787085492238941e-7,1.506761520033928e-7,2.4644756637860476e-6,-1.4018320703971244e-7,1.2152282364158218e-6,-1.7230461854237378e-7,1.250653363598242e-6,-1.6156462761309775e-6,-9.81781812478022e-7,1.3658708862880344e-7,1.3574776102400765e-7,9.068452936817462e-7,1.4340272232171715e-8,4.769342446435676e-8,2.7187489456861335e-7,2.0213755427778147e-7,-2.921668013859957e-8,-2.0303540258893583e-7,4.667227485992687e-8,1.241808693531743e-7,1.564707659889253e-7,2.218772510724176e-6,1.031993823117583e-6,1.9309023464326725e-7,1.6010949563169953e-7,-1.9993336927435767e-6,2.6007472381750496e-7,2.488251710342393e-7,9.45151602965133e-7,-1.741390790706221e-6,-2.735909463162933e-7,-5.876614774981193e-6,1.2769194415875873e-6,4.184969900226765e-7,2.7251948278885775e-7,3.582436363580577e-7,3.4642637105910535e-7,3.7365965522149217e-7,2.591718924644049e-6,1.6680464979513588e-6,5.852234478345952e-6,2.4584845426527836e-6,2.0217374838302996e-6,2.859084719779137e-7,3.520851453102436e-7,7.958084688022949e-7,2.7977627647557403e-7,-3.126028598311903e-7,-4.510321607332668e-7,3.054225243171782e-7,1.5890347365861147e-7,2.901731749110681e-7,2.153863826003022e-7,2.44690252600166e-7,8.229186040595193e-7,1.6242681167579099e-6,3.5904345139918804e-7,2.9872140427949835e-6,1.8777303314948536e-6,1.2802341624293946e-7,-8.932906330081037e-7,5.077097544691744e-6,1.5751972388057256e-6,-2.312590278765847e-6,-2.6980453454732434e-7,7.405045564441437e-8,-3.1725588989110044e-6,-2.0588107139514423e-6,5.522029962284237e-7,-1.0492899071130602e-6,2.106520313659566e-6,2.318779898129697e-6,-2.0903331526826997e-7
2.0975039709567602e-7,1.6705043529176967e-5,3.1226747901680343e-7,3.2196427327493286e-7,1.1101760953495133e-6,1.119858285562425e-6,-1.0484971768484064e-7,2.01035295068297e-7,2.5768344934991473e-6,6.274852027726841e-6,-3.0687909400360594e-6,1.008102430227309e-6,-2.1058263473966445e-7,4.7390873937502857e-7,1.3027906993647866e-7,7.400607352900934e-8,1.3539770340118552e-7,8.279872306931058e-8,1.296698625034165e-6,7.975881876866043e-7,2.0465009955561444e-8,8.286228402603513e-7,5.199150325104985e-7,1.7146881007115147e-7,-2.842673518300698e-7,1.4023446781343817e-7,-7.343277063111886e-7,-1.174293016982264e-6,1.3572013874485257e-6,6.017046473349108e-7,1.9462536511030138e-7,2.1674809358107617e-7,-3.1167374161801266e-6,5.818249218230154e-7,1.1253001804830687e-6,1.1830895935705855e-6,-8.566407233906448e-8,1.030109514797073e-6,-1.8675891562525583e-6,-1.4693657735531662e-6,-5.898189056680492e-7,7.532883659814083e-7,-1.1019724616260774e-6,-8.755432999297708e-7,1.5255218078038534e-7,2.4495323009229075e-6,8.943338040983351e-7,5.3465295597032505e-6,8.497346775101722e-7,2.0336717934209103e-6,5.471304211440042e-7,2.5919978053743355e-7,1.7090076226560225e-7,1.5400239102880687e-7,-1.4501028309246155e-7,-3.437101520116115e-7,1.3227639345243514e-6,1.4908905242396744e-7,2.3374739344417252e-7,-1.8395667845827468e-8,1.7850514349362358e-7,1.5857134573349364e-7,4.192303046363311e-7,1.035908321245227e-7,1.765284818825963e-6,1.9396107176796074e-6,-4.3573436633846945e-7,1.7387823294361393e-7,1.168504088282818e-6,8.748792131002991e-7,-3.0434048731707633e-6,2.6941788101426666e-7,4.940495596942762e-7,1.090603733722495e-6,5.173922508995755e-6,7.015924259878848e-8,-2.1484480639421658e-6,1.9242619154456354e-6,1.605672107512146e-6,-2.404735123536561e-7
8.526750191936828e-7,2.3041898197923463e-6,8.657631708086645e-6,1.5512108908530832e-7,2.727169809943453e-6,-5.786905241113594e-6,-4.3784005852298695e-8,1.5170318778428004e-7,1.4011533450760005e-6,-1.019288676665231e-6,-3.7291103697032705e-6,-3.706867154774518e-6,4.4970060868609885e-7,5.775699872319074e-7,3.175139152710882e-6,2.1640632048511854e-7,1.85722894149154e-7,9.657523868320528e-8,1.3567840685873023e-7,9.147071040955357e-7,7.424661133608402e-7,5.900600872243978e-7,1.3047838127864254e-7,-2.1574716954155804e-7,4.2854875027731335e-8,1.26328873510273e-7,-2.988251694435062e-7,-8.735246545774956e-7,4.023537277635381e-8,3.1357387350776644e-7,2.260037385570124e-7,2.230579470616556e-7,-4.223466718936886e-6,4.256561532894443e-7,1.29281590633743e-6,1.0197336932844304e-6,1.8451352239126974e-6,-1.2915964308719553e-7,-2.7165396107371123e-6,3.093669583031034e-7,1.659859966036459e-7,5.269169650333528e-7,-2.900388024825751e-6,-1.7427970945516293e-6,1.1518144922489705e-6,2.220403197446541e-6,1.2503459225999158e-6,1.8059247548346757e-6,6.04737052423543e-7,6.113401691441256e-7,4.1718926027460857e-7,8.797758993420945e-7,-3.5327899126310626e-7,1.3004691411566683e-7,8.09310734706914e-8,-5.769710793176675e-7,5.162596964465083e-7,1.4975304603557227e-7,3.294310678951584e-7,1.6061667692586213e-7,1.3764385915779888e-7,8.157469049590027e-8,-8.283819908252999e-7,1.326890359725219e-7,1.637225627863348e-6,1.6277777617425883e-6,-6.030329745652985e-7,2.0459817237063804e-6,-2.889031230918771e-7,1.872969022793991e-6,-8.388540718803351e-7,5.440821799903351e-7,-5.859873883232058e-7,1.8475373256491513e-6,3.176675139044805e-6,1.5297126988866872e-8,5.811408312997868e-6,1.6440113717471005e-6,8.169142523780649e-7,-8.066654316707389e-8
3.118104762138918e-6,-4.120709879726237e-7,2.2894546960783304e-7,-1.26165577093329e-7,4.796011173690573e-6,4.363013247212755e-6,-1.126823207436445e-6,-8.561381718661055e-7,3.2152471031242636e-6,7.665631146531738e-7,6.463817968618724e-7,-3.506238860447153e-6,6.854358076411993e-7,2.6277057399981098e-6,6.572771486377249e-7,1.7407220785004008e-7,3.008993008366101e-7,2.1155818676983352e-7,5.736738779400508e-8,8.789635387877359e-7,1.0364258924573378e-7,1.3812716505829936e-7,2.3001971575948856e-7,-5.746113211363535e-7,-1.5169733809696774e-7,-2.287802441125142e-7,1.2885077914652766e-7,-1.3023867623036533e-6,-2.6686777274129716e-7,9.86208567210767e-10,6.195746478978803e-7,7.526126911115094e-7,-4.2701448291055825e-6,7.39711949828692e-9,2.1686657832062917e-7,-2.767111924430288e-6,6.275257385830679e-7,-3.1643484134305067e-6,1.3652102453054482e-7,9.910472895852562e-7,-2.3479357742405284e-7,9.552964632313143e-7,-3.980082747239833e-6,-4.17856845907737e-6,-1.5874031962094249e-7,1.7985729359382142e-7,7.076598857054472e-7,5.678010031482162e-7,3.211421961062611e-7,3.971722381038934e-7,4.169460248177881e-8,5.215397608764105e-7,1.388570112839549e-7,-8.229087370963395e-8,1.6416471983538018e-7,1.1218868127853554e-7,-8.857180798550025e-7,1.3923748125344027e-7,2.3460431646247227e-7,1.475873649494197e-7,6.029274319230282e-8,-9.156517579155255e-8,-8.0547141360926e-7,5.4206015097824084e-8,1.2590082467429655e-7,2.0033426474530103e-6,-2.1483720091852734e-7,1.3480871189148758e-6,1.8162470486780214e-6,1.2738710333637382e-6,3.397604008409827e-7,9.0409530153448e-7,3.2082123531740337e-8,6.529777308585505e-7,1.9152951178216915e-6,-3.9017412416441077e-7,-9.67935667086024e-6,3.926659733030746e-7,2.4146183145522526e-6,9.999799595714621e-8
2.333642902057953e-7,4.6366007215739027e-7,6.659327194023623e-7,-1.0933374891815674e-6,3.4719302519472754e-6,1.726666679503497e-7,5.9286870156949334e-8,9.498920939588152e-7,2.3629956958639345e-6,2.62546763323841e-6,9.085370163108619e-7,-4.972342497020499e-8,5.587077355382109e-7,2.2584712418740606e-7,8.741975620982335e-7,-5.547972352569652e-7,8.704566154094096e-9,1.3575418739577572e-7,8.763039017607444e-8,1.353696807479654e-7,8.762488359310706e-8,2.22271691915954e-7,5.638647147207854e-7,-6.08924870155203e-7,-5.765554750270962e-7,1.702462456078635e-7,1.5971130425866953e-7,8.106872590811332e-7,6.538340025069367e-7,1.6996729730938132e-7,8.032942947943101e-7,2.539179084950494e-7,-7.927379758192466e-8,1.631438151370457e-8,4.316272334351279e-7,-1.251770742139624e-6,-3.2280347817301714e-7,-1.9257256019548976e-6,4.332035395712808e-7,-1.3838909250945441e-6,3.248682062660047e-7,-1.6321843793967394e-6,-2.0257382039285846e-6,-1.110397793215978e-6,-1.2148035123006218e-6,2.96080330811499e-7,2.554356806133029e-7,6.406477158392487e-7,-1.2418817799570992e-7,2.555663785088314e-7,-1.6604656891683334e-9,1.8421003036026562e-7,5.259943375769627e-7,-5.342217267420013e-8,7.349961473577249e-8,-4.740736082879949e-7,-9.697595973705897e-7,3.674998558163223e-7,7.31081047152804e-8,1.0638210564046791e-7,7.358062318818525e-8,-1.4399517366916472e-7,-4.6776558355370314e-7,4.58243000152736e-8,1.3862698034527998e-7,8.822398624874773e-9,-1.22494081167579e-7,4.6323716637777235e-7,2.884651433342556e-6,2.61221586331879e-6,4.677571445348638e-6,-7.633275186377243e-7,4.1489340511431387e-7,-8.440498631401283e-8,-2.780423644680674e-7,2.4407585517416177e-6,-4.151117076938161e-6,5.232245396431523e-8,-3.2632096236384634e-9,-3.232461408154697e-8
7.742743356160543e-7,6.559035589570605e-8,2.07354603797949e-7,-2.3148312902709024e-6,4.657185372104955e-6,4.698615832146036e-8,4.196385688231264e-6,2.1452723955280195e-6,4.3741825723662145e-7,3.400015516585642e-7,-2.9014442738309222e-6,-1.0436200536688368e-6,6.641017514196657e-7,3.512189288618162e-6,1.1562038948237152e-6,-4.028787477276974e-7,-1.855920954884849e-7,1.6517910175717355e-7,1.1559638302065523e-7,1.8603095500062673e-7,7.732469360115514e-8,4.597334132295572e-7,1.8460362084846695e-7,-1.3591708667199942e-7,-1.0125608575056734e-7,-5.292935416818523e-8,1.3884615393569e-7,-3.231023291338731e-7,1.987360694037488e-7,4.3582127409480534e-7,-1.0237221715402201e-6,-1.0735214492448853e-7,-2.5653111318930667e-7,-4.0696228690980663e-7,-2.191209697811969e-6,-1.2865226447023037e-6,-3.8888668891257085e-8,1.0080645186502756e-6,1.9158673769088531e-7,-6.634487035397152e-7,2.5286169145291026e-7,-4.804518086038079e-6,-1.9440973373951452e-6,6.977192802535282e-8,-1.469929894638733e-6,7.051340684247621e-7,2.3207282508130867e-7,-3.197167970035109e-7,-4.33695966560399e-8,1.2063833251403368e-7,5.443401048883523e-8,3.9418378029369983e-7,-1.1195394852885011e-6,-6.835418159029216e-7,2.001353232841785e-7,-6.641407549390133e-7,-5.096961065154338e-7,1.0511978354621477e-7,1.429893672631577e-7,6.24789693927319e-8,1.7246435803657258e-7,5.3208571235585647e-8,1.0551965576970358e-7,5.393977675784978e-8,-8.157385593334565e-7,1.0575706260136376e-7,4.239219615276291e-8,-1.973997434582997e-6,2.0140123354215777e-6,4.138248561970737e-6,9.621590391687996e-6,-8.838144377535162e-7,5.047484461620399e-7,-9.259392711166271e-7,1.360456743543681e-6,2.5051737129616616e-6,-9.49058026257108e-6,2.1194117442147055e-8,-8.797363250898638e-8,1.5111716999651747e-7
3.2266930136517493e-7,2.0122244811695334e-6,4.86604636318333e-8,3.838759498250966e-7,3.7939644737379654e-6,7.779910276688451e-8,2.546122873001044e-7,-7.630134918383825e-7,4.625512323464642e-6,4.205794993134893e-7,-3.529174857639661e-6,-1.045533074773053e-6,1.1322887473026455e-7,9.95915794713853e-7,2.9076394284244248e-8,1.2223676383665172e-6,2.7661194935979517e-8,-5.138135951003653e-7,8.130522228044779e-7,1.6373424872127008e-7,1.147135767911811e-7,2.8037118888908367e-7,1.6904618272117755e-7,4.033356626394813e-7,1.074908235796368e-7,4.702886011020979e-9,1.3310763523675108e-7,3.310033718775252e-8,1.3253200305177737e-6,2.8197577010988796e-7,-7.007196985623354e-7,-4.278706983615766e-7,5.467260886943048e-7,-2.1484487201399727e-7,-7.31258987012129e-7,-2.913886075796235e-7,1.023607163416518e-6,-1.7202349247804838e-6,-3.2081674722850285e-8,4.3150127963149657e-7,2.0957911215387483e-6,-6.239273232130838e-6,-4.396361186691067e-7,1.605205650677899e-7,-1.4196373100247685e-6,2.8673695885275133e-7,1.846073722713282e-7,2.3640431943836583e-7,2.552699205937481e-7,-1.0299331129841383e-6,-1.9790589803885263e-7,4.384803831111839e-7,-1.4965631195073437e-6,1.5587933412843924e-7,3.3810378691956354e-7,-2.9562471985888904e-7,-7.245292349455923e-9,4.544949331160675e-7,2.6218931485488818e-8,1.812562329740919e-7,2.289418482549488e-7,6.867348499883797e-8,-1.2237299996451512e-7,-2.2985480590571594e-7,-1.5607606304063327e-7,1.942683270406076e-6,3.474156536880102e-7,-2.6564544713540196e-6,1.6164187423173715e-6,5.972136087582403e-7,6.529069128216492e-6,-9.304448934642551e-7,3.4378649130986097e-7,-2.0989638670973923e-6,7.494744726102232e-7,1.0770443289689346e-6,-5.1230826001206875e-6,2.0616064365805986e-7,-1.4847820768347787e-7,5.45515260633822e-7
6.754885228876796e-8,-1.3311092369980749e-5,-4.778028318316119e-6,-7.391479725752382e-7,8.82638365904831e-7,9.630693380882072e-8,2.245592520527584e-7,-6.488614386291891e-7,6.281480764582792e-7,1.2043560843766344e-8,-3.738933524959787e-6,-1.780973796409624e-6,6.740290811517725e-8,3.7788352833809657e-7,3.5759111818682857e-7,2.023790837538675e-7,2.0716044638304787e-7,8.066950364293835e-7,-1.5913063207291245e-7,4.397469432828594e-8,9.236162392303183e-8,1.6721419654475157e-8,1.5395776117435034e-7,2.903309463716086e-7,1.4269519285854405e-7,-4.817688391367536e-8,1.1488525566194508e-7,1.772855408971763e-7,-1.1413670026052204e-6,2.2829605679850485e-7,2.0088909782989273e-7,4.655792488984956e-7,1.0559889549967673e-6,-2.2795739334890987e-8,2.3389256201657994e-7,3.4803763383941534e-7,1.7649290114734928e-6,-9.447939044379017e-7,1.2669440203825213e-7,6.939849895988948e-7,2.741209394326494e-6,-6.447400572230589e-6,-2.23062881180236e-7,1.799282097917132e-7,-6.072509852435571e-7,3.263056331207937e-7,-8.078751822990893e-7,2.7699522334883044e-7,-2.1358905904711456e-8,6.828324465935953e-7,-1.9050945522902653e-9,1.830084373078522e-7,1.2820515390163934e-7,1.0716745813099671e-6,2.9778912175166816e-7,-3.6781482420258364e-7,2.4658123810712417e-7,2.1639633070180688e-7,2.8639754014621043e-7,5.586020770238509e-8,-5.431407409759448e-8,1.3951635898794558e-7,4.306512110694216e-7,-1.7790068032794705e-7,-2.133309262033345e-6,2.9099348097158418e-6,-4.5516585605549497e-7,-1.7935114684482945e-6,5.064692880357713e-7,1.3612848762325493e-6,1.421179959422858e-6,1.4541697347365547e-7,2.4879137421529587e-7,4.3353623384339017e-7,2.553297258476661e-6,9.006996025879621e-7,-2.0505325305612e-6,5.124650372732021e-7,2.936264086704332e-7,5.3691430482349925e-8
-5.515433636446021e-8,8.446536734831201e-7,3.2879499199425014e-6,-1.8275147084493294e-6,1.3225842595304904e-6,-1.9494951375175208e-7,9.099378990886198e-7,4.9772073332476907e-8,4.86463503124912e-7,1.2187057512259347e-6,-4.801892794573215e-7,-7.256573204294847e-7,6.397133142046929e-7,-4.793320784249101e-7,3.1040839018323665e-7,6.370800022792444e-9,1.033072620278519e-6,-2.950484157029809e-7,1.0319928579758386e-7,6.065086743082038e-7,1.864321937382396e-7,8.415679919520081e-8,1.5596390633016988e-7,1.5598601147774894e-7,1.3373698435690252e-7,-2.1791593531190758e-7,3.1072042744488826e-7,1.8331275777709877e-7,-1.845942587971128e-6,1.738690134543086e-7,1.323324757021882e-6,6.044859390399671e-7,1.1226535886999622e-6,2.5403530734577906e-7,2.2636046450734694e-7,-7.747520587851442e-7,-1.452136746722388e-6,-4.767001526357895e-7,3.287095795580397e-7,1.1410269140835316e-6,2.927323862245568e-6,-3.0939289241695536e-6,2.414079993628304e-7,1.933514773254208e-7,-1.0778915684968028e-7,2.6554004987984213e-7,-3.167357350046274e-6,3.2201378860268193e-7,-1.168344232025398e-6,2.785808149930791e-7,6.266845647717957e-7,1.0057927204731198e-6,4.057230713523374e-8,2.410050311055567e-7,3.52388000253856e-7,-3.978330002760933e-7,2.044478783826742e-7,1.4692199036976383e-7,3.444611056879321e-7,-8.291108858133889e-8,8.688429535481657e-8,1.996917318914049e-7,1.1712636915470754e-7,-1.756028448435698e-7,-3.369193686537975e-6,2.083119760472707e-6,4.7351883019342016e-8,1.8028700690693623e-6,2.1324986836201986e-8,1.2374548428391696e-6,-3.5000935760809426e-8,-2.4556536162155143e-6,1.584791477496683e-7,2.168320811155633e-6,3.6621561343512355e-6,-9.356500320846673e-7,-2.1332904727586867e-6,-2.051912749003626e-7,4.1172856371705095e-7,1.0965429333631427e-7
9.49248686419324e-9,-1.6120147353789748e-7,1.9543884481769027e-6,-8.317026893058022e-7,1.546233377694417e-6,-2.357454092281497e-7,5.870692805666656e-7,-1.642222940802518e-6,1.0753165684316724e-6,9.183330191353534e-9,-8.010325193837043e-7,-7.322743750123651e-7,9.166240839231232e-8,1.645820117485508e-6,3.200247415065194e-7,3.2444490075305146e-7,6.526085099097357e-7,-4.7298380668563403e-7,-2.844097074279128e-7,3.33392264077359e-8,1.0972857651987412e-7,5.989460571280692e-8,1.2238028198514606e-7,1.7982199528487898e-7,2.3612389399605417e-7,4.337062296151384e-8,2.943894568602223e-7,-5.417761115237285e-8,-1.8824163641354419e-6,4.2588078769445486e-8,2.868104211107614e-7,1.6395059734972683e-7,5.877081532088103e-7,1.9527067266502664e-7,3.020482142766623e-7,-3.9084799853079666e-7,3.205766331726867e-7,1.2434574875870298e-7,2.1988307164668708e-7,3.090055169864936e-7,3.0496994980594662e-6,-2.1738702360942554e-6,-6.970498649549129e-7,2.871572877551687e-7,3.150853998886039e-7,-5.87955792590511e-7,-4.158215445261849e-6,2.7245537320559347e-7,3.111390256673952e-7,4.1869801595206817e-7,-3.704151913836995e-7,1.4020613656734238e-6,3.190256039352635e-7,3.1270414625828024e-7,3.284897294922429e-7,8.661770102125211e-8,1.2536105754463734e-7,5.207881786370994e-7,2.4815029185747406e-7,-4.124915339441038e-7,1.4415321668508342e-7,1.667386138208382e-7,-3.0457116405533393e-7,1.0557742824406358e-7,-3.1114409015207237e-6,-2.5569480736208017e-6,-1.4459309460623794e-8,-4.813164476678567e-7,-1.5439519256312818e-7,-1.1499600374965224e-6,-8.737107384492293e-7,-4.356569968921365e-6,8.208664322022275e-6,4.780721719627646e-6,2.72309069251977e-6,1.6438256898418048e-6,-9.107247847156997e-7,-3.103679868450282e-8,-6.923069595825782e-7,9.948058520432569e-8
2.8198734108753066e-8,3.0344275801772236e-6,1.8883398045324686e-6,-4.603908419343406e-6,-1.6250105125200644e-7,-1.935782288516219e-6,1.0260737332338011e-6,-1.6183332709504339e-6,-1.5593465828855903e-8,-3.6423635585687287e-7,7.356972025318598e-8,-2.6671760550522894e-7,1.5677907310089889e-7,2.8811152780244377e-6,2.6158530617677034e-7,8.722455336655611e-7,-4.106631405784267e-7,8.991006531429591e-7,1.7953711040212817e-6,2.9812859233571136e-7,1.908481647730387e-7,1.6491892929360042e-7,1.229613105776073e-7,1.4000551672173068e-7,1.9937874246096498e-7,3.9754758928367555e-8,1.8599848524827323e-7,9.125918891916829e-8,3.15674166246005e-8,-3.6299750752093465e-7,-3.4149656761779393e-7,1.3865443013272306e-7,-1.2919675704182843e-6,2.715054503224623e-7,-5.806941778107256e-7,2.0503848666550974e-7,8.014365771288335e-7,1.653875261660165e-7,2.9061824102283306e-7,2.5942288134799263e-7,2.8540175800634063e-6,-1.419578324496862e-6,-6.91902720406945e-7,2.451022021743299e-7,1.0796734201989899e-8,-1.0169171568268021e-6,-4.514673316449192e-6,2.834161469413177e-7,5.785776492721828e-7,3.455207610281397e-7,-1.3760653805130252e-6,4.489052199068145e-8,4.5111086455640327e-7,7.222761385693667e-7,-9.336345530122082e-8,2.6154818506713974e-7,1.5026170404879303e-7,4.872909262381376e-7,-4.445172949848031e-7,4.369957246467049e-7,9.45270631312134e-7,-1.8109961638826943e-7,-2.0260009673785496e-6,1.4799387654109708e-7,-1.3805360966426928e-6,-5.590879863696485e-6,-8.06085249025923e-8,3.400212595290331e-8,-7.809566146979807e-7,-2.791917051941262e-7,1.861942665548111e-6,-2.36211711555282e-6,1.1730474987292518e-5,4.927779585089743e-6,3.3772505601211258e-6,1.125713655095928e-6,6.917789406948316e-8,-7.324197840464786e-8,-3.470534983644025e-7,7.040331113169929e-7
-1.3411427067341775e-6,4.112530040053297e-7,4.482569691978511e-6,-4.339176300981074e-6,-7.670224989662967e-7,-1.2171633965599838e-6,2.20879133502383e-6,-2.6843645829411456e-6,5.700175823820875e-6,-3.6287563212207276e-7,1.0686177807812669e-7,-2.1302504287070703e-7,6.82886125153992e-8,-2.20188916257682e-6,-2.608969366899583e-8,4.6086416364987674e-7,1.351356431670059e-7,2.0840948630898027e-7,6.10097704358914e-7,1.5693887829650866e-7,1.7200109188222345e-7,1.2403953861499506e-7,1.0347477952428187e-7,3.903956005935294e-7,1.884029813863153e-7,1.8693862047896026e-7,2.0850108485070964e-7,1.0820565554729989e-7,1.3651740467766073e-7,7.560524209150988e-7,-1.734474155969279e-7,5.6695803335782284e-8,-1.2538788564264714e-7,3.09815724711493e-7,1.797197278239793e-7,1.2429253194724765e-6,-1.657796504913156e-7,-2.134239860316467e-7,1.0005905193188892e-7,1.7035737070267843e-7,1.8283547412119018e-6,-1.95228724317168e-6,-4.4318024316648555e-7,-4.5228756886861455e-7,2.735414836011696e-7,3.6111956754707466e-7,-2.3340269549839365e-6,-1.9266020916737238e-7,3.810426043039605e-7,4.0940295315692325e-7,-1.2336783768677195e-7,-1.3511681385188768e-7,1.9600522009615152e-7,2.597876916526687e-7,2.0798835949320527e-8,1.3247397985085564e-7,1.4065501661071344e-7,3.7724842227180314e-7,-6.292607896646318e-7,2.3758296774164524e-6,1.7434298207879008e-7,1.1759263082381066e-6,3.0106305427248794e-7,-9.113625478951449e-9,-2.0143228891851384e-6,-7.156668071399852e-6,-6.923218433199541e-7,1.015306114188208e-7,5.738325847862935e-7,-4.06162429600534e-6,2.2230803546863244e-7,2.903295559364416e-9,1.4659129493894608e-5,3.585543443078265e-7,2.3402442433121174e-6,2.709199202862056e-7,4.814269476741684e-7,6.817631852160666e-8,-4.594369523046183e-6,-1.9961866402384842e-8
-1.4584598743454524e-7,4.382589476938259e-7,1.5747166879847897e-6,1.5325978917347217e-6,-2.3901358671307717e-6,-7.384762043257664e-8,4.675799217196275e-6,9.58412553816368e-7,9.521826908473919e-6,-1.7927762929575987e-6,1.572411977847965e-7,2.2701603370329782e-7,3.456940630686134e-8,-3.838634970115318e-6,2.573051874675381e-7,-4.71256961683042e-8,6.043712917081168e-7,6.653199008298305e-7,6.857033186110418e-7,1.428962439067494e-6,2.0182971897175774e-7,5.455673414164197e-7,7.626620271303786e-8,2.0632958623745259e-7,9.03379203205379e-8,-5.018262105171978e-8,1.7140767731642638e-7,1.370742394332325e-7,1.388272357920606e-7,6.661694090652537e-7,1.9327793442431853e-7,2.9210272058337594e-7,4.838930025450994e-7,4.2043279309695873e-7,-1.0051215824766757e-6,2.8693004894171148e-6,-8.92795114442535e-7,6.251551778324593e-7,6.427990544377593e-8,-6.767621403320213e-7,3.256291658596755e-7,8.497675029577324e-8,-2.9371486791449634e-7,8.747244352326878e-7,-5.50414262884924e-7,9.010650367669904e-7,8.329460175768855e-8,-5.826069257611644e-7,5.301256633279738e-7,5.420501147630042e-7,-6.047105844562695e-7,1.26625692634752e-7,1.4005719841669873e-8,1.4770577459739533e-7,1.4781773860748082e-7,1.1415893426764967e-7,4.459131890933499e-7,1.108143417843488e-7,-1.7914771551350574e-7,3.521520637486386e-6,9.329373044519862e-9,1.4960342541021634e-7,3.6682899164604657e-6,1.7150753822499087e-7,7.488175404808395e-8,-7.808188037237052e-6,3.153839963467853e-8,2.201365686971357e-6,1.5650414896988042e-6,-1.0717778761988984e-6,6.749027156263132e-8,-2.8121867774191235e-6,1.253635005500451e-5,4.652495021236525e-6,1.5223544075446683e-7,1.022392806325767e-6,4.2628492526075594e-8,2.294783141063128e-7,3.0614932883721305e-7,4.940539991549198e-8
-9.440943251366463e-8,-4.2489551350219925e-7,2.6914729301645846e-7,4.5893312797873345e-8,9.781879590392896e-6,-3.1960942143076655e-7,-1.1704682612618255e-6,-2.8745544203240937e-6,1.3829668900171922e-5,-4.406289728769331e-7,1.241609726271964e-7,1.1938546882599433e-7,8.536661815976565e-8,-2.420314787620903e-6,1.0257767093222458e-7,2.3100594621232597e-7,2.466918222178083e-6,1.591593767078958e-7,9.029499363171656e-7,2.7731944645263964e-7,1.411084430495535e-7,1.863509449071321e-7,1.4000550107007292e-7,2.960388336820996e-7,4.260730332596108e-7,-1.5701187471598432e-7,2.3173920583152707e-8,1.3394224673426437e-7,1.3025182593917607e-7,1.8235416817449225e-7,9.929582301160256e-8,4.79693554568561e-8,4.5198132255850344e-7,-7.574443459605896e-8,-1.3385690427294427e-7,2.32203602538259e-6,5.535114629922955e-7,-1.4767605116771776e-6,4.7175228295592845e-7,-5.140732434076756e-7,-2.0192800629722508e-7,6.476926052359833e-7,2.78262772450133e-7,-3.870124564121724e-7,4.610561757102838e-7,4.2482674914445796e-7,-4.3927053976167144e-8,6.325250524712445e-8,-8.787822143140334e-8,4.5123242142368624e-7,1.7550270869963747e-7,1.0711002939711723e-6,5.346311148434202e-7,1.555276246045345e-7,1.2666585203127134e-7,1.676948742284301e-7,3.9706360820022106e-7,3.5213144921075745e-7,9.155480801785521e-7,4.046348751985418e-6,-1.6375511499591157e-6,-5.88092747445812e-7,4.117557328427335e-6,9.150784940443746e-8,1.3626035054699061e-7,-6.881517718897645e-6,-1.4582119198293664e-6,3.941177436779109e-6,2.478759004233577e-6,-2.755220402975156e-6,-1.5093145561380084e-7,4.0953925971489725e-7,6.559932342860453e-6,-1.2549001659388993e-6,-3.0628201095441735e-7,1.9760725204294173e-7,-2.306055481285929e-8,1.8129739213360586e-6,9.70329188175878e-7,2.9849385119284925e-7
2.759284676886464e-7,-1.6841475511321093e-7,5.640243747914831e-7,9.73683850610474e-8,-5.617740991021858e-8,1.1542402858728541e-7,-8.970295090902081e-8,-2.994487806544943e-6,7.213613605599912e-6,1.097708523817742e-7,4.007289875864517e-7,-1.08622037329027e-6,-8.215215555704259e-7,-6.891645895793164e-7,8.850139121270307e-8,-7.732646038794977e-8,4.881753474810591e-6,7.373831054387825e-7,2.3421072553981848e-7,5.6372376020426e-7,8.959916189588136e-9,-8.03769653143771e-9,-6.404685650382991e-8,1.562747594053171e-7,1.635054456932128e-7,-1.3080905057916148e-9,9.138743516559078e-8,2.0302160326639564e-7,1.6148767517525364e-7,-5.264094894346094e-8,1.1961262583555233e-7,-1.3600107415932873e-6,2.814587889577558e-7,7.081865774347663e-8,-1.8924879466445388e-7,3.5781106395731403e-7,3.26267207633868e-7,-4.193509230649995e-6,3.5538773221721613e-7,1.1587788276508082e-7,4.0965635167766747e-7,-2.3322755544367136e-7,-1.8664781768651384e-7,2.519260638927268e-7,-2.420223101986752e-7,2.99080327882173e-7,-3.9082528144764875e-7,2.730493086787078e-7,-5.3567164538570466e-8,4.408275905038117e-7,-4.3872443122876526e-7,2.698878871443933e-7,1.2861024517765163e-7,1.5693153685816254e-7,1.5457485945991058e-7,1.6504270330544025e-7,1.3715919922945296e-7,3.2719313698286183e-7,2.074558066395249e-6,3.80123563524033e-6,-2.4038567999919324e-6,1.6086248084383748e-7,3.6404657928668096e-7,1.3308152871389645e-7,1.2001933913974307e-7,-2.6652556590580636e-6,-6.609967194917355e-7,-2.3054570875433724e-7,1.9976711941098735e-7,-8.634224845707861e-7,-1.698710942484305e-7,8.478518862276019e-8,-3.6706373535880576e-6,1.6957201598666984e-6,-3.8597095297144834e-7,5.436144447262148e-7,-8.571570197424606e-7,5.610317048491132e-7,3.119268913359452e-7,4.072512417814256e-8
2.900821534500331e-7,2.2972970191741382e-7,3.1501653510841445e-7,2.8713934839408317e-7,2.4521077613434806e-6,4.870303884076277e-7,3.986858438508567e-6,-2.588577912268297e-7,1.6161282306118574e-6,2.9841281599058966e-7,1.9073611710944684e-7,-5.492396884753004e-7,-1.0112212632077623e-6,-1.1023408097918797e-7,-3.3985503327974566e-7,-2.906639659220223e-7,2.3210854341595645e-6,9.187587145738085e-7,9.605356694570855e-8,2.505359426231646e-7,1.4168721086762483e-7,1.2390453359398812e-7,1.2702872585801383e-7,3.834044929669878e-7,1.4898458498890933e-7,1.2152603454274048e-7,1.3573445425643094e-7,2.025705947254597e-7,-5.077395898482884e-8,-1.7509365327654792e-7,1.2244399307109079e-6,-2.028011919889161e-6,1.5491958151652165e-7,-1.598940543960925e-7,2.0794151535221685e-7,-1.0511179578393982e-6,2.6299245990570875e-7,-4.082209184830832e-6,-5.290705517653649e-7,2.3669901212988177e-7,1.3749063531425245e-7,-3.643468641814196e-7,-1.588683861411977e-7,4.909086440500365e-7,-2.588472039863232e-7,8.781336096172821e-7,-1.0112885287026696e-6,4.1504019142060146e-7,1.591621435126811e-7,1.6791865550773723e-7,-1.5838667445988276e-6,-1.272901316743069e-7,-6.54399019434937e-7,3.279935316788496e-7,1.1430655409423452e-7,1.2030440594990034e-7,4.984310270519821e-7,6.893459159318605e-7,2.4698237768675747e-6,2.4214294698589933e-6,-1.6352448272945685e-6,-5.732333318083094e-7,-7.017316506740979e-7,1.7275434976800954e-6,-5.700680481045772e-7,-2.99585218921391e-6,-1.1599581877603793e-7,-1.6698671341042193e-8,9.614148892826967e-7,6.551883084151556e-8,2.5049344390692953e-8,1.5838502344402317e-6,2.3861377042622147e-8,2.4355803470523794e-7,-8.813623983097374e-7,5.594535664064981e-7,-5.667232752330609e-7,2.0278165621683275e-6,-1.956102366359458e-8,-1.7483132311329032e-6
9.922228044270121e-8,1.0223082573648235e-7,-8.70522256191526e-6,2.059211570666797e-7,9.78651470438563e-7,2.2366268976552473e-7,5.098968710944175e-7,-1.3818055138225095e-6,2.348217356309168e-6,1.5397326439701155e-7,-3.2887237413571357e-7,2.4442138166325124e-9,-6.446843151412863e-7,1.337413917074981e-7,-1.665117920829351e-7,-5.247512764761098e-9,-1.8469815744560859e-6,-1.1937719653610014e-6,3.0051330540210587e-7,4.028339214448673e-7,4.2601878241435023e-7,-6.190668546783851e-8,1.4217751959064718e-7,3.777212252286111e-7,2.3789898750110618e-7,1.6517524721511023e-7,1.2434963057614824e-7,2.520343318512586e-7,1.3971333726301438e-7,1.870633406323874e-7,8.143977008394643e-7,-1.5841638074260422e-6,2.510586840885898e-7,2.50277241749286e-7,1.0382971536966324e-7,-8.516243836412363e-7,5.472559655927301e-7,-1.07799397067464e-6,1.2343402085086552e-7,4.6775170692381356e-8,3.074026665820462e-7,-7.420105477524697e-8,3.086580957668783e-7,3.1202796535283464e-7,3.961313553108914e-7,-6.045694888447417e-7,-7.492587299565035e-7,-3.202318885136779e-7,1.4559738046506787e-7,8.234159759781257e-8,-1.2010231361414436e-6,9.231454835712638e-7,-1.4467026305630904e-6,-1.1592481391098364e-7,3.484189484510791e-7,1.0095358612698391e-7,1.4309256906632762e-7,8.951631153288897e-7,1.90454649136238e-6,9.962864073700395e-8,-3.585277498200923e-7,-2.6040040506335464e-7,-1.4139332396982507e-6,9.402240600084878e-8,7.829269360244417e-8,1.1034935304629956e-6,1.178092132007702e-7,-2.788651474629622e-6,3.5257382577702503e-7,3.195114950910627e-7,6.189991549484076e-7,3.1220269894137954e-6,2.1300711630445336e-7,1.938066021812457e-7,-1.0177721586462863e-5,4.006616926837792e-7,2.1704816169464403e-6,2.7003260060030067e-7,-1.9700206246700103e-6,5.656981257962102e-9
-1.7144487912328366e-7,-2.408193419826121e-7,4.212019226846664e-7,9.514271411799058e-8,2.276283877867602e-7,1.9322009384439288e-7,2.5639645785247246e-6,3.3332934841778794e-7,8.533113168204931e-7,1.680218668057032e-6,-3.4670037668265153e-7,-6.777870709685608e-7,6.135985531793287e-7,1.3544298617045316e-7,-4.2110413931486513e-7,-7.91138268267999e-7,-4.09700199337466e-6,-1.0440726409138846e-7,2.6762148408514544e-7,3.5325529643652765e-7,2.3623615881096516e-7,-1.080776080238155e-7,5.428001544408145e-7,2.879765828782688e-7,2.0287558717135835e-7,1.3782273765639008e-7,1.4400669300904668e-7,2.4963756658011875e-7,1.2876872203735347e-7,4.8606855281740916e-8,-7.226761337941979e-7,3.215128632286346e-7,2.023164704018976e-7,-1.6153689744691226e-7,3.043017443690621e-7,6.009524869384109e-7,2.578405354587421e-8,5.404984196665241e-7,7.551276805861651e-8,3.11791739211742e-7,3.464530405527411e-7,-2.3489631345167128e-7,3.286583151055345e-7,3.318488556367738e-7,-6.50147891590569e-7,-1.6018105224041236e-6,-9.531022632306097e-7,1.9656925224091905e-7,6.727799039423222e-8,3.3863139065029024e-7,1.0163904910573951e-7,1.4504604612273654e-6,-1.1968818897338363e-6,1.3274809795880138e-7,5.07528140504987e-7,1.0470899269627854e-7,1.2063608560271e-7,8.491941257503077e-7,5.24696202201258e-7,-6.636359822010718e-7,-2.0576948789881034e-7,1.47370581266022e-6,-3.41583872849105e-7,2.1815021793680778e-8,8.215694980813205e-8,4.730517116588118e-7,-4.776556987533098e-7,-6.101585663684794e-8,5.601171911022052e-7,1.3181853425456858e-7,4.371303305215513e-7,2.8661056818467536e-6,5.8371784574174245e-6,6.311591963610752e-7,-1.3820844092577312e-5,6.147326447983215e-7,9.108360258382575e-7,3.6371585839860554e-7,-6.043239487126596e-7,1.1113475611670421e-7
2.8258536550640478e-8,-3.4328717842808333e-6,2.042967129238038e-6,-8.520010773279574e-7,1.9904139945063903e-7,2.7944552899288324e-7,1.645512724606002e-7,7.647530161916105e-8,6.804196458993551e-6,-6.301815694766955e-7,1.4927574022758351e-7,-5.259945700480051e-7,-1.0782311592284489e-7,-7.413873852837316e-8,-4.964036419514262e-7,8.58173794261008e-8,-2.685721544776776e-6,3.97265688951709e-8,1.53224709323041e-7,5.239783548012022e-7,9.102273032921548e-8,-3.361091952314155e-9,6.90165688561284e-7,1.284737602404995e-7,1.466394460101217e-7,1.342218204098966e-7,1.5746595165744283e-7,1.9823047381366532e-7,-6.608007288173568e-8,3.2715777980134586e-7,-1.5133959111988116e-6,-5.836706384287461e-7,2.674408609605106e-7,1.4213827454065963e-7,1.305731799989385e-7,1.5384764004813922e-6,-1.575733980347549e-6,4.891079289575773e-7,2.5093259765527346e-7,-7.53089743166946e-7,1.6580775543544313e-7,-2.505257521928206e-7,-5.225776918928892e-7,2.922991570257772e-7,-2.8771448114150444e-6,-9.619147272261542e-7,-8.685588275807455e-8,8.988549315648076e-7,3.3941415043596824e-7,1.6924994274833962e-7,4.1485639734129e-7,1.6585543120207326e-6,-2.905692873736543e-7,1.4618276511910723e-7,2.1247966007753583e-7,1.0668932618826955e-7,3.901731819949683e-7,7.402475742057658e-8,-3.393160458007305e-8,3.4573616527371344e-7,7.169268838004506e-7,1.2414318177713436e-6,9.149124553946565e-8,-5.04460009037866e-7,1.2618249362343904e-7,1.6588025943604646e-7,1.7901150595792004e-6,1.4088065956396446e-6,2.634188102519808e-7,1.909231941245704e-7,-6.508728635039374e-7,5.222866220327304e-7,-1.3601606168092474e-6,3.215002467319428e-7,-2.494285411937358e-6,6.760177725586792e-7,2.722803172900079e-7,6.009384933243211e-8,-7.291617297979114e-7,-6.681575437020194e-7
1.6693730822259223e-7,1.0832933028355196e-7,8.388912130508075e-10,-2.6196297073924902e-6,-1.5375885504801513e-6,3.2100043229887913e-7,4.723264748909118e-6,-9.265501689163846e-7,6.185443488653242e-6,-9.906186130976269e-7,5.904084580186542e-7,-3.1885771887476546e-7,8.477340564638781e-10,-1.7472287843737222e-7,1.3701143635154178e-7,-1.4807101369324283e-6,1.863921678514835e-6,1.8042323495357506e-7,9.96779165824524e-8,1.8664873830185337e-7,1.9671357693864522e-7,1.3547545893852765e-7,1.469706058787379e-7,9.896055642490964e-8,8.554137126628448e-8,1.3574395391469096e-7,1.3285339760957805e-7,1.5832655507925786e-7,1.5683946434863483e-7,3.776818022286355e-7,-1.8994683318648287e-6,-1.7512422054737133e-6,-1.1227291525154117e-6,2.8929162934843155e-7,1.4070727578525678e-7,8.520852846686911e-7,-3.7379752109992784e-7,-1.0372012150556831e-7,9.483385449069459e-8,1.3237172013722543e-7,-2.1684170603892828e-7,-3.857053616647233e-7,-3.9086132214489756e-7,4.357538277919293e-7,-3.646747939202633e-6,-8.156665559530985e-7,-1.6963511133478715e-7,1.3086290533593337e-6,4.4650840900866133e-7,2.823970006029741e-7,9.91260690346607e-8,1.6805173453684707e-6,7.349517076091772e-8,1.716542311350766e-7,2.138728409651236e-7,1.3217692050513374e-7,1.3560058107717766e-7,1.1218075120529303e-7,2.2715746551447147e-7,1.3611275839346959e-7,9.00963308814462e-7,-1.826335977665572e-7,7.951439102664048e-7,-3.4185141490317154e-7,5.917935608741321e-8,-5.256876204314809e-7,9.194337221764437e-7,2.302716215597278e-6,-5.826539359938821e-8,1.971207861428681e-9,7.44674623174868e-7,1.388006997068514e-6,1.4671030824309208e-7,1.332952418776401e-7,-2.7991851345098853e-6,1.2844447109465752e-7,5.8662385794416855e-8,4.1008153482366975e-7,-2.961450011632061e-7,-7.369805857004863e-9
1.4051952907656596e-7,3.953500973560842e-6,-2.7055122206587347e-7,-7.336398123714261e-6,-2.0055447446792774e-6,1.35003456761984e-7,5.4452404438978476e-6,7.991175026018871e-7,8.981971509802089e-6,9.816222754710724e-7,9.95530133459699e-7,1.0056080815618708e-6,-4.7115363075600493e-7,-2.019689147682169e-6,-1.8058809379997487e-6,1.0513309909929714e-7,2.9863208710507737e-7,8.474919827690108e-8,1.6783257948531416e-6,7.069657271696395e-7,1.3420238336576684e-7,6.787217278654279e-8,1.1155924173120724e-7,1.3127074729075705e-7,7.787677139454719e-8,1.388920894099588e-7,1.3874328648080247e-7,1.506470346741784e-7,1.058380413433202e-7,1.9258617302704284e-7,-2.0999589088056328e-6,-9.313614598155829e-7,-2.3366519909357454e-6,2.583284401575847e-7,1.7989940915656977e-7,2.639557119790803e-7,3.288954946341072e-8,2.746964707895705e-7,1.412505422468069e-7,1.744433388080502e-7,-1.258074617245808e-7,-2.9808951843354195e-7,2.185663532612292e-8,2.144968293458449e-7,-1.2732757351674117e-6,-1.739138504394111e-8,1.715817929760055e-7,1.4714784238174073e-6,-9.666119426241404e-7,2.8965320810709905e-7,2.579827321432582e-7,8.40336562616928e-7,5.209580237908851e-7,4.486354437839513e-7,1.5409587615926592e-7,1.8365989365463076e-7,2.084044364786264e-7,2.834953143246333e-7,2.0428849976081854e-7,-2.2396833866055178e-7,1.292895081900003e-7,-1.766157736381113e-7,4.129291368081489e-7,-1.0176986771996965e-7,2.389613849298034e-7,-9.066148327019353e-9,3.737739841479515e-7,1.7840492204368454e-8,5.899756683249713e-8,9.90933716613629e-9,3.0851709793102034e-6,1.537510423247146e-6,-7.065968511058895e-7,2.0238725843566563e-7,-2.0415868272289916e-7,2.028715798956915e-7,5.804617911716825e-7,1.6533657504052003e-7,9.691808407716884e-7,9.200476795350855e-7
4.700388254148536e-8,6.344074854583504e-6,7.188001880993333e-8,8.890255359612853e-6,5.619604893736697e-7,6.106170856161608e-8,-3.1317119089135483e-6,1.7102995230766638e-7,5.242937791966141e-6,6.37222365778074e-6,3.1373934396905947e-6,1.2034497774316755e-6,-5.097232692394816e-8,7.832433764384917e-7,-1.1913309773688208e-6,-8.037588038028455e-7,5.968675970988713e-8,1.914010514521225e-7,1.9126558149321627e-6,6.507058720595316e-7,2.229127286089039e-7,-1.8000513923449591e-7,2.3710424439609136e-7,1.384687425083797e-7,1.2387255961507914e-7,1.3951637606748336e-7,1.1439291002592888e-7,-8.188860395108578e-9,1.5214667518059778e-7,1.570564247087569e-7,-1.616856994488336e-6,1.2918648641355724e-7,-1.3478112921862629e-6,2.960563250166359e-7,4.599126867967929e-7,2.3086848431463913e-7,-2.0240033314038454e-7,1.6119968542220864e-7,1.9099636518462584e-7,2.417790872586201e-7,-8.723033210998877e-8,-7.527981996677591e-7,-2.6467086060335543e-7,6.964663477084798e-8,4.1716045535251655e-7,-9.766622571573125e-8,2.2480827067412614e-7,1.0125430598392217e-6,1.724804940210989e-7,5.760883435190545e-7,1.8213807540858886e-7,-3.2572784557195477e-7,3.9171422853263585e-7,5.981533961187502e-7,1.5185868642151325e-7,1.1718005179273129e-7,2.0669883422543835e-7,1.8695074046437554e-7,-1.631082156904773e-7,-9.951594428381228e-8,9.857708812125666e-7,-4.691688092323121e-7,9.580650865976814e-8,6.283556053578999e-8,-2.2840373252871473e-7,8.349417285257177e-7,-6.31752614158998e-7,1.6222598275206224e-7,-9.907255990413643e-7,2.475411218180401e-7,3.397810428593329e-6,1.7749830622850738e-7,3.213129644910495e-7,7.482096999670285e-7,-1.2155994324084542e-7,5.276395159781622e-7,3.6299401163325977e-6,1.7585854078586706e-6,1.7952066702658477e-6,9.63871322546095e-7
-1.281920884661947e-7,3.8106742172079325e-7,3.394391611230452e-7,4.5457743858325465e-6,1.7404257749837893e-7,1.659670936431823e-7,-4.4713220452902825e-6,-1.2856874238077133e-6,2.1313425090701002e-7,1.0946342911883457e-6,4.684475904976693e-6,4.131439234072998e-6,-6.597418108555964e-9,8.61276772077435e-7,8.128408503700113e-7,-1.0618045452023829e-6,-1.5011552407426245e-6,1.7076289218644904e-7,2.709956914292322e-7,3.0428230033210383e-7,1.1264971888922393e-7,-1.258081350423712e-8,7.979583056424211e-7,1.0697162667816508e-7,1.0320678915567427e-7,1.336602617461047e-7,-4.456911652136464e-8,-5.488391069804477e-8,1.3188424919210463e-7,1.5852433291616564e-7,-2.2527795485929315e-7,1.8536486942193344e-7,3.4455253964207347e-7,1.8535154513963372e-7,2.330543303712851e-7,1.600564360528356e-7,-1.5782106772947447e-6,1.514501430470494e-7,2.1550255875650848e-7,3.0344044408043837e-7,-9.490113985697325e-8,-1.523615403209444e-7,2.154439148474907e-7,3.6759411213775907e-7,6.220527384721786e-7,2.252307821547728e-7,-2.4542029672458555e-8,6.757121707417601e-7,4.912029203621771e-7,1.951939408304515e-7,1.165761857911729e-7,-4.879147966189601e-7,5.013750465747479e-7,5.864543755925267e-7,1.4113763903733646e-7,2.3698139269701104e-7,1.374845394263913e-7,1.2009981214990972e-7,-7.936588213531826e-8,-6.488549949228318e-7,7.454722302884243e-8,9.494844289701377e-8,1.4595825347749614e-7,3.494645135067032e-7,-4.0197982601264393e-8,2.098955598281105e-7,1.2395699580313392e-6,3.9113812045157296e-7,-8.965068949025046e-8,5.612868407757877e-7,3.4767404253146953e-6,7.688783608550409e-8,1.4702979320766474e-6,-6.520386277476531e-7,1.5450623229167348e-7,3.6159403788034175e-7,9.066895466873781e-8,3.5947220306133956e-7,7.763199277981414e-7,7.967878941710361e-8
3.3023162791556706e-7,8.591838829179466e-7,9.277662900242234e-8,1.8136618013201212e-6,7.487684396485506e-8,1.143024664603587e-7,3.406193245480749e-6,6.090890433450236e-7,-2.797023954113731e-6,6.152627039721193e-7,9.298212262262684e-7,-1.0351773772016792e-6,9.305954386047422e-8,1.9185943031825304e-7,2.4689353378590794e-7,-1.1082253647709539e-8,-2.0310561602017943e-6,7.30463268930448e-8,9.785025274298143e-8,2.5504602917678646e-7,1.3175535506073644e-7,1.1183200944064886e-7,8.712359003517411e-7,1.6247441244812145e-7,1.560150969773355e-7,1.1665107272851305e-7,6.206271164328481e-8,-1.8586521371101172e-7,1.4886158831208809e-7,3.083991521468876e-7,1.5389908662108986e-7,2.1475258220626792e-8,3.5604183221442653e-7,1.0167381998686942e-7,2.6275139370692816e-7,-4.757288899379653e-8,-2.2527498610815824e-6,2.296645564759281e-7,1.064806750704861e-7,3.0345486291947225e-7,7.450298808964196e-8,-4.2046589778022005e-7,1.5581883232747008e-7,3.931186199560566e-7,1.2155208652262496e-7,3.2615310113048857e-7,1.4923234503951833e-7,6.282066500838735e-7,-3.371542887839696e-7,-5.03366821080975e-7,1.6833105013898122e-7,4.192333765209444e-8,3.729192356478395e-7,3.620085792590322e-7,1.3491586643690211e-7,1.3404480509953134e-7,1.2948859254175992e-7,8.645152775021536e-7,2.0918793320054974e-7,5.731197010578227e-7,4.2410176532294845e-7,5.3636921668354104e-8,9.588521932297756e-8,4.1344004921364256e-7,-2.4127594775102958e-8,-1.566362754139239e-6,8.794696845638494e-7,1.405752978182573e-7,1.200170417194002e-6,5.764528968268624e-7,1.6439274498439627e-6,9.936914186248202e-8,3.0059418772301783e-6,5.370866416169574e-7,-2.8956914454651983e-7,-6.424931478414386e-7,4.931565555164297e-6,1.6266461342354167e-5,-2.8690331817130545e-7,-3.1721854989756885e-7
5.590287234886526e-7,1.912116696621169e-7,4.5200380799681475e-7,1.299328378415976e-6,8.57154114199954e-9,3.746694992531108e-7,-2.9122755697513325e-6,-5.331514170537755e-6,2.92564683707397e-7,1.252320721704825e-6,1.1655686155362943e-7,-3.783465201585346e-7,8.366738676529595e-7,9.207726184392584e-7,2.9512802710678355e-7,1.2178991254290228e-7,2.8976427641085325e-7,2.466172221942564e-7,3.051542919545458e-8,1.0481733438156838e-7,1.563716753566702e-7,5.0992824706552754e-8,3.569117772080022e-7,1.7917015266371017e-7,9.589341169999877e-8,1.1533127835914315e-7,1.5244825503042404e-7,2.5390358513277534e-8,4.137782374244559e-7,1.561438378332003e-7,-2.6790808154940616e-7,9.297093857885131e-10,5.5686491571083074e-8,1.8648015232010096e-7,-1.5756485528214405e-7,-7.226954182828483e-8,-1.6030205538386855e-6,3.5669258891801725e-8,1.9978120407666557e-7,1.3111122489415371e-7,6.40105938034763e-8,5.3680939667510865e-8,-1.5066822178333439e-9,2.9418563732306336e-7,1.5961430678268495e-7,2.6820673933629635e-7,1.6825241742566277e-7,7.982853136514479e-8,-1.9010735491997723e-8,2.0397004694696632e-7,1.739063238532568e-7,1.5396276078880612e-7,1.8721045100704714e-7,1.8623443445999756e-7,1.2792739210270023e-7,1.2858483849167436e-7,4.8904706919497e-7,9.795005639234412e-7,3.4835402274586704e-7,1.2122363263802337e-7,6.154131040074784e-8,1.407964163254194e-6,-7.353052273738504e-7,-4.788311045972105e-7,4.9205137300512014e-8,-6.317644528455291e-7,6.067077047515746e-7,3.094549324593077e-7,1.496717250810442e-6,4.571386821179413e-7,1.8063839813256655e-6,7.454395629601152e-7,7.66237200810196e-6,2.173666474172942e-6,3.0377017467504876e-6,9.125054899361551e-8,1.6758716655507433e-6,1.2456653466962942e-5,1.429141617854679e-7,8.332626176157376e-8
5.31339258573027e-7,3.343732608244388e-7,5.280704037172513e-7,-7.883420642634586e-7,2.4621941371045786e-7,7.986973824566368e-7,-7.855539513785371e-7,-6.43447833631633e-6,2.835627446294864e-6,1.0357849634611727e-6,1.5323203066377468e-7,2.500589951698551e-7,-1.340712717507997e-6,9.63755915989273e-7,7.481448968715832e-8,3.651844062183107e-7,-1.1570762062963481e-7,2.568509488767745e-7,9.882939278742509e-8,3.5059573997475724e-8,6.679004826388724e-8,2.879670651059874e-7,1.2342862984797698e-7,2.46733942801991e-7,1.4167774615123642e-7,1.203208548894219e-7,1.403041080041856e-7,2.2111929288934908e-7,2.562375132556971e-7,1.4107506803893167e-7,3.436484243416027e-7,1.1769626651676469e-7,1.7080025347644413e-7,4.482433071073322e-7,-3.6283426903286345e-7,4.3968991612737263e-7,9.158278270091636e-8,3.0336600022145003e-7,1.557998910520553e-7,-3.300556215765749e-7,1.798359694483942e-7,4.9041777846547956e-8,-1.6758246845732794e-7,1.8659424834852612e-7,1.671095279840884e-7,1.686107361421385e-7,-1.7612075424512376e-7,-1.5649458627018388e-7,4.0683238073555563e-7,-3.3367854146905133e-7,1.6692843053451868e-7,1.3661304954248887e-7,1.550830220570232e-7,1.390492336687421e-7,1.8385580403634807e-7,1.236412820000421e-7,6.008629995210457e-7,2.840145179090925e-7,4.4720461601190923e-7,-6.004448344039126e-8,-2.2213664628172314e-7,8.066631216460563e-7,5.824939017262443e-7,-9.031862645436096e-7,2.1855529453738144e-7,-6.520854008040589e-7,8.762502651766812e-8,3.33165024719162e-7,3.664900530797777e-6,-5.800227211463116e-7,3.7812755350673967e-6,2.53224397299201e-7,3.4404166125578286e-6,-2.17954777174878e-7,2.297533169424315e-6,4.072005539552892e-7,6.564301815856766e-8,1.3175092371292774e-6,1.573712882570355e-7,5.252916439979494e-9
3.1133593943082353e-7,-1.0115362105245218e-7,1.829068794821476e-7,-5.444702376539379e-6,7.131852520698034e-7,1.0057520784363395e-7,3.7191866256678365e-7,2.0696603719791987e-6,2.6760891960899704e-7,7.307563185097399e-7,1.5808330998732247e-7,2.0003352010888877e-8,-1.5316870287428453e-7,8.040271586098991e-7,1.964592953746536e-6,1.898202259594739e-6,1.1019272064887176e-7,-2.720370967198127e-7,4.8965118905197614e-8,3.3288545067833297e-7,5.033702072498869e-8,2.2455154443234983e-7,1.4890734272432484e-7,2.0490653604088306e-7,2.175964397112651e-7,1.3141267411946878e-7,1.8195109195882075e-7,1.6422852494641927e-7,2.838784312352738e-7,2.344440188909003e-7,4.4202545552956e-7,1.6608400779305479e-7,5.511711607149028e-7,-1.2407576671580322e-8,2.818295581563657e-8,-2.2661796355594178e-8,1.6589659068555473e-7,8.346122323119599e-8,2.097319198391068e-7,8.331802159051716e-8,2.2101441896142938e-7,-1.01102337919734e-7,1.890056175835042e-9,-7.118658850568949e-9,2.1162096363882556e-7,1.695597472597399e-7,3.195160561432653e-7,-1.0457265166636144e-6,4.083446306891947e-7,-1.5798248520232928e-6,8.083354382710794e-8,2.2647258405341654e-7,1.3683970526776613e-7,1.545385342262229e-7,1.636904563343755e-7,1.373946688987715e-7,1.2572971012014822e-7,5.624327666498008e-8,1.3588472489671766e-7,-9.473699012045867e-8,-3.4145147920521257e-7,1.5891966152308259e-7,1.4567682578394915e-6,9.379678529918944e-7,8.935040093165592e-7,5.8655655534245456e-8,1.8716808555951925e-7,2.2267697081379324e-6,1.731263300496444e-7,-9.982715727707926e-7,1.1086915613686578e-6,3.056159550807181e-8,6.530376668776317e-7,-5.636587939437554e-7,9.36358729097031e-6,9.675216577774483e-7,1.6229974373770164e-6,2.7101217694094127e-6,-1.3787834174240898e-6,-5.628017118106676e-8
2.8590337698966017e-7,-1.0695478589277775e-6,1.578001215727154e-7,4.4820212691916165e-7,-3.802424350423961e-6,-1.4744528874187313e-6,1.278327612732677e-6,-2.7194501837714215e-6,-3.479177481767981e-6,5.289844711767522e-7,-6.932882818947883e-7,6.814290015244584e-8,3.4539273130429484e-7,4.874029301394911e-7,1.427365109834211e-6,4.530908984151516e-6,-1.4980582290431755e-6,1.17439783661073e-6,3.987950246506778e-8,-6.854334920467498e-8,-3.867127738899634e-7,9.140777635506803e-7,-9.630517647762905e-9,-3.93448231833049e-7,1.9851979343761263e-7,2.397530560829253e-8,1.9821635767642845e-7,1.235381910512645e-7,1.5532354711715878e-7,1.67095787323035e-7,2.658094469704109e-7,1.5395030834683967e-7,6.287447401604363e-7,1.4544002666103674e-7,2.1881503582248385e-7,3.6049022462805173e-7,-3.8643907081816757e-7,3.198639830300554e-7,1.985632577720109e-7,1.5385532471976493e-7,1.194506507029569e-7,3.824956377779465e-7,3.6133204220634153e-7,-6.387296260953468e-8,2.1619781507502545e-7,2.696323432312742e-7,5.924921186755805e-7,-4.991546883774345e-7,9.55047964810163e-8,-2.081019084626923e-6,1.260931597145687e-7,1.536530325461083e-7,1.4410876250203764e-7,1.9765139024081614e-7,1.3972434749540686e-7,1.3801599415659282e-7,1.3411465291433002e-7,2.0558825315326602e-7,6.788297633251172e-7,-3.477367351484295e-8,3.031948452389077e-7,1.4779850734265577e-7,5.501462953763969e-7,7.915646949261834e-7,1.365398894607184e-7,1.013530891699488e-6,2.4086022447598055e-7,7.475920227052679e-7,1.0577590100258494e-6,3.6068011869883067e-8,-7.108197916034565e-7,2.241041662286336e-6,3.6228827555640167e-6,3.8501134585537944e-7,1.3703310433535876e-5,1.888788688767673e-6,8.365585566368461e-7,-1.0062950060067689e-5,-1.009569550555034e-6,9.970439374507035e-8
-2.6266189742596424e-8,-1.8232214690506731e-7,-6.26197483574481e-6,6.474441022588539e-7,-7.16069491734328e-7,-8.972923533918209e-7,-2.3418749655933493e-7,-4.312056459085456e-6,-6.531939057230818e-6,2.9342619914973777e-7,-4.705037304907456e-7,-2.798078312093999e-6,-1.6247891406213634e-7,7.767554729803727e-7,6.073310338554627e-8,6.054469917654926e-6,2.1074653394540735e-6,1.7320098633040848e-6,3.6177621061717073e-8,1.1699068051034268e-7,4.280520612732097e-7,1.4080519354031653e-7,-2.811129914083055e-7,-4.3846413634407446e-7,1.702761969749611e-7,2.393803574516795e-7,1.3506865171009076e-7,1.4358373174858662e-7,1.8956550660902405e-7,1.4625495164100056e-7,2.1154174549460337e-7,1.433774375538155e-7,4.854660417884294e-7,2.3282895016938367e-7,2.5509815090329902e-8,-3.249248496125956e-7,-8.348642414216401e-7,2.876706759064485e-7,2.0530643116789538e-7,2.0244532271029847e-7,1.4128975895151275e-7,-2.092791303971442e-7,6.970072039082176e-7,5.20029638517272e-8,4.471371840398586e-7,-3.0732119685605853e-7,1.6996934484763138e-7,1.9371524655185102e-7,1.582135930362938e-7,-2.081526995601113e-6,7.451748408788817e-8,1.363211663846009e-7,1.549801508454962e-7,1.695833190210383e-7,1.359237422032811e-7,1.7466783107198404e-7,1.3121586650652884e-7,1.2192743882264436e-7,3.404842555831733e-7,-1.2514275669158525e-6,5.819984127759525e-7,1.428302805960957e-7,-9.432873509578332e-8,1.6780291906788313e-7,1.334653000397923e-7,1.136211462912784e-6,9.31143840751525e-7,3.4578947811283457e-7,3.2079155655408753e-6,6.105668840332702e-7,4.794507181576257e-7,1.7182614864839075e-7,9.53448138001245e-7,1.9100516109417543e-6,5.329838414745547e-6,5.616556252932447e-7,3.010034300449771e-7,1.9992314319905446e-7,2.0599117873980234e-5,1.0546385230472134e-7
7.925767307115361e-8,2.23732187626835e-7,6.852658163992054e-6,4.238880895595543e-7,5.345485440168929e-6,1.1285184028504425e-7,9.420428549441917e-7,2.00945936439787e-6,-1.231494125821686e-6,1.1562003028142698e-7,6.02465649000461e-8,8.487888396375709e-7,-2.850841988230646e-6,1.8632973505367634e-6,1.1072106752614275e-7,7.134059127620951e-6,2.878103033859425e-6,7.736612076435723e-7,5.66319826445838e-8,2.187583420315109e-7,1.547032173581542e-7,2.951379079019212e-8,-3.2575433338646324e-7,1.5527163643447308e-7,1.518183428673492e-7,3.2681668451826076e-7,1.3703662693866913e-7,1.5400864854586695e-7,1.8441413639613824e-7,1.6349841284268863e-7,1.8865122336608754e-7,1.4309785206965133e-7,1.89701622431393e-7,2.2292250325319786e-7,1.446122218034196e-7,-1.7846226760522832e-7,-1.6182087245562028e-7,8.290796125443035e-8,8.985653581006226e-8,1.0211493455811738e-7,-2.964774829405048e-7,-7.249362671700732e-7,7.823486713296912e-7,1.936201224114198e-7,6.69454528574942e-7,-2.691910613318305e-7,3.681517011903779e-7,1.2175705628738598e-7,1.5447758584794525e-7,-2.0969255343206374e-6,-9.317745981934912e-8,1.0530764067429033e-8,1.5696329483407822e-7,1.3416520845550562e-7,1.197441157311019e-7,-3.961622455489478e-8,1.1205796524171863e-7,1.008295660592795e-7,-5.668470259392878e-7,-1.6592359730864038e-6,-2.5420935766781173e-7,1.208357617508371e-7,1.9352265199439334e-7,6.327333165367933e-8,5.422028840817994e-8,1.086012367191347e-6,1.4513275751722121e-6,1.1465493245442548e-6,6.837067051302714e-7,3.871660669983479e-6,-2.728621736531878e-8,-4.86798977077163e-7,7.555012705428555e-6,2.6137756136968003e-7,1.1722339812089788e-5,1.0980367417814386e-7,1.0926260979686964e-6,2.3985239610840206e-6,4.1000527163576494e-6,6.859974262760637e-8
1.0564713594380937e-7,1.1269773346181734e-6,5.154648120020422e-8,-2.8875889229648123e-7,1.4021313204316878e-5,8.929950390495378e-7,1.0917742817173305e-5,2.2185970428210577e-6,5.807734706124723e-8,2.189579479261683e-7,-3.0741638610214397e-7,1.1896090127779147e-6,2.2467331022658854e-6,1.704300488910371e-6,-1.4792961276419715e-7,3.334311726821926e-6,3.7785200479170113e-6,1.4224504473956402e-7,2.3064344177110565e-7,-4.867670146889713e-7,3.514970977065435e-8,4.1616775848731803e-7,-1.982010464298245e-7,4.9103833376862306e-8,1.217428732678938e-7,2.2485829164275995e-7,1.2735526856064717e-7,1.3482765084897874e-7,1.4583796614004996e-7,2.0231511147572602e-7,1.0857055285564688e-7,1.798893070983354e-7,1.4223645384199292e-7,2.0083459480544354e-7,6.153312425880575e-8,2.0146479542773044e-7,-1.8456032688510816e-7,1.6054446095630227e-7,1.396803280257819e-7,5.653021818805116e-7,1.3756594806799695e-7,-3.4238541531699253e-7,1.1871799257814343e-7,1.8067618421797604e-7,2.4904670543663964e-7,1.5464029493441612e-7,1.644539778588694e-7,8.290023530359569e-8,-3.372372034756044e-7,-2.229000045714025e-6,-2.7238235275506285e-8,-3.490774171885258e-7,1.1742598987702913e-7,1.2979221487250393e-7,4.414126284686404e-8,-9.719851405273206e-8,1.228266779472742e-7,5.319374315655212e-7,2.6261344125999565e-8,-1.575163386514422e-6,-3.794179533220477e-7,6.354276650246683e-8,2.1732036813180145e-7,-2.4739699663622885e-7,-5.025433688553571e-8,7.162083020383125e-7,6.447744290764224e-7,3.4922663713850003e-6,1.4466330147744344e-7,4.452169587711108e-6,2.831926806054153e-7,-2.2376781054862517e-7,9.252828814931746e-6,-2.794340552299324e-7,-1.4234469437965914e-6,2.98032375305457e-8,2.128560323542339e-6,3.081088669877974e-6,1.8121045672438997e-7,1.9582776177515805e-7
5.563832477928355e-8,2.626168661970185e-7,-4.977030887878265e-8,-2.0173879954010986e-6,-5.64919674576414e-6,2.0518360486037058e-7,1.942894320069799e-6,8.623883766424313e-7,-9.913481289745786e-7,3.7786365525398714e-6,1.4783454203388004e-6,-4.999801611979627e-6,1.3157912539222938e-6,2.253729870238086e-7,-4.2815963767348643e-7,-1.1383638388384077e-6,1.8037957705432373e-6,9.664164447391378e-7,4.131946279755994e-7,-6.207332697408918e-7,1.719348857136316e-7,6.704283243164744e-7,-2.6132698628134057e-8,5.353955432840785e-8,1.1484719427923285e-7,1.88865013802908e-7,1.3337857301596314e-7,-5.549583991812935e-8,1.1903583190120415e-7,1.688996604602977e-7,9.396826360166255e-8,-1.8927155091672532e-7,1.435264331073549e-7,4.020636943600442e-7,4.3842648288716646e-9,1.6379100400585324e-7,9.736695997357714e-8,1.7357349411772917e-7,3.3947224171073654e-7,7.403739375785313e-7,1.741857053284335e-7,2.809864893984937e-7,1.8560001823693108e-7,1.908366727455091e-7,1.6745660295871546e-7,3.97144518818493e-7,-4.957105489532543e-7,1.3981493745591768e-7,-8.881171038748192e-7,-2.230445379348256e-6,1.5102106881685895e-7,-4.767113739627571e-7,2.8481360498888722e-8,1.1995151249710735e-7,1.2251805501788394e-7,3.918289157746946e-7,-9.651642092061153e-8,-4.814923852580755e-8,4.934777944592961e-7,5.485912841003194e-7,2.2276711538677943e-6,1.6666070144993218e-6,5.264008280431165e-7,-7.281497352206068e-7,-5.555043378744351e-8,8.501099262383516e-8,8.624087119529112e-7,7.5309401299406e-6,3.2162844343812225e-6,3.3205708909049616e-6,1.0497645039801995e-7,-4.007889209220905e-7,-1.7127548569256802e-6,-2.7438925250841464e-6,3.877564537741152e-6,2.2013234211581968e-7,7.367845809140627e-7,1.7188541918424784e-7,2.825188820970448e-6,1.4761458744119162e-7
-1.0022235463969853e-6,6.586728218956007e-7,-3.986516334245627e-8,-2.518916870749566e-7,-2.9542408577607486e-7,1.6320163946745847e-7,7.821741721124598e-7,-7.417768915852774e-7,3.210103751827509e-7,5.588783348534588e-6,6.919673316289954e-7,-7.701521294191893e-6,6.992581112588159e-8,1.5746547194921413e-7,-7.321114743708002e-9,-3.0818768009193588e-6,2.7146482124441817e-6,-1.1012940825809948e-6,-2.2546402521861354e-8,2.439176982232505e-7,1.3888039998242174e-7,1.7274307313135395e-7,-6.001457454244075e-7,5.829906035021981e-8,9.221357331468116e-8,2.1624213806807904e-7,2.0703538486619433e-7,1.2076007053036798e-7,9.666846607196966e-8,1.7211347037506819e-7,7.794426764138329e-8,1.2874344218347657e-7,1.9130637053743626e-7,4.1353484119113215e-7,-4.933793889525862e-7,1.0315140401477852e-7,1.3600659218546695e-7,-3.1658438212692763e-7,4.326933188990134e-7,6.454316494579615e-7,1.8282428743763292e-7,2.775163140758874e-7,2.80054005567032e-7,-1.7034604003097753e-7,-3.1061266221299456e-8,-3.7280899406766376e-7,7.996179456950525e-8,5.353572962216724e-8,-2.2313746998536833e-7,-1.7810502774754268e-6,2.2687693181775437e-7,-4.101434716988317e-7,1.0722274020524836e-8,1.2755392590981797e-7,1.2246696601498908e-7,1.4720281520408384e-7,-6.917049541543819e-9,3.6200247422346624e-8,3.4780361286368414e-7,-3.037497129447786e-8,1.1290202213695811e-6,5.112494092844777e-6,4.856989237484566e-7,-1.7816321752824884e-7,2.0457708636282713e-6,1.8087433576394752e-7,5.128883874442547e-7,4.2858869422514716e-6,3.997766943126569e-6,3.0703855745087164e-6,1.9968479713294853e-7,1.1231698192035733e-7,8.394921446758152e-6,-3.5102701940481486e-7,2.439197731304188e-6,7.73012460907685e-7,1.2626970717675158e-7,3.4372432757887596e-7,4.846535842495614e-7,-1.9992654721618932e-7
4.493125408773225e-8,4.2253053567316016e-7,6.46041136342701e-7,-3.2065801522489726e-6,9.34581724003869e-7,2.4248491464111677e-7,-1.5478522221298753e-6,2.769217024481741e-7,-5.980915916466545e-7,-1.6244190084209188e-6,1.5694216185214272e-6,3.1330043889572504e-7,-8.070613892311007e-7,9.635209308551218e-7,3.2862562403144224e-7,-1.3124039066795602e-6,1.586136241056324e-6,1.0721572088492338e-6,1.28346351207842e-8,4.973454712346559e-7,3.8958545345038066e-7,2.996288694304239e-7,-7.145736694560867e-7,9.398225012515749e-8,1.355543752826094e-7,1.5943242779559164e-7,1.74756422530864e-7,1.2674973822617285e-7,4.9191289756578275e-8,-1.525384109751782e-8,1.822347548610992e-7,1.4814134708216465e-7,2.496496332478726e-7,1.0369509253596033e-7,-5.617711440728979e-7,2.6699468334707713e-7,2.0263574911891792e-7,1.0600482879088436e-7,4.539898492091244e-7,2.0212852160188534e-7,2.1128133953420836e-7,2.1172433688376736e-7,-2.2220687156759845e-8,1.6913857547935507e-7,1.0453994371621977e-7,-8.456098282743518e-7,8.263977837504655e-7,-1.4538464942558395e-7,2.513944935254031e-7,-8.753325762896447e-7,2.1991878356517615e-7,-2.918993170605955e-7,3.4385246377688364e-8,1.2744571941636363e-7,1.2179457640830727e-7,-1.2822335932527463e-7,4.49029621757413e-8,-5.551768118751133e-7,1.0961531716298989e-6,-3.5090502909239655e-7,1.0163640358136217e-7,6.135266568216369e-6,2.713072849679366e-7,2.535637090017362e-7,2.30651194355469e-6,-6.8291207438953e-7,-4.270819613652055e-8,-2.622003517269711e-8,2.5460871895341967e-6,4.715125885687099e-6,1.2335621944257192e-7,5.402177589403246e-6,1.5274136478289614e-5,1.0119246610953426e-7,-1.3667501431090524e-7,-8.454837557678285e-7,1.7382666341446252e-6,1.692189755235669e-5,2.801083215085543e-7,2.4153738907983782e-8
-4.6261473856167085e-6,-2.905722196591354e-6,1.429615816756158e-7,3.409517393224704e-8,9.031186660261259e-7,2.57109828551938e-7,1.7712563156543127e-6,5.59137233859186e-7,-4.1211652120571434e-6,-3.0474014367090076e-6,1.5591708169042873e-6,4.237416987782794e-6,-1.168990661283964e-6,1.240293944202886e-7,6.471854245633014e-7,-5.152114915814243e-7,1.669978114112114e-6,1.6460939874583637e-6,5.036779096674993e-7,1.665731828240036e-7,3.967959473215821e-7,3.5730873069961255e-8,-3.3473597721147555e-7,4.8093789716818773e-8,1.417963308300241e-7,1.6101274597064564e-7,1.363633006723708e-7,-1.4201479230481206e-7,9.70343935467799e-8,1.4210041708091482e-7,1.616416112484309e-7,1.92656525784618e-7,-2.8953195895353726e-9,1.4131181492673674e-7,-4.2235838589181896e-7,1.352746568083374e-7,2.9490197912798165e-7,3.0976915888065726e-7,2.3405817501498395e-7,1.6333355584965404e-7,1.6407428731790576e-7,1.4591978676992136e-7,-3.643949146624359e-7,-3.6922135766981334e-7,2.064159850228453e-7,-5.706250473624941e-9,1.3268732634817094e-6,3.02160782982952e-7,3.655407763693219e-7,-6.720900022127996e-8,1.7667527372053906e-7,-1.6242646135338213e-7,1.4580100461707437e-7,3.042891692392136e-7,-4.9858963923321567e-8,-3.6657963615396306e-7,9.282800482373066e-8,-9.068355713279797e-8,1.6321557402239061e-7,2.9074788422711606e-8,2.427866454021377e-7,3.5978605268845333e-6,5.485136688012427e-7,2.1905985943340145e-7,2.504229814797254e-7,-7.758658880436809e-8,3.928667023900268e-9,-1.6668142562620948e-6,1.6766609814542477e-6,2.1038584720805e-6,1.991112542195861e-7,7.271225227839495e-6,1.677346159089692e-5,3.5861070342462224e-7,-2.7931604098041185e-6,-1.6570521447369925e-7,1.4869816070119947e-7,2.6410815140528057e-5,1.8921006205729896e-8,4.176789339278564e-7
-2.6275638075698327e-6,1.2225328497198751e-5,4.3408793171373366e-8,4.4391554068121676e-7,7.009156665758632e-7,6.884577808519143e-8,6.434231279763835e-8,4.166106633311628e-7,-5.69388840578946e-6,4.965806301182596e-7,1.1416121967419814e-6,9.45186873557713e-8,-2.4149514937144013e-8,3.0405103589128403e-7,1.2829040475027532e-6,9.042910456060761e-8,2.115119119727371e-6,1.4687246610365357e-6,2.1644523951103168e-7,1.9085627305304166e-7,1.3542176059599955e-7,8.675083378341997e-7,-2.988550920719479e-8,1.0380206257016856e-7,9.957937721676302e-8,1.0209746486189442e-7,7.175833803105824e-8,-4.2944857981774835e-8,1.2431233251650742e-7,1.7641739205129793e-7,9.278906394953878e-8,6.208106009892856e-8,9.447112973461903e-8,5.182259727016803e-8,-4.295485856067871e-7,2.09789106635494e-7,-4.130284064701173e-7,2.418106908460116e-7,1.872164701361756e-7,2.0587678021026792e-7,1.8219134715631303e-7,2.2763878274296714e-7,-3.1835046526882405e-7,4.850532006295261e-9,1.3657234214139448e-7,3.3902039923690007e-7,1.553379552234402e-6,1.7900297870032669e-7,6.925670362756264e-9,1.5452604718222408e-7,1.3887699044028423e-7,-5.7479789101810844e-8,1.6567291334164127e-7,3.3022934951638663e-7,2.87899630303734e-8,-4.3057761596230207e-7,-6.019365869057714e-8,1.659222221686907e-7,9.446162331505636e-8,9.850882534758965e-7,1.1644092765077386e-7,-9.033516809513475e-7,2.5952336071049853e-6,7.187845585177044e-8,-2.2575561032160964e-7,3.618778385536814e-7,1.610837213760874e-7,4.0715797075824955e-6,4.6016703834137474e-7,1.7161572597020004e-6,2.988897795102341e-6,1.996260343848988e-6,1.3448759508334885e-5,7.3387221748078e-8,-1.8189952783514542e-6,1.9890809963682977e-7,8.181823352159113e-7,1.7173510713918973e-5,4.051407918811201e-7,2.8136361226518415e-7
-1.5225480180506292e-7,3.346710466071157e-7,-7.508138525007535e-8,6.727022294639617e-7,7.575655917952506e-7,2.3477072706976634e-7,3.0723284798464645e-6,4.890590391306349e-7,-1.0953858539949014e-6,-1.5291882817417114e-6,1.0051597668025992e-7,8.760739096698834e-7,3.53921546424707e-7,4.7448298513685927e-7,3.045978370114444e-7,1.2883386627937644e-7,-1.3530235223861987e-6,5.87336729676391e-7,7.605296302986897e-7,4.28687580485132e-7,1.2754426271106567e-7,9.729478877188891e-7,1.25663995655545e-7,1.946875421242389e-7,1.2139248379370305e-7,1.3070655111597773e-7,-9.124839115386418e-8,2.3728125667870081e-7,-4.1278686268442225e-8,1.91902109862796e-7,1.0186194998547115e-7,1.695462017136995e-7,1.09744065552575e-7,2.4507660550154855e-8,4.926049346274386e-8,3.081871249819512e-7,-3.0219487933758064e-8,9.991747364019866e-8,-3.5555341947774987e-7,1.65614940457548e-7,2.467178896101041e-7,2.5836928331386403e-7,-4.313087185173648e-7,1.7024861923071732e-7,1.9211349453802653e-7,3.2195696234160743e-7,1.4362249436230769e-6,1.2442058949071466e-7,1.0400392362868161e-7,1.9342220977662806e-7,1.1394661006796093e-7,1.0136886769873677e-8,1.5715911383855642e-7,-3.384882102411835e-8,2.564719464921428e-7,-6.52256360836212e-8,3.988983057512385e-9,1.1972104268500596e-7,-1.6086497088242392e-7,-2.3252502466251104e-7,4.3468112910229897e-7,-1.4403008619589542e-6,1.4916433724728284e-6,8.938273328058522e-8,-4.7568617386664074e-7,-1.6170151235510689e-6,4.713802160158043e-7,2.7670935631039396e-6,1.4100890369923568e-7,1.2287435611235687e-7,1.6954941098316746e-6,9.430780088574454e-7,7.781342823436455e-6,2.1928144268714701e-7,-5.004753442245214e-6,1.4636772508702656e-7,2.2582706694705525e-6,1.2840928831970412e-5,-3.7282823851381155e-8,3.7304800406154915e-7
6.235833224534471e-7,1.4594263076024294e-7,-1.4339804053231654e-7,-3.213062177960224e-6,3.532593117376437e-6,-9.157438658812246e-8,2.3506591744169027e-7,2.951251412841094e-6,8.908354295874332e-7,-4.537139982185967e-7,-9.859590479981974e-7,1.5121241807549701e-6,2.0063126673481204e-6,2.6524009582877815e-7,-5.909738475305626e-7,7.419706353464229e-7,-1.8313494631474137e-6,4.072066802833785e-8,5.964643737293552e-7,2.800238273272804e-7,9.78538389288186e-8,1.6254491654842164e-6,-1.5276377483633974e-7,1.4391507759987656e-7,4.1638210395267276e-8,-9.376751730147958e-8,1.9768686582577467e-7,2.1044303442094847e-7,1.2972790330596508e-7,1.5166379172861788e-7,1.155783167168023e-7,1.6476018029700778e-7,2.3581944259436494e-7,1.2879241892593819e-8,7.023224522035854e-8,1.5514622792047738e-7,1.8265006891982073e-7,-1.3884106241384143e-7,-5.364264817632414e-7,9.567962807566222e-8,-3.076740295229197e-8,1.8813411334164256e-7,1.1666074797367366e-8,1.9377941206568663e-7,8.220379613543827e-8,8.972782607812313e-8,8.967900962199682e-7,1.1888219839553127e-7,1.410388810207941e-7,1.6070894660966674e-7,1.1711041260440426e-7,1.3499065003137468e-7,1.40625307477249e-7,1.0978968204855556e-7,1.2006053023632113e-7,1.0980917136520496e-7,-2.330349928372222e-8,-8.580124564335767e-8,-1.6468095555207674e-7,1.8844030697704018e-6,1.9157012547450504e-7,-1.5999563584005672e-6,8.865959781191091e-7,4.383789762958168e-7,-3.657391474185201e-7,6.047773442356963e-8,1.8618146924206159e-6,-1.3562042595547608e-6,2.0942922022477718e-7,1.0591580243319854e-7,2.3727094359238476e-6,1.6859455533138058e-7,4.6745214619438485e-6,4.684935569189808e-7,-3.017682148070189e-7,1.1401671288547855e-6,1.4817914455179881e-6,1.1577970934581573e-6,2.0450514586602963e-7,1.800417810777333e-7
-6.903358147525296e-8,-7.003076494105365e-8,1.619759249034125e-7,-2.0116575272987828e-6,2.097744146351577e-6,-4.836384857215937e-7,2.0013771386242497e-7,1.7035203689137469e-7,1.392190150035977e-6,8.059554339600706e-7,-1.0918398295767907e-6,2.1617697568529827e-6,6.188077163189476e-8,3.5931326758724683e-7,-7.638033921839593e-8,1.2214562240030037e-6,-2.096469188581329e-6,-7.623826712945815e-8,3.7057892585830033e-7,-8.643952139256727e-8,7.922120714356495e-8,-2.9401500675179105e-7,-5.5867816492960465e-8,1.1634298395652998e-7,-3.971424682105429e-8,2.3781882582119e-8,-6.217925556655235e-8,-2.8151443354274e-8,-3.925140063861798e-8,1.4562627410044106e-7,1.3807717705554e-7,1.8577931574315088e-7,1.1557413041607401e-7,-1.4112698328411222e-7,1.5878807260527596e-7,1.930117125311659e-7,-8.781750498154661e-9,1.0373486158763434e-7,-4.5851008974717725e-8,2.081317087254675e-7,6.337561216365196e-8,1.909427349016335e-7,7.319117663986408e-8,2.359233322105858e-7,1.0966678998272084e-7,1.369347644895269e-7,3.8988490021241166e-8,1.669960545848781e-7,4.205297023103016e-7,1.347847804872071e-7,1.5898407368128976e-7,2.573732858465627e-7,1.2172529479421713e-7,1.4215187796682293e-7,1.7221449663333832e-7,1.0785623551703427e-7,-6.731882236935549e-7,8.406292342790334e-7,6.07622602762925e-8,3.223990489615236e-6,7.608760954895821e-8,-1.014696906514523e-6,7.891872333180228e-7,6.184784736840144e-7,-2.3442138148055404e-8,-1.8065257036413708e-7,1.9193615503876106e-6,3.1884337401288934e-8,3.212493285349005e-7,2.6923073252400623e-7,-1.0706165517457845e-6,3.137740303573278e-7,2.329035736922447e-6,-1.9170156736136868e-7,5.800054431408075e-7,1.4054391186403725e-6,1.376858604269904e-6,-3.520660239150209e-8,1.8636267227116755e-7,-7.527419203952057e-8
1.5099824165812682e-6,-1.921407137218889e-7,1.746433857382268e-7,1.7915754436786725e-6,1.3222167097867034e-5,-5.243992698995559e-7,6.497961965838962e-8,3.286594273645305e-7,2.1344996932789243e-6,3.546307211124589e-7,8.394233653867823e-8,2.507552650377054e-6,-1.0252306405578505e-6,5.68057655246812e-7,7.639212962946563e-7,1.5613541085727878e-6,-4.160287328194412e-6,1.5130564002685533e-8,7.37324021607888e-7,1.1303038743331052e-7,8.971109711337634e-8,-1.2515750396223992e-6,-2.4647328067355366e-7,9.533524640319424e-8,1.1464416162232371e-7,-9.883242212720412e-8,1.1468564900396494e-7,-2.780731436773487e-7,3.7280661736871504e-8,1.6402599482709945e-7,1.549554828142341e-7,1.0576457475490742e-7,1.4793489321081045e-7,1.1890138984780308e-7,1.4184262809047165e-7,1.52381432815063e-7,-1.5006875503378314e-7,1.7743699786361146e-7,2.8769042876284345e-7,8.180388039145115e-8,1.9526006336234583e-7,2.0394686877014403e-7,2.1431795957806977e-7,1.4464786734675883e-7,1.325802352329486e-7,1.0083825228175415e-7,-7.328123631060058e-7,1.7844435722085273e-7,7.362779573383493e-7,7.773361138292412e-8,1.3713181664654073e-7,1.9748436115321067e-7,9.319154135185581e-8,1.550388698228211e-7,1.326637092047056e-7,-1.3908212225914874e-7,-4.092557656941498e-7,-3.062762630657301e-7,-1.169037906616266e-7,3.7984461149253247e-6,9.531581070592044e-8,-1.1853616994000894e-7,2.1001061627563545e-7,-2.7032202325438795e-8,2.3526515722767094e-7,1.25656540604302e-7,-5.140478649305891e-8,2.483304164753619e-7,3.9324012890396e-8,8.541910655391894e-7,1.97737946212293e-6,-1.666047823278838e-9,3.2293081954524183e-7,1.7351759877186624e-7,9.219339713885333e-7,5.376828920640176e-8,1.5571672304270925e-7,2.28171858599735e-7,1.2956355294594825e-6,-6.914469985898065e-8
6.382078665458924e-8,-6.566762828665085e-7,1.4279797689065178e-7,3.0091228404014017e-6,1.133472441219594e-5,-3.9454478398159855e-7,5.740702830091027e-6,2.3433401253281083e-7,1.0045366286219659e-6,5.727606710393962e-7,1.2601985871854017e-7,2.300006485124251e-6,-3.068976616766861e-8,8.20196511763438e-7,1.27102045447125e-7,7.302999566030089e-8,-5.156933021533594e-6,-6.145666742073286e-7,-1.1029859152345002e-8,1.7952640245471275e-6,5.48570800592807e-7,-1.8330919279997417e-6,-1.4005913260213277e-7,8.730574218311916e-8,1.8687772065990593e-7,1.0835112635825262e-7,1.2819566207786793e-7,-2.762044648875861e-7,5.111909244266411e-8,2.6789182753803597e-7,1.453445628600836e-7,1.6328967191925338e-7,1.6290362528119663e-7,1.0167534451508421e-7,1.7841364850137433e-7,1.9079524798997217e-7,-3.3968306666580796e-7,2.9883009648601354e-7,3.3638762216781085e-7,1.2946812033876044e-7,1.99675877727179e-7,-3.130435644009832e-8,5.7695354012987644e-8,1.6968872642686428e-7,-3.080140840857504e-7,2.1211925815534106e-7,-1.003271968198405e-6,3.200427242525672e-7,8.270986685511961e-7,1.4351978750282157e-7,1.450238638269319e-7,1.3997669576883975e-7,1.5748830350938992e-7,1.46593104275472e-7,1.4700563690031033e-7,-2.6691591664823603e-7,2.0980782339945493e-7,-1.0795984301924523e-6,-3.3784760741751855e-7,3.2193668765914786e-6,1.801319664041623e-7,-8.996369588408993e-7,2.398376105160471e-7,-9.831611809008045e-8,4.5558872324957814e-7,2.306059009124617e-7,1.6778301661819484e-7,2.2821725574320162e-7,-1.5431334295349375e-7,2.9763806536440287e-7,-1.168623485865239e-6,1.2798167786858272e-7,1.4220114410525842e-6,1.488819274599873e-8,8.385593670086844e-6,1.8740967742352233e-7,2.215270899442068e-7,1.3873157452590769e-7,2.8813877397548374e-6,1.800075613939356e-7
1.3340754600819072e-7,-1.224737492585948e-6,-4.869240817981901e-7,1.9650880939499736e-6,2.6743233844773065e-6,-5.670953210590302e-7,4.883311712796234e-6,2.3508461192121023e-7,4.4841951283121076e-7,1.9742959491972912e-7,2.2966864822892675e-6,2.6861210063545474e-6,-6.3412789379047044e-9,2.804000859645051e-7,6.359182253711903e-7,-4.829303873140622e-7,-4.9862680017949585e-6,-5.488018491462521e-7,-2.3329666399571904e-7,2.956879301181825e-7,-5.816350560348349e-7,-4.782082880860017e-7,-7.639326084276422e-7,1.1712729630892761e-7,5.65920313574897e-7,4.707509624582995e-7,-1.8402491481992468e-7,-3.123843987932862e-7,1.2447194819089624e-7,4.2343907411372954e-7,2.6524236950522527e-7,2.0562961830383753e-7,1.3182736054810908e-7,1.748789194905287e-7,1.2327841970127818e-7,1.7566013496688182e-7,-2.947656733271131e-7,-4.9829728566219704e-8,1.395579413921544e-7,1.8560851403779388e-7,1.5383076708428422e-7,1.5903583030576485e-7,9.14191413162957e-8,-3.281864420352499e-8,-4.466745000002659e-7,5.928455833652535e-8,-4.2717542142488576e-7,5.297559518256279e-7,7.647681952656083e-7,1.6300623857745668e-7,1.1567399458594086e-7,1.457821237164314e-7,1.261212590459193e-7,9.60903047652284e-8,1.5347888126782116e-7,2.7456515675794437e-8,1.1708407972514934e-7,-6.04493601731082e-7,7.684148186832829e-8,1.302526222635292e-6,-1.3876027432846439e-8,-3.384664444466057e-7,1.2947573538926616e-6,-8.263615800405688e-8,4.7437927553874997e-7,6.478638849158891e-8,1.2284905133106427e-7,9.671987452994913e-8,-2.3687155212382962e-7,2.0966394144845692e-7,1.0967339919094599e-7,-1.944772173605447e-8,-4.1052273433307976e-6,4.551461954107605e-8,5.815649584838734e-6,3.025153066199771e-7,1.5710283544123626e-8,-4.971799414986711e-8,2.0694099514191323e-7,-7.640911879648328e-8
1.197953580964528e-7,-2.3277761837028346e-7,2.9516146417967186e-7,6.491054525805229e-7,1.2411406392621949e-5,1.518739061183716e-7,2.7937644905111636e-7,2.6801168795249634e-7,6.739594194181686e-7,7.092695224064194e-7,1.4205270047462637e-7,2.5523113273586475e-6,1.470273091137342e-7,2.6528352602381844e-7,1.7486823546230878e-6,1.8595868387540905e-7,-3.503097414544221e-6,4.058138287446056e-8,4.674571610447487e-7,-2.2670469333348156e-6,-1.8038980704260245e-7,-1.1504976232586618e-6,1.3371813575079107e-6,-1.4106720366003912e-7,4.424113607594649e-7,1.0084944288206722e-7,-6.271642630234165e-7,-1.3457541418590014e-7,-1.0747102939040465e-7,5.275817932585137e-7,3.9107443769463845e-7,1.3611160786624056e-7,1.3901194334617896e-7,1.361793365653119e-7,-5.969188268155623e-8,1.490029456538533e-7,-2.2114153085417423e-7,7.725744443447536e-8,2.4707397006400457e-7,1.665324449753314e-8,1.5007608309749453e-7,9.982107438684108e-8,-1.5965420029950827e-7,1.132424628667028e-8,-3.403574195076642e-8,6.208745337790145e-8,1.348885287364432e-7,5.360653878904609e-7,6.791645375709088e-7,1.7784352069363242e-7,1.0684831495895164e-7,2.3319584856320576e-7,1.2240244929773158e-7,2.382559080564839e-7,1.2829569467680548e-7,8.439325394276055e-8,1.3814448359443788e-7,1.4792847970768186e-7,6.80799863741477e-8,1.4076020634237186e-7,1.6572790314417497e-8,-1.7606676883309414e-7,3.0944839967704363e-6,-1.4439274457429542e-7,-1.3042969419545525e-7,1.5986804614696037e-7,2.02959962918281e-7,1.9145068577026691e-7,-2.1985880303588835e-7,9.48705379060888e-8,8.895268202692597e-7,1.4923069255696754e-7,-9.372371715930883e-6,1.3391799593804876e-7,9.11397056767751e-6,1.3691383763638211e-5,-6.7094092818209e-6,-2.7972429872069607e-7,1.1695704921109363e-5,-1.8484831557772363e-7
9.196068112515832e-8,1.7756255018597235e-7,2.6405589331106594e-7,3.69884835068679e-7,9.444389001687448e-6,2.2380834551056774e-7,-2.851613411205878e-7,2.1824078554839588e-7,1.819119501384403e-6,-4.789648243603284e-7,1.4762471232545593e-7,-1.6989164631459053e-6,6.4272928883113425e-9,3.9756091138098525e-6,1.543854283727164e-6,8.693836028184521e-7,9.212242380755465e-7,-1.1226344927418698e-6,9.066671486612777e-8,-3.9904315631309474e-7,4.931258735708433e-7,-1.1387782570399408e-6,1.2513648854215242e-6,3.153095922302285e-7,5.521200967242291e-7,2.2793810415440153e-7,-1.0147574716350195e-6,1.79408072611853e-8,-1.1726401934076814e-7,2.4237965441491485e-7,1.3173308112814918e-7,1.2535069824461953e-7,-1.8753081292982588e-7,9.104764715093251e-8,-2.6687865966102957e-7,1.367494683670145e-7,6.717036429730872e-8,-4.1249564746526084e-8,1.7121985924017925e-7,1.3675756576125852e-7,1.8390436386221953e-7,1.7717301399620134e-7,-9.057051404467443e-8,7.732909708462189e-8,2.1620590482116508e-7,8.70708383298835e-8,9.332335845142482e-8,3.193598502903683e-7,5.799617211681429e-7,2.7290100564156817e-7,1.0812456803923621e-7,1.900730995286981e-7,2.3180153091040268e-8,1.6201517649758746e-7,1.0315271869822951e-7,1.810690793384806e-7,2.2073713882921897e-7,-4.792731806213535e-8,1.1452607529616188e-7,1.1348657281062825e-7,-4.3269154427562074e-7,-3.226968792130913e-7,2.0935241638653014e-6,-4.4419764726121306e-7,-4.2022808686454916e-7,1.1130379528310197e-7,-6.70473475590172e-7,-6.0190008250669e-7,8.879512876150519e-7,-1.3559388394429163e-6,1.2577647265844538e-6,1.0980974914840403e-7,-1.3144812140889295e-5,1.6532720848362992e-6,1.3199495300713072e-5,3.6801983983287827e-7,2.4318932023890127e-7,-6.596696592529039e-8,5.57615533855893e-7,-1.5348844148499464e-8
1.4599631353890973e-7,8.430306280409195e-8,4.628415354375193e-8,-1.9983666282530343e-9,-5.145900871973197e-7,-3.472862544406263e-7,1.275797545198465e-7,7.253211252626457e-7,1.094030563617654e-6,-3.7605275979337715e-7,4.299141969285936e-7,-1.3869609688061946e-6,1.2477269667872105e-7,7.429002032378596e-6,1.8500055935133375e-7,5.343685192866321e-7,9.108679356055305e-7,-1.1766968655652522e-6,2.362785494136599e-8,-1.877750785988952e-7,5.002976970696738e-7,3.0900541893408295e-8,1.7661634311492148e-7,4.540189327337796e-7,1.1167685705979481e-7,6.392202252178958e-8,-5.711632146101043e-7,1.4209489600411906e-7,2.8569847631398917e-8,4.3079167982607024e-8,2.957187746212231e-7,-1.1208814081637987e-7,-2.446968161711749e-7,1.3478959558030912e-7,-2.5331683835894126e-8,1.1576116514857571e-7,1.0178007792360777e-7,2.270792835739499e-7,1.15832835368046e-7,2.8948640003823025e-7,1.0091704464789687e-7,5.8375413336042575e-8,1.1713496277820923e-7,1.5944500580566958e-7,1.2350039672059942e-8,1.7328860681242732e-7,2.150712121574916e-7,1.1550217172713318e-7,3.8468506469411245e-7,1.7283085643884367e-7,1.3117445112889039e-7,3.087859614000044e-7,-6.895088032636831e-8,1.1049822936779475e-7,1.7543246795337365e-7,2.488499334627692e-7,1.1214093045393003e-7,1.4044618246644713e-7,-7.149773085461164e-7,-1.4582245613434798e-7,-1.359827140387404e-7,-1.5004570958905173e-6,1.3246756931313719e-6,4.371474658717123e-7,-8.375820530174272e-8,1.7609936537161364e-6,-5.682478825392856e-7,1.7679289300482016e-6,5.049483075977968e-7,2.1861433170196952e-6,6.786313861024129e-6,-1.8928483535503582e-6,-9.987423990074496e-6,1.6944163890899368e-6,5.276583364505472e-6,3.3133770374007333e-6,-2.3843557718991604e-6,-4.3536202690989126e-7,6.564272462511234e-7,-1.2771019909154635e-7
-1.0914122137621885e-7,8.77707140587436e-8,2.910477713409243e-7,6.844199061060153e-8,-9.86460414057877e-7,7.499518523055971e-7,-3.767624618227772e-7,2.242411911199227e-7,1.4263059789891842e-7,-5.238688144926451e-7,3.0078778554397e-6,-1.4184509305872451e-6,-5.67829328340641e-7,7.524518301941008e-6,1.4996723615556818e-7,-2.526916002457913e-7,7.304320600979741e-7,8.865520813954975e-7,-1.7527340081229694e-6,1.0512012650745196e-7,6.316136215380963e-7,1.7265405615618512e-7,1.1297535926886316e-7,1.2319769530027002e-7,2.4204252936343985e-7,9.214643376249666e-8,9.51203512313814e-8,1.5230372228014488e-7,9.921664875247593e-8,2.5927956069409233e-7,1.3873853826764648e-7,9.922696074049498e-9,1.3055659796097353e-7,1.5747867465203404e-7,-1.5365705936833952e-7,1.6448200251049094e-7,1.5684384725918043e-7,2.1044217362058416e-7,2.595638057421024e-8,3.523300975827093e-7,1.2006108533877403e-7,1.1721157078443678e-7,2.1055093436315176e-7,1.3486386378331883e-7,2.255625881144363e-7,1.2526121692748582e-7,1.4558921453069473e-7,1.513079714547061e-7,1.6089622087633872e-7,1.4335394755782273e-7,1.212347065425279e-7,1.4660194438973485e-7,-1.328240419554594e-7,8.091386556485781e-8,1.6371692084971024e-8,1.2694697034774107e-7,2.208186933691625e-7,7.349441511963485e-8,-5.863950747306612e-7,-7.188872919470457e-7,-1.8179507071771628e-7,-1.530701352379571e-6,1.7099390658563697e-6,-5.1470660205521496e-8,-4.6762217561721057e-7,2.2282354293897023e-6,1.629289727479888e-7,3.0397529967467476e-7,2.549534140283538e-6,1.349606952113991e-6,-1.3537730076767396e-6,-6.204942973575989e-7,3.075507247148224e-7,6.73972033699255e-7,9.159240877620212e-7,1.6785380557854835e-6,-4.277023360845045e-6,-1.5568959199716793e-6,7.212020364425032e-7,1.3390493394815905e-7
-1.409688177747337e-7,-1.4392473990928467e-7,4.944114121353538e-7,5.477726625886525e-8,1.171361228083656e-6,2.4061176206198187e-7,-2.2645029465087065e-7,5.712750941589296e-6,1.452136828278716e-7,-1.55708195123494e-7,3.7466245899768547e-6,-2.2039098711115201e-7,1.5216772472328445e-7,6.417847921767783e-6,1.0339735193911627e-7,-7.397147174127095e-7,5.675026941326822e-7,1.6241981670870988e-6,-2.538596323368825e-6,4.140346479156954e-7,2.746947820927659e-7,-3.8047428534623287e-7,2.1667360377684021e-7,1.942393207275961e-7,1.0693019589125275e-7,1.4196175734375594e-7,2.129424234904809e-7,1.642031091267926e-7,1.1428696665773953e-7,1.893184331507758e-7,1.0518353250523749e-7,1.6296531719777186e-7,-4.1701183172926375e-9,1.0275218943749387e-7,-3.585942596736946e-7,1.6473069333273748e-7,1.126593862947889e-7,1.3726777722202766e-7,1.3654609931901264e-7,3.173099168122251e-7,-6.764038315719701e-8,1.3322550627876684e-7,2.3750217733085055e-7,5.793966135614337e-8,1.5300496097949702e-7,4.886844589178097e-8,-6.292292377650943e-8,1.645962533789236e-7,1.3804146827505194e-7,1.1327670323340034e-7,1.4310843941536256e-7,2.1659343223083828e-7,7.1961298884870575e-9,6.354590643418146e-8,1.1108518181814908e-7,1.3407803711866785e-7,-5.3590227476618685e-8,9.763731167595768e-8,2.2341008591708623e-7,8.058308247222978e-8,-5.967294768971954e-7,-1.7159519033116412e-8,2.2335765353131978e-7,-2.779875719210456e-7,-4.858533484790817e-7,2.0250802261844613e-6,2.1260442424963167e-6,3.9238992946970533e-7,2.7818265593821945e-7,1.2842608690517565e-7,-1.399771228196256e-6,1.157819253139203e-6,5.126219497675555e-7,1.196206091621299e-7,1.6310010480072192e-6,7.888693129744606e-7,-6.232097956905713e-7,-1.5831880583038528e-6,5.174136637628091e-6,4.034244635908735e-9
2.8253232867503364e-8,2.2822912214452986e-7,1.0195710656888402e-7,-2.2186509305354154e-7,-2.812427428225739e-7,2.0194106278705881e-7,-7.912901576011545e-7,1.2803943515434125e-6,1.3398598330992995e-6,-1.083274820645752e-6,4.415684734865089e-6,-7.361983225280034e-7,3.853748437780969e-8,7.232073927174421e-6,2.7272735972136977e-7,-2.3170319310921175e-7,1.7126579309758583e-7,1.6071814984557344e-7,3.8812232096272495e-7,1.9287773969985047e-6,5.601430952035802e-8,5.561745565829891e-7,2.934829127072103e-7,3.724147557549129e-7,1.4243862010778764e-7,2.76492841493492e-7,2.612573259515916e-7,7.61869412779781e-10,-1.0228531644440597e-8,-4.0971694525415715e-8,1.126237961411425e-7,1.554416741394782e-7,1.251580627317228e-7,1.2996642961069504e-7,5.660026958147491e-8,1.993341080756661e-7,1.40093422964771e-7,1.4245448578726895e-7,1.3651566172869778e-7,1.3707304364281026e-7,-2.515919752979601e-7,1.0537724180308407e-7,2.292729957048545e-7,-2.0862749542874815e-7,1.3962871136630196e-7,1.193468929376218e-7,1.633464950582031e-7,1.349571322765364e-7,1.433310002613375e-7,4.8028681148393205e-8,1.924592083170751e-7,3.950040161770918e-8,1.2862022667914363e-7,1.095780744136965e-7,2.432995518142356e-9,-5.431968771840712e-9,-1.0535514346532438e-8,2.4203071270352264e-7,1.225715885230283e-6,-2.781282255758244e-8,2.547959835729863e-7,4.747526908084332e-8,2.087262606563778e-7,-1.5430948682995104e-7,-7.986764974878824e-8,1.36490516268184e-7,2.217346891439931e-7,-7.854819177649742e-7,5.01860672407628e-7,7.133710598312914e-7,2.1836525245717555e-7,3.3258527774782114e-8,7.0591566640471954e-6,1.639683859603558e-7,9.437223177974242e-7,3.2697747825749525e-8,5.88205426463384e-7,-5.322270107903537e-7,4.102685877788837e-7,-1.57850576413765e-7
7.130583654806345e-8,-6.746429727919612e-8,2.821858843243597e-7,-1.5797403306748727e-7,-3.1747237270011167e-7,4.424094531610967e-7,-8.254460871031989e-7,1.819947272335476e-7,4.091959004133061e-7,1.2853933823421705e-6,3.68113709231066e-7,-5.898513590873455e-7,6.599657515637515e-7,2.7001332551281013e-6,4.488244929499175e-8,6.654509329398595e-7,-1.1217184660923253e-7,-3.951021543565081e-7,1.0915036726685257e-6,-9.917217916489697e-7,-2.747294580234039e-7,3.366544201808708e-7,-7.835603299588545e-9,2.5306576769110744e-7,2.0775893739908292e-7,1.666126906789467e-7,1.0497910619924334e-7,1.1697404259547462e-7,1.8985185057820431e-7,1.527306245423521e-7,1.3580155833572415e-7,1.452309520485917e-7,1.3766452458443545e-7,1.3856423469256196e-7,1.3752918506995115e-7,9.800061779461356e-8,1.4885001588778035e-7,1.3138551088547335e-7,1.6599367628828966e-7,5.453655120524204e-8,-9.003640876821262e-8,1.023173930974064e-7,2.8822521816440627e-8,-1.496988680564915e-8,1.5838723588839087e-7,1.4239445133445995e-7,5.633629596046852e-8,9.162683411527707e-8,6.8311893387296154e-9,5.3774027755282286e-8,1.169579250466013e-7,3.372692076713202e-7,2.1393638447011478e-7,8.998782533280459e-8,7.171463792001731e-8,8.18079825105178e-8,5.542562798714901e-8,3.1770931024812654e-7,-1.1773842042461902e-6,6.833012283691265e-8,1.7519962448067084e-7,-1.317517168726523e-7,1.125406237952431e-7,-1.5222474336333058e-6,-9.304644775319449e-7,9.966226765079079e-8,-8.878190082129201e-7,-1.8089995116536973e-7,-9.434009070815042e-7,1.2435474394930203e-6,1.2612024627371987e-7,-4.0888407502839287e-7,1.4797762818523497e-5,2.1544631476626553e-7,2.1154940477887686e-7,1.0406248301650933e-7,6.457054369780835e-7,-7.892145846867482e-7,-2.1087598691142076e-6,1.664707348787431e-8
-6.686754497981062e-7,9.012449301550873e-8,1.1344254140406297e-7,1.331627116625267e-7,-1.6686666525206785e-6,1.7641999583340563e-6,-1.0560636612275464e-6,5.442536128774656e-7,-8.342341990926761e-7,-5.596829871696962e-7,1.3896944508824395e-7,2.147237857674389e-6,-9.492879062106497e-7,-6.673019473713016e-7,-9.383550743807811e-8,6.68101667111909e-7,-1.9225455702910788e-6,2.9542098212509418e-8,-1.7400733024157346e-6,-5.30299766679665e-7,4.1203490511396714e-7,9.34981220514608e-8,1.0658551947984041e-7,1.1167765410138309e-7,1.2714763430732303e-7,1.243323853632461e-7,1.9147067414844177e-7,6.629414568040115e-8,2.5276456206786425e-7,3.0833246132544455e-7,8.492921656011455e-8,1.3930699263156043e-7,1.2638599002696706e-7,1.243590649676385e-7,2.713888094134198e-7,-2.998230405705238e-8,1.446259954203999e-7,1.6938728864104302e-7,1.8122455811175887e-7,-2.3497518761116388e-7,1.6728167050181765e-7,1.5302547159132818e-7,6.333331390904195e-8,1.7849162762479943e-7,4.556990498219005e-8,1.1376992513505436e-7,1.553243610114885e-7,1.3926885388086953e-7,5.409052036284834e-8,1.2569978372545254e-7,1.3779348881191035e-7,-1.4782884115227547e-8,1.3904058474132343e-7,1.3998934811558783e-7,7.539564850818082e-8,-1.1190004967694956e-7,-7.790016595908833e-8,1.3863399023994917e-6,-1.6186466134238132e-6,-2.3188284099007196e-8,8.425849947906183e-8,-1.6357422524770906e-8,4.461088137346359e-8,2.9501169207726273e-7,6.29689656264576e-7,1.1045096225958951e-7,-1.3324042898273713e-6,-1.1670402656599023e-6,-1.4257326353223076e-7,1.1459512989687948e-6,1.685820408794392e-7,-1.4729176634332264e-6,1.7302819782795844e-5,5.642619161481788e-7,1.1161903245864302e-7,-5.297781174439242e-8,9.819998926786865e-7,3.2700534043250687e-9,2.1525159085300505e-7,6.288255432425061e-8
4.883264639254925e-8,3.483013508642774e-7,4.4287379864591525e-7,3.966558298502676e-7,2.2909052349287196e-6,3.0879807378533465e-6,-1.369135787239062e-6,1.877134654244994e-7,-1.0403049318183255e-6,-1.0865582249575345e-6,1.2338900959909529e-7,3.229761920128582e-6,-6.548870491511761e-8,-6.681100578885824e-7,1.0143418004915361e-8,1.0202270185513564e-6,-2.0334277514053814e-6,-2.852258021686094e-7,-1.6854877674347903e-6,-1.6311755488423564e-6,3.2505434898872924e-7,1.1581137783198692e-7,-2.4741008810902355e-8,5.956333310906504e-7,1.0943740934878933e-7,4.1612337517888956e-7,2.712093303924634e-7,1.3433829015534472e-7,5.679985514946972e-7,4.241486116639992e-7,1.4109404083764154e-7,8.107482858581427e-8,1.2579778081582838e-7,1.6091585190105562e-7,6.705032034481918e-8,2.1143696596133133e-7,1.5362183817480004e-7,1.4228951929302624e-7,3.0157771015326684e-7,6.500666124482635e-8,1.2976051786459664e-7,1.6226130526451054e-7,1.2399057566319094e-7,9.436324280804876e-8,3.4935382822509634e-8,-2.197379659828469e-8,7.815944311204693e-8,1.2751014643337388e-7,1.3579314781435593e-7,1.258839248340138e-7,1.3061284658018036e-7,1.6956933822633857e-7,1.5300572064076423e-7,9.117668818459324e-7,1.911225602067024e-8,-5.325089344408229e-7,9.047756255879946e-8,2.5944659481947685e-6,-4.881216673169431e-7,1.4578682320196545e-7,4.5158700776226637e-7,1.0070664839216815e-7,1.0979856721011761e-7,1.9077420986519655e-6,2.332022498187758e-7,1.0001230665708239e-7,-2.8441391473299494e-7,-1.0513678041066399e-6,1.4617097801297164e-7,1.3573065574996602e-6,2.1037485049464346e-7,-2.6492804930544624e-8,1.938000292921711e-5,9.136661193686947e-7,3.7928923315133644e-7,-3.704610163378641e-8,2.7907249049496264e-6,-7.5069807912167e-7,-3.782384152002161e-7,5.2802582412070364e-8
3.4461706620028123e-7,-4.778029347631053e-7,1.4401245888309156e-7,3.752534348964587e-6,4.1256626191958914e-7,8.33520871180693e-7,-5.283729971738094e-6,3.3503934319507604e-7,1.6651483112589017e-6,-2.0117866498294834e-6,1.354815283313604e-7,3.774526162578407e-6,-5.4333170306519746e-8,8.209341896241452e-8,1.032388350145741e-7,-3.8296940531887816e-7,-2.0551099882902268e-6,-1.78434097755098e-7,-1.5008636944992881e-6,1.7772247059550496e-6,2.800202629446469e-7,1.0909977970632313e-7,-1.8893125712484693e-7,6.461482954017717e-7,2.0782062052997487e-7,6.772152034582036e-7,2.2049590042334535e-7,1.4154246405946314e-7,3.7009187657117695e-7,1.0435394872454484e-7,1.1543057666418833e-7,1.0934287713693092e-7,9.99476428067414e-8,1.2754071781366784e-7,2.2460186454338339e-7,1.470845483033667e-7,2.127623496310127e-7,1.5308640608215906e-7,2.7960538223226196e-8,-6.903093136931827e-8,1.9734675217721877e-7,7.572108300917258e-8,1.4020576643751783e-7,2.3983150762152406e-8,1.1594847406899423e-7,3.867989268797611e-8,9.742509654031562e-8,-2.7363809414882036e-8,-4.879099320536096e-8,1.357113090856732e-7,2.1611940868051517e-7,6.876691352037945e-8,1.8398109414390352e-7,-3.2655049231101743e-7,-5.119520951512247e-7,-5.031986951911205e-7,-4.4361690613629046e-7,1.0498814201243434e-6,-6.1021617304368725e-9,6.632713509526767e-8,2.6672184361995034e-6,2.4250248843287193e-7,-5.200409233999337e-7,1.699486743576384e-6,1.1213219593827707e-6,1.4139083400695807e-6,5.812850288928751e-8,-6.949371024711159e-7,-4.994231316742815e-8,4.236372926439325e-6,1.2370752286772202e-7,1.1234482117750133e-7,9.053444202814066e-6,5.4069895076716e-7,-1.9821167605433843e-7,2.422409276396476e-7,6.1215008539554415e-6,-1.4818067235644606e-8,1.8763280810436102e-6,-5.7200309191185466e-8
4.488648791920458e-8,-2.176768879101898e-8,2.4063858886567146e-7,2.1182115159927186e-6,-6.636956107030078e-8,-6.841275665548041e-7,6.36435581898498e-7,1.8997882119263566e-6,2.9695701496605945e-7,1.3073409741618302e-6,-7.563378526396214e-8,-2.3675480392145175e-6,-1.2654444515726726e-6,6.736282848521791e-7,-7.035059860656113e-8,1.252270324879623e-7,-1.1160351035590766e-6,-2.716726562402405e-7,-1.004739739269278e-6,6.37938689944173e-7,1.2179101211316158e-6,-1.3050217982857326e-8,4.878794033537304e-7,3.8370482255520865e-7,2.0476269374032354e-7,6.390383788181353e-7,6.827092067607232e-8,1.6515759798203523e-7,6.513098837662046e-7,6.555631077278524e-8,5.738098788854452e-9,1.202147735849035e-7,1.314969844180558e-7,1.363072334208404e-7,7.06494696705251e-8,1.8067743580596486e-7,2.401542301509796e-7,6.137483516366338e-8,1.4948993021277614e-7,1.0095298224592764e-7,1.6810109232565653e-7,1.5517385388561512e-7,1.2907324455542213e-7,4.36848288089875e-8,1.5828492653431337e-7,9.59933167967053e-8,1.404372177171931e-7,-1.2602428884948003e-7,-2.956847497504467e-7,5.187529345784814e-8,-5.769593467636059e-8,4.901843576991639e-7,2.2421404655723622e-7,-4.139795183064621e-7,2.799503409043336e-7,1.2973467235155578e-7,3.925902786965141e-7,-1.0455642060507641e-6,-7.77341657390851e-8,1.3409623741311273e-6,1.6715388297434685e-7,4.877043537470094e-8,-8.266426508829472e-7,1.8915761296787183e-7,4.12616474026819e-6,5.678297175029324e-7,-1.3959833740878948e-6,2.5533565564350047e-6,1.2213079753726763e-7,2.3011373763660804e-6,8.502884752599194e-8,2.670004445870955e-7,6.261506612584111e-6,-1.1123911356385463e-7,1.8483573082563878e-7,5.147017259722775e-7,5.329552229519363e-7,-9.336927128169803e-7,2.072981760045112e-6,-2.2727959237950346e-7
-2.58502799741156e-7,2.5238052846696667e-7,-1.2648415028220229e-7,6.136404788712913e-7,5.5888926512825955e-8,-9.740911084762384e-7,1.8666951338174087e-6,1.906339028202986e-6,1.6279972469972482e-7,-3.6999562030402003e-7,1.1682609156171698e-7,5.972091112186773e-7,-1.520720158350375e-6,1.0404171849605293e-6,2.5013091339005646e-7,3.6350400258153836e-7,2.3267070490318175e-8,3.8235731561897525e-7,-1.4994111444967096e-6,6.112917184046829e-8,1.200346426446064e-7,1.1742017701756869e-7,2.722955132530292e-7,2.7748474285429484e-7,1.6594318371532247e-7,6.384371347769147e-7,6.052140818173513e-8,-2.5154367944971726e-7,1.9893701495643514e-7,-5.6367949626146e-8,-3.536437060147613e-8,8.673063993880349e-9,3.288487595021206e-8,1.0584642518103316e-7,5.7553530008758184e-8,1.5011425450934813e-7,2.035627382880323e-7,8.362600485856132e-8,1.5686568328918683e-7,3.2455605503693977e-7,1.507564405019979e-7,1.4040733390854322e-7,1.501061088351463e-7,-1.8798129995987178e-7,9.491523713223149e-8,8.67902557419864e-9,1.2780139953563196e-7,1.1120539505999894e-7,-3.180807693128673e-7,-1.0008681797901709e-8,-4.217050484992435e-7,-1.6272904928174015e-7,2.0276943591768237e-7,-1.8018222139150053e-7,4.176438919139436e-7,9.742005487454187e-8,1.5837342955185241e-6,-2.25724528580713e-6,6.028778707232175e-8,1.7270634050916334e-6,-3.134985326735873e-6,5.6575773717959526e-8,-4.3401963748114227e-7,1.0176136677764181e-7,1.3785134231821372e-6,8.169123949384405e-7,-6.824309922121685e-7,1.8026165555331543e-7,1.7818810845384727e-7,4.754417891365659e-7,6.865825444318574e-7,1.068210301117678e-6,1.2492426336368824e-6,-2.0403034464828606e-6,2.3619525619311688e-7,-5.036594940938111e-7,1.5355460299180134e-5,-4.890230870488233e-7,8.720787349806748e-7,1.938658146799277e-7
7.539311587355436e-7,2.674411340771066e-7,-8.838055239498655e-7,-2.8371060000909057e-7,-1.4086280671432583e-8,1.3178135177671636e-6,6.888891052572821e-6,1.3920599450951699e-7,3.31398681994477e-7,1.0071218461007005e-6,-2.0101669643989297e-7,2.0575635838538055e-6,-2.261392529134454e-6,6.951020777593353e-7,1.5889233472048404e-7,-9.824689579023271e-8,1.3586243617038642e-7,3.794640531735727e-8,-1.03295023560398e-6,1.4345680010598995e-7,3.901023503009693e-7,2.8489829090625475e-7,5.466622908837593e-7,1.3604854477533567e-7,2.0776481427664528e-8,1.2029682199514724e-7,-9.436009666152768e-9,1.0419706474444901e-7,3.519076381940378e-7,2.735727787299247e-7,1.8809063198383935e-7,-2.0994073763291878e-7,1.2325944506250685e-7,1.295025705380093e-7,-1.836545240661014e-7,1.1966354809294088e-7,1.1314823802033303e-7,1.0728342784458445e-7,2.1442185198865538e-7,3.577721963416103e-7,-4.029878384084196e-8,1.1808578623935251e-7,1.27130066346548e-7,-2.1871489573056515e-7,2.7229799476469197e-8,1.150303890043336e-7,1.3255171766786146e-7,1.4293270729091034e-7,-2.6445160825506743e-7,7.144400290353126e-8,-2.3952653235606025e-7,-1.0921425337289127e-7,-4.734608111545136e-9,-5.417311059660701e-7,2.303452171112941e-8,2.5482686613984564e-7,2.4369341535997125e-6,-7.621768762323455e-7,1.1279267927695847e-6,1.4818628521720223e-6,-4.6239079201084615e-6,1.4829629504893305e-7,-3.3339364664380924e-7,-8.980570567334035e-8,1.987863724555972e-6,2.963441206442874e-6,-8.658281234963372e-9,1.301047728260385e-6,-8.082126861626349e-7,1.3698517582016124e-6,7.188601694698705e-8,-2.4970208410242002e-6,1.0813250497232474e-7,1.7437354149096862e-7,9.524646789538239e-8,9.458699701290207e-8,1.0052319948584976e-5,-2.877418357660533e-7,-5.199144038255833e-7,-3.710489892743141e-8
8.703669276839188e-7,-1.062926904112682e-6,-1.7375904835667423e-6,-1.1248275351578353e-6,2.183701051116538e-7,1.5156542594799928e-6,-4.6697410325349246e-7,1.331933058169943e-6,1.1720840251185915e-6,1.4398135196032059e-7,-3.9698306019299024e-7,1.6229630377174287e-6,-1.6219109473918358e-6,1.378800741077768e-7,1.4262864117975394e-7,5.696268857096288e-7,8.866280790575943e-8,1.427837261660292e-7,-7.977375593247738e-8,2.089570169511612e-6,3.2551091963459735e-7,1.7627854112725051e-6,-7.007673139364235e-8,9.841731576121228e-8,1.324239734314503e-7,5.5395956076575995e-8,-1.5438548893742522e-9,9.403581128339945e-8,4.055849320359739e-7,-8.646932181465284e-8,4.813813541271195e-8,4.19253649576623e-8,1.3488497912745867e-7,1.171410759293945e-7,-2.1707015256093867e-7,1.381638994498502e-7,-8.68785961883889e-9,1.4357397153172968e-7,1.2336886503483415e-10,3.045585816531693e-7,-2.0103250059634315e-7,1.364077429898858e-7,1.7720435727204276e-7,-1.159050739883094e-7,1.2927503413129317e-7,9.889505067568472e-8,1.4303160674857819e-7,1.4310495877882802e-7,-4.9991844293884035e-9,5.593608393044125e-8,5.053100231797725e-8,-1.2441084454839492e-7,6.802784420960607e-8,-1.2069206567559833e-6,2.281164014374726e-7,6.889989654594864e-8,2.0931575844341578e-6,5.324599614282555e-8,-4.206384265829977e-7,1.120761298951245e-6,-3.727140693778164e-6,7.814378756418439e-7,2.168284288402633e-6,8.35639023781809e-8,3.3712164431443094e-7,8.633380094704268e-7,1.4870928690147167e-8,-4.6539243425752777e-7,-2.9957497180359228e-6,3.8076496253554026e-7,9.278552502055782e-7,-1.7888642871178418e-6,-1.9819928218425265e-7,5.38962923873032e-7,-7.838887677128148e-7,-9.715521154292084e-8,6.1508245939897015e-6,9.750973138937802e-8,-3.7602634071020046e-7,1.782771749902379e-7
1.902737201447513e-7,1.382338412259765e-7,7.891730326458291e-7,-5.945987430708844e-8,9.850282965727432e-7,1.8117233029174563e-6,1.6109357310172045e-6,7.560629215738635e-7,1.1835167621119247e-7,1.127361610136468e-6,-2.808260360900317e-7,9.809010889562542e-7,2.1564630699870692e-7,-3.1134015156784046e-7,2.6566977807120917e-7,1.0511614330275254e-7,7.360745858626228e-7,8.606967691622281e-8,6.018064163555881e-7,-2.6083064764674815e-7,1.3086198063738674e-7,3.633461586374276e-6,1.5229373126084412e-7,8.654492685487014e-8,-8.60900121755659e-8,1.8205751451141339e-7,1.2698267124302555e-7,-4.426438917265019e-7,1.1576203061789414e-7,-1.8378122426251366e-7,2.8300837424095617e-7,4.597100820569189e-8,1.0808466608667189e-7,1.7715000516997925e-7,2.2752556222676024e-7,8.79483725991337e-8,8.57559235648342e-8,1.4237213275014593e-7,2.3546026939942346e-7,1.2503527926317482e-7,4.649251380242081e-8,1.5794341025430203e-7,1.5367044800924657e-7,3.612705140030315e-8,1.1814727308636642e-7,7.066859047037966e-8,1.0795754537382686e-7,1.3713281266338752e-7,2.5740784071248692e-8,1.1337480921169708e-7,1.1565159776907308e-7,-4.641653354283682e-8,1.3183275415029617e-7,-9.079864179624142e-8,4.915139520532464e-7,-7.176283658730798e-7,6.521043603904043e-7,1.4004854816671576e-7,-4.2219712129721867e-7,1.2743081937018009e-6,-4.3554682274620227e-7,1.6466450971628356e-7,2.392098958387212e-7,1.0684097097020118e-7,9.956846098559958e-8,-4.0613882780340396e-7,-1.300849236728907e-7,8.742961413453988e-7,-1.4372511103082464e-6,-1.989632603548508e-6,-3.4064141075973444e-7,4.8529659131912874e-8,-3.6039536902620075e-7,1.710688137282146e-7,-1.561203243532372e-7,4.087364596067067e-7,2.1984509203288873e-6,-1.4075234562108685e-7,-1.536062614096001e-7,3.3987136324551415e-7
-3.08630543919941e-8,-3.645338322191938e-7,-3.788536814417376e-6,6.769761827605248e-8,6.338704511935189e-7,7.031679358371346e-7,5.767101870842928e-6,1.2466543121125718e-7,1.2521517766167724e-6,9.706646910663253e-8,-1.4722510373031074e-6,1.720638554174947e-6,4.42841819000539e-7,1.295067333639599e-7,6.062426581955771e-7,2.6878811159987137e-7,2.676960406567286e-7,5.891438073283295e-7,1.2390275177842637e-7,-2.0674026604134976e-7,5.058626397862476e-8,3.5291744684886386e-6,4.547795692900536e-7,1.5594764942974406e-7,5.262897656257426e-8,1.3364003723284057e-7,1.922578495314964e-7,-2.49186156514003e-7,4.623289162552169e-7,-1.3175815480781506e-8,2.546107976322043e-7,1.1476481356722524e-7,6.988285954387941e-8,-1.432852132960405e-7,1.231682153114866e-7,9.302714225567499e-8,1.417498684876062e-7,-7.405564022613387e-8,6.106661522289336e-8,1.219065334088887e-7,1.4910960992715604e-7,1.3791970046770354e-7,1.6380588529840702e-7,1.2215426988977375e-7,4.6590740286833745e-8,1.3407711793778087e-7,1.4846269247470457e-7,-7.704995603726728e-8,7.080727226529416e-8,1.4447247060478397e-8,-4.437751999628592e-8,-6.271636880177401e-8,2.5338287996934384e-7,1.9167242529896102e-7,3.4661514574305667e-7,1.8119169712171868e-9,1.1976219623370366e-6,7.331141082058678e-8,1.1034814905377389e-7,1.727929486440738e-7,1.0174196421830484e-7,-5.760978408195783e-8,3.3536717929725234e-7,-3.770240940250802e-7,1.7869201530289482e-7,1.6388143127150647e-7,1.578446810547085e-7,4.0951448110067015e-7,-8.208713812617896e-7,-8.743628952719852e-7,1.5317589310905878e-7,4.3626733699708714e-8,-5.610787376168813e-6,3.252490867338809e-7,1.5343893175419066e-7,2.0770877638843555e-6,1.057904691597167e-6,-2.904920081620466e-7,-4.554039426811763e-8,-1.216640894560417e-7
-4.4599682910396735e-7,-1.1849180372835777e-6,-1.265921034248183e-5,3.279220277280004e-7,-6.990493146997735e-8,1.0288031245291096e-6,3.997667674351724e-6,-1.0846028172837307e-7,3.3014872403771547e-7,-8.324706757746326e-7,1.2210861064746227e-6,-6.556739450079952e-7,7.745846162450221e-8,-2.879550804280573e-6,1.2640589977253037e-7,3.394456375420241e-7,7.661154435743001e-7,2.0788378969869293e-7,1.3515044397802713e-7,2.7987609889312815e-8,-1.937342651504315e-6,8.906002519509793e-7,3.950492203090184e-7,1.3402367197841825e-6,8.404547310800758e-8,1.1787707461061726e-7,2.4446912322295677e-7,-1.9613903500272922e-7,5.100276580323193e-7,-2.221491091785266e-7,1.074035108163507e-7,-9.411141800705902e-8,3.652384507228046e-7,4.1945110122276755e-8,2.865010090229436e-7,1.1408647439383746e-7,1.2985441831729894e-7,-1.239312735588083e-8,-2.993853377040612e-7,1.4020256426969802e-7,-3.885214033133577e-7,1.0506811125829963e-7,1.4337060393851964e-7,9.145388403692945e-8,1.0567412591091507e-7,-2.6517825374194893e-8,1.2984501155008932e-7,-2.386109255788527e-7,1.1350120129618447e-7,-1.9400654289544184e-7,1.1904030420930579e-7,-2.4236830693957768e-8,2.7441739005675814e-7,9.245980695327116e-8,1.0101794417447519e-7,-1.1564524682147193e-7,3.09983470556352e-7,4.36670958400498e-8,-5.486402672476909e-7,1.6447283405152115e-7,7.468939807810937e-8,5.682617704100945e-7,-1.2070904381453308e-6,-4.038901430947872e-7,6.071198227763919e-7,3.4361785955105975e-8,2.499761792432498e-7,-9.786669939942927e-8,2.1258318310603655e-6,9.931229291175737e-8,-5.025995707954368e-7,-2.4776804782281613e-7,-1.0719696179174544e-5,7.497502219837138e-7,-2.038083928032064e-8,7.389434403930051e-6,6.858656674148866e-7,1.0492152665824151e-7,-2.5504334110002526e-7,3.82762355690236e-8
9.663801176328814e-7,2.7512298234229073e-7,-6.4441467708149515e-6,7.818443990936786e-9,-6.420002360086996e-7,6.729698576564492e-6,-4.838375675535245e-7,-2.3177629187811632e-7,7.29091694421813e-8,9.994671780426679e-8,5.6185803522743605e-6,1.1717457315449043e-6,1.0660374237305704e-7,6.645614370553554e-7,1.2067726622591036e-7,1.392396526898043e-7,2.6198125979643997e-7,1.5020002788634913e-9,-2.2197945021662504e-8,-1.056461315370727e-6,8.717298973765609e-7,1.1042421364080291e-7,2.512951752627224e-7,7.015265412849026e-7,5.2569438916560965e-8,2.929415856773865e-7,2.2872221935645865e-7,7.546065735438701e-7,8.777712665770654e-8,-3.259955519510749e-7,1.5580322835475613e-7,-1.5776760281638325e-9,4.339061729052851e-8,1.0688645889955773e-7,1.8003934855568284e-7,8.781414102858599e-8,7.372660850870627e-8,1.2205236942404164e-7,-2.550336390917507e-7,1.1642867640051514e-7,-3.023887420120386e-7,1.455055122090654e-7,1.2617399547254495e-7,-4.130010103970961e-8,1.2799783672421406e-7,-6.592127560184347e-8,1.0906072570238123e-7,4.477839867780276e-8,1.463900555565667e-7,-2.860678605804301e-7,5.966926526870254e-8,9.652734019014453e-8,1.0453548615056985e-7,5.438772614732024e-8,2.238155263997177e-7,9.217347297307832e-9,3.767935609391149e-7,-1.1076681283096469e-7,2.067254446374012e-8,1.3079884235931428e-7,1.0204541619731611e-7,8.013058812348372e-8,-1.606481359619383e-6,5.353305698795552e-7,2.756424782507594e-7,6.389513343584952e-7,7.214435203527048e-7,-5.427130325692331e-6,2.0664156938681179e-7,4.1981177970202847e-7,1.6318859706259348e-6,1.608446276377773e-6,-1.2945289497479229e-5,6.537300161411941e-6,-2.6687919443109443e-6,2.84278676544969e-7,4.6059371054192335e-7,-6.651654048242306e-7,6.606640957026677e-7,2.740748794496373e-8
1.0077323848243225e-7,1.3203969934799664e-6,2.3237952324026702e-7,-9.728511661907246e-8,1.2864880696532577e-7,5.9174531219828184e-6,-3.5138467091688442e-6,-4.410724174817693e-7,-3.3527951795698785e-7,1.6949411906082014e-6,7.632551108752717e-7,1.463052671647458e-6,9.389246780133754e-8,2.5637921427743795e-6,1.2813761447922902e-7,8.470657889543266e-8,4.001261823513014e-7,-2.2033217077051526e-6,1.8299865057216148e-6,1.163496586946211e-6,1.68552612997388e-6,-5.269611108931982e-7,3.053381477083006e-7,4.332173961262509e-7,7.722639709353274e-8,-3.3638371070262575e-7,1.4445607457211907e-7,2.4191285778689675e-7,1.8100285391611237e-7,-2.1759263497378447e-7,9.954719256251022e-8,1.0498556550402327e-7,9.845635610945536e-8,1.064353329807588e-7,7.23787261517117e-8,1.2941993740731574e-7,3.019304969123837e-7,-1.2762730717285066e-7,1.0959510849106736e-7,-4.901384925950492e-8,-7.006444375753374e-8,1.866195647181046e-7,3.111949180170104e-8,1.3574585627273983e-7,1.1449342976499467e-7,1.0944039382776439e-7,9.725799842834615e-8,1.1128829197482038e-7,4.7287461410849834e-8,7.125031614483301e-8,-2.203642884591961e-7,8.767856603335567e-8,1.1096381562176738e-7,4.4632124565513464e-9,2.496132299844689e-7,2.6278109602984048e-8,8.069164651125727e-7,-3.7666126204183306e-7,1.5863039473842377e-7,6.214732335880103e-7,9.309760269282653e-8,2.74939206845648e-7,1.2176538165569184e-7,6.519458810908984e-7,4.849013378015465e-7,6.846244346437658e-7,8.642255890200845e-7,-7.718020097941692e-6,1.020588578732884e-7,4.717245245716262e-7,5.9433206094361425e-9,2.532714646079404e-7,-9.120920972437385e-6,2.7374617289810612e-6,4.431543979240571e-6,4.385812708787684e-7,2.481005093306621e-8,-5.714317500957966e-7,2.823147830531969e-6,-3.8936976424028825e-7
-1.9933940476096756e-7,3.1132933116850836e-8,-1.2848848634016786e-5,1.0567235827192435e-7,5.944329410713323e-7,1.7191053850207362e-7,1.3893212705553771e-6,2.9704019764054124e-8,-3.7851466511132914e-7,3.981904367433842e-8,-3.109236846092556e-6,1.0233477630135158e-6,1.724010205805815e-8,8.482685628283804e-8,5.979857966571523e-7,-5.550043393613758e-7,5.49081663419515e-7,-2.7728899561149103e-6,3.148351412423778e-6,1.6016726099907341e-6,2.474021356982492e-7,-1.2415986090435039e-6,-2.6081816257662597e-7,5.083917592100695e-7,5.26343256086248e-7,-1.2805591607667033e-6,-1.0254735462777997e-8,5.138045656731594e-7,1.044674608401075e-6,9.008471470353108e-8,8.133771002976076e-8,1.1564641313921432e-7,6.525475210206188e-8,1.1037419351889178e-7,1.509204330773839e-7,1.206496969847537e-7,2.470093360735337e-7,1.3392825597708936e-7,1.1818500509543917e-7,1.8702963583725475e-7,8.736047363850919e-8,2.5446096087442526e-7,4.1797840256929673e-8,1.2732756684736835e-7,1.1146651384448259e-7,1.2326205630490695e-7,1.072392758379337e-7,1.0414882552052251e-7,3.983909456737323e-8,1.0691346414866132e-7,4.050091191820871e-7,3.5182065159489185e-7,9.811551481984094e-8,8.181522296222266e-8,3.3221795092754917e-7,4.648307711816458e-8,5.067509765577239e-8,2.160704997073326e-7,-5.0205305669104306e-8,6.495859718552266e-7,1.0205243061446324e-6,1.4088307641078048e-7,-3.810885515013962e-7,8.584001144267273e-8,-1.5891864846891647e-6,4.290262898896913e-6,1.106238325901643e-6,-4.975306402792524e-6,9.344349555788779e-8,8.21093208214041e-7,-1.5786721176161756e-6,1.0113571622483164e-6,3.795158939377208e-7,3.1792892525819516e-6,2.2007171661508673e-6,-6.000818306142431e-6,1.9678902625415164e-7,-2.6352100127178592e-6,7.90989012260157e-8,6.074490968486224e-8
4.4332109954288157e-7,8.993403378643183e-8,-1.0391707549403484e-5,-9.700913028103387e-8,2.9718032273000407e-6,1.6345458141467262e-6,3.0149996502881527e-6,-8.367836180601107e-7,1.4539547444960555e-7,1.3671686593175192e-7,2.4072793865706154e-6,-1.151583225555608e-6,-6.20834657767877e-7,-2.317587770263696e-7,2.4753315772418905e-6,-4.1876789190129495e-7,1.3398752810744875e-7,-3.494738178639323e-7,1.5471680502308515e-6,6.923562407026296e-7,1.509680203104491e-7,-3.622147067821824e-7,2.973904215837875e-7,8.591491110984118e-7,2.0559649079747722e-7,5.375243646632555e-7,5.338835567763045e-8,6.352555655356529e-7,1.5992955535830023e-6,2.2927403045700513e-7,7.680416218813769e-8,3.966554462826455e-8,1.0674653164319815e-7,1.3731771794991412e-7,2.6702176787065656e-7,-2.7377141118423156e-8,-1.979093888725969e-7,1.333054836927916e-7,9.750169083018179e-8,7.385872494736212e-8,1.762534636318147e-7,1.309768479004436e-7,-5.260190935886256e-8,8.357333682018631e-8,1.1746070726028624e-7,1.08415722903632e-7,1.0629969531954498e-7,1.0672500330861645e-7,1.873023056813139e-8,1.1753380919024005e-7,3.2405062386284825e-7,-3.140862002684375e-7,6.876748986591519e-7,-6.886690202953073e-7,2.24805611078982e-7,9.338483979757228e-8,4.006870308132182e-7,4.39477845186298e-7,-2.4022343726312066e-7,6.418814912229731e-7,1.2690334488199006e-7,1.886090921421113e-7,-8.578125368207346e-7,2.1201465150813005e-7,-2.781040830229631e-6,-5.547598783420816e-7,4.616689286265352e-7,-1.202136009676369e-6,-1.534795487092733e-6,5.799983988405977e-7,-1.7918503179905066e-6,1.6029868470186504e-7,1.4009330802117414e-6,2.265767538475716e-6,5.898655725231561e-6,-1.587326962351019e-5,6.420992832341543e-7,-1.1089535515735216e-5,-1.0941261857082551e-7,-3.233162292426428e-8
2.8197129628002583e-7,-6.355004206976323e-7,-3.8398547286792043e-7,1.4405915017876582e-7,6.884392256684801e-7,7.363455184811164e-6,3.475398306363964e-6,-8.654085009469404e-7,7.405510021535555e-7,1.888286172379239e-7,1.031134167471004e-6,5.23443980860816e-7,3.124025478412085e-6,8.975028548559029e-8,-6.699011815323175e-7,6.720897172889373e-8,4.7547995405932133e-7,7.538282238177541e-8,2.3513239531067765e-7,7.739658456051846e-8,8.203380121866832e-7,-5.407434400635625e-7,2.0330970687381102e-7,1.4556901755355956e-6,9.74847318370209e-7,8.19105714865076e-7,5.971412542811195e-8,1.0931367008994997e-7,1.1234824401940237e-6,2.957029320577398e-7,2.910422259123635e-8,8.648405396358695e-8,4.860943334752399e-7,1.035903557963458e-7,1.1042327089192394e-7,9.391166039662835e-9,-5.867454552302087e-7,1.314559486771394e-7,9.359536698871906e-8,1.428611848848238e-7,2.175717938317501e-7,-4.5319800103027497e-8,-1.242411606219185e-7,7.558698742444747e-8,1.0535770862207805e-7,1.161050909461947e-7,8.87074776359409e-8,1.098700747814263e-7,8.496339757275706e-8,1.2802237808253735e-7,4.403332684425276e-7,-3.921764425290686e-7,1.5244926471673638e-7,6.057625335456951e-7,-3.0272572978512493e-7,2.4966836905602196e-7,1.8426314613424478e-7,1.0921653499542662e-7,-8.409660933453856e-8,7.221548430209169e-7,2.0290717859763776e-6,1.3536730514966955e-6,2.704015448375286e-7,1.8371798489580373e-7,-2.7586305760247788e-6,-7.762688538710095e-7,1.282432747822515e-6,4.093069438657837e-7,-2.273306691442545e-7,6.431934858960764e-7,-1.1688202135739846e-6,1.7832654157929894e-7,1.4985863880609962e-6,8.523291379738174e-7,3.5403534881215393e-6,-2.66110115199395e-6,-7.5230844135854015e-6,-6.418139480542462e-6,5.196678895060814e-8,1.996249407381523e-7
4.023881205569735e-7,2.6864238145649645e-7,1.5806309719890166e-7,-7.325013729908348e-7,9.028516931667286e-7,1.303253276005798e-5,1.5914400535469443e-6,9.256733827776032e-8,7.689030916586682e-8,1.995043233333549e-7,5.5759074214201126e-8,3.669412224470392e-6,4.515669879005091e-6,-2.821125101557709e-6,2.1150878181019907e-8,7.788686819422575e-7,9.77519380665992e-7,1.550709929977856e-7,3.0497148763615203e-7,-1.2351453792609492e-7,-1.5603955814730286e-6,-1.2192279764655424e-6,1.0184737295171331e-7,2.307305417624761e-6,4.209592045864685e-7,2.0327696126822838e-7,1.8696631147008258e-7,7.275501755792391e-8,7.117843805215741e-7,4.964375656978604e-7,6.30426690837238e-8,2.1843361561815211e-7,-2.16622493118801e-7,-1.9115461314310745e-7,2.862959562291101e-7,1.1705306366955882e-7,-7.005686300730396e-7,8.913959813703355e-8,1.200846479154194e-7,1.809395150936144e-7,2.2846944083767529e-7,-3.111606877927109e-7,-3.47717472463982e-8,6.442349058379815e-8,1.13376194357806e-7,1.4459941509390451e-7,1.0573384886436444e-7,7.130242490238636e-9,7.496416020067454e-8,1.0131839826941214e-7,3.158003387035757e-7,-1.3948018423806108e-7,1.3477090384632629e-7,1.5629660701343973e-7,4.269372093545609e-7,-2.280686263187337e-7,2.9616870117965546e-7,1.2026944992439059e-6,-1.2192162782354132e-6,1.694633958019942e-7,4.622455818454264e-6,1.4365087930608533e-6,1.916997317048286e-6,1.348700638101441e-7,1.1726325649489056e-6,1.2095187708662803e-7,6.919854854219309e-8,-6.967448090703932e-7,8.945989024136125e-8,5.314341375657339e-8,-4.708226487800005e-7,-2.5185012143428278e-6,-1.571752446481445e-7,1.492827904768568e-7,4.933407911769106e-8,9.988194806029106e-6,-5.251010485570085e-7,-3.3082089603141076e-6,-5.840044093845531e-8,9.189183509361598e-8
4.3876463914089836e-7,1.0862785511045693e-6,3.604619252659314e-7,-4.857006430644573e-7,4.285404005213822e-7,1.136955916942819e-5,5.272679731294083e-8,9.187800963162296e-7,1.7011513203910588e-7,6.832470099361166e-7,-1.5805036605063274e-7,3.139027530280081e-6,5.264184856172749e-7,-1.7637000932717806e-6,-7.508567082969986e-9,1.7868151057550907e-6,-1.8621333030210409e-6,3.868524554884179e-8,1.2305268592553986e-7,1.3299513520654837e-7,1.3713737117051705e-6,-2.117689361245123e-7,1.7928423774262737e-7,2.6270917475124334e-6,7.278659951031053e-8,-1.3934845464589342e-7,2.252665297725054e-7,7.93803207450372e-8,-1.1338452950445666e-7,2.1138368240112282e-7,1.2222763574047946e-7,1.0986679785034426e-7,-9.810871329431703e-7,1.5613627048502998e-7,2.007164829479269e-7,1.3290909982914822e-7,-3.525758229770304e-7,1.047081335445288e-7,1.0092292389889402e-7,6.721235635351874e-8,2.2513757851831962e-7,-5.696895803466551e-7,9.09551680026377e-8,6.870130152112353e-8,1.324476438855582e-7,2.121459249968316e-7,7.032536215878516e-8,5.507187012221415e-9,1.1367780094173608e-7,1.1680127627675675e-7,7.064308122755048e-7,-1.3158926217193834e-7,1.1410980196882026e-7,2.0773829596014704e-7,-3.480336084691116e-7,4.7384063306976644e-8,5.49945489310888e-7,1.1696347682542686e-6,1.507681748796852e-6,1.0801806206054865e-6,5.3625364187409375e-6,1.5364194888871863e-6,2.785325452536736e-6,1.0654847444138139e-7,-3.811637150797354e-7,2.3794425661381346e-6,1.6712431086576275e-7,-7.248361552517624e-7,-7.074524338226751e-7,7.100311899735479e-7,1.151199309099793e-7,-3.528176776991243e-7,5.202431786951012e-7,-3.475571283074075e-7,2.5097563383376764e-6,-4.1201708970906695e-6,-5.652125497155725e-6,1.6260979539794997e-7,2.3102806555899137e-7,-1.6818304423371624e-8
1.3577794008257094e-8,9.661862912370145e-7,2.922851686729455e-7,-2.6668889741572333e-7,-3.0578193399696254e-7,9.138089263524174e-6,-2.1308153544775445e-6,5.569846913251464e-7,4.799880686043646e-7,5.861304777810884e-7,-4.3962552631598987e-7,-3.931875540057994e-6,2.3845401382405206e-7,1.1090593763791734e-7,8.320727357296054e-8,1.1427763447428685e-6,-3.048567653838319e-7,-9.313527706789061e-8,9.688782268876483e-7,1.9057070694394885e-7,6.778238489391075e-7,-4.882408391580384e-7,4.197200025515935e-7,1.6211280747020496e-7,1.0552799721756934e-7,1.0130162882755478e-7,1.987109142332466e-7,1.0405671359552394e-7,1.0476708020814573e-7,1.1519581299563875e-7,1.0638371347986286e-7,1.0113061921408484e-7,-1.433442892267589e-6,3.290977623256364e-7,-5.695835395248539e-7,1.1562604897010776e-7,-3.2150954158494115e-7,1.0991829921824792e-7,1.0960657269460939e-7,1.8163920420650738e-7,1.5513737664545336e-7,-4.143543566597963e-7,6.184631720684842e-8,5.704241203678961e-8,1.0767156097302167e-7,9.014351691518652e-8,6.171654542479477e-8,3.617063880856364e-10,8.986067094962635e-8,1.0192102830877126e-7,7.752778040458486e-7,5.818441185156953e-8,2.4131575830315114e-7,1.192743354322179e-7,-2.432561826475332e-7,1.0814256812912149e-7,1.375085629389461e-6,1.0007292241147604e-7,2.141787700369369e-6,1.0151965428409682e-6,4.841119120953419e-6,1.2977489917218366e-6,1.7897627991141363e-7,-1.1620458466854444e-7,1.2373413008095468e-7,3.7494702898250853e-7,5.256568790648064e-8,4.05427702668959e-7,-3.4009436553865905e-6,3.529113549126062e-6,2.1993737612806543e-7,5.190825358558215e-6,3.9530299952944995e-6,-1.1693360611427784e-7,4.331653012668046e-6,-6.218922669089044e-6,-1.0840032125788347e-5,1.0336222574485966e-5,2.1874790055651518e-7,2.4924294668007277e-7
-5.1327074214901904e-8,1.3304860992503943e-6,7.707544111854148e-7,1.1488462571733749e-7,-8.697944288498127e-7,-2.8709770161702843e-6,3.3939096306817576e-6,2.0316177568246996e-7,1.2016882161862919e-6,3.3484688392542154e-7,-1.5653841944275326e-7,-5.61731951805593e-6,2.7030214243564113e-7,1.118366255115677e-6,-1.2662871727824322e-7,5.595433221311952e-7,1.1303627092751346e-7,-5.912994369887015e-7,1.2348507961143175e-6,-6.893759923067844e-7,2.550276184809963e-7,-1.0777171300112022e-6,7.024056366696785e-7,-5.969089029015385e-8,2.0377089907392955e-7,1.164986648007016e-7,9.66084089145447e-8,-1.6850313833575159e-7,1.95523873760739e-7,2.22845799646354e-7,8.061083498196453e-8,2.2777261806836702e-7,-1.3267018217612781e-6,-3.604135232198824e-7,-4.45980812062452e-7,2.8452293467644555e-7,8.852138556452171e-8,1.1764242322840347e-7,1.0440385500465332e-7,1.0053064868955631e-7,3.37961739908188e-8,1.4021025923760533e-8,1.1796274075122071e-7,5.231044265183727e-8,1.1428206003367691e-7,1.4579770622964451e-7,-4.08344980144415e-8,1.0518994489321366e-7,1.0095438003718815e-7,1.0728162534412444e-7,8.677073256033064e-7,-6.106382293272206e-7,-4.327394566254972e-7,3.371347464206975e-7,7.949241231580029e-7,3.229151331440861e-8,2.1248740233677623e-6,9.331260138867314e-8,2.903637994813191e-6,3.429174382603373e-7,4.5428234503118505e-6,1.3304902539224895e-6,8.587166213249731e-8,-2.4191244461126974e-7,1.47126140342424e-7,7.529317772538846e-8,7.940348700017363e-8,-1.601952474903723e-6,-1.0942914555573058e-6,2.867885054848629e-6,1.8614320093771842e-6,9.075444574927638e-6,8.676963440622521e-7,1.3120145413521025e-7,5.648313929583738e-6,-3.4526679862065593e-6,5.104928981584101e-7,-1.0373028004029284e-7,-1.1748654864685016e-7,1.29961235914422e-7
1.939661321945785e-8,5.954668840457256e-7,1.3122415023134603e-7,-5.418795855437809e-7,-1.0882101109400578e-6,-2.4561837476653417e-6,1.4507326874912963e-7,6.54277741353404e-8,-3.2619021768640626e-7,2.074221476285887e-7,-3.762805701331473e-7,-1.2960451935707608e-6,5.802675806696689e-7,-9.906424695081407e-7,4.184319031965478e-7,2.0701652369068403e-7,7.355796184162378e-7,4.127697922569063e-8,2.698845847459275e-7,-5.497104818485088e-7,2.4803293357578137e-7,-2.0218348545413268e-7,3.7356470090492703e-7,4.865777488979317e-7,1.2816079714497166e-7,3.394469816085488e-7,-2.7362256724394742e-8,-2.8619412191877026e-8,1.0180741891834267e-7,9.666538262940172e-8,1.127359106226633e-7,1.1086156194839436e-7,-4.0300949181450997e-7,-3.103661267674918e-8,9.024951407419213e-8,5.081032080632043e-7,1.3174478153943348e-7,1.0468328702697427e-7,1.1163188135576708e-7,5.533415475387216e-8,2.6442305367790908e-8,8.91222564136207e-8,-4.536450962291383e-8,1.0513626964523404e-7,1.0690758960272273e-7,3.0497777471019117e-7,9.019523499791405e-8,9.786580251076593e-8,1.3670585200782349e-7,-2.632037828818157e-7,8.46457262433753e-7,-1.0364001432697113e-6,-1.3902320663482514e-7,3.2824211263637884e-7,9.74864209356996e-8,-1.21141320008622e-8,2.159332505451328e-6,6.141323151405586e-7,3.6622661222795562e-6,-1.4440702711127074e-8,3.989179479341721e-6,-2.3726832465916783e-7,1.5681244143388895e-6,9.839342781277072e-8,-1.225737599149679e-7,-2.5811379690630965e-6,-1.4708625182493495e-7,2.224027646326521e-6,-2.3112879776008288e-7,-1.1200678962089095e-6,1.706444722079592e-6,1.1914492849354286e-5,3.018615610659903e-6,3.1522009416500076e-6,1.0839775871316126e-6,-5.779846432969771e-6,3.505745673745997e-6,-2.8175105908014866e-7,3.936822253425287e-8,4.926703164388036e-7
6.607743100377483e-8,-7.112271317994745e-7,2.7012753132364953e-7,-2.819975336133429e-7,-2.052717490775402e-7,-4.991862968540884e-6,-4.151444351423228e-7,1.0228892102344123e-7,1.9728628604656075e-7,1.0537167080533205e-7,-2.763036818933751e-7,6.948015667549213e-7,2.4143699583645263e-7,-3.1323322255395693e-6,1.0705501650108974e-6,1.8526759087893476e-7,1.784807001409461e-6,-4.6319522847182437e-7,9.479081791173183e-7,-1.6484066069420988e-7,1.2297268004974882e-7,-6.449150564662665e-7,8.958148596858174e-8,-1.4834086208245225e-7,7.836589140104434e-8,8.901372451117774e-8,5.3872435650403894e-8,8.222193252502841e-8,3.689633501735568e-8,6.155130310281365e-9,1.2152790273955994e-8,8.505762586725752e-8,5.088293427634394e-7,8.26373203420161e-8,2.5411561548367437e-7,6.951718993527979e-7,2.4684358569522224e-7,3.591315930437933e-8,8.916229711730672e-8,1.3262010981545114e-7,-6.587339758854505e-8,1.6898721147657893e-7,1.0791945287338401e-7,9.431226817460115e-8,1.0288889134320023e-7,2.18466619351676e-7,3.0734882528322684e-7,1.56453622923447e-7,1.3358199455284492e-7,-7.960974068915939e-7,1.1714475317219364e-7,-7.699399905101823e-7,8.722578478919108e-8,3.0592106977975766e-7,8.279493098140024e-8,-6.717800931038687e-8,8.890234495046557e-7,8.908020582386601e-7,3.6491147324634545e-6,-3.826093840517464e-7,1.2923071931193686e-6,1.2023270090004258e-6,2.0442212287161255e-6,-1.1159170100205618e-8,-8.290149195109842e-7,1.9755798403455762e-6,-1.022021745695312e-6,8.427556926500213e-7,9.087201737099981e-7,-2.259703674359903e-6,1.068108750038821e-7,1.8996072825100408e-6,2.652966160322112e-6,-4.572467048732077e-6,9.755777999086447e-7,-9.709065847187448e-7,-3.2344257982705128e-6,-6.559950726767738e-8,2.4887300596806438e-6,6.714989091536339e-8
4.629054228023155e-6,7.929457332438439e-8,1.4117268630169378e-7,-5.196005837141915e-6,-1.1323343931666786e-6,-5.515911915148831e-6,-7.336749787888452e-8,-5.4858192018447665e-8,3.649586324852239e-7,-1.517613672775209e-6,-5.64841829072682e-8,1.1932894184778497e-7,-1.3989204832980385e-7,-2.448859698308259e-6,1.9752948090476787e-7,-1.201634857487144e-7,2.050073972179134e-6,-9.692266783586368e-8,9.162095582319064e-7,-2.252201570470347e-7,9.768393306062163e-8,4.775358957229692e-8,9.299142259573402e-8,6.267233141921125e-8,6.831223607921544e-8,2.3342789772060615e-7,-1.0926159449735629e-7,2.085503031497904e-7,1.21475698788176e-8,-5.97300204936646e-8,-8.390234521983287e-8,1.3792101919885003e-7,2.2354037912504234e-7,2.9486554540694155e-7,1.24360534042256e-7,5.32282166712017e-7,6.15550454825975e-8,4.5189936124856444e-8,1.3050451669078812e-7,1.2091339016089275e-7,-2.7645934368241143e-7,2.6076592393755595e-7,-2.6510010281588504e-8,2.462139468317748e-8,1.0422526025704038e-7,9.929161214803361e-8,4.485824941240502e-7,1.0034653459074506e-7,2.7217589159604927e-7,-7.668514300570473e-7,2.961246316479649e-8,-2.46625564241576e-7,1.3668917086928635e-7,2.93209210440315e-7,8.464507876544403e-8,8.643303704380934e-8,-7.175968374302233e-8,5.356641735396739e-8,2.459486133417621e-6,-3.381900971538454e-7,1.2392048210654315e-7,6.282104454217397e-7,1.9334770188956797e-7,2.2890369847676786e-7,-9.694244611831659e-7,2.2805279020011285e-6,-9.058839642566486e-7,-9.206975603493484e-7,3.184999564926905e-7,-5.289133077307495e-6,-9.197356697321358e-8,2.1899604797985806e-6,3.9637286274027964e-7,1.1389378841855091e-7,-4.095310126500662e-7,-3.989842151774315e-6,-1.6311107237005907e-7,-5.896620990527568e-7,1.4608401369998525e-6,5.592459207703904e-9
1.4042163398997333e-7,-1.4901945216899693e-7,7.834972846445077e-7,4.5379279878372536e-7,-2.0890221114780117e-6,-4.362392220433842e-6,1.203820278242529e-6,-1.7659671138135825e-6,1.9803786093390842e-7,4.3158810109300564e-8,1.0858571513203686e-7,9.196190518414582e-8,1.4661740847223825e-7,-4.969577635481671e-7,-1.593867515632619e-7,7.671705445517763e-8,1.2966821888814818e-6,1.1895480322916541e-7,9.173682361596437e-7,5.166489617733916e-8,2.5969992842993506e-7,-3.486224293717255e-8,1.2152042660753536e-7,-7.869450938169376e-8,5.2225289010587874e-8,1.7394795094638482e-7,9.246927754831269e-8,2.1527305606778846e-7,8.385324628188418e-8,1.0090197195773421e-7,5.7637034560253935e-8,1.1944362038960323e-7,-1.6881702441989832e-7,1.8836851857673143e-7,1.0535214140841021e-7,-1.1979349002602114e-7,1.1215889225990594e-7,6.294393649242114e-8,1.0044775586297572e-7,6.796934512394159e-8,-4.069955066960285e-7,2.8484224261491334e-7,-3.312822317669273e-8,7.219665380044927e-8,1.1108193166518011e-7,5.42587283502316e-8,4.408440729329888e-7,-3.245253479590149e-8,2.657495543911592e-7,-8.960647462602168e-7,2.4728938707778705e-7,1.139842749310116e-7,8.096371050618778e-8,1.0744550279744303e-7,-1.5205843738346216e-7,3.046099921034884e-7,7.666637521428489e-8,-4.033402949237264e-7,1.377715896234988e-6,-8.16960695482205e-9,1.3993203721821113e-6,1.0798024828053034e-6,4.052242521190852e-8,2.5178222474254276e-6,-3.766681926986482e-7,2.9019847467874896e-7,-3.536597994392432e-8,-9.583923796541161e-8,6.776793411546356e-7,-2.113788407050865e-6,9.529430695560004e-7,4.7058842672798034e-7,-5.434694166372655e-7,-3.0168943560175964e-7,6.555807076450648e-7,-4.4789629972348705e-6,-9.940385403927055e-8,2.2033550021038907e-7,4.5371820696720194e-6,1.1296027887861549e-7
9.822261951493162e-8,8.310154591093522e-8,1.981686991477938e-7,-1.3394031630263437e-5,4.163835881663136e-7,-9.426335588047509e-9,5.966441135782707e-7,-5.253385826331503e-9,-1.9170770416807592e-7,-5.858132919222103e-7,4.3183049199910787e-7,8.828112466219284e-8,1.1388877363076589e-7,-7.717357022323013e-7,-1.297289993704487e-7,1.3950314973265598e-7,1.2071218065164758e-6,-2.1727001625774125e-6,8.569247171114514e-7,1.7226066504061334e-7,1.1704694578362762e-7,-2.990276077455056e-7,5.102882494669281e-7,1.0937482591983905e-7,7.901406936113632e-7,1.1824635618784552e-7,1.016910483727429e-7,1.6064504413850767e-7,1.277922976250734e-7,3.7512018770113896e-8,1.1483888741885552e-7,2.2808610740845394e-7,4.608629418823007e-8,-5.407574183113884e-7,1.417858709768849e-7,1.551786977410874e-7,1.1325242750461762e-7,9.128620842455694e-8,1.0674721712649049e-7,5.367651582672828e-8,-4.533793714587287e-7,2.574372137261971e-7,5.1820143136072084e-8,9.212359822998728e-8,1.0174114443670669e-7,2.0027366579333795e-8,3.89868103173785e-7,7.849279371521246e-8,2.270910106439983e-7,-9.061550474968039e-7,1.3154653837648134e-7,9.049986720390812e-8,5.562271176213774e-8,7.680835582273283e-8,1.6242342155958767e-8,3.361345920385395e-7,1.678272892446886e-6,-8.284383952703145e-7,2.7303924577959385e-7,-7.441156541634354e-8,1.3979834693396366e-6,2.215961045395076e-6,7.695161062368783e-8,1.3013489753419318e-6,-5.222867555416455e-7,2.8009254924705743e-7,2.699161576626974e-8,5.931262436966289e-7,1.0266885981551345e-6,3.2426908635585506e-7,1.7856719262017153e-7,-1.8178989021400694e-6,-2.013267125068119e-6,1.9200178134033408e-7,-7.712625218380121e-7,1.488219633924537e-7,3.5881830975708073e-7,2.3027156646286962e-7,2.5694652686329977e-7,-3.2067830256554684e-8
-7.568540512044031e-8,-4.4203231685413515e-8,-1.0259767577383006e-7,2.001388894108347e-6,-1.575943794438639e-6,1.2452605304869914e-6,-1.09937076061446e-6,-3.453520023144474e-8,-2.7588878021199693e-7,1.4238525231458078e-8,7.563249172368725e-8,-1.1758198009341747e-7,1.7175567216941358e-6,-3.570046869324273e-7,-1.2611670006997922e-6,1.0578181412999044e-7,9.072301668031635e-8,2.4340183934143944e-6,1.2843124095847092e-7,8.453074697751806e-8,8.322748451443652e-8,-2.5521554923857438e-8,2.05940467334953e-7,5.200967656417976e-7,2.620758119345146e-7,2.528635113308919e-7,7.421283602320194e-8,5.358422655731721e-7,9.728130006991798e-8,7.754677570797064e-8,9.17713762431216e-8,1.428181523704497e-7,8.926235485828826e-8,-7.369232592243536e-7,-1.963918276850607e-7,2.96583873315992e-9,6.052899177642069e-8,6.484592444446769e-8,1.0181617764759566e-7,2.1125171614677642e-8,-3.442922457762343e-7,1.473920257824002e-7,9.910260210328481e-8,4.955915150026691e-8,1.3879524380573385e-7,3.537548592364992e-8,2.66281933943624e-7,7.700449060639158e-8,1.545866322036016e-7,-2.22048321274404e-7,6.19954024981606e-8,3.761140188185408e-10,6.933714180772377e-8,2.0875272732989726e-7,-3.5455641630383065e-7,-8.319829702572613e-7,-4.834372881057592e-7,-1.0426931898830928e-6,9.424427469773012e-8,5.279857522108023e-7,1.1936875481999287e-8,-3.766432851855517e-7,1.453352637360572e-7,1.1470205675208068e-7,-7.575597202146068e-7,4.1415601835781414e-7,-4.5825460209769634e-7,1.3511937853247781e-7,7.349241699379228e-8,-4.856694016058705e-7,2.5363739781556485e-7,1.6738751457737512e-6,-7.48608181178756e-7,-5.348248901096298e-6,-1.0760300587428707e-5,8.017770495207799e-8,-6.0884685072926105e-9,-1.0765211037609968e-7,-3.252410811100948e-8,2.8436010746979434e-8
-9.974875335955203e-8,1.965529387541576e-7,-2.8911859450475585e-7,-6.057337002065344e-7,-5.416730451172524e-7,2.406652726798075e-7,2.8482486337654266e-6,-1.1126722660402822e-7,7.257964864744172e-8,1.0923589085320984e-8,6.636214648909622e-8,2.1431254890862396e-7,3.9355549226436363e-7,-2.665609826222659e-7,1.2377583610851061e-6,2.0143869998854314e-7,7.094991488301172e-8,5.251975962528843e-6,5.916266882904031e-7,2.505795787544063e-8,1.4728996453459155e-7,-1.1097987547907363e-6,1.4412825808292952e-6,-3.8851372836031797e-7,8.330816526800344e-7,4.354587558311085e-7,1.0182336720809815e-7,1.9623494134968223e-7,-1.3674582582199336e-7,7.605882133221443e-8,1.5213257992312548e-7,1.850817139032124e-7,7.444180144902113e-8,-8.332291346515475e-7,-1.304232215724177e-7,-8.101400309875606e-8,9.219093368930676e-8,7.503480320987243e-8,1.0318286987012204e-7,3.789161835703325e-8,-6.480950000614661e-8,5.3236494393349435e-8,1.0468750680581174e-7,7.356846826569452e-8,9.331547901749727e-8,5.656040460348955e-8,1.0243088636749943e-7,3.168292260071759e-8,8.119925140375184e-8,7.943051510577171e-8,4.001373149199905e-7,9.583754709405757e-8,5.88217042133854e-8,1.1786598594658582e-7,-1.5461007195646248e-7,-1.6740858956043715e-6,-7.65478809248954e-7,-7.141475007732212e-7,8.653685599340211e-8,4.758751473247669e-7,4.814668835217085e-7,-2.2943398838080056e-6,6.213858751291657e-8,2.3510410950722263e-9,1.0703919150905074e-7,9.902866497220053e-8,-4.459608733076159e-10,3.641804907791757e-7,1.608679136191338e-7,-2.596878522492907e-7,1.931295641988795e-6,1.056552237442343e-6,-3.550773741465885e-6,2.768341666777197e-7,-4.131807247726416e-6,1.175350224051619e-5,-3.3784360157094187e-7,4.520604154965535e-6,4.271218976261704e-7,1.5320934329390302e-7
-3.304552467285227e-7,-2.8291486872702443e-7,2.7576228777292934e-8,3.0402600272128266e-6,3.523147378979341e-6,1.0500861546831609e-7,3.0904199122790524e-6,-3.422710800122686e-7,7.204648930170254e-8,9.757567516244237e-9,-9.056464329439518e-7,1.4357367586578907e-6,1.6068644028857104e-7,-3.995729634917789e-7,4.859250029831453e-7,2.9328013899942996e-8,1.3994165742270638e-6,4.642030815052945e-6,-4.5478823876066166e-7,8.721685463495278e-8,1.0239265319123003e-7,-8.834030763821832e-7,1.4505942436697782e-7,-2.987285854146871e-8,4.790746574159454e-7,3.824351653203717e-7,8.960947685763277e-8,8.71547807181905e-8,1.0456877102069662e-7,-1.901100643574738e-7,5.386230838193562e-8,8.325846454626529e-8,4.1007574591378494e-8,-8.700908823602527e-7,2.3561126277580335e-7,1.2170017103521057e-7,1.6377947234276214e-7,9.897294552065894e-8,6.289360269746692e-8,9.900339301345263e-8,8.992755770238503e-8,1.0600548489481111e-7,9.284001931539888e-8,1.0164489965232004e-7,1.0432204886281493e-7,8.833718739611474e-8,1.0124200940611062e-7,1.0408802139654228e-7,8.292772201983212e-8,9.134657488494292e-8,-6.349360216539313e-7,1.2869217783983978e-8,4.369853430818971e-8,5.229468879497379e-8,3.050366249155667e-7,-1.986386669458651e-6,2.547899172010926e-7,-6.536032968762373e-7,-1.9149784762040325e-8,4.830543237790419e-8,1.6375662147415372e-6,1.941270222597602e-7,4.199097134038876e-8,-5.328761091889511e-8,-1.4012445776116267e-6,7.38655263908905e-7,5.352428661993258e-8,4.3375710255764145e-7,-7.267865392434958e-7,1.00616010691712e-7,3.911055890224513e-6,4.051375937087487e-7,5.3370158381005344e-8,2.65160299988354e-8,-9.318804063861353e-6,2.391802944295707e-6,6.877745396203228e-8,-2.835623234775642e-6,3.589454302558304e-7,-1.3941293260100185e-8
2.3708139927691718e-9,-6.495825549678313e-8,1.2891711692571973e-6,2.825065380489078e-6,3.526371296379005e-6,-9.460536793532982e-8,8.907923157048804e-8,-7.050591209534219e-10,-1.2356831682309722e-7,1.214394897227855e-7,4.775326177276651e-6,1.5696022481154649e-6,1.571170890478446e-6,1.1201876905440056e-7,1.204027052718404e-6,5.7496794803180155e-8,2.845308414103132e-7,1.6260075224267201e-6,3.384114433706564e-8,2.3001116751975028e-8,9.800941571256327e-8,7.40622092606058e-8,-5.294543892311655e-7,1.0363432306090825e-7,4.7628180868575234e-7,5.498860766330882e-8,8.831373507045549e-9,1.1447822605517022e-7,-3.72129078263006e-8,8.895850479344603e-8,-2.1408327984842047e-7,8.4098999284965e-8,7.80999569511387e-8,-6.606539981500071e-7,3.4511325408461695e-7,1.7760136499422874e-7,6.276551455524082e-8,9.868032855877562e-8,2.472954977012831e-7,7.831477497202144e-8,5.945086253782428e-8,7.975847178560702e-8,-4.236157603576541e-9,1.1243793316026984e-7,9.380479380218798e-8,8.162793304129502e-8,1.114273834347479e-7,8.903234779626956e-8,6.860891800091196e-8,9.673350213268428e-9,-8.156634667840668e-7,-2.785500394552054e-8,7.508114840821812e-8,1.3012799165101897e-7,6.246192450458433e-7,-1.310974505442819e-6,1.4401770091025947e-7,6.340836570382091e-8,2.3904091444530987e-7,-4.0000072025492277e-7,2.924249136194668e-6,-1.0332101220452917e-6,2.5190570853057537e-6,4.085666240610353e-7,-4.840536888501435e-6,1.5941885355815755e-6,2.804931589490023e-7,2.6922853693862603e-7,3.20571500725797e-7,-6.011127986806475e-7,3.7598145458323853e-6,9.406284249025899e-7,-2.0340790796227194e-7,1.5271644980379584e-6,-1.2939375279467281e-5,8.608687240540647e-7,-1.2951352115644356e-7,-4.519672919277129e-7,1.360811601384615e-6,6.533371538355315e-8
2.444667625869368e-8,4.8730837064225875e-8,7.617618961695883e-7,-3.610734896182688e-6,2.0974961403806615e-6,7.157886154851578e-8,4.235379283322516e-7,5.256886133631511e-7,1.326296073298483e-7,-2.1890883869946088e-8,3.353677855059889e-6,6.41019262696796e-7,2.134738785559476e-6,-5.00911084097766e-7,1.2638505867232475e-6,1.193737507887427e-7,2.204773026773599e-6,2.525805877192644e-7,-2.5838651301191008e-8,1.238116461665939e-8,2.1818857318407493e-7,3.0495442161504464e-7,-1.812691883223705e-6,5.5418726537981303e-8,4.963826041608055e-7,1.2553366113956523e-7,9.591404790076919e-8,8.53237673810403e-8,1.7833047537538784e-7,2.0519008842079246e-8,-6.142152416793723e-8,1.6380128315520716e-7,9.243731544270606e-8,-2.4689282726080287e-7,5.390116087625963e-7,1.3801398966473144e-7,-7.498776926015972e-8,2.443081215142362e-7,-7.567656334683815e-8,1.0014402944809042e-7,7.308199906195245e-8,1.0413731804914672e-7,3.337884806415836e-8,1.0131191585422972e-7,1.0232487241239596e-7,7.728284057002544e-8,-1.373745727684117e-9,-5.259902491578927e-8,2.784756588423143e-8,2.9247701274104367e-8,-3.8791531495031564e-7,3.3072571211190116e-8,1.0474789598999834e-7,1.7793761255240348e-7,1.8117733591394014e-7,2.3533873665801954e-7,1.2981446320159185e-6,-1.243134596755635e-6,-5.554449737659506e-7,-1.2682997616927373e-7,-8.773415204296198e-7,-3.500252857546182e-7,1.714692087608949e-6,-4.3757335121604735e-7,-6.023411621329944e-6,1.4411677878711338e-6,5.917523856669549e-7,-1.0550302307912319e-7,5.003778212782084e-8,-8.434152845679944e-8,-5.900738936944539e-7,1.381644214385469e-7,-3.166669455750393e-7,3.831370339428597e-7,-7.172340432777369e-6,3.18052427666915e-7,-7.887240966195642e-7,-9.106980789124753e-7,2.6470803278364487e-7,-4.3925159211448685e-7
1.9355713521718167e-8,3.1215681287812825e-7,2.352412907787116e-6,1.8214228640301313e-6,1.2247449378418374e-6,7.63520090109493e-8,-3.1640161742271244e-6,3.070297550225476e-7,9.447335193490947e-8,1.1302729098305875e-7,6.003507770753203e-6,1.0432444201604608e-7,8.030811148343364e-7,2.6775119708144503e-8,1.5877258301542075e-7,1.775367266993344e-7,1.812362392094258e-7,1.3276290329159224e-6,3.740643711993563e-8,-8.265750959741692e-8,1.7308727812099802e-7,7.096729231905297e-7,-1.601605965930042e-6,-4.5534379783062074e-7,1.218369308442302e-6,7.577104307374683e-8,1.2702503351122997e-7,1.1760485581739921e-7,1.219323774487968e-7,7.468582173375537e-9,-2.4367561248466176e-7,1.6565254881735215e-7,7.901099603706552e-8,-6.710742780569045e-8,6.81613128203007e-7,1.5067034918112567e-7,-6.924469091714735e-8,-9.106104127647452e-8,-2.1236190402946778e-7,6.90044025441372e-8,8.239295220708876e-8,1.043970254201554e-7,9.299754112972459e-8,1.0971101694368102e-7,8.265914349965264e-8,6.071872842807746e-8,-2.0011405060449407e-7,-4.550694612757145e-8,-3.132168003269209e-8,1.7854679051185764e-7,8.238239935496329e-8,-3.298527741145918e-7,7.130284838723356e-8,8.353133314038531e-8,4.308630140790415e-7,1.3437329787875153e-6,3.5126310029132137e-7,-1.4761284972976131e-6,1.3197874298099821e-6,1.1501363122454756e-7,3.939274972197815e-9,8.218172845953609e-7,1.6058479253958425e-6,4.652325193176932e-7,-3.1077953398830016e-6,8.109288327164955e-8,3.7731080734568323e-6,2.040530339621216e-6,1.832386308466827e-7,-1.2013232108163408e-7,1.7335425057933841e-7,7.954700096052947e-6,-4.4239548241528094e-7,8.072559123312839e-7,-1.7106878561816807e-6,2.852465476108357e-6,-5.512529445576897e-7,-2.5497115819932414e-7,1.5480792189070948e-7,5.703061515485164e-8
-2.1548296763563847e-7,2.0612801141361994e-8,1.9594843428093033e-6,1.2695651105756768e-6,-1.3823292070003213e-8,7.381834656019493e-8,2.0692633785998947e-6,1.8810812813829792e-7,-4.7063102121437385e-7,4.5877721631004677e-7,2.690222415960486e-6,2.235679948172642e-7,1.2098639704787306e-7,-1.786483579572229e-7,-5.199054111111878e-7,2.885446231730704e-7,5.8002433343484765e-8,3.0235504987856656e-7,-1.4152226415991455e-6,-2.2127662000226423e-7,1.2320823323532793e-7,9.751643853663783e-8,-8.167446187115069e-8,7.219870132257889e-8,1.7928048189319592e-8,2.2233330819734223e-7,7.175840565745162e-8,-3.2936918338731804e-7,9.243383580790355e-8,1.3635564525156242e-7,-3.878101691321856e-7,1.7274394750466106e-7,-8.26901815975667e-9,8.833616429058111e-8,3.237065857575994e-7,2.155693139182402e-7,7.577915891123776e-8,-1.861132423688572e-7,3.651398983144372e-8,6.435099985910853e-8,7.897841196187194e-8,9.161338757561755e-8,8.059832190543403e-8,1.0589375285372516e-7,9.23532302513852e-8,-2.986031676160961e-8,2.030454487329303e-7,-4.402888132597038e-7,5.5446844791973155e-9,-7.475547872427546e-8,2.4798216256489705e-7,-1.7297200578874074e-7,3.202983260228054e-7,1.1166224857794838e-7,-3.664648920447156e-7,4.2968516835864e-7,-1.8711669309366963e-6,-1.0800918693154028e-6,1.7058583720735322e-6,-1.010102156527415e-7,6.898753002712255e-7,7.518054049149292e-8,3.767678424867693e-7,5.947623200444286e-7,-3.2614715599292854e-7,-9.004944107515734e-9,5.359894579996283e-6,-1.0864498622714437e-6,1.0298086177451538e-8,1.9229169549361604e-6,4.241012185914883e-7,1.2269758917948349e-5,-7.838974999374471e-7,2.9814248941437696e-7,6.272143399763675e-7,9.012589709214369e-7,-1.6180874938211965e-7,4.0100993414955435e-7,-1.7899238774116145e-7,-1.4160536518548206e-8
-5.000403973159928e-8,4.600693837102377e-8,5.761657277036037e-7,9.484312950547747e-7,9.701789534184436e-8,1.6872258755809e-7,-3.42330072113084e-7,1.3280325824254202e-7,-1.1181231641605893e-6,1.2930359265928005e-7,-1.989625606164802e-6,-1.5984721431598903e-7,3.1308261751994415e-7,1.0009482637027834e-7,1.635568626159545e-6,2.44403788306391e-7,-4.2760552668352774e-8,1.1559360751494108e-7,-1.8584611094685678e-6,3.7355982861506655e-7,3.7660548292259846e-7,1.8782953097251643e-7,4.339823066170867e-7,-1.9233480930819225e-7,3.7812109576476074e-7,1.3624590913361434e-7,7.144638616154442e-8,4.323209804105721e-7,5.077200959269668e-7,9.803116270612477e-9,-4.2576466548707174e-7,1.7220701679363515e-7,9.348531852413355e-8,1.0928305368007596e-7,-1.925821597981159e-9,-2.7067384002792406e-7,6.388286661245246e-8,-1.2894185552021486e-7,7.276365577444377e-8,6.258075829812526e-9,6.288479694813721e-8,3.1518159909937895e-8,1.0499347770205336e-7,1.0128669640141475e-7,7.438848454164316e-8,-6.582198665195937e-8,9.631196380599506e-8,-1.4550755794288107e-7,8.918744053381112e-8,4.7402640668625655e-8,-3.607564937614605e-7,5.388914886139684e-8,7.656092212293242e-7,5.6766971645716425e-8,-6.876685181005038e-7,-1.0044910898459602e-6,-1.8219517569176835e-6,-1.4101003361977062e-6,6.760894701118403e-7,8.939930274303177e-8,4.85663590553842e-7,2.3721058320202995e-7,6.682708033599605e-7,-8.183673436299333e-7,7.229969382731572e-8,1.4112104108401357e-7,6.322989636995846e-7,1.1143319240424887e-6,1.7516739255258875e-7,2.797660293694548e-7,8.406170265818914e-7,1.260337111847818e-5,1.4278297029776345e-6,1.275623926824121e-7,4.7359076880626464e-7,1.0487091219251177e-7,-2.6264778155948853e-8,1.1052898466830109e-7,2.7923399077112166e-7,6.121111866093099e-8
9.301526283702622e-8,1.994300909000657e-7,2.817491020291829e-7,2.0963856167193208e-7,1.998370488129453e-7,-8.902094717009313e-8,3.1483956074400687e-7,1.8414517334075509e-7,5.608027608792199e-8,2.037008137570906e-7,2.9342343959313236e-7,-4.26462132401273e-8,6.190316932517481e-7,9.746065148089845e-7,-9.313194937019542e-8,2.4013230449093648e-8,6.824881406382044e-8,1.2101891825371247e-7,-2.1299797254725084e-6,1.6347376547086513e-6,1.7759390264280307e-7,1.6201755761662275e-7,-2.3163068782985353e-7,-1.8235327532811764e-8,1.36730805350771e-7,6.38422118559423e-7,2.6336933444737198e-8,5.312625109123781e-7,-1.9877981995104488e-7,-7.465650775569044e-7,-2.4479803758770127e-8,7.83046772906637e-8,2.0186629747409592e-7,6.986076126052065e-8,7.477653073184598e-8,-5.055706744240273e-7,1.2751754897566416e-7,-1.5873043109920772e-7,9.151989530047367e-8,8.766643858575396e-8,9.621665786010425e-8,2.2876249907444193e-8,1.0613243847801268e-7,1.1277429744744883e-7,7.795405520809596e-8,5.557566799401226e-8,-2.0379471238896052e-8,-1.7315056240740923e-7,2.003596682400355e-7,4.036128752787915e-7,-2.531812819913659e-7,-1.152339202917907e-7,-4.482149925211232e-8,1.584076362306508e-8,7.741694232266783e-7,-1.2216363151157818e-6,-1.7637895856327135e-6,-2.5282821054787076e-6,7.565098920028212e-8,6.474996346248485e-8,-4.698823568625499e-7,1.3515196121880458e-7,-4.1765845363419543e-7,-3.1564920909166187e-7,7.676436251615737e-8,3.7361757265653053e-6,1.2095654698418335e-6,-8.21535655752892e-7,-1.8484894405474961e-7,3.646303877647306e-7,1.754031379536558e-7,1.1965291006528856e-5,-1.6260647867591405e-6,-2.0792697200611166e-8,1.4061757758150772e-6,-3.2602271422690345e-7,2.6466127621582738e-8,1.9559284198154003e-7,4.285482579147182e-8,4.498536001564801e-8
-4.7279013788498194e-7,4.146253910832787e-8,-4.2879627639969e-8,2.0445472564651902e-7,3.1967132513698537e-6,1.824121451524441e-7,1.9374734744801448e-7,-5.876091514450677e-8,5.910717717014791e-8,2.226989023410564e-7,6.789551893697788e-8,-3.754515365442912e-7,1.8409972701882716e-7,-2.3954619158252924e-6,-1.8002733027951745e-6,1.4703048816611109e-8,-8.452856898793493e-7,1.7121029072415528e-7,-2.478349105988964e-6,1.502264394755315e-7,2.191724894610836e-7,5.2912423768991524e-8,-2.899727044075595e-8,-4.070730689886393e-7,2.248449217711057e-7,-5.8171939562923214e-9,7.409319666502601e-8,8.094242432814536e-7,-1.2404645302899198e-7,-1.750184757162876e-6,3.644035090584197e-8,3.417136469612281e-8,2.992059485295018e-7,8.993876007790114e-9,8.582213995504962e-8,-1.9116980035562837e-7,1.2445034107180232e-7,4.568921791503478e-9,8.022603819599628e-8,6.495470237879442e-8,2.9796853909069834e-8,8.469853450194798e-8,8.068768725997267e-8,1.1948129332663982e-7,8.758946388882639e-8,1.1199592597093134e-7,1.036208053212917e-7,-5.093093809225847e-7,1.2438732161128564e-7,5.991036122927619e-8,6.804687499872842e-8,7.05127708251485e-8,-7.428314924927793e-7,-4.71451992332117e-8,1.1573024818248846e-6,-2.5897828841660033e-7,-2.856801038988455e-6,-3.6541952124490076e-6,6.722074188026284e-7,7.855869074644418e-8,-4.4486046151176466e-7,-4.2008412032777947e-7,1.3170607720923489e-6,-3.7702032694076904e-7,2.4894578758136724e-7,4.5996825636187344e-6,-1.0448406316525106e-6,2.26238680205193e-7,-6.064543835953007e-8,-4.577874805165472e-7,1.4447332258600289e-7,6.691747533897519e-6,6.925556506545139e-8,-3.898697407856755e-7,7.586679849852063e-7,-4.938337944845551e-7,-1.8007110227535874e-7,3.608145069958102e-7,3.133360690737108e-7,-2.588732373533409e-7
1.359074198246102e-8,2.3368996039041523e-7,-1.5593520784068283e-6,4.459330224355185e-7,2.4368762793670617e-6,-1.7024864049407063e-6,-9.801822965600504e-8,-1.0746640613069514e-6,-7.453660383488048e-7,1.1809148664749803e-7,1.0211234259784874e-7,3.329593221434135e-6,-2.5972480595660266e-6,-5.860537837799162e-7,-3.53507638193612e-6,1.9752950167339912e-7,-2.198890307763768e-7,3.15979133347577e-7,-7.135394228132586e-7,3.422671399744282e-7,2.066228747090726e-8,1.1317391911451757e-7,-6.365334963591707e-8,-4.352238819239629e-7,-2.260312758071148e-8,1.8337506168604192e-7,8.15349691648537e-8,-9.497520271863014e-7,1.5063330131659393e-8,-2.0835548194702015e-6,8.22961492103591e-8,-1.869953298759164e-7,1.728708943420365e-8,1.7365979967443046e-8,5.110681765021497e-8,2.530476964465844e-7,1.0512475262560718e-7,2.0958874473138157e-7,1.154159184747261e-7,1.3261738689385184e-8,7.492378438980207e-8,3.722080962762497e-8,9.074242347582029e-8,2.524468264152313e-7,8.029549909474021e-8,1.5795644735501215e-7,5.735335035754741e-8,-7.970199732114437e-7,2.7334137209180655e-7,7.42845007252635e-8,6.02458935650585e-8,4.49079063903346e-8,5.760890917624107e-7,-8.41118679848596e-8,1.4487774974101253e-6,-1.6023907178408514e-7,-2.8677386976845968e-6,-3.6134270730394216e-6,1.0632423378150068e-6,6.408056369389126e-8,-3.869638113038754e-8,-4.3622723991203486e-7,-3.8326876513270495e-7,5.74997186740811e-8,6.257492041719105e-8,5.897287708538634e-6,-7.309578229547587e-7,-1.3172360498922898e-6,1.3591300621029756e-7,-8.171877764854619e-7,-2.1017713735115298e-7,8.449787619097648e-7,-2.3396619450981593e-7,9.024155176626803e-8,3.943602224754539e-7,1.7208683899669898e-7,4.562191071108668e-7,-1.314654551796346e-6,1.2282301456738364e-6,-2.6740567459615508e-8
3.9883318122793114e-7,3.4992464459495664e-7,-1.8206967672182995e-6,8.589577292949624e-7,2.0901862792387818e-6,-1.7789327231011898e-6,-1.411298894582691e-7,-1.645974852952037e-7,-1.27549945201213e-6,4.364947551608323e-7,-1.34353699633043e-6,-7.935601485853595e-7,-5.410605527292778e-7,-2.5930257083809363e-7,-3.549396411083006e-6,2.733826887850288e-7,-1.0137026544304596e-6,3.3859480564903955e-7,4.777190601019665e-8,6.737997240213068e-7,7.186306571742573e-8,7.65012427518319e-7,1.7496223093926843e-8,-3.037156686519049e-7,-6.840129481644475e-9,1.0686908306167809e-7,1.150935706426104e-7,-5.767430411131036e-8,-6.200428245395351e-9,-9.662222930002186e-7,-1.8647870295317448e-7,-6.117659659514718e-8,7.652429791498161e-8,4.8137390379676683e-8,8.009685664940314e-8,1.1682847973648602e-7,7.364059784622513e-8,9.159242787264433e-8,8.503460738107371e-8,-8.191715143223145e-8,8.102106094565187e-8,8.704769908445265e-8,8.134963785482175e-8,3.2716049018306495e-7,1.877203717648435e-9,9.029592264506726e-8,7.560241068307328e-8,-9.660166501110013e-7,2.102268887207881e-7,1.149468710915702e-7,6.532519067097287e-8,6.167261591027984e-8,1.3063080117599046e-6,1.0107898186189068e-7,-2.2899513603291677e-7,-9.606004725314366e-8,2.754480040223939e-7,-1.8000432538173184e-6,7.39402874434969e-8,-1.7097129241757214e-6,5.680624971651227e-8,2.226390085763086e-7,-1.078989509756434e-6,8.928915445927111e-8,1.6151413839264884e-7,7.695882502662622e-6,-6.23934823036354e-7,-2.0338077600956073e-6,-4.035507566008123e-8,-6.544116978848047e-7,-8.20177261107169e-11,6.41631977275603e-7,-7.629903007683181e-7,1.1085815985745207e-7,1.0898032740402465e-6,1.7017171788109577e-7,3.0352745025757025e-6,2.0359694254039608e-7,2.3903143603960732e-6,1.3584971062881036e-7
7.23176181441354e-7,3.188254396985446e-7,-1.3261917557794157e-9,2.8949391896726075e-6,1.65136337826568e-6,-2.6086753444995115e-6,1.238586142920273e-7,-2.2727772537917135e-7,-6.225776577414855e-7,1.0144548477505567e-6,-2.0743143898844796e-6,-1.4172325606427118e-6,6.918536915310192e-8,7.310460289566834e-8,-2.6161085812552834e-6,1.3346698951083313e-6,6.089039461105728e-8,2.101872158237539e-7,-6.187665333773352e-8,2.208854907931901e-6,-4.372148227665962e-7,5.88917435740588e-7,1.3932475700946245e-7,-5.390331946809047e-7,-6.481661403211492e-8,1.056009903145827e-6,6.253012878640885e-8,-1.4175563567513371e-7,2.5049024852630276e-8,4.1972043786753236e-8,-4.144780975534612e-9,6.4048682091844e-8,-2.1168063561500807e-7,1.6085225673561078e-7,2.563630318568322e-8,2.939026354676466e-7,2.3784572552099093e-8,7.948201345555628e-8,6.98867397237013e-8,1.0058524173135463e-7,9.045411626231736e-8,6.965248563788329e-8,1.0074835573441466e-7,3.33118203823779e-7,3.456948798552517e-8,9.224664798774818e-8,4.3333683193913513e-8,-4.175035794187876e-7,1.5055061241953106e-7,1.1066398193368965e-7,4.863315651997269e-8,3.168616516193712e-8,1.5049705844961682e-6,-5.0897299657115536e-8,2.3557510521539095e-7,2.717466247387224e-7,7.913171865019164e-7,2.656468485568997e-8,1.6262303874925445e-7,-3.7216336152579246e-6,5.469065764263759e-7,7.633517402080514e-7,-1.1141725660479218e-6,2.028004757253399e-7,2.676899107064479e-7,8.762243545393612e-6,-1.8179249745484906e-6,-2.5760425425776836e-6,8.754752727031523e-8,2.127402056347605e-6,4.555420368249408e-7,-5.216904236494225e-6,-1.2699096915069986e-6,1.3984345980535553e-7,8.987728393250461e-7,7.0637731969172e-7,1.2070898323361946e-7,1.4557405643012002e-7,-1.2456477192189563e-6,-4.887156499977175e-7
-1.031563225516371e-5,5.8842658444424605e-8,-1.9222283222993799e-7,2.1464570044143816e-6,2.113472826488905e-6,-2.386310887113341e-6,-7.210797319467944e-8,-4.363540224299778e-6,-1.2170989069706375e-7,9.009355683904153e-7,-2.3294839835681816e-6,-3.3156529095810243e-7,8.709995789828451e-8,-1.98479388917594e-9,-1.549746746989844e-6,5.004858721184835e-8,2.2014529973857223e-8,4.73508778511933e-8,3.1962694379066294e-7,4.674494039933919e-7,7.392498897522693e-8,2.448622444279236e-7,3.013360051894676e-7,-1.0271858098385157e-7,-8.187144372815204e-7,5.120678769758192e-7,6.784463638804805e-8,5.000201631883972e-8,1.2818026988203891e-8,7.14877687041593e-8,-7.494936168283007e-8,6.986520050493717e-8,-2.0173274031112243e-7,3.2300154220579195e-7,7.692548743807315e-8,3.436927643595711e-7,5.7303698141142335e-8,9.225147039990667e-8,5.840209314791345e-8,1.366794369986657e-7,8.362315502137285e-8,9.709702239575347e-8,-1.2001931764138442e-8,1.970715803105483e-7,5.5600004243161477e-8,1.3249889821846939e-7,7.89952614812295e-8,1.5583237612331048e-7,7.518716663834635e-8,-6.685840579965241e-8,4.598236012335555e-7,8.463915440701798e-8,1.0172686790071995e-6,1.6745984813981706e-8,-8.097696954119105e-8,1.3858579146141636e-6,7.3813209291973e-7,1.0098381800727196e-7,6.501661238509371e-8,-3.1876520580639835e-6,-3.737941097592401e-8,-1.1681027283540814e-6,-2.1482625654045686e-8,6.410058739694913e-7,1.381188718607529e-6,8.1542944803765e-6,1.2450905522212397e-6,6.567145402476272e-8,4.758941300653241e-8,-2.944995932973482e-7,4.6884651256258183e-7,-2.0738899569537893e-6,1.7197178129535474e-8,1.4647384267932662e-6,1.3500652051892105e-6,1.4268271649688912e-6,-2.488475875130847e-6,-1.8517706812000157e-7,-7.383381735478922e-6,9.114491776225365e-8
1.1384704935154756e-5,-5.753988792725551e-6,1.2235792746997376e-7,1.8830960600924485e-6,1.2553611605090676e-5,-3.0048635214118824e-6,7.301713347027672e-8,-5.237063560726618e-6,9.386292927071605e-8,9.13885386825033e-6,-1.1816345963533648e-6,-1.201786816065531e-7,-9.741829121860945e-8,6.280183563840413e-8,-8.622638528685834e-8,8.779504864359745e-7,-2.104744105049017e-7,1.1677991447791581e-7,1.677095789498706e-7,-2.7668620405700397e-6,7.975880685004988e-8,3.531749048289346e-7,1.4788526956930336e-7,7.013974883727237e-8,-3.365936775736378e-7,-1.7876207754150553e-7,7.671599282059739e-8,1.3154162889099653e-7,1.395780008583314e-7,-2.225109674003356e-8,5.7451214569792524e-8,4.550275930828018e-8,-3.0980997974684454e-7,-3.418776315766703e-7,-1.3151543406202394e-7,3.362182655328505e-7,-1.641152221617315e-7,1.0104015722081083e-7,1.080197432981711e-7,8.610833540041441e-8,8.630121398813807e-8,8.653394648361346e-8,7.604048521998586e-8,2.2289480751818138e-7,7.912929830595773e-8,1.0313451773455995e-7,-3.6971942478791765e-7,2.468147547467492e-7,4.5205028430823635e-7,-9.274761326406589e-8,2.361559074918196e-7,6.90344056085479e-8,8.465449161958017e-7,9.940105818326829e-8,4.0039187342046924e-7,1.9599303360333e-6,2.1635149795802278e-7,-1.536505962520529e-7,-3.1965666085426174e-7,-2.9743008434778065e-6,1.145523398385917e-7,5.916356094467723e-7,-6.737417544636637e-7,1.5882409394427645e-6,2.96067496167336e-6,6.873965805161597e-6,2.0822240906281267e-6,3.471423457957812e-7,-7.711712045275211e-8,-2.15840986344692e-6,1.7851838761697714e-7,5.233076266229775e-6,-3.1790105560015606e-7,-4.752620598137181e-6,2.7443305801738485e-6,-6.633934467370484e-7,2.2435751824629424e-6,5.443674438769808e-8,-6.794337019048081e-7,-1.1326697894757932e-7
1.8964035136223912e-6,-1.6306216684269793e-8,2.755664096451671e-7,1.0605763287345749e-7,1.9645734274825966e-5,-1.3712376868060594e-6,1.3980731907259347e-8,-2.4413852694135764e-6,6.934853247082984e-7,1.244843797227646e-5,-1.1762956960073236e-6,2.929592628256206e-7,1.680034061983804e-7,1.0340984298777834e-7,-3.19182970060653e-6,1.7859491156642095e-7,-6.496366239754137e-7,2.7602419620398335e-7,-2.781642126918671e-7,-5.03868037367543e-6,8.93167587006305e-7,5.348933321744687e-7,-3.51478549737938e-8,6.885023023772697e-8,6.550648128662573e-8,-6.039817018519634e-7,6.67606093594797e-7,1.0384620675092381e-6,1.2458844742675445e-7,-7.56607124882458e-8,7.568790426317751e-8,5.551857814174444e-8,1.0041410019636654e-7,-1.6755552579214018e-7,-4.484393728372283e-8,3.7716967134739935e-7,-4.250449357112496e-7,-1.2146761601037337e-7,7.771688046660507e-8,7.401067670231854e-8,8.301748751589067e-8,7.336728697080463e-8,7.43499655375901e-8,7.390135215783466e-8,8.367290288977537e-8,1.1636187082806338e-7,2.3672829839487265e-7,2.1736836620727118e-7,-1.1685175529545512e-7,-8.470170749116379e-8,5.889893963019643e-7,1.8545434509285032e-7,9.275525520766603e-8,3.349592270346591e-7,1.2061454815315954e-6,2.137827940392034e-6,-6.006873029385185e-7,-6.344997664885499e-8,1.1456699820249217e-7,-3.3694552477459896e-6,-1.5574035977394817e-8,-9.472869188246303e-7,-1.8668767957001899e-7,-1.8458870314896903e-7,1.0344137827080325e-6,3.7547384709097467e-6,-1.7228960393185333e-6,-2.3681422909739294e-7,-3.2275632271324686e-7,-5.038688244785572e-6,3.466978814175015e-8,2.445218776451097e-6,4.933274383125408e-8,-9.448077584492353e-6,1.146308762579884e-6,-2.048209762508346e-6,1.1567109467449655e-7,-1.4759817014894373e-7,-3.666975078039259e-7,-1.8525224724030843e-7
1.6314037972280372e-7,-2.1954933159427094e-7,6.586920598161017e-7,2.1462022203366795e-8,2.2806952523156434e-5,-1.1029688273019867e-7,2.8731197179341364e-7,5.279849498414535e-7,2.050053984798961e-8,8.20915193551035e-6,-1.580176022565183e-6,6.230429069128185e-7,5.905274005153061e-7,-8.260978828855682e-8,-9.173396070432994e-7,2.2803054931759272e-7,2.5627051411181157e-9,1.891941249503537e-7,-9.479263036549225e-9,-5.23139748989433e-6,9.469766347277142e-7,9.60510465416542e-7,3.945325173087655e-7,7.828351149616886e-8,5.22852197749213e-7,-1.246022474733266e-7,1.2597185814700042e-7,1.495556894913519e-6,7.984717070143699e-7,5.422551645118512e-7,1.452240073542832e-8,1.473111815365691e-7,3.4788232159641556e-7,3.568467661492436e-7,6.671642415765344e-8,2.5906833772673114e-7,-3.340705755391138e-7,-4.023193634631328e-7,6.787619241133136e-8,8.467574416264334e-8,8.251300462487343e-8,8.123696377140278e-8,-1.8032981414595196e-8,8.64157513604802e-8,6.154455778826229e-8,-1.4214177132221285e-8,4.8679202402190924e-8,6.926709486152482e-8,-1.088086890279616e-8,3.182171002878986e-7,2.6696768366554214e-7,6.114254433549071e-8,2.3065743140280316e-7,7.739266803803436e-8,4.179586106342059e-7,3.708601848547044e-7,-3.496401494277324e-8,6.731046599781632e-8,6.978587687815896e-8,-2.0084312758862355e-6,-1.6641228196331404e-6,-2.3359171084345823e-6,-2.9344115872120825e-7,6.890968973155332e-7,1.235078504176812e-7,3.817706027997536e-6,-8.535074702731294e-7,-6.88609051664102e-7,-1.2131018762760348e-6,2.744098253476901e-6,8.373612083145687e-9,3.6267621276679487e-6,-8.77929964766333e-7,-8.44870468104031e-7,1.5027880660293482e-6,2.9990910486625834e-7,9.196619575709164e-7,1.1963399272691967e-7,-7.31927467031679e-7,-1.1994340836802843e-7
-2.8244294240642456e-8,1.3312124820825667e-7,-1.115557855956706e-5,1.2000105099958526e-7,1.0050975546232444e-5,4.214209426214666e-6,-8.087434307280095e-7,3.2277984849335975e-7,-2.1286534029918425e-7,2.6843629701237327e-6,1.116217429524946e-7,6.390048953239802e-8,9.687656219164342e-7,1.6101301331183926e-7,-2.1038162212208888e-6,6.285378092776295e-8,-4.4335684026863834e-8,-1.0853206789485094e-7,8.917798554168855e-8,-2.165236759546163e-6,1.260103558890724e-6,6.720608303900645e-8,1.2218752848230264e-6,1.233566539249331e-7,6.384338231312681e-7,9.33096416445145e-7,1.477585424988215e-7,1.4104985148032602e-6,1.0048560405042206e-6,4.2496344820877057e-7,-2.976484338126806e-7,6.730106760384214e-8,1.4624228316837407e-7,7.155384161502853e-7,-5.719653970226446e-10,1.9477971314669773e-7,-2.38330781773477e-7,-1.2970802170132468e-7,8.034225995601219e-8,6.877992957206037e-8,7.505696185976519e-8,7.396463018920496e-8,7.557803603028823e-8,-1.793065286761486e-8,6.136974078274627e-8,6.681585116914412e-8,9.046237239183075e-8,8.95463849429401e-8,8.81731097791949e-7,5.029348155268343e-7,-2.439544252841541e-7,-3.034603683117476e-8,6.51977217592803e-8,-9.472365459409771e-8,3.57747156671695e-7,1.9867921661682609e-7,-1.699991664320555e-7,2.4472937007180563e-8,5.396558510758487e-7,-2.37074294898747e-6,-1.8919159092889882e-6,-6.310044508639701e-7,-3.066531438193687e-7,9.161797071151057e-7,8.592815020018741e-8,9.008656627456757e-7,-3.5853684245126253e-7,4.1951671659798963e-7,1.2326051393020788e-6,3.193867541201634e-6,4.785393298555985e-7,1.1827710082780608e-6,-1.9207639317597726e-7,-3.4881731339482358e-6,3.1280945231155765e-7,2.1942464908450754e-6,7.685046833555643e-7,6.647674208646315e-8,-1.880776413012153e-6,1.021905839162951e-7
1.1111740846247998e-8,7.238528536239742e-8,-2.105570114354083e-6,4.877880985629801e-8,9.493348434133076e-8,1.316251060300706e-5,-1.327746759234305e-7,1.7536319339237496e-7,-7.704391589750781e-7,-4.6915691321291585e-6,-1.3612982904942506e-6,2.3476509419393388e-7,4.125689520158505e-6,2.0487533014821313e-7,-5.806355381634299e-6,1.1642493027313794e-6,6.706932773350438e-8,-1.1318050009379022e-7,1.1379678470460065e-7,-7.46175305169583e-7,1.6008832748125148e-6,5.266787772779668e-7,1.1348298029034699e-7,3.9998166045573935e-7,2.585353238252042e-7,7.250733111523466e-8,1.0629151657568503e-7,1.4403011611175077e-6,3.574386712686506e-7,5.424222700529669e-8,-5.23703162812117e-7,7.10973457402897e-8,2.072605388925064e-7,3.793811218753218e-7,4.871908697370309e-8,1.8012923849248799e-7,1.4498028421663367e-7,1.1628773442533547e-7,7.127679830292167e-8,7.05960346079726e-8,6.89510142501959e-8,7.283303786207452e-8,7.266607673765968e-8,-2.0987289410320244e-7,4.028190432070478e-8,1.2656221649591792e-7,6.817351441017472e-8,1.7099705023619906e-7,1.1811697416489687e-6,1.252421681493532e-7,5.07363331979871e-8,6.527772696753864e-8,2.0221293999138634e-7,6.110662559049018e-8,5.773868308602826e-7,1.2294738353955116e-7,-1.3389177103614314e-7,4.552445055283627e-8,-3.9915339373253204e-8,-2.3097133412877114e-7,1.0963074207060109e-6,1.338789559986231e-6,-5.202580554691805e-8,3.976000569717586e-7,-8.1434331717678e-8,1.6589498622639587e-6,-1.4796966892483e-7,1.9573266551917712e-7,-5.054028927171328e-7,1.381347801126376e-6,-9.010957501954465e-7,1.0779227817655946e-6,9.403934046294804e-8,-4.316443259263725e-7,3.508651567929455e-7,-1.073039799364195e-6,4.787121145010787e-7,-2.4036080109119396e-6,-4.557553030190009e-7,-6.625053285214122e-9
2.548654913777426e-7,-1.0921147214212613e-5,-3.1150786532602615e-6,-6.293972143993743e-7,-1.0024708984159415e-6,4.397560667208023e-6,6.726745746044038e-8,3.2464007014432194e-7,6.066209879074248e-8,-5.544107559787848e-6,7.126571552313444e-7,7.386260699155934e-8,3.7330996195932944e-6,2.418368408876104e-7,-2.655852436111761e-6,1.1936522853371434e-6,6.386643803435454e-8,7.1997518981126165e-9,1.845571318694894e-8,-1.0745125013603917e-6,1.4196072935724668e-6,1.0226423984017297e-6,7.058124753727136e-8,2.3777627172858473e-7,2.765344164803452e-8,-1.4737151531911685e-7,1.8750393618101048e-7,5.669668146691231e-7,3.5912173694316875e-7,7.895998778186809e-8,2.9181697123870087e-8,4.3413753938696956e-7,3.7592299774447114e-7,1.3124759754079563e-7,2.8274022201046912e-8,6.823637481958578e-8,1.3314277955498444e-7,7.432750209368511e-8,3.867027479298457e-8,1.8860344754421112e-7,4.8200418778421296e-8,8.77168540607709e-8,1.0516542076646208e-7,-2.266998365309081e-7,6.405375893325793e-8,1.4779241003437528e-7,9.982359848081934e-8,-2.2206747447212073e-7,1.197032141513299e-6,8.653655418271456e-8,3.681845338942447e-7,-2.2821591160565593e-7,3.974603912424435e-7,5.952189900164662e-8,2.23499730264054e-7,1.8680172132063966e-7,-4.280434775701947e-7,8.855883790731323e-7,-3.42529156736604e-8,-5.308827593503929e-7,1.9534461089872446e-6,-1.437039862324796e-7,-1.3232308064249353e-7,7.625842226075542e-8,-2.355241324037072e-6,4.897298302195541e-7,-3.454900143738282e-7,1.5952307331390747e-6,-3.4886119789380165e-6,7.47889235205057e-7,-2.842935644770184e-6,-2.2812720682940936e-7,2.312824955391424e-7,-1.063695772980433e-6,5.523053015271451e-7,-1.9832917137621476e-6,4.348434485457187e-8,1.3569084796243303e-7,4.06980619795192e-6,1.1369344271527915e-8
-6.76298598396241e-8,-1.1397915512280533e-6,1.4686713316773626e-6,-2.654270258868552e-7,1.207423676861863e-6,3.5946942697500095e-7,1.500818772908663e-6,3.0194339922120505e-7,6.874191770396277e-8,-5.1977837474206036e-6,9.530052974180415e-8,2.516707454984557e-7,2.65934105780703e-6,1.0091747668542706e-6,-7.032223292219753e-7,7.12307006654922e-7,8.862621979022212e-8,6.898446147234339e-8,1.048218448422178e-7,-1.2196285776637561e-6,1.4823164908672305e-6,2.5541123524257527e-7,-1.389163986906139e-7,3.6709556426248736e-7,-1.5959041919909046e-6,3.8541430248950625e-8,5.7564041903335196e-8,1.7648182886231823e-7,1.4626973846847413e-7,1.669072424035356e-8,6.126824925598574e-8,5.710282346132356e-7,-2.610425092488766e-7,2.0013240956360258e-7,-2.7796159575199654e-8,4.3429941047670177e-7,7.67307025510977e-8,7.109323771139486e-8,-7.21172794388436e-8,5.6456926862269446e-8,7.193143957853199e-8,6.954254003084248e-8,6.658853690511003e-8,-1.70040957293649e-7,7.674086403119951e-8,7.58771037984829e-8,3.8386700286321407e-7,-3.685724710605909e-8,1.5856176875200357e-6,3.0518338788012577e-7,2.10663280229495e-7,5.22081896050608e-7,1.9950376213908606e-7,2.0308854294646128e-7,1.7093899680300508e-7,1.9429182106150745e-6,-5.162252066499229e-7,4.879468551058253e-7,6.566958059157413e-7,1.1847388893230226e-6,-5.095818522392826e-7,-3.188535842425955e-7,-1.0967195037738798e-7,9.617930601922397e-7,-3.316344107507108e-6,1.0020494795959235e-7,-1.772166260972008e-6,2.9716021199743817e-7,-3.0682034148706516e-6,-2.9938332397403847e-6,1.3386317489962886e-7,1.8471084130757377e-6,9.456025253552714e-7,-4.049133643564407e-8,9.438270703664653e-7,-2.2525684819638237e-6,1.2313387689208978e-7,-3.4860520507661865e-6,3.8104268724664437e-6,-5.391889693293739e-7
-2.8738088023061436e-9,-2.5999289724129463e-6,1.0362967776025079e-6,-1.9748227393627804e-7,1.5992409251177177e-6,-7.505580592563899e-7,4.268259544792508e-6,7.109799494828818e-8,-1.9625933592286594e-7,-1.3135818152668622e-7,1.599176364214916e-7,5.003043985079003e-8,7.789848686531099e-7,1.636418159116837e-6,5.414680380054549e-7,1.1721139976172968e-7,2.4390700814511667e-7,-7.024331334615219e-8,7.985296840873347e-9,-1.7051098030441694e-7,8.122591362749621e-7,9.84987243110691e-8,-5.190385720802549e-7,3.803479857855896e-7,-1.6452225981118395e-7,4.6150911919973226e-8,3.3284894103744467e-7,7.212167988983609e-8,-6.70594317043971e-8,-2.0251808951368135e-7,3.953321144756217e-8,9.118959476665412e-7,1.895519016050118e-7,2.945706106137536e-7,-1.7098661640224666e-8,6.529055191377476e-7,-1.5158414888614136e-7,5.763984126856414e-8,-1.5275342659319957e-7,-1.169096826456828e-7,7.761076162706715e-8,6.286282185226089e-8,6.818362619260832e-8,5.9977793036059e-8,3.271307948677249e-7,1.418454695867988e-7,6.276667188929164e-8,8.486852392706191e-8,1.646405832318987e-6,1.0676725970388824e-7,7.488346914152899e-8,1.1894521774765465e-6,-5.309244494448806e-7,1.5796625863870872e-7,1.2319290580597997e-7,1.3265411358603264e-6,2.310481650411589e-8,-1.1659330083403031e-6,-3.592490038030194e-7,2.116621364774729e-6,-5.35390906858102e-7,1.030216478600976e-6,-3.7567706610857066e-7,9.690456299313866e-8,-2.5073067085736534e-6,1.5197043894592532e-7,-2.108924140175883e-6,3.063086204829313e-7,-3.0553931377261147e-6,-1.274545002891947e-6,1.3341548476657473e-7,4.292956409788218e-8,1.069618724547139e-7,-9.340598749677521e-7,9.804813101614408e-7,-9.75530365279953e-7,-7.308056010285613e-8,3.263503482857866e-7,5.655432524444981e-6,1.246996911441478e-8
-3.0729338506826354e-7,-4.331892099038726e-8,1.2652754665256617e-7,1.5793243862685104e-7,3.4525079090302003e-6,-1.5206162770512457e-7,2.5124158863702784e-6,2.3672568324430988e-7,1.3267956796298997e-7,-7.549171178143022e-7,2.3604148863130005e-7,-3.596784056807734e-6,1.9240908668505254e-7,3.2367282946221823e-7,-1.4067765317449245e-8,-1.4895925175185677e-7,3.976886187176954e-7,7.171102727621115e-8,-6.60515764263403e-8,-1.0441728113877336e-6,1.8055573929741e-6,2.016499569037489e-8,-6.131259187422966e-7,-5.37503388863525e-7,5.890808583954411e-7,-1.0872502354122293e-7,2.2064186091299566e-7,-7.04795875510722e-7,1.504161547900562e-7,6.984811820494041e-8,5.777355327643008e-8,4.561562333874836e-7,-4.5584823363031824e-8,5.24756128188697e-8,-5.4896749281585503e-8,1.3267286669558232e-7,5.148211008387804e-10,5.4913787734212076e-8,8.909975075270805e-8,1.5766052810683994e-8,6.54074965488416e-8,5.762187489337656e-8,8.182156324825218e-8,3.1512951001566594e-8,-6.552063534545072e-8,8.310516868543783e-8,4.970857788830774e-8,8.963569491613477e-8,2.4379543704116105e-7,1.0878233113489345e-7,3.5240182915941e-8,-5.418985962358791e-7,-3.117039985531145e-7,-5.598693890549677e-7,6.08182326007345e-8,-9.044235505894394e-7,3.1915511692082177e-7,1.1318309319594545e-7,-6.91560366441546e-7,1.8824854915437284e-6,-1.968281783745085e-7,7.160544856948948e-7,-1.491224186268314e-6,1.7068398611884917e-6,-2.9225278311559966e-6,1.0953041335455272e-7,4.624259622301175e-8,4.3455904329030574e-7,-1.0601358821440976e-6,7.428413210817109e-7,-2.3260270672109673e-8,3.476409239898004e-7,-1.0012043243178282e-7,1.6175832718164696e-6,1.2203307159762922e-6,-1.0924142164588925e-7,-1.8426673047322594e-8,1.2962806803595185e-6,2.442148648033382e-6,7.314297857359264e-8
-1.0026343564741857e-7,-5.224815603775968e-8,9.11610984939637e-8,-1.1783872079584869e-8,1.2921246446162549e-7,1.7245994061882543e-6,2.2297741753077193e-6,1.536891505963478e-7,-9.168761741740195e-9,-1.6068582488590888e-7,1.3230077590542511e-7,-4.221916749815336e-6,2.804454225309616e-7,2.32816233042743e-7,-3.416049469934457e-7,-1.0282261754644861e-6,5.165814269605385e-8,1.3371089337719243e-7,6.450627648157958e-8,6.933932610739824e-7,3.0863709618911275e-7,1.56606657393068e-6,-4.921539306417811e-7,-3.208926508779131e-7,8.265379148020281e-8,5.992138780930301e-8,-5.780357695388983e-7,-7.956998060891119e-7,1.1682084108470381e-6,2.1864598392884462e-8,-1.258696330256326e-8,3.6405225719460255e-7,1.7867783588774169e-7,-1.4513863274483453e-7,-2.523606063964401e-9,-1.789240939237269e-7,-1.5779124752406393e-7,6.162678458425663e-8,1.3875960071743078e-7,2.204668740506399e-8,6.564873524828042e-8,6.668902197346505e-8,5.102329435628939e-8,1.3368805741431622e-8,-3.8896381130781866e-8,5.024930327079957e-8,2.4871500423229166e-8,8.60048766981425e-8,-1.1727405617291131e-6,-3.6895019750186057e-7,-9.36830679054701e-8,-1.157839520995352e-6,-3.834086747148913e-7,4.9969038705322e-7,6.599944008514047e-8,-2.3997904624604605e-6,1.439667240090148e-6,2.9555854593239507e-7,8.243673782502015e-8,1.6797714927137442e-6,4.0004514241909206e-8,3.757984475119436e-7,7.188656108958469e-9,1.176555445999128e-6,-3.1854454973202054e-6,2.0425067848051093e-7,1.0596075754779833e-6,1.0172871287731366e-6,-1.9369922538157393e-6,6.504727470304506e-7,-1.2902194276852243e-6,5.240959060072382e-7,-1.5689791228883699e-6,3.416851899207485e-7,3.909738297754051e-6,-1.2531046588657558e-6,-2.221325021251386e-7,-3.5189569727047787e-6,4.101360254968767e-6,-5.105256337901709e-8
7.804935075035324e-8,1.8724810131542702e-6,1.8817340572341302e-8,5.908422435631833e-7,2.9556705322675294e-7,3.372983263985785e-6,3.741255078605788e-7,2.2916906141356997e-8,-3.3252994647570146e-8,-1.3100552683285028e-7,-2.6899332387653186e-8,-5.441818148461708e-6,4.5538645323972564e-8,3.5591772727128214e-7,1.6904638297756238e-6,-1.0594639985109345e-6,3.0229802463723753e-7,2.6990331532812384e-7,7.087887771415336e-8,2.515455093819008e-6,1.2296931453205984e-6,2.494587295165407e-6,3.7245668797014634e-8,1.7422268363853635e-8,3.7920455178521717e-7,-1.0307684247998772e-7,6.618714438137108e-7,3.3746874752416115e-8,2.2756909919630533e-6,6.20847171722172e-8,1.8381317798250585e-7,2.113134941960748e-7,3.9049127113583995e-7,8.465291412673714e-9,1.4064433322098504e-7,-1.338691518453672e-7,-7.806975820955354e-8,4.800275928722453e-8,1.1416831594752708e-7,-6.5570770692580106e-9,5.640603936676314e-8,4.7670498666496645e-8,1.0347507019639047e-7,8.598294983563904e-8,2.3540028177633234e-7,3.8351960680671486e-8,5.730181815972735e-8,4.318617367355948e-8,-1.618242399038139e-6,-2.3689722250530565e-7,-4.832331315546279e-8,-1.623378026175404e-8,-1.0651071652768796e-6,6.676453458636544e-7,1.4838279523221587e-7,-9.163358207351369e-7,-5.49011401887567e-7,-1.4563273391531296e-7,-3.7581222425977505e-7,-6.040776054995534e-7,2.974322186007683e-7,3.313690223563093e-8,1.4547994257642306e-6,1.5237675732439505e-6,-3.416084488425286e-6,3.667688667772673e-7,3.5208509881812234e-9,3.1141655615691156e-6,-1.960168528040596e-6,1.1085283153823288e-6,7.762857013716485e-7,-7.061078287402434e-7,-1.148214676660453e-6,8.963192168923496e-7,-1.4605523178686797e-6,2.5365860935400164e-8,-4.172201033205503e-6,4.0559346140283116e-7,9.209455114966181e-7,1.7555481260040919e-7
-2.7277576490836176e-7,1.1892802360914612e-6,5.312398857419965e-8,1.2954971249308224e-7,1.0931268433824748e-7,2.7110961258338676e-7,-2.610989035483069e-7,-1.037473382038412e-7,1.2410932684816523e-7,6.2977085541025e-7,-1.657964847347704e-7,4.0271584948161634e-7,2.983309181581184e-9,4.033850355147362e-8,-3.6326599683593753e-7,-5.027869057121603e-7,1.928987296246909e-8,7.589074481804126e-8,-5.585534963683636e-7,-1.0536070208166937e-6,4.99594641568013e-8,2.5583376892679423e-6,2.6526592055393653e-7,9.61616125110254e-8,3.3618244579263216e-7,-4.795430158191394e-7,7.010704516847266e-7,8.327803155441239e-8,2.8601271720174906e-6,-3.334134297170111e-7,7.716243201651985e-8,-7.272216524664143e-8,-2.9942374863654034e-7,3.502894628972797e-7,5.505034055357072e-7,-5.463084762324933e-9,-2.3338837728204e-7,1.2690535780013335e-8,1.3222308500380198e-7,1.3455519549099294e-8,6.020621624405198e-8,3.133220861979424e-8,6.522349777762227e-8,3.760973613486929e-8,7.119701233322396e-8,-1.746003494066395e-8,6.860692383172662e-8,3.5939056971190375e-8,-9.371128921196182e-7,4.41292847339958e-7,5.037610073312937e-8,3.926474733999541e-8,3.344864227201594e-7,5.528020687063152e-7,-3.554491831528894e-8,-3.5325972891530057e-7,1.078375851408353e-7,-2.0724566731911144e-7,7.24876914697692e-8,1.0493997594231975e-7,1.1199430169628322e-7,8.995807493198615e-7,7.380030382619918e-8,1.2803110604142632e-6,-1.1542665606895764e-6,3.564066349523998e-8,4.5814153041789934e-8,1.4812451853076782e-6,-1.478670314405628e-7,6.43420247437021e-8,1.0831979802552461e-7,1.278139279068169e-7,2.269231015232798e-8,1.268105062015712e-6,1.4784429114438336e-7,8.487479826568168e-7,2.4840179835010636e-6,6.0879719624094e-7,1.9442433358873413e-6,-4.3991160868483983e-7
-3.445937588212322e-8,3.897330399884602e-8,-8.065497950714318e-7,2.793878440804365e-7,2.2496332706618773e-6,-5.43453196153142e-6,3.224580875099026e-7,4.15178261037319e-9,2.9588897028531846e-8,-2.2396332787475438e-7,8.236793421187994e-8,1.6704536176959106e-7,8.135837891307674e-8,2.735223513032903e-8,1.3491633117208135e-6,-1.233949187523109e-6,-5.648796099035681e-7,-1.4965086483346158e-7,-4.827075116678347e-7,-1.9821591862845266e-6,1.1252673315089724e-7,7.782348395285466e-7,1.3447430625879166e-7,2.064859755786852e-7,8.032901446803908e-8,-2.1612932198818992e-7,5.533167663400729e-8,-6.681598261540911e-8,2.878295868440928e-6,-2.674752162199701e-7,1.4027471320003927e-7,9.879678091815336e-8,-1.6182754977679405e-7,9.352639589944145e-7,6.929118866940698e-7,-5.622264468262306e-7,1.3881656881233883e-7,6.047420393171521e-8,5.976914392880062e-8,-1.4357540589327034e-8,9.782335396621989e-8,5.206499454204483e-8,8.280957932322864e-8,2.64616699682696e-8,-2.5236828727963624e-7,1.3749262353710545e-7,7.353156944398531e-8,1.1481158479342836e-7,1.813908758313998e-7,4.302751120297544e-8,4.8490401425604904e-8,6.583596609439635e-8,-2.1454946513084218e-7,2.3133222918798603e-7,-1.2547618098790458e-8,-4.822067923077377e-7,-2.3078588208486075e-7,1.683824837859227e-8,-3.063536169751746e-8,1.0877104717290642e-7,7.157417827023504e-7,1.5325211197474432e-7,-2.3775964750803016e-6,1.3130127284343153e-6,1.1702970590909079e-6,4.666243897609501e-7,-2.2515426994496047e-9,2.4562113583119108e-6,1.5720360610380625e-7,2.756948427364403e-7,2.056254262119861e-6,5.915854077060967e-8,1.396290100841524e-6,-3.195289250475297e-6,2.9420386439713122e-6,2.8968138247777555e-6,7.020465939526765e-8,9.057778781869531e-7,4.94715116938187e-6,-9.960175986967191e-9
8.568240112603043e-8,-1.79876614296145e-6,2.3245803086926476e-7,2.1812293124532368e-7,7.377791318733174e-7,5.532927391998799e-6,-1.9665192394553445e-7,-4.88541514189822e-7,-2.6622011151944406e-7,-9.673723964320758e-9,4.183707220817956e-7,9.214980518018612e-7,5.044345834237518e-8,1.6917005648762196e-7,9.067779056859848e-7,-2.2917824814335908e-6,-1.0746951558925467e-6,9.044259087396922e-7,6.00545881840997e-8,-7.169396088932745e-7,9.40912880265854e-7,2.7429849567062183e-7,5.119778823519106e-8,2.6763767866506695e-7,5.0392356825246234e-8,1.2250954418906447e-7,6.64008023392615e-8,3.705101644382314e-8,2.4745814254298005e-6,-3.8115700634561157e-7,1.0998623688256438e-7,1.5592384623950297e-7,1.344724306075129e-7,9.736906641117927e-8,3.8274487469396324e-7,-7.315763335045023e-7,3.0152251439430345e-7,2.0744297908326106e-9,-1.0223875580122055e-7,3.3608791061512376e-8,1.0002517188882899e-7,7.452086316344087e-8,7.894647231292407e-8,7.585189103924695e-8,-2.2278332241866262e-7,1.2931808967990845e-7,1.8883466821595364e-7,5.87194213390152e-8,2.554134978518086e-7,1.0342168165939914e-7,-1.7140650390734537e-8,-2.1062159972524697e-7,-4.0420163062825367e-7,5.1185526720876066e-8,5.3106988633055964e-8,-3.270365283879695e-7,-1.9752422399881286e-7,5.053279454589887e-7,8.739809786006969e-8,1.8344797649573419e-6,5.775043472217911e-7,-4.142262227661009e-8,-1.890184936452144e-6,1.6026437693494212e-6,-1.5979226507585322e-7,9.682071909193901e-8,1.1285794855053767e-8,2.4454538345406454e-7,1.0425661868509462e-7,1.9117726288224725e-7,2.0091743205092884e-7,4.93553565339866e-8,-3.7902164921557624e-6,-4.8220320422762925e-6,2.1253199359660968e-7,-1.8804831835865787e-7,-6.726825845250528e-7,5.83623910485298e-7,4.163576716740946e-6,3.172904679336064e-8
-6.515072831388969e-8,6.482336148468493e-7,1.1745606250326058e-6,4.193836258267636e-6,1.958437410719527e-6,-4.497434220492303e-6,9.247686734801253e-8,-6.243118482940347e-8,1.4578879708404325e-6,1.0931391159734184e-7,2.029701189384614e-7,-1.3839387016195916e-6,-9.275763813154647e-9,-1.4575080556611386e-7,-9.825336768704895e-7,-1.4631057232201705e-7,-7.638830010484155e-7,1.02865218311885e-6,-4.914201857328271e-7,2.2308576470475572e-8,2.394973434921344e-7,-8.072591355490212e-8,-3.598072719481094e-7,8.330477814915139e-8,1.094515500908333e-7,4.6194005293531686e-8,8.238220388554485e-8,7.602807733055883e-8,1.372247915831193e-6,5.132437493914344e-7,2.4962652306028676e-7,1.2546814371015013e-7,6.25088526857942e-8,-5.324539413373964e-7,1.9843128755114848e-7,-7.15591844655239e-7,2.4069604725895924e-7,4.1240850129398156e-8,-3.5388626774292e-7,2.7408005991480524e-8,1.058870683846358e-7,5.2296000675999823e-8,7.817161633274505e-8,5.9093787821717926e-8,-1.577220346038466e-8,5.396186638601863e-7,1.7863476346653418e-7,3.34392914965953e-8,6.107055125026407e-8,3.9718439919986805e-7,-1.6887884621288319e-7,-2.4225545922461624e-7,-5.01447296095181e-7,1.4013283407581234e-7,8.429867340209674e-7,6.01375152919026e-8,-8.506729582806738e-8,5.289852430734321e-8,7.857424024981796e-9,3.35344155049393e-6,5.942259792917071e-8,4.6792666075692324e-7,-1.5765658013273454e-6,1.6448817284157258e-6,-1.492677654761354e-7,1.1575961298504468e-7,5.953148390820396e-8,1.3360673174203087e-6,-6.212576465836839e-7,1.484125839318562e-7,-1.7602150840025923e-7,-6.745850222500405e-9,-1.4708979469443828e-6,-9.736953686662387e-7,2.981634359223495e-7,2.122690243944181e-7,-3.6127519235963356e-7,5.1014266822635435e-8,-2.677015347312306e-6,-6.720151436742094e-8
-1.83148972030478e-7,4.543960081825826e-6,1.7711707107652686e-7,2.77062806757451e-6,-3.083374947181539e-6,-2.793487905982062e-6,-7.963867919924539e-8,-1.1600081144138907e-6,5.700937928188155e-6,2.533030562123839e-7,4.617660012822933e-7,-7.499240443090805e-7,5.7135687760490055e-8,-1.4514981805539673e-6,-5.141318433200315e-7,3.38949798083954e-7,5.218352062500653e-7,1.052522419728863e-7,-7.22675687804264e-9,6.610487412883615e-8,1.3375482319226694e-6,-6.644130299371387e-9,-3.120985116237152e-7,-1.4366911274762418e-7,7.378143297320783e-8,8.089718802173352e-8,8.33363047965774e-8,1.2902624503734473e-7,3.914453206856239e-7,6.890881666740789e-7,5.960845935584214e-8,3.9791516229814585e-8,5.173582696880175e-8,-3.984664408411387e-7,1.2440527406398783e-7,-8.081838215265536e-7,6.749415386513303e-8,5.660609634776659e-8,-4.967177842764126e-7,7.024138364928323e-8,8.662135390415938e-8,5.602976216447786e-8,7.485369868474034e-8,2.3795256445180438e-8,6.484242377209349e-8,7.147704667794131e-7,5.915464010601834e-8,-1.9493720846094353e-7,4.195482300475284e-8,3.8482571318352313e-7,6.688392673834809e-8,-7.085849752804241e-7,4.719644065718232e-8,1.5293955976787288e-7,-6.279041254837248e-7,4.85942289215835e-8,1.7736380010910935e-7,-1.0556662825602637e-7,2.6947628983098326e-8,4.7987085583645065e-6,9.451293571545172e-8,5.676423460587721e-8,-3.0492156270784945e-7,1.7599665030866742e-6,-8.526960121418404e-7,1.7054046283259572e-6,1.0771414818733227e-7,1.1954947727796928e-7,1.5359585399037368e-7,-2.8617653941723777e-7,-2.5955163118683843e-7,6.85351411467372e-7,-7.188009207486301e-7,1.4543827835355128e-6,-5.754673394201215e-7,1.8147357606346227e-8,1.1178710966275318e-8,3.178366782909947e-8,7.370295754633682e-6,-1.6091966924829395e-7
-5.4578875807564936e-8,7.103540487988447e-7,-9.158984085708477e-7,2.029652227924017e-6,1.3693548316366932e-7,-2.974419929899297e-6,1.3685604437227995e-7,-3.646752248196883e-7,2.662507919386159e-6,2.747312959585191e-7,5.299425115132817e-8,-1.0118535820387354e-6,-1.207221284409532e-7,-1.49791264075293e-6,-9.30712871820294e-7,2.3453351556057545e-7,9.089523881260276e-7,2.970480409614673e-7,-9.825283269705775e-7,-1.6683018898564495e-7,1.1424688374549685e-6,-1.0249389022967015e-6,-9.721194823378854e-8,-6.479313387082186e-8,2.0934298352819348e-7,2.5337533696672133e-7,4.448065032507165e-7,5.8814022047770647e-8,5.487998780548953e-8,-2.903447000355386e-7,2.3138327995004815e-7,6.534177141681585e-8,5.5790772905806035e-8,8.227204719706283e-8,4.6016793898040475e-8,-7.95462544582859e-7,5.266421536993527e-8,2.0305674344256453e-8,-4.519609854933271e-7,5.463832846865913e-8,3.7626577250948755e-8,4.995872103081833e-8,6.306302114531537e-8,7.997927759422208e-8,7.806257089886249e-8,7.839904945842636e-7,1.9917852918232006e-7,-6.092552061751633e-8,8.767896211598902e-8,-4.799823324944552e-7,-1.0185069854600216e-7,-8.551122708097992e-7,5.227354852535005e-8,6.731830864417089e-8,-6.884951598446598e-7,-1.969250865437755e-7,1.8959149094055494e-7,4.1875223199951964e-7,3.571095111116751e-8,5.535245834682212e-6,3.5855848324062303e-8,2.494204262456057e-7,-3.3731412808268856e-7,1.490841226077011e-6,-6.914871425623637e-7,3.24188612854659e-8,2.8392895287037812e-6,7.509578961623964e-7,1.105412892486335e-7,-1.5975904617142046e-6,-2.6091186630748944e-7,1.7717561584529307e-7,-1.502761710406486e-6,-3.4394401140900647e-6,5.31595767439248e-6,5.723077568185131e-7,-7.309209213897106e-7,9.193754799721177e-8,-7.077613459924859e-7,9.611944870568935e-9
4.242206712254948e-8,-8.154519208440903e-8,-1.521192051633813e-7,1.9560772139163076e-6,9.637312605184079e-8,-1.4830620117274319e-6,5.38055699247364e-8,-3.8920953349819156e-7,1.7067805214607157e-6,2.493256915624853e-7,2.9798520387764874e-7,-4.1165164448282444e-7,-8.189602754771763e-7,7.647073329726251e-8,-3.777815028480514e-7,-1.4342263044175853e-7,6.586618475015183e-8,-9.436357902325998e-8,-2.8833090056537006e-7,-7.357011641314637e-8,6.813404372952415e-7,1.850978059701358e-7,9.149365424274469e-7,1.8837350692259227e-6,-1.1216377393101774e-7,7.54187381154603e-7,1.0165910936080768e-6,1.242610715731951e-7,1.1102590986726836e-7,-2.168450139391043e-7,9.774094334853434e-8,-2.7566362450048843e-9,-1.59968091097773e-7,6.819457821782838e-8,6.177583536470799e-8,-2.0391501301955106e-7,5.146172295473761e-8,1.7534493598070355e-8,-1.91880008566947e-7,5.443288546731484e-8,4.744508184986174e-8,5.3070873006788594e-8,5.395210356904379e-8,9.719310647100521e-8,1.0262763139838871e-7,4.448305642209771e-7,2.549446280135648e-8,6.888514867611217e-8,1.2648172646412271e-8,3.583880988537569e-7,2.87778115050763e-8,-3.131471614944648e-7,4.468179706883735e-7,2.5790406795078716e-7,-3.532589201868719e-7,-4.314547159843807e-8,2.802780478673439e-7,3.782585147065865e-7,-8.969118955931555e-8,5.494982460599918e-6,1.8054512489469322e-7,1.6018686914145432e-7,1.3727258260325393e-7,-1.8520049155347109e-6,-3.539759679145882e-7,-3.4720271993712306e-7,1.5415824556011204e-6,2.0785672236730114e-6,5.0990768488157206e-8,4.1769124450801165e-7,-1.1627181678823817e-7,-8.034636626167658e-7,-6.617728004172264e-7,-2.6599585180077326e-6,1.5805795410725576e-6,-7.740083841101253e-8,8.231041615529567e-8,-7.665683862973172e-7,1.1681588845378067e-7,9.178241491620832e-8
-5.746610084400583e-9,1.1347511251869059e-7,1.7258522883373262e-6,4.433634903192152e-7,2.014890036865058e-7,-1.0141831668198266e-6,1.3883473582110285e-8,1.2401912156851936e-7,2.4997496673423214e-6,3.613741467423326e-7,-7.029815843323739e-7,-1.826081352386555e-6,-6.157507242445793e-8,6.075214181886502e-8,-5.287538623182209e-7,-4.158295671548573e-7,4.320300421111867e-7,-3.242251036296162e-8,-2.134417679465761e-8,1.4807928387714497e-7,6.695473668291597e-7,8.424352738743313e-7,1.6201459548029985e-6,-1.2555358739290147e-7,-3.827812095208438e-8,4.2022818111631114e-8,1.740479807243256e-6,2.632712409541993e-7,2.3856574847531675e-7,2.83440201487295e-9,5.926812849417207e-8,1.1111888497044032e-7,-1.8386640740697403e-8,1.3133856991864868e-8,5.725074206686109e-8,-1.3554344785788875e-7,4.781540347185143e-8,8.393238904926826e-8,3.352404181891089e-8,4.564565664568754e-8,4.6839385017460877e-8,5.24048047621184e-8,1.0627674007774868e-7,2.0791659298178278e-7,4.1783676226869736e-8,1.2667298672399685e-7,3.368506629464197e-8,4.303880255995818e-8,5.785088597461963e-7,1.1589033259669757e-6,-5.279657533899141e-7,-4.046835758403811e-7,7.28214434881247e-8,1.9070145446569155e-7,6.111839649451501e-7,6.43678827199512e-8,1.9394813312827442e-7,5.380094403182323e-8,-4.412908830774831e-7,2.4505507066244327e-6,4.363155586101231e-7,3.7696413679924047e-7,3.881854952914044e-7,5.163153910325402e-7,3.9834401520888466e-8,8.505721594486149e-7,2.277692201908077e-6,2.3107654070355868e-6,-1.90172489365148e-8,1.8367593228406198e-6,-2.91085937522364e-6,-4.451067821091504e-7,-3.9403107098368033e-7,4.808735082484361e-7,1.7826314889098027e-6,8.50264797199296e-8,8.344988842152735e-8,-1.1001641642759742e-6,3.6807939003560276e-7,-4.1802763406428856e-8
-4.904083713791474e-8,-1.7516176029116482e-7,9.047392352670158e-8,-2.950029496850648e-6,4.4975936281723696e-7,-8.693176397701619e-7,3.272542308215165e-7,2.4873108209077624e-6,7.78336292536519e-7,2.2150159383071968e-8,6.162818224617616e-8,1.0838354331862645e-6,7.244107484867258e-8,1.07809737008715e-6,2.1044067619802044e-8,1.598088624304772e-7,3.548010513218625e-7,-8.893705892454307e-9,1.6228026903457372e-6,4.3119077089104343e-7,2.1443240838292522e-7,1.174803145773895e-6,-7.987021404623596e-7,-8.102963638201178e-7,-1.7222157219332069e-7,3.9585793129790494e-7,1.55283303362328e-6,3.8615894198983374e-7,5.208709816818092e-7,-4.270947123582669e-7,1.1722910026128464e-7,2.4491274225990622e-8,1.3046066847088868e-7,-7.763243648604146e-8,-7.3518095331293056e-9,2.565253405093504e-7,3.366416479895218e-8,5.2401071048602254e-8,-1.5039341795697325e-9,1.3330323618943041e-8,5.048785100245645e-8,4.29271593431757e-8,9.069308805693677e-8,3.208952943010157e-8,1.6618597015427562e-8,8.87031117846604e-8,6.329896108834276e-8,8.331289485865589e-8,6.003987872487571e-7,1.2393074128899785e-6,-3.070716911174665e-7,-4.4129428492833966e-8,6.992779418467432e-7,4.238699456413642e-7,9.235136954091061e-8,2.5003766714422064e-7,1.5453545314927376e-7,-6.377423236585189e-7,-4.5446088715714875e-7,1.7010045181669044e-7,3.885444467242039e-8,5.334255734520843e-7,2.5729297267393925e-7,1.6928144357077014e-6,-3.6005867100028514e-7,4.916731838229005e-6,1.4183241156316972e-6,2.785606875493674e-6,1.7727686719481995e-9,4.212972800954029e-6,-9.437934960702333e-7,-4.76125599176247e-7,-1.1870605374118104e-6,4.4944388346523925e-8,2.9009547918068536e-7,-1.3225887987483588e-7,-4.083590533396686e-7,1.0154611216071085e-7,1.5858481110586632e-7,4.84577477504855e-8
2.8143046155808537e-7,2.7004893307536194e-8,2.176753995014158e-7,-6.57059686478424e-6,7.823391351209353e-8,4.424382710150221e-7,8.732800009074726e-8,4.332377886443473e-7,-2.4455810644974376e-8,3.9668823322491776e-8,-4.038528404152975e-7,4.030209638230531e-8,-1.9978265088933524e-7,1.9977886523177e-6,4.047367410727532e-7,-3.843879525997185e-7,-4.3555438382210103e-7,-1.1944248706029949e-6,2.3718661109856323e-6,6.168373481094003e-7,-8.014280189983403e-7,-2.0282287327599847e-8,1.9912044058059133e-7,-7.335287661254353e-7,-9.590817712112455e-7,4.678319180735358e-8,7.910049069885794e-7,1.7999941311899194e-7,5.511220719776278e-7,-4.707992572280162e-7,2.946127256397979e-8,4.307310902655903e-8,1.1309318312626716e-7,6.781311702601656e-8,8.083963822835828e-9,2.0304184149224637e-7,-1.375984215223891e-8,7.443549576442443e-8,5.7604503700270376e-8,1.4704723632075202e-9,5.249649543219714e-8,4.804807145788459e-8,1.0028263140360316e-7,8.129871330186945e-8,4.0189445609328804e-8,8.834141000868545e-8,5.871192547126647e-8,-5.656267509446256e-9,-1.9673830505195778e-8,1.3939599042760431e-6,-2.8981562573274776e-7,-1.154430517313121e-7,3.4493938440218755e-7,3.5307236867230253e-7,3.403637039549601e-8,1.7104478454710304e-8,1.7645617083850154e-7,-8.737036857298652e-7,4.6047577916841224e-8,5.543846775659445e-7,1.0008915853594314e-7,-1.0385164074088406e-6,1.024131872122136e-6,4.6152735345126317e-7,-3.560873860139813e-7,5.056166557554654e-6,4.2096926367203305e-7,-1.0980880264230831e-7,2.324712158383213e-6,1.8238333052034594e-6,-5.577267858412283e-7,-3.6662113104590775e-8,-6.504990182568227e-7,3.085225761905175e-8,6.750367791347834e-6,3.5049724934927975e-7,-7.022317845511106e-7,-4.6147314261909995e-6,2.2775769732004127e-7,4.688768106078101e-8
4.285250099105298e-7,1.0193998602544397e-5,6.34293515063611e-8,-4.884357881597357e-7,5.337618864277305e-7,1.1533963597551989e-7,4.634114615003515e-7,2.966294531284275e-7,-8.563107721594299e-7,2.3829355250195585e-7,-1.075013233067046e-6,-9.331706576233168e-7,3.019147923177812e-9,-1.9988661502741256e-6,1.9441977013259226e-7,1.2194980741531136e-7,9.042533871506108e-9,1.7979012519580008e-7,2.588418318387076e-7,4.838573499199139e-7,3.4614359999252113e-8,6.595271098199129e-7,-1.857067247961197e-8,-9.245260467918071e-7,-1.2288045968844696e-6,4.115195762746771e-7,-5.093780093154754e-7,1.5296852923343263e-7,4.0013207123792416e-7,-9.337087905790465e-7,1.3604113852627721e-8,-4.0173021514389174e-8,-1.151074863057211e-8,-6.573775036102791e-8,1.92994610753372e-7,3.127329803835455e-7,1.7293836482190628e-8,1.101461783948432e-7,4.04805725604529e-8,3.955313035390873e-8,6.5365862381217e-8,4.872872832712983e-8,1.7139483372856645e-7,9.047260181820339e-8,-1.7062963982261704e-8,7.181119339567666e-8,8.545742278720515e-8,-1.1154561344050018e-7,-5.796561070289252e-8,1.8842862997906496e-6,-1.8055217191708106e-7,7.90849342244826e-8,-2.64228349260065e-7,4.047530366215746e-7,5.0189548425061405e-8,-1.6193459865287973e-7,7.06436221203477e-8,-9.6853025335486e-7,-6.591479099166797e-7,1.8937400607441869e-6,1.5062893452468806e-7,-1.4103197160876268e-6,2.123893192419013e-7,5.239850353570441e-7,-2.0037899390142223e-6,9.574488632400069e-8,2.9954030562663993e-6,-1.6634127004684364e-7,3.3452297359410245e-6,9.498893053745406e-7,-3.8002312303264674e-8,-9.127142020803891e-8,2.283479954547918e-7,1.8425711239258293e-7,6.4869743266447565e-6,1.9273177024228263e-7,3.2813386068473173e-7,5.653396816276413e-8,2.1489398402099182e-7,1.472083146339065e-7
3.9542760681188226e-8,4.790988332101343e-7,1.7690178089573295e-7,7.510016607430892e-7,5.44429518903633e-7,6.412662977804074e-7,1.4448863167380034e-7,2.2329144123559796e-6,-5.707984222028895e-7,2.1438004760154784e-8,5.209167492528089e-8,7.739433553894948e-8,-2.714003479749261e-7,-4.836810249667201e-7,2.784360600014413e-8,-4.540609450660926e-7,-4.795886998300691e-7,-1.0421872435198876e-6,1.916955718779545e-6,4.555159776131745e-8,4.0938492853470623e-10,3.146805910803963e-7,-2.188902791358971e-7,-2.6937107420299535e-9,-5.966545291049897e-7,1.0054278449000975e-7,-1.4051491024417162e-7,2.173946266642135e-7,1.7766458710752888e-7,-1.1022596099301897e-6,1.2759716942190025e-8,-5.2842104576067416e-8,2.2366714289503433e-7,3.8786969720727704e-8,3.3056721523203603e-7,2.247909206369414e-7,-2.2627808435293773e-8,9.343147486786663e-8,6.077528906787144e-8,4.575779272797398e-8,4.522892400884438e-8,1.803077930990771e-8,2.755818962162371e-7,5.452459036601187e-8,3.745723600321327e-8,3.951657485374849e-8,7.899248785387946e-8,-8.457851842236242e-8,7.050694052475714e-7,2.517272517366842e-6,-9.455603630670328e-9,4.118221124369548e-8,2.0490815599938374e-8,1.0622665321233794e-7,1.6739106608043563e-8,-1.4033377104254451e-7,7.027518741211658e-8,-4.4388375677518745e-7,-6.782504923476762e-7,-4.375028465692044e-7,-1.4420951829837714e-7,-2.245347471933945e-7,6.664207511241749e-7,1.9802145815515094e-7,-6.099297706767537e-8,2.120300794540908e-6,-2.281161524971831e-6,5.50415013466643e-7,-2.9823276189167025e-8,-9.402265629712137e-7,-6.55029511542482e-7,2.812603218263821e-7,3.379407455289085e-7,5.866287613407239e-7,3.55703180543745e-6,-6.383555462279644e-7,1.6404015968967125e-7,5.158886274690078e-7,8.993745137608755e-8,1.6937684614624084e-7
4.589228965463654e-8,-3.4224430934993725e-7,-1.401339697347237e-7,6.541181023667964e-6,6.136091934627386e-7,-2.9001052713151233e-8,5.871016237177563e-7,1.3477244221975271e-6,-2.69084850903556e-7,1.3966956657807118e-8,-3.198639048955787e-8,-1.786966510180854e-6,-2.037964419244742e-6,2.107208469271105e-6,-2.1198116103636867e-6,5.338944368149079e-7,1.1301895467366041e-7,-9.267564258337524e-7,2.549884808998004e-6,2.981518767254166e-7,-1.3861266997450274e-8,2.5103756363651366e-7,-3.719566774384231e-7,-5.656144019894338e-9,2.2036200887098902e-7,-5.209007319880721e-8,-2.1109750826522334e-7,1.4012013465565466e-6,2.526756869505542e-7,-1.022140114235992e-6,-9.180987270762664e-10,7.684820147679794e-9,4.1951740709245126e-8,3.3789331942761795e-7,2.1061914878162115e-8,4.045686213880462e-8,6.357647564374513e-8,1.0744193662963753e-7,-5.204091159767277e-8,6.95226734435117e-8,1.8058134760567945e-8,1.66133673593194e-8,1.2557989456929431e-7,4.921318996944368e-8,5.8945286376022034e-8,6.364201640087774e-8,6.86679378479882e-8,4.9254752020044817e-8,1.304593464623327e-6,2.8252267275672873e-6,1.130479263442119e-7,1.413722466106382e-7,-3.855934604397593e-8,-2.2257385204327295e-8,4.688016724323508e-8,-1.1624461361153805e-7,6.908685579978258e-8,-9.886023233955932e-8,-8.236880747054754e-7,-4.307303577037125e-7,3.947225387730402e-8,1.2177110044216067e-6,1.8053978867066835e-6,2.8518655677656213e-9,1.0476139983059518e-6,2.7153060401706953e-6,-3.4636148784505607e-6,1.0711572516119983e-7,3.1271425828167666e-7,-2.4345057350233733e-6,-7.693527573991888e-7,2.2683627532442685e-7,9.296015074339748e-7,2.901140517720835e-6,7.9607107023838e-7,6.480100278172252e-8,1.6719349660976325e-7,1.232879193047154e-7,3.5553372371595064e-7,9.83562144099448e-8
5.4349036879863816e-8,-6.280096752853127e-10,-2.755462372742157e-8,1.9681981974307927e-6,1.2264368423560823e-6,-1.2087966093886627e-7,2.071691802732145e-7,3.2940162734680367e-6,1.1084047021361344e-7,5.143118470592345e-7,3.718438473070185e-7,-9.318518642593144e-7,-8.900947120142444e-7,1.2041330865817602e-6,-1.6992905329762387e-7,1.481545211481805e-7,-6.165588610961282e-8,-7.102734613025019e-7,6.153807319599026e-7,2.5422794748797275e-8,-1.2973055890933673e-6,-2.9208836096521474e-7,1.3677457111309633e-7,1.2324937097027977e-7,4.114700855052389e-7,1.0418759902442564e-6,2.0798749820891695e-7,-5.553673082192123e-7,4.630346308478473e-8,-2.898793091284491e-7,-6.11721371052143e-9,7.73499518028853e-8,1.2000938425016372e-9,6.712912155064644e-8,4.067154165250386e-8,4.8648447300969626e-8,5.42773744190761e-8,6.262758198509744e-8,7.13483826082495e-8,4.2718267411756554e-8,8.201834404752973e-9,4.2289149248553315e-8,-4.5837408125781745e-8,4.071429649239456e-8,1.0217472727478416e-7,1.102555279939299e-8,1.0037941017482233e-7,6.721099849675838e-8,5.282352066756424e-7,2.486049422060144e-6,3.1245829413473206e-8,5.932383051638901e-8,5.287018461128668e-8,2.3165703907368495e-8,4.223787703323989e-7,-1.5734911520776107e-7,-2.3295863158888653e-7,5.949171504742168e-8,-2.292155275523955e-8,-1.208564747843699e-7,-2.5014687210389576e-8,2.309968656913908e-6,-5.311649830908927e-7,6.388932394192359e-8,9.392519772106534e-7,1.1730894919575353e-6,9.144903740767596e-7,1.1130529968628178e-7,1.4448412002407985e-7,-4.143264474126829e-7,-2.1011197118221748e-6,-1.7329341497129836e-8,2.65713825088465e-7,2.4452266145553513e-6,2.9004064669737597e-7,-5.665349342863558e-7,2.031256248675173e-6,2.6803378128947844e-7,-8.494657345349266e-8,1.235533766467789e-7
1.9622080052978942e-7,3.489563089558168e-8,-8.829520301245176e-7,-5.089462583415172e-6,2.1054868422790473e-6,-3.310256388243982e-6,4.767719485635702e-7,3.2887429236215794e-6,-2.079547740720944e-8,6.10304387975913e-7,2.659834767264391e-7,1.4605113396060965e-6,-1.6789863215671552e-6,4.214002667161543e-7,-3.441224917577479e-7,5.124905839304361e-8,-1.4124579863744602e-6,-7.297962847059303e-8,-1.3741001494987249e-6,5.363237586264447e-9,-1.4289900109214494e-6,-2.158347086450907e-7,-8.115148689989638e-7,1.9010194882969512e-6,1.5579746436908072e-6,1.609189744014672e-6,2.5926659077391003e-8,-1.70148218868873e-6,4.611372473271258e-7,-2.901685387802e-7,-3.584139098749328e-7,8.595201674720387e-7,2.1124285368800957e-8,-5.301597963902616e-8,4.1508456976746544e-8,1.7893877272379123e-8,3.0776000690702075e-8,3.888085428740418e-8,1.753992235070223e-7,6.237377983253634e-8,1.7426240100881787e-8,4.1630623174127024e-8,-5.869661233615098e-8,-9.459849240340824e-8,6.768013545483953e-8,4.493658701321124e-9,9.465274250022305e-8,4.905180526339149e-7,9.699146167057027e-8,1.157445089343745e-6,2.796909223277133e-8,4.1187252517711496e-7,1.3218900197475847e-8,3.352113783220423e-7,1.650481356967992e-7,-1.8326558113512805e-7,1.9162924998150643e-8,1.5266015566381964e-7,-1.3757429586823688e-7,-9.947428587357976e-8,-5.6609260431939036e-8,2.181571033441654e-6,-1.2214374811016727e-6,2.5903859813258826e-7,9.145259049363031e-7,8.001017180896408e-8,1.94518886972328e-7,1.0123090481384267e-8,-1.401258637927949e-7,7.679589273602794e-7,-1.699099529454129e-7,-1.0943098445270527e-6,4.791233816916485e-8,6.59482159200131e-7,8.156745036078661e-8,4.197606669080001e-6,4.600693848717974e-6,-2.1121395090550446e-6,4.6808853755186954e-7,2.10391837036239e-7
6.001438198354859e-7,2.247882116348965e-7,1.8049799036512937e-6,1.1877981618128032e-6,1.0414205024256163e-7,1.6810365300834462e-8,2.593999403826208e-7,1.6764995654703354e-7,-1.1658432961420996e-6,1.8668256002098316e-6,1.868160358997595e-6,1.4863796740872904e-6,-8.536017756623382e-7,3.272839405116024e-7,5.434619755622094e-8,2.175502259123663e-7,-1.1855938182312565e-6,-2.1824212293294344e-7,1.743687184594678e-6,-3.4186808005953754e-8,5.24705883710519e-7,4.131141996146504e-8,-9.340066981802454e-7,-7.646662594657627e-7,-8.649380015490093e-7,1.7467151650807366e-6,-2.2178448732707025e-7,-2.2858631746408342e-6,7.486614012448545e-8,-1.4658949043622195e-8,-8.781545802951652e-8,1.1114169960477761e-6,4.763562859435578e-8,8.334434156231918e-8,3.9779163763675744e-8,-3.107974034154415e-8,2.8769463370574846e-7,4.149861052362702e-8,7.844056206423034e-8,1.009483113811438e-7,4.013564828211358e-8,2.6827988871214183e-8,1.244541151564915e-7,-2.415936403844743e-7,1.4067841514857628e-7,-1.819948508191116e-7,4.6818462203401805e-8,6.639118350448615e-7,3.888208483816103e-7,6.285120258839872e-8,-2.1884402863190378e-7,2.8426345493217656e-7,4.7311747736882297e-7,4.6201305945139383e-7,5.529022462097855e-7,1.610931027880014e-8,1.4779222921625035e-6,6.488563700735029e-9,-2.2577685277103134e-8,-4.026517746143599e-7,3.921948961085331e-8,3.9172170908596815e-7,1.14555398115328e-6,2.160797017693783e-7,9.916982153303168e-7,4.643774123129774e-8,2.722883147621147e-8,2.9290277674041135e-7,-9.360713534447563e-8,-9.068085132551973e-8,4.315223311636718e-6,-6.714250050613657e-7,-2.704691782756674e-7,5.246929882263274e-8,-1.2563201569306681e-7,-2.705203442121551e-9,-1.4787081310581042e-6,1.8161357050102667e-5,2.755014437373804e-7,2.1241544596510843e-7
3.0666845450351147e-7,1.7901701802958138e-8,-1.0732322883688085e-6,4.843614388415407e-7,1.355660168094608e-6,-2.1188442238897378e-6,1.5954208167952677e-6,4.75086785112211e-10,5.990020687191011e-7,-4.288895860858455e-7,1.466638721791047e-6,-3.48970943815663e-7,-1.5688877019454763e-6,5.808190124916291e-8,-5.46596769161134e-8,2.3065330431226718e-7,1.659819872320223e-6,7.609353424926635e-8,2.084748327823438e-6,-1.5307135128481698e-7,-9.489659771150461e-7,-8.776804645912462e-8,-2.3176755285678755e-6,-8.464951880108541e-7,-1.4781572275781697e-6,9.892545340110638e-7,2.0487442413006375e-7,-3.0390443958622226e-6,3.1255096573545863e-7,-1.6886801963750253e-7,5.318732069985455e-8,6.387357288327289e-7,5.512915366465698e-8,-9.241336907215292e-8,1.0144934900346847e-7,2.763372981771095e-8,3.5982719143401454e-7,4.065503181649444e-8,9.013124311165744e-8,1.0376950324655355e-7,4.01144300573586e-8,3.114077746473321e-8,3.5811716224922744e-7,-2.2464722747053134e-7,9.106014676116825e-8,-6.359476955108968e-9,4.491097943402078e-8,5.689971266011895e-7,2.2668230168920722e-8,-1.3665321728815184e-7,5.2781928351963715e-8,2.387924729018387e-7,2.2621396372550785e-7,8.050519953112901e-7,4.678716472791278e-7,-5.621670689963443e-7,-6.552625006980839e-7,4.603666485163416e-8,-2.2057047243353445e-7,-1.5159973199122547e-7,-3.366667363799869e-7,1.5147694417396718e-7,4.375508395450201e-7,2.520163335069992e-7,8.431418033097771e-7,8.316401057155699e-8,-8.69054179886164e-7,4.902128297560316e-7,-5.973616920150638e-7,2.0370768728916744e-8,7.897942731888353e-6,-1.7024862773276418e-6,-9.931977569465067e-8,1.0443342729893335e-6,4.607417240963585e-7,6.082846624677174e-7,1.127029015137766e-5,1.129081612524061e-5,3.7372469416347976e-7,2.572766893645495e-7
-2.8297418736963343e-6,9.751020897714736e-7,-2.8520377946030464e-6,5.910131377133921e-7,-1.7579731403427169e-6,2.237832717165178e-6,4.0339115576164543e-7,-7.0873115194158845e-9,1.911044722008937e-6,8.516848499936502e-7,8.648460864331131e-8,2.843558944711777e-8,-5.267817202427861e-7,9.897041043237742e-7,9.836798542490755e-8,2.6185111216392445e-8,2.63157021958329e-6,2.095721963168984e-9,1.3472651844105066e-6,-5.253817118422433e-9,-2.549703315631968e-6,1.0932842443762692e-7,-1.3966823630617854e-8,-3.0025730732879954e-7,-1.5215609072776193e-7,2.0582894658431885e-7,-2.263660212676877e-7,-3.6876924099363498e-6,1.4221416937223454e-7,1.7269407533933024e-7,-1.8926629582213251e-7,-3.9756894848390624e-7,1.8637682838984482e-8,8.379110056686567e-8,2.3281378465855875e-8,-6.665850248873673e-8,-4.558016072397919e-8,1.5913730636829548e-8,4.440933030032124e-8,6.925356584206455e-8,3.813652496322817e-8,6.174644728018653e-8,4.233898977165307e-7,-5.4969133988269636e-8,5.036564200038285e-8,3.107024726765051e-8,6.580000486673399e-8,5.3571961092879766e-8,-6.708040283481821e-8,-7.043778780874144e-8,7.501217671226357e-8,3.268687420912686e-7,-8.853564669542014e-8,-1.4745727684311038e-7,9.251223824002786e-8,-4.747926923241219e-7,-4.18008542466497e-7,-6.966911650484464e-8,-2.70812303821244e-7,6.822933890560546e-7,-2.614618139521463e-8,4.9208224892716146e-8,9.769023883934303e-8,2.521412720288163e-7,4.441260660557056e-7,-2.1763038163304937e-7,2.044087225857272e-6,6.878333820992122e-7,-2.2422370338766042e-7,-7.859615584650427e-7,7.1666465479183875e-6,-1.092105316503167e-7,4.5008168190183717e-7,1.06046330574614e-6,-8.953485972660991e-7,1.243662760274411e-6,1.7531225473630398e-7,1.3374856261481495e-6,1.844601451815775e-6,3.350147096988554e-7
4.216156937544513e-7,1.1479810147007942e-6,-2.191996752177583e-6,8.975770854320332e-8,-6.448072647462499e-8,1.6153959449629608e-6,1.7341719628127362e-6,6.345922031658624e-8,-1.9303878306348833e-6,5.4328265997945825e-6,2.893416107119928e-6,-7.364220792459686e-7,-1.328456180439197e-6,-3.5101334187960244e-7,6.216872537501806e-7,-8.976031221099579e-8,2.8319609906300336e-6,8.04918797100429e-8,1.0241408476251212e-6,5.648187786420956e-7,-1.3159295435521523e-6,1.0064869667649746e-7,3.029649793845346e-6,-2.8848675240804593e-7,7.895205608567712e-7,3.3298480251309215e-8,-2.393679637168411e-7,-3.6049718205825144e-6,-8.531171840038265e-8,-6.885701822154978e-7,-7.94283974293375e-8,-1.1811234811688998e-6,-2.937124435715921e-7,2.586511807276537e-7,3.971385249497139e-8,-1.7758599840165257e-7,-4.9896175225871975e-8,1.9923560872192604e-8,4.0450892601007206e-8,3.368556519616206e-8,3.380941535928717e-8,3.58083729731451e-8,3.7113207406171966e-7,3.0158565292137676e-8,6.683513301801725e-8,2.301123881537137e-7,1.2660770410959365e-7,5.281175289513218e-8,1.0492658368916886e-7,-7.924152349181313e-9,-3.005791197250085e-7,1.6562771240051788e-7,5.240069164572425e-7,7.66530297292567e-8,7.657995577252663e-8,6.52082338947757e-9,-4.75512461917782e-7,3.3916586988966823e-7,-8.38000755224111e-8,1.3626095027719609e-6,-1.3371031335032147e-7,-1.068500818759355e-6,3.799699667369261e-7,4.460893497189034e-8,2.7613681460267884e-7,-9.802605978361245e-7,1.4872903906450575e-6,5.464758365243405e-8,2.136392539053844e-8,-1.3350885923274715e-6,2.9658637462341765e-6,-1.5442132055540903e-6,5.357960655982597e-7,5.914740188425416e-7,1.7803361010966245e-7,2.3344734746902907e-6,-6.996239193763166e-6,-9.061222753103948e-7,-7.607995788512312e-6,8.581757215585074e-7
5.52515478359219e-6,-1.4703392755426093e-6,-8.41499547073883e-6,-3.446040799230832e-7,-2.595230797389658e-7,1.7608654997522733e-6,5.83177987396466e-7,-6.997658632916459e-7,-4.087796981772107e-6,3.3325617342448323e-6,1.0845850738243624e-7,-7.949834606511886e-7,-2.5410662266275974e-6,7.590294526762521e-8,-3.676923859434744e-8,2.026564236515194e-6,-2.5294606736251946e-6,-3.248344761451083e-7,-7.046174158431451e-7,2.0545061269008349e-7,1.4833886210360749e-6,-2.942609847373934e-8,4.835455610804296e-6,-3.929224969517975e-7,3.5663254520500233e-6,6.768080813976952e-8,-4.7313687015296816e-7,-2.0607468932725025e-6,2.691731757744398e-7,-1.1328367091632542e-6,4.303397133071263e-7,-2.2704409727510866e-7,-5.726264881690146e-7,6.721480599948482e-7,4.114220300706073e-8,-3.7262746360466894e-8,-2.787378478508851e-7,1.8067851926573122e-8,-6.486873791500258e-9,3.5193958029111626e-8,3.7882563741598044e-8,3.593664405676656e-8,2.0106864951974226e-7,3.789588459623961e-8,2.719654387308701e-8,4.393141155969227e-7,2.921496109623112e-7,1.9486430308690574e-8,2.985568143716311e-8,1.6874642771094184e-7,-1.591842030579349e-6,5.357453992909101e-8,9.128612388655811e-8,-2.6103278819733514e-8,-1.6545537486054585e-7,-2.8618291512482187e-7,-5.477861477241498e-7,-9.304483430351285e-8,-4.0216522300202673e-7,-7.113014539060658e-7,6.157771201313667e-7,-6.602611864837127e-7,2.6188177604673515e-7,1.7465021756140066e-7,1.9731089774913893e-6,-2.8060579473199178e-8,2.3798525938916404e-6,4.2993095515502234e-7,-3.535522506729416e-6,-1.1227597472236894e-6,7.391549516545304e-7,6.565434904286516e-8,-3.862015837925448e-7,9.031555843569628e-7,1.2439134602213464e-7,2.6517591480135218e-8,-7.58253313198265e-7,4.422202573092893e-7,8.914602759398839e-6,5.682851310828885e-6
1.0572547017992907e-5,-1.3078316859528317e-6,-1.516159426514563e-6,6.015057621657327e-7,1.094505930329337e-7,1.28458041949433e-6,2.4186161424686103e-6,-9.378140965018434e-8,3.1143064951009383e-6,9.392427260951353e-7,-2.947042115629983e-6,2.705306433568922e-7,-1.0479336404486395e-6,8.750406195490169e-8,4.061771012935367e-8,5.380977788290342e-6,3.039778581508834e-7,-8.539425916149202e-7,-1.5282017903737178e-7,3.258687832246032e-8,2.655074132695523e-6,6.839394813619393e-7,4.030151504831459e-6,-1.3318964328139282e-6,5.396588613926601e-6,2.0658141460576653e-7,-1.3783636667783483e-7,-7.552720704609995e-8,3.1581735282728565e-7,-1.5818956421570275e-6,-1.3645391815400034e-7,3.08722294766417e-8,2.5538298485550115e-8,3.007604462980318e-7,-1.2503012850184626e-8,2.009010444992132e-8,-7.107880189745064e-8,1.9893630242684426e-8,-1.781035998452696e-8,2.4642991496448553e-8,3.050598729843479e-8,2.8627802178382568e-8,7.43252440747133e-8,2.4637020099826936e-8,3.626264485445674e-9,-9.95090942269572e-8,5.618896677549668e-7,1.1420870169964736e-8,4.1926026243088724e-8,9.642004331436027e-8,-1.4147563872231374e-6,3.433752042494298e-8,1.2260096123424935e-6,-2.576726543325192e-8,-1.5841575709546474e-7,-6.601015520827369e-8,4.7508426407707476e-7,-7.589400557885374e-7,-1.2428592182143538e-6,9.52083859665498e-8,5.074937117726108e-7,-9.311051177381402e-7,4.626369073976733e-8,-1.1793748086263989e-7,6.053948487228844e-7,6.470626165925308e-7,3.0102271871624622e-6,-1.781957814777635e-7,-5.614710229449593e-7,-7.680417901975157e-8,1.4972515079084481e-6,-4.908293065579605e-7,2.989963575505961e-9,1.4107660945594347e-6,6.664886667270054e-7,4.2183135652476e-7,-4.297778502254701e-6,-7.839805199372219e-7,-1.3167176218009426e-5,1.0281552644546687e-5
0.0015244492443114883,0.00037114724967592165,0.00020009583576876652,0.0001220210363417071,8.786388703445978e-5,6.549017627445093e-5,4.591206352963742e-5,3.517627786899351e-5,2.653077508103363e-5,1.9604901486025606e-5,1.5139036263218753e-5,1.0662384859339502e-5,6.796156304762225e-6,4.113430650575834e-6,2.5005148381467725e-6,6.291069234972757e-6,-2.152954348891567e-6,-4.005154856971627e-6,-5.339279693376542e-6,-5.465413401050701e-6,-6.145181225283492e-6,-8.1434642708621e-6,-1.8326150573473978e-6,-1.0530524790160945e-5,-2.7508755730079714e-6,-1.0972919811277205e-5,-8.571420278280151e-6,-1.2455203094348344e-5,-1.3154700174660772e-5,-1.2447050705240348e-5,-1.3087684378019427e-5,-1.4342861628634307e-5,-1.4625455529031862e-5,-1.3764222399166438e-5,-1.477645746346884e-5,-1.5683478846711085e-5,-1.275171481861689e-5,-1.5148913595053872e-5,-1.566679685787672e-5,-1.4750695808019332e-5,-1.4633705811928511e-5,-1.4876945156217591e-5,-1.1126011026220396e-5,-1.523453717318667e-5,-1.4865782351129431e-5,-1.502263937892937e-5,-1.5122042613708398e-5,-1.4417564158222885e-5,-1.422617414213142e-5,-1.3360040512037231e-5,-1.2689362259831084e-5,-1.4045948519356666e-5,-1.33331777079179e-5,-9.710801136213299e-6,-1.2001900976469571e-5,-1.1129733555339039e-5,-1.0757780128128459e-5,-9.921560556810705e-6,-8.551587541182193e-6,-8.135950899764488e-6,-8.1318566054428e-6,-5.735763000703998e-6,-3.2369067268603893e-6,-2.7667718626079974e-6,-6.489507565739517e-7,1.8333944984185504e-6,4.462726832955855e-6,6.16714076856939e-6,9.650984192982026e-6,1.452818563799323e-5,1.986126158509318e-5,2.5745012562704917e-5,3.470178418057233e-5,4.727601826418142e-5,6.231861809799422e-5,8.57942050414735e-5,0.0001266533627716742,0.00020067409856039996,0.0003696006495010518,0.0015080240060182015
