-5.216030043632044e-7,-3.3216094775329045e-6,-4.9951600338946745e-6,-6.887322706251168e-6,-7.89543333364003e-6,-8.833031968899982e-6,-9.40409792609047e-6,-9.84214913853105e-6,-1.0087994888081027e-5,-1.0237349132700654e-5,-1.0284475483557263e-5,-1.0264667029628221e-5,-1.0184516059754425e-5,-1.0060791069377207e-5,-9.900016853638455e-6,-9.710689657792954e-6,-9.497787148146715e-6,-9.266226167997414e-6,-9.019402810711211e-6,-8.760333538283278e-6,-8.491314484222191e-6,-8.21429237937579e-6,-7.930816741656708e-6,-7.642187284843948e-6,-7.349469556733198e-6,-7.053560217833744e-6,-6.755211324614124e-6,-6.455064903781854e-6,-6.153672368604643e-6,-5.851514546221679e-6,-5.549015418232726e-6,-5.246554445094376e-6,-4.944475680452224e-6,-4.643095470866693e-6,-4.342708301039375e-6,-4.043591565876491e-6,-3.7460091721661743e-6,-3.450214408245857e-6,-3.1564520527884783e-6,-2.864960006856787e-6,-2.5759704315665054e-6,-2.289710586725675e-6,-2.006403355665905e-6,-1.7262675920993536e-6,-1.44951827518109e-6,-1.1763665586096457e-6,-9.070197182885593e-7,-6.416810307278209e-7,-3.8054961372822633e-7,-1.2382020790165346e-7,1.2831702921780578e-7,3.7567679847689227e-7,6.180788803233857e-7,8.553484504808296e-7,1.0873163050081776e-6,1.3138192130327753e-6,1.5347001436295686e-6,1.749808662879009e-6,1.959001164745713e-6,2.162141319760792e-6,2.3591003160829278e-6,2.549757366676692e-6,2.733999962244638e-6,2.9117244435538556e-6,3.082836264752381e-6,3.2472506328322817e-6,3.404892777491377e-6,3.5556986580628974e-6,3.699615231719436e-6,3.836601225077452e-6,3.966627393392784e-6,4.089677353866618e-6,4.205747825802748e-6,4.314849522953521e-6,4.417007367135806e-6,4.512261432847176e-6,4.600667126515987e-6,4.682296176434879e-6,4.7572367606197845e-6,4.8255945241515165e-6,4.887492630151576e-6,4.943072763520502e-6,4.992495050595988e-6,5.035938978250953e-6,5.073603082397258e-6,5.1057056547227856e-6,5.13248403865076e-6,5.154194919479866e-6,5.1711129828148925e-6,5.1835304849972064e-6,5.19175492770346e-6,5.196107495740729e-6,5.196919289595512e-6,5.194528103984137e-6,5.189272652980085e-6,5.181487063780551e-6,5.171492448154058e-6,5.159588414404503e-6,5.146041308940627e-6,5.13107202361902e-6,5.1148402827771e-6,5.0974280240641895e-6,5.078819303873806e-6,5.058878518328626e-6,5.037326015359808e-6,5.01370997910445e-6,4.9873792864609896e-6,4.957446505945014e-6,4.922763436812458e-6,4.881865647170364e-6,4.83297055513119e-6,4.773875127191485e-6,4.702033466524152e-6,4.614300565842493e-6,4.507306935755954e-6,4.376722334140857e-6,4.218500617020981e-6,4.026556317981901e-6,3.797206788291625e-6,3.521773739523805e-6,3.1995019410637843e-6,2.8151397251004187e-6,2.3833303044240763e-6,1.879775322078525e-6,1.3498476401261152e-6,7.398622064529855e-7,2.3981041260825694e-7,6.921240784074923e-10
-6.609599618942801e-6,-2.1810472813636997e-5,-3.412474888323376e-5,-4.5396140521258296e-5,-5.3205219847849564e-5,-5.929363522216119e-5,-6.34985900008273e-5,-6.648814561098134e-5,-6.837274985753651e-5,-6.947915991706749e-5,-6.993033252858942e-5,-6.98864162253556e-5,-6.943694079048068e-5,-6.867081972807701e-5,-6.764715714473159e-5,-6.641805251201359e-5,-6.502196718630354e-5,-6.349116138104441e-5,-6.185066737777567e-5,-6.012114946784685e-5,-5.8319139239736225e-5,-5.645825230545118e-5,-5.4549589471079014e-5,-5.2602351258948505e-5,-5.062416202473599e-5,-4.8621413589804556e-5,-4.659949475167708e-5,-4.456299979244685e-5,-4.251588283082351e-5,-4.046158915991968e-5,-3.840315727075351e-5,-3.6343302946500115e-5,-3.42844856353028e-5,-3.222896217149207e-5,-3.017882918179079e-5,-2.813605685507146e-5,-2.6102515285228656e-5,-2.407999505549015e-5,-2.207022292227853e-5,-2.007487374338006e-5,-1.8095579196801962e-5,-1.6133934132095918e-5,-1.4191500847458334e-5,-1.2269811947995032e-5,-1.037037188942646e-5,-8.494657732817247e-6,-6.644119075450826e-6,-4.820177602465651e-6,-3.0242261120593186e-6,-1.2576274120062826e-6,4.782871460037013e-7,2.182219118750743e-6,3.852904715263369e-6,5.489116454998213e-6,7.089665106621137e-6,8.653401512488539e-6,1.0179218715515602e-5,1.1666053965832711e-5,1.3112891066910214e-5,1.451876260043699e-5,1.5882752532200506e-5,1.7203998689174562e-5,1.84816956554854e-5,1.9715097520709458e-5,2.090352107461295e-5,2.2046348824935088e-5,2.3143032478341063e-5,2.419309620313969e-5,2.519614036770393e-5,2.6151845007549207e-5,2.7059973779572832e-5,2.7920377587379705e-5,2.873299870376011e-5,2.9497874502727878e-5,3.0215141699218305e-5,3.088504013022153e-5,3.1507917042765836e-5,3.208423083944806e-5,3.261455530236028e-5,3.309958314530825e-5,3.354012996044515e-5,3.3937137283019775e-5,3.429167585735635e-5,3.460494767861756e-5,3.4878287874334336e-5,3.51131648189755e-5,3.531117949092085e-5,3.547406224601685e-5,3.5603667932736814e-5,3.570196727602373e-5,3.5771035340719385e-5,3.581303475338711e-5,3.58301943617892e-5,3.5824780785835984e-5,3.5799063427377026e-5,3.575527021310205e-5,3.569553458628895e-5,3.5621830910646694e-5,3.553589888024054e-5,3.543915402854786e-5,3.5332585278082225e-5,3.521663641019442e-5,3.509107343977313e-5,3.49548337521982e-5,3.4805862026295204e-5,3.4640924510778094e-5,3.445541646655752e-5,3.424313885311382e-5,3.3996090134103785e-5,3.3704194741821025e-5,3.335512098386697e-5,3.2933924077188234e-5,3.242301163447836e-5,3.1801542286149887e-5,3.104595032243809e-5,3.0128587574168567e-5,2.9020001095921293e-5,2.7684944962049305e-5,2.609076264336773e-5,2.4194807137838932e-5,2.1970970207568935e-5,1.9369566176422006e-5,1.640903959708389e-5,1.3044889003779359e-5,9.439293272447567e-6,5.591789257211291e-6,2.399886321292916e-6,3.709861289031564e-7
-1.878978649343753e-5,-5.641756069403113e-5,-8.816934799906838e-5,-0.00011534485661025472,-0.00013573744831753702,-0.0001513264148530117,-0.00016258716189243078,-0.00017061564667808198,-0.00017595592754329542,-0.0001792239354758667,-0.00018081057749125582,-0.00018107200596135926,-0.00018026127278068929,-0.00017859187648997353,-0.00017622555803607065,-0.0001732949759262275,-0.00016990408138019476,-0.00016613758073574867,-0.00016206332213475265,-0.00015773671203074468,-0.00015320278112864735,-0.00014849854629258108,-0.00014365447058661788,-0.0001386958307960881,-0.00013364369494520224,-0.00012851576523862095,-0.00012332702252367792,-0.00011809026293357615,-0.00011281652218637698,-0.00010751542356762907,-0.00010219545670888167,-9.686420426731063e-5,-9.152852404274997e-5,-8.61946958296967e-5,-8.086853883674151e-5,-7.555550533826507e-5,-7.02607547314826e-5,-6.498921166986879e-5,-5.974561119626826e-5,-5.4534533338056224e-5,-4.936042919506302e-5,-4.4227640186342206e-5,-3.914041185344591e-5,-3.41029033454166e-5,-2.911919352363569e-5,-2.419328443266124e-5,-1.932910274805388e-5,-1.4530499677063004e-5,-9.801249686070788e-6,-5.14504834404311e-6,-5.655094862025478e-7,3.933838137302252e-6,8.349554642456579e-6,1.2678293137790691e-5,1.6916804185261096e-5,2.106194055941875e-5,2.5110662337588257e-5,2.9060042305034722e-5,3.2907271731565934e-5,3.6649666502187995e-5,4.0284673666484e-5,4.380987837562925e-5,4.7223011272676536e-5,5.0521956278515405e-5,5.370475884124988e-5,5.676963456001733e-5,5.9714978251412084e-5,6.25393733449738e-5,6.52416016740386e-5,6.782065352601145e-5,7.027573802907854e-5,7.26062937109241e-5,7.481199932317561e-5,7.689278473915748e-5,7.884884203015775e-5,8.0680636493973e-5,8.238891773778469e-5,8.397473053539327e-5,8.543942553341567e-5,8.678466943242979e-5,8.80124546492602e-5,8.91251079373262e-5,9.012529783629654e-5,9.101604020926034e-5,9.18007015237642e-5,9.248299883043918e-5,9.306699579429153e-5,9.355709334423964e-5,9.395801391299386e-5,9.427477737806333e-5,9.451266724565953e-5,9.467718470505178e-5,9.477398866838438e-5,9.480881897902992e-5,9.478740055850494e-5,9.47153253520149e-5,9.459790967366252e-5,9.444002369738592e-5,9.424589082530856e-5,9.401885381330343e-5,9.376110600622292e-5,9.347338487071523e-5,9.315462767647996e-5,9.28015864981219e-5,9.240840601602534e-5,9.196615914164822e-5,9.14623534786703e-5,9.088039285587066e-5,9.019903642775734e-5,8.939179737894722e-5,8.8426416372888e-5,8.726420089716919e-5,8.585968393580176e-5,8.415985340848458e-5,8.210445715299466e-5,7.962479626522624e-5,7.66461917673877e-5,7.308498183501599e-5,6.885768352668486e-5,6.38709971913189e-5,5.805410816790059e-5,5.13220843221942e-5,4.368585701434379e-5,3.51179208136978e-5,2.5945545525126547e-5,1.6346365627476838e-5,8.006959748221793e-6,1.8482788479115656e-6
-3.635201480793946e-5,-0.00010476107713343882,-0.0001620999894115348,-0.0002098625138024597,-0.0002470135303475091,-0.0002756824078079735,-0.0002969665570741287,-0.0003124203430453118,-0.0003230783316188516,-0.0003299126042131948,-0.0003336404496641158,-0.0003348702552487616,-0.00033406886860168583,-0.00033161886578424095,-0.00032782189297527955,-0.00032292304952250293,-0.0003171187154106357,-0.000310568781126848,-0.00030340295905328875,-0.00029572744642477326,-0.0002876292869818504,-0.00027918030191852845,-0.0002704399547999407,-0.00026145777941862473,-0.000252275255727557,-0.00024292735924244383,-0.00023344379200452187,-0.00022384999125240983,-0.000214167942194775,-0.00020441684147642043,-0.00019461363461233884,-0.00018477345335155684,-0.0001749099697899363,-0.0001650356830173875,-0.00015516214999528326,-0.00014530017086980215,-0.00013545993676526065,-0.0001256511468955144,-0.00011588310054586447,-0.00010616476859513148,-9.650484841232687e-5,-8.691180533023991e-5,-7.739390333357019e-5,-6.79592271399337e-5,-5.861569745857057e-5,-4.937108087785178e-5,-4.023299555817094e-5,-3.120891365760692e-5,-2.2306161235257604e-5,-1.3531916184016746e-5,-4.893204634539553e-6,3.6031038765247877e-6,1.1950302239637083e-5,2.0141852488999168e-5,2.8171393296291685e-5,3.6032748235381e-5,4.371993477947692e-5,5.1227174089800494e-5,5.85489015787726e-5,6.567977833753493e-5,7.261470340100386e-5,7.934882694443657e-5,8.58775643594569e-5,9.219661128958828e-5,9.830195953827386e-5,0.00010418991391049688,0.00010985710986433649,0.00011530053201528854,0.0001205175333335764,0.00012550585506851278,0.00013026364720495666,0.00013478948948321838,0.00013908241275136838,0.0001431419206828512,0.0001469680115778163,0.0001505612002665537,0.00015392253976444386,0.0001570536426393219,0.00015995670162425492,0.00016263450930976481,0.00016509047625235296,0.00016732864711516707,0.00016935371385662265,0.0001711710252383588,0.00017278659121400114,0.00017420708096743602,0.00017543981256098724,0.00017649273231592184,0.00017737438114754598,0.0001780938452214651,0.00017866068734496038,0.0001790848556696941,0.00017937656533918535,0.00017954614896034465,0.0001796038709292547,0.00017955970104260575,0.00017942304217946484,0.00017920240746434785,0.00017890504202358628,0.00017853648528982398,0.00017810007014218432,0.00017759635600782283,0.00017702249469202867,0.0001763715275727526,0.00017563161793161092,0.0001747852176589178,0.00017380818345471815,0.00017266883587712444,0.00017132700704360057,0.00016973303992136142,0.0001678268774041471,0.00016553707516778985,0.00016278018610328763,0.0001594598794072258,0.00015546727393296475,0.00015068008869766465,0.0001449657976388934,0.0001381800372280496,0.00013017828626602233,0.00012080885045440536,0.00010995299793393715,9.749292505421e-5,8.34467829356098e-5,6.782914725752923e-5,5.1154492108433e-5,3.3814717667621984e-5,1.8003627036737275e-5,5.024368952079476e-6
-5.759487118239963e-5,-0.00016338498097004373,-0.00025106583826651466,-0.0003231508898470526,-0.00038022616061102323,-0.0004247792468328992,-0.0004585484139345774,-0.0004835438839464701,-0.0005012791815353394,-0.0005131159202405133,-0.0005201180659537074,-0.0005231775325323839,-0.0005230030969454816,-0.0005201759900950454,-0.0005151633718192317,-0.0005083467075903211,-0.0005000356274294364,-0.0004904836297631109,-0.0004798981865170165,-0.0004684501258207523,-0.0004562804188260422,-0.0004435059803663007,-0.00043022414004575965,-0.0004165163512380347,-0.0004024511331087884,-0.0003880864867692369,-0.00037347184479628116,-0.0003586496681445575,-0.0003436567444927381,-0.0003285252509464884,-0.00031328362064439165,-0.00029795725068719025,-0.0002825690786772441,-0.0002671400517583735,-0.00025168950676194446,-0.00023623547728317254,-0.00022079494044801974,-0.00020538401413999841,-0.00019001811349251275,-0.0001747120740757444,-0.00015948024786601123,-0.00014433657714723566,-0.0001292946505293725,-0.00011436774462440905,-9.95688542150853e-5,-8.491071331045289e-5,-7.040580894623949e-5,-5.606638930515426e-5,-4.190446731306288e-5,-2.7931820698432784e-5,-1.4159989178103522e-5,-6.002693429782758e-7,1.2736292432686239e-5,2.583890875940384e-5,3.869706157660829e-5,5.130051394393392e-5,6.363932331032571e-5,7.570385621890038e-5,8.74848045433493e-5,9.897320324408948e-5,0.00011016044975128416,0.00012103832495242746,0.0001315990158723014,0.00014183513998777207,0.00015173977122388943,0.00016130646752819251,0.00017052930002325748,0.00017940288358620632,0.00018792240881142735,0.00019608367515808848,0.0002038831252047109,0.00021131787976463173,0.0002183857737495758,0.0002250853924879761,0.00023141610832862056,0.000237378117161416,0.00024297247459651749,0.0002482011312945196,0.00025306696701981674,0.00025757382267446103,0.00026172652958592627,0.000265530934924953,0.000268993922058775,0.0002721234241307503,0.00027492842900536587,0.00027741897306293576,0.00027960612108680015,0.00028150192872221396,0.0002831193836620407,0.00028447232088185946,0.0002855753069080504,0.0002864434872609696,0.00028709239096236244,0.00028753768525245085,0.0002877948736174467,0.00028787892972253045,0.00028780386016085297,0.00028758218879774245,0.00028722435636970457,0.00028673802931219967,0.0002861273135682163,0.00028539186974386397,0.00028452592944724957,0.00028351721270988367,0.00028234575383784776,0.0002809826390906716,0.0002793886791582017,0.0002775130186397879,0.0002752917426855682,0.00027264645754252815,0.0002694830153484713,0.00026569023767578266,0.00026113914681209267,0.0002556820725071515,0.0002491533251280253,0.00024136892956610288,0.00023213112479996133,0.0002212282672685045,0.00020845044337267947,0.000193585410176678,0.00017646786453948956,0.00015695092896152158,0.00013506695562149658,0.00011088048632414965,8.504818798723819e-5,5.816184169513253e-5,3.260877080135811e-5,9.914448970336539e-6
-8.119666668320936e-5,-0.00022896934803771584,-0.00035059350329087074,-0.0004499671907864968,-0.0005294426539572515,-0.0005920938496486566,-0.0006403716917910156,-0.0006767277242505699,-0.0007031451693165956,-0.000721372436315489,-0.0007328231941137779,-0.000738683178683665,-0.0007399157551417675,-0.0007373160094765168,-0.000731532376449679,-0.000723098308063231,-0.0007124512701464955,-0.0006999519326215819,-0.0006858978403051676,-0.0006705355099072621,-0.0006540696691183461,-0.0006366710448064085,-0.0006184825308950443,-0.0005996242876334828,-0.0005801978547118879,-0.0005602895365359107,-0.0005399731601774802,-0.0005193123426488554,-0.0004983623475841956,-0.00047717161135811043,-0.0004557829945928841,-0.0004342348091737182,-0.0004125616591710051,-0.0003907951284389183,-0.0003689643411200037,-0.00034709641715296665,-0.00032521684087811955,-0.00030334975791711883,-0.0002815182128943849,-0.0002597443385386967,-0.0002380495049159796,-0.00021645443612485472,-0.00019497930051549621,-0.0001736437794939047,-0.00015246711905174358,-0.00013146816745044737,-0.0001106654018139402,-9.007694588059245e-5,-6.972058066792473e-5,-4.961374945885891e-5,-2.977355814410815e-5,-1.021677174088738e-5,9.040192374084185e-6,2.798127409804326e-5,4.659078288985713e-5,6.485341254403245e-5,8.275425843310925e-5,0.00010027883718989955,0.00011741310890690346,0.0001341435018716411,0.00015045693994343576,0.00016634087257818135,0.00018178330757828538,0.00019677284652774556,0.0002112987229306557,0.00022535084294469983,0.0002389198286573106,0.0002519970637187586,0.0002645747412099487,0.00027664591348173205,0.0002882045437774364,0.0002992455592958489,0.00030976490543904804,0.00031975960080868863,0.00032922779260349393,0.0003381688118497447,0.0003465832279650118,0.0003544729018749635,0.00036184103691688796,0.0003686922263993684,0.0003750324966178584,0.00038086934363296154,0.0003862117619509808,0.00039107026258697157,0.0003954568777054196,0.00039938514820606644,0.0004028700902106409,0.00040592813543403807,0.0004085770399240855,0.00041083575458991027,0.00041272425044318393,0.00041426329041957896,0.0004154741392962245,0.000416378202330743,0.0004169965832183383,0.00041734955144077094,0.0004174559095957218,0.0004173322513545305,0.0004169921020332873,0.00041644493454951533,0.0004156950561384517,0.0004147403626444022,0.00041357096197634986,0.00041216766964089727,0.0004105003889021839,0.0004085263857026564,0.0004061884916238431,0.0004034132491099696,0.00040010907942754294,0.00039616446772611577,0.0003914463717747752,0.0003857987334355873,0.00037904168674101,0.00037097083010320225,0.00036135843671997934,0.00034995403560029656,0.0003364905973553003,0.0003206863964382779,0.00030226434004385874,0.0002809516225097643,0.0002565362322721625,0.00022884370317388192,0.0001979108228495311,0.0001638452900898256,0.00012736674604183021,8.919421737706376e-5,5.169334461302912e-5,1.6427213726868987e-5
-0.00010613270697498998,-0.00029859472344377267,-0.0004566828579113477,-0.0005856243872748951,-0.0006894607847606253,-0.0007719953332264386,-0.0008364384490144422,-0.0008856977365483202,-0.0009222241741076572,-0.0009481359458748729,-0.0009651901905406923,-0.0009748637440508721,-0.0009783762824631982,-0.000976741267003059,-0.0009707955059785394,-0.0009612325900075639,-0.0009486265769165112,-0.0009334541024474712,-0.0009161113130538478,-0.0008969284604106009,-0.0008761815151175974,-0.0008541018881363874,-0.0008308842925018683,-0.0008066932566766101,-0.0007816684488405405,-0.0007559290751507049,-0.0007295774941033774,-0.0007027022021957076,-0.0006753802947998055,-0.0006476794981459111,-0.0006196598447227972,-0.0005913750546487362,-0.0005628736725300543,-0.0005342000016543059,-0.0005053948696635902,-0.00047649625436391115,-0.0004475397933767401,-0.00041855919752792505,-0.00038958658455783945,-0.0003606527470707949,-0.0003317873663438719,-0.0003030191817294588,-0.0002743761237566624,-0.00024588541768174064,-0.00021757366305737535,-0.00018946689391995122,-0.00016159062332674949,-0.00013396987527652832,-0.00010662920641586011,-7.959271943578259e-5,-5.288406960709115e-5,-2.6526465558652847e-5,-5.426650844249776e-7,2.5045033462676808e-5,5.021480384778429e-5,7.494530848672424e-5,9.92157187628121e-5,0.0001230057391078837,0.00014629563490415305,0.00016906626427207482,0.00019129911383131994,0.0002129763384921202,0.00023408080533217872,0.00025459614155294797,0.00027450678648661324,0.00029379804755925575,0.0003124561600716113,0.0003304683505992804,0.00034782290375871876,0.00036450923202829084,0.0003805179482605686,0.0003958409404510958,0.0004104714482812925,0.000424404140857537,0.0004376351950066337,0.0004501623733568717,0.0004619851013225656,0.0004731045419196524,0.00048352366714965185,0.0004932473243899673,0.00050228229593295,0.0005106373493610172,0.0005183232760054555,0.0005253529141022653,0.0005317411526422726,0.0005375049110931182,0.0005426630893873884,0.0005472364815904703,0.0005512476457654113,0.0005547207214935296,0.0005576811856202632,0.0005601555357961152,0.0005621708906960159,0.0005637544950667629,0.000564933117518934,0.0005657323287861241,0.0005661756486897128,0.0005662835506935134,0.0005660723145684315,0.0005655527194019691,0.0005647285724921734,0.0005635950724846488,0.0005621370111243972,0.0005603268211905354,0.0005581224898320174,0.0005554653568252244,0.0005522778434408961,0.0005484611415504742,0.0005438929646530652,0.0005384253812580941,0.0005318829710351082,0.0005240612176240709,0.0005147257923339929,0.000503612157777795,0.0004904274414465629,0.0004748520871198906,0.00045654766619690685,0.0004351610828093588,0.0004103467021482075,0.0003817703194797645,0.00034916936302515164,0.00031233683750112246,0.0002712908340733216,0.0002261551385599876,0.00017764096340932263,0.0001264963895117379,7.493955325114506e-5,2.4426754154093855e-5
-0.00013156750915044427,-0.0003699659376683049,-0.0005659998291336209,-0.0007260754595141345,-0.0008557469438070039,-0.00095957972940254,-0.0010415365010296982,-0.0011050039988429524,-0.0011528904466795798,-0.0011876696157817554,-0.001211430203945487,-0.0012259301082138071,-0.0012326395332214214,-0.0012327878543924842,-0.0012274005616083482,-0.001217333643430028,-0.0012033014795834495,-0.0011859012066306796,-0.001165632562086646,-0.0011429146907403365,-0.0011180999345792755,-0.001091485343470178,-0.0010633221587927927,-0.0010338236968164033,-0.0010031718640105107,-0.0009715225655269531,-0.0009390101861180399,-0.0009057513099715553,-0.0008718478052585003,-0.0008373893833884806,-0.000802455720259035,-0.0007671182133531943,-0.0007314414349144739,-0.0006954843318524395,-0.0006593012142705318,-0.0006229425677851685,-0.0005864557189918673,-0.0005498853787658023,-0.0005132740840823978,-0.000476662555764284,-0.00044008998674370254,-0.00040359427309334726,-0.00036721219805381804,-0.00033097957760434013,-0.0002949313746439036,-0.0002591017876348781,-0.00022352431846949227,-0.00018823182344506346,-0.00015325655042743502,-0.00011863016465890476,-8.438376508427504e-5,-5.054789262837695e-5,-1.7152531454520577e-5,1.5772896064846157e-5,4.819954020649746e-5,8.00991402981895e-5,0.00011144404655773236,0.00014220724733855945,0.00017236240185450346,0.00020188387845923827,0.00023074679860349916,0.00025892708654206366,0.0002864015248680374,0.00031314781586910654,0.0003391446486776984,0.00036437177208113215,0.00038881007282267835,0.00041244165910990244,0.00043524994899976166,0.0004572197632146923,0.00047833742188886744,0.0004985908446225001,0.0005179696531562209,0.0005364652758328978,0.0005540710529239319,0.0005707823417048745,0.0005865966200228623,0.0006015135868161773,0.0006155352578196001,0.0006286660542735738,0.0006409128820869573,0.0006522851983186641,0.000662795061288388,0.0006724571598309854,0.0006812888164525439,0.0006893099581235677,0.0006965430475015354,0.0007030129661707441,0.0007087468404277765,0.0007137737988609143,0.0007181246499542788,0.0007218314667789581,0.0007249270650974052,0.0007274443604284878,0.0007294155894849328,0.000730871381358297,0.0007318396646806592,0.0007323443980726338,0.000732404113510976,0.0007320302647826285,0.0007312253776053526,0.0007299810021335995,0.000728275476245076,0.0007260715131855223,0.0007233136409592043,0.0007199255240642438,0.0007158072273964296,0.0007108324705741647,0.000704845994913269,0.0006976610929240543,0.0006890575712144505,0.0006787801092432449,0.0006665376921591478,0.0006520036417437807,0.0006348181879795362,0.0006145912969979504,0.0005909118643844394,0.0005633542695498735,0.0005315023114602266,0.0004949571862783215,0.0004533978241449758,0.0004065728936725279,0.00035445560046414563,0.00029714415819785456,0.000235282893965725,0.00016956147655919568,0.00010196935544718935,3.377471840543772e-5
-0.00015683299095964494,-0.0004412528684342947,-0.0006758227685188271,-0.0008679395250249918,-0.0010244496971860957,-0.0011506426537796581,-0.0012511874190932616,-0.0013299509612868842,-0.0013902784132448617,-0.0014349885538805023,-0.0014664849408931174,-0.0014867930385461692,-0.0014976231407507065,-0.0015004133956090326,-0.0014963733625337804,-0.0014865192397040298,-0.0014717053419333864,-0.0014526502579139391,-0.001429959213665618,-0.0014041427743265431,-0.0013756325573755655,-0.0013447943568125162,-0.0013119391176003939,-0.0012773320945996254,-0.0012412004967948108,-0.0012037398673166104,-0.001165119407264536,-0.001125486417530445,-0.0010849700034500193,-0.0010436841633677458,-0.0010017303613032585,-0.0009591996676848857,-0.0009161745381746476,-0.0008727302893029954,-0.0008289363200880593,-0.0007848571210259106,-0.00074055310526104,-0.0006960812912871492,-0.0006514958619009138,-0.0006068486202703168,-0.0005621893606725063,-0.0005175661686751365,-0.00047302566313980323,-0.000428613190405669,-0.0003843729792509801,-0.0003403482637550006,-0.00029658137988231075,-0.0002531138405380082,-0.00020998639287979893,-0.00016723906090177415,-0.0001249111756038606,-8.304139451709143e-5,-4.166771185877532e-5,-8.274602263640818e-7,3.9442695597765795e-5,7.910677238160862e-5,0.00011812948958238025,0.00015647629786099337,0.00019411341506543197,0.00023100786979116076,0.0002671275526758887,0.0003024412755418362,0.0003369188384847051,0.0003705311049258168,0.0004032500845917792,0.00043504902427262575,0.0004659025061378192,0.0004957865532554391,0.0005246787418806353,0.0005525583199298439,0.0005794063309712621,0.0006052057428944255,0.0006299415803273742,0.000653601059664557,0.0006761737254437389,0.0006976515865495099,0.0007180292505262147,0.0007373040539254067,0.0007554761863059535,0.0007725488049964214,0.0007885281372625456,0.000803423565804703,0.0008172476928410006,0.0008300163770630857,0.0008417487368546566,0.0008524671119460233,0.0008621969745643712,0.0008709667797357209,0.0008788077431679379,0.0008857535336774715,0.000891839865980678,0.0008971039783851132,0.0009015839791526285,0.0009053180445433316,0.0009083434515654561,0.000910695428648905,0.0009124058087346225,0.0009135014708969638,0.0009140025597121211,0.0009139204750849097,0.0009132556308851869,0.0009119949863617132,0.0009101093636799823,0.000907550572329778,0.0009042483771533763,0.0009001073530157604,0.0008950037005137384,0.0008887820911241277,0.0008812526845835272,0.0008721883985940416,0.0008613227237231232,0.0008483480997498918,0.0008329155361672545,0.0008146351014652032,0.0007930791399147224,0.0007677862149855395,0.0007382713636730008,0.0007040346421294881,0.0006645859786408211,0.0006194563608311183,0.0005682554463307665,0.0005106699617115863,0.0004466022510565044,0.00037608288536106703,0.0002996395250365938,0.0002178409220735008,0.00013238806124938492,4.4320433677616316e-5
-0.00018143186453842313,-0.0005110435040541733,-0.0007839852105878388,-0.0010084601752568833,-0.0011923665632542684,-0.0013416409484401628,-0.0014615871056283519,-0.001556526597506761,-0.001630213375168709,-0.0016857954408025031,-0.0017259708462745345,-0.001753017574541897,-0.0017688724204917093,-0.001775171851618554,-0.001773301550761442,-0.0017644324984677623,-0.0017495554010214529,-0.0017295083903476947,-0.0017050015074002616,-0.0016766370017291803,-0.0016449267079085654,-0.0016103065880196535,-0.0015731490317170765,-0.0015337731704262443,-0.001492453559747044,-0.00144942746377689,-0.001404900972639352,-0.001359054132525078,-0.0013120452474451015,-0.0012640144821494212,-0.0012150868773740833,-0.001165374869976979,-0.0011149803964110004,-0.0010639966454186788,-0.0010125095157371674,-0.0009605988259126436,-0.000908339316096027,-0.000855801475557122,-0.0008030522244834146,-0.0007501554742291519,-0.0006971725864324436,-0.0006441627482228128,-0.0005911832779928885,-0.0005382898738690238,-0.00048553681498086595,-0.00043297712390605466,-0.00038066269716038404,-0.0003286444093314964,-0.00027697219534345886,-0.00022569511441382204,-0.00017486139845292683,-0.00012451848699781046,-7.471305019730309e-5,-2.5491000915579553e-5,2.3102503369802434e-5,7.102306847563367e-5,0.0001182270810782528,0.00016467173592872803,0.00021031507284239936,0.00025511602363153797,0.00029903446918474536,0.000342031306863155,0.00038406852835977005,0.0004251093080637947,0.0004651181019093363,0.0005040607565454374,0.0005419046285648396,0.000578618713368162,0.0006141737831149287,0.0006485425330349003,0.000681699735237629,0.0007136223989506397,0.0007442899359625259,0.0007736843298037,0.0008017903069945783,0.0008285955083867392,0.0008540906583326204,0.0008782697290087298,0.0009011300967924074,0.0009226726870121266,0.0009429021027857872,0.0009618267328455121,0.0009794588324117536,0.0009958145700918815,0.0010109140326853454,0.0010247811784212003,0.001037443727837354,0.0010489329799537362,0.0010592835399775146,0.0010685329431880596,0.001076721158369893,0.0010838899528328397,0.0010900821002652748,0.001095340412022871,0.0010997065726183683,0.0011032197607316922,0.0011059150387667939,0.001107821496290487,0.0011089601365948038,0.0011093415002235434,0.001108963026197632,0.001107806158929114,0.0011058332198765196,0.001102984072629701,0.0010991726281534323,0.001094283246498794,0.0010881671240369362,0.0010806387543605878,0.001071472624395628,0.0010604002560151138,0.00104710790063764,0.0010312349513184758,0.001012373743843381,0.0009900704701507937,0.0009638289211260044,0.0009331153571763063,0.0008973694799944552,0.000856014422779409,0.0008084815908383588,0.0007542241082849165,0.0006927704012330345,0.0006237259251695726,0.0005468964886156417,0.00046220965625738317,0.000370034434044618,0.00027077631377574857,0.0001658098561191979,5.591896049056285e-5
-0.0002049997250922529,-0.0005782603309084246,-0.000888803166294789,-0.001145445651339357,-0.001356900111009193,-0.001529656976379949,-0.0016695661015840965,-0.0017813600225668794,-0.0018691647428902705,-0.0019364333330517977,-0.0019861356478143937,-0.0020207849042453143,-0.0020425283534920126,-0.002053188143861426,-0.0020543158467551995,-0.0020472293945302082,-0.002033049998672692,-0.002012731214646712,-0.0019870851633728035,-0.0019568041765463747,-0.0019224795835594336,-0.00188461747118831,-0.0018436521359547053,-0.0017999574198139484,-0.0017538563203707603,-0.0017056290939807374,-0.0016555201007969215,-0.0016037435725649797,-0.0015504884729028061,-0.001495922586026957,-0.0014401959537908146,-0.0013834437604214624,-0.0013257887504791906,-0.0012673432521137162,-0.0012082108671695407,-0.00114848788029862,-0.0010882644315172603,-0.0010276254899497775,-0.0009666516608580097,-0.0009054198531976415,-0.0008440038307912759,-0.0007824746666495857,-0.0007209011168955764,-0.000659349928112231,-0.0005978860896450579,-0.0005365730404347059,-0.00047547283824336735,-0.00041464629769243056,-0.00035415310225698013,-0.00029405189430400057,-0.0002344003463249237,-0.00017525521576038135,-0.00011667238514230109,-5.870688876446741e-5,-1.4129266342188974e-6,5.515613387060077e-5,0.00011094776849723488,0.000165910318807692,0.00021999302724418822,0.00027314608481614374,0.0003253206916928278,0.00037646913094832547,0.00042654485566854877,0.000475502589520066,0.0005232984407827938,0.0005698900296927543,0.0006152366287955594,0.0006592993158272215,0.0007020411384605429,0.000743427290045098,0.0007834252952667441,0.0008220052044106719,0.0008591397946830708,0.0008948047767512884,0.0009289790043860652,0.0009616446847136577,0.0009927875862126756,0.0010223972410935156,0.0010504671381743598,0.001076994901683235,0.001101982450686686,0.0011254361329090963,0.0011473668257204472,0.001167789995844368,0.0011867257080735247,0.0012041985717678833,0.00122023761242068,0.0012348760538679632,0.0012481509951435099,0.0012601029642827122,0.0012707753299974745,0.001280213550800196,0.0012884642403863248,0.0012955740275794846,0.0013015881895476831,0.0013065490379265824,0.0013104940397280778,0.0013134536579353447,0.0013154489014895795,0.0013164885801184537,0.0013165662676447715,0.0013156569863036157,0.001313713637363334,0.0013106632151586826,0.001306402861414253,0.0013007958293615913,0.0012936674609495117,0.0012848012841761534,0.0012739354076223652,0.0012607593494641113,0.0012449116172854775,0.0012259781440740797,0.0012034922238399744,0.001176935761622113,0.0011457433799728592,0.001109307945671937,0.001066991877963825,0.001018138064488405,0.000962093904283423,0.0008982258561651463,0.0008259685758749652,0.0007448281671021136,0.0006544901983314694,0.0005547511379197621,0.0004457892756685246,0.00032781527241171506,0.00020185909646562114,6.843322765879484e-5
-0.00022727464736073502,-0.0006421210099895842,-0.0009890115267678157,-0.0012771995128595594,-0.001515997469073231,-0.0017123449715301029,-0.00187253987250815,-0.0020016724145047525,-0.0021041957002742835,-0.002183837200501809,-0.0022438129046702124,-0.0022868509555727242,-0.002315291326916736,-0.0023311276092114366,-0.0023360652759616203,-0.0023315596356599283,-0.002318854832559852,-0.0022990140553938616,-0.0022729471722552205,-0.0022414335106278704,-0.0022051418127971125,-0.002164647019468026,-0.0021204447034240083,-0.0020729632866223523,-0.0020225744591744056,-0.001969602006021395,-0.0019143293017299964,-0.0018570056537189847,-0.0017978516714917314,-0.0017370638023257324,-0.001674818159686259,-0.001611273749103553,-0.0015465751828211746,-0.0014808549603752528,-0.0014142353815134363,-0.0013468301479763719,-0.0012787457025700323,-0.00121008234681529,-0.001140935172428968,-0.0010713948366511893,-0.0010015482069435522,-0.0009314788966945079,-0.0008612677102082053,-0.0007909930123521776,-0.0007207310357168932,-0.0006505561359645834,-0.0005805410041578438,-0.0005107568432308313,-0.0004412735143566405,-0.00037215965776771676,-0.0003034827915444432,-0.0002353093910274826,-0.00016770495075766925,-0.00010073403025920217,-3.4460284462667694e-5,3.105352081321318e-5,9.574550822252842e-5,0.0001595547032093386,0.00022242106355999471,0.0002842855245393734,0.0003450900600066105,0.0004047777598625114,0.0004632929241334978,0.0005205811738722285,0.0005765895789268405,0.0006312668024523775,0.0006845632618515695,0.0007364313056079599,0.0007868254052524911,0.0008357023614362041,0.0008830215228327574,0.0009287450162824305,0.0009728379862987147,0.0010152688416926383,0.0010560095067128229,0.0010950356736441058,0.0011323270533434634,0.0011678676195963735,0.0012016458425498748,0.0012336549056797658,0.0012638928998945245,0.0012923629873136612,0.001319073526127921,0.001344038146571395,0.0013672757666191842,0.0013888105343564305,0.0014086716823100438,0.0014268932771921037,0.0014435138467899329,0.0014585758639516302,0.001472125066169321,0.0014842095879261123,0.0014948788822784919,0.0015041824078136897,0.0015121680578123228,0.0015188803098029956,0.001524358076509903,0.001528632242981807,0.0015317228804258016,0.0015336361341741708,0.0015343607927129344,0.0015338645551773275,0.0015320900290500712,0.0015289505037234168,0.0015243255668057451,0.0015180566452873752,0.0015099425877579057,0.001499735411971939,0.0014871364073156144,0.0014717927517377632,0.0014532949617620293,0.0014311753146578983,0.0014049078433063223,0.0013739097966155756,0.0013375459269062038,0.0012951343932665123,0.001245958003632208,0.0011892755483336667,0.001124344555990459,0.0010504360180042483,0.0009668786145787174,0.0008730632279013158,0.000768535263577863,0.0006529375205819161,0.000526235795327057,0.00038842309681880524,0.0002401777676284472,8.173476532264616e-5
-0.00024807862981529935,-0.0007020785430484752,-0.0010836947739576706,-0.0014024576861060498,-0.0016680906199617919,-0.0018878747748262916,-0.002068458049874239,-0.002215228994540236,-0.0023329171299011162,-0.002425489475062458,-0.002496379188424944,-0.0025485065395338216,-0.002584385086264743,-0.002606164141099274,-0.0026156897993310146,-0.0026145439472864056,-0.0026040848443926326,-0.002585478272358156,-0.0025597263142980303,-0.0025276910617493577,-0.0024901155116018397,-0.0024476411958569127,-0.0024008234308488265,-0.0023501442758228157,-0.002296023640081148,-0.002238828733087103,-0.0021788821245036054,-0.0021164685934761105,-0.0020518409498473307,-0.001985224970393187,-0.0019168235809989668,-0.0018468203935783545,-0.0017753826934788404,-0.0017026639585732777,-0.00162880598043756,-0.0015539406477825732,-0.001478191443945435,-0.0014016747027660655,-0.001324500660848194,-0.0012467743386508985,-0.0011685962780820984,-0.0010900631600998158,-0.001011268322223411,-0.0009323021927153161,-0.0008532526554709496,-0.0007742053572822462,-0.0006952439670833285,-0.0006164503950069098,-0.0005379049775362399,-0.00045968663371335924,-0.0003818729962251298,-0.0003045405202258381,-0.00022776457193805267,-0.0001516194983959347,-7.617867913857285e-5,-1.5145602261020253e-6,7.230132941130807e-5,0.00014519837951008606,0.00021710691830828806,0.00028795825117100787,0.00035768471854548633,0.0004262197737419721,0.0004934980809728883,0.0005594556339398473,0.0006240298951085341,0.000687159955591346,0.0007487867153433262,0.0008088530830952168,0.0008673041951856659,0.0009240876521206508,0.0009791537713805054,0.0010324558546143947,0.0010839504669937015,0.0011335977260555127,0.0011813615969202412,0.001227210190220898,0.0012711160585199548,0.001313056486287803,0.001353013767778064,0.0013909754662121225,0.0014269346467054083,0.0014608900741674327,0.001492846366128254,0.0015228140889304393,0.0015508097841448424,0.0015768559102604827,0.0016009806828975487,0.0016232177948201367,0.0016436059952027362,0.0016621885057423323,0.0016790122497355754,0.001694126868934481,0.001707583502410703,0.001719433301539813,0.001729725656223336,0.0017385061092944326,0.001745813939466434,0.001751679397762171,0.001756120589033806,0.0017591399982390698,0.0017607206719043966,0.001760822077206686,0.0017593756768579153,0.0017562802737360933,0.0017513972016224707,0.0017445454558861126,0.0017354968915438947,0.0017239716277924505,0.0017096338578303405,0.0016920882411563855,0.0016708771925712516,0.0016454792337561022,0.0016153089568529207,0.0015797185518272056,0.0015380020756550251,0.0014894014730663216,0.0014331174228570816,0.0013683206160089684,0.0012941728552951215,0.0012098415054721035,0.0011145383884564714,0.0010075256831659338,0.0008881932664777378,0.000756012710560757,0.0006107230765758643,0.00045208565244749866,0.0002804259533987397,9.570224255986336e-5
-0.00026730273218244165,-0.000757779933158968,-0.0011722306040496207,-0.001520325839488684,-0.0018120330323841715,-0.002054872700467523,-0.002255749255372594,-0.0024202867453018374,-0.0025534383457937663,-0.002659372995467084,-0.0027417095184816657,-0.0028035357686760007,-0.002847518374717323,-0.0028759454585094205,-0.002890789556984639,-0.0028937474187863284,-0.0028862816830710395,-0.0028696527918737583,-0.0028449486352437143,-0.002813108975759987,-0.002774947084274348,-0.0027311680484628574,-0.0026823846773117127,-0.0026291310659292385,-0.002571874272017085,-0.0025110242878682307,-0.002446942578551954,-0.002379949364119574,-0.0023103298311415586,-0.0022383394181234605,-0.0021642083088888532,-0.002088145245541793,-0.002010340760002469,-0.001930969908445919,-0.0018501945821929428,-0.0017681654581459439,-0.0016850236433484196,-0.001600902060523446,-0.0015159266149079671,-0.001430217176888668,-0.0013438884099496037,-0.0012570504690485598,-0.0011698095907236577,-0.0010822685928913614,-0.0009945272993956364,-0.0009066829018202765,-0.0008188302688802993,-0.0007310622117766437,-0.000643469712241674,-0.0005561421185658733,-0.00046916731365776127,-0.00038263185814273464,-0.00029662111061316105,-0.00021121932640265798,-0.00012650973564588122,-4.257460089955784e-5,4.050474578278979e-5,0.00012264788670577218,0.00020377532389650275,0.0002838085066563881,0.00036266988202629063,0.0004402829688413892,0.0005165724559780585,0.0005914643252297531,0.000664885999071517,0.0007367665133198195,0.0008070367144330001,0.0008756294808771297,0.0009424799676484717,0.0010075258726656012,0.0010707077233526418,0.0011319691812874235,0.0011912573623379696,0.0012485231691779983,0.0013037216325354696,0.0013568122568777441,0.0014077593655717252,0.0014565324397370863,0.001503106444152914,0.0015474621325305363,0.0015895863233494668,0.001629472136110482,0.0016671191764435075,0.0017025336568410115,0.0017357284380654858,0.0017667229743249934,0.0017955431433814722,0.001822220940663233,0.0018467940145454576,0.0018693050180456756,0.0018898007507004008,0.0019083310631526696,0.001924947496526386,0.0019397016287943693,0.0019526431016951677,0.001963817304075098,0.0019732626915623342,0.0019810077278567054,0.001987067440507583,0.0019914395932402766,0.0019941004888181,0.001995000429860791,0.001994058882042047,0.001991159401446775,0.0019861444110781047,0.0019788099308448975,0.0019689003979402693,0.001956103728851624,0.0019400468277489568,0.001920291731871268,0.0018963326981030662,0.0018675944153501598,0.0018334318385771183,0.0017931316447891573,0.001745916295679855,0.0016909499301723055,0.0016273485656641499,0.0015541909862786145,0.0014705378783065265,0.0013754458114719147,0.0012680007794813718,0.0011473253406941747,0.0010126425643371883,0.0008632404835721628,0.0006986224664909057,0.0005183109741745664,0.00032228209215499524,0.00011022164085103497
-0.0002848927527396927,-0.0008090281350098193,-0.0012542395104968563,-0.001630221244865993,-0.0019470407150473967,-0.0022123644582279062,-0.0024332658872809115,-0.0026155421368077264,-0.002764317650839816,-0.002883923965140826,-0.0029781328485229846,-0.0030501740410282785,-0.003102845678929793,-0.0031385569874339955,-0.0031593920907504814,-0.0031671502092406197,-0.0031633880074476857,-0.0031494520370571825,-0.003126508959225744,-0.0030955704942224353,-0.0030575156046730146,-0.003013109318052598,-0.0029630191349047054,-0.0029078290709842274,-0.002848051786985403,-0.0027841389820466,-0.002716490322973252,-0.0026454610847001115,-0.0025713686881551163,-0.0024944982806680374,-0.0024151074948064568,-0.002333430499013004,-0.002249681441314932,-0.0021640573727213196,-0.002076740726201438,-0.0019879014166139567,-0.0018976986183522134,-0.0018062822695991082,-0.0017137943453800508,-0.0016203699356172674,-0.001526138159213269,-0.0014312229406147107,-0.0013357436713236383,-0.0012398157753157042,-0.0011435511942650227,-0.0010470588057961204,-0.0009504447856365484,-0.000853812922511409,-0.0007572648928421125,-0.0006609005007794773,-0.0005648178877791521,-0.00046911371479979743,-0.0003738833192423529,-0.00027922084795505475,-0.00018521936696101963,-9.197094804375427e-5,4.3326809530394315e-7,9.190303269178094e-5,0.00018234897458465027,0.00027168261160154326,0.0003598163886202807,0.0004466637432066376,0.0005321391996442274,0.0006161584919816065,0.0006986387165188847,0.0007794985138633274,0.0008586582803823223,0.000936040408500535,0.0010115695549081556,0.0010851729352881517,0.0011567806437156598,0.0012263259943460386,0.0012937458824746695,0.0013589811614201277,0.0014219770310432707,0.0014826834329597905,0.0015410554467155553,0.0015970536802600943,0.001650644647060936,0.0017018011210244096,0.0017505024591302567,0.00179673488020499,0.0018404916866955063,0.0018817734144884,0.001920587893962404,0.0019569502033657984,0.0019908824935607884,0.002022413660981321,0.002051578843667988,0.0020784187132981027,0.002102978534656681,0.0021253069628528777,0.002145454548287272,0.00216347191977341,0.002179407617931134,0.0021933055537942865,0.002205202072228193,0.002215122605910057,0.002223077914107212,0.002229059910737992,0.0022330370992272013,0.0022349496463501288,0.0022347041453533493,0.002232168137337784,0.0022271644835759217,0.002219465702141806,0.002208788413431522,0.002194788055450927,0.002177054076315709,0.002155105804138172,0.0021283892852758325,0.0020962752872211313,0.0020580589045113397,0.002012960814189736,0.0019601309773225467,0.001898654198457168,0.001827559479681058,0.0017458303157874223,0.0016524217013908112,0.0015462734928287486,0.0014263389327543359,0.0012915928477377585,0.0011410836443051695,0.0009739082276163343,0.0007893298237772283,0.0005866296124771217,0.00036544151520842214,0.00012518563907387505
-0.00030083768424319003,-0.0008557530469200768,-0.0013295412573633336,-0.0017318207149210753,-0.0020726371998938367,-0.002359719312923701,-0.002600229523357032,-0.002800078807876232,-0.002964512117915553,-0.0030979840810308255,-0.0032043866034173227,-0.003287064989445809,-0.003348926806729121,-0.0033924842188159956,-0.003419917633255163,-0.0034331159426646443,-0.0034337190971467525,-0.00342315079694976,-0.0034026490242020694,-0.0033732913276263705,-0.0033360173610222253,-0.0032916480619016356,-0.0032409024212038855,-0.0031844118780487616,-0.003122732790357642,-0.003056357152427227,-0.0029857218294428328,-0.002911216481642259,-0.00283319036391883,-0.0027519581457451036,-0.0026678048879331907,-0.0025809902905529944,-0.00249175231468326,-0.0024003102661213326,-0.00230686741860506,-0.0022116132435809938,-0.0021147253049291965,-0.002016370869093489,-0.001916708274261912,-0.0018158880961321679,-0.0017140541424882252,-0.0016113443040968586,-0.0015078912853133265,-0.0014038232341431435,-0.0012992642883222622,-0.0011943350511730475,-0.001089153008541761,-0.0009838328959818148,-0.0008784870234784173,-0.0007732255633885368,-0.0006681568058751208,-0.0005633873849144069,-0.0004590224769339395,-0.0003551659732928922,-0.00025192062710054097,-0.00014938817431338268,-4.766942859315574e-5,5.3135650907104006e-5,0.00015292791989856338,0.0002516090386353269,0.0003490814921535069,0.0004452486422429624,0.0005400148122221512,0.0006332854053802591,0.0007249670577131859,0.0008149678252512891,0.0009031974059284757,0.0009895673955068608,0.0010739915766309752,0.001156386239548919,0.0012366705325140138,0.0013147668392494735,0.0013906011802329843,0.0014641036338243934,0.001535208772514565,0.0016038561086934963,0.0016699905434346004,0.0017335628107174978,0.0017945299083951141,0.0018528555058813505,0.0019085103171446354,0.0019614724259524193,0.0020117275486085974,0.0020592692174617876,0.0021040988664618667,0.002146225797821796,0.0021856670066710306,0.0022224468383107935,0.002256596450625336,0.0022881530522525706,0.00231715888567759,0.002343659923370689,0.0023677042449762532,0.0023893400642397418,0.0024086133764447664,0.002425565200468733,0.0024402283948291325,0.0024526240340110228,0.0024627573406957684,0.002470613180745481,0.0024761511418221415,0.0024793002323221028,0.002479953256272055,0.0024779609396421744,0.002473125907402402,0.0024651966323236815,0.0024538615059642704,0.0024387432001407054,0.002419393526505971,0.0023952890001660817,0.002365827382898021,0.0023303254108986604,0.0022880180854850016,0.00223805961357553,0.002179526623376569,0.002111423244819002,0.002032689472754169,0.0019422107352026696,0.0018388327655117034,0.0017213742415669547,0.001588650709801175,0.0014394839232254267,0.001272742898918539,0.0010873295431803223,0.0008822664890793068,0.0006565947140686808,0.0004096159054825522,0.00014049308385073253
-0.00031516063661106897,-0.0008979851080860206,-0.0013981166817662578,-0.0018250152180281178,-0.0021886035295972618,-0.0024965980558140106,-0.002756179229948376,-0.002973316891911296,-0.003153328448464383,-0.0033007533598201286,-0.0034195715062532443,-0.0035132174565051457,-0.003584686150483133,-0.003636574374554132,-0.003671143349092548,-0.003690358667299997,-0.0036959326256265287,-0.0036893568908950326,-0.0036719330848148466,-0.0036447982035338593,-0.003608947326391359,-0.0035652530013045424,-0.0035144822382259726,-0.0034573111358852755,-0.0033943375860992667,-0.0033260922212877916,-0.003253047870583389,-0.0031756276944823443,-0.00309421218217848,-0.003009145155368069,-0.002920738914784182,-0.0028292786440238323,-0.0027350261739631306,-0.002638223196738086,-0.002539094007895737,-0.0024378478448547508,-0.002334680881227188,-0.002229777928561644,-0.0021233138902150305,-0.002015455005863981,-0.0019063599197700252,-0.001796180601091299,-0.0016850631403134446,-0.0015731484421204855,-0.0014605728317445138,-0.0013474685889264943,-0.001233964421082892,-0.0011201858850380638,-0.001006255764741115,-0.0008922944106864358,-0.0007784200452993799,-0.0006647490372859597,-0.0005513961468755203,-0.00043847474298299344,-0.00032609699257764595,-0.00021437402193331706,-0.00010341604897145948,6.667514445301326e-6,0.00011576799165172682,0.00022377740326234627,0.0003305884637556404,0.00043609461405586105,0.0005401900914896081,0.000642770038260418,0.0007437306493258826,0.0008429693601873394,0.0009403850747122308,0.0010358784326129431,0.0011293521157031256,0.0012207111914455235,0.0013098634916914665,0.0013967200237974457,0.0014811954105746902,0.0015632083546864603,0.0016426821222472895,0.0017195450393739484,0.001793730994406425,0.0018651799373055602,0.0019338383664747583,0.0019996597917786444,0.002062605160984743,0.002122643235071784,0.002179750895986557,0.0022339133683269372,0.0022851243342866404,0.0023333859188526705,0.002378708519968702,0.002421110456017869,0.002460617400880306,0.0024972615748581313,0.0025310806583769413,0.002562116394448137,0.0025904128459559392,0.002616014274795564,0.0026389626123673247,0.0026592944947579264,0.0026770378418066064,0.0026922079668949194,0.00270480321442665,0.0027148001341024083,0.0027221482160025763,0.002726764227276006,0.0027285262108924942,0.0027272672275889275,0.002722768945984731,0.002714755208164679,0.0027028857254016376,0.0026867500777097175,0.002665862223305178,0.0026396557270970725,0.002607479966174704,0.002568597523974242,0.0025221830947693893,0.002467324019820923,0.0024030229212018226,0.0023282022043265324,0.0022417113581625968,0.002142335712883044,0.0020288092551845526,0.0018998265573276704,0.001754062448076807,0.0015901827299580347,0.0014068752176219547,0.0012028459883066894,0.0009768798165203515,0.0007277815418214548,0.0004545324276239766,0.00015604851400583084
-0.00032791125314780194,-0.0009358339708745211,-0.0014600755137742388,-0.0019098697678056045,-0.0022949330278050992,-0.0026229053453880715,-0.002900922994403771,-0.0031349645397516215,-0.003330375524016274,-0.003491744065279663,-0.0036231071029389026,-0.003727962858740359,-0.0038093720177900525,-0.0038699978496159492,-0.003912167033702858,-0.003937908924223923,-0.003948997207712841,-0.003946982286001079,-0.003933221656206949,-0.003908905267656673,-0.003875078227107561,-0.003832660244548713,-0.0037824627171461045,-0.003725203473307021,-0.0036615196081360127,-0.003591978569920975,-0.003517087757036244,-0.0034373027920070404,-0.0033530346538574005,-0.0032646558108646775,-0.0031725054889631516,-0.0030768941899351793,-0.0029781075626384634,-0.0028764097165365323,-0.00277204605662613,-0.0026652457085129255,-0.0025562235938696573,-0.0024451822085399303,-0.0023323131486826625,-0.0022177984241107005,-0.002101811592534966,-0.001984518743518855,-0.001866079356667887,-0.001746647054739931,-0.0016263702690085145,-0.0015053928312230233,-0.0013838545039058956,-0.00126189145841582,-0.0011396367082066549,-0.0010172205029478965,-0.0008947706876616794,-0.0007724130297165647,-0.0006502715154057138,-0.0005284686168907652,-0.00040712552952014284,-0.00028636237888967974,-0.0001662983965181296,-4.705206264756435e-5,7.125878558443057e-5,0.00018851688248670514,0.0003046055005989422,0.00041940845778850103,0.000532810166385609,0.000644695725836727,0.0007549510600616721,0.0008634631002888388,0.0009701200137063322,0.0010748114777126925,0.0011774289989812219,0.0012778662758726434,0.0013760196020279236,0.0014717883081642443,0.0015650752382671553,0.001655787255413231,0.0017438357714754272,0.0018291372938329757,0.0019116139810356023,0.0019911941980158667,0.002067813060037566,0.002141412952937753,0.0022119440155201455,0.002279364568017879,0.002343641468528898,0.0024047503770745844,0.0024626759046569822,0.0025174116222159916,0.002568959902013646,0.002617331561535626,0.0026625452778641493,0.002704626738522141,0.0027436074934632294,0.002779523472088793,0.0028124131294536333,0.0028423151870779974,0.0028692659366401766,0.0028932960791428273,0.002914427078582376,0.002932667017483614,0.0029480059525185654,0.002960410781402661,0.0029698196479428177,0.002976135929736278,0.002979221873232872,0.0029788919621982044,0.0029749061292367626,0.002966962942793382,0.0029546929272708687,0.002937652193623175,0.0029153165835312184,0.002887076538115915,0.0028522329310295153,0.0028099940820088755,0.002759474220203552,0.002699693553330315,0.0026295802580188782,0.0025479743415398335,0.0024536338634797007,0.0023452428595288925,0.0022214222029706475,0.0020807409296905925,0.001921731997261115,0.001742904550487745,0.001542765919679947,0.0013198281902855446,0.0010726435192037278,0.000799787104120208,0.0004999331493524861,0.00017176188930830209
-0.0003391593042514182,-0.0009694703032065358,-0.0015156287850156733,-0.001986588429950899,-0.002391791366194136,-0.002738746694798902,-0.003034492979050631,-0.0032849727282549413,-0.0034955195630879893,-0.0036707366411729563,-0.0038146888844322623,-0.003930913742066557,-0.004022516791271714,-0.0040922101506799926,-0.004142370965933353,-0.0041750796383060226,-0.004192160445237616,-0.004195213387306288,-0.004185644118559542,-0.0041646890558018745,-0.004133437913293375,-0.004092853066674281,-0.004043786601530195,-0.003986995065392107,-0.003923152335801276,-0.0038528607587035263,-0.003776660808758361,-0.003695039434167489,-0.003608437263179281,-0.0035172548122234582,-0.003421857829148787,-0.0033225818846858253,-0.0032197363147783977,-0.003113607602831111,-0.00300446228095361,-0.0028925494191258633,-0.0027781027627859496,-0.0026613425714271813,-0.002542477203943125,-0.002421704490210605,-0.0022992129229275488,-0.00217518269878154,-0.0020497866336940188,-0.0019231909729911522,-0.0017955561139468426,-0.001667037255096046,-0.0015377849840626009,-0.0014079458132740593,-0.0012776626708953225,-0.001147075352494297,-0.0010163209374018448,-0.0008855341723697855,-0.0007548478239822611,-0.0006243930002966268,-0.0004942994413814817,-0.00036469577775995757,-0.00023570975524552957,-0.00010746842427534361,1.9901708423415495e-5,0.00014627456814111779,0.0002715244428213105,0.0003955259583038079,0.0005181541003069247,0.0006392842850105858,0.0007587924797770851,0.0008765553750990217,0.0009924506083801193,0.0011063570395423849,0.0012181550778215609,0.0013277270583485381,0.0014349576663342048,0.0015397344057614256,0.0016419481085547397,0.0017414934791196988,0.00183826966804012,0.0019321808674478162,0.0020231369192716523,0.0021110539260643674,0.0021958548525427826,0.0022774701041877042,0.0023558380673937293,0.002430905593549989,0.0025026284072733307,0.0025709714166012995,0.0026359089005479255,0.0026974245468255973,0.002755511310067094,0.002810171058369408,0.002861413973821898,0.0029092576707339802,0.0029537259940259674,0.0029948474595878514,0.0030326532988952794,0.003067175071724392,0.0030984418140357637,0.0031264766928886223,0.003151293147233067,0.00317289050240237,0.0031912490576639844,0.003206324659913455,0.003218042792953031,0.003226292230144158,0.003230918318850461,0.003231715986925478,0.0032284225847484037,0.003220710699299418,0.0032081810998911536,0.0031903559954679587,0.0031666728026012937,0.003136478635864657,0.0030990257432781387,0.003053468106557373,0.0029988594263027726,0.002934152684623857,0.002858201463662501,0.0027697631389810534,0.0026675040418907793,0.0025500065815099956,0.002415778277585861,0.002263262603899987,0.0020908512228940755,0.0018968978821282236,0.001679732280360643,0.0014376766423735018,0.0011690578467151806,0.0008722298593675604,0.0005455745291059443,0.0001875483554206668
-0.000348989403824662,-0.0009991107548350552,-0.0015650653439564434,-0.0020554840897430175,-0.00247948143562317,-0.0028443898869739033,-0.0031571048885402834,-0.003423493663122975,-0.0036488422499213785,-0.003837738172502458,-0.003994247515618061,-0.004121924038656152,-0.004223898449852221,-0.004302914866615304,-0.004361386473244059,-0.004401432413577099,-0.004424917065928289,-0.004433481115311831,-0.004428570815267535,-0.004411462675935355,-0.004383285669322926,-0.004345040377550999,-0.004297615887370947,-0.004241804445393989,-0.00417831426521923,-0.00410778063505507,-0.004030775567444583,-0.0039478161489958545,-0.003859371762550256,-0.003765870318932135,-0.003667703629307048,-0.0035652320297734335,-0.003458788359720481,-0.0033486813823049933,-0.003235198725687361,-0.0031186094137138835,-0.0029991660464466505,-0.0028771066831012387,-0.0027526564731598178,-0.0026260290751947235,-0.0024974278974645215,-0.0023670471893893607,-0.0022350730086585753,-0.0021016840847908804,-0.0019670525965392567,-0.0018313448774387824,-0.0016947220611038274,-0.0015573406754803717,-0.00141935319317118,-0.001280908543106656,-0.0011421525872412767,-0.001003228564573761,-0.0008642775036022701,-0.0007254386033260216,-0.000586849582068577,-0.0004486469927140364,-0.0003109665024119345,-0.00017394313440893553,-3.771146937895356e-5,9.759419651583987e-5,0.00023183973965579076,0.0003648911458268544,0.0004966144984945943,0.0006268760207815657,0.0007555421730838221,0.0008824798077853266,0.0010075563819891885,0.0011306402285274945,0.0012516008848066544,0.0013703094782056193,0.0014866391658795398,0.0016004656258043293,0.0017116675948587203,0.0018201274485390101,0.0019257318156702143,0.002028372220061956,0.002127945739602645,0.002224355671621949,0.0023175121916278432,0.0024073329905694853,0.00249374387375776,0.002576679302297038,0.002656082855564984,0.002731907590712143,0.0028041162726037397,0.0028726814449147047,0.0029375853105132166,0.0029988193866981433,0.003056383898664971,0.003110286872647301,0.003160542889009104,0.003207171455032281,0.0032501949578499175,0.0032896361598052184,0.0033255152021166114,0.0033578460879721776,0.003386632623684249,0.0034118638061084662,0.003433508656695811,0.003451510516944069,0.0034657808369739206,0.0034761925079154713,0.0034825728097224876,0.003484696068271684,0.0034822761384140305,0.003474958852734454,0.003462314596815769,0.003443831192725262,0.0034189072856241607,0.0033868464451962347,0.0033468521885034247,0.003298024148507602,0.0032393555632303627,0.0031697323139913886,0.0030879335701385754,0.0029926343201406064,0.0028824095195856716,0.0027557404744434355,0.002611022203908733,0.0024465739116241447,0.002260648086094032,0.0020514461020181072,0.0018171247238468072,0.0015558223535461486,0.0012656497238210027,0.000944749546257007,0.0005912271361214655,0.00020332808947619752
-0.0003574966498394772,-0.001025005205212532,-0.0016087318858143374,-0.002116952514396595,-0.00255841269068946,-0.002940230857212824,-0.003269121584832278,-0.0035508429899065493,-0.0037906022836980114,-0.003992943879643475,-0.004161910671774808,-0.004301051569133875,-0.004413504000751169,-0.004502028220485414,-0.004569059768735212,-0.0046167447965737825,-0.004646977730356797,-0.004661431359935909,-0.004661585241064562,-0.004648749800657381,-0.004624088067017078,-0.0045886344782454245,-0.004543311510889964,-0.004488944139781715,-0.004426272496325623,-0.004355962866956089,-0.004278617261977312,-0.004194781707581361,-0.004104953427843072,-0.004009587050426148,-0.003909099964062501,-0.003803876937471511,-0.003694274099666955,-0.0035806223688977174,-0.003463230408032901,-0.003342387174483034,-0.003218364124608521,-0.0030914171248412566,-0.0029617881150218977,-0.0028297065632638977,-0.0026953907462109045,-0.0025590488835979435,-0.002420880151676591,-0.0022810755961177155,-0.002139818961561642,-0.0019972874518677983,-0.001853652432412576,-0.0017090800833473548,-0.001563732010629676,-0.0014177658197602927,-0.001271335655555017,-0.001124592709860825,-0.0009776856979329246,-0.0008307613031547276,-0.0006839645889324395,-0.0005374393758966319,-0.0003913285819875252,-0.0002457745225890241,-0.00010091916758676841,4.3095647927012925e-5,0.00018612806263071746,0.00032803608087405574,0.00046867752057629965,0.0006079100198856909,0.0007455911049872248,0.0008815783209251464,0.001015729426736457,0.0011479026554681755,0.0012779570388841942,0.0014057527957610013,0.0015311517817040137,0.0016540179973124263,0.0017742181503679776,0.0018916222663955848,0.0020061043405845166,0.002117543022497074,0.002225822323389774,0.0023308323341410878,0.002432469939899859,0.0025306395154351827,0.002625253582986073,0.0027162334119542253,0.0028035095373097566,0.0028870221708543046,0.0029667214767989925,0.003042567680278663,0.0031145309747581695,0.0031825911916466424,0.0032467371932222286,0.003306965948071681,0.003363281247139726,0.0034156920181115853,0.0034642101967476565,0.003508848115912662,0.003549615376993058,0.003586515174070109,0.0036195400492218697,0.003648667067458901,0.0036738524125358163,0.003695025419891357,0.003712082080458085,0.0037248780685640516,0.0037332213683342564,0.0037368645955120497,0.0037354971339965074,0.003728737229538618,0.003716124202088082,0.003697110959761121,0.003671057005251156,0.0036372221464515547,0.0035947611030085827,0.003542719238327083,0.0034800295522660336,0.0034055111980060846,0.0033178694720658835,0.0032156977147953674,0.003097480514079773,0.0029615994256140666,0.0028063388446021302,0.0026298962175286262,0.00243038835953483,0.0022058688315843033,0.001954327770600448,0.0016737273910529431,0.0013619729118212122,0.0010170070828168902,0.0006366754541662817,0.0002190262052642796
-0.00036478299800094503,-0.0010474261838281675,-0.0016470161284024255,-0.0021714501464750974,-0.002629074585147085,-0.00302676380996461,-0.0033710207882001997,-0.0036674658644801,-0.0039212005259800925,-0.004136701861719237,-0.004317967790750626,-0.004468523153779517,-0.0045914952059091544,-0.004689645617170219,-0.004765419497212474,-0.004820978964248818,-0.004858238984841284,-0.004878896305286081,-0.004884456828563856,-0.004876258991954835,-0.004855494892260734,-0.004823228639871659,-0.0047804126181269155,-0.00472790165629614,-0.00466646545677421,-0.004596799410622048,-0.004519534019411888,-0.00443524307038999,-0.004344450725328686,-0.004247637652962543,-0.004145246329614666,-0.004037685615275994,-0.003925334703084718,-0.0038085465279925155,-0.003687650711235164,-0.0035629561077771352,-0.0034347530159216087,-0.0033033151006908535,-0.003168901075946283,-0.0030317561840905428,-0.0028921135067919773,-0.002750195135243053,-0.0026062132241290526,-0.002460370949545613,-0.0023128633876577666,-0.0021638783277753448,-0.002013597030804439,-0.0018621949415989559,-0.0017098423616107715,-0.0015567050863597254,-0.001402945010617447,-0.0012487207027695097,-0.0010941879486116644,-0.00093950026378557,-0.0007848093731982246,-0.0006302656550490214,-0.00047601854652733953,-0.00032221690781405126,-0.00016900934072852056,-1.654445819753189e-5,0.0001350288993235981,0.0002855615042632088,0.0004349036427814207,0.0005829050793357687,0.0007294150878422353,0.0008742825517590778,0.0010173561348069873,0.001158484523265012,0.0012975167399539539,0.0014343025290325937,0.0015686928096834054,0.0017005401955632433,0.001829699575623278,0.0019560287504630383,0.0020793891168820254,0.002199646391590537,0.0023166713632797606,0.0024303406602639932,0.0025405375188518723,0.002647152535302478,0.002750084381858339,0.0028492404647272158,0.0029445374992368026,0.003035901974504818,0.0031232704771418473,0.0032065898405391324,0.0032858170835374165,0.0033609190995661734,0.003431872055111108,0.003498660454485618,0.0035612758268640608,0.003619714991287113,0.0036739778564631605,0.003724064714577353,0.0037699729926221354,0.0038116934308475557,0.0038492056664006192,0.003882473210880601,0.00391143782380441,0.003936013299544961,0.003956078703254615,0.003971471111245253,0.00398197793266015,0.003987328912031135,0.003987187934228549,0.003981144776521584,0.003968706969733541,0.003949291952482154,0.003922219705527022,0.0038867060784811957,0.003841856987513929,0.0037866637193129885,0.003719999441995822,0.0036406172218054183,0.003547149396045632,0.003438108891785204,0.003311891575189743,0.003166781395615727,0.0030009549444896385,0.002812491527278808,0.002599377018686931,0.0023595230493715378,0.0020907608143439136,0.0017908853325313153,0.00145760818643175,0.0010886845511337859,0.0006817177906540621,0.00023457270582381455
-0.00037095426025768313,-0.001066660038104403,-0.0016803326577045105,-0.002219475231834627,-0.002692013774342642,-0.0031045552692976638,-0.0034633667128497474,-0.0037739068748408127,-0.004041148794876723,-0.004269481236567362,-0.004462837974184003,-0.004624702598632175,-0.004758176907350826,-0.004866010526179484,-0.0049506463517362135,-0.005014252220016795,-0.005058754763752055,-0.005085867045932445,-0.00509711477097915,-0.005093858810234551,-0.005077315607584442,-0.00504857497563092,-0.005008615892136616,-0.004958320302063114,-0.004898485237462351,-0.004829833381605118,-0.004753022282150756,-0.004668652353963679,-0.0045772738250195325,-0.004479392751047471,-0.0043754762195822045,-0.0042659568479122365,-0.004151236670521691,-0.004031690500010975,-0.003907668836608214,-0.003779500392212453,-0.0036474942871307058,-0.003511941970224115,-0.003373118906655192,-0.0032312860713833453,-0.0030866912812137176,-0.002939570393321864,-0.0027901483938701428,-0.002638640396421767,-0.0024852525664280003,-0.0023301829849561163,-0.0021736224621236176,-0.0020157553082611247,-0.0018567600687169747,-0.0016968102263214587,-0.001536074873912456,-0.001374719357876767,-0.0012129058924524008,-0.0010507941434753755,-0.0008885417793826991,-0.0007263049865550252,-0.0005642389455095528,-0.00040249826401592647,-0.0002412373629062458,-8.061081018443063e-5,7.922640101357664e-5,0.0002381186349685526,0.0003959094606023245,0.0005524415672156977,0.0007075567521468238,0.0008610959831834826,0.0010128995379035833,0.0011628072213006012,0.0013106586621620209,0.0014562936876035188,0.0015995527740452708,0.0017402775715978337,0.0018783114974624637,0.0020135003923780056,0.0021456932325172873,0.002274742887381189,0.002400506912330475,0.002522848362233149,0.0026416366104837236,0.0027567481551704796,0.002868067391626975,0.002975487327803845,0.0030789102160829777,0.0031782480721106415,0.003273423048260712,0.003364367626243885,0.0034510245905331268,0.0035333467415019954,0.0036112963049187265,0.003684843992583384,0.0037539676679552336,0.0038186505705064345,0.0038788790538523883,0.003934639795367743,0.003985916439624641,0.004032685644472859,0.004074912507495868,0.00411254536172273,0.004145509943240411,0.004173702949422833,0.004196985024880074,0.004215173232592501,0.0042280330892279965,0.004235270266614501,0.00423652208282428,0.004231348929604156,0.004219225798570812,0.004199534091241752,0.00417155389662397,0.0041344569495388225,0.0040873004372541455,0.004029021896202109,0.003958435269155402,0.003874228457408479,0.0037749621300800845,0.00365907052272958,0.0035248630329246934,0.003370528885479229,0.003194140551550872,0.0029936637923081593,0.0027669593585013816,0.0025118039789006424,0.002225878756312724,0.0019068216466424145,0.0015521635094768358,0.0011594852271217138,0.0007261662367402331,0.0002499024593911547
-0.00037611764229910136,-0.0010829996422914267,-0.0017091111052520871,-0.002261551904400622,-0.002747814689424685,-0.0031742217333114303,-0.0035467854186091077,-0.0038707836561211522,-0.004151042234025695,-0.004391843705149724,-0.004597041118555575,-0.004770061689366681,-0.004913968138826495,-0.0050314859216754266,-0.005125045012987759,-0.005196809579625323,-0.005248709747298993,-0.005282467823355448,-0.00529962323020608,-0.005301554074293598,-0.005289496732908394,-0.005264563001350986,-0.005227755342940882,-0.005179980243770724,-0.0051220599557891,-0.005054742746576154,-0.004978711846764538,-0.00489459322898146,-0.004802962364430058,-0.004704350078100616,-0.0045992476189903875,-0.004488111046733664,-0.004371365027564753,-0.00424940612149878,-0.0041226056340487975,-0.003991312096935507,-0.0038558534346544216,-0.0037165388664940095,-0.0035736605871959284,-0.0034274952634990603,-0.0032783053785472747,-0.003126340451312864,-0.0029718381539382698,-0.0028150253460184345,-0.002656119041453124,-0.0024953273204141465,-0.0023328501962917676,-0.0021688804450567716,-0.0020036044023765244,-0.0018372027319409087,-0.0016698511668371816,-0.0015017212243698997,-0.0013329808935171924,-0.0011637952931391302,-0.0009943272981890773,-0.0008247381304335985,-0.0006551879096150554,-0.00048583616053773644,-0.0003168422712586599,-0.00014836589738119097,1.9432692592504042e-5,0.00018639233581677262,0.00035235076232946846,0.000517144455370159,0.0006806085887681807,0.0008425770447725102,0.0010028825150057562,0.0011613566863581293,0.0013178305126924973,0.0014721345721033369,0.0016240995082628187,0.0017735565529885804,0.0019203381256870922,0.002064278503636365,0.0022052145553117454,0.002342986526954575,0.0024774388705203075,0.00260842109881343,0.0027357886512241396,0.0028594037508198177,0.0029791362308259507,0.0030948643055512468,0.0032064752578279013,0.003313866011825026,0.0034169435569879393,0.0035156251856294334,0.0036098385037623064,0.0036995211719205745,0.0037846203304455848,0.003865091661880105,0.003940898042247189,0.004012007733023367,0.00407839206711761,0.004140022585092208,0.004196867582801922,0.004248888038500008,0.004296032896782395,0.004338233698362385,0.004375398558884241,0.0044074055165407725,0.004434095287032215,0.004455263485153536,0.004470652393974743,0.004479942385758402,0.0044827431198861565,0.004478584666434521,0.004466908718329295,0.004447060078388324,0.004418278602415058,0.004379691812927107,0.004330308341906726,0.00426901245178586,0.004194559678690355,0.004105573967256705,0.0040005459813891985,0.0038778334552506373,0.0037356621407495473,0.0035721300951028073,0.003385210130951138,0.003172759927504903,0.0029325218640123456,0.002662145775383011,0.002359172498672857,0.002021093999745117,0.001645274178543893,0.0012291336282025127,0.000769846663872901,0.0002649551909462824
-0.0003803797381557956,-0.0010967384007649792,-0.0017337863502426933,-0.002298216879117137,-0.00279708313327394,-0.0032364106322850996,-0.0036219436172544588,-0.003958763995010324,-0.004251535139920746,-0.0045044184826685514,-0.004721172270004442,-0.004905154247518109,-0.0050593761212333515,-0.005186528411628296,-0.005289018578528717,-0.005368998643152495,-0.005428394796694166,-0.005468932128674661,-0.00549215819806559,-0.005499463559895502,-0.005492100450205772,-0.005471199205897434,-0.00543778289492519,-0.005392780155743938,-0.005337036501113875,-0.005271324196311318,-0.0051963508886384915,-0.005112767115179331,-0.005021172827267019,-0.004922123047704715,-0.004816132772562969,-0.0047036812155858915,-0.00458521548517738,-0.004461153773495215,-0.004331888128926859,-0.004197786874674925,-0.004059196728793689,-0.003916444673928463,-0.0037698396187450353,-0.0036196738871969096,-0.003466224566607188,-0.0033097547407882994,-0.0031505146302383286,-0.0029887426576226082,-0.0028246664534037594,-0.002658503813437706,-0.002490463617703582,-0.0023207467169357116,-0.0021495467918542506,-0.0019770511878202377,-0.0018034417261420317,-0.0016288954918295627,-0.0014535855963835878,-0.0012776819131481963,-0.0011013517818756694,-0.0009247606784164515,-0.0007480728448598882,-0.000571451875001642,-0.0003950612497009198,-0.00021906481650805658,-4.362720789048683e-5,0.0001310858075305299,0.0003049070461193548,0.00047766770777460404,0.0006491972564614106,0.0008193233866765416,0.0009878720790698437,0.0011546677475413852,0.0013195334791331209,0.001482291366843158,0.0016427629342014242,0.0018007696489585597,0.0019561335216527103,0.002108677783011558,0.0022582276322546625,0.002404611046214821,0.002547659636976925,0.002687209543236285,0.002823102338016898,0.002955185932542416,0.0030833154531603895,0.0032073540650540432,0.00332717371332272,0.0034426557486325064,0.0035536914013885898,0.0036601820650272016,0.003762039345991908,0.003859184835051916,0.003951549552330874,0.004039073016599244,0.004121701888601426,0.004199388138347285,0.004272086687997098,0.004339752485140309,0.004402336966528161,0.004459783879539547,0.004512024438405574,0.004558971804258588,0.004600514892741587,0.0046365115299071115,0.004666780996279314,0.0046910960200663146,0.00470917430234002,0.00472066968037984,0.0047251630562105814,0.004722153240886541,0.0047110478781621995,0.004691154635322676,0.004661672840542257,0.004621685783373908,0.004570153829262004,0.00450590860535468,0.004427648279292564,0.004333934333251545,0.004223189449133957,0.0040936974916940035,0.003943603917177068,0.003770919782291854,0.0035735233919445713,0.003349170561076529,0.0030954928488357244,0.002810022025932121,0.0024901692981005043,0.002133292475030028,0.001736602934873551,0.0012973755479517447,0.0008125987222774135,0.0002796754786121242
-0.00038384491325320114,-0.0011081653857034548,-0.0017547904899884474,-0.0023300084331746625,-0.0028404325710229376,-0.0032917842741187605,-0.003689530641859073,-0.004038546188265328,-0.004343320063273013,-0.004607880457328134,-0.004835879121666507,-0.005030593215854415,-0.005194973146581433,-0.0053316651007737125,-0.005443045561400363,-0.005531246861829732,-0.005598184603426313,-0.005645580834176998,-0.005674986196715957,-0.005687799344914603,-0.005685284660102019,-0.005668587877661208,-0.0056387500343532794,-0.005596719733039872,-0.005543363951862714,-0.005479477499645042,-0.0054057912804690664,-0.005322979487306098,-0.005231665855335713,-0.005132429085884018,-0.005025807548030127,-0.004912303352315914,-0.004792385883354897,-0.004666494868290467,-0.004535043050110376,-0.004398418526601167,-0.004256986808553002,-0.004111092643934217,-0.00396106164863125,-0.00380720177863359,-0.003649804673479659,-0.003489146896113868,-0.003325491090191331,-0.003159087072110216,-0.002990172871758776,-0.0028189757329716795,-0.0026457130820876805,-0.002470593470631972,-0.0022938174961174484,-0.0021155787031079494,-0.0019360644651123624,-0.0017554568464666766,-0.001573933442160445,-0.0013916681925139915,-0.0012088321687405833,-0.001025594324685666,-0.0008421222094502948,-0.0006585826351502853,-0.0004751422937462293,-0.00029196831668642473,-0.00010922877105512317,7.29069140054946e-5,0.0002542675966254303,0.000434680152957495,0.0006139692945446689,0.0007919574768568087,0.000968464902796703,0.0011433096240310921,0.0013163077419573715,0.0014872737088600875,0.0016560207284572013,0.0018223612534497503,0.0019861075760154697,0.002147072505252499,0.002305070123566456,0.0024599166117024304,0.0026114311297505697,0.002759436738793106,0.0029037613451288217,0.003044238645979062,0.0031807090525129617,0.003313020562679894,0.0034410295530072706,0.003564601454987589,0.0036836112782708524,0.003797943939407043,0.003907494351748975,0.004012167229159222,0.004111876553850424,0.004206544656899914,0.004296100859271754,0.004380479621469673,0.004459618151829857,0.004533453426885267,0.004601918582784067,0.004664938644325833,0.004722425568301594,0.004774272590294956,0.004820347879177591,0.004860487520962595,0.004894487873170108,0.004922097352325561,0.004943007739200091,0.0049568451100028875,0.004963160522335958,0.0049614206084350465,0.004950998240327911,0.0049311634564295215,0.004901074827877309,0.00485977148380461,0.004806165940589446,0.004739038000635695,0.004657029723669038,0.004558641903909315,0.004442231608280864,0.004306011874920108,0.004148051693812722,0.003966279832732758,0.0037584858405916716,0.003522330532562089,0.0032553428708612274,0.002954946066363606,0.002618432977538857,0.002243039689764813,0.0018258400075505273,0.001363978056790624,0.000854275825936144,0.0002940127463384563
-0.0003866140227053747,-0.0011175614448753909,-0.0017725463441821796,-0.0023574573999325292,-0.0028784728167000075,-0.003341006470720013,-0.0037502432943332066,-0.004110842402181308,-0.004427109962204741,-0.004702931398731597,-0.004941842519538517,-0.0051470306747817334,-0.00532137629085587,-0.005467473164001772,-0.005587659465122032,-0.005684041236143951,-0.005758517616966962,-0.0058128024432407424,-0.005848444931749398,-0.005866847937138965,-0.0058692846475465275,-0.0058569133639776476,-0.005830790712074384,-0.005791883281228699,-0.005741077890965349,-0.005679190578424788,-0.0056069744562401175,-0.005525126553592924,-0.005434293763269114,-0.00533507800042038,-0.005228040675164762,-0.005113706569691318,-0.004992567203323972,-0.004865083759718159,-0.004731689642739123,-0.004592792719676001,-0.004448777303491034,-0.004300005919108423,-0.004146820892783595,-0.003989545798010532,-0.003828486786477164,-0.0036639338280115715,-0.0034961618794384195,-0.00332543199858488,-0.0031519924164563236,-0.002976079577667347,-0.0027979191566683695,-0.0026177270549924215,-0.002435710382752515,-0.0022520684258080363,-0.0020669935984780003,-0.0018806723802813963,-0.0016932862340117028,-0.0015050125014084835,-0.001316025271828797,-0.0011264962185768,-0.0009365953969735243,-0.0007464919977809872,-0.0005563550492779813,-0.0003663540610893588,-0.00017665960280815261,1.2556189470752899e-5,0.000201119185385368,0.00038885291762975145,0.0005755783302005329,0.0007611136227489248,0.0009452741954370301,0.0011278726977268887,0.0013087191834342765,0.001487621373074666,0.0016643850230984082,0.0018388143999518915,0.0020107128551231906,0.002179883495295212,0.002346129939584184,0.0025092571534176046,0.002669072346077582,0.002825385916118522,0.002978012425959758,0.0031267715837526777,0.0032714892073698533,0.0034119981418381943,0.003548139098039484,0.0036797613767955628,0.003806723438911768,0.003928893278150854,0.004046148550880842,0.0041583764131133015,0.004265473013309497,0.004367342587574457,0.004463896103222079,0.004555049397112724,0.004640720757243284,0.004720827899724319,0.004795284299125517,0.004863994838095798,0.004926850752653289,0.004983723862421808,0.005034460090566884,0.005078872296020021,0.005116732460420369,0.0051477632940091856,0.005171629346868227,0.005187927735742594,0.0051961786171079525,0.005195815561100599,0.005186175992207938,0.00516649188830928,0.0051358809159906035,0.005093338224354778,0.005037729038036792,0.004967782323280311,0.004882085514355224,0.004779080762730313,0.004657062210660025,0.004514175489478127,0.004348417381651031,0.00415763955529018,0.003939549071043323,0.003691719150969133,0.003411584934224235,0.0030964711152944983,0.0027435639906337973,0.0023499907991300817,0.0019127030756730654,0.0014287294480992624,0.0008947451059978269,0.00030792124601888014
-0.0003887834181391337,-0.0011251961508284348,-0.0017874622934804442,-0.002381079925749338,-0.0029118008343752503,-0.0033847315545183,-0.0038047732879527086,-0.004176364763076999,-0.0045036231631976,-0.0047902840047410996,-0.005039759795439329,-0.0052551406412842065,-0.005439229841516122,-0.005594562045701508,-0.005723430879580126,-0.005827910418234132,-0.005909878249975727,-0.005971035482478729,-0.006012925945691937,-0.006036953255061133,-0.006044396448417352,-0.0060364238758100625,-0.0060141056330389525,-0.005978424532582072,-0.005930285786198309,-0.0058705254855383445,-0.005799918016843016,-0.005719182515578549,-0.005628988476126823,-0.005529960616975336,-0.005422683098553475,-0.0053077031805107205,-0.0051855343983989695,-0.005056659331008947,-0.004921532022290078,-0.004780580114214332,-0.004634206740208886,-0.004482792222295244,-0.004326695609267642,-0.004166256087812939,-0.004001794293640911,-0.003833613545248824,-0.003662001019013134,-0.0034872288807143415,-0.003309555385462455,-0.00312922595513143,-0.002946474239928233,-0.002761523168466463,-0.0025745859887701217,-0.00238586730086925,-0.0021955640801375035,-0.0020038666891599743,-0.0018109598747689667,-0.0016170237458546174,-0.0014222347267107197,-0.0012267664799397488,-0.0010307907923632572,-0.0008344784169136331,-0.0006379998631667308,-0.0004415261289683662,-0.0002452293655434552,-4.9283468546554226e-5,0.00014613541228552954,0.00034084845185959655,0.0005346738233225773,0.0007274264723492032,0.000918917997148163,0.001108956638204229,0.0012973473806519276,0.001483892170802298,0.0016683902468704337,0.00185063858219745,0.0020304324374054664,0.0022075660157689775,0.0023818332138357723,0.0025530284567606316,0.0027209476051519663,0.002885388917248552,0.0030461540471733084,0.003203049056636207,0.0033558854140309353,0.0035044809511667304,0.003648660744211791,0.0037882578815539485,0.003923114077604865,0.004053080087842012,0.004178015877068579,0.004297790489778013,0.004412281569161306,0.004521374469552422,0.0046249609065572884,0.004722937089654016,0.0048152012843094205,0.004901650754560252,0.004982178043126531,0.005056666554387797,0.005124985416406888,0.005186983611448428,0.0052424833803196595,0.005291272924074161,0.005333098446814137,0.005367655605454629,0.0053945804546732265,0.0054134399993423545,0.005423722487085888,0.005424827597793471,0.005416056697554099,0.005396603350933694,0.005365544269794317,0.005321830924188624,0.005264281952986342,0.005191576656260256,0.005102249543581169,0.004994686427042824,0.004867121514251309,0.0047176367905700685,0.004544161468440224,0.004344475716513391,0.004116210808250939,0.0038568602221988706,0.0035637744837971356,0.003234190226530469,0.002865199332890395,0.0024538333760574667,0.0019969371344765886,0.0014914391148352403,0.0009338873215172988,0.0003213600245049181
-0.00039044420250822323,-0.0011313254738869675,-0.0017999282752445165,-0.0024013717654457084,-0.002940993398554702,-0.0034235955148569654,-0.00385379700951081,-0.004235813910185069,-0.004573570878672487,-0.004870648555159685,-0.005130330718854664,-0.0053556044698036265,-0.0055491902849896125,-0.005713558156121552,-0.005850951995423653,-0.00596340914114137,-0.006052781307441786,-0.0061207530061209775,-0.006168859264601218,-0.00619850147617827,-0.006210961952761021,-0.0062074168938031915,-0.006188948008310187,-0.006156552783084754,-0.006111153547616583,-0.00605360541493261,-0.005984703221936106,-0.005905187568414415,-0.0058157500623240346,-0.005717037866582143,-0.0056096576395308325,-0.005494178951923738,-0.005371137256816653,-0.00524103648055848,-0.005104351296067996,-0.004961529132315924,-0.004812991967427745,-0.0046591379465368435,-0.004500342859886773,-0.004336961511398067,-0.004169329003225613,-0.003997761957496164,-0.0038225596926091277,-0.0036440053679875416,-0.003462367108125405,-0.0032778991139987184,-0.0030908427675031287,-0.00290142773239049,-0.002709873053295005,-0.002516388252716687,-0.0023211744243792267,-0.0021244253200319637,-0.0019263284256619522,-0.0017270660220574446,-0.0015268162238429043,-0.0013257539903683527,-0.0011240521012705457,-0.0009218820890453183,-0.0007194151206544437,-0.0005168228199749796,-0.0003142780228295707,-0.00011195545639857541,8.996766498836232e-5,0.00029131113532715583,0.0004918913508322674,0.0006915210087293901,0.0008900089166049436,0.0010871599169538762,0.0012827749303912037,0.0014766511195923016,0.001668582174479418,0.0018583587173569545,0.0020457688247475596,0.0022305986604408065,0.0024126332118835814,0.002591657119361232,0.0027674555846015424,0.002939815342307385,0.003108525674887159,0.0032733794471121757,0.003434174133828822,0.0035907128099827387,0.003742805068376283,0.003890267826562796,0.004032925980452528,0.004170612858363482,0.004303170425843552,0.004430449188442056,0.004552307737243086,0.004668611880262907,0.004779233302336955,0.004884047696798099,0.004982932314683047,0.005075762881345216,0.005162409836746284,0.005242733864290386,0.005316580684269174,0.005383775101631189,0.005444114314039371,0.005497360504789653,0.005543232765673469,0.005581398417344922,0.005611463817295702,0.005632964769879578,0.005645356673121104,0.005648004561500318,0.005640173214005533,0.005621017523925504,0.0055895733093987935,0.00554474879375395,0.005485316891261681,0.005409908588105909,0.0053170073819302525,0.005204945292065655,0.005071899855709646,0.004915893476526516,0.004734792762477851,0.004526312328588032,0.004288014715244426,0.004017321855677198,0.003711509197776663,0.003367736061422745,0.0029830122962571652,0.0025542871593718995,0.002078314255327749,0.0015519373458269294,0.0009715967183702109,0.00033429287228959237
-0.0003916816971309549,-0.0011361900789549234,-0.0018103127793740797,-0.0024188039138317084,-0.0029666013797867976,-0.0034582089997863647,-0.0038979673369529204,-0.0042898697482227485,-0.00463764702582737,-0.004944721929294502,-0.005214245843061173,-0.005449098650167304,-0.005651913669768385,-0.005825091902885832,-0.005970823397386266,-0.006091104857016625,-0.00618775854383937,-0.0062624491383081035,-0.00631669998443304,-0.006351907720204297,-0.006369355732400202,-0.006370226183248667,-0.006355610796418308,-0.0063265203958318555,-0.0062838933256816314,-0.006228602824557589,-0.006161463465488036,-0.006083236754722912,-0.005994635989652398,-0.0058963304659833985,-0.005788949121415989,-0.005673083694699271,-0.005549291472803177,-0.005418097691266563,-0.0052799976460471704,-0.0051354585682411805,-0.004984921306752564,-0.004828801857918606,-0.004667492775638435,-0.004501364490430449,-0.004330766561295927,-0.004156028880064272,-0.0039774628442063135,-0.003795362510718497,-0.0036100057407454675,-0.0034216553419174423,-0.0032305602130611984,-0.0030369564938313724,-0.0028410687199877144,-0.0026431109833871653,-0.0024432880943459625,-0.0022417967427347816,-0.0020388266530844824,-0.0018345617279897026,-0.001629181173287312,-0.001422860597764717,-0.0012157730795852703,-0.0010080901911515647,-0.0007999829737934707,-0.0005916228534571336,-0.0003831824884884801,-0.00017483654065884077,3.32376392280274e-5,0.0002408594194588621,0.00044784439708018566,0.0006540040162521606,0.0008591453015993226,0.001063070711821545,0.0012655781176332923,0.001466460906653173,0.001665508216267116,0.0018625052936063746,0.0020572339797562886,0.0022494733129677824,0.002439000243169078,0.0026255904472557733,0.002809019231701227,0.0029890625057472295,0.003165497805049266,0.003338105341947025,0.003506669054760197,0.003670977624483668,0.003830825423250453,0.0039860133547719254,0.004136349542994776,0.004281649821269812,0.004421737970829545,0.004556445654175251,0.00468561198659901,0.004809082687387283,0.004926708751856503,0.0050383445861794315,0.005143845549578749,0.005243064852832619,0.005335849768710824,0.005422037118874458,0.0055014480133022126,0.005573881832345939,0.005639109458112202,0.005696865780861142,0.005746841526945277,0.0057886744776068305,0.0058219401707131834,0.005846142202089349,0.005860702263401581,0.005864950078259185,0.0058581134078834725,0.005839308325512057,0.005807529939788148,0.005761643799729474,0.005700378115680878,0.005622317093162545,0.00552589533418947,0.005409393838189777,0.0052709369835590575,0.005108491921727519,0.0049198678991985685,0.004702720205356276,0.0044545499774713065,0.0041727160602134244,0.003854428584557744,0.003496780483505938,0.0030967120659857006,0.0026511036657099894,0.0021566332329786293,0.0016100750351146927,0.001007780831352807,0.0003466882516484148
-0.00039257509024473333,-0.0011400141557366154,-0.001818960703782199,-0.002433819392001456,-0.002989145442474917,-0.003489151947807515,-0.003937907264766455,-0.00433918414726674,-0.004696520095683844,-0.005013178744226387,-0.0052921770140051455,-0.0055362847847660445,-0.005748045143957839,-0.005929786874402495,-0.00608364297134249,-0.006211566438043343,-0.006315347221311148,-0.006396627545359477,-0.0064569167083923995,-0.0064976044975382985,-0.006519973542166507,-0.006525210385943266,-0.006514415420516412,-0.00648861167539983,-0.006448752572395673,-0.006395728711779336,-0.00633037379121151,-0.006253469744242261,-0.006165751191955468,-0.006067909292924122,-0.00596059507389945,-0.005844422316152326,-0.00571997006653307,-0.005587784835110832,-0.00544838253477042,-0.0053022502114893205,-0.0051498476079333685,-0.004991608597159806,-0.004827942517912309,-0.004659235438064748,-0.00448585136834755,-0.00430813344445008,-0.004126405092017632,-0.003940971185813493,-0.0037521192114799845,-0.0035601204357527446,-0.003365231088755813,-0.0031676935599726074,-0.002967737607744583,-0.0027655815805547805,-0.0025614336469938714,-0.00235549303006071,-0.0021479512403955276,-0.0019389933020862934,-0.0017287989638931256,-0.0015175438880287435,-0.0013054008080704157,-0.0010925406471094098,-0.0008791335869124896,-0.0006653500786463957,-0.0004513617856268852,-0.0002373424485977533,-2.3468664227689886e-5,0.0001900794321429611,0.00040311758798717694,0.000615456967103876,0.0008269038021255884,0.0010372591719181876,0.0012463189085577422,0.001453873637077998,0.0016597089495439224,0.0018636057130629086,0.002065340509243219,0.0022646862001842465,0.0024614126134997315,0.0026552873359540173,0.002846076602212326,0.0030335462617992795,0.003217462803820094,0.003397594415140689,0.0035737120437987747,0.003745590435230647,0.003913009104744581,0.004075753205367091,0.0042336142460956926,0.00438639061154395,0.004533887830381646,0.004675918536746208,0.004812302066408706,0.004942863627845103,0.005067432988047894,0.005185842613858368,0.0052979252123974176,0.005403510618772149,0.005502421986182796,0.00559447124277679,0.00567945379146868,0.00575714244333337,0.005827280592140873,0.005889574656942398,0.005943685840773586,0.0059892212766440725,0.006025724654951837,0.0060526664512861456,0.006069433893898264,0.0060753208350649845,0.0060695176999237726,0.006051101714709485,0.0060190275961810235,0.005972118938264841,0.005909060429766022,0.005828391206256313,0.005728499283595883,0.005607617621832194,0.005463821171594117,0.0052950263883532744,0.00509899062776776,0.00487331630206754,0.004615450677427699,0.00432269813977091,0.003992213391687764,0.00362103397983636,0.003206043161238382,0.0027440656643394775,0.002231719117510751,0.0016657233012051349,0.0010423602268598607,0.0003585192033840323
-0.0003931972391572719,-0.001143004702538981,-0.001826191943795594,-0.0024468310240432166,-0.0030091129598914298,-0.0035169696322237968,-0.003974205105063293,-0.004384375349483072,-0.004750826830005549,-0.005076664374624403,-0.005364769809244559,-0.005617801522271703,-0.005838210457023484,-0.00602825097849765,-0.006189996743436823,-0.006325354774424793,-0.006436080519534634,-0.006523791705429289,-0.0065899817198137095,-0.006636031824759756,-0.006663222413835285,-0.006672743125381876,-0.006665701915072005,-0.006643133084083732,-0.006606004353294344,-0.006555223045787774,-0.006491641468733886,-0.006416061575995833,-0.006329238998578476,-0.006231886523339427,-0.006124677097698174,-0.006008246431346912,-0.00588319526036215,-0.005750091332329771,-0.00560947116485605,-0.005461841623461425,-0.005307681358970947,-0.005147442138876375,-0.0049815501020274225,-0.004810406961240397,-0.0046343911741610145,-0.004453859098821134,-0.00426914614689468,-0.004080567944542612,-0.003888421508018334,-0.0036929864387382,-0.003494526140396374,-0.0032932890587576134,-0.0030895099431036033,-0.0028834111267793867,-0.0026752038229873065,-0.002465089430775118,-0.002253260845158124,-0.002039903764377386,-0.0018251979865281976,-0.0016093186870949447,-0.0013924376683770701,-0.0011747245713156125,-0.0009563480398999803,-0.000737476828098564,-0.0005182808391595952,-0.0002989320871604773,-7.960557085419425e-5,0.00013951994980253684,0.000358261283575231,0.0005764302527850871,0.0007938332606667552,0.0010102709877910065,0.0012255382228534243,0.0014394238316171777,0.0016517108661074542,0.001862176814167123,0.002070593987306887,0.002276730042286369,0.002480348629175697,0.0026812101556243527,0.0028790726538708944,0.003073692733479221,0.003264826599117735,0.003452231108689505,0.003635664843051339,0.003814889154220951,0.003989669154678342,0.004159774605929027,0.004324980660289098,0.004485068405703122,0.004639825159763605,0.004789044455832641,0.004932525661776863,0.00507007317024239,0.005201495099164391,0.005326601442299382,0.005445201612535703,0.005557101325580238,0.005662098778826635,0.005759980089740704,0.0058505139702993815,0.005933445628753083,0.006008489907283586,0.006075323683820133,0.006133577587726052,0.006182827102476116,0.006222583151607442,0.006252282289285772,0.006271276637167372,0.006278823734386336,0.006274076476577231,0.006256073348602838,0.006223729134492558,0.006175826343794624,0.006111007488056954,0.006027768515723963,0.005924453347110501,0.005799250071249312,0.005650188132787257,0.00547513803599949,0.005271810895133749,0.005037762854668123,0.0047703949733407325,0.00446696590041565,0.004124584835723612,0.0037402449153080253,0.003310784723247648,0.0028329865167714976,0.002303422631522825,0.001718773016100084,0.001075268185885759,0.0003697632319931011
-0.0003936146014817378,-0.0011453511921839632,-0.0018323006028979542,-0.002458220056280068,-0.0030269559697983202,-0.003542169919374818,-0.00400741104955894,-0.004426023857855229,-0.004801167476579014,-0.005135789624008021,-0.005432637680099084,-0.005694258227550714,-0.005923009213918562,-0.0061210693348629506,-0.006290451461895298,-0.006433015092947629,-0.006550479634486622,-0.006644436827221727,-0.006716362757108901,-0.006767628888896524,-0.006799512240041017,-0.0068132045382710196,-0.006809820430898048,-0.006790404744673251,-0.006755938870807187,-0.0067073463332350996,-0.006645497622281846,-0.006571214370041662,-0.006485272948602078,-0.006388407567002312,-0.006281312940146885,-0.006164646596826647,-0.006039030888599443,-0.005905054754871197,-0.0057632752935019484,-0.005614219180138678,-0.005458383973799498,-0.005296239340798601,-0.005128228224163091,-0.004954767981112551,-0.004776251507072028,-0.004593048360960939,-0.004405505903211865,-0.0042139504549954,-0.00401868848454034,-0.0038200078240921954,-0.0036181789190312384,-0.0034134561088299,-0.0032060789379497784,-0.0029962734933276346,-0.002784253763861128,-0.0025702230161612646,-0.0023543751798611786,-0.0021368962348805357,-0.0019179655922804508,-0.0016977574596797928,-0.001476442181637203,-0.0012541875449473435,-0.0010311600384521064,-0.0008075260567262502,-0.0005834530368923574,-0.000359110517829122,-0.000134671111206807,8.968862590534849e-5,0.0003137874266331627,0.0005374386671968902,0.0007604498453773316,0.0009826221917288254,0.0012037504194621974,0.0014236226173840278,0.0016420202885497443,0.0018587185352524807,0.0020734863887352656,0.002286087279438927,0.0024962796408321128,0.0027038176367428206,0.0029084519988090813,0.003109930956997736,0.003308001242342638,0.0035024091369053882,0.0036929015417604435,0.0038792270293230725,0.0040611368419171505,0.004238385793922214,0.004410733030518679,0.00457794259182432,0.004739783727510596,0.0048960309036955585,0.005046463441528149,0.0051908647253579385,0.005329020918234279,0.005460719123725869,0.0055857449361975025,0.005703879326761816,0.005814894819584065,0.005918550923061819,0.006014588792904381,0.006102725119222921,0.006182645247350259,0.00625399556214534,0.0063163751872595255,0.006369327074523636,0.006412328581968337,0.006444781664241874,0.006466002819553358,0.006475212962573657,0.006471527401555801,0.006453946126976036,0.006421344596969338,0.0063724652615485934,0.006305909959418378,0.006220133499656573,0.006113438365228893,0.0059839711095057615,0.005829719754590584,0.005648513748770443,0.005438023745645158,0.0051957663350319285,0.004919104096531311,0.0046052586810359135,0.004251303663448543,0.0038541986284052463,0.0034107496575938737,0.0029177093861067127,0.002371619476255656,0.0017691342468341012,0.0011064503291528193,0.0003804021700508084
-0.0003938872731107635,-0.0011472255558790624,-0.0018375547233495993,-0.002468335485347715,-0.0030430900102747962,-0.0035652215589608563,-0.004038034894600376,-0.004464669598074203,-0.004848102407356066,-0.005191126829213197,-0.005496357579622739,-0.00576623017387848,-0.006003009673450864,-0.0062087987209916385,-0.006385548730415878,-0.006535070815352279,-0.006659047396749535,-0.006759043260552556,-0.006836516246293691,-0.0068928271292465725,-0.0069292487306298195,-0.006946974128807728,-0.006947124009200427,-0.006930753154852165,-0.0068988561385618435,-0.0068523722711987005,-0.006792189880444209,-0.006719149991729057,-0.0066340494869611905,-0.006537643812658917,-0.006430649306370112,-0.006313745204763828,-0.0061875753915339535,-0.006052749937178533,-0.0059098464768951855,-0.00575941146695273,-0.00560196135441437,-0.005437983689858996,-0.005267938207992069,-0.005092257896637794,-0.004911350070684464,-0.004725597463987836,-0.0045353593491066005,-0.004340972691919407,-0.004142753345719169,-0.0039409972871642185,-0.003735981894556943,-0.003527967267186461,-0.0033171975829768075,-0.0031039024903157966,-0.0028882985287621474,-0.0026705905722407327,-0.0024509732874022304,-0.002229632598961395,-0.00200674715309432,-0.0017824897693113203,-0.0015570288706763093,-0.001330529881776479,-0.0011031565834961584,-0.0008750724133978963,-0.0006464417003915503,-0.0004174308223756041,-0.0001882092756759738,4.1049354581925914e-5,0.0002701665335702113,0.0004989580350633737,0.0007272333278471819,0.0009547950980464975,0.001181438913914947,0.001406953038072669,0.0016311183904186835,0.0018537086628658667,0.0020744905847605317,0.002293224335201234,0.0025096640956390704,0.0027235587329086505,0.0029346525994496287,0.003142686433692029,0.0033473983396606058,0.0035485248205880436,0.0037458018369878176,0.00393896585503921,0.004127754846588289,0.004311909197406308,0.004491172475930271,0.00466529201041502,0.004834019218672786,0.004997109631272569,0.0051543225467146235,0.005305420255625221,0.005450166770988285,0.005588326002807394,0.005719659318938386,0.005843922439137694,0.005960861617095778,0.006070209075358323,0.006171677670853952,0.006264954784141915,0.00634969544342569,0.006425514714702564,0.006491979411413945,0.006548599200878844,0.006594817208315733,0.006630000244655617,0.006653428804734406,0.006664287007830018,0.0066616526611112505,0.006644487655726379,0.006611628882502475,0.006561779911515176,0.006493503569502677,0.006405215730046619,0.006295180249666971,0.00616150562667505,0.006002142676404529,0.005814884799304911,0.005597368054335021,0.005347076238706073,0.0050613411824327005,0.004737356221189795,0.004372169056095607,0.003962716378404963,0.0035057836391203523,0.0029981063232579737,0.0024362095325379226,0.0018167356142080125,0.0011358641875710126,0.00039042202292100545
-0.0003940691133319994,-0.0011487824277808868,-0.0018421964460127802,-0.0024774939753193464,-0.0030578936913183952,-0.003586553341909974,-0.004066544749082003,-0.004500810161960695,-0.004892149900153303,-0.005243207194655338,-0.005556466871836159,-0.005834255054249796,-0.0060787448913400734,-0.006291963377495604,-0.006475800505879333,-0.006632018777439412,-0.006762263239489193,-0.0068680712388835665,-0.006950881841951329,-0.0070120445989474665,-0.007052827615446377,-0.0070744248319278774,-0.0070779625234043885,-0.007064505024786465,-0.007035059731204135,-0.006990581425171226,-0.006931975997910749,-0.006860103632539904,-0.0067757815196468184,-0.006679786172843756,-0.006572855409033034,-0.006455690053091799,-0.00632895542155548,-0.006193282634082797,-0.006049269795839482,-0.005897483088279669,-0.005738457800504644,-0.005572699328356206,-0.005400684163827133,-0.005222860893170742,-0.005039651218340066,-0.004851451013007494,-0.004658631421444226,-0.004461540005875153,-0.004260501945613569,-0.004055821289205767,-0.0038477822590202893,-0.003636650606096374,-0.0034226750116642664,-0.003206088530467554,-0.0029871100699030992,-0.0027659458979702022,-0.002542791172124214,-0.0023178314803008644,-0.0020912443846714864,-0.001863200958030379,-0.0016338673021822148,-0.00140340603722133,-0.0011719777502445957,-0.0009397423917707505,-0.0007068606080044473,-0.00047349499706867337,-0.00023981127745615233,-5.979357239907146e-6,0.0002278257069658032,0.00046142287165027915,0.0006946243981774294,0.0009272352831194019,0.0011590528343124991,0.0013898663982167775,0.0016194572423814688,0.0018475985946974618,0.0020740558387870255,0.002298586862177792,0.0025209425509960604,0.0027408674216122873,0.002958100376179896,0.0031723755651258184,0.003383423335626226,0.0035909712407173056,0.0037947450792440865,0.003994469932134242,0.004189871155832536,0.004380675288969609,0.004566610823847134,0.004747408789965933,0.004922803093034582,0.005092530549596716,0.005256330555086569,0.005413944321730357,0.005565113622784698,0.005709578981146702,0.0058470772438974925,0.00597733848988044,0.0061000822253963125,0.00621501283351698,0.006321814255625251,0.006420143899490229,0.006509625786406006,0.006589842970522599,0.006660329285726432,0.006720560499551133,0.0067699449772519,0.006807813984677335,0.006833411778943341,0.006845885661281785,0.006844276174819438,0.006827507659135783,0.006794379350090107,0.006743557270815851,0.006673567047929981,0.006582787969097386,0.006469448211934294,0.006331621823108159,0.006167226729899256,0.005974025369223607,0.005749625112169317,0.005491483722233201,0.005196909951012653,0.004863077380518769,0.004487017389724851,0.004065654155885633,0.003595763990117689,0.003074077239502398,0.002497115964733224,0.0018615235754047888,0.0011634787226915426,0.0003998127956379083
-0.0003942079392237159,-0.0011501595988694224,-0.0018464425180159086,-0.0024859802562318253,-0.0030717088721553287,-0.003606553977152344,-0.004093366561784062,-0.004534899957624617,-0.004933784901135948,-0.005292519168613208,-0.005613461332032661,-0.005898830621560514,-0.0061507100197094895,-0.006371051988147177,-0.006561685780814076,-0.006724325635653968,-0.006860579350129605,-0.006971956796017207,-0.007059878127738223,-0.007125681466916996,-0.007170629964232788,-0.0071959181667274495,-0.007202677680850538,-0.007191982141209144,-0.007164851524506117,-0.007122255858513574,-0.007065118387417069,-0.006994318257630624,-0.006910692790011381,-0.0068150394022681296,-0.006708117242355051,-0.006590648588962759,-0.0064633200701835584,-0.006326783745858555,-0.006181658093625358,-0.0060285289332348635,-0.005867950318584442,-0.005700445422094519,-0.005526507431672605,-0.005346600476502202,-0.005161160594331753,-0.004970596749744742,-0.004775291910093808,-0.004575604183288879,-0.004371868019465645,-0.0041643954766371885,-0.003953477548754246,-0.003739385553103552,-0.0035223725726613773,-0.0033026749478277375,-0.003080513810920266,-0.0028560966558388934,-0.002629618934459794,-0.002401265670525491,-0.0021712130811009827,-0.0019396301950351824,-0.0017066804573193483,-0.0014725233077713413,-0.001237315722099421,-0.0010012137031285002,-0.0007643737098135333,-0.000526954011632671,-0.0002891159560625057,-5.1025137104641876e-5,0.00018714754672935542,0.00042522495592778347,0.0006630229051116613,0.0009003494988365527,0.0011370046158275609,0.001372779547821702,0.001607456797389585,0.0018408100369619097,0.002072604228906268,0.00230259590375083,0.0025305335906733784,0.002756158391002586,0.002979204681899614,0.003199400933422698,0.0034164706180458285,0.0036301331872303604,0.0038401050850888616,0.004046100764375097,0.004247833665284907,0.00444501711271447,0.004637365083063225,0.004824592787271331,0.005006417012973955,0.005182556165370446,0.0053527299441189025,0.005516658592262912,0.005674061653387976,0.005824656174911937,0.0059681542991318,0.006104260189418639,0.006232666247188086,0.006353048585966698,0.006465061742255898,0.006568332618889087,0.006662453675051406,0.006746975397981644,0.006821398113801647,0.006885163219207798,0.0069376439394935215,0.006978135743923703,0.007005846569786974,0.00701988703172828,0.007019260801091227,0.007002855368878064,0.006969433382026243,0.006917624799821368,0.006845920004331007,0.006752664180725492,0.00663605289476112,0.006494129444706013,0.006324783262133832,0.006125750944957144,0.005894617081205484,0.005628820107012179,0.005325653252552788,0.0049822787246666745,0.004595720865698653,0.004162901369499892,0.0036805984437094015,0.0031455487761868407,0.002554284237187028,0.0019034616382710928,0.001189273802505306,0.00040856830387216674
-0.00039434577377848307,-0.0011514786347294153,-0.001850485076154612,-0.00249404790837301,-0.0030848413283855003,-0.003625572554437739,-0.00411888432142387,-0.00456735010883265,-0.0049734386025494185,-0.005339507690515149,-0.0056677940639889126,-0.005960413282407008,-0.006219360588420664,-0.006446515662275075,-0.00664364828181497,-0.006812425297033113,-0.00695441784728052,-0.00707110870503844,-0.007163899331753201,-0.007234116523340886,-0.0072830184952225804,-0.007311800360511046,-0.007321598974101268,-0.007313497157365525,-0.007288527335050689,-0.007247674632820972,-0.007191879491700848,-0.0071220398603683175,-0.007039013027052872,-0.006943617151284158,-0.006836632552514487,-0.006718802808233759,-0.006590835709192144,-0.006453404113980597,-0.006307146739856131,-0.006152668921442939,-0.005990543363998933,-0.00582131091331124,-0.0056454813601041,-0.0054635342930280705,-0.005275920010948018,-0.005083060502235349,-0.004885350496161751,-0.004683158589175627,-0.004476828446838675,-0.004266680080425383,-0.004053011195648005,-0.003836098609587781,-0.003616199730703885,-0.0033935540956921036,-0.0031683849559815598,-0.0029409009057537816,-0.0027112975425562674,-0.002479759150821571,-0.0022464603979295015,-0.0020115680318221587,-0.0017752425686434522,-0.001537639958399872,-0.001298913216252083,-0.0010592140067671911,-0.0008186941682736404,-0.0005775071644156636,-0.0003358094500858422,-9.376173916746526e-5,0.00014846983806894988,0.00039071269944490405,0.0006327869079413911,0.0008745044109966714,0.0011156684303884822,0.0013560730094582664,0.001595502722619913,0.0018337325499154747,0.002070527916971199,0.0023056448979140547,0.0025388305757703686,0.0027698235514399,0.002998354588679689,0.0032241473784989406,0.0034469194021358703,0.003666382867240263,0.0038822456872320728,0.00409421246891882,0.004301985468629839,0.004505265472221284,0.004703752549699987,0.004897146630786991,0.005085147843934931,0.005267456558053598,0.005443773063971717,0.005613796831453464,0.005777225277908985,0.005933751986810952,0.006083064317745221,0.006224840356019881,0.006358745158238129,0.0064844262611986996,0.006601508435130734,0.006709587678525889,0.006808224470533405,0.006896936317953212,0.006975189656438742,0.007042391189924279,0.007097878776067378,0.0071409119910214635,0.007170662527043673,0.007186204601530199,0.007186505563908275,0.007170416915281496,0.007136665931360192,0.007083848135600868,0.007010420755921863,0.006914697479044551,0.006794844427334908,0.006648877930341171,0.006474663360841154,0.006269916607571892,0.0060322053375423245,0.0057589552668390175,0.005447451495220478,0.005094852993417339,0.004698186026241733,0.004254379423238743,0.0037602238058087206,0.003212473083913805,0.002607681054125665,0.0019425295162975827,0.0012132396388623169,0.00041668597139943813
-0.0003945191337484265,-0.0011528456168755873,-0.00185449264200174,-0.0025019204473873792,-0.0030975618059265802,-0.003643919474818321,-0.004143440798390917,-0.004598528962456803,-0.005011498686851118,-0.005384574154866841,-0.00571987517620649,-0.006019417484871485,-0.006285111608429203,-0.006518766760905508,-0.006722095027708124,-0.006896717219739043,-0.007044168834482308,-0.007165906296190544,-0.007263312919255577,-0.007337704557599542,-0.007390334748249939,-0.00742239932666742,-0.007435040472837086,-0.007429350207942959,-0.007406373367058113,-0.007367110095469876,-0.007312517920661183,-0.0072435134581571945,-0.007160973809218343,-0.007065737707302816,-0.006958606466718266,-0.00684034478267057,-0.0067116814269153075,-0.00657330987800914,-0.006425888919906817,-0.0062700432375822485,-0.006106364033570025,-0.005935409684919618,-0.005757706456050358,-0.005573749279417033,-0.005384002612728027,-0.00518890137866975,-0.0049888519906615076,-0.004784233466043837,-0.004575398626266049,-0.004362675382019346,-0.004146368099864283,-0.003926759045636774,-0.003704109898820404,-0.0034786633310530343,-0.003250644641030345,-0.003020263437219968,-0.0027877153590284295,-0.0025531838263332177,-0.002316841806634226,-0.0020788535884607167,-0.0018393765491285954,-0.0015985629044583652,-0.0013565614276659069,-0.0011135191243338636,-0.0008695828501663161,-0.0006249008581596744,-0.0003796242618773007,-0.00013390840174915794,0.00011208589829337128,0.0003581911959287373,0.0006042324285815128,0.0008500260547970756,0.001095379347788073,0.0013400898484816409,0.0015839449835680006,0.0018267218518542739,0.0020681871797846663,0.002308097444160501,0.0025461991570056683,0.0027822293040414515,0.0030159159245149282,0.003246978816018015,0.0034751303436425926,0.0037000763281835936,0.00392151698338639,0.0041391478672728145,0.0043526608076974865,0.0045617447573343736,0.0047660865286538795,0.004965371355017946,0.005159283220222688,0.005347504895604112,0.005529717621667823,0.005705600370105194,0.005874828622510659,0.00603707260417019,0.006191994915393026,0.006339247509095806,0.006478467972055499,0.006609275078459866,0.006731263598276771,0.006843998359444259,0.006947007581796451,0.007039775521875291,0.007121734490465808,0.007192256329160849,0.007250643456001537,0.007296119615682771,0.007327820489810091,0.007344784347490797,0.007345942924037876,0.007330112743452935,0.00729598707556415,0.0072421287739779,0.007166964127232669,0.007068778033821312,0.006945710423730791,0.006795754490243631,0.006616756000141808,0.006406415234342824,0.00616228871931655,0.005881795915906382,0.005562220970736949,0.005200727466886661,0.004794352170404545,0.004340040198908065,0.0038346045296136716,0.0032748265241557654,0.0026572932344896393,0.001978722233716248,0.0012353761929451217,0.00042416661636589893
-0.00039475934521102687,-0.001154351972513502,-0.001858611272803514,-0.002509792635797321,-0.003110107371261648,-0.0036618677445571456,-0.004167338712472849,-0.004628763079026252,-0.005048310104998218,-0.005428076954181359,-0.005770072075852866,-0.006076215756801825,-0.006348337352888188,-0.00658817842278931,-0.00679739560506384,-0.006977565444186444,-0.007130189193998124,-0.007256698020828885,-0.007358457934416794,-0.007436774485412361,-0.0074928970047260296,-0.007528022384734745,-0.007543298351104153,-0.007539826250479943,-0.0075186633748925225,-0.007480824870200138,-0.007427285277120812,-0.007358979760698555,-0.0072768050827746854,-0.007181620371261049,-0.007074247736176277,-0.006955472778325014,-0.006826045031444432,-0.006686678373569452,-0.0065380514382169545,-0.006380808051084017,-0.006215557713359106,-0.0060428761485287075,-0.0058633059257839765,-0.005677357169759279,-0.005485508363391643,-0.005288207248112844,-0.005085871823361175,-0.004878891445477149,-0.004667628024378739,-0.004452417314970123,-0.004233570298965261,-0.00401137465169237,-0.0037860962874338893,-0.003557980975943259,-0.0033272560219367972,-0.0030941319985705934,-0.0028588045251779918,-0.0026214560788430587,-0.0023822578287370907,-0.0021413714815403722,-0.0018989511257119641,-0.001655145061888394,-0.0014100976062614635,-0.0011639508534728204,-0.0009168463853208785,-0.0006689269114865793,-0.00042033782851044266,-0.0001712286834611118,7.824547090195287e-5,0.00032792284207269724,0.000577633796676214,0.0008271999030441953,0.0010764331269776128,0.0013251351885891294,0.001573097086271078,0.0018200987916278167,0.0020659091167459826,0.0023102857523131944,0.002552975471971694,0.002793714494766461,0.003032228993771352,0.003268235734819496,0.003501442824906562,0.0037315505451477704,0.003958252238390964,0.00418123521657842,0.004400181648019353,0.0046147693797570855,0.004824672645559545,0.005029562605634484,0.005229107660405144,0.00542297347753024,0.005610822669275909,0.005792314056379603,0.005967101455137592,0.00613483192668174,0.006295143431723238,0.006447661840484998,0.006591997256492319,0.006727739624338439,0.006854453605647429,0.006971672724153251,0.007078892799884375,0.007175564713809375,0.007261086567044797,0.007334795323185643,0.0073959580459886315,0.0074437628698792715,0.007477309860525957,0.0074956019470827605,0.007497536114832246,0.007481895074065699,0.0074473395958709575,0.007392401759289459,0.007315479240718506,0.007214830951268966,0.007088573942559988,0.006934682133060822,0.006750986124111332,0.006535175629230068,0.006284801696661293,0.005997283813949574,0.005669912094593754,0.0052998622459566845,0.004884189686291614,0.004419864459223446,0.003903731217374218,0.0033326083070238273,0.0027031265339354984,0.0020120491907597415,0.0012556925557172846,0.00043101422898475826
-0.00039509287625962616,-0.0011560753620888208,-0.0018629658193691186,-0.0025178319559508652,-0.0031226829788509585,-0.003679654541166125,-0.004190842225056742,-0.004658338596468084,-0.00508417627231735,-0.00547033247926658,-0.005818710255127411,-0.006131139266990385,-0.006409371687257605,-0.006655084661460197,-0.0068698820330136984,-0.0070552982283308896,-0.007212801996531844,-0.007343800640274352,-0.007449643973433225,-0.007531628111507769,-0.007590998845210858,-0.007628954618195943,-0.007646649050616912,-0.007645193039438973,-0.007625656453200693,-0.00758906946870452,-0.007536423595417623,-0.007468672441376292,-0.007386732272091978,-0.007291482413280569,-0.0071837655440589645,-0.007064387923204263,-0.0069341195859526925,-0.006793694543841194,-0.006643811015030607,-0.00648513170780875,-0.006318284175546033,-0.00614386125737696,-0.005962421615312352,-0.00577449037535153,-0.005580559877444368,-0.005381090536801701,-0.0051765118170474245,-0.004967223313979993,-0.004753595947237358,-0.004535973255875077,-0.004314672792761031,-0.004089987611683371,-0.0038621878401894102,-0.0036315223303280317,-0.0033982203787146946,-0.003162493506591823,-0.002924537289864162,-0.002684533228415112,-0.002442650643369105,-0.0021990485903623136,-0.0019538777763148676,-0.0017072824667001703,-0.0014594023698570426,-0.0012103744845463073,-0.0009603348966883594,-0.0007094205110997501,-0.00045777070403646983,-0.00020552888253954778,4.715606308999821e-5,0.0003001284267874563,0.0005532244865334099,0.0008062714477700795,0.0010590865404584218,0.0013114762782044072,0.0015632358860409974,0.0018141489012326807,0.0020639869489839546,0.00231250969204378,0.0025594649500502225,0.0028045889808850184,0.0030476069124997594,0.0032882333094659748,0.003526172854098274,0.0037611211172711716,0.003992765389218278,0.00422078553557127,0.004444854838922218,0.00466464078121966,0.004879805717639991,0.005090007388189014,0.005294899209559534,0.0054941302866993455,0.0056873450815685435,0.005874182675727198,0.006054275564144767,0.0062272479200411075,0.006392713275072504,0.006550271565854219,0.0066995055069579935,0.006839976262205926,0.006971218400369262,0.007092734138261362,0.007203986893404727,0.0073043941898954115,0.007393319983838814,0.007470066499121546,0.007533865687792554,0.007583870454308924,0.007619145802339182,0.007638660086653807,0.0076412765593096696,0.007625745425496505,0.007590696598900016,0.007534633398372685,0.007455927314675656,0.007352814146503357,0.007223391424072509,0.007065617657754788,0.006877312684312233,0.00665616059833499,0.006399712479682604,0.006105393904570564,0.005770507576813692,0.005392248462852855,0.004967698315252758,0.004493860186850469,0.003967619064122969,0.003385839078871044,0.0027452044261308517,0.0020425331989560548,0.0012742063100255451,0.000437235743022878
-0.0003955416779472318,-0.0011580805985556913,-0.0018676612492065855,-0.0025261801885731947,-0.0031354631875071446,-0.0036974829726683935,-0.004214178667827785,-0.00468750287155252,-0.005119360580409154,-0.005511616470605498,-0.005866074460301311,-0.00618447879713092,-0.006468508834908657,-0.006719780919309141,-0.006939849103636398,-0.007130208174358822,-0.007292296415694569,-0.007427498930513559,-0.007537150682532008,-0.007622539424369055,-0.0076849082445304626,-0.007725457773697759,-0.007745347987861975,-0.007745699645034375,-0.007727595371377352,-0.00769208044477419,-0.007640163319449552,-0.007572815943666772,-0.00749097391919049,-0.007395536550502968,-0.007287366827197609,-0.0071672913788938435,-0.007036100436824553,-0.0068945478313325445,-0.006743351049540487,-0.00658319137287106,-0.0064147141098526116,-0.006238528935858494,-0.0060552103480938,-0.005865298241244478,-0.005669298606725203,-0.005467684356354845,-0.005260896269501079,-0.0050493440612301346,-0.004833407567713877,-0.004613438044043444,-0.004389759568639129,-0.004162670547581006,-0.003932445311406961,-0.0036993357961791658,-0.0034635732999283987,-0.0032253703048969145,-0.002984922355339095,-0.0027424099799850197,-0.0024980006476415942,-0.002251850743793345,-0.002004107555490461,-0.001754911251284337,-0.001504396842505163,-0.001252696111793244,-0.0009999394945050565,-0.0007462578984602702,-0.0004917844474550564,-0.00023665613412045245,1.8984631988359913e-5,0.0002749885946437456,0.0005311983523691899,0.00078744720283778,0.0010435581407965077,0.0012993430184714372,0.0015546018755644973,0.0018091224437237952,0.0020626798278778296,0.002315036363911289,0.0025659416489885547,0.0028151327372302674,0.0030623344896072596,0.0033072600626712313,0.0035496115163087265,0.0037890805159381306,0.004025349099715362,0.00425809047625999,0.00448696981343112,0.004711644973716056,0.004931767147142189,0.005146981328287292,0.005356926580290584,0.005561236025793293,0.005759536502873093,0.005951447823344518,0.006136581571710306,0.0063145393856551485,0.0064849106636778375,0.00664726965234524,0.00680117187500396,0.00694614987566688,0.007081708266250154,0.007207318082351433,0.007322410472034313,0.007426369763553448,0.00751852598064526,0.007598146898262827,0.0076644297549131974,0.00771649276237341,0.007753366572601573,0.007773985884842021,0.007777181382095921,0.007761672211166969,0.007726059194658427,0.007668819013058274,0.007588299482907327,0.007482716222269359,0.007350150619484647,0.007188549625275354,0.006995726646414521,0.006769364985656567,0.006507021079966093,0.006206132402435956,0.005864020539077155,0.005477906437733638,0.005044905363824473,0.004562060874881885,0.004026306258262499,0.003434559473609543,0.0027835668556497497,0.0020702094964854065,0.001290942881196738,0.00044284080366290945
-0.00039612352587084255,-0.00116042057620438,-0.0018727839993659145,-0.002534955049278218,-0.0031485939673860535,-0.0037155239624304492,-0.0042375404323818705,-0.0047164663168269404,-0.0051540881374736325,-0.00555216562894176,-0.0059124101483072,-0.0062364860271167345,-0.006526004479320444,-0.006782524979049819,-0.007007555098221282,-0.007202552747585375,-0.007368928049039844,-0.007508045806027356,-0.00762122768601986,-0.0077097543304339815,-0.007774867114363929,-0.007817769614454002,-0.00783962872087579,-0.007841575436041455,-0.007824705375179064,-0.007790079017623551,-0.00773872175080863,-0.0076716237574130505,-0.007589739791786034,-0.007493988890886832,-0.0073852540600229085,-0.007264381969488061,-0.007132182692927705,-0.006989429513381473,-0.006836858818064408,-0.006675170098525097,-0.0065050260687555955,-0.0063270529102790185,-0.006141840650132621,-0.005949943675037745,-0.005751881382807821,-0.00554813897019777,-0.005339168354847522,-0.005125389227686166,-0.004907190231087973,-0.0046849302571479795,-0.004458939859639368,-0.004229522772497496,-0.003996957526991078,-0.0037614991591052864,-0.0035233809980204783,-0.0032828165259399474,-0.003040001298886963,-0.0027951149174552012,-0.00254832303586279,-0.002299779397046639,-0.0020496278809324624,-0.0017980045524733502,-0.0015450396955411195,-0.0012908598183530738,-0.0010355896157750258,-0.0007793538736605344,-0.0005222793003055072,-0.00026449627021514027,-6.1404656601337095e-6,0.0002526455979926309,0.0005117111764665895,0.0007708960425696171,0.0010300293850390248,0.0012889288697037822,0.0015473998705826321,0.0018052348763081959,0.002062213074766675,0.00231810011592243,0.0025726480496005857,0.002825595431389233,0.0030766675859514297,0.0033255770127751916,0.0035720239149320348,0.0038156968266308006,0.004056273310488867,0.004293420690379282,0.00452679678074783,0.004756050568338795,0.00498082279766454,0.0052007464072770845,0.005415446760303816,0.005624541609848994,0.0058276407381248575,0.0060243452076364475,0.006214246163827038,0.006396923131396602,0.006571941751393361,0.006738850913282487,0.006897179245729744,0.0070464309418995655,0.0071860809096627965,0.0073155692542279166,0.007434295120010539,0.0075416099400052485,0.00763681016348635,0.0077191295569053655,0.007787731195828661,0.007841699289923369,0.007880031001550877,0.007901628440949122,0.007905291026577674,0.007889708422965302,0.00785345424225366,0.007794980742932645,0.0077126146483055946,0.007604554366489616,0.007468868525470204,0.007303496323346105,0.007106248979629609,0.0068748136832603125,0.006606757340093425,0.006299534844146722,0.005950492593273603,0.005556883796497545,0.00511586387859572,0.0046245237836629,0.00407985235333017,0.0034788286410375037,0.002818268974184089,0.0020951247530394687,0.0013059348824380737,0.00044784153393838156
-0.0003968523562424069,-0.001163137190783732,-0.0018784033294502688,-0.002544251843188636,-0.003162194548555434,-0.003733918202466806,-0.004261086956736192,-0.0047454043631942385,-0.0051885476624087745,-0.005592179406574618,-0.005957925149395147,-0.006287375049990302,-0.0065820771176625685,-0.006843538146467966,-0.007073222792941678,-0.007272555101229355,-0.007442919559891034,-0.007585662777892617,-0.0077020948607737175,-0.007793490745682968,-0.007861091213045127,-0.007906103649635551,-0.007929702499776115,-0.007933029453166431,-0.00791719338475399,-0.007883270096557603,-0.007832301902235298,-0.007765297103447802,-0.007683229401733974,-0.00758703728845484,-0.007477623449974901,-0.0073558542209467654,-0.007222559113173037,-0.007078530442679237,-0.006924523072831844,-0.006761254287066056,-0.006589403800929081,-0.006409613919832866,-0.00622248984605903,-0.006028600136196139,-0.005828477308228251,-0.005622618595900344,-0.005411486846691174,-0.005195511558668972,-0.00497509005064231,-0.004750588759282066,-0.004522344656250184,-0.004290666777785375,-0.004055837858631344,-0.0038181160616398376,-0.00357773679380535,-0.0033349145989105757,-0.0030898451163441777,-0.0028427070950374366,-0.0025936644508231877,-0.00234286835489393,-0.0020904593404149283,-0.0018365694137684632,-0.001581324156368341,-0.0013248448025369812,-0.0010672502785635824,-0.0008086591878298915,-0.0005491917267792782,-0.0002889715165812641,-2.8127335586914326e-5,0.00023320526184689763,0.000494882453895524,0.0007567507999122732,0.0010186460407059829,0.0012803920603996584,0.0015418000179864618,0.0018026676544710526,0.0020627787789792114,0.0023219029342917367,0.0025797952390607783,0.0028361964003302646,0.0030908328861110612,0.0033434172434794046,0.0035936485432028873,0.0038412129271115166,0.004085784229566361,0.004327024639330031,0.004564585363201311,0.004798107247859461,0.005027221311826556,0.005251549135241591,0.00547070305165759,0.005684286083325353,0.005891891559829764,0.006093102359577192,0.006287489714882416,0.006474611524407068,0.006654010121781471,0.006825209456535918,0.006987711653178268,0.007140992926465915,0.0072844988456220484,0.007417638957425938,0.007539780797393219,0.0076502433396164835,0.007748289958224782,0.007833120997156379,0.00790386606754457,0.007959576215621801,0.007999216122038359,0.00802165651503316,0.008025666984840281,0.008009909409069113,0.007972932172338368,0.007913165408046706,0.007828917380660303,0.0077183722795632435,0.007579589335350508,0.007410503736482876,0.007208928641662533,0.006972559629119287,0.00669897894495366,0.006385664117036815,0.006029991896104621,0.005629253564662951,0.005180650798891407,0.0046813281786260656,0.0041283366250181724,0.003518722765232975,0.002849379871553635,0.002117336073441307,0.0013192214612890941,0.00045225230209416256
-0.0003977385913734343,-0.001166262235982365,-0.0018845726505179912,-0.002554145104732468,-0.0031763592704217984,-0.003752778127628041,-0.004284946755205458,-0.004774459489559461,-0.005222893469908053,-0.005631821913173605,-0.006002791466967728,-0.006337324045609721,-0.006636909593354809,-0.00690300663107988,-0.00713704068004484,-0.007340405133027801,-0.00751446156612165,-0.007660540672820059,-0.007779942884593743,-0.007873938973049072,-0.00794377035222565,-0.007990649170803046,-0.008015758133700833,-0.008020250107392046,-0.0080052475254474,-0.007971841645433329,-0.00792109169711503,-0.00785402396970602,-0.007771630879595092,-0.007674870058444007,-0.007564663495718402,-0.0074418967652497,-0.007307418359910401,-0.007162039153683058,-0.0070065320056856015,-0.0068416315166176175,-0.006668033944449923,-0.006486397283114195,-0.006297341505378768,-0.006101448969013924,-0.005899264983675288,-0.005691298534619228,-0.005478023158330172,-0.005259877964331779,-0.005037268796802773,-0.004810569529084989,-0.004580123483689048,-0.004346244969964264,-0.004109220931138868,-0.003869312691976002,-0.0036267577977779687,-0.0033817719349287668,-0.0031345509225787016,-0.002885272764458307,-0.0026340997491558827,-0.00238118058655903,-0.0021266525674887276,-0.0018706437329618513,-0.0016132750389228772,-0.0013546625018054808,-0.0010949193098596882,-0.0008341578849087894,-0.0005724918790414993,-0.00031003809078574096,-4.691828550942445e-5,0.0002167390947499045,0.00048079734616948027,0.0007451100559181428,0.0010095198048036367,0.0012738570302092778,0.0015379390579151522,0.0018015693091783073,0.002064536686943176,0.0023266151421291415,0.002587563417732817,0.002847124964856675,0.0031050280208874555,0.0033609858357744474,0.0036146970278910996,0.0038658460461880885,0.0041141037104961645,0.004359127796819201,0.004600563629552826,0.00483804463771464,0.005071192827791596,0.005299619121708822,0.0055229235050403905,0.005740694927982339,0.005952510900152347,0.006157936720093868,0.00635652428178989,0.006547810403687108,0.006731314631001854,0.0069065364695469365,0.007072952019191797,0.007230009987400288,0.007377127078064724,0.007513682768049344,0.007639013503080285,0.007752406365818913,0.007853092291090555,0.007940238926615401,0.0080129432597154,0.008070224153453586,0.0081110149529869,0.0081341563434778,0.008138389645148332,0.008122350751860427,0.008084564892858475,0.008023442438987817,0.007937275866923017,0.007824238140439407,0.007682382416780509,0.007509643531809772,0.007303840570478663,0.00706268180462572,0.006783769427485517,0.006464608479084479,0.006102611193350743,0.005695112251203278,0.0052393651012039655,0.004732573562830511,0.004171856426556394,0.003554333585098187,0.0028769813120556324,0.002136910008412674,0.0013308476526552747,0.0004560894917605504
-0.00039878945068336653,-0.0011698182645209368,-0.0018913308105324863,-0.0025646901961068063,-0.0031911593989742163,-0.0037721898717897515,-0.00430921944766203,-0.004803743271184356,-0.005257247494526576,-0.005671223881056984,-0.006047147157104833,-0.006386477053629687,-0.006690650746765292,-0.006961083062832628,-0.007199164342023288,-0.00740626071080426,-0.0075837137129197985,-0.007732840550310498,-0.007854933995965471,-0.007951262303725084,-0.008023068839185162,-0.008071571535030717,-0.008097962114810266,-0.008103405145112997,-0.008089036934479996,-0.008055964331450309,-0.008005263461111913,-0.007937978446630425,-0.007855120154969811,-0.0077576650040009736,-0.007646553861943141,-0.007522691065398008,-0.007386943576627428,-0.007240140295935427,-0.0070830715404069915,-0.00691648869633355,-0.006741104049249387,-0.006557590792700864,-0.006366583214595583,-0.0061686770581992735,-0.005964430053469809,-0.005754362613403493,-0.005538958689301198,-0.005318666778315714,-0.00509390107621072,-0.004865042767934957,-0.00463244144829697,-0.0043964166647283715,-0.0041572595737775385,-0.0039152347025970344,-0.0036705818062321887,-0.0034235178110203807,-0.0031742388338297277,-0.002922922266259944,-0.0026697289122534023,-0.00241480516690681,-0.002158285223566739,-0.0019002932956588817,-0.0016409458390554811,-0.0013803537602620438,-0.0011186245952230789,-0.0008558646432354147,-0.0005921810402406558,-0.00032768375577579926,-6.24874980101284e-5,0.0002032864882757543,0.0004695087452968542,0.0007360400610416671,0.0010027300756325131,0.0012694160461361715,0.0015359217788875018,0.0018020567361709562,0.0020676153216190526,0.0023323763457559522,0.00259610266992274,0.0028585410231877274,0.0031194219829680206,0.0033784601058262837,0.003635354190451315,0.0038897876500775825,0.004141428966782919,0.004389932195129501,0.0046349374777581165,0.0048760715307796295,0.005112948052410461,0.005345168004311076,0.0055723197118284825,0.005793978726894033,0.006009707396035584,0.0062190540759521785,0.006421551940713414,0.006616717328036189,0.00680404757752824,0.006983018321441181,0.007153080198463772,0.007313654973528012,0.0074641310614025555,0.007603858469016181,0.007732143190556543,0.00784824111037785,0.007951351490565882,0.008040610142934036,0.008115082406810152,0.008173756076226125,0.008215534436712075,0.008239229591380919,0.008243556259453588,0.00822712624951109,0.008188443782735056,0.008125901879961293,0.008037779920567159,0.007922242619067571,0.007777340324472304,0.007601011070114046,0.007391083693193695,0.007145283242890906,0.0068612361807053705,0.006536479582426141,0.006168465866786879,0.005754577935622407,0.005292125948720248,0.004778377917327019,0.004210525554995142,0.00358576692858408,0.0029011664861856596,0.0021539215804746935,0.0013408637437414693,0.0004593712769385613
-0.00040000924424572363,-0.0011738194048447508,-0.0018987033213247499,-0.0025759248435538876,-0.00320664488560879,-0.003792215174936803,-0.004333977752778239,-0.004833338407630298,-0.005291701311425211,-0.005710484644999092,-0.00609109824067691,-0.006434945796965736,-0.006743417133854678,-0.007017888093627533,-0.007259717926799764,-0.007470249014520268,-0.007650805876773879,-0.00780269476505094,-0.00792720291239351,-0.008025597789723976,-0.008099126102451518,-0.008149012642812608,-0.008176458947982008,-0.008182641829332754,-0.008168711793534974,-0.008135791409170973,-0.008084973657830598,-0.008017320314870435,-0.007933860396839593,-0.007835588710020111,-0.007723464527835118,-0.0075984104199830335,-0.0074613112504351795,-0.007313013356679049,-0.007154323918090979,-0.0069860105176068645,-0.006808800897693786,-0.006623382909120655,-0.006430404649057164,-0.00623047478357811,-0.006024163048587241,-0.005812000922468698,-0.005594482463295728,-0.005372065303141287,-0.005145171791844752,-0.004914190282458351,-0.0046794765504579545,-0.004441355338643031,-0.00420012201941621,-0.003956044365835114,-0.0037093644224271897,-0.0034603004662970955,-0.003209049048478392,-0.0029557871048777715,-0.0027006741254588813,-0.002443854369618549,-0.002185459114973542,-0.0019256089260751088,-0.001664415928888219,-0.0014019860762856295,-0.0011384213892706514,-0.0008738221582853444,-0.0006082890886817636,-0.00034192537440501077,-7.483868403173512e-5,0.00019285695629726635,0.0004610393979317408,0.0007295767367271256,0.0009983258248392596,0.0012671309386004857,0.0015358226119860192,0.001804216642985378,0.0020721132777071606,0.0023392965741401775,0.002605533944299892,0.0028705758698762637,0.0031341557826342313,0.0033959900965765274,0.003655778374443967,0.003913203606420556,0.004167932574124264,0.004419616268062758,0.004667890321940574,0.004912375422533216,0.00515267764954258,0.005388388696001962,0.0056190859166621344,0.005844332149517914,0.006063675254501163,0.006276647313549334,0.006482763438051857,0.006681520133257809,0.006872393174832814,0.007054834960556725,0.007228271310254865,0.007392097699559144,0.007545674927895171,0.007688324238185882,0.007819321924684607,0.007937893486070699,0.008043207402358758,0.00813436863658076,0.00821041198315888,0.008270295406327623,0.008312893527740332,0.008336991440704473,0.008341279031131781,0.008324346002652907,0.008284677776069397,0.00822065246861351,0.008130539054881872,0.00801249694114606,0.007864576854931037,0.007684723450131918,0.007470778961041467,0.007220489057676818,0.0069315084866527895,0.006601410511765884,0.006227691995537087,0.005807788370362211,0.005339070858093236,0.004818875961249694,0.00424447263968875,0.0036131412709055357,0.002922038786601811,0.0021684533319323313,0.001349324655393779,0.0004621174033027265
-0.000401399646788737,-0.0011782721269019921,-0.0019067035159284818,-0.0025878705956939633,-0.0032228460473997913,-0.0038128932169723146,-0.004359269417462226,-0.004863300699317391,-0.0053263181200831336,-0.005749674100530384,-0.0061347206100658665,-0.006482811516151796,-0.006795294771875231,-0.0070735120417306846,-0.007318795681178648,-0.007532467951434514,-0.00771583945683497,-0.007870208130378111,-0.007996857862915055,-0.008097057143178675,-0.008172057456196922,-0.008223091566276625,-0.008251371641873555,-0.008258087292833722,-0.00824440354348028,-0.008211458796410156,-0.00816036282565686,-0.008092194843031326,-0.008008001672390462,-0.007908796063431768,-0.00779555516948613,-0.007669219208663414,-0.007530690321887311,-0.007380831636644941,-0.0072204665409131615,-0.0070503781682281184,-0.0068713090919671075,-0.00668396122472435,-0.006488995917026338,-0.006287034248518659,-0.006078657504033134,-0.005864407826561393,-0.005644789038981987,-0.005420267626376613,-0.005191273870823509,-0.004958203130635339,-0.004721417256040089,-0.004481246133291963,-0.004237989349063983,-0.003991917966764919,-0.0037432764060614044,-0.003492284416460331,-0.0032391391352273183,-0.0029840172193044633,-0.002727077040156691,-0.002468460929750979,-0.0022082974650765546,-0.0019467037778747543,-0.0016837878754931736,-0.001419650958143497,-0.0011543897172424337,-0.0008880985990972151,-0.0006208720178699431,-0.00035280650166420534,-8.400275563711434e-5,0.00018543237361704537,0.00045538404762382565,0.0007257277138520071,0.0009963275250197143,0.0012670349115939724,0.0015376873174302486,0.0018081071063204234,0.0020781006447458334,0.0023474575632507185,0.0026159501956632167,0.002883333191809897,0.0031493432955200986,0.0034136992755063092,0.0036761019923109836,0.003936234579845489,0.004193762715324325,0.0044483349465558744,0.004699583040862393,0.004947122315313782,0.005190551903795928,0.005429454912715159,0.005663398414163669,0.00589193322326295,0.006114593405452544,0.006330895459863021,0.006540337126884283,0.006742395771809527,0.006936526302194525,0.007122158584506434,0.00729869433582909,0.007465503478918218,0.007621919963667032,0.007767237075003959,0.007900702265942708,0.008021511574882238,0.008128803707219787,0.00822165388314425,0.008299067573741076,0.00835997426808675,0.00840322142889529,0.008427568811341851,0.008431683321449772,0.0084141346059446,0.008373391537964842,0.008307819794942956,0.008215680623777442,0.008095131009938816,0.007944225149121084,0.007760917593077743,0.007543067418458309,0.007288444501939967,0.006994735572069992,0.006659553848187521,0.00628044444289089,0.005854899109860066,0.005380353894809084,0.004854217442730066,0.004273839563493842,0.0036365863263000337,0.0029397106165355465,0.0021805944013679104,0.0013562893440636657,0.000464348977394344
-0.00040295995079646515,-0.0011831759526363058,-0.0019153336285319437,-0.0026005341926088614,-0.0032397751540533854,-0.003834242360223812,-0.004385119061480516,-0.004893660949031536,-0.005361134664976953,-0.00578883461271311,-0.0061780619007571055,-0.006530126783407543,-0.006846340879725251,-0.007128016545655531,-0.007376463508289922,-0.007592987609383448,-0.007778888718075409,-0.007935459146727062,-0.008063981698304568,-0.00816572772555511,-0.008241954966301236,-0.00829390529038385,-0.008322802323868282,-0.008329849025737766,-0.0083162252436183,-0.008283085304430485,-0.00823155567832998,-0.008162732758240742,-0.008077680787384219,-0.00797742996341193,-0.007862974740218395,-0.007735272343153859,-0.007595241507476558,-0.00744376144522538,-0.007281671041491165,-0.007109768277810722,-0.006928809877813161,-0.006739511168391783,-0.006542546148398164,-0.0063385477561079115,-0.0061281083263337414,-0.005911780228020121,-0.005690076673289262,-0.005463472689180657,-0.005232406243621215,-0.004997279517461776,-0.0047584603146215015,-0.004516283602507198,-0.004271053174849724,-0.0040230434289590805,-0.0037725012490909173,-0.003519647987205947,-0.0032646815318236634,-0.0030077784550426017,-0.002749096227026461,-0.002488775486484321,-0.0022269423548267903,-0.0019637107808703255,-0.0016991849021552312,-0.0014334614082311993,-0.0011666318906077388,-0.0008987851635809083,-0.0006300095397638432,-0.00036039504400317416,-9.003554936619404e-5,0.00018096918081050715,0.00045251156032523717,0.0007244743716323213,0.000996729095064039,0.0012691343878591856,0.0015415347233701366,0.0018137591986565184,0.0020856205162318804,0.0023569141428627345,0.00262741764516256,0.0028968901981611607,0.003165072259218161,0.0034316853954751555,0.0036964322486918826,0.0039589966167081735,0.004219043626114653,0.004476219965969238,0.004730154147790889,0.004980456752606994,0.0052267206217913136,0.005468520944858506,0.005705415194573955,0.005936942857806398,0.0061626249097828205,0.006381962979969238,0.006594438159956467,0.006799509407669181,0.006996611508122785,0.0071851525590007695,0.007364510959571682,0.007534031893999155,0.007693023314768693,0.007840751448753413,0.007976435866848746,0.008099244178082197,0.008208286429554084,0.008302609314683417,0.008381190311744082,0.008442931894241057,0.008486655968612892,0.008511098710484962,0.008514905971540558,0.00849662944268511,0.008454723731458419,0.008387544540110465,0.008293348032195003,0.008170291588504538,0.008016435847611443,0.007829748373112108,0.007608108313047367,0.007349313063717607,0.007051084699374785,0.006711079767605422,0.006326894978299848,0.005896081676239198,0.005416143907147807,0.004884565470355329,0.00429877992580664,0.0036562416815351198,0.0029543022375758407,0.002190439633960535,0.001361820227760313,0.00046608826479695295
-0.00040468729799742614,-0.0011885241086841648,-0.0019245857922198036,-0.002613908838235819,-0.0032574279114290735,-0.0038562617879206273,-0.004411529922096413,-0.004924426770973911,-0.0053961630738171935,-0.0058279828542174865,-0.0062211433050819165,-0.006576917272344279,-0.00689658558771371,-0.007181436201252348,-0.007432760521879325,-0.007651851720255723,-0.007840002157616575,-0.007998501265809008,-0.008128633049127998,-0.008231673596402665,-0.00830888838722528,-0.008361529535807878,-0.008390832947201696,-0.008398015465398501,-0.00838427204309577,-0.008350772989826154,-0.00829866133644944,-0.008229050356618934,-0.00814302127513512,-0.008041621188626065,-0.007925861216088823,-0.007796714891237157,-0.007655116802680282,-0.007501961483372028,-0.007338102546764161,-0.00716435206411069,-0.00698148017509599,-0.00679021492247831,-0.006591242300536356,-0.006385206506744767,-0.006172710386112842,-0.005954316057922272,-0.005730545715069231,-0.005501882586775295,-0.005268772055984996,-0.005031622923279038,-0.004790808809516647,-0.004546669689684696,-0.0042995135505051315,-0.004049618164289958,-0.003797232971254737,-0.0035425810621088094,-0.00328586125215374,-0.003027250237457281,-0.002766904822864476,-0.002504964210778708,-0.002241552338731802,-0.001976780252895105,-0.0017107485038007435,-0.0014435495497580983,-0.0011752701527293385,-0.0009059937508691584,-0.0006358027914904888,-0.0003647810080099865,-9.301562437736625e-5,0.00017940052925072508,0.00045236700538252474,0.0007257738475841409,0.000999499832329269,0.0012734108567882551,0.0015473584833392204,0.0018211786494422236,0.0020946905491070647,0.0023676956893407953,0.0026399771218356743,0.0029112988466338313,0.003181405380726076,0.0034500214804219927,0.0037168520020323956,0.003981581880872939,0.004243876204019415,0.0045033803475939055,0.004759720144872022,0.005012502047170563,0.005261313235581678,0.005505721638207821,0.005745275804921314,0.005979504589921324,0.006207916591780206,0.006429999301432548,0.006645217910883936,0.006853013739526957,0.00705280224098083,0.007243970561517071,0.007425874631403202,0.0075978357829982225,0.00775913690398093,0.007909018150654394,0.00804667226435508,0.00817123955350009,0.008281802623662921,0.008377380958464863,0.008456925472719808,0.008519313177819262,0.008563342112249697,0.008587726704502552,0.008591093735526864,0.008571979079526684,0.008528825374010113,0.00845998079496714,0.008363699017281675,0.00823814054479356,0.008081375301900794,0.007891386798619369,0.007666077252372287,0.007403274606266222,0.007100739300667929,0.006756174182253071,0.006367230443421639,0.005931521770736695,0.005446622807823209,0.004910094893965335,0.004319457555660992,0.0036722554785090823,0.0029659406630188397,0.0021980887303790298,0.0013659826390509248,0.00046735849843248286
-0.0004065768890965057,-0.0011943041203690216,-0.0019344429522208178,-0.0026279753719959317,-0.003275784835591159,-0.003878933030597274,-0.004438485488732806,-0.004955584295526995,-0.005431392599836804,-0.005867111557662425,-0.006263961311705035,-0.006623183465684657,-0.006946033598018339,-0.0072337801623004756,-0.007487700576830554,-0.00770907911220917,-0.007899203871998347,-0.008059364167559016,-0.008190847507995817,-0.00829493659733019,-0.008372906144738759,-0.00842601963792706,-0.00845552606411118,-0.00846265666191425,-0.008448621737248876,-0.008414607600398923,-0.008361773661796919,-0.008291249725175392,-0.008204133505322914,-0.008101488392518596,-0.007984341477451447,-0.0078536818446437,-0.0077104591364565035,-0.007555582385278271,-0.007389919107720466,-0.007214294651947912,-0.007029491787366923,-0.006836250524794461,-0.006635268154741915,-0.006427199491491868,-0.00621265731104059,-0.005992212971663301,-0.005766397206649531,-0.005535701079628182,-0.005300577093709577,-0.005061440446397767,-0.004818670422796823,-0.004572611920021657,-0.004323577095910641,-0.0040718471351290485,-0.0038176741255126303,-0.0035612830371139596,-0.0033028737958098603,-0.0030426234426318977,-0.002780688369124672,-0.0025172066181479353,-0.0022523002385524426,-0.0019860776812300166,-0.0017186362230576973,-0.00145006440442028,-0.0011804444651785317,-0.0009098547633342476,-0.0006383721601194645,-0.000366074354978136,-9.304215379201171e-5,0.00018063834608970887,0.00045487367005383355,0.0007295609949321409,0.0010045863064708654,0.0012798226984179974,0.001555128824398854,0.0018303475116511819,0.002105304543310299,0.0023798076131139076,0.002653645453324043,0.0029265871331592497,0.0031983815213168483,0.0034687569020891915,0.0037374207303546123,0.004004059506268309,0.004268338745988624,0.0045299030202409244,0.0047883760281422355,0.005043360669528158,0.0052944390752776805,0.00554117255189916,0.005783101394176005,0.006019744518120558,0.006250598866089978,0.006475138536862678,0.006692813595975857,0.006903048525880082,0.007105240281613518,0.007298755925905816,0.00748292982789811,0.007657060422091462,0.007820406538509427,0.00797218333136309,0.00811155785118479,0.008237644324391788,0.008349499223443402,0.008446116230349127,0.008526421214043277,0.008589267359580476,0.008633430598963713,0.008657605506341225,0.008660401819236222,0.008640341757146324,0.008595858280814868,0.008525294456943342,0.00842690400032051,0.008298853160908861,0.008139223844456192,0.00794601824799018,0.0077171644123381405,0.007450523558154686,0.0071438971612622585,0.006795036932309525,0.006401650969715918,0.005961417538559596,0.005471983910939957,0.00493099074212296,0.004336045081655488,0.0036847831518982688,0.0029747586016778873,0.0022036454378885502,0.001368844307320387,0.0004681836976503403
-0.0004086221720193751,-0.001200498347376529,-0.0019448796944534984,-0.0026427033383507525,-0.003294812514718614,-0.003902221376242757,-0.004465951021940151,-0.004987099762513689,-0.005466791259473096,-0.005906191172230215,-0.006306489359628733,-0.006668902288616012,-0.006994665782393142,-0.0072850336901720755,-0.007541273760568549,-0.007764665134408715,-0.007956494908326103,-0.008118055031972998,-0.008250638817342833,-0.008355537451754129,-0.00843403634428906,-0.008487411460970424,-0.008516925643328777,-0.008523824996880614,-0.008509335385826095,-0.008474659091331521,-0.008420971670188435,-0.008349419050299917,-0.008261114887321001,-0.008157138200910796,-0.00803853130049358,-0.00790629800443596,-0.007761402150638435,-0.0076047663922043885,-0.007437271268328357,-0.007259754538188704,-0.00707301076411176,-0.006877791129598913,-0.006674803477753797,-0.006464712556116495,-0.006248140454723866,-0.006025667225275988,-0.005797831670435941,-0.005565132293459921,-0.00532802839943191,-0.005086941340325757,-0.004842255896847413,-0.004594321790552235,-0.004343455319995032,-0.004089941114727426,-0.0038340340007468918,-0.0035759609706081824,-0.003315923250784457,-0.003054098458127773,-0.002790642836356914,-0.0025256935625530786,-0.0022593711125779153,-0.001991781673312395,-0.0017230195885658344,-0.0014531698245733124,-0.0011823104401102159,-0.0009105150455571434,-0.0006378552346545923,-0.0003644029723587181,-9.023292203122913e-5,0.00018457530464706197,0.0004599349913037101,0.0007357502695788692,0.0010119141954788163,0.0012883069625774404,0.0015647942636247158,0.0018412258100528555,0.0021174340165213625,0.0023932328548701824,0.0026684168788069615,0.002942760417207072,0.0032160169302430388,0.0034879185185483687,0.0037581755714724435,0.0040264765361179644,0.004292487784464336,0.004555853551461796,0.004816195912737525,0.005073114766523899,0.005326187780832586,0.005574970263841633,0.005818994913189788,0.006057771398506322,0.006290785731303191,0.006517499377483752,0.0067373480703870805,0.006949740286679301,0.007154055353641198,0.007349641164660543,0.007535811489967467,0.0077118428819846875,0.007876971188814048,0.008030387705366656,0.008171235008882498,0.008298602543991541,0.008411522040976527,0.008508962869622383,0.008589827447844554,0.008652946840575501,0.008697076695144952,0.00872089367084329,0.008722992518314905,0.008701883972103119,0.008655993591559946,0.008583661703304487,0.0084831445087669,0.008352616507173366,0.008190174119338338,0.00799384076292519,0.007761572801207837,0.007491267158253406,0.0071807686584188365,0.006827880033915295,0.006430368254215371,0.005985977893942655,0.005492430330961734,0.004947446722632048,0.004348722564542548,0.00369398622693635,0.002980893456313492,0.002207216786756771,0.0013704748722241124,0.00046858849883945025
-0.00041081500936807026,-0.0012070844626418352,-0.001955862990980693,-0.002658051955418999,-0.0033144647591731836,-0.003926077163444837,-0.0044938749547627985,-0.005018920999845418,-0.005502307361153391,-0.005945171419106826,-0.006348679400159932,-0.0067140286601806475,-0.007042440708528943,-0.007335159643007477,-0.007593447834851986,-0.007818583042883421,-0.008011854587012306,-0.008174559792683774,-0.00830800004872012,-0.008413476865555913,-0.008492287789305289,-0.008545722330776176,-0.008575057914547374,-0.008581555937205132,-0.008566457974131428,-0.008530982191946417,-0.008476320002419118,-0.008403632991739633,-0.00831405014630413,-0.008208665389595287,-0.008088535435924556,-0.007954677960645373,-0.007808070080619782,-0.007649647134550888,-0.0074803017495851075,-0.007300883178594529,-0.00711219689146426,-0.006915004403482543,-0.006710023324339021,-0.006497927612161073,-0.0062793480182570605,-0.00605487270969539,-0.005825048058350541,-0.00559037958653794,-0.005351333060692245,-0.005108335725720116,-0.0048617776735559995,-0.004612013340126659,-0.004359363125270301,-0.004104115130276512,-0.0038465270075167634,-0.0035868279162302352,-0.0033252205778833794,-0.0030618834237226633,-0.002796972826163849,-0.002530625404633081,-0.002262960395323423,-0.0019940820732378397,-0.0017240822137392492,-0.001453042579821668,-0.0011810374203337906,-0.0009081359636149552,-0.0006344048903306552,-0.00035991076889734436,-8.47224366439097e-5,0.00019108669004618903,0.0004674363930774521,0.0007442375332490078,0.0010213900489943835,0.0012987810867833346,0.0015762832751198739,0.001853753152037035,0.0021310297536868495,0.002407933368886452,0.0026842644614909054,0.0029598027590700612,0.003234306502763792,0.003507511849252522,0.003779132411715651,0.004048858922379175,0.004316358994981303,0.004581276961188127,0.004843233750893523,0.0051018267824588,0.0053566298255365435,0.00560719279624559,0.005853041442375528,0.006093676875135985,0.0063285749039422865,0.006557185132036327,0.006778929773558769,0.006993202157203179,0.007199364887893496,0.007396747646201036,0.0075846446153839415,0.007762311538123221,0.007928962418917874,0.00808376590373007,0.008225841385203542,0.008354254899565195,0.008468014899062487,0.008566068001600627,0.008647294835052463,0.008710506108801903,0.008754439054712666,0.008777754389665205,0.008779033948803399,0.008756779144313163,0.00870941037643353,0.008635267537920177,0.008532611666841302,0.008399627880709103,0.008234429474298702,0.00803506340122876,0.007799516582194014,0.0075257237593979905,0.00721157505974675,0.006854925988525418,0.0064536038987146075,0.006005420910740496,0.005508173448903385,0.004959663790998936,0.004357676196864545,0.0037000311810274256,0.002984486379580159,0.002208912373976787,0.0013709454294531269,0.00046859799783273713
-0.00041314582600434957,-0.0012140358767910792,-0.0019673528653455204,-0.002673970985629537,-0.0033346836423036098,-0.003950436959428947,-0.004522190177550539,-0.0050509787876563865,-0.005537870924285156,-0.005983982743844176,-0.006390463363927431,-0.0067584969587886805,-0.0070892960901736,-0.007384099898555336,-0.0076441696211715475,-0.007870785339795534,-0.008065241787482448,-0.008228844362729155,-0.008362904763140855,-0.008468736617278344,-0.008547650997158476,-0.008600951972983809,-0.008629932225797887,-0.00863586880904787,-0.008620019101293907,-0.008583617006422134,-0.008527869435874377,-0.008453953103858963,-0.008363011653211488,-0.008256153122332719,-0.008134447754601098,-0.007998926145382012,-0.007850577716048619,-0.007690349500477863,-0.007519145226628388,-0.007337824674214872,-0.007147203288882393,-0.0069480520335314724,-0.006741097458349274,-0.006527021972491082,-0.006306464302054354,-0.006080020120848657,-0.005848242842339215,-0.005611644562944135,-0.005370697148476778,-0.0051258334569061256,-0.004877448691684973,-0.004625901880690781,-0.004371517476247104,-0.004114587071862297,-0.003855371231126203,-0.003594101423798089,-0.0033309820634208915,-0.0030661926399468773,-0.0027998899398092997,-0.002532210344759719,-0.0022632721995605055,-0.0019931782374218187,-0.0017220180508431627,-0.0014498705944089546,-0.0011768067050216126,-0.0009028916241987015,-0.0006281875063068779,-0.0003527558961322288,-7.666015888076647e-5,0.0002000321542654564,0.00047724702167804194,0.0007549017639019017,0.0010329029685094374,0.0013111445410373583,0.0015895058943014764,0.0018678502863985888,0.0021460233154421975,0.0024238515763947022,0.002701141482416942,0.002977678249826803,0.0032532250422206838,0.0035275222654568795,0.003800287001224195,0.004071212562754278,0.004339968152081897,0.004606198594094955,0.004869524118669619,0.005129540158464393,0.005385817126719934,0.005637900136712105,0.005885308622613445,0.006127535820540433,0.006364048068727719,0.006594283887242449,0.006817652800613031,0.0070335338713617196,0.007241273918796698,0.007440185405674513,0.00762954398543192,0.007808585714674092,0.007976503949216635,0.008132445957182065,0.008275509298849988,0.008404738040064363,0.008519118882935063,0.008617577314426243,0.008698973888187808,0.00876210076885096,0.008805678676476844,0.008828354377309715,0.008828698863016793,0.0088052063643235,0.008756294316881075,0.00868030440834251,0.008575504752740824,0.008440093307792487,0.008272202414735539,0.008069904650509078,0.007831219456949359,0.0075541211938142255,0.007236546884953757,0.006876406157721922,0.00647158781674366,0.006019972282973204,0.005519431450026775,0.00496784879079224,0.004363097073114474,0.0037030883720786836,0.0029856813897089223,0.0022088436958393833,0.0013703281097071586,0.00046823760446847385
-0.0004156037380094648,-0.001221322111260282,-0.00197930298199357,-0.0026904015130673484,-0.0033554004366366757,-0.003975224627296258,-0.0045508152099576135,-0.005083188110943915,-0.005573394990653428,-0.006022537666963849,-0.0064317545333717405,-0.006802222401359125,-0.0071351501595932065,-0.00743177670832216,-0.007693366326453795,-0.007921205061879178,-0.00811659619166039,-0.008280855826380445,-0.008415308145405658,-0.008521280629840046,-0.0086000992038179,-0.008653083446765998,-0.008681541902909101,-0.008686767580141398,-0.008670033683016673,-0.008632589634946173,-0.008575657422438362,-0.00850042828900845,-0.008408059792608514,-0.008299673232550327,-0.008176351442700977,-0.008039136941390116,-0.007889030422926168,-0.007726989571943228,-0.007553928179328853,-0.0073707155373521505,-0.0071781760914918676,-0.006977089327237852,-0.006768189871549239,-0.006552167790549161,-0.006329669067185417,-0.006101296244878658,-0.005867609225424044,-0.005629126211537282,-0.005386324786312529,-0.005139643123460795,-0.004889481323435473,-0.004636202871463089,-0.004380136214000279,-0.004121576450333534,-0.0038607871358535576,-0.0035980021930988753,-0.003333427925916795,-0.0030672451311761525,-0.0027996113013324894,-0.0025306629099454536,-0.002260517770916121,-0.001989277460923301,-0.0017170297931969414,-0.001443851329571075,-0.001169809916590025,-0.0008949672305011019,-0.0006193813151274189,-0.0003431090960664231,-6.620885427963507e-5,0.00021125735789257768,0.00048922137508083,0.0007676066678154319,0.001046326197432895,0.0013252803911126337,0.0016043552496958875,0.001883420598991837,0.0021623284930700594,0.0024409117754023114,0.0027189828008385947,0.0029963323181363024,0.0032727285092964127,0.003547916178195989,0.00382161607713056,0.004093524355818524,0.00436331211339943,0.004630625029937424,0.004895083050138065,0.005156280088454016,0.005413783721685447,0.005667134832686714,0.005915847167076981,0.006159406764070714,0.006397271222877213,0.00662886876775583,0.006853597077891401,0.007070821852967421,0.007279875091694392,0.007480053068782173,0.007670614005793325,0.007850775443090255,0.008019711333361471,0.008176548891957099,0.008320365254884157,0.008450184011682103,0.008564971696491015,0.008663634336476614,0.008745014170469783,0.008807886663288814,0.008850957948515694,0.008872862839464871,0.008872163543177781,0.008847349214091693,0.008796836456075584,0.00871897088939091,0.008612029819843077,0.008474226108480842,0.008303713119048522,0.00809859090326108,0.007856913111247983,0.007576695202273248,0.00725592233344038,0.006892559206323744,0.006484556711336357,0.0060298638583301985,0.005526427935874733,0.0049722131684213555,0.004365180032507747,0.003703331035125846,0.0029846245469594074,0.0022071235298806485,0.0013686956910093564,0.0004675329092225659
-0.0004181766643200529,-0.0012289091236414734,-0.0019916611647695735,-0.00270727663327243,-0.0033765364515063972,-0.004000352288441783,-0.004579655265759539,-0.005115449305813077,-0.005608776832655228,-0.0060607320364768884,-0.0064724488235375745,-0.006845102338040347,-0.00717990296341136,-0.007478093983140854,-0.007740946808246031,-0.007969757016269233,-0.008165839482496415,-0.008330523593335592,-0.008465148107740308,-0.008571056018141432,-0.008649589350613494,-0.008702084066549591,-0.008729865102561251,-0.00873424164107424,-0.008716502658477152,-0.008677912804078777,-0.008619708640599773,-0.008543095270051856,-0.008449243354688827,-0.008339286534216983,-0.008214319231185426,-0.008075394830102322,-0.00792352421052163,-0.007759674610981308,-0.007584768798652047,-0.007399684518914417,-0.007205254199508474,-0.007002264885215157,-0.006791458380990656,-0.006573531583875615,-0.006349136986642031,-0.006118883338857238,-0.005883336453669907,-0.005643020151072057,-0.005398417330533789,-0.005149971167717368,-0.0048980864313809625,-0.004643130917589933,-0.004385436998938012,-0.004125303286689624,-0.003862996403573735,-0.0035987528644783762,-0.003332781061502639,-0.003065263348823627,-0.0027963582216223547,-0.0025262025820116667,-0.002254914083475564,-0.0019825935439392564,-0.0017093274161368325,-0.0014351903026586284,-0.0011602475017794447,-0.000884557569151552,-0.0006081748795037375,-0.0003311521718749257,-5.3543061446817577e-5,0.00022459549905639198,0.0005032008253172261,0.0007822021911263658,0.0010615186174701898,0.001341056775453572,0.0016207090160506776,0.0019003515377827693,0.0021798427012692935,0.002459021497027263,0.002737706170066392,0.003015693001646125,0.003292755245170735,0.0035686422095290043,0.0038430784794072797,0.004115763258174101,0.004386369815033403,0.0046545450142787825,0.004919908900834157,0.005182054312906732,0.005440546489689556,0.005694922639745467,0.005944691434178945,0.0061893323881007,0.006428295094393838,0.006660998275574262,0.006886828622725535,0.007105139395265252,0.007315248761691093,0.007516437869604571,0.0077079486431187415,0.007888981317255093,0.008058691731851754,0.008216188421740558,0.008360529554950993,0.008490719786302184,0.008605707108954,0.008704379801299322,0.008785563579192029,0.00884801907482975,0.008890439769767843,0.008911450515014872,0.008909606765354978,0.008883394655014254,0.008831232014018827,0.008751470429305633,0.00864239837907638,0.008502245521725398,0.008329188014558718,0.008121354993351242,0.007876835723608045,0.007593687928316226,0.0072699457795097925,0.006903629615844549,0.006492752625758032,0.006035332246755528,0.005529390612581855,0.004972971763968398,0.004364122575615659,0.003700934348081454,0.002981463191277721,0.002203865366336973,0.0013661212443374035,0.0004665095619490258
-0.0004208514226040082,-0.0012367595893182698,-0.0020043698502710877,-0.002724522062344126,-0.003398003779535583,-0.004025721187720939,-0.004608603217925109,-0.00514764910639183,-0.005643899064895916,-0.006098446188171152,-0.006512425976278271,-0.0068870174667987295,-0.007223437585249463,-0.007522938512672682,-0.007786802780956318,-0.0080163389643487,-0.008212876497200455,-0.00837776051396489,-0.008512346360466992,-0.008617994109306502,-0.008696063048884532,-0.008747906306555229,-0.00877486565281286,-0.00877826657848253,-0.008759413693413017,-0.008719586497479018,-0.008660035552045838,-0.008581979071510999,-0.008486599940067587,-0.008375043149767258,-0.008248413646680759,-0.008107774565618998,-0.007954145828861975,-0.007788503081361719,-0.007611776933349825,-0.007424852481185459,-0.0072285690782826085,-0.0070237203298482345,-0.006811054287699034,-0.006591273824355174,-0.006365037168747789,-0.006132958589028935,-0.005895609210989644,-0.005653517963353394,-0.005407172643626274,-0.005157021100199741,-0.0049034725279497714,-0.004646898875695941,-0.0043876363645111716,-0.004125987116113369,-0.0038622208903571864,-0.003596576930337642,-0.0033292659127391,-0.0030604719999996733,-0.002790354989539542,-0.0025190525539028055,-0.002246682564122973,-0.0019733454871148307,-0.0016991268463463951,-0.0014240997336418923,-0.001148327358596249,-0.0008718656209567463,-0.0005947656903091079,-0.00031707657669692986,-3.884767527399514e-5,0.0002398687320875526,0.0005190150352527697,0.0007985259309112172,0.0010783261501564354,0.001358328293283073,0.001638430785126624,0.001918515962435842,0.00219844830267118,0.0024780728011097692,0.0027572135003892436,0.0030356721735090727,0.003313227158009112,0.0035896323354738546,0.003864616246841879,0.004137881330195364,0.004409103263940285,0.004677930394570302,0.0049439832247356,0.00520685393413724,0.00546610590307699,0.005721273206359963,0.005971860043918388,0.00621734007408925,0.006457155616147863,0.006690716690612301,0.00691739986911906,0.0071365469104840255,0.007347463165941741,0.007549415744604948,0.00774163143980073,0.007923294428156851,0.008093543765806389,0.008251470719790538,0.00839611598707042,0.008526466868365154,0.008641454478327204,0.008739951087321658,0.008820767701572698,0.008882651998502368,0.00892428673908265,0.008944288783041493,0.008941208826114046,0.008913531976704182,0.008859679261855888,0.00877801015410925,0.008666826139094513,0.008524375388543413,0.008348858412418086,0.008138434793071163,0.007891230536638774,0.007605346477817023,0.007278866335806543,0.006909866269102821,0.006496421568043295,0.0060366175048762825,0.005528550056019562,0.004970341678344576,0.004360123854801671,0.0036960745662217237,0.0029763452405110412,0.002199182888312973,0.0013626778118505504,0.0004651931623418734
-0.00042361381086887664,-0.0012448331435836854,-0.002017366482179529,-0.002742056672742562,-0.003419705960120988,-0.00405122246986671,-0.004637540472458286,-0.0051796616006938665,-0.005678630666994554,-0.0061355460209349426,-0.0065515506744314575,-0.006927832973644814,-0.007265621300083674,-0.007566181122864376,-0.007830809966246776,-0.008060832755757526,-0.008257596336362163,-0.008422463955823798,-0.008556809448955604,-0.008662011433848373,-0.008739447519846458,-0.008790488684544842,-0.008816493876568098,-0.00881880493471345,-0.008798741873066002,-0.008757598579791167,-0.0086966389546962,-0.008617093500453157,-0.00852015636769629,-0.008406982844635738,-0.00827868727260511,-0.00813634136273003,-0.007980972884245447,-0.007813564692434855,-0.007635054063189598,-0.007446332301659003,-0.007248244594099384,-0.007041590074523513,-0.006827122080886588,-0.006605548579026271,-0.006377532736219092,-0.00614369362981402,-0.005904607079804069,-0.005660806597285195,-0.005412784443417053,-0.00516099279571861,-0.004905845020218279,-0.004647717049190497,-0.004386948864885442,-0.004123846089898439,-0.0038586816845975385,-0.003591697751457835,-0.0033231074452021226,-0.003053096986496391,-0.0027818277755159346,-0.0025094386002016827,-0.002236047932360739,-0.001961756303151655,-0.001686648747833056,-0.0014107973081367536,-0.001134263579159344,-0.0008571012864384311,-0.0005793588777693458,-0.00030108211353194214,-2.231663867446229e-5,0.0002568894807291217,0.0005364832734583804,0.0008164044483733489,0.0010965830649590908,0.0013769373041748148,0.0016573713532613452,0.0019377734163739853,0.0022180138608834457,0.0024979435067362067,0.002777392063595099,0.0030561667174457408,0.00333405086515236,0.003610802991972307,0.003886155683495313,0.004159814759784099,0.004431458515884262,0.004700737049299733,0.004967271651726037,0.0052306542393147195,0.005490446793220705,0.00574618078025149,0.005997356522271156,0.006243442482755888,0.006483874439709821,0.006718054516179487,0.006945350042968485,0.007165092232990589,0.007376574653028828,0.007579051486594822,0.007771735590976709,0.007953796362449037,0.008124357435678567,0.0082824942564949,0.008427231580833661,0.008557540966636827,0.008672338338851806,0.008770481720348096,0.008850769231952835,0.008911937473603755,0.008952660402476246,0.008971548826547736,0.008967150624615408,0.00893795180025421,0.008882378450127426,0.008798799725846358,0.008685531800827853,0.008540842890652184,0.008362959199651002,0.008150071869541612,0.0079003444904185,0.0076119215435817966,0.007282936484933897,0.006911521106055577,0.006495812209409704,0.006033961896219908,0.005524138553516301,0.004964541216250295,0.004353383737665693,0.0036889282243876003,0.0029694185480304345,0.0021931894995663257,0.0013584381168908737,0.0004636091618787621
-0.00042644867651507167,-0.00125308658875921,-0.002030583853169205,-0.002759792963837266,-0.0034415385689017123,-0.004076737876630386,-0.004666337760643306,-0.005211349104945414,-0.005712827926773464,-0.006171883995780895,-0.006589673583995654,-0.006967399605790488,-0.007306306666797688,-0.007607677776962653,-0.007872829192266376,-0.00810310541631249,-0.008299873431754026,-0.00846451684327375,-0.008598429757733674,-0.008703010687688147,-0.008779656508676912,-0.008829756622855647,-0.008854687395160578,-0.008855806950258742,-0.008834450380430282,-0.008791925408309552,-0.008729508525987981,-0.008648441620155762,-0.00854992907817419,-0.008435135359944224,-0.008305183011366865,-0.00816115108912112,-0.00800407396225264,-0.007834940454005953,-0.00765469328695526,-0.007464228795595102,-0.0072643968728441635,-0.007056001120049555,-0.006839799173832079,-0.006616503187159168,-0.006386780446199591,-0.0061512541085529185,-0.005910504052242223,-0.005665067828257565,-0.005415441712358771,-0.00516208185424989,-0.004905405524062128,-0.004645792457367366,-0.00438358630065919,-0.004119096159470394,-0.003852598251033265,-0.00358433766275284,-0.003314530216734082,-0.0030433644393503276,-0.0027710036333012202,-0.002497588047995409,-0.002223237142305157,-0.0019480519320178487,-0.0016721174125196147,-0.0013955050456250838,-0.0011182752978903538,-0.0008404802164171882,-0.0005621660269569012,-0.00028337573824154997,-4.151735775884204e-6,0.0002754616519891551,0.0005554156322718154,0.0008356544882043251,0.0011161131969649807,0.0013967151410407771,0.0016773699265818164,0.001957971321095815,0.0022383953207674163,0.002518498355307741,0.0027981156356485346,0.0030770596468496637,0.003355118785477382,0.0036320561373537792,0.003907608388143712,0.004181484855700492,0.004453366629619649,0.00472290580003883,0.0049897247545881195,0.005253415519544233,0.00551353911890949,0.005769624923375316,0.006021169960136809,0.006267638154432391,0.006508459474622436,0.006743028954757115,0.006970705571999192,0.007190810961107717,0.007402627954444313,0.0076053989437346635,0.007798324068964977,0.007980559250321624,0.008151214090656342,0.008309349688510737,0.008453976414636816,0.008584051718084426,0.008698478040313633,0.008796100927400678,0.008875707439661472,0.00893602496556698,0.008975720549577142,0.008993400844765763,0.008987612792912526,0.008956845129629803,0.008899530785471234,0.008814050250055204,0.008698735902545907,0.008551877341407988,0.008371727585795324,0.008156510198450036,0.007904426916287953,0.007613666093650004,0.007282410778080537,0.006908847849726814,0.006491174655345872,0.006027608725866373,0.005516389020586231,0.0049557889031378016,0.004344101941490611,0.0036796714047630957,0.0029608303176347976,0.0021859978979811945,0.0013534743043183669,0.000461782776607074
-0.00042933997437788333,-0.0012614740707477333,-0.00204395040100495,-0.002777637475376436,-0.0034633897424339506,-0.004102140374490857,-0.004694855859794718,-0.005242562966445792,-0.005746335313640511,-0.0062073000679275046,-0.006626632333062838,-0.007005554685775454,-0.007345332566168573,-0.007647270626470659,-0.007912707447210723,-0.00814301019440222,-0.008339568576447224,-0.008503788662900543,-0.008637086483520328,-0.008740881665874644,-0.008816591172758594,-0.00886562328578719,-0.008889371910269481,-0.008889211286336511,-0.008866491156372627,-0.008822532428205954,-0.008758623351430595,-0.0086760162108209,-0.008575924526008858,-0.008459520736192957,-0.008327934339812526,-0.008182250453280113,-0.008023508749139131,-0.00785270273249962,-0.007670779314881558,-0.007478638646382832,-0.007277134170065931,-0.0070670728662677726,-0.006849215658924216,-0.006624277960631602,-0.006392930337853336,-0.006155799282178237,-0.005913468077709888,-0.005666477758381132,-0.005415328152147725,-0.005160479011603805,-0.004902351232499938,-0.004641328163002744,-0.004377757007268728,-0.004111950327126449,-0.0038441876453408465,-0.0035747171532347155,-0.0033037575243118926,-0.003031499834170222,-0.002758109585338256,-0.002483728833928631,-0.0022084784130998385,-0.0019324602464636566,-0.0016557597426711023,-0.0013784482606756811,-0.0011005856334827316,-0.0008222227367664091,-0.0005434040874391444,-0.00026417045628826513,1.5438521977282046e-5,0.0002953817583229069,0.0005756141558363235,0.000856084109977507,0.0011367310790626657,0.0014174832404649123,0.0016982552467940894,0.0019789460946757244,0.002259437116852294,0.0025395901060298568,0.002819245576383785,0.003098221165780154,0.0033763101787689137,0.003653280267145319,0.003928872241582489,0.004202799004416765,0.004474744590350003,0.004744363298579072,0.005011278896894486,0.005275083875616756,0.005535338727079999,0.005791571224783297,0.006043275675507212,0.0062899121177386426,0.006530905440814373,0.006765644401413027,0.006993480517474411,0.007213726824446939,0.00742565648491762,0.007628501250273007,0.007821449781903219,0.008003645849603667,0.008174186435900852,0.008332119786949822,0.008476443462813794,0.008606102452189427,0.008719987428073598,0.00881693323138389,0.008895717677701104,0.008955060788621677,0.008993624550895904,0.00901001330646674,0.009002774867661479,0.00897040244518695,0.008911337450535644,0.008823973227951575,0.008706659711577648,0.008557709025794454,0.008375401901390973,0.008157994932782445,0.007903728289021096,0.007610834121450876,0.007277544598880648,0.006902100800426934,0.006482759287468172,0.006017801247452884,0.005505533990372505,0.004944302573685355,0.004332477236052849,0.003668479067562632,0.0029507265732039416,0.0021777196925781696,0.0013478577096867966,0.00045973891030063837
-0.00043227081550624777,-0.001269947229667771,-0.002057390465718854,-0.0027954911524095288,-0.0034851406477455263,-0.004127294723311683,-0.004722946253243583,-0.005273144305739715,-0.005778986292743335,-0.006241622562121079,-0.006662252437139447,-0.007042123075523887,-0.007382525192485411,-0.007684789019409057,-0.007950278893695028,-0.00818038757144175,-0.008376529921908137,-0.008540136438483916,-0.008672646580037,-0.00877550216997213,-0.008850140945193439,-0.008897990393608446,-0.008920461963619316,-0.00891894572629781,-0.008894805539545771,-0.00884937474850574,-0.008783952434915561,-0.008699800213142702,-0.008598139555964777,-0.00848014962244923,-0.008346965551779748,-0.008199677181342695,-0.008039328144234834,-0.007866915300448096,-0.007683388456976893,-0.007489650334597295,-0.007286556742773336,-0.007074916928652935,-0.006855494071158193,-0.006629005896399214,-0.006396125395853694,-0.0061574816337092,-0.00591366063431087,-0.005665206344678051,-0.005412621670450725,-0.00515636958637156,-0.004896874324466432,-0.004634522644492307,-0.0043696651919664315,-0.004102617949281448,-0.003833663785039282,-0.0035630541059396468,-0.003291010614345337,-0.003017727173155974,-0.0027433717778619824,-0.002468088633768712,-0.002192000334364343,-0.0019152101348125716,-0.001637804312536383,-0.0013598546049998002,-0.0010814207129986218,-0.0008025528562416231,-0.0005232943666049021,-0.0002436843033937824,3.6239925924701816e-5,0.00031643995651123216,0.0005968738857000211,0.0008774937383403437,0.0011582429945244492,0.0014390541954071487,0.0017198466416742354,0.002000524197640182,0.0022809732121349437,0.0025610605651190704,0.002840631846544346,0.0031195096712165293,0.0033974921305168914,0.003674351378703568,0.003949832348341194,0.004223651586127004,0.00449549619721536,0.004765022883045888,0.0050318570548777445,0.005295592002734935,0.005555788097475584,0.0058119720022756696,0.006063635869152494,0.0063102364963302515,0.006551194423425189,0.006785892943710925,0.0070136770161961836,0.007233852065014611,0.0074456826596631925,0.007648391077010904,0.007841155754554782,0.008023109654126745,0.00819333856580347,0.008350879393033722,0.008494718471404202,0.008623789984830129,0.008736974553420707,0.008833098076702146,0.008910930922959378,0.008969187560571757,0.009006526727892612,0.009021552236921172,0.009012814496563906,0.008978812833304695,0.008917998661730413,0.008828779548550658,0.008709524158455658,0.00855856808568605,0.00837422044492648,0.008154771223442226,0.0078984990344511,0.007603679454972971,0.007268592989659954,0.006891533695325314,0.006470815673037733,0.006004781639222608,0.005491804672300345,0.0049302985281122445,0.004318706711055335,0.0036555244409488996,0.002939251679690468,0.0021684650611635274,0.001341658655212295,0.0004575020871442695
-0.0004352235081949164,-0.0012784553289819814,-0.0020708245145384155,-0.002813249670038804,-0.003506665906345893,-0.004152057996293031,-0.004750451740311444,-0.00530292470895311,-0.005810604090591147,-0.00627466900153547,-0.006696348180667389,-0.007076918099493538,-0.007417699007217657,-0.007720050473494616,-0.007985365850703634,-0.008215066242275531,-0.008410593947087952,-0.008573405679663146,-0.008704965677870416,-0.00880673889155604,-0.008880184375212248,-0.008926749014040333,-0.00894786167457078,-0.008944927855236878,-0.008919324884781,-0.008872397696838225,-0.008805455188157356,-0.008719767151478104,-0.008616561759640767,-0.008497023566574126,-0.0083622919827133,-0.008213460177257475,-0.008051574357165242,-0.007877633372553974,-0.007692588599924607,-0.007497344057889466,-0.007292756714559996,-0.007079636950968913,-0.0068587491506199106,-0.0066308123910807735,-0.006396501219286862,-0.0061564464976148715,-0.0059112363127165665,-0.0056614169434063095,-0.00540749388752058,-0.005149932950563154,-0.00488916140110253,-0.004625569199330331,-0.004359510305933947,-0.004091304078589658,-0.003821236762926778,-0.0035495630839403065,-0.003276507942487986,-0.0030022682199088717,-0.002727014691900894,-0.002450894050789218,-0.002174031033163165,-0.001896530647745357,-0.0016184804962096574,-0.0013399531776938788,-0.0010610087658442268,-0.0007816973455933837,-0.0005020615953806613,-0.00022213939938291335,5.803352662778364e-5,0.0003384210127199572,0.0006189838327695944,0.0008996771400655757,0.0011804479572887785,0.0014612327367795187,0.0017419550059304622,0.0020225231110394325,0.002302828071214938,0.0025827415517838625,0.002862113964329702,0.003140772697816386,0.0034185204824715627,0.0036951338850828774,0.003970361931317094,0.004243924847535163,0.004515512911557971,0.004784785398902965,0.005051369608368652,0.005314859948520833,0.005574817064800826,0.005830766985717361,0.006082200266059437,0.006328571105367085,0.006569296421163151,0.0068037548587791905,0.007031285723077219,0.007251187822063788,0.007462718218288805,0.007665090891067794,0.007857475320790628,0.00803899501587016,0.008208726012874942,0.008365695390989308,0.008508879852572562,0.008637204432059556,0.008749541404944999,0.008844709476960134,0.008921473339563866,0.008978543681833604,0.009014577748546361,0.009028180531776222,0.009017906673383272,0.008982263146525423,0.00891971275973567,0.008828678516125836,0.008707548809302697,0.00855468344656236,0.008368420374681967,0.008147083088370475,0.007888988389250874,0.0075924546216445754,0.007255809536673735,0.006877398629823146,0.006455591538392366,0.005988790045162309,0.005475430075791119,0.004913990752066242,0.004302985103905888,0.0036409784660685787,0.002926547911724657,0.0021583424455701747,0.0013349462704844346,0.000455096393277319
-0.00043817959297229363,-0.001286945367675973,-0.002084169341384865,-0.002830803726525332,-0.0035278339824550762,-0.004176280061797004,-0.0047772070073029615,-0.005331726881469544,-0.005841002423213744,-0.006306246900997846,-0.006728723465010836,-0.007109742436567308,-0.007450657663674592,-0.00775286162239671,-0.008017779750454701,-0.00824686407202739,-0.008441586405156444,-0.008603431309106468,-0.00873388898339162,-0.008834448275032245,-0.008906589947939011,-0.008951780332939563,-0.008971465456639393,-0.008967065718191605,-0.008939971159721512,-0.008891537352115342,-0.008823081897843834,-0.008735881534638437,-0.00863116980974692,-0.008510135283425917,-0.008373920212751913,-0.008223619662149672,-0.008060280985245957,-0.007884903623153404,-0.007698439166863893,-0.007501791635481039,-0.007295817927298583,-0.007081328406685694,-0.006859087596143323,-0.006629814949330993,-0.006394185687138558,-0.006152831684716795,-0.0059063424026759665,-0.00565526586024099,-0.005400109651988507,-0.005141342012823193,-0.004879392938078747,-0.004614655367102361,-0.004347486439404221,-0.004078208832550606,-0.003807112190446564,-0.0035344546496702107,-0.0032604644700641064,-0.002985341774060433,-0.0027092603971771274,-0.0024323698499928922,-0.002154797389602418,-0.0018766501963242718,-0.0015980176491523011,-0.0013189736913557905,-0.001039579275610006,-0.0007598848763025915,-0.00047993305507262635,-0.00019976106440072218,8.059652695465966e-5,0.0003611052035079616,0.0006417278847992765,0.000922422336513785,0.0012031386278244195,0.0014838166510688672,0.0017643837188712323,0.0020447522523766907,0.0023248175726263425,0.0026044558050276187,0.0028835219046550544,0.003161847807542208,0.0034392407104626406,0.003715481478789619,0.0039903231791216555,0.00426348973036096,0.004534674664065589,0.0048035399821192435,0.00506971509728101,0.005332795840018534,0.005592343513347514,0.005847883976302847,0.006098906736259849,0.006344864030744045,0.006585169880702619,0.006819199099569601,0.007046286245900445,0.007265724511959033,0.007476764546357424,0.0076786132157464415,0.007870432318416942,0.0080513372715031,0.008220395802900507,0.00837662668892654,0.008518998588590634,0.008646429034927813,0.00875778365238173,0.008851875676549312,0.008927465857577034,0.008983262831360618,0.009017924041496686,0.009030057291384418,0.009018222995518249,0.008980937188622726,0.008916675327587293,0.008823876908177467,0.008700950871924356,0.008546281781347038,0.008358236641285058,0.008135172326047624,0.00787544330872217,0.007577409764674599,0.00723944530992135,0.006859945036101351,0.006437331801431601,0.005970063676142891,0.005456636193781445,0.004895590194744408,0.004285504182563098,0.0036250092921872295,0.0029127550653210623,0.0021474582807720017,0.0013277883353616734,0.0004525454261857144
-0.0004411198729857296,-0.0012953621797193225,-0.0020973382474047723,-0.002848039312933093,-0.003548507544881351,-0.004199804037312085,-0.004803039170258119,-0.005359365273856505,-0.005869986197676807,-0.006336154535063357,-0.006759172632965668,-0.007140388990150745,-0.007481194911430223,-0.00778301914310324,-0.008047322077428727,-0.008275589035846069,-0.008469323253532555,-0.008630038573059247,-0.008759252160844817,-0.008858477363167253,-0.008929216886211047,-0.008972956406237164,-0.008991158714381012,-0.008985258457786888,-0.008956657519993605,-0.008906721054914166,-0.008836774169763644,-0.008748099233079783,-0.00864193377037669,-0.008519468898855473,-0.008381848245624258,-0.008230167289746364,-0.008065473067430893,-0.00788876418096611,-0.007700991055435353,-0.007503056392143055,-0.0072958157737724495,-0.0070800783830089805,-0.006856607803467746,-0.00662612287879502,-0.006389298612629981,-0.006146767098378394,-0.005899118473399814,-0.005646901897056188,-0.005390626556099337,-0.005130762704024308,-0.00486774274331013,-0.0046019623609507765,-0.004333781728371094,-0.004063526776846612,-0.0037914905589261708,-0.0035179347052527827,-0.0032430909845967202,-0.002967162973045436,-0.0026903278361244797,-0.0024127382253405485,-0.0021345242882093375,-0.0018557957884546515,-0.0015766443306699126,-0.0012971456815176925,-0.0010173621774181372,-0.0007373452068289841,-0.0004571377535382316,-0.00017677698606530356,0.00010370312284503745,0.0003842691633571687,0.0006648856594830892,0.0009455124610272298,0.0012261021735021488,0.001506597642304397,0.001786929506516005,0.002067013836336734,0.0023467498665852154,0.0026260178367336663,0.002904676945810781,0.0031825634280449335,0.0034594887525629192,0.003735237947684791,0.0040095680475780646,0.0042822066561832555,0.004552850620600036,0.004821164803507737,0.005086780941868902,0.005349296577156183,0.005608274040828958,0.00586323947780828,0.0061136818904298776,0.0063590521858570654,0.006598762211331451,0.006832183764008634,0.007058647565526012,0.007277442195935526,0.007487812987170701,0.007688960882824023,0.007880041278503589,0.008060162865383325,0.008228386508400097,0.008383724199770858,0.008525138137555984,0.00865153998768918,0.008761790395486567,0.008854698818949843,0.008929023760167047,0.008983473472922852,0.009016707222578994,0.00902733716975696,0.009013930938652081,0.00897501491943503,0.008909078331461987,0.008814578059265563,0.008689944231139536,0.008533586507019932,0.008343900956660003,0.008119277469005043,0.007858107418105937,0.007558791606185283,0.00721974785263879,0.006839418713681078,0.006416277657733124,0.005948835965410329,0.005435645240233389,0.004875304099396956,0.00426645217773186,0.003607781816544669,0.0028980101079210565,0.0021359167540495284,0.001320251142524884,0.00044987225111318865
-0.00044402444140450627,-0.001303648525152482,-0.0021102412090619397,-0.0028648379675228217,-0.0035685438120003367,-0.004222466725846906,-0.0048277683002461,-0.005385646691009064,-0.005897352197858968,-0.006364181691570917,-0.00678748127998371,-0.007168641746110639,-0.007509095489501756,-0.007810310672665617,-0.008073785297087233,-0.008301040148318693,-0.008493611573234803,-0.008653043940567895,-0.008780882202203544,-0.008878664629267506,-0.00894791593776887,-0.00899014089586628,-0.009006818522830301,-0.008999396933001431,-0.008969288864120361,-0.008917867896311642,-0.008846465350225081,-0.008756367832379836,-0.008648815382748884,-0.008525000168557253,-0.008386065662001846,-0.008233106236082555,-0.00806716711259546,-0.007889244598468096,-0.007700286550965491,-0.007501193018052651,-0.007292817007138681,-0.007075965342909808,-0.006851399582761901,-0.006619836965990223,-0.0063819513802205385,-0.006138374335266504,-0.005889695940577254,-0.005636465887539953,-0.005379194442106788,-0.005118353456466176,-0.004854377410822376,-0.004587664497817405,-0.0043185777627785735,-0.004047446312911217,-0.003774566607840796,-0.003500203842667742,-0.00322459343299154,-0.002947942609344866,-0.0026704321261611153,-0.002392218087976748,-0.002113433892996809,-0.0018341922916484826,-0.0015545875552166596,-0.001274697747331858,-0.0009945870888354701,-0.0007143084046044298,-0.0004339056391336783,-0.00015341642626891952,0.00012712530272284417,0.00040768668932988667,0.0006882333133425245,0.0009687265709888504,0.0012491210827149065,0.001529362147064172,0.0018093832562561358,0.002089103687801149,0.0023684261849834295,0.0026472347371834203,0.0029253924689670754,0.0032027396445201027,0.0034790917915640666,0.0037542379462407773,0.004027939017808413,0.004299926269285307,0.004569899907603236,0.0048375277743634626,0.00510244412612674,0.005364248491304358,0.0056225045893454045,0.0058767392970743,0.006126441646861225,0.0063710618418983175,0.0066100102752813346,0.00684265654196934,0.007068328436015721,0.007286310929824855,0.007495845137509628,0.007696127270725235,0.00788630760246145,0.008065489462113558,0.008232728293405706,0.008387030815250045,0.008527354333896352,0.008652606262540675,0.008761643911231708,0.008853274615219418,0.008926256272945656,0.008979298365671226,0.009011063527930777,0.009020169732562882,0.009005193143133527,0.008964671674321406,0.008897109279180365,0.00880098096584011,0.00867473850853099,0.008516816809160391,0.008325640794445534,0.008099632772274403,0.007837220002124954,0.007536842451583704,0.007196960214610184,0.0068160609058312074,0.006392665713840221,0.005925335771734071,0.005412674934810436,0.0048533353793921525,0.0042460132577759446,0.0035894572627407644,0.002882446861304115,0.0021238195897895387,0.0013123993766976066,0.0004470993633283737
-0.00044687270717304236,-0.0013117451767620076,-0.0021227850398815467,-0.002881077022641544,-0.0035877948887988007,-0.004244099044541773,-0.004851207941467771,-0.005410370894969133,-0.005922889764885378,-0.006390110420814184,-0.0068134270618333565,-0.0071942766277322545,-0.007534136016836306,-0.007834515722212462,-0.008096953781471182,-0.008323008389040239,-0.008514250483354614,-0.008672255996518548,-0.008798598289313125,-0.008894840799944006,-0.008962530151214412,-0.009003189792577986,-0.009018314291940971,-0.009009364321079063,-0.0089777623698048,-0.008924889186426655,-0.008852080925665093,-0.008760626963557557,-0.008651768326624513,-0.008526696671626002,-0.008386553746796133,-0.0082324312626017,-0.008065371100875558,-0.007886365794191542,-0.007696359212655214,-0.007496247401933988,-0.0072868795241598045,-0.007069058861590815,-0.006843543851439046,-0.006611049128506414,-0.006372246560123151,-0.006127766264981341,-0.0058781976137693755,-0.005624090214835884,-0.005365954892479901,-0.005104264668792352,-0.004839455762356625,-0.004571928618551378,-0.004302048986790028,-0.004030149059878551,-0.003756528689827822,-0.0034814566930958554,-0.0032051722563759245,-0.0029278864518856307,-0.002649783868645737,-0.0023710243636682732,-0.0020917449342608184,-0.0018120617100143505,-0.0015320720603862476,-0.0012518568113476364,-0.0009714825622112333,-0.0006910040917077514,-0.00041046684050768446,-0.0001299094558848515,0.00015063361706288002,0.00043112951407041366,0.0007115443172948361,0.0009918404250491013,0.0012719739428132361,0.0015518921121221293,0.0018315307931592508,0.0021108120156930247,0.002389641611588364,0.002667906940349605,0.0029454747172106195,0.0032221889510495945,0.003497868997081464,0.0037723077267558967,0.004045269814783177,0.004316490140639493,0.004585672299478303,0.004852487215056496,0.005116571845265951,0.00537752796914382,0.005634921042999078,0.00588827911256176,0.006137091767995889,0.0063808091292592885,0.006618840850753756,0.006850555136545682,0.007075277760683172,0.007292291091333437,0.007500833122554196,0.007700096523498944,0.007889227721541313,0.008067326043142205,0.008233442943924052,0.008386581367229544,0.008525695277928584,0.008649689425189537,0.008757419393695877,0.008847692007154845,0.008919266150084934,0.008970854073747953,0.009001123248580569,0.00900869881923439,0.00899216670726484,0.008950077393514064,0.008880950391755063,0.008783279407396887,0.008655538141887653,0.008496186689579065,0.00830367841684753,0.008076467231494392,0.007813015027180861,0.00751179922925184,0.007171320023029814,0.006790107415201079,0.006366727160791146,0.005899786623044996,0.005387937827427994,0.0048298820325935665,0.004224367039358901,0.0035701927911699137,0.002866195711706661,0.0021112658554203107,0.0013042960075937424,0.00044424865528582745
-0.0004496434206406309,-0.0013195910063975845,-0.0021348735519481597,-0.002896629851806068,-0.0036061081048588627,-0.004264526455178483,-0.004873165632319126,-0.0054333312117552214,-0.00594638148250026,-0.006413715790361458,-0.006836780508326527,-0.0072170623568195225,-0.007556085888643264,-0.007855406596135855,-0.008116604738938975,-0.008341277630955567,-0.00853103205664515,-0.008687476333896688,-0.008812212653174584,-0.008906829672811818,-0.008972895644626845,-0.009011952129116704,-0.009025508419116507,-0.009015036705340235,-0.00898196801402382,-0.008927688904819998,-0.008853538902314847,-0.008760808611820981,-0.008650738458709574,-0.008524517979845393,-0.008383285591122223,-0.008228128753048928,-0.008060084458113941,-0.007880139967630784,-0.007689233732055455,-0.00748825643634346,-0.007278052120597004,-0.007059419335302137,-0.0068331122996656305,-0.006599842040402218,-0.006360277496668278,-0.006115046584331793,-0.005864737219385477,-0.00560989830584589,-0.005351040697982641,-0.005088638150122267,-0.004823128269656293,-0.004554913490283383,-0.004284362083025819,-0.00401180922230417,-0.003737558123372932,-0.003461881265927088,-0.0031850217166677717,-0.0029071945613111955,-0.0026285884538989417,-0.002349367288552987,-0.0020696719959658588,-0.001789622464139071,-0.001509319580103604,-0.0012288473867985217,-0.0009482753468198339,-0.0006676607026089477,-0.00038705092068269816,-0.00010648620592255253,0.00017399792941724088,0.0004543680582572548,0.0007345902097543847,0.001014627236075298,0.0012944361920667993,0.001573965744552669,0.0018531536272962344,0.0021319241565546272,0.0024101858208370047,0.0026878289568007083,0.0029647235213744257,0.0032407169680786583,0.0035156322332990566,0.003789265835878812,0.004061386091015677,0.004331731437025015,0.004600008871245275,0.0048658924891896264,0.005129022119174274,0.005389002043068684,0.005645399792708734,0.005897745010879808,0.006145528365801057,0.006388200508727943,0.006625171065759509,0.006855807657227818,0.0070794349411885445,0.0072953336815581886,0.007502739846281509,0.007700843746560716,0.007888789234442311,0.008065672982873069,0.008230543879370014,0.008382402571561164,0.008520201209568066,0.008642843436311318,0.008749184681710083,0.008838032820208662,0.008908149252348984,0.00895825047012991,0.008987010161760301,0.008993061904452789,0.008975002482797229,0.0089313958566425,0.00886077778319396,0.008761661079049217,0.00863254147925542,0.008471904031719298,0.008278229922324324,0.00805000362472716,0.007785720189872771,0.0074838925588177115,0.007143058583756812,0.006761787751134112,0.006338686980011125,0.005872405992451474,0.005361640654470818,0.0048051365859292285,0.004201688125999751,0.0035501411342800443,0.0028493833408292928,0.0020983517834424993,0.0012960021932144571,0.00044134138738700685
-0.000452314700278756,-0.0013271230745838783,-0.002146407722780287,-0.002911366124131505,-0.003623326361559405,-0.00428356940562512,-0.004893443438895893,-0.005454315151846525,-0.005967603876959581,-0.006434766654865707,-0.006857305852071085,-0.007236761329413685,-0.0075747081865065475,-0.007872749323805732,-0.008132509154809469,-0.008355625577664788,-0.008543742241869995,-0.008698500450401728,-0.008821531435040485,-0.00891444893338199,-0.008978842370729377,-0.009016270687336106,-0.009028256933137805,-0.009016283651945413,-0.008981789079761607,-0.008926164135369067,-0.008850750168345287,-0.008756837405964455,-0.00864566403005314,-0.00851841580448883,-0.008376226170464471,-0.008220176725418131,-0.008051298004371264,-0.007870570487375503,-0.007678925764077184,-0.00747724779493156,-0.007266374218165668,-0.00704709766143126,-0.006820167026987473,-0.006586288728685484,-0.006346127867848789,-0.006100309343017169,-0.005849418895420471,-0.0055940040977736135,-0.005334575298604688,-0.005071606537774134,-0.004805536451212823,-0.0045367691842578195,-0.0042656753333803945,-0.003992592935714897,-0.003717828524698048,-0.0034416582684573846,-0.0031643292054341137,-0.0028860605892448436,-0.0026070453520175983,-0.0023274516925662174,-0.002047424792773564,-0.001767088662643374,-0.0014865481115816793,-0.0012058908407868519,-0.0009251896490670044,-0.0006445047421608502,-0.0003638861335785569,-8.337612331691351e-5,0.00019698816063717806,0.00047717217410904445,0.0007571413386922253,0.0010368584110211426,0.0013162808565812842,0.0015953582448983796,0.001874029682334665,0.002152221297693934,0.002429843794611068,0.0027067900831161907,0.0029829330010323497,0.003258123133843511,0.003532186739589548,0.0038049237830690137,0.004076106081390634,0.004345475560624885,0.004612742621159461,0.0048775846073384746,0.005139644375217009,0.0053985289508163194,0.005653808270265185,0.0059050139926854605,0.006151638376760336,0.006393133212650621,0.006628908802382407,0.006858332984057814,0.00708073019826249,0.007295380598877697,0.007501519215076662,0.007698335176582596,0.007884971020096342,0.008060522101086192,0.008224036141561083,0.008374512950861931,0.00851090436246564,0.008632114435079639,0.008736999970366264,0.00882437140222524,0.008892994113061319,0.008941590230695079,0.008968840954889732,0.008973389454908153,0.00895384436843352,0.008908783918110579,0.008836760644075438,0.008736306730820806,0.008605939882631124,0.008444169678535413,0.008249504308428638,0.008020457571886063,0.007755555985285077,0.007453345840984444,0.007112400005484177,0.006731324300763536,0.006308763173321722,0.0058434045981451055,0.005333983718102293,0.0047792855616878155,0.004178145666444519,0.0035294502492134016,0.002832132471284482,0.0020851706044661463,0.0012875771901862064,0.000438398161245304
-0.00045486406189440705,-0.001334276727151713,-0.002157285873182607,-0.0029251520731600387,-0.0036392884966186694,-0.004301043791052912,-0.004911838510177941,-0.005473105053714672,-0.005986328140773457,-0.006453026449947305,-0.006874761880967889,-0.007253130514397869,-0.007589760610030208,-0.0078863046110359,-0.008144432749606707,-0.008365824715881697,-0.008552161798628194,-0.008705118654711404,-0.008826355554246823,-0.008917510975748161,-0.008980194882935659,-0.009015982703349886,-0.00902641013338982,-0.009012968779357063,-0.008977102652994763,-0.008920205489111335,-0.008843618841858922,-0.008748630891664855,-0.00863647588554707,-0.008508334123581174,-0.00836533240179987,-0.008208544821487224,-0.008038993878775824,-0.00785765175444507,-0.007665441732167592,-0.00746323968294037,-0.007251875563885669,-0.007032134890243172,-0.006804760149954068,-0.006570452140237689,-0.006329871214849085,-0.006083638438936186,-0.005832336655568546,-0.005576511473911052,-0.0053166721937203615,-0.0050532926843269285,-0.004786812238593261,-0.004517636423624715,-0.004246137950315125,-0.003972657583292349,-0.003697505111578137,-0.003420960398452666,-0.0031432745266912576,-0.002864671052705207,-0.0025853473801864474,-0.002305476260836672,-0.002025207426627457,-0.0017446693549920597,-0.0014639711653291591,-0.001183204642409156,-0.0009024463796060726,-0.0006217600325402324,-0.00034119867158036193,-6.08072198970468e-5,0.0002193750377454109,0.0004993118913556633,0.0007789676039672743,0.0010583042888792028,0.0013372792831273634,0.0016158425341171205,0.0018939340158194962,0.0021714811899854907,0.0024483965266991134,0.0027245750971018876,0.002999892249491885,0.003274201378093202,0.0035473317918258552,0.0038190866882597723,0.004089241235826078,0.0043575407652020354,0.004623699068781765,0.004887396805243677,0.005148280004619747,0.005405958667937782,0.005660005454614184,0.005909954450329748,0.006155300008259562,0.006395495657267699,0.006629953072116323,0.006858041102885849,0.007079084863688941,0.007292364884385534,0.007497116333302608,0.007692528323892526,0.007877743323654778,0.00805185668939689,0.008213916358735952,0.008362922733463746,0.008497828795627506,0.008617540501657861,0.008720917503143258,0.008806774244620213,0.008873881488516935,0.008920968314893212,0.008946724638478815,0.008949804277424006,0.00892882859724603,0.008882390739007817,0.008809060424303131,0.008707389308738446,0.008575916836002485,0.0084131765171282,0.008217702543616498,0.00798803660508187,0.007722734787821204,0.007420374361161704,0.007079560338557701,0.006698931515165171,0.006277166007976467,0.005812985717869472,0.005305160279272787,0.004752508956298631,0.004153902924016636,0.003508262979703165,0.0028145616194203468,0.00207181238564892,0.0012790782674082064,0.00043543889404952475
-0.00045726845144551057,-0.001340985702203241,-0.0021674038611631083,-0.002937850786545733,-0.0036538296734159527,-0.004316761443019412,-0.004928143663357669,-0.005489478758972254,-0.006002320888776887,-0.006468254018402801,-0.006888902822355895,-0.0072659223824655065,-0.007600996437043477,-0.007895828817857643,-0.008152136961006364,-0.00837164328872138,-0.00855606724996017,-0.00870711698736695,-0.008826481587475109,-0.008915823731544729,-0.008976773106588912,-0.009010920574912387,-0.009019813228500338,-0.009004950324557283,-0.008967780113943571,-0.008909697519033812,-0.008832042608674255,-0.008736099792561245,-0.008623097649349787,-0.008494209293340507,-0.008350553183268042,-0.008193194277356418,-0.008023145443911204,-0.007841369043760666,-0.007648778610284185,-0.00744624056320602,-0.007234575903692588,-0.00701456184968552,-0.006786933381662443,-0.006552384679567984,-0.006311570441380812,-0.0060651070823517445,-0.005813573821329422,-0.005557513666644952,-0.005297434318799541,-0.005033809010682939,-0.0047670773083439,-0.004497645896515368,-0.004225889373293724,-0.003952151077703424,-0.003676743972472324,-0.0033999516023532354,-0.003122029145839362,-0.0028432045753150536,-0.0025636799375999236,-0.002283632763669562,-0.0020032176130642416,-0.0017225677553177653,-0.0014417969876044175,-0.0011610015848960537,-0.0008802623761610833,-0.0005996469377063011,-0.00031921189253908763,-3.900530279942355e-5,0.00024093085927026658,0.0005205581775064807,0.0007998392117354407,0.0010787348884516272,0.0013572018794961616,0.0016351899857467349,0.0019126395423615633,0.0021894788612751214,0.0024656217255845984,0.002740964949084318,0.0030153860126706606,0.0032887407875557425,0.0035608613533683986,0.003831553917205194,0.004100596837712483,0.0043677387562507065,0.004632696835325267,0.004895155102692991,0.0051547628980698505,0.00541113341814465,0.005663842354802133,0.005912426621085562,0.006156383159610294,0.006395167828883718,0.006628194364384122,0.006854833413306663,0.00707441164461817,0.007286210939465492,0.007489467670987419,0.007683372087135861,0.007867067815055893,0.008039651510796294,0.008200172683339415,0.008347633727000044,0.008480990200736071,0.008599151396647199,0.008700981242432385,0.00878529958358748,0.008850883890217723,0.0088964714302008,0.008920761944903176,0.008922420855149738,0.008900083014430073,0.008852357011652868,0.008777830010773714,0.008675073093053378,0.008542647052601672,0.008379108564494258,0.00818301664183361,0.007952939243116387,0.007687459937227562,0.007385184398967635,0.007044746719965123,0.00666481510161617,0.006244097267384145,0.005781344508370546,0.005275355954781314,0.004724979722115672,0.004129116847902669,0.003486716718947552,0.0027967848483702153,0.0020583638689125132,0.0012705606193559765,0.0004324827928012219
-0.0004595042827289048,-0.0013471822507782562,-0.002176655296954563,-0.0029493225229020024,-0.0036667818023184487,-0.0043305306542323315,-0.00494214800743096,-0.005503210327351822,-0.006015344954648078,-0.006480204476611981,-0.006899479266345156,-0.007274885872608229,-0.007608165519101729,-0.007901074968931474,-0.008155379955430515,-0.008372846295421454,-0.00855523185803572,-0.008704278161356232,-0.008821702664355321,-0.008909191511969599,-0.008968393120119754,-0.009000912575734163,-0.009008306979106838,-0.00899208171077421,-0.008953687627396425,-0.008894519131670981,-0.008815913054807929,-0.00871914826405924,-0.008605445901165885,-0.008475970148702565,-0.008331829421213277,-0.008174077879694104,-0.008003717174272585,-0.007821698328064633,-0.007628923685693097,-0.0074262488613629244,-0.007214484633627235,-0.006994398746143837,-0.006766717585627733,-0.00653212771928435,-0.006291277284149758,-0.006044777229638864,-0.005793202422196802,-0.005537092627118875,-0.005276953387434642,-0.005013256823210049,-0.004746442376854604,-0.0044769175310983515,-0.004205058526357855,-0.003931211103397206,-0.0036556912956126003,-0.003378786293109037,-0.003100755398082079,-0.00282183108803792,-0.0025422202001515255,-0.0022621052467302863,-0.001981645868344524,-0.001700980427877936,-0.0014202277455006558,-0.0011394889715577905,-0.0008588495915071339,-0.0005783815545272335,-0.00029814551510487047,-1.8193175022484912e-5,0.00026143028850295183,0.0005406837239851912,0.0008195274525621614,0.0010979206775627588,0.0013758188739603197,0.0016531711747698496,0.0019299177710668497,0.0022059873415310014,0.00248129452646032,0.002755737459904134,0.003029195372144667,0.0033015262730682927,0.0035725647252400246,0.0038421197135859383,0.004109972616743746,0.004375875283234563,0.004639548213867629,0.004900678850141607,0.005158919967035773,0.005413888167463085,0.005665162474944286,0.005912283020746157,0.006154749821936298,0.006392021647545771,0.0066235149713676994,0.0068486030118752,0.007066614862304377,0.007276834717119271,0.007478501204782244,0.00767080684092313,0.007852897620497925,0.008023872772220535,0.008182784703174103,0.008328639165909693,0.00846039568414588,0.008576968276175196,0.008677226516868652,0.00875999697946073,0.008824065096785126,0.0088681774779114,0.008891044710295717,0.008891344668725452,0.008867726341923194,0.008818814172889732,0.008743212895618916,0.008639512828739372,0.00850629557597202,0.008342140048402181,0.00814562873326735,0.007915354062874374,0.007649924821907125,0.007347972335066685,0.007008156515378752,0.00662917121232059,0.006209749497486479,0.005748667319540554,0.005244748108050752,0.004696863242048263,0.004103937636694597,0.0034649430645798747,0.002778911513624857,0.0020449083028342067,0.001262077274991971,0.0004295483269141899
-0.00046154748092886713,-0.0013527972741684377,-0.0021849317836350564,-0.0029594250614759367,-0.0036779740004869795,-0.004342156745977954,-0.004953637612297102,-0.0055140707987956184,-0.006025160235036909,-0.006488630128076778,-0.0069062391349610135,-0.007279767402395495,-0.007611015318204045,-0.00790179380217506,-0.008153917674570152,-0.008369196522530141,-0.0085494266277868,-0.008696382527128305,-0.008811809384076651,-0.008897415867541825,-0.0089548679508469,-0.008985783581550432,-0.008991728349699656,-0.00897421212180861,-0.008934686637348055,-0.00887454400090003,-0.008795115999176572,-0.008697674145486566,-0.008583430349089231,-0.008453538098661631,-0.008309094050315973,-0.008151139913335607,-0.007980664534312915,-0.007798606089614953,-0.007605854307679993,-0.007403252655032758,-0.007191600433015188,-0.006971654745138417,-0.0067441323074975005,-0.006509711086272721,-0.006269031756872454,-0.006022698988425116,-0.005771282565105999,-0.005515318362055308,-0.005255309198491673,-0.004991725594052429,-0.0047250064565436175,-0.00445555973023088,-0.004183763033721459,-0.0039099643155032825,-0.0036344825534577628,-0.0033576085223328356,-0.0030796056503218728,-0.0028007109827619067,-0.002521136267558729,-0.002241069173475034,-0.0019606746488710267,-0.0016800964250586652,-0.0013994586650613982,-0.0011188677554665617,-0.0008384142361044561,-0.0005581748596884985,-0.00027821477117343353,1.4102053866632464e-6,0.00028065118641596516,0.0005594637700520561,0.0008378055152880577,0.0011156333758531938,0.0013929011060057688,0.0016695566553252316,0.0019455395692852236,0.0022207784116984727,0.002495188224255646,0.0027686680371769227,0.003041098443678217,0.003312339249379098,0.003582227206152801,0.003850573838150322,0.004117163365987231,0.0043817507333123755,0.004644059738351832,0.004903781271491635,0.005160571658699173,0.005414051109555211,0.005663802268027791,0.0059093688638553795,0.006150254462628861,0.00638592131337939,0.006615789293752749,0.00683923495467712,0.007055590668828096,0.007264143890110168,0.0074641365347760755,0.007654764498592849,0.007835177328508231,0.008004478071432126,0.008161723326804,0.00830592353336562,0.00843604352370476,0.008551003382425806,0.008649679644920617,0.008730906873338157,0.008793479644294234,0.008836154978640032,0.008857655237531634,0.008856671499975335,0.0088318674269899,0.008781883602731515,0.008705342331080671,0.008600852843749387,0.008467016869702807,0.00830243447758641,0.008105710124771594,0.007875458760413274,0.00761031195162747,0.007308923746778824,0.006969976449062211,0.006592185619883528,0.006174305238652861,0.0057151309928659445,0.005213505223162255,0.004668316786773372,0.004078508284398754,0.0034430674567743893,0.00276104599338166,0.0020315252621147524,0.001253678998305877,0.00042665319782988787
-0.0004633735331675045,-0.0013577604808618726,-0.0021921231877617023,-0.0029680140901142166,-0.003687233096353775,-0.004351442684846451,-0.004962396230189293,-0.005521829009488828,-0.006031524587995917,-0.0064932814305467615,-0.006908928703265978,-0.007280311927901794,-0.007609291990279457,-0.007897734860898842,-0.00814750492191357,-0.008360455611486312,-0.008538421343311446,-0.008683209066855541,-0.008796590757881091,-0.008880296470577285,-0.0089360083905631,-0.008965355813287878,-0.00896991117510876,-0.008951187088775028,-0.008910634372016609,-0.00884964099023299,-0.008769531833036004,-0.008671569217302548,-0.008556954005851679,-0.008426827223370136,-0.008282272053797059,-0.008124316107203055,-0.00795393385296593,-0.00777204912640817,-0.007579537628709369,-0.007377229353258533,-0.007165910885566582,-0.0069463275374937235,-0.006719185289683365,-0.0064851525281486395,-0.006244861571853272,-0.005998909997526053,-0.0057478617758865555,-0.005492248239800938,-0.005232568909731481,-0.00496929220522578,-0.004702856073225528,-0.004433668564807028,-0.004162108391714283,-0.003888525492892063,-0.003613241639304955,-0.0033365511028063117,-0.003058721411820587,-0.0027799942132886537,-0.0025005862567724986,-0.002220690512993326,-0.0019404774354002728,-0.0016600963698169841,-0.001379677113738407,-0.0010993316236441802,-0.000819155865657282,-0.0005392318021994012,-0.00025962950484380564,1.9590618477901624e-5,0.00029837549553136066,0.0005766769760725066,0.0008544493484321757,0.0011316468030970622,0.0014082208603962215,0.0016841177793884355,0.001959275964812383,0.002233623388351917,0.0025070750396865146,0.002779530421689804,0.0030508711029181533,0.003320958339066413,0.003589630773553775,0.0038567022257456063,0.004121959573699301,0.004385160736664995,0.0046460327610675055,0.004904270012271062,0.0051595324732677155,0.005411444150481874,0.005659591586314807,0.005903522477812976,0.006142744401086091,0.006376723641772745,0.006604884133051792,0.006826606504389357,0.007041227246420618,0.00724803800002998,0.007446284980777615,0.007635168553221663,0.007813842973280994,0.007981416320429037,0.00813695064499617,0.008279462358988927,0.008407922901339706,0.0085212597101347,0.008618357534849285,0.008698060120652657,0.00875917229428136,0.008800462476338847,0.0088206656386324,0.008818486715943822,0.008792604472039967,0.00874167580504767,0.008664340467086086,0.00855922615043523,0.008424953890544441,0.008260143695246493,0.008063420343200926,0.007833419194238706,0.0075687920113655955,0.007268212483489284,0.0069303817120203205,0.0065540328693442585,0.0061379362324570875,0.005680902133262899,0.0051817862511734526,0.004639488943739813,0.00405296409861199,0.0034212087900266698,0.0027432873954534934,0.0020182904481011402,0.0012454141761565798,0.00042381430404024475
-0.00046495754689877843,-0.001362000565648082,-0.002198117943841262,-0.00297494363628186,-0.003694384184144876,-0.0043581897544683855,-0.004968206075282258,-0.005526252467644335,-0.006034194791366893,-0.006493908022158389,-0.006907293677622488,-0.007276264058185567,-0.007602741520117525,-0.007888647633938144,-0.008135896493645585,-0.008346385166910428,-0.008521985641409532,-0.00866453642240681,-0.008775835182072906,-0.008857632025251834,-0.008911623836064121,-0.008939449602804638,-0.00894268684746206,-0.008922849095438468,-0.008881384365768285,-0.008819674590475262,-0.008739035873330605,-0.008640719470805233,-0.008525913376145835,-0.00839574438083026,-0.0082512804916353,-0.008093533586525977,-0.007923462202596652,-0.007741974360772522,-0.00754993034571154,-0.007348145373623441,-0.007137392095519017,-0.006918402897725036,-0.006691871975212525,-0.006458457165779337,-0.006218781544353,-0.005973434786300311,-0.0057229743166948635,-0.0054679262688751605,-0.005208786280460959,-0.00494602015829114,-0.004680064445672764,-0.004411326926010308,-0.004140187096464646,-0.0038669966439679247,-0.0035920799538029335,-0.003315734678264956,-0.0030382323897383116,-0.0027598193390451675,-0.0024807173362147994,-0.002201124767056686,-0.0019212177551170702,-0.0016411514749289403,-0.0013610616188932186,-0.001081066016823946,-0.0008012664040767267,-0.000521750331422544,-0.0002425932073153374,3.6139538905450125e-5,0.00031439018617409416,0.0005921063579231,0.0008692385812239426,0.001145737785398184,0.0014215527571262974,0.0016966275691307727,0.001970898999350037,0.0022442939569938315,0.002516726931163268,0.0027880974767150097,0.003058287750916989,0.003327160113086321,0.0035945547979958402,0.003860287672289216,0.004124148081638187,0.004385896794841417,0.004645264049658284,0.0049019477038560345,0.005155611493875933,0.005405883402654305,0.0056523541376114796,0.005894575719620407,0.006132060183990513,0.006364278395136442,0.006590658977707511,0.006810587368506938,0.007023404995537563,0.007228408592919548,0.0074248496631879116,0.007611934101495588,0.007788821999393936,0.007954627649005269,0.008108419771334753,0.008249221995004566,0.008376013613591,0.008487730650755016,0.00858326726225691,0.008661477502424415,0.008721177479655335,0.00876114792052543,0.008780137155735071,0.008776864531839358,0.008750024243633938,0.008698289567586934,0.008620317468135809,0.008514753526016492,0.008380237140027206,0.008215406910193122,0.008018906155196449,0.007789388403505802,0.007525522888244802,0.007225999713065924,0.006889535038912516,0.006514875396702499,0.006100802592817745,0.005646136343489832,0.005149739917814023,0.004610519007226556,0.004027432180604797,0.0033994789891798522,0.002725729232556806,0.002005275463891933,0.0012373286891678215,0.00042104770006183556
-0.00046627431714862813,-0.0013654454134365767,-0.0022028033963495974,-0.0029800665456446193,-0.003699251233466275,-0.004362198287542233,-0.004970848666817893,-0.0055271082942960565,-0.006032927566208989,-0.006490259811445447,-0.006901080335718604,-0.00726736922872605,-0.007591110911980265,-0.007874282747919134,-0.008118848358038642,-0.008326747909787172,-0.00849989012656699,-0.008640143961570309,-0.00874933144637519,-0.00882922121043548,-0.00888152316019993,-0.008907884187220484,-0.008909885030077417,-0.008889038209065893,-0.008846787005320132,-0.008784505380541367,-0.008703498738143958,-0.008605005398871716,-0.008490198663854288,-0.008360189332248493,-0.00821602854603944,-0.008058710840706924,-0.007889177291751056,-0.007708318659660873,-0.007516978450696742,-0.007315955826052382,-0.007106008307550102,-0.006887854243022862,-0.006662175008766686,-0.0064296169393664605,-0.0061907929867050186,-0.00594628411978322,-0.005696640485136218,-0.005442382354039233,-0.005184000887485125,-0.004921958753114455,-0.0046566906300836534,-0.004388603638363747,-0.004118077728382105,-0.003845466065399868,-0.0035710954407214756,-0.0032952667389562636,-0.003018255487193336,-0.002740312508314358,-0.002461664696801614,-0.0021825159315075446,-0.0019030481359103605,-0.0016234224926142118,-0.0013437808151702552,-0.0010642470769120936,-0.0007849290933004012,-0.0005059203514541044,-0.00022730197795958756,5.085516610926376e-5,0.00032848827592188727,0.0006055402938015429,0.0008819575159359807,0.0011576871312816257,0.0014326747095792128,0.0017068616555147291,0.0019801826459749433,0.0022525630668890017,0.002523916465531475,0.0027941420332404346,0.0030631221324718314,0.0033307198808554942,0.0035967768036167546,0.0038611105642914166,0.004123512782267464,0.00438374694425404,0.0046415464154817895,0.004896612555218137,0.005148612940185356,0.005397179698675872,0.005641907957669057,0.005882354405077906,0.006118035969457094,0.006348428620080195,0.0065729662913060274,0.006791039936549306,0.007001996718978485,0.007205139348207184,0.007399725574686998,0.007584967856139207,0.007760033213076821,0.007924043293110385,0.008076074666131906,0.008215159374435751,0.00834028576315637,0.008450399616824379,0.008544405627211975,0.008621169215614271,0.008679518729349812,0.008718248026964148,0.008736119460240338,0.008731867251846392,0.008704201258942538,0.008651811098888138,0.008573370606291054,0.008467542568099206,0.008332983689774828,0.008168349699994588,0.007972300556940648,0.007743505593818131,0.007480648663416394,0.0071824329303602375,0.006847585744096581,0.006474862603681095,0.00606305193074741,0.005610977410056785,0.00511750398137395,0.004581536318417402,0.0040020308567242195,0.003377982539930936,0.0027084590574435042,0.001992547557210944,0.0012294657611298986,0.00041836854767450516
-0.00046729840327444205,-0.0013680223298397633,-0.0022060661823513367,-0.0029832350119407243,-0.003701657758066117,-0.004363268462425763,-0.004970105740016551,-0.005524164233250584,-0.006027480669224813,-0.006482088134972342,-0.006890036731914272,-0.007253374937225274,-0.007574149439216422,-0.007854393214972059,-0.008096118886725512,-0.008301308879103271,-0.00847190753121699,-0.008609812886702107,-0.008716869782232349,-0.008794863660373102,-0.00884551561904874,-0.008870478537989897,-0.008871334405015715,-0.008849592744090857,-0.008806690108071396,-0.008743990519811102,-0.008662786753113211,-0.008564302317040945,-0.008449694008871968,-0.008320054896051952,-0.008176417594415663,-0.00801975771723295,-0.00785099738219429,-0.007671008677135068,-0.007480617001117182,-0.007280604213561715,-0.0070717115404929825,-0.006854642202559091,-0.006630063744245446,-0.006398610056971725,-0.00616088310054094,-0.005917454337375872,-0.005668865902214001,-0.0054156315363294155,-0.005158237320077721,-0.004897142240649488,-0.004632778633571636,-0.004365552536844165,-0.004095843995826945,-0.003824007355292298,-0.0035503715725683786,-0.0032752405826487465,-0.002998893742602211,-0.0027215863788302695,-0.0024435504566982288,-0.002164995388047564,-0.0018861089880338757,-0.0016070585888663773,-0.001327992314248231,-0.0010490405148535092,-0.0007703173619093445,-0.0004919225930637907,-0.00021394340208231007,6.354353829877338e-5,0.0003404699329832696,0.0006167736147228988,0.0008923962033048663,0.0011672806899246312,0.001441368963531513,0.0017145992961182294,0.0019869038039001404,0.0022582059009538247,0.0025284177613458243,0.0027974378049435344,0.0030651482211668255,0.003331412543775104,0.003596073288587567,0.0038589496647009926,0.004119835368479569,0.004378496468260554,0.004634669386521349,0.004888058985115045,0.00513833675827011,0.005385139137303524,0.0056280659105511,0.0058666787618380034,0.006100499931001871,0.006329011000479167,0.006551651812881311,0.006767819525712274,0.006976867810985473,0.007178106209367533,0.007370799650603454,0.0075541681542191695,0.007727386726786707,0.007889585474193984,0.008039849949250022,0.008177221756376848,0.008300699435906453,0.008409239650390985,0.008501758694199842,0.008577134345208102,0.008634208073706733,0.008671787618120716,0.0086886499307679,0.008683544487707001,0.008655196948813448,0.008602313140445773,0.008523583327823226,0.008417686721971662,0.008283296176375304,0.008119082981112278,0.007923721727975909,0.007695895083853615,0.007434298561263749,0.0071376449193587006,0.006804668707623069,0.006434129878903355,0.006024818422373128,0.00557555642994122,0.0050852044299367904,0.004552659544740402,0.003976869050771984,0.0033568159642365187,0.00269155804950527,0.0019801693243677605,0.0012218657824877392,0.00041579105789116424
-0.00046800421608241504,-0.0013696583005668366,-0.0022077926576079604,-0.0029843011615479234,-0.003701427547447429,-0.004361201168033057,-0.004965760228440466,-0.0055171897336989085,-0.0060176140574882,-0.00646914698568915,-0.0068739139708426855,-0.007234032044610825,-0.0075516099557000295,-0.007828735738802954,-0.008067470140952377,-0.008269836685327617,-0.008437813925048878,-0.008573327390034462,-0.008678242955822285,-0.008754360988574532,-0.008803411801218002,-0.008827052231387978,-0.008826863461637508,-0.00880434996660359,-0.008760939541230882,-0.008697984281309768,-0.008616762398674876,-0.00851848072532045,-0.00840427776436518,-0.00827522714180172,-0.008132341321382354,-0.007976575453429587,-0.007808831242187388,-0.007629960731068971,-0.007440769921988086,-0.007242022161877125,-0.007034441246591958,-0.00681871420859279,-0.00659549376999838,-0.006365400456217309,-0.006129024377367889,-0.0058869266947847824,-0.00563964079818863,-0.005387673225466092,-0.0051315043616481796,-0.004871588956642691,-0.004608356502766597,-0.004342211513300963,-0.004073533742332194,-0.0038026783842461252,-0.003529976288577876,-0.0032557342226739758,-0.002980235210929274,-0.0027037389754093135,-0.0024264824985130483,-0.0021486807241768205,-0.0018705274099604376,-0.001592196138372485,-0.0013138414919411374,-0.0010356003929943977,-0.0007575936057803687,-0.0004799273956089611,-0.00020269533701183936,7.401973935292324e-5,0.00035014367331958094,0.0006256087891811755,0.0009003516121313792,0.0011743105031797717,0.0014474232291741742,0.0017196244848122811,0.001990843383557896,0.0022610009340773072,0.00253000751834374,0.0027977603868105296,0.0030641411852002287,0.0033290135263938695,0.0035922206197983864,0.003853582969342607,0.004112896150055466,0.004369928671947952,0.004624419938810713,0.004876078308483559,0.005124579260304212,0.005369563674748349,0.005610636229852841,0.005847363918831606,0.006079274693443154,0.006305856238101597,0.006526554880511879,0.006740774645677902,0.006947876461523406,0.0071471775259633365,0.007337950847071751,0.007519424969861289,0.007690783905052675,0.007851167276910043,0.00799967070860695,0.00813534646449263,0.008257204368881192,0.008364213020367993,0.008455301319098836,0.00852936032154363,0.008585245433392395,0.008621778945461681,0.008637752911235455,0.008631932355611487,0.00860305879717695,0.008549854053026792,0.00847102429155812,0.008365264276818508,0.008231261762052503,0.008067701941357003,0.007873271943516039,0.007646665206337924,0.007386585848570854,0.007091752660796627,0.006760903302229973,0.006392797555856838,0.0059862218100435,0.005539990867522427,0.0050529546071724,0.004523995887737512,0.003952045586971769,0.003336067230945482,0.0026751005443135067,0.00196819836842057,0.0012145661032690663,0.000413328421923631
-0.00046836611577803647,-0.0013702802811210765,-0.0022078693683357004,-0.002983117695277975,-0.003698385464000448,-0.004355798939676717,-0.004957597320308525,-0.0055059571077886865,-0.006003091127565493,-0.006451194313927117,-0.006852467551075981,-0.007209096143024674,-0.007523250270957866,-0.007797072081165012,-0.008032669215156092,-0.008232104818480693,-0.008397389976614034,-0.008530475859487942,-0.008633247410301522,-0.008707517860158956,-0.008755024625276997,-0.008777426367199588,-0.0087763013337462,-0.008753146848030127,-0.008709379890860628,-0.008646338635556958,-0.0085652848086555,-0.00846740672185137,-0.00835382282615011,-0.008225585636162233,-0.00808368588238669,-0.007929056758922207,-0.007762578149099387,-0.0075850807273056455,-0.007397349853067929,-0.007200129191181247,-0.0069941240094482885,-0.006780004122324482,-0.00655840646438861,-0.0063299372914585065,-0.006095174019361967,-0.0058546667205609535,-0.00560893930710994,-0.005358490434755048,-0.005103794167515723,-0.004845300444916157,-0.00458343539536279,-0.004318601539151201,-0.004051177923439201,-0.0037815202294415305,-0.0035099608892366365,-0.003236809246177009,-0.002962351789014164,-0.0026868524857671214,-0.0024105532390600874,-0.0021336744803904196,-0.0018564159165180396,-0.0015789574370960598,-0.0013014601887297729,-0.0010240678170402725,-0.0007469078749173568,-0.0004700933921429912,-0.00019372459883152247,8.210920717690495e-5,0.0003573276608772834,0.0006318572121191421,0.0009056289039352084,0.001178576062951424,0.0014506319183380776,0.0017217271660618135,0.0019917874952985557,0.0022607310936352373,0.002528466147290108,0.0027948883519193527,0.0030598784488052783,0.003323299800249665,0.0035849960169827334,0.003844788649261677,0.004102474952230944,0.004357825734975167,0.0046105833016625835,0.0048604594922022955,0.005107133829042792,0.0053502517760817886,0.005589423115263362,0.005824220446233583,0.006054177814539348,0.00627878947420473,0.006497508791182483,0.006709747295081975,0.006914873887740295,0.007112214218545882,0.0073010502379013695,0.007480619941723732,0.007650117321328376,0.007808692534296508,0.007955452312835233,0.0080894606265628,0.008209739616409044,0.008315270815251618,0.008404996668904308,0.008477822367865472,0.008532617996069828,0.008568220997040374,0.008583438951692444,0.00857705265319456,0.008547819457725075,0.008494476877196242,0.008415746378070285,0.00831033732909744,0.008176951058448286,0.008014284931036989,0.007821036440682501,0.007595907157873798,0.007337606677270949,0.007044856177991359,0.006716392253294943,0.006350969798886049,0.0059473663271682985,0.005504383531931861,0.005020854256623041,0.004495640209364494,0.003927648413683798,0.0033158150924313267,0.002659153497919151,0.0019566869049266818,0.0012076007910208138,0.00041099272959284604
-0.0004683585213844443,-0.0013698155182374288,-0.0022061835705284123,-0.002979538589528385,-0.003692358307793657,-0.004346866967860752,-0.004945405590556234,-0.005490242764717481,-0.005983680030377052,-0.00642799340222918,-0.006825458779980145,-0.007178328991962032,-0.007488834590307571,-0.007759170490345815,-0.007991489639878103,-0.008187893013325447,-0.008350422270385084,-0.008481052138854271,-0.008581684461917434,-0.008654143118121857,-0.008700170391661825,-0.00872142454283987,-0.008719478693440379,-0.008695820877007054,-0.008651855190693197,-0.008588903895752328,-0.00850821033163942,-0.008410942480564398,-0.008298197026961857,-0.008171003754260782,-0.008030330132746937,-0.007877085963034259,-0.007712127955901697,-0.0075362641460485725,-0.0073502580560090725,-0.007154832544964511,-0.006950673295590532,-0.006738431909307075,-0.006518728596287317,-0.006292154460738072,-0.0060592733943074465,-0.005820623600713692,-0.005576718782970292,-0.0053280490308284375,-0.005075081450470524,-0.004818260581169333,-0.004558008644770368,-0.0042947256736662895,-0.0040287895615835,-0.0037605560792382552,-0.0034903588938707017,-0.00321850962809466,-0.002945297989468455,-0.002670991997960044,-0.00239583833406179,-0.0021200628259236253,-0.0018438710895125033,-0.0015674493316493096,-0.0012909653217716367,-0.0010145695345948594,-0.0007383964623992748,-0.0004625660926239373,-0.0001871855436641697,8.764915057915441e-5,0.00036185111892675625,0.0006353406071015226,0.000908042822414872,0.0011798856844862469,0.0014507974982538084,0.0017207045658912076,0.001989528754401959,0.002257185035498102,0.0025235790140375877,0.0027886044607171134,0.0030521408640146732,0.0033140510154991204,0.0035741786416907157,0.0038323460946157245,0.004088352112175236,0.004341969658395423,0.004592943852668181,0.00484098999617814,0.0050857917029709645,0.005326999142491793,0.005564227400029501,0.005797054961292835,0.006025022327394384,0.00624763076678301,0.006464341211206343,0.006674573303504929,0.0068777046059987626,0.007073069979291551,0.00725996114249066,0.007437626426989661,0.007605270737015886,0.007762055730958933,0.007907100237967764,0.008039480924248377,0.008158233222815775,0.00826235253894113,0.008350795741173922,0.00842248294429295,0.00847629958620884,0.008511098794915689,0.008525704035602434,0.008518912019452894,0.008489495849787263,0.008436208369050926,0.008357785669793833,0.008252950712193624,0.008120417011677442,0.007958892310003523,0.007767082234912528,0.0075436937929386615,0.007287438865166346,0.006997037314411756,0.00667122042444563,0.006308733409179381,0.005908339538111399,0.00546882146563182,0.004988988474955557,0.004467674067076378,0.0039037537383829948,0.003296128338241663,0.0026437758778589645,0.0019456813086727485,0.0012010003492281074,0.00040879487347296846
-0.000467956031872222,-0.0013681919038883775,-0.002202623797954755,-0.0029734198579353644,-0.0036831757500451214,-0.00433421418081915,-0.004928978209168275,-0.005469828521614212,-0.0059591550618628445,-0.0063993143139538244,-0.00679265625969199,-0.007141500022614933,-0.007448135020314855,-0.0077148071923600755,-0.007943712845231023,-0.008136988673536313,-0.008296704681863143,-0.008424856845771387,-0.008523361554316305,-0.008594050968805427,-0.008638669895316928,-0.008658873890177282,-0.008656228709941276,-0.00863221093869684,-0.008588209720926145,-0.008525529435417267,-0.008445393167096119,-0.008348946805615659,-0.00823726360913315,-0.00811134907061525,-0.007972145936874777,-0.007820539242371013,-0.007657361237204284,-0.00748339610647056,-0.007299384397705287,-0.007106027092341802,-0.006903989276088069,-0.006693903380803223,-0.00647637198676245,-0.006251970188570997,-0.006021247540433827,-0.005784729606770492,-0.005542919152387564,-0.005296297012588461,-0.005045322687868359,-0.004790434710361506,-0.004532050830171164,-0.004270568069332561,-0.004006362689618991,-0.003739790117954724,-0.0034711848699722587,-0.003200860508517985,-0.0029291096697304066,-0.0026562041849467035,-0.0023823953221626475,-0.0021079141662789184,-0.0018329721529189607,-0.0015577617663710558,-0.0012824574081413268,-0.0010072164388706404,-0.000732180392882229,-0.0004574763615282108,-0.0001832185386937368,9.049008057843682e-5,0.00036355585948350737,0.0006358925496985976,0.0009074192067171645,0.0011780580055323537,0.0014477319726993153,0.0017163626512220087,0.001983867714915055,0.0022501585487882626,0.002515137811744469,0.0027786969973591447,0.0030407140079059492,0.0033010507559730136,0.0035595508071829406,0.003816037076556654,0.004070309590127243,0.004322143322430063,0.004571286119604184,0.004817456716989116,0.005060342859394594,0.005299599531626802,0.0055348473064596344,0.0057656708169994565,0.0059916173603870035,0.0062121956399562245,0.006426874653363396,0.006635082734762543,0.006836206759831169,0.007029591523254376,0.007214539299144529,0.007390309595670048,0.007556119115841844,0.007711141936803324,0.007854509920017816,0.007985313364251527,0.008102601912152577,0.008205385719319986,0.008292636892061483,0.008363291196252828,0.0084162500352353,0.008450382688738989,0.008464528799019306,0.008457501082121675,0.008428088237009862,0.008375058013833973,0.008297160403767326,0.008193130893108752,0.008061693748440811,0.00790156524940694,0.007711456884400215,0.007490078358955716,0.0072361406106043035,0.006948358438072923,0.006625453523065872,0.006266156544194887,0.0058692110858851705,0.00543337473638407,0.004957426565908357,0.004440164649189078,0.003880425065406292,0.003277064957612782,0.0026290179734780148,0.0019352215952724322,0.001194791392028114,0.00040674443727538946
-0.00046713355938359435,-0.001365338362570069,-0.0021970804796135556,-0.002964620374182499,-0.003670671335665349,-0.004317654400864513,-0.004908114225515075,-0.0054445029906509046,-0.0059292981286871976,-0.006364935414805116,-0.006753837443416202,-0.007098387909807422,-0.007400933139299177,-0.007663767945066482,-0.007889129685752165,-0.00807918835641473,-0.008236039813151061,-0.008361698750842798,-0.008458093575399964,-0.008527062231974237,-0.00857034960555863,-0.00858960618262852,-0.00858638808206128,-0.008562158271286358,-0.008518288887779763,-0.008456064490280222,-0.008376686089006512,-0.008281275776227948,-0.008170881790139726,-0.008046483844847723,-0.007908998573575831,-0.007759284945093359,-0.00759814953185722,-0.007426351526995782,-0.007244607427633607,-0.007053595321896169,-0.006853958736434562,-0.006646310019384426,-0.006431233250248819,-0.006209286682740728,-0.005981004739138397,-0.005746899584987887,-0.005507462321150455,-0.00526316383623683,-0.005014455366599848,-0.004761768813395763,-0.004505516867005549,-0.004246092988539023,-0.003983871296409794,-0.003719206403349055,-0.003452433245830563,-0.003183866943983683,-0.002913802725763415,-0.0026425159446470427,-0.002370262215489601,-0.002097277688590812,-0.0018237794774946315,-0.0015499662517453859,-0.0012760190017014703,-0.0010021019787301267,-0.0007283638105725695,-0.0004549387885423425,-0.0001819483203716497,9.04974599038629e-5,0.0003622979357642261,0.0006333601181947684,0.0009035966357562144,0.0011729236197026837,0.0014412584999282552,0.0017085177279856775,0.0019746144436742314,0.0022394561016585973,0.002502942074373276,0.002764961247025022,0.003025389619963541,0.0032840879329565564,0.003540899325139581,0.0037956470435219166,0.004048132212067854,0.0042981316724610445,0.004545395906830806,0.004789647051913808,0.005030577013461325,0.005267845689117058,0.00550107930758836,0.005729868891669592,0.005953768852595232,0.006172295723285795,0.006384927038305975,0.00659110036873829,0.006790212520687518,0.0069816189066768545,0.007164633099763287,0.007338526580660349,0.007502528688461965,0.007655826785566676,0.0077975666470385665,0.007926853083738746,0.00804275080707652,0.008144285540952863,0.008230445383485056,0.008300182417082956,0.008352414560864902,0.008386027653466827,0.00839987774870465,0.00839279359862767,0.008363579294014514,0.00831101702164381,0.00823386990026369,0.008130884838460225,0.008000795384502504,0.007842324488503747,0.007654187201935253,0.007435093170857717,0.007183749138585812,0.006898861069325695,0.006579136721396553,0.006223287345404995,0.005830031341771149,0.005398095126070418,0.004926220787859841,0.004413163603076912,0.003857712128890057,0.0032586712034342368,0.002614920618710116,0.0019253408318386494,0.0011889962711501582,0.00040484956691014165
-0.000465866474518429,-0.0013611852719021607,-0.0021894466065228227,-0.0029530027555273028,-0.0036546835540360186,-0.004297007573293713,-0.00488261992705945,-0.005414063040453049,-0.00589390028686649,-0.006324644965126192,-0.006708790259992359,-0.007048782209750215,-0.007347021631549858,-0.007605849654455379,-0.007827542026619803,-0.008014299318983967,-0.008168240490778769,-0.008291396220728378,-0.008385704240660147,-0.008453005660576962,-0.008495042919413534,-0.008513459019977068,-0.008509798152944838,-0.008485507509467386,-0.00844194019474699,-0.008380359056433764,-0.008301941270062719,-0.008207783496013907,-0.00809890743601899,-0.007976265618047235,-0.00784074725408996,-0.00769318402925546,-0.007534355700129672,-0.0073649953998222,-0.0071857945682281795,-0.006997407446465399,-0.006800455094414107,-0.006595528908696918,-0.006383193635229437,-0.006163989885162974,-0.005938436175573889,-0.0057070305265240675,-0.0054702516541776285,-0.005228559805582646,-0.004982397284686949,-0.004732188721323873,-0.004478341135491944,-0.004221243848495291,-0.003961268290599009,-0.003698767752052108,-0.0034340771207799345,-0.003167512646008846,-0.002899371762645342,-0.0026299330066261663,-0.00235945604671616,-0.0020881818535743646,-0.001816333022306517,-0.001544114260366137,-0.0012717130485020642,-0.000999300478623902,-0.0007270322688973088,-0.00045504995321815183,-0.00018348223934422521,8.755347248863565e-5,0.00035794942080384233,0.000627605676056009,0.0008964282092994648,0.0011643268510104863,0.0014312131555610375,0.0016969981873630085,0.001961590244994555,0.0022248925396422237,0.0024868008440449246,0.0027472011277499967,0.0030059671940090237,0.003262958332985673,0.003518017005247809,0.003770966568700367,0.0040216090613172965,0.004269723051185591,0.0045150615645959055,0.004757350102154802,0.004996284752253428,0.005231530410654199,0.005462719114541729,0.005689448499077075,0.005911280384348112,0.00612773950058838,0.006338312359656312,0.006542446280973731,0.006739548580417948,0.006928985930956718,0.007110083904083303,0.007282126701250327,0.007444357084450393,0.007595976514719504,0.007736145506596484,0.007863984205283314,0.00797857319140341,0.008078954515651673,0.008164132962373912,0.008233077536907437,0.008284723166849603,0.008317972601531113,0.008331698488603176,0.008324745599106693,0.008295933168578948,0.00824405731182758,0.008167893472930182,0.008066198854456984,0.00793771479923032,0.0077811690492475835,0.007595277915922679,0.007378748225966991,0.007130279278197582,0.0068485644310024105,0.006532293191284615,0.0061801524715375,0.005790829953209038,0.005363014711942221,0.004895404989919001,0.004386705750567608,0.0038356497149196066,0.0032409805516068926,0.002601514321560589,0.001916064471750138,0.0011836326515385482,0.0004031168229241668
-0.0004641307637620785,-0.0013556649164035057,-0.0021796184473152247,-0.0029384343060161805,-0.0036350569764633687,-0.00427210106577575,-0.004852310269920427,-0.005378315328970926,-0.0058527633503166615,-0.006278242779949031,-0.006657314803897982,-0.0069924850611276235,-0.0072862059832825765,-0.007540862051815204,-0.007758764390752952,-0.007942141125918277,-0.008093131327275136,-0.008213778727818293,-0.008306027546786816,-0.008371719335214158,-0.008412591494709791,-0.00843027709844504,-0.008426306115872936,-0.008402107824926256,-0.008359014316788732,-0.008298264897190707,-0.008221011220010255,-0.008128322961428052,-0.008021193858339111,-0.0079005479364397,-0.007767245770428722,-0.007622090633600965,-0.007465834414625133,-0.007299183199536726,-0.007122802438752324,-0.0069373216398708575,-0.006743338547393162,-0.0065414227891859335,-0.006332118986491597,-0.006115949339044731,-0.005893415709411611,-0.005665001240865884,-0.005431171551067533,-0.005192375549595251,-0.004949045931158028,-0.004701599398314538,-0.004450436667909149,-0.004195942314504606,-0.003938484501993111,-0.0036784146516093477,-0.003416067090859162,-0.003151758723716696,-0.0028857887578740415,-0.002618438520133744,-0.0023499713861997173,-0.002080632846404816,-0.0018106507242469563,-0.0015402355602052718,-0.001269581169104284,-0.000998865375436024,-0.0007282509274638639,-0.00045788658774396993,-0.00018790839481093886,8.155891170312956e-5,0.00035040031242975417,0.0006185087877906687,0.0008857834688840854,0.0011521276740449455,0.0014174468462828387,0.0016816464073484477,0.0019446295445305322,0.0022062949463515897,0.0024665345032373236,0.0027252309889239995,0.002982255737943752,0.0032374663339386754,0.003490704322917952,0.003741792964824976,0.003990535036041561,0.00423671069466309,0.004480075419653768,0.004720358034261898,0.004957258823453609,0.005190447754557929,0.005419562809875714,0.005644208439653322,0.005863954143603684,0.006078333189028728,0.006286841473579589,0.006488936540716661,0.0066840367560218935,0.006871520652556281,0.007050726453442665,0.007220951779682054,0.0073814535508204115,0.007531448085359603,0.007670111406693905,0.0077965797587146385,0.007909950333031079,0.008009282206865372,0.008093597487168388,0.008161882652145878,0.008213090076653985,0.008246139722109781,0.008259920966421183,0.008253294542311294,0.008225094549236105,0.008174130495019916,0.008099189328459313,0.007999037407922592,0.00787242238232627,0.007718074913844878,0.007534710284815806,0.007321029762491438,0.007075721973720908,0.006797463922337776,0.006484922553069943,0.0061367555368758335,0.005751614288617281,0.005328144338085919,0.004864993133516606,0.00436080768679726,0.0038142563685816676,0.003224012551143748,0.0025888182956240427,0.001907409609294012,0.0011787130325243908,0.00040155101306534003
-0.00046190319869742624,-0.0013487119735523011,-0.002167496311111269,-0.0029207880171728024,-0.003611643457419138,-0.004242771034740792,-0.004817010377341841,-0.005337077903548956,-0.0058057015649100535,-0.0062255419524400845,-0.006599225086567916,-0.006929312945825001,-0.007218306237251183,-0.007468629429454849,-0.007682625665380362,-0.007862547318917498,-0.00801055034722191,-0.00812868842843324,-0.008218909298749858,-0.008283052137811895,-0.008322846668738077,-0.00833991357317413,-0.008335766319608329,-0.008311814173639786,-0.008269366288553535,-0.008209636670989118,-0.008133749851701755,-0.008042747064108373,-0.007937592750618967,-0.007819181219341475,-0.007688343292021954,-0.007545852799807658,-0.0073924328048328,-0.007228761446557189,-0.007055477334169662,-0.006873184427781647,-0.00668245637183943,-0.006483840263115435,-0.006277859852729139,-0.006065018196462352,-0.005845799780147681,-0.005620672157028619,-0.00539008714180616,-0.005154481611712769,-0.004914277968553789,-0.004669884317469163,-0.004421694418362185,-0.004170087464837795,-0.003915427743218823,-0.0036580642211011863,-0.003398330111061894,-0.0031365424508488582,-0.002873001736713472,-0.0026079916417637624,-0.002341778846315794,-0.0020746130024360547,-0.0018067268501630507,-0.001538336498459014,-0.0012696418797007159,-0.0010008273826504282,-0.0007320626652310571,-0.0004635036452311668,-0.0001952936641556088,7.243518305268357e-5,0.00033956056189868696,0.0006059682671007295,0.0008715504590381277,0.001136203781834427,0.0013998273779529656,0.0016623208147619325,0.0019235819389279562,0.0021835046746012075,0.0024419767813214674,0.002698877587314001,0.002954075713480171,0.003207426802858198,0.00345877126975084,0.0037079320820317284,0.003954712589448315,0.004198894410007912,0.004440235385834115,0.0046784676191884995,0.004913295598742458,0.005144394425612589,0.005371408148205815,0.005593948214522562,0.005811592050265035,0.0060238817708632006,0.00623032303537074,0.0064303840500417545,0.006623494729266802,0.006809046021359492,0.006986389406389893,0.007154836572792302,0.0073136592787562986,0.007462089403355421,0.007599319190906996,0.007724501690088381,0.007836751386827363,0.007935145026815362,0.008018722619771466,0.008086488613082967,0.008137413217680597,0.008170433863283443,0.008184456755238023,0.008178358498465042,0.008150987751459702,0.008101166865093037,0.008027693467149889,0.007929341938818547,0.007804864762284784,0.0076529936739025,0.00747244067267246,0.007261898768411282,0.0070200427352564605,0.0067455295215491816,0.006436999242516646,0.006093075457539047,0.005712367781053994,0.005293471978005364,0.004834977699393058,0.004335466261470236,0.0037935329840191193,0.0032077715624353902,0.002576839390669228,0.001899384151225024,0.0011742442122133134,0.0004001550040593568
-0.0004591615167303496,-0.0013402640310133176,-0.00215298535565958,-0.0028999436232698605,-0.003584303395878559,-0.004208863854400407,-0.004776557101179377,-0.005290181862975538,-0.005752543342709796,-0.006166370635501695,-0.006534350844088565,-0.006859098504851472,-0.0071431588022398745,-0.007388992432038493,-0.00759897086610266,-0.007775367146636008,-0.007920350678074608,-0.008035981811079387,-0.008124208713193828,-0.008186865308682434,-0.008225670968029977,-0.008242231520034064,-0.008238041681584238,-0.008214488659646269,-0.008172856817646967,-0.0081143331926919,-0.008040013688516928,-0.00795090974202836,-0.007847955280355784,-0.0077320137887614965,-0.007603885329192707,-0.0074643133658022845,-0.007313991275992403,-0.007153568447085675,-0.006983655881638174,-0.006804831256206707,-0.006617643399369913,-0.006422616173898856,-0.006220251765149963,-0.006011033392566567,-0.00579542747362324,-0.0055738852795596035,-0.0053468441299156,-0.005114728178336585,-0.0048779488455284676,-0.004636904956871961,-0.004391982642213759,-0.004143555054077288,-0.0038919819580985468,-0.003637609246250148,-0.0033807684194364206,-0.0031217760816602868,-0.0028609334831986993,-0.0025985261453759056,-0.002334823594555132,-0.0020700792281541443,-0.0018045303307355801,-0.0015383982537723467,-0.001271888768421602,-0.0010051925967546537,-0.0007384861232700041,-0.0004719322853007688,-0.00020568163800724953,6.012641285267857e-5,0.00032536221940581783,0.000589904352237949,0.0008536379254496099,0.0011164527997655019,0.0013782416782133365,0.001638898109515392,0.0018983144147647645,0.0021563795531155876,0.0024129769422278186,0.002667982248996677,0.00292126116578554,0.0031726671869106333,0.003422039399596236,0.0036692003029891425,0.003913953668174144,0.004156082451445913,0.004395346772419337,0.004631481967897074,0.004864196731805562,0.005093171350926228,0.005318056045658006,0.005538469424583047,0.005753997061234238,0.00596419020111582,0.006168564606721757,0.006366599547992639,0.006557736945307566,0.006741380671687391,0.006916896020330181,0.007083609342836718,0.007240807862463869,0.007387739665365003,0.00752361387099682,0.007647600980590376,0.00775883339978505,0.007856406128107833,0.007939377604056833,0.008006770689932384,0.008057573775762144,0.008090741976041892,0.008105198388326915,0.008099835376433846,0.008073515838982323,0.008025074416729606,0.00795331859922702,0.007857029678281587,0.007734963529735208,0.007585851163445238,0.007408399097224472,0.007201289451247757,0.006963180038427693,0.006692704125672279,0.006388470803386289,0.006049064712282395,0.005673048176157978,0.005258960992606492,0.004805327983091542,0.004310656944433946,0.0037734612782379237,0.0031922453833748967,0.002565570921151568,0.0018919859036183352,0.001170226693551405,0.0003989295118972364
-0.00045588461259438943,-0.001330262133099657,-0.0021359964376547994,-0.0028757887070240827,-0.0035529070516685233,-0.004170237602566484,-0.004730800640039212,-0.00523747307483483,-0.0056931330496207645,-0.006100573874914536,-0.006462539395014838,-0.006781692403767331,-0.007060618312490013,-0.00730180989948787,-0.007507662955434584,-0.0076804673532931585,-0.007822402305107556,-0.007935531415413808,-0.008021800100137798,-0.008083034090341704,-0.008120939714025903,-0.008137105502945103,-0.00813300521653357,-0.008110002024299193,-0.008069353733364608,-0.008012218840096525,-0.007939663226341523,-0.007852667294019821,-0.007752133352561057,-0.007638893077861838,-0.0075137148819586835,-0.007377311049900869,-0.007230344523246844,-0.007073435231719713,-0.006907165897900157,-0.006732087261965673,-0.006548722694677447,-0.0063575721860377925,-0.0061591157142446675,-0.005953816014349026,-0.005742120778375643,-0.005524464328544845,-0.005301268812730532,-0.005072944976570296,-0.004839892569862005,-0.0046025004463280585,-0.0043611464156573425,-0.004116196905294856,-0.0038680064868681654,-0.0036169173187638637,-0.003363258552280137,-0.003107345744309325,-0.0028494803146658994,-0.002589949081268984,-0.002329023901382571,-0.002066961442263271,-0.0018040030997946764,-0.0015403750792183997,-0.0012762886477975827,-0.001011940565357786,-0.0007475136950224462,-0.0004831777932436265,-0.0002190904753004967,4.4601650066512076e-5,0.0003077616854513581,0.000570260999395503,0.0008319776427771195,0.001092794640136495,0.0013525981700726023,0.001611275649502499,0.0018687137370416251,0.002124796270960957,0.002379402157232635,0.002632403223011595,0.002883662050637703,0.003133029806826626,0.0033803440812278365,0.0036254267479547803,0.0038680818630800716,0.004108093610440654,0.004345224307448653,0.004579212481959656,0.00480977103063568,0.005036585468648662,0.005259312280031737,0.005477577377474115,0.005690974679886698,0.005899064815615776,0.006101373958729237,0.006297392805330636,0.006486575696309712,0.006668339892291399,0.006842065005738981,0.007007092594123724,0.007162725916764708,0.007308229856259407,0.007442831003345704,0.0075657179014594145,0.007676041444183454,0.007772915415138411,0.00785541715575656,0.007922588341667411,0.007973435843597635,0.00800693264317744,0.008022018769553623,0.008017602216879893,0.007992559801187963,0.007945737908817037,0.007875953096354131,0.0077819924908341,0.007662613973531458,0.007516546092861513,0.007342487766682855,0.0071391076840561256,0.006905043687575838,0.00663890184108927,0.00633925611802883,0.0060046475290514816,0.0056335856943651435,0.005224548292239908,0.00477598828617091,0.004286332081281256,0.0037540021528428722,0.0031774037660189975,0.0025549913939626086,0.0018852015742294088,0.0011666540316866369,0.00039787287036567196
-0.0004520527399747299,-0.001318651354265441,-0.0021164470016090445,-0.0028482198508347416,-0.0035173359108928485,-0.004126763596514153,-0.004679606206739712,-0.005178813940528469,-0.005627332838769842,-0.006028015486520812,-0.006383657541223639,-0.00669696524114142,-0.00697055953137032,-0.007206960756695313,-0.007408584712127152,-0.007577734023423416,-0.0077165938891769715,-0.007827227621915327,-0.0079115746243255,-0.007971449460810034,-0.00800854272875793,-0.008024423252258446,-0.008020541687531508,-0.007998235269414367,-0.007958733580735391,-0.00790316511693817,-0.007832564462825828,-0.0077478798718170865,-0.007649981060388966,-0.007539667035287769,-0.007417673792584717,-0.007284681745598695,-0.007141322762286659,-0.006988186715279201,-0.006825827471449732,-0.006654768270294036,-0.006475506461731662,-0.006288517593238144,-0.006094258853398587,-0.0058931718936850105,-0.005685685062486819,-0.0054722150951479745,-0.005253168311081426,-0.005028941374125179,-0.004799921675329683,-0.004566487398634163,-0.004329007329539846,-0.004087840465307082,-0.00384333548247315,-0.003595830114008111,-0.003345650484239711,-0.0030931104451347225,-0.002838510952623623,-0.0025821395167179716,-0.002324269754122893,-0.002065161067187666,-0.0018050584682529043,-0.0015441925639804854,-0.0012827797099819796,-0.0010210223421720408,-0.0007591094876497304,-0.0004972174546943458,-0.00023551069854203877,2.585714290858716e-5,0.0002867420515414135,0.0005470082795421462,0.0008065268594913172,0.0010651739867597397,0.0013228292879285395,0.0015793739896479138,0.0018346890028415371,0.0020886529374074493,0.002341140062652754,0.0025920182285881924,0.0028411467629843893,0.0030883743587184517,0.0033335369655024686,0.003576455699541316,0.0038169347840992704,0.004054759533332467,0.004289694391116647,0.004521481035964976,0.004749836562506234,0.0049744517493885,0.005194989422886459,0.005411082924917909,0.005622334693625855,0.00582831496410922,0.006028560596306717,0.006222574036390432,0.006409822417295591,0.006589736803140971,0.006761711581244051,0.00692510400413558,0.007079233882380116,0.007223383427057398,0.007356797238373864,0.007478682434041994,0.007588208907733262,0.007684509704052427,0.007766681492207883,0.007833785115741084,0.007884846190832092,0.007918855720295236,0.007934770686063032,0.007931514577554826,0.00790797781214739,0.007863017998617333,0.007795460002655663,0.007704095764417357,0.007587683852545565,0.007444948705995203,0.00727457962671702,0.00707522944825399,0.00684551316216234,0.00658400624346399,0.00628924359360844,0.005959718013683701,0.00559388112242176,0.005190142416303541,0.00474687601496618,0.0042624190489736575,0.0037350939517499055,0.003163196829815458,0.0025450631394885776,0.0018790056926429434,0.0011635121235352133,0.00039698077796467934
-0.00044764772210139313,-0.0013053813965680802,-0.002094262002528227,-0.00281714382737857,-0.0034774840930877886,-0.0040783279706763905,-0.004622855736316435,-0.005114085198891417,-0.0055550245205251685,-0.005948579968594582,-0.006297593503404141,-0.006604809492295309,-0.006872879292375863,-0.007104345944095873,-0.007301640646403546,-0.007467074479071775,-0.00760283464485306,-0.0077109805111014165,-0.007793442146402358,-0.00785201995793864,-0.007888386143485346,-0.007904087458541046,-0.007900549385226779,-0.007879081421528232,-0.007840883368552596,-0.007787052382536872,-0.007718590605566204,-0.0076364131627766575,-0.007541356337527159,-0.007434185741570956,-0.007315604319631755,-0.007186260046303968,-0.007046753197326191,-0.006897643100230417,-0.006739454293383678,-0.00657268204500058,-0.006397797205141953,-0.006215250383016936,-0.006025475459034355,-0.0058288924556550515,-0.005625909803166758,-0.005416926046062463,-0.005202331042817087,-0.004982506716768614,-0.004757827418633046,-0.004528659962283475,-0.004295363394901897,-0.0040582885608936616,-0.0038177775161025614,-0.0035741628452873667,-0.0033277669315565687,-0.0030789012218532747,-0.0028278655276506933,-0.002574947395043435,-0.00232042157337562,-0.0020645496066711267,-0.0018075795673598498,-0.0015497459473294414,-0.0012912697170700449,-0.0010323585598084719,-0.0007732072839098874,-0.0005139984136259809,-0.00025490295534803006,3.9186659892976605e-6,0.0002623155079366004,0.0005201448584268844,0.0007772708415640348,0.0010335628935725367,0.0012888941221923993,0.0015431395635225695,0.00179617435083886,0.0020478718101940283,0.0022981014977262603,0.002546727193534373,0.002793604866792043,0.0030385806264449327,0.0032814886714268945,0.003522149253834429,0.003760366667951231,0.003995927277421339,0.00422859759225371,0.004458122406711389,0.0046842230085007465,0.004906595469045651,0.005124909023998928,0.005338804552510349,0.005547893163118021,0.005751754893467501,0.005949937530323696,0.006141955555549148,0.0063272892227890735,0.006505383768534085,0.0066756487599340525,0.006837457580198786,0.006990147050552541,0.007133017185487772,0.007265331075414666,0.007386314887707806,0.007495157973584933,0.00759101306419404,0.007672996534851757,0.007740188711475712,0.007791634188378422,0.007826342121290603,0.00784328645530106,0.00784140604242092,0.007819604602585326,0.007776750477552352,0.007711676135604139,0.007623177378074362,0.0075100122324133645,0.007370899489003477,0.007204516945530912,0.0070094993004177755,0.006784435972619124,0.00652786863231852,0.006238289328030624,0.005914138243478243,0.0055538038553750255,0.005155621549815054,0.004717879704299238,0.004238818326655006,0.003716650627596921,0.0031495533815187483,0.0025357308534242513,0.0018733594530388948,0.0011607784420594634,0.0003962460239242528
-0.00044265317023395626,-0.0012904072077465818,-0.0020693748570893,-0.0027824788226451175,-0.003433259791925683,-0.004024833287058774,-0.004560449624860742,-0.005043187758418699,-0.0054761114591774475,-0.0058621744396844516,-0.006204258881962478,-0.006505141479788135,-0.006767498469738369,-0.006993890382344421,-0.007186758955407567,-0.007348419224874382,-0.007481056275557899,-0.007586721790187157,-0.007667333143101865,-0.007724673595260365,-0.007760394312123923,-0.0077760176849792995,-0.007772942039871367,-0.007752447443298057,-0.007715702478873521,-0.007663771757053475,-0.007597623969687066,-0.007518140275296959,-0.007426122825966018,-0.0073223032528405,-0.007207350950391672,-0.007081881018586027,-0.006946461746692641,-0.0068016215457166115,-0.00664785526068045,-0.006485629816649672,-0.006315389173877507,-0.006137558586700245,-0.005952548177849836,-0.005760755854318435,-0.005562569602795778,-0.005358369212078788,-0.005148527476755176,-0.004933410941182932,-0.004713380245418722,-0.004488790135673506,-0.0042599892012063914,-0.004027319397711092,-0.0037911154142988347,-0.0035517039375163747,-0.0033094028615167155,-0.0030645204888546554,-0.002817354761424544,-0.00256819255607588,-0.0023173090743999272,-0.002064967351319941,-0.001811417902361901,-0.0015568985250403059,-0.0013016342655585514,-0.001045837558167435,-0.0007897085409333012,-0.0005334355484824929,-0.0002771957793819896,-2.1156133306922754e-5,0.00023452578907379144,0.0004897005324267102,0.0007442254898194707,0.0009979634743099736,0.001250781171879534,0.0015025474892695673,0.0017531318108391317,0.0020024021788656644,0.0022502234118708503,0.0024964551755186806,0.00274095002048209,0.0029835514013848733,0.003224091690550601,0.003462390199821884,0.003698251223196364,0.00393146211244305,0.004161791397263449,0.004388986960924303,0.004612774281639315,0.004832854749315063,0.00504890406659137,0.005260570742411073,0.005467474685608345,0.005669205905232113,0.005865323323446789,0.0060553537059004885,0.006238790713340642,0.006415094076976584,0.006583688898577117,0.006743965074506991,0.006895276840793789,0.007036942433832737,0.0071682438584430444,0.007288426751643695,0.007396700326729387,0.007492237377976727,0.0075741743217215465,0.007641611244566109,0.00769361192454692,0.007729203785897758,0.007747377743942191,0.0077470878920790215,0.007727250982097422,0.007686745645712308,0.00762441131359696,0.007539046783764609,0.007429408423302778,0.007294207966557504,0.007132109972016351,0.006941728897323351,0.0067216260590692665,0.006470306312647914,0.006186215286751854,0.005867736355364956,0.005513189917052397,0.0051208315029488746,0.004688856989808141,0.004215401502659565,0.0036985598348831345,0.0031363791565528812,0.0025269200606421196,0.0018682094873322124,0.0011584212196346162,0.000395658194676776
-0.00043705470845863234,-0.0012736896157012568,-0.0020417284168992027,-0.0027441556832177587,-0.003384586739916559,-0.003966200167872393,-0.004492308488107376,-0.004966044546761055,-0.005390520484983567,-0.005768730590921787,-0.006103590632840084,-0.0063979033608274494,-0.006654363969664483,-0.006875544963055172,-0.007063893511860823,-0.007221723935116834,-0.007351214960956282,-0.007454406783611535,-0.007533200704088447,-0.007589359868267475,-0.0076245118296485925,-0.007640152399885725,-0.007637650868976044,-0.0076182562962548005,-0.007583104743627109,-0.00753322720946772,-0.007469558073468416,-0.007392943837170387,-0.007304151971019644,-0.007203879685420932,-0.007092762467050589,-0.006971382241098809,-0.0068402750450530046,-0.006699938123122448,-0.006550836374775798,-0.006393408113603515,-0.006228070114154027,-0.006055221943589203,-0.005875249591884344,-0.0056885284286034175,-0.005495425525970369,-0.005296301397127165,-0.005091511205157672,-0.004881405502986014,-0.004666330566689918,-0.004446628385541428,-0.004222636371265528,-0.003994686847047815,-0.0037631063737678413,-0.0035282149672157333,-0.0032903252556760517,-0.0030497416226053344,-0.0028067593741596124,-0.0025616639663652296,-0.0023147303216979197,-0.0020662222600024384,-0.0018163920639660716,-0.001565480194945952,-0.0013137151707505223,-0.0010613136131560521,-0.0008084804693685044,-0.0005554094084870535,-0.0003022833911290798,-4.927540789538445e-5,0.00020345061988190992,0.00045573878550352374,0.000707439998391235,0.000958410652973583,0.0012085111773,0.0014576044744727913,0.0017055542705687813,0.0019522233830575983,0.0021974719239144166,0.002441155451621088,0.002683123086134081,0.002923215600637875,0.0031612635035576193,0.003397085123866274,0.003630484712214639,0.003861250569858387,0.004089153216745428,0.004313943609493268,0.004535351419313055,0.004753083379238274,0.004966821709283543,0.005176222627390605,0.005380914953185244,0.0055804988106821695,0.005774544435072358,0.005962591087617826,0.006144146081394522,0.006318683919146705,0.006485645542796586,0.006644437692134037,0.006794432367867791,0.0069349663914951565,0.007065341051302903,0.007184821820249355,0.007292638127464466,0.007387983160679045,0.007470013672142893,0.007537849755529613,0.007590574556321367,0.00762723387306434,0.007646835602801434,0.007648348979809768,0.007630703556072387,0.007592787869600465,0.007533447754716801,0.007451484246689609,0.007345651062864651,0.007214651629205698,0.007057135710339128,0.006871695621955761,0.006656862274835678,0.0064111009444564205,0.006132807530052275,0.005820304666649147,0.005471839995059127,0.005085583687248178,0.004659632559860462,0.0041920092455061736,0.0036806809740065932,0.0031235550019597966,0.0025185355168796356,0.0018634865798257602,0.0011563985870119385,0.0003952033628647295
-0.00043084020329664974,-0.001255195974878994,-0.002011275956897221,-0.0027021191789491643,-0.003331405686820926,-0.003902368939102479,-0.004418374927885772,-0.00488260236535964,-0.005298203809488438,-0.005668206641012859,-0.0059955530469660585,-0.006283065120988734,-0.006533450732376633,-0.006749288556662494,-0.006933025877937264,-0.007086971475787468,-0.007213293390662339,-0.007314016482584964,-0.007391022601722251,-0.007446051848518033,-0.007480705654049915,-0.007496451129106394,-0.007494626761643405,-0.007476449157267399,-0.0074430206920508175,-0.007395337833435636,-0.007334299938680476,-0.007260718315115781,-0.007175325353515946,-0.007078783552987935,-0.006971694280086272,-0.0068546061246053105,-0.006728022739704527,-0.006592410077672619,-0.006448202957072418,-0.0062958109197482695,-0.006135623357538341,-0.005968013907602109,-0.005793344131982837,-0.005611966511133626,-0.005424226792603396,-0.005230465745036984,-0.005031020374107471,-0.004826224661333044,-0.004616409888975414,-0.004401904614832224,-0.004183034359787425,-0.003960121068912786,-0.0037334824037937833,-0.003503430919981355,-0.003270273179070211,-0.003034308840250874,-0.002795829771213873,-0.002555119213362535,-0.002312451031279335,-0.00206808907162573,-0.001822286651955418,-0.0015752861955796674,-0.0013273190244494902,-0.0010786053182541555,-0.0008293542443984991,-0.0005797642603967053,-0.00033002358735493534,-8.031085074197343e-5,0.0001692041175632121,0.0004183593238082556,0.0006669995129526803,0.0009149749360506778,0.00116213999623717,0.001408351785916334,0.0016534685283410766,0.0018973479371452604,0.0021398455076037538,0.0023808127534228492,0.002620095402777145,0.0028575315670776296,0.0030929498956384703,0.003326167728986975,0.0035569892630807625,0.0037852037361395664,0.004010583649195845,0.004232883030820788,0.00445183575578423,0.004667153926675878,0.004878526326721258,0.005085616951192838,0.005288063623889863,0.0054854767041665545,0.005677437888853019,0.005863499112159574,0.0060431815451933765,0.006215974695064896,0.006381335601620493,0.006538688127624512,0.006687422335626774,0.0068268939418072066,0.006956423833716066,0.007075297635043443,0.007182765296329979,0.00727804068593318,0.007360301150645912,0.007428687010209976,0.007482300944876388,0.007520207230113423,0.00754143076844752,0.007544955864593513,0.007529724689223954,0.0074946353754445985,0.007438539699313945,0.007360240296951711,0.0072584873972362345,0.007131975044667039,0.006979336863431191,0.006799141362460892,0.006589887005954914,0.006349997010400438,0.006077814539599949,0.005771597875428969,0.0054295175352345485,0.005049653130804819,0.004629996126181877,0.0041684492742795655,0.0036628432173115033,0.003110935027172417,0.0025104595690995796,0.0018591043384202418,0.0011546576769010375,0.00039486376187689487
-0.00042399999613158227,-0.0012349008192517074,-0.001977982170928871,-0.0026563292710060273,-0.0032736758802533517,-0.003833301272490382,-0.004338615293338425,-0.004792833735888835,-0.005199140930862166,-0.005560589280950092,-0.00588013972086465,-0.006160626562395059,-0.006404763733834514,-0.006615130027095497,-0.006794167334918927,-0.006944173953098289,-0.007067302836670768,-0.007165559647021947,-0.007240803428094233,-0.007294748360935394,-0.007328967328254625,-0.007344896725825319,-0.007343842598221695,-0.007326987788569811,-0.007295399970097363,-0.007250040313533066,-0.007191772599598205,-0.007121372561027522,-0.00703953726636747,-0.006946894365278353,-0.006844011039799115,-0.006731402526014273,-0.006609540095957764,-0.006478858413315781,-0.006339762200940224,-0.006192632180856979,-0.006037830268689637,-0.005875704023326251,-0.005706590369152072,-0.005530818622067154,-0.005348712861734784,-0.005160593701232118,-0.004966779511525617,-0.004767587162314319,-0.004563332342862549,-0.0043543295269014345,-0.004140891644614816,-0.003923329522569115,-0.003701951149257765,-0.003477060820143965,-0.0032489582116608903,-0.0030179374290009446,-0.0027842860675824487,-0.0025482843232019123,-0.0023102041809269732,-0.0020703087080719976,-0.001828851471962338,-0.0015860760989083024,-0.0013422159866976083,-0.0010974941791958436,-0.0008521234081603975,-0.000606306304281673,-0.0003602357766343266,-0.00011409555727343627,0.0001319390944881647,0.0003777005354218612,0.0006230277382519626,0.0008677651582436854,0.001111761477777268,0.0013548682409764388,0.0015969383910776095,0.0018378247236191208,0.0020773782687663433,0.002315446616148851,0.0025518721955198552,0.0027864905263472544,0.0030191284491429635,0.0032496023509435428,0.0034777163968734213,0.003703260779181769,0.0039260099945295215,0.004145721159645631,0.004362132374742547,0.0045749611433126775,0.004783902856078235,0.004988629345958862,0.005188787519908819,0.00538399807237103,0.005573854283837695,0.00575792090660219,0.005935733138172287,0.006106795680973959,0.006270581884849499,0.0064265329664296685,0.0065740572966588055,0.006712529744594196,0.00684129106200276,0.006959647289287991,0.007066869158852707,0.007162191467235686,0.007244812382263651,0.007313892646217124,0.007368554630786084,0.007407881194573801,0.007430914289687231,0.007436653260432149,0.007424052776061457,0.007392020339271162,0.007339413318315586,0.007265035454990495,0.007167632822897172,0.007045889215998057,0.006898421008250153,0.006723771506546487,0.00652040498854797,0.006286700462368306,0.006020945703701142,0.00572133139817016,0.005385946950607469,0.005012776584424783,0.004599700461545905,0.004144494372382613,0.0036448435560240615,0.003098344755655206,0.002502550501037203,0.0018549578417175528,0.0011531337039128434,0.0003946174497954285
-0.00041652713656644785,-0.0012127865163646394,-0.001941824166113263,-0.0026067623747642005,-0.0032113765364162462,-0.00375898181284239,-0.004253021423217375,-0.004696738724591062,-0.005093340515384537,-0.00544589559484164,-0.005757375505251159,-0.006030619273741283,-0.00626833997516735,-0.006473110241984855,-0.006647360918076891,-0.006793374778670541,-0.006913285255487813,-0.007009074951631159,-0.007082576791922484,-0.007135476237734941,-0.007169315296322342,-0.007185497753012163,-0.00718529570151969,-0.007169857058661368,-0.007140213930273906,-0.007097291581608099,-0.007041917821790036,-0.006974832587538647,-0.0068966975397497295,-0.006808105494351297,-0.006709589533880681,-0.006601631666388116,-0.006484670923769758,-0.006359110815381356,-0.006225326077169385,-0.0060836686791301995,-0.005934473074961822,-0.005778060696482577,-0.005614743711654435,-0.005444828078693439,-0.005268615939732447,-0.0050864074059865936,-0.004898501792389663,-0.004705198363604626,-0.00450679665520067,-0.0043035964341240065,-0.004095897361402636,-0.0038839984178091,-0.003668197149965205,-0.0034487887905732518,-0.0032260653020458902,-0.003000314388208736,-0.0027718185138558248,-0.0025408539671158874,-0.0023076899947070376,-0.002072588035509574,-0.0018358010733346415,-0.0015975731255445465,-0.0013581388801416747,-0.0011177234902865524,-0.0008765425317707367,-0.0006348021259321294,-0.0003926992277065206,-0.00015042207608445638,9.184919792564608e-5,0.0003339418125612332,0.0005756894341214251,0.0008169311429586737,0.001057510277340999,0.0012972731667060772,0.0015360677664548422,0.0017737422068541298,0.0020101432688707133,0.002245114799850585,0.0024784960819082755,0.0027101201657162965,0.002939812182101313,0.0031673876434718455,0.003392650746631826,0.0036153926879940244,0.0038353900015875744,0.004052402929577408,0.004266173834254751,0.004476425659651051,0.004682860450014492,0.0048851579314172664,0.00508297416165427,0.00527594025238644,0.005463661166101889,0.005645714588925081,0.005821649878528512,0.005990987084399614,0.006153216035392993,0.006307795486893392,0.0064541523168948475,0.006591680756953962,0.006719741640147638,0.006837661643993324,0.0069447325016468485,0.007040210149755736,0.00712331377607394,0.0071932247245797025,0.007249085210460739,0.007289996792313488,0.007315018544493707,0.007323164869310151,0.007313402887234205,0.007284649344084046,0.0072357669788167935,0.00716556030335638,0.007072770762704873,0.006956071260468425,0.006814060076842323,0.006645254225234708,0.006448082397420459,0.006220877619398365,0.005961870032163195,0.005669179913320781,0.005340812011052177,0.004974650781568018,0.0045684595631146525,0.004119880498195301,0.0036264449156754005,0.003085579318137509,0.0024946408968700828,0.0018509222863098257,0.0011517490358077742,0.0003944379678376337
-0.00040841761436575565,-0.001188843916222656,-0.0019027924467648672,-0.0025534126060843994,-0.003144508287925164,-0.003679419776606834,-0.004161612354632605,-0.004594346729638032,-0.0049808422402401464,-0.005324174942251988,-0.005627318417375505,-0.005893108568384397,-0.006124250446555168,-0.006323304065703423,-0.006492683444666779,-0.006634650739869266,-0.0067513154090445785,-0.006844633165855678,-0.006916407565625553,-0.006968292639947688,-0.00700179730558773,-0.007018290970927682,-0.007019010412806994,-0.00700506760820469,-0.006977458387045497,-0.006937071659500892,-0.006884699028195984,-0.006821044571807259,-0.006746734615356639,-0.0066623273105960714,-0.006568321875116947,-0.00646516735908531,-0.0063532708340312,-0.006233004921823806,-0.00610471460625068,-0.005968723292016628,-0.005825338096837078,-0.005674854380767712,-0.005517559532914575,-0.005353736049056554,-0.005183663944418625,-0.005007622554087803,-0.004825891779340285,-0.004638752841892723,-0.004446488609810032,-0.004249383559009099,-0.0040477234330135795,-0.003841794661337576,-0.0036318835936133827,-0.0034182756027754967,-0.0032012541062311135,-0.0029810995493977374,-0.0027580883911557954,-0.002532492126024172,-0.002304576373064084,-0.0020746000569599483,-0.0018428147022593916,-0.0016094638576200462,-0.0013747826629466736,-0.0011389975687233279,-0.0009023262134711865,-0.0006649774622793311,-0.00042715160660929363,-0.00018904072318322039,4.917081237747694e-5,0.00028730566330983096,0.0005251927285993517,0.0007626662080298043,0.0009995645455017944,0.0012357292615629233,0.00147100368673768,0.0017052316076820112,0.0019382558384651752,0.002169916729391358,0.0024000506257474247,0.002628488288706543,0.0028550532903519584,0.0030795603944130077,0.0033018139338427182,0.003521606195825524,0.0037387158241702616,0.003952906248353046,0.004163924147679662,0.00437149795819159,0.004575336428965478,0.004775127233418343,0.004970535640029557,0.00516120324559062,0.005346746772583279,0.005526756930622645,0.005700797339967325,0.005868403512937782,0.006029081886589931,0.0061823088971925625,0.006327530083853302,0.006464159205083634,0.006591577348072041,0.00670913200605779,0.006816136094364081,0.0069118668705245075,0.006995564718485823,0.0070664317513596175,0.0071236301816326375,0.007166280402684331,0.007193458720781641,0.007204194673694057,0.007197467869926404,0.00717220428438065,0.007127271948998675,0.007061475988408868,0.006973552960945493,0.006862164494897785,0.0067258902295156235,0.006563220132400883,0.006372546291980751,0.006152154402133231,0.005900215184458357,0.005614776192445094,0.005293754492125681,0.004934930926695845,0.004535947011268873,0.004094305056655023,0.0036073743971090618,0.0030724017364800447,0.002486536062866179,0.0018468516637867814,0.0011504122743110732,0.00039429399943566583
-0.0003996705877859449,-0.00116307298870871,-0.00186089187844201,-0.002496292999278541,-0.0030730945954507267,-0.003594650507424845,-0.0040644359833565055,-0.004485718216363636,-0.004861718582448248,-0.005195510787021702,-0.0054900615023348275,-0.005748195376047809,-0.005972602051474106,-0.006165822321539361,-0.006330247521717854,-0.006468114062351176,-0.006581502991843291,-0.006672339355504239,-0.006742394170821604,-0.0067932874352175775,-0.006826492883885888,-0.006843343919346043,-0.006845040782861345,-0.006832658651869996,-0.006807156529551263,-0.006769386680800524,-0.00672010442624444,-0.0066599780825269276,-0.0065895988661530975,-0.006509490586514975,-0.006420118979060396,-0.006321900549894464,-0.006215210828585397,-0.006100391949565326,-0.005977759506635781,-0.005847608647290735,-0.005710219394178295,-0.0055658611992337416,-0.00541479675172283,-0.005257285074552971,-0.0050935839536356145,-0.004923951753082415,-0.004748648674568156,-0.004567937522741347,-0.00438208404011956,-0.004191356874998696,-0.003996027244530287,-0.003796368352802414,-0.003592654620482291,-0.003385160778790586,-0.0031741608762472116,-0.0029599272421304734,-0.0027427294458531276,-0.00252283328679767,-0.002300499844461159,-0.0020759846142934905,-0.0018495367502568245,-0.0016213984310886353,-0.001391804363383058,-0.0011609814311025984,-0.0009291484978368344,-0.000696516365203057,-0.000463287888082241,-0.00022965824504879337,4.18463977487018e-6,0.00023805952898946225,0.00047179116544843793,0.0007052094354606611,0.0009381484111712741,0.001170445282463451,0.00140193918938137,0.0016324699665332097,0.0018618768112214311,0.0020899968871855787,0.0023166638758252873,0.0025417064866435765,0.0027649469383863976,0.0029861994220029657,0.0032052685560833324,0.0034219478448924896,0.0036360181484706377,0.0038472461735589818,0.0040553829932845195,0.004260162602646763,0.004461300515817389,0.00465849241015886,0.004851412820579469,0.005039713886445208,0.005223024151643078,0.005400947416602099,0.005573061638994466,0.00573891787753471,0.005898039270623251,0.006049920038614459,0.006194024495096532,0.0063297860488291105,0.006456606173769707,0.006573853320046624,0.006680861733708474,0.006776930147770637,0.006861320301420688,0.006933255238586334,0.00699191733126196,0.007036445967859341,0.007065934841797554,0.0070794287726918355,0.007075919989534305,0.0070543438080760325,0.0070135736349875855,0.006952415246777697,0.006869600294107869,0.0067637790256299506,0.006633512219314597,0.006477262419795348,0.006293384519096562,0.0060801160027034815,0.005835566908613514,0.005557710313996592,0.0052443731749805,0.004893229499650052,0.004501794606146777,0.004067425407353945,0.0035873217107359415,0.0030585413565339514,0.0024780125546649224,0.0018425775030190663,0.0011490173676677391,0.0003941490375830529
-0.00039028860571384413,-0.0011354834427099354,-0.0018161426221120726,-0.0024354366844737668,-0.0029971831093198766,-0.0035047369737788844,-0.003961570660215838,-0.004370946384600981,-0.004736076538069067,-0.005060022456756545,-0.005345734627681425,-0.005596018072638675,-0.005813539475998003,-0.006000813707884056,-0.006160203518687532,-0.006293914450072487,-0.006403994749748544,-0.006492335091641609,-0.006560670887981025,-0.006610585617783078,-0.006643515877992796,-0.00666075758090074,-0.006663473364811934,-0.006652700903322595,-0.006629361979390503,-0.006594272080111231,-0.006548150325342704,-0.006491629520536128,-0.006425266153247538,-0.006349550161365743,-0.006264914326439699,-0.006171743165833607,-0.006070381222812,-0.005961140677158263,-0.005844308222823584,-0.005720151181096007,-0.0055889228380907345,-0.005450867013297691,-0.005306221881318892,-0.005155223081754271,-0.004998106162336346,-0.00483510840815061,-0.004666470115103867,-0.00449243536915371,-0.004313252394219405,-0.004129173531667721,-0.003940454912825397,-0.0037473558836140213,-0.003550138237126016,-0.003349065306210244,-0.0031444009638518654,-0.002936408574729932,-0.0027253499366743173,-0.0025114842462058175,-0.002295067117747952,-0.002076349681765124,-0.0018555777828189672,-0.0016329912946144484,-0.001408823565331469,-0.001183301003128912,-0.0009566428084968171,-0.0007290608572789851,-0.0005007597355477257,-0.00027193692522182734,-4.278313723374478e-5,0.0001865172127078189,0.0004157853922774697,0.0006448476124078207,0.0008735341677569203,0.0011016784674960564,0.0013291159668091424,0.0015556830099664356,0.0017812155961455494,0.002005548079317709,0.002228511813531459,0.0024499337547954133,0.0026696350305268615,0.0028874294871732526,0.0031031222261630052,0.0033165081377857955,0.0035273704419500735,0.003735479244028697,0.003940590113144843,0.004142442689318463,0.004340759324804458,0.004535243763780493,0.004725579863173533,0.00491143035591809,0.005092435656213385,0.005268212704422696,0.0054383538470553355,0.005602425744809242,0.005759968298827914,0.005910493582192405,0.006053484760099507,0.006188394978257177,0.006314646194619969,0.006431627924833521,0.0065386958665173064,0.006635170362031827,0.006720334653480238,0.006793432877874116,0.00685366774429478,0.006900197829636311,0.006932134424004744,0.0069485378540986836,0.0069484132089056285,0.006930705395854462,0.006894293453077289,0.006837984063027944,0.0067605042064107085,0.006660492954295994,0.006536492360528417,0.0063869375812567125,0.006210146186889628,0.006004307103540109,0.005767469002938431,0.005497529369472389,0.0051922233036087884,0.004849115477603985,0.0044655913773799525,0.004038857697124396,0.003565937882943538,0.003043692498192442,0.0024688168660139073,0.0018379077194570625,0.0011474427810036442,0.0003939610693066721
-0.00038027782126063414,-0.0011060953202845808,-0.0017685810285832475,-0.0023708980122761846,-0.002916846967426845,-0.003409771194085303,-0.003853126708280858,-0.004250158752466655,-0.004604059255830642,-0.004917866817027912,-0.005194506195322309,-0.005436754232155758,-0.005647246987108766,-0.005828466652355369,-0.005982741488844518,-0.00611224108654041,-0.006218976574110666,-0.006304800650326669,-0.00637141017372021,-0.006420349754040795,-0.006453017036618788,-0.00647066910887884,-0.006474430092170086,-0.006465299606897696,-0.006444161977300811,-0.006411795934058112,-0.006368884629558629,-0.006316025758624869,-0.006253741606468889,-0.0061824888544649076,-0.0061026679995763,-0.006014632263620434,-0.005918695893772057,-0.005815141779036526,-0.0057042283310891635,-0.005586195599592172,-0.005461270612121674,-0.005329671946450631,-0.005191613558018893,-0.00504730789793405,-0.004896968366695564,-0.004740811156312758,-0.004579056538577257,-0.004411929660415311,-0.004239660908501077,-0.0040624859051845465,-0.003880645196278338,-0.003694383688877464,-0.003503949894110787,-0.003309595026029361,-0.0031115720036214273,-0.0029101343986295846,-0.002705535367304804,-0.0024980265998024533,-0.002287857316464334,-0.002075273336018035,-0.0018605162365911317,-0.0016438226266336838,-0.0014254235391796188,-0.0012055439595717895,-0.0009844024936515778,-0.0007622111806409228,-0.0005391754523713894,-0.0003154942382765347,-9.136021352161058e-5,0.00013303981408198178,0.00035752438427720274,0.0005819167388317176,0.0008060440585246218,0.0010297365917364078,0.0012528266844098529,0.0014751477216269977,0.001696532991373069,0.0019168144812196232,0.0021358216186840415,0.0023533799659123398,0.002569309879097512,0.0027834251427055366,0.00299553158811513,0.003205425705730787,0.0034128932589504767,0.003617707907618557,0.0038196298476978153,0.00401840447292247,0.004213761063053955,0.004405411502114292,0.004593049028531375,0.0047763470175450195,0.004954957794384504,0.005128511474701852,0.005296614826405041,0.0054588501444398484,0.005614774127093342,0.005763916739105205,0.005905780043133631,0.006039836977028507,0.006165530049776569,0.006282269924039263,0.006389433847769798,0.00648636389170509,0.006572364943406406,0.006646702402494063,0.006708599515301922,0.006757234281766628,0.006791735861290948,0.006811180401629827,0.006814586209602576,0.006800908187224748,0.006769031451005975,0.006717764076200508,0.006645828891254514,0.0065518543234779425,0.006434364227665169,0.006291766854155793,0.006122342838312397,0.005924232773850781,0.005695423928186261,0.0054337377872243076,0.0051368166210631755,0.004802114091161133,0.004426883076939725,0.0040081761186437515,0.003542834325969855,0.0030275134017904806,0.002458664343967682,0.0018326256202591611,0.0011455507551498066,0.00039368228787396074
-0.0003696481941782221,-0.0010749395589595475,-0.0017182604831687588,-0.0023027536135211387,-0.002832186015744126,-0.003309875574511648,-0.0037392478454624603,-0.00412351864074239,-0.004465847568998194,-0.004769239843855683,-0.005036584754045657,-0.005270622283793226,-0.005473950142878905,-0.0056490110864506355,-0.0057980930216888745,-0.005923324579302561,-0.006026675552876536,-0.006109957184490109,-0.006174824966656177,-0.006222782434241605,-0.006255186618153434,-0.006273254599353607,-0.006278071221679996,-0.006270597655429745,-0.006251680678141914,-0.006222062433543117,-0.0061823904852673075,-0.006133227960766098,-0.006075063609556568,-0.006008321608987634,-0.005933370975831839,-0.005850534462308183,-0.005760096840177974,-0.005662312499695177,-0.005557412313579394,-0.00544560973762134,-0.005327106139212074,-0.005202095362384294,-0.005070767552695537,-0.004933312277481854,-0.004789920986559119,-0.004640788865655237,-0.004486116139724049,-0.0043261088862637095,-0.004160979419877477,-0.003990946309089752,-0.0038162340848657086,-0.003637072697906279,-0.0034536967785308266,-0.0032663447493336798,-0.003075257836659062,-0.0028806790227415883,-0.002682851975928963,-0.0024820199921173464,-0.0022784249761942264,-0.002072306488220175,-0.0018639008750751065,-0.0016534405046248898,-0.0014411531159187008,-0.001227261295738082,-0.0010119820887862503,-0.0007955267461257628,-0.0005781006139702209,-0.00035990316275815067,-0.00014112815444359303,7.803605575484948e-5,0.0002974060884177145,0.0005168029863233878,0.0007360515457777792,0.0009549795413146629,0.001173416852891867,0.001391194505192517,0.0016081436289820796,0.0018240943546410401,0.0020388746480366144,0.002252309098792285,0.0024642176707940196,0.002674414424433273,0.0028827062196210545,0.003088891408057396,0.0032927585225443205,0.003494084970360106,0.003692635736786177,0.003888162103862223,0.004080400388252465,0.004269070700802619,0.004453875728845073,0.00463449954064332,0.0048106064094289944,0.0049818396523555325,0.005147820477222369,0.0053081468271122395,0.005462392209957247,0.005610104496620789,0.005750804667182063,0.0058839854808475376,0.006009110040155998,0.0061256102150078606,0.006232884886414063,0.006330297963970664,0.006417176124678255,0.006492806214484159,0.006556432247125715,0.006607251929240478,0.006644412633965267,0.006667006742548811,0.006674066266793966,0.00666455667089047,0.006637369801476574,0.0065913158635126975,0.006525114351427156,0.006437383939023609,0.0063266312248502115,0.006191238520444838,0.006029450468349294,0.005839360188014661,0.005618894213615057,0.0053657984152397035,0.005077622122282282,0.004751707246842731,0.0043851722800732715,0.003974912710744901,0.003517582375474544,0.003009625561345441,0.0024472384049474207,0.0018264891211683123,0.0011431866890420602,0.0003932588447311599
-0.0003584136798106422,-0.0010420585157401264,-0.0016652521911909015,-0.002231103382650906,-0.002743327938523306,-0.0032052041455961798,-0.0036201124978407777,-0.003991226542584699,-0.004321661409702406,-0.004614378078203324,-0.004872220495934711,-0.005097883057019721,-0.005293917396814432,-0.005462720122498717,-0.005606533007625194,-0.0057274388283170925,-0.005827361958719846,-0.0059080688473503095,-0.005971170960567122,-0.006018128708395159,-0.006050257000575203,-0.006068731884420199,-0.006074598317158028,-0.0060687787698800715,-0.006052082529401563,-0.006025215462167933,-0.005988790058538541,-0.005943335555614859,-0.00588930796509234,-0.005827099841933127,-0.005757049654577766,-0.005679450637690305,-0.005594559033231081,-0.0055026016486017,-0.005403782683687364,-0.005298289799765081,-0.005186299422584325,-0.005067981288875777,-0.0049435022599426375,-0.004813029437857068,-0.004676732629020728,-0.004534786206801783,-0.004387370429572482,-0.004234672273282507,-0.00407688583866398,-0.003914212392856596,-0.0037468601036289616,-0.003575043521987036,-0.003398982865748715,-0.003218903153092029,-0.0030350332310443533,-0.002847604739800144,-0.00265685104945204,-0.002463006201582025,-0.0022663038839645677,-0.0020669764627290125,-0.0018652540924568258,-0.0016613639211688288,-0.0014555294037359378,-0.0012479697341787903,-0.001038899404395858,-0.0008285278942767967,-0.0006170594957282573,-0.0004046932710359395,-0.00019162314404272155,2.196187902319428e-5,0.00023587736372519512,0.00044994298248047637,0.0006639819374493535,0.0008778202790388371,0.0010912861284863963,0.0013042088134866702,0.0015164179261715133,0.0017277423129349093,0.0019380090056485236,0.0021470421037212083,0.0023546616162402117,0.0025606822731009476,0.0027649123135655186,0.002967152260129404,0.0031671936848736994,0.0033648179746837096,0.0035597951007598078,0.003751882396792599,0.003940823348934395,0.004126346399333932,0.0043081637634120535,0.004485970259310131,0.004659442145913518,0.004828235963621765,0.004991987369460162,0.005150309955288334,0.005302794034610998,0.005449005379924115,0.005588483888476603,0.0057207421499185914,0.005845263884360725,0.0059615022140671135,0.006068877726152998,0.006166776277565566,0.006254546486963256,0.0063314968516214355,0.006396892420280354,0.006449950946983459,0.006489838443444878,0.0065156640447241706,0.006526474094590097,0.0065212453636289925,0.0064988772990343694,0.006458183238732145,0.006397880481371136,0.006316579217435775,0.00621277017842731,0.0060848112235116734,0.005930912543438273,0.005749121325708368,0.0055373048165833424,0.00529313452076516,0.0050140676778833585,0.004697334764809127,0.004339919235457277,0.003938557831469836,0.0034897134142046005,0.002989613547693243,0.0024341901366283438,0.001819230239182568,0.0011401786860687044,0.0003926306551860049
-0.0003465924021678723,-0.0010075064465693536,-0.0016096458953111924,-0.0021560713738000316,-0.002650429285883837,-0.00309594368431792,-0.0034959349895196516,-0.0038535213635997,-0.004171761090032143,-0.004453559946083714,-0.004701706619554839,-0.00491884119678341,-0.005107461577764598,-0.005269911613568104,-0.005408381294767701,-0.00552490279727524,-0.005621351152431094,-0.005699444844720761,-0.005760748821292174,-0.005806678481864808,-0.005838505268023288,-0.005857363320051151,-0.005864257246869433,-0.005860070712385548,-0.005845575704005783,-0.005821442250880569,-0.0057882484117559975,-0.005746490333368629,-0.005696592208100437,-0.0056389159692615985,-0.005573770587054914,-0.005501420848528777,-0.005422095529390547,-0.0053359948882788855,-0.005243297436879949,-0.005144165960081288,-0.00503875277934796,-0.004927204269096077,-0.0048096646498712765,-0.004686279093681012,-0.004557196185747303,-0.0044225697936247305,-0.004282560399017722,-0.004137335950249013,-0.0039870722941629305,-0.0038319532458534417,-0.003672170352953352,-0.0035079224088443504,-0.003339414765972831,-0.003166858496968724,-0.002990469447321764,-0.0028104672194191956,-0.002627074123589732,-0.0024405141278040867,-0.002251011833657787,-0.002058791502500955,-0.0018640761518735251,-0.0016670867390256219,-0.0014680414450201006,-0.0012671550699784706,-0.0010646385472124643,-0.0008606985815070793,-0.0006555374144795609,-0.00044935271790153334,-0.00024233761399989058,-3.4680820140085876e-5,0.0001734330861491834,0.0003818232870506307,0.0005903122355260492,0.0007987250646985231,0.0010068889033544618,0.0012146321058707581,0.0014217834052208146,0.0016281709979124779,0.001833621569766741,0.0020379592713671946,0.002241004651802719,0.002442573558992209,0.0026424760144224137,0.0028405150695569406,0.0030364856504607176,0.0032301733963726155,0.0034213534969710045,0.00360978953199384,0.0037952323155826927,0.0039774187463083935,0.004156070662176407,0.0043308936980954735,0.004501576141177541,0.004667787776914796,0.004829178716598237,0.004985378193396066,0.005135993311131789,0.0052806077261054974,0.005418780238108685,0.005550043262213788,0.00567390114781827,0.0057898283059364414,0.005897267099675472,0.00599562544652245,0.0060842740741171505,0.0061625433644372,0.0062297197136388805,0.006285041328651505,0.006327693373236909,0.006356802373349305,0.006371429781334883,0.006370564606062847,0.006353114997097046,0.006317898709876227,0.006263632323400516,0.00618891921675454,0.006092236116843316,0.005971918469608771,0.00582614419546224,0.0056529168283338945,0.0054500466109051425,0.005215132880922531,0.004945542699920532,0.004638396597339121,0.004290543622089438,0.0038985614505707505,0.0034587197146083598,0.0029670254373872678,0.0024191383812838313,0.0018105549331203252,0.00113633730976747,0.0003917312733839607
-0.00033420680921229876,-0.0009713499359004768,-0.0015515505169216215,-0.002077806600105338,-0.0025536763879929637,-0.002982314709731878,-0.003366966596097271,-0.0037106815183813578,-0.004016448435001961,-0.004287106928365816,-0.0045253805429975565,-0.004733846430937135,-0.0049149412264880964,-0.005070949576435079,-0.005204004216988034,-0.005316082165948705,-0.005409005378569813,-0.005484441392102595,-0.005543906322067944,-0.005588768844100594,-0.005620255746179407,-0.0056394585393708015,-0.005647341163882761,-0.005644748500826949,-0.005632415554230469,-0.005610977074428889,-0.005580977443954131,-0.005542880629560221,-0.0054970800311694755,-0.005443908068598219,-0.005383645371339617,-0.005316529456951373,-0.00524276280789726,-0.00516252027921987,-0.00507595579187645,-0.0049832082870582516,-0.004884406935427425,-0.004779675611434069,-0.004669136656530425,-0.0045529139663044735,-0.004431135445144601,-0.004303934878457757,-0.00417145327661262,-0.00403383974721808,-0.003891251953046811,-0.003743856212439237,-0.0035918272973318116,-0.003435347981694228,-0.003274608390028277,-0.003109805192181754,-0.0029411406868968676,-0.0027688218126985485,-0.0025930591207114894,-0.002414065740169922,-0.0022320563635137613,-0.002047246274376924,-0.0018598504382243359,-0.001670082672172914,-0.001478154907397195,-0.001284276554710691,-0.0010886539812291003,-0.0008914901036414506,-0.0006929841013732735,-0.0004933312509718198,-0.0002927228812270055,-9.134644699376716e-5,0.00011061428172650964,0.00031297892006055845,0.000515570063537361,0.0007182127848218797,0.0009207340390513402,0.0011229619854101248,0.001324725232940709,0.0015258520187889945,0.0017261693271438394,0.001925501957072078,0.002123671547230381,0.0023204955651250276,0.002515786268117171,0.002709349642802863,0.0029009843286698775,0.0030904805311036325,0.003277618927803254,0.003462169571553814,0.0036438907909698806,0.0038225280893571722,0.0039978130401349225,0.004169462175367559,0.004337175861769699,0.004500637156143007,0.004659510629423774,0.0048134411454764615,0.004962052577275987,0.005104946439307768,0.005241700410682465,0.0053718667187630815,0.005494970347824507,0.005610507031622341,0.00571794098246631,0.005816702302877672,0.005906184018645418,0.005985738665069439,0.006054674349998648,0.006112250210782882,0.006157671172939205,0.0061900819152572485,0.0062085599336737015,0.006212107604661828,0.006199643124521648,0.00616999024513721,0.0061218666556768905,0.006053871016904578,0.005964468411070623,0.005851974493420038,0.005714537774948657,0.005550121199985478,0.005356481194177984,0.005131148154489857,0.004871402037376451,0.004574256210837401,0.004236427387714061,0.003854335424931189,0.003424056149046091,0.002941373977443051,0.0024016704082567273,0.00180014337346438,0.0011314556002770463,0.000390487854452904
-0.0003212838085207541,-0.0009336682717341735,-0.0014910947149382632,-0.0019964837280989503,-0.0024532861464243508,-0.002864572341561724,-0.0032334964499225725,-0.003563025870404694,-0.0038560677529935316,-0.004115384564571265,-0.0043436249497580326,-0.004543294671629484,-0.004716761769419337,-0.004866245456952143,-0.004993815971395787,-0.005101390840580286,-0.005190735429152024,-0.0052634635510232395,-0.005321040370371862,-0.005364786302064426,-0.005395882456408587,-0.005415377139600072,-0.005424193435884633,-0.00542313758959918,-0.005412908049608844,-0.005394104950773033,-0.0053672398543860725,-0.005332745553791802,-0.005290985777797359,-0.005242264635113807,-0.005186835667216022,-0.0051249103973144,-0.005056666287194843,-0.0049822540360020175,-0.00490180417716363,-0.004815432949818366,-0.0047232474393241,-0.004625349997286637,-0.004521841964817858,-0.004412826733579419,-0.004298412187439246,-0.004178712573692916,-0.004053849856716733,-0.003923954609179143,-0.003789166496498534,-0.0036496344096928015,-0.00350551630003378,-0.0033569787665839418,-0.0032041964446136058,-0.0030473512395799963,-0.0028866314476464557,-0.002722230800029951,-0.0025543474646145857,-0.0023831830346043243,-0.002208941530290436,-0.0020318284365904615,-0.0018520497956391975,-0.0016698113706470057,-0.0014853178942608664,-0.0012987724119956888,-0.0011103757287444019,-0.0009203259641131379,-0.0007288182201787271,-0.0005360443634064197,-0.0003421929207134813,-0.00014744908817957464,4.800515045975814e-5,0.0002439907995382626,0.00044033152640462277,0.0006368532413976477,0.0008333835893284436,0.0010297513594414679,0.0012257858211869915,0.001421315993344814,0.0016161698541098126,0.0018101734996899066,0.002003150258763975,0.002194919769832913,0.002385297028028231,0.002574091407367727,0.002761105663716645,0.0029461349228623764,0.003128965657085702,0.0033093746524614767,0.0034871279677595847,0.003661979884309321,0.003833671844423077,0.004001931374035706,0.004166470982956615,0.004326987033651114,0.004483158566606447,0.004634646067201456,0.0047810901554062625,0.004922110175711598,0.005057302660236045,0.005186239633125463,0.005308466718926162,0.005423501011806194,0.005530828656005503,0.005629902081156764,0.005720136828547052,0.0058009078970589645,0.00587154552881812,0.005931330347722102,0.005979487753676984,0.006015181472051409,0.006037506143175111,0.006045478845961517,0.006038029419496211,0.0060139894961448595,0.005972080071791323,0.0059108976193415555,0.00582889845460073,0.005724381674979953,0.005595469957557208,0.005440089552476784,0.005255947217258306,0.005040508739378323,0.004790971304767006,0.004504245330644532,0.004176918860386014,0.003805256937041277,0.0033851429321282585,0.0029121386303438677,0.0023813432953363766,0.0017876507321498544,0.001125309408790001,0.00038882122339910956
-0.00030785488221238267,-0.0008945537629299194,-0.0014284273573242424,-0.0019123036613216376,-0.002349506695580873,-0.0027430070132810004,-0.003095852287179285,-0.003410914503674311,-0.003691006630362533,-0.003938803275739018,-0.004156868650923687,-0.00434762893260618,-0.004513376510233321,-0.004656259217103089,-0.004778279823229793,-0.004881292299026545,-0.004967002150727417,-0.005036966918504622,-0.005092598898558242,-0.005135168888881952,-0.0051658114572610304,-0.005185531269215671,-0.005195210488814231,-0.005195616978668755,-0.005187413158598341,-0.0051711653009065385,-0.005147353084506725,-0.005116379216438754,-0.00507857895498158,-0.005034229379821182,-0.00498355827865369,-0.004926752539998437,-0.004863965965813841,-0.004795326439638707,-0.004720942407770002,-0.004640908650807359,-0.0045553113407213325,-0.004464232394069947,-0.00436775314486228,-0.004265957371060466,-0.004158933716641438,-0.004046777556978717,-0.003929592358987441,-0.0038074905895446407,-0.0036805942261329432,-0.0035490349230317113,-0.0034129538846282563,-0.0032725014950941524,-0.003127836750657011,-0.0029791265374763854,-0.00282654479454345,-0.0026702715974834144,-0.0025104921954450703,-0.002347396029769145,-0.0021811757596045924,-0.0020120263163969855,-0.001840144005974062,-0.0016657256740496727,-0.001488967948151166,-0.0013100665664469147,-0.0011292158015325884,-0.0009466079850819222,-0.0007624331372383961,-0.0005768787028426676,-0.00039012939492316884,-0.00020236714445692527,-1.3771154085418772e-5,0.00017548194761403966,0.00036521785568678655,0.0005552642473499443,0.0007454503553575139,0.0009356064624928297,0.0011255633238551972,0.0013151515238268602,0.0015042007746743512,0.0016925391636856862,0.0018799923555547842,0.002066382756401805,0.002251528645360395,0.0024352432790872816,0.0026173339738004868,0.0027976011686076307,0.002975837472828098,0.0031518266988520764,0.003325342880678126,0.0034961492767331638,0.0036639973537650372,0.0038286257466075197,0.003989759186300245,0.004147107386499366,0.004300363875182039,0.004449204755429717,0.004593287375387739,0.004732248883479876,0.004865704640389593,0.004993246454358723,0.0051144406007848945,0.0052288255811186665,0.005335909569369412,0.00543516748757161,0.005526037643657934,0.005607917857560201,0.0056801609920727365,0.005742069797785458,0.0057928909699340924,0.005831808311413459,0.005857934879089984,0.005870304000559728,0.005867859011984727,0.005849441623071938,0.005813778709170088,0.005759467535360374,0.00568495906377916,0.005588539699046817,0.005468310604155056,0.005322166102542247,0.005147768449751378,0.004942524333172386,0.004703553862082014,0.00442767026413757,0.004111338342000058,0.003750673294378128,0.0033413695769765406,0.0028787686597251164,0.0023576861527478538,0.0017727085937780157,0.0011176581141884284,0.0003866460731207741
-0.0002939561803586686,-0.0008541119970000811,-0.0013637179026358547,-0.0018254940094948194,-0.0022426179292762273,-0.002617945033146946,-0.002954401028374105,-0.0032547493157166997,-0.0035216965376659577,-0.003757818991774523,-0.003965587247318272,-0.0041473400443633075,-0.004305287419637615,-0.004441500222890727,-0.004557909115999437,-0.004656300747180869,-0.004738317770032478,-0.004805459143306577,-0.0048590825901938875,-0.004900408117680497,-0.004930523041111326,-0.004950388080676154,-0.0049608445270644085,-0.004962622210899632,-0.004956348131118618,-0.004942555523276974,-0.004921693189650362,-0.00489413490175243,-0.004860188710765666,-0.0048201060134413255,-0.004774090244725161,-0.004722305088919049,-0.004664882124773391,-0.0046019278418588,-0.004533529987013855,-0.004459763219139493,-0.004380694068023137,-0.004296385207944963,-0.004206899069286715,-0.0041123008214785,-0.004012660768206826,-0.003908056201361187,-0.003798572763624232,-0.003684305371503389,-0.0035653587509045905,-0.003441847636647358,-0.0033138966855423236,-0.0031816401503496324,-0.0030452213589789575,-0.0029047920401648257,-0.0027605115333898113,-0.00261254591742917,-0.00246106708836124,-0.0023062518145644485,-0.002148280792880294,-0.001987337727055454,-0.001823608446551387,-0.0016572800810803292,-0.0014885403035664608,-0.0013175766518607633,-0.0011445759372474805,-0.0009697237457657635,-0.000793204036436439,-0.0006151988388118601,-0.00043588805067235466,-0.0002554493353452259,-7.405811685702037e-5,0.00010811232991207799,0.0002908906978569722,0.0004741073795921113,0.0006575941178964285,0.0008411835803170935,0.0010247088639495907,0.0012080029366216907,0.0013908980207886891,0.001573224926396923,0.0017548123387853827,0.0019354860673808116,0.0021150682604879393,0.002293376590894422,0.0024702234162646696,0.0026454149174407605,0.0028187502167005174,0.0029900204768382376,0.0031590079805207632,0.003325485187788529,0.0034892137677362727,0.0036499435983668544,0.00380741172624703,0.0039613412749950234,0.0041114402886332346,0.004257400492544952,0.0043988959510220535,0.0045355815962684265,0.004667091599064979,0.004793037546228719,0.004913006384284517,0.005026558082642631,0.005133222962679284,0.005232498631938709,0.005323846454450041,0.005406687480207702,0.0054803977470040295,0.00554430286016409,0.005597671743109175,0.005639709447782885,0.005669548894261421,0.005686241419612437,0.005688745972977799,0.00567591685502475,0.005646489774607945,0.0055990662258130815,0.0055320957749217135,0.0054438566462668165,0.005332433575851503,0.0051956946329852335,0.005031263801811365,0.0048364954235303155,0.004608439676105375,0.004343820031581723,0.0040389854085996066,0.003689908304447463,0.0032921002641020645,0.00284068743329884,0.002330203337621253,0.0017549271008258554,0.0011082457933154722,0.0003838713160353025
-0.000279628593059516,-0.0008124620386617366,-0.0012971566917547664,-0.0017363094427337554,-0.0021329318906298834,-0.0024897489894379248,-0.0028095491860074527,-0.003094974423151266,-0.0033486132363015064,-0.0035729335695824805,-0.0037703035758534075,-0.003942967149760491,-0.004093045704416939,-0.004222527912820447,-0.004333268065548553,-0.004426982064100741,-0.0045052470143175675,-0.00456950124354447,-0.004621046414861143,-0.004661050751239122,-0.004690553754112761,-0.0047104720141216885,-0.004721606092604422,-0.0047246482167281915,-0.004720190637590438,-0.004708734434869901,-0.004690698588853879,-0.0046664291322203325,-0.004636208218075881,-0.00460026295379987,-0.004558773873738281,-0.004511882944592116,-0.00445970102069771,-0.0044023146881967765,-0.004339792458184754,-0.0042721902880516124,-0.004199556427210743,-0.004121935598061843,-0.004039372535083343,-0.003951914914672966,-0.003859615715596464,-0.0037625350551482146,-0.003660741549317785,-0.003554313246952422,-0.0034433381880835524,-0.0033279146357994417,-0.003208151029249758,-0.003084165703083602,-0.0029560864157254026,-0.002824049725867246,-0.0026882002532153363,-0.002548689856278427,-0.0024056767566202563,-0.0022593246358482678,-0.002109801728447936,-0.0019572799306880923,-0.001801933942975981,-0.0016439404604852083,-0.0014834774243792422,-0.0013207233437443474,-0.0011558566961916937,-0.0009890554132005469,-0.0008204964544651013,-0.0006503554739241825,-0.00047880657865724747,-0.0003060221805453343,-0.00013217293940374631,4.257220471711282e-5,0.00021804591326380425,0.00039408224887867236,0.0005705163976272132,0.0007471843187759336,0.0009239223275009164,0.0011005666161064596,0.0012769527194282516,0.001452914930036527,0.001628285668679919,0.001802894815102896,0.001976569003911833,0.0021491308895947403,0.0023203983840503536,0.0024901838691165096,0.0026582933855220834,0.0028245257984861605,0.0029886719387512218,0.0031505137162461923,0.003309823201700904,0.0034663616694642963,0.0036198785923766096,0.0037701105769007283,0.00391678022367001,0.004059594895259355,0.004198245369165321,0.004332404349786784,0.004461724808446173,0.004585838115320422,0.004704351921306055,0.004816847741579244,0.004922878185516697,0.005021963770254019,0.005113589246611241,0.005197199357852436,0.005272193941302983,0.005337922274775407,0.0053936765559639156,0.005438684398730963,0.005472100207791092,0.005492995304786042,0.00550034662880201,0.005493023901194475,0.005469774999529736,0.005429209541587235,0.005369780203868287,0.005289762197785753,0.005187229700631722,0.005060031127992464,0.004905759524926967,0.004721724941102693,0.004504916302243435,0.004251976547031291,0.003959148157881361,0.0036222704575224443,0.003236680840228333,0.002797298138022697,0.0022983788232958193,0.0017338979585774365,0.001096802924733121,0.000380400617256748
-0.0002649178020428638,-0.0007697365717611247,-0.0012289551529573316,-0.0016450319333939914,-0.0020207930261775457,-0.002358817998459423,-0.0026617430950563177,-0.002932076372095571,-0.0031722769749309176,-0.0033846949888111516,-0.003571587924479378,-0.003735097962928656,-0.003877252137394939,-0.0039999522274848315,-0.004104972317728475,-0.004193954514672538,-0.004268408003992121,-0.004329708701908744,-0.004379100945861983,-0.004417700359621295,-0.004446498208939319,-0.004466366878427197,-0.004478066425921403,-0.004482251965289019,-0.004479481719530889,-0.004470225529794939,-0.004454873639344524,-0.004433745566344898,-0.00440709890269368,-0.004375137890369369,-0.00433802165012364,-0.0042958719584215346,-0.004248780491698482,-0.004196815478641974,-0.004140027721936086,-0.004078455969659564,-0.004012131633064199,-0.003941082861673923,-0.0038653379982450916,-0.003784928445459928,-0.0036998909830906683,-0.0036102695793123994,-0.0035161167427769937,-0.0034174944635625357,-0.0033144747911591755,-0.003207140096786388,-0.0030955830655195423,-0.0029799064614345473,-0.002860222706151793,-0.0027366533082267656,-0.002609328177621697,-0.002478384856384841,-0.0023439676934727143,-0.0022062269886577663,-0.002065318127497395,-0.0019214007266251784,-0.0017746378059666098,-0.0016251950020906285,-0.0014732398345856333,-0.0013189410352819377,-0.0011624679481447068,-0.0010039900058987682,-0.0008436762877569699,-0.000681695161145576,-0.0005182140089165964,-0.00035339904232698204,-0.00018741519893931445,-2.0426123644234795e-5,0.0001474057698568551,0.0003159191604670477,0.00048495360797051415,0.0006543492725787067,0.0008239465705069702,0.000993585770534067,0.0011631065365941555,0.0013323474213948374,0.0015011453158882246,0.0016693348591148844,0.00183674781249294,0.0020032124020565633,0.0021685526314040434,0.0023325875672472723,0.0024951305983903073,0.0026559886677541347,0.0028149614756210616,0.0029718406506670687,0.003126408883454698,0.0032784390149725898,0.0034276930703751856,0.0035739212253966825,0.0037168606898275347,0.00385623448905181,0.003991750120759964,0.0041230980597010145,0.0042499500785123925,0.004371957347398853,0.004488748269484324,0.004599926002251626,0.004705065608217983,0.004803710770391822,0.00489536999919857,0.004979512248989662,0.005055561851204992,0.005122892662779463,0.005180821313398901,0.005228599430590075,0.005265404696497178,0.005290330602425667,0.005302374710150983,0.0053004253015497505,0.005283246132899125,0.005249459291803588,0.0051975256141693965,0.005125723118441538,0.00503212207479276,0.004914558783700337,0.004770603809411216,0.004597532306410416,0.004392282229947671,0.004151427100254324,0.0038711146561977374,0.0035470631647446763,0.003174447682450718,0.002747991120471008,0.0022616819047198483,0.001709198440203225,0.0010830487163417503,0.00037613314001744324
-0.00024987431400485773,-0.0007260819895816992,-0.0011593459269877311,-0.0015519708922152324,-0.0019065783087933608,-0.002225587796538911,-0.0025114689640232833,-0.0027665841472892393,-0.002993252465734162,-0.003193697312782531,-0.0033700580011800795,-0.0035243687751812082,-0.0036585571314415467,-0.00377443378288356,-0.003873689251739039,-0.003957889211470291,-0.004028472898467958,-0.004086752318041794,-0.00413391343861689,-0.0041710186412333,-0.004199010662818894,-0.004218717698636637,-0.004230859593870378,-0.004236054882732794,-0.0042348285077940945,-0.004227620006561686,-0.004214791981818316,-0.004196638670832371,-0.004173394451195936,-0.0041452421366878385,-0.00411232093981343,-0.004074733999116906,-0.004032555392310447,-0.00398583657776568,-0.003934612227250731,-0.0038789054311618738,-0.0038187322735527465,-0.003754105788015057,-0.0036850393166078395,-0.00361154930293104,-0.0035336575569324237,-0.003451393033654504,-0.003364793170801088,-0.003273904831310856,-0.003178784897029841,-0.003079500558638288,-0.002976129345139786,-0.0028687589339717674,-0.002757486780038487,-0.0026424195991206776,-0.002523672738037063,-0.0024013694609644177,-0.00227564017829441,-0.0021466216415890814,-0.0020144561254039515,-0.001879290614217248,-0.00174127601021928,-0.0016005663755003883,-0.0014573182200227999,-0.0013116898448456982,-0.001163840748222857,-0.0010139311005683343,-0.0008621212927078488,-0.0007085715604693864,-0.0005534416873552348,-0.0003968907859106347,-0.00023907715734508304,-8.015822806532044e-5,7.970943903400778e-5,0.00024037006133903382,0.00040166848474367374,0.0005634499671553281,0.0007255599014435971,0.0008878434821803289,0.001050145320620182,0.0012123090123115912,0.0013741766615710592,0.0015355883667483297,0.0016963816697784721,0.0018563909729455107,0.002015446925053819,0.0021733757783321665,0.00232999871634354,0.002485131151952633,0.002638581992968908,0.0027901528714625173,0.0029396373308533145,0.003086819962771062,0.00323147548323809,0.003373367735022086,0.003512248599903944,0.0036478568011714153,0.0037799165727392956,0.003908136166989375,0.0040322061685413866,0.0041517975758225845,0.004266559606257343,0.0043761171743685835,0.004480067984645998,0.004577979173239647,0.004669383423378265,0.0047537744705222935,0.004830601901658041,0.0048992651442372895,0.00495910652407906,0.005009403266569562,0.0050493582876946766,0.00507808963426439,0.005094618368487388,0.00509785477044228,0.005086582546132905,0.005059441035669589,0.005014904811805023,0.0049512611581078335,0.004866583861013494,0.0047587055783565235,0.004625183983434384,0.004463270095225895,0.004269862834613176,0.004041479394984313,0.0037741868477220047,0.003463597315671096,0.0031047386821695514,0.0026921530864168807,0.0022195744425033354,0.0016803965490527412,0.001066694156866677,0.00037096453911019973
-0.0002345534789281621,-0.0006816584427040039,-0.0010885829229794464,-0.0014574632088696054,-0.0017906972371483443,-0.002090530679349204,-0.0023592527449321837,-0.002599068974417382,-0.0028121486306455653,-0.0030005804015319193,-0.0031663786428396423,-0.0033114641926215906,-0.003437660541858959,-0.0035466837725083075,-0.0036401380144353143,-0.0037195103111100653,-0.0037861682802966747,-0.0038413588022085956,-0.0038862086521577197,-0.0039217264872946946,-0.003948806337683669,-0.003968232302783376,-0.003980684353035801,-0.003986745001454508,-0.003986906666886724,-0.003981579516911971,-0.003971099603605759,-0.00395573710837958,-0.0039357045341046224,-0.003911164699943884,-0.003882238417515289,-0.0038490117488675702,-0.003811542769491453,-0.0037698677809188327,-0.0037240069373913995,-0.003673969269013448,-0.0036197570993519858,-0.003561369868698482,-0.0034988073848596256,-0.003432072531802695,-0.0033611734725711557,-0.0032861253871805884,-0.003206951788601084,-0.003123685461045447,-0.003036369064544522,-0.0029450554487770626,-0.0028498077172486743,-0.002750699080686899,-0.00264781253582415,-0.002541240402987486,-0.0024310837529614555,-0.0023174517507646903,-0.0022004609411097986,-0.0020802344976757355,-0.0019569014556990983,-0.001830595945042852,-0.0017014564385885484,-0.001569625028762012,-0.0014352467430036216,-0.0012984689072444238,-0.0011594405647416361,-0.0010183119561354788,-0.0008752340651378926,-0.0007303582330062384,-0.000583835843743725,-0.00043581808092080156,-0.0002864557560283985,-0.000135899207440503,1.5701731711035516e-5,0.00016819769906174813,0.00032143970480469575,0.0004752789730164392,0.0006295667261131294,0.0007841539162140749,0.0009388909072809809,0.0010936271118526508,0.0012482105860336659,0.0014024875861061326,0.0015563020897067566,0.0017094952839493628,0.001861905022158018,0.00201336525001421,0.0021637054008727505,0.0023127497587952964,0.0024603167864188113,0.0026062184131547483,0.0027502592773324397,0.0028922359137801465,0.003031935875899698,0.003169136778577697,0.003303605245153731,0.0034350957382251507,0.0035633492501300178,0.003688091824609171,0.003809032876222379,0.003925863268691559,0.004038253107213304,0.004145849193147896,0.00424827208190242,0.004345112676848472,0.004435928282662727,0.004520238032303646,0.0045975175896869015,0.00466719302078397,0.004728633708543831,0.004781144181722194,0.004823954697237318,0.004856210429013197,0.004876959045322825,0.004885136540443963,0.004879550980001017,0.004858864151535721,0.00482157044384131,0.004765973473520426,0.004690158711928698,0.004591964556637298,0.004468946494094165,0.0043183435305565575,0.004137029167465876,0.00392147939449683,0.003667697194258396,0.0033712064305195764,0.00302690661894392,0.002629178414795377,0.002171519869829867,0.001647057515268998,0.0010474459087778244,0.0003647882428740245
-0.0002190154979118656,-0.0006366398555349058,-0.0010169413201865857,-0.001361873211002998,-0.0016735917223782292,-0.001954155294599505,-0.0022056598213617815,-0.002430143909484793,-0.0026296181084843875,-0.0028060293641747193,-0.0029612612501641726,-0.0030971165926946278,-0.003215311184795192,-0.003317463587219034,-0.0034050892763894166,-0.0034795949366306037,-0.003542275269294055,-0.0035943111013831343,-0.0036367694031939303,-0.0036706047766054397,-0.003696662465861334,-0.003715682627238889,-0.003728305722810778,-0.003735078808944338,-0.0037364625281486883,-0.0037328385927407758,-0.003724517569773105,-0.003711746784476094,-0.00369471818092646,-0.0036735759976602705,-0.0036484241390749954,-0.00361933314578787,-0.003586346689617799,-0.003549487539994636,-0.0035087629680667118,-0.003464169572236794,-0.0034156975238509384,-0.0033633342444826073,-0.003307067536385483,-0.003246888195675303,-0.003182792143481987,-0.0031147821142558617,-0.0030428689425399274,-0.0029670724904242406,-0.0028874222575199083,-0.002803957714199957,-0.002716728396952129,-0.002625793802488567,-0.002531223114620651,-0.002433094795252,-0.002331496068008795,-0.00222652232034845,-0.0021182764472691055,-0.002006868157271989,-0.0018924132587782216,-0.001775032943025727,-0.0016548530773412356,-0.0015320035208033547,-0.0014066174724879817,-0.0012788308608844559,-0.0011487817815136491,-0.001016609988417031,-0.0008824564438611479,-0.0007464629294531075,-0.0006087717207492998,-0.0004695253264826904,-0.00032886629261754817,-0.00018693707067775413,-4.387994906802209e-5,0.00010016295446413054,0.0002450496416015856,0.0003906381262165457,0.0005367862741839323,0.000683351593479896,0.0008301909778933008,0.0009771604076235214,0.0011241146098871781,0.0012709066823743077,0.0014173876819740373,0.0015634061806487343,0.001708807789628094,0.001853434652249647,0.0019971249047392794,0.002139712103032823,0.0022810246123223556,0.00242088495440528,0.00255910910604022,0.0026955057394081154,0.0028298753933489046,0.0029620095613325913,0.0030916896790132166,0.0032186859907646745,0.003342756270656331,0.0034636443689693283,0.0035810785504032726,0.003694769584674008,0.003804408544014818,0.003909664255364073,0.004010180347299902,0.004105571823641026,0.004195421085908454,0.004279273317407873,0.00435663112899322,0.004426948356843172,0.004489622884187217,0.004543988353247699,0.004589304600589022,0.0046247466630648945,0.004649392124131464,0.0046622066587709305,0.004662027409747561,0.0046475441841293845,0.004617277728033905,0.004569555626088692,0.004502483903653441,0.00441391694232667,0.004301419818949877,0.004162232982571856,0.003993219794513871,0.003790832218486818,0.0035510283155432325,0.003269264690215679,0.0029403352150041387,0.002558482867606196,0.002116994211977067,0.0016087518262142399,0.0010250111713520642,0.00035749707044819185
-0.0002033254273772233,-0.000591213929599566,-0.0009447175361809813,-0.0012655925601325153,-0.0015557358735328146,-0.001817006293663915,-0.002051294513885042,-0.0022604632062307164,-0.0024463565110867933,-0.0026107737379199073,-0.0027554629343370654,-0.002882105287942493,-0.0029923060634245336,-0.0030875841468966793,-0.003169364706644997,-0.003238972825126393,-0.003297629366612618,-0.0033464484574346888,-0.003386436850929653,-0.0034184948960115156,-0.0034434190529050784,-0.0034619057274558732,-0.003474556249543361,-0.0034818827715331602,-0.003484314880521872,-0.003482206712933089,-0.0034758443768522734,-0.0034654535006162974,-0.0034512067470844946,-0.0034332311540080543,-0.0034116151839804847,-0.003386415390217635,-0.003357662626628012,-0.0033253677515283895,-0.0032895267932984353,-0.003250125563199464,-0.003207143714963279,-0.0031605582629026054,-0.003110346579862341,-0.003056488903822548,-0.002998970387216992,-0.0029377827266090966,-0.0028729254122214607,-0.0028044066375018275,-0.00273224390840054,-0.002656464390852507,-0.0025771050330463344,-0.002494212496873029,-0.0024078429303825816,-0.0023180616105125704,-0.002224942482641291,-0.0021285676209785286,-0.0020290266312479603,-0.0019264160147992163,-0.0018208385110169165,-0.0017124024328816804,-0.0016012210085774553,-0.001487411740330067,-0.0013710957899915766,-0.0012523973994392908,-0.0011314433524379607,-0.0010083624833899098,-0.0008832852371929704,-0.000756343283387517,-0.0006276691867599027,-0.000497396135701468,-0.000365657728782147,-0.00023258781929603268,-9.832041687079462e-5,3.701035530164277e-5,0.00017327024953819263,0.00031032483132243266,0.0004480393681195173,0.0005862786720791031,0.0007249068994457933,0.0008637873094428448,0.0010027819852524902,0.001141751519439459,0.0012805546657621441,0.0014190479587848526,0.001557085302019344,0.0016945175244964389,0.0018311919046581024,0.001966951659287561,0.0021016353938034917,0.002235076508659608,0.0023671025547435977,0.002497534528581942,0.0026261860957604846,0.0027528627282695927,0.0028773607384054685,0.002999466188412597,0.003118953651133318,0.003235584792568925,0.003349106742306176,0.003459250212282983,0.0035657273181434893,0.0036682290506272986,0.0037664223366097615,0.003859946621110506,0.003948409891640529,0.004031384056547395,0.004108399575826111,0.0041789392327828915,0.00424243091552638,0.004298239271146752,0.004345656060151383,0.004383889053248752,0.004412049228875421,0.004429136122834366,0.004434020938873357,0.004425427405659388,0.0044019095769104125,0.00436182714860597,0.004303316202570837,0.004224258138918157,0.0041222404060175,0.003994519610321284,0.0038379658624070807,0.003649026313265108,0.003423635882975624,0.0031572081288985827,0.0028444581766036863,0.0024795199940785924,0.002055499393915799,0.0015650650251322344,0.0009991036780919883,0.0003489852374737885
-0.00018755318822682765,-0.0005455821490558539,-0.0008722291824925117,-0.0011690401064207222,-0.0014376356962593631,-0.0016796638442458378,-0.0018967993999344094,-0.0020907214523908555,-0.002263101412566189,-0.0024155863808750324,-0.002549785365151705,-0.00266725538890053,-0.00276948930036836,-0.00285790494767463,-0.0029338361735716783,-0.002998525711395251,-0.00305312004112659,-0.003098666209483448,-0.003136110522989462,-0.0031662989937026012,-0.003189979360230273,-0.0032078044913684185,-0.0032203369527898087,-0.0032280545172298654,-0.0032313563958792516,-0.0032305699795642695,-0.003225957890898672,-0.003217725167743194,-0.0032060264185905935,-0.0031909728135715108,-0.0031726387977375438,-0.0031510684364818393,-0.0031262813247684208,-0.003098278012430756,-0.003067044916123499,-0.0030325587048423844,-0.002994790159634696,-0.00295370751964162,-0.0029092793355792344,-0.0028614768587398314,-0.0028102759983835816,-0.0027556588836192067,-0.002697615067419808,-0.0026361424109097773,-0.0025712476854073563,-0.0025029469284501135,-0.0024312655881013373,-0.002356238487669205,-0.002277909640477278,-0.0021963319418469665,-0.0021115667628743198,-0.0020236834681687924,-0.0019327588773277228,-0.0018388766877513944,-0.001742126874310225,-0.0016426050795172458,-0.0015404120060727967,-0.0014356528220923065,-0.0013284365878190193,-0.001218875711318859,-0.0011070854393831426,-0.000993183388760251,-0.0008772891217636384,-0.0007595237693661714,-0.0006400097039799206,-0.0005188702633404411,-0.00039622952614835763,-0.000272212139489197,-0.00014694319744034388,-2.054816978746096e-5,0.00010684712067570635,0.00023511647411376344,0.0003641332450086688,0.0004937702311813688,0.0006238995228279649,0.0007543923138705415,0.0008851186777898922,0.0010159473098304375,0.00114674523709613,0.0012773774975281156,0.0014077067881054577,0.0015375930817949903,0.001666893211804705,0.0017954604205432905,0.0019231438693366437,0.0020497881033918436,0.0021752324646954015,0.0022993104434799855,0.0024218489565290416,0.002542667537933147,0.0026615774248675123,0.00277838051754973,0.0028928681886465695,0.003004819913068825,0.003114001684146498,0.0032201641767091505,0.0033230406113426217,0.003422344267250536,0.0035177655832248755,0.003608968777816967,0.0036955879096360997,0.0037772222887389913,0.003853431136476566,0.003923727380686172,0.0039875704527656385,0.0040443579466835486,0.004093415962780022,0.004133987973760624,0.004165221961306327,0.0041861556690286645,0.0041956995591643014,0.004192617454142518,0.0041755040076964355,0.00414275960143085,0.004092560420704684,0.0040228266133319965,0.003931181675345278,0.003814914226384951,0.0036709195301332224,0.0034956610794302503,0.0032850750019395108,0.0030345592803376073,0.0027387815385043054,0.0023918005561133575,0.001986579155799037,0.0015156095344108476,0.000969450988513375,0.00033915081891065145
-0.00017177359070848282,-0.0004999598229951229,-0.0007998150386968681,-0.0010726617221352662,-0.0013198287183827323,-0.0015427430031720994,-0.0017428544335588783,-0.0019216524609277003,-0.0020806310525250107,-0.002221282058881007,-0.0023450733113758245,-0.0024534363632157407,-0.0025477507803942476,-0.0026293328382592717,-0.0026994246915596825,-0.00275918647134293,-0.002809690084298203,-0.002851915366510545,-0.002886748106473971,-0.0029149799856870635,-0.0029373101226990673,-0.0029543480643763943,-0.0029666179556958948,-0.002974563672182746,-0.0029785546755793516,-0.002978892382072446,-0.0029758168403025737,-0.0029695135420532218,-0.0029601202082324457,-0.002947733417921099,-0.002932414970999369,-0.002914197898433482,-0.0028930920556094783,-0.0028690892542654516,-0.002842167906185847,-0.0028122971674661486,-0.0027794405851171277,-0.002743559258616532,-0.0027046145373371237,-0.0026625702812067024,-0.0026173947162724228,-0.0025690619196904714,-0.0025175529699268586,-0.0024628567982243267,-0.0024049707766168136,-0.002343901076433828,-0.002279662829302099,-0.0022122801205113566,-0.002141785842188581,-0.0020682214313441495,-0.00199163651539823,-0.0019120884855146952,-0.0018296420158285828,-0.0017443685446385374,-0.0016563457317039583,-0.0015656569040861552,-0.001472390501350265,-0.0013766395295378648,-0.0012785010319666186,-0.0011780755837484287,-0.0010754668157818407,-0.0009707809729979204,-0.0008641265106797173,-0.0007556137318483155,-0.0006453544678938219,-0.000533461803933652,-0.00042004984969865847,-0.00030523355617411124,-0.00018912857767151592,-7.185117856924727e-5,4.648181645448596e-5,0.00016575303016365636,0.0002858445002062402,0.0004066376081110585,0.0005280129717683911,0.0006498503032761928,0.0007720282339002938,0.0008944241076408241,0.0010169137445337432,0.0011393711743172634,0.0012616683404656503,0.0013836747738065654,0.0015052572340068285,0.0016262793160886772,0.0017466010178335168,0.0018660782624136444,0.001984562368834249,0.002101899460765536,0.002217929802037332,0.0023324870444613142,0.0024453973706637057,0.002556478511250061,0.002665538611794501,0.0027723749208555287,0.0028767722653213422,0.002978501273943421,0.003077316303672215,0.0031729530165447856,0.0032651255469036897,0.0033535231902001423,0.003437806534308332,0.003517602944087157,0.0035925012959571825,0.003662045848368911,0.0037257291129294645,0.0037829835840823304,0.003833172146238484,0.0038755769916238958,0.003909386789493138,0.003933681947062619,0.0039474175309570135,0.003949403827129826,0.003938283641831948,0.003912506951090179,0.0038703005277383328,0.0038096355651804025,0.0037281860274912975,0.0036232893903634478,0.0034918858240831174,0.003330478073254499,0.003135030286271651,0.0029009555394272166,0.0026229096115552106,0.0022949153248359604,0.0019098379248104458,0.0014600388103718828,0.0009358033208123598,0.00032789875080458574
-0.0001560663827675109,-0.0004545761790976821,-0.0007278350721675142,-0.0009769301297655561,-0.0012028835450323555,-0.0014068929475800113,-0.0015901758413910427,-0.0017540278878921123,-0.001899762737170517,-0.002028715710037606,-0.0021422128675857863,-0.0022415603025647685,-0.0023280245248393132,-0.0024028205569891783,-0.0024670991543501524,-0.002521938070573178,-0.00256833478087308,-0.002607201996784073,-0.0026393650472611376,-0.0026655613534905492,-0.0026864415327697935,-0.002702572009941699,-0.0027144388154155693,-0.0027224523583115772,-0.002726952917218645,-0.002728216639740697,-0.002726461845099428,-0.0027218554563723848,-0.002714519407950541,-0.0027045369011188688,-0.002691958402959977,-0.002676807307576032,-0.0026590851992744306,-0.0026387766769766217,-0.002615853715880384,-0.002590279557271808,-0.0025620121295231303,-0.0025310070134029632,-0.002497219972471163,-0.00246060907517652,-0.0024211364391056437,-0.0023787696302988493,-0.0023334827515187487,-0.0022852572534295,-0.002234082501733615,-0.002179956131920144,-0.002122884221331937,-0.0020628813061567266,-0.0019999702685988266,-0.0019341821172131253,-0.0018655556810397262,-0.0017941372360467914,-0.0017199800802852549,-0.001643144072300853,-0.0015636951455735557,-0.0014817048102078172,-0.0013972496516264233,-0.0013104108347673157,-0.0012212736210675218,-0.0011299269044939863,-0.001036462771875099,-0.0009409760919303165,-0.0008435641365508454,-0.0007443262371609904,-0.0006433634782698608,-0.0005407784297134252,-0.00043667491847779107,-0.00033115784049157787,-0.00022433301227922674,-0.00011630706197439202,-7.187358822167644e-6,0.00010291801997026837,0.00021390028639882728,0.00032564990433577907,0.0004380565192652228,0.0005510088565847584,0.0006643945898596391,0.000778100180164859,0.0008920106873099333,0.0010060095532683736,0.001119978357530929,0.0012337965433592518,0.0013473411130166663,0.0014604862889818983,0.0015731031368941613,0.0016850591445163395,0.0017962177493065865,0.0019064378052481355,0.002015572977352477,0.0021234710497131898,0.002229973130082437,0.002334912730660986,0.0024381147010370265,0.002539393984994786,0.00263855416808947,0.0027353857774863226,0.002829664289369442,0.002921147792369188,0.003009574247471236,0.003094658276274314,0.0031760873990083717,0.0032535176333470884,0.003326568350732177,0.0033948162756611408,0.0034577884917049856,0.0035149543104772874,0.0035657158194485716,0.0036093969386763658,0.003645230721111045,0.003672344730850218,0.0036897440551482735,0.00369629192492462,0.003690687012527065,0.003671438019071278,0.003636833097717461,0.003584907194257882,0.0035133997259873834,0.0034197146503236837,0.003300857888480912,0.003153395853504784,0.0029733497827455443,0.0027561814570505917,0.002496574862886643,0.0021885616432763474,0.0018249630209002956,0.001398064167417641,0.0008979441319254836,0.00031514445687009433
-0.0001405163459385896,-0.0004096745631514298,-0.000656670544264911,-0.0008823447476380258,-0.0010873993245069013,-0.001272796037006985,-0.0014395147682906605,-0.0015886555268564567,-0.0017213509030967766,-0.0018387803731119466,-0.001942129361242313,-0.0020325799131199534,-0.0021112868342630575,-0.00217936507848412,-0.002237874914699929,-0.0022878123841818723,-0.0023301009629960417,-0.0023655865003983506,-0.0023950340193881503,-0.0024191267881681472,-0.0024384670386101348,-0.002453578244713206,-0.002464908583371778,-0.0024728353727638936,-0.002477670213277674,-0.002479664625351727,-0.0024790159769713578,-0.002475873532790847,-0.0024703444747080213,-0.0024624997730944586,-0.002452379809530864,-0.002439999675724255,-0.002425354093065024,-0.002408421916203495,-0.0023891701998131304,-0.002367557821692658,-0.0023435386665933765,-0.0023170643844473097,-0.00228808674360252,-0.0022565596049097057,-0.0022224405458416826,-0.0021856921659111324,-0.0021462831053276677,-0.0021041888087240087,-0.0020593920647379127,-0.002011883350806569,-0.001961661010575706,-0.0019087312892781209,-0.001853108250164585,-0.001794813592902317,-0.0017338763926431997,-0.0016703327764621973,-0.001604225551914828,-0.0015356038007542615,-0.001464522449219055,-0.0013910418249091444,-0.0013152272089465397,-0.0012371483909968122,-0.0011568792336633525,-0.001074497251855493,-0.000990083211864732,-0.0009037207541346731,-0.0008154960429744529,-0.0007254974458427511,-0.0006338152442064491,-0.0005405413774374829,-0.000445769220692379,-0.0003495933972672729,-0.0002521096254898899,-0.0001534145998604653,-5.3605905821877304e-5,4.721803269442273e-5,0.00014895797401182773,0.00025151384890965967,0.00035478472150991656,0.0004586687220321009,0.0005630629524808605,0.0006678633661007239,0.0007729646211112658,0.0008782599087895105,0.0009836407554001687,0.0010889967967710394,0.0011942155234554723,0.0012991819934116142,0.0014037785079252536,0.0015078842451080102,0.0016113748436833684,0.0017141219279065668,0.0018159925623175558,0.0019168486225822877,0.002016546065866435,0.0021149340810071005,0.0022118540951005547,0.002307138609007964,0.0024006098295639247,0.0024920780609609936,0.002581339811678811,0.002668175566516044,0.002752347165326106,0.0028335947214379867,0.0029116330022149707,0.0029861471836418645,0.0030567878762838533,0.0031231653083057427,0.003184842529065932,0.00324132748842148,0.003292063805991786,0.0033364200576989703,0.0033736773096589238,0.0034030147283637736,0.0034234928164397784,0.0034340342400044177,0.0034334012969396968,0.003420170639476992,0.003392702750945931,0.0033491092617699944,0.0032872103878548676,0.003204494698740851,0.0030980554836480393,0.0029645484249302295,0.002800082753381871,0.002600205119393211,0.0023596720288297096,0.0020725740786755064,0.0017317505926811624,0.0013294747475014234,0.0008557028697364624,0.00030081820809214183
-0.00012521345104516622,-0.0003655127227388818,-0.0005867241862117693,-0.0007894315593989157,-0.0009740051083325963,-0.001141166631478436,-0.0012916556239044863,-0.0014263772410507255,-0.0015462847982331835,-0.0016524047787517938,-0.001745784969629157,-0.001827486277814784,-0.0018985542741339954,-0.001960005861772228,-0.002012812311393297,-0.002057888993451472,-0.0020960860515794443,-0.0021281828631956714,-0.0021548843552347437,-0.0021768197613431985,-0.002194543025699568,-0.002208534806741499,-0.0022192056432283475,-0.0022269000866030867,-0.002231901509188259,-0.0022344373883613046,-0.002234684859627995,-0.002232776377996445,-0.0022288053433437284,-0.0022228315765931606,-0.002214886554218702,-0.002204978332212251,-0.002193096109336941,-0.002179214397531658,-0.002163296782001329,-0.0021452992665224706,-0.0021251732097314433,-0.0021028678666171878,-0.002078332555602783,-0.0020515184762288966,-0.002022380205283833,-0.001990876900925661,-0.0019569732447486305,-0.0019206401514404751,-0.001881855274543372,-0.001840603335352387,-0.0017968763000607145,-0.0017506734282612933,-0.0017020012137390996,-0.0016508732364332685,-0.0015973099423638808,-0.0015413383664562397,-0.0014829918113892617,-0.001422309494034653,-0.001359336169567679,-0.0012941217420838647,-0.0012267208693745003,-0.0011571925685288232,-0.001085599828092646,-0.0010120092317319836,-0.000936490597597434,-0.0008591166369384026,-0.0007799626348986762,-0.0006991061558801936,-0.0006166267753347792,-0.0005326058393816637,-0.00044712625319748983,-0.00036027229873615194,-0.00027212948196274404,-0.00018278440947908434,-9.232469412764555e-5,-8.38888951673535e-7,9.158355129051367e-5,0.00018485228196049906,0.0002788760546702652,0.00037356267861501333,0.0004688189579059214,0.0005645506054845596,0.0006606621339038013,0.0007570567228440112,0.0008536360627059002,0.0009503001729608825,0.0010469471931422846,0.0011434731434039071,0.0012397716504408548,0.0013357336332505182,0.0014312469416752566,0.0015261959388978678,0.001620461017016939,0.0017139180324969878,0.0018064376455954087,0.0018978845448203363,0.0019881165339573634,0.0020769834552264283,0.002164325917546189,0.0022499737937147395,0.0023337444443262793,0.0024154406195418168,0.0024948479819538287,0.0025717321851935577,0.002645835432394413,0.002716872427908765,0.0027845256210300997,0.002848439628356336,0.002908214698940882,0.0029633990771162425,0.003013480076861612,0.003057873692234485,0.0030959124719937346,0.0031268314822627016,0.0031497519037076657,0.003163662215037584,0.0031673960166501594,0.003159607088572538,0.0031387391771811723,0.003102993561729551,0.003050286718542159,0.0029782101348093883,0.0028839665156356474,0.002764327100439195,0.002615521264039204,0.002433218772971472,0.0022122966934511492,0.0019469595466188071,0.0016301358469490667,0.0012541610033990607,0.0008089700064780962,0.00028487040637095257
-0.00011025309477677049,-0.00032236332408526187,-0.0005184205018536397,-0.0006987429462082533,-0.0008633590659792375,-0.0010127495780325908,-0.0011474140010165126,-0.0012680664731438617,-0.0013754857292154713,-0.0014705505738029292,-0.0015541760780309578,-0.0016273064554756258,-0.0016908815956752027,-0.0017458231156962294,-0.0017930152696897436,-0.001833294089696895,-0.001867437213219911,-0.001896158011593713,-0.0019201015452433093,-0.0019398431207758773,-0.0019558884669756546,-0.0019686755292528182,-0.0019785773875332507,-0.0019859061132402257,-0.0019909172617036276,-0.0019938148096972884,-0.0019947563337307777,-0.0019938582781297426,-0.0019912011762589148,-0.0019868347207582303,-0.0019807825979780997,-0.001973047024961396,-0.001963612944648838,-0.0019524518519537766,-0.0019395252367637736,-0.0019247876418197216,-0.0019081893426098008,-0.0018896786639701442,-0.001869203953468365,-0.0018467152356518462,-0.0018221655735727025,-0.0017955121653354085,-0.0017667172035526486,-0.0017357485251309653,-0.0017025800775875043,-0.0016671922266020482,-0.0016295719276165218,-0.0015897127823685927,-0.001547614999175787,-0.0015032852738448242,-0.0014567366061428778,-0.0014079880650383408,-0.001357064514264429,-0.0013039963083387208,-0.0012488189678345122,-0.001191572841585605,-0.0011323027624656364,-0.0010710577025174715,-0.0010078904324006294,-0.0009428571894530478,-0.0008760173580208792,-0.0008074331651655919,-0.0007371693943372201,-0.0006652931191441689,-0.0005918734589042543,-0.0005169813572753471,-0.00044068938487879807,-0.0003630715665006255,-0.0002842032331328632,-0.0002041608988543893,-0.00012302216230053887,-4.086563228789379e-5,4.222912299972673e-5,0.00012618160393691836,0.00021091038521674484,0.0002963331001176878,0.0003823664038577761,0.0004689259164164679,0.0005559261449313687,0.0006432803853944966,0.0007309006028900903,0.0008186972890012292,0.0009065792942756719,0.000994453632751578,0.0010822252544940554,0.001169796780855935,0.0012570681957451819,0.0013439364845147656,0.0014302952101730338,0.0015160340144034523,0.0016010380283442034,0.0016851871751741884,0.0017683553432104669,0.0018504094044077717,0.0019312080487617058,0.0020106004001106932,0.002088424373037837,0.0021645047240177267,0.0022386507422444664,0.0023106535170559885,0.0023802827084181046,0.0024472827361512227,0.002511368288922176,0.0025722190414081006,0.0026294734455681217,0.0026827214515051942,0.002731495972647525,0.002775262917460508,0.0028134095171054815,0.0028452307652281016,0.0028699135187041326,0.0028865181949680684,0.002893957143160252,0.002890970227318645,0.0028760951906870785,0.0028476357534820717,0.002803619947546745,0.002741760332205867,0.002659391092557287,0.002553425333120373,0.002420245365018358,0.0022556835606066528,0.00205478829244142,0.0018119372372476772,0.0015202280371197383,0.0011721422874716727,0.0007577152353880641,0.0002672779906495342
-9.573637278878939e-5,-0.0002805145360954289,-0.000452206146954762,-0.0006108573528278657,-0.0007561473867674975,-0.0008883182925549335,-0.001007634015013025,-0.0011146252241459147,-0.0012099038936144993,-0.0012942092304251706,-0.0013683304874995631,-0.0014331010830707243,-0.0014893597843183598,-0.0015379362920827076,-0.001579630188337532,-0.0016151996882027518,-0.001645350823299208,-0.0016707314423215765,-0.0016919269600144755,-0.0017094588429743141,-0.0017237846561329352,-0.0017352997179920437,-0.0017443398160762486,-0.0017511848169978839,-0.0017560628574459602,-0.0017591549392298605,-0.001760599729934338,-0.0017604984303530569,-0.0017589195815351302,-0.0017559037177921888,-0.0017514677894825501,-0.001745609301743764,-0.0017383101310938754,-0.0017295399975234286,-0.0017192595817008144,-0.0017074232876287765,-0.0016939816591579541,-0.0016788834653939629,-0.0016620774746264758,-0.00164351393979484,-0.0016231458203436835,-0.0016009297663129836,-0.0015768268903981744,-0.001550803353122457,-0.001522830784970013,-0.001492886567848389,-0.0014609539963962664,-0.001427022337829764,-0.0013910868070543955,-0.0013531484719675067,-0.0013132141020755946,-0.0012712959719719185,-0.0012274116297074083,-0.0011815836388142738,-0.001133839301542716,-0.0010842103698905326,-0.0010327327500920234,-0.00097944620548548,-0.0009243940619889587,-0.0008676229198460956,-0.0008091823747599361,-0.0007491247510909395,-0.0006875048493504862,-0.0006243797098557703,-0.0005598083940330488,-0.0004938517845454243,-0.0004265724050930559,-0.0003580342604646322,-0.00028830269714438643,-0.0002174442845588143,-0.00014552671682983322,-7.261873475066081e-5,1.2099324440393572e-6,7.588860600583098e-5,0.00015134567783222372,0.00022750861235095043,0.00030430393053285093,0.0003816571762605883,0.00045949286503311923,0.0005377344146381892,0.0006163040569868713,0.0006951227297453982,0.0007741099457275601,0.0008531836371887098,0.0009322599712089441,0.0010112531312043297,0.0010900750582885199,0.0011686351446609142,0.0012468398694201813,0.0013245923651410408,0.0014017919011857234,0.001478333266993217,0.0015541060354548081,0.001628993682873966,0.0017028725378450478,0.0017756105266184367,0.0018470656769521093,0.001917084336138245,0.0019854990514047827,0.002052126052534679,0.0021167622663133263,0.002179181781616916,0.0022391316694132116,0.0022963270488907564,0.0023504452688229913,0.002401119061104631,0.002447928483818996,0.0024903914745677547,0.0025279527471749005,0.002559970837427553,0.002585702858820324,0.0026042868784450987,0.0026147210267916774,0.0026158397983832805,0.002606285282269752,0.002584476023357532,0.0025485664547629625,0.00249640790346588,0.002425487584890458,0.002332886151573366,0.0022151715548307895,0.0020683780760824117,0.0018877777608507637,0.001667983835516428,0.0014023505666337962,0.001083599027645241,0.0007020087965654714,0.00024805202025525436
-8.177055733719476e-5,-0.0002402709071919945,-0.0003885504199893458,-0.0005263787697358941,-0.0006530825508886383,-0.000768672185420177,-0.0008731849490775392,-0.00096698031091617,-0.0010505147234995786,-0.0011243986817892815,-0.0011893045643333357,-0.0012459621420479476,-0.001295114434553984,-0.0013375030221487979,-0.001373845338268831,-0.0014048233665288046,-0.001431072428552504,-0.001453175301859752,-0.0014716579504575492,-0.0014869880773379074,-0.00149957513942451,-0.001509771931989954,-0.0015178771429220149,-0.0015241387380340362,-0.0015287578593439007,-0.0015318930770663382,-0.0015336648061302209,-0.0015341597631797614,-0.0015334353481132558,-0.0015315238682294216,-0.001528436538258406,-0.0015241672107315723,-0.0015186958050472984,-0.0015119914178799273,-0.0015040151080509521,-0.0014947223584401961,-0.0014840652244260686,-0.0014719941840447386,-0.0014584597088569064,-0.001443413577297004,-0.0014268099536519842,-0.0014086062564874666,-0.0013887638400195143,-0.0013672485112271495,-0.0013440309041700363,-0.001319086731533631,-0.0012923969316319835,-0.0012639477273989807,-0.0012337306120487846,-0.0012017422744416246,-0.0011679844755229018,-0.001132463885792841,-0.0010951918923850176,-0.0010561843832078306,-0.0010154615145403344,-0.0009730474676167163,-0.0009289701989444407,-0.0008832611884677153,-0.0008359551890977146,-0.0007870899806702714,-0.0007367061309320829,-0.0006848467658057614,-0.0006315573508149429,-0.0005768854852628178,-0.0005208807104452734,-0.00046359433293173075,-0.00040507926367541687,-0.00034538987349995985,-0.0002845818652752897,-0.00022271216291969753,-0.00015983881717630846,-9.602092799171795e-5,-3.1318583194479316e-5,3.4207186874180037e-5,0.00010049443917101022,0.00016748033254776443,0.00023510112741404693,0.0003032921705743474,0.0003719878651435337,0.00044112162512316053,0.0005106258138371789,0.0005804316649199024,0.0006504691839488125,0.0007206670280740661,0.000790952360128096,0.0008612506726663194,0.0009314855761880366,0.0010015785443776577,0.0010714486075839252,0.0011410119838623077,0.0012101816347346536,0.0012788667302947939,0.0013469720053917382,0.0014143969852590383,0.0014810350550707669,0.0015467723434177672,0.0016114863844557932,0.0016750445174445155,0.0017373019752603977,0.0017980996053631464,0.0018572611568233215,0.0019145900562563803,0.0019698655813743145,0.002022838327429051,0.002073224840308059,0.0021207012758530336,0.0021648959078755465,0.0022053803045978984,0.0022416589131848946,0.0022731568466115414,0.0022992054546111247,0.002319025545342458,0.002331707436392457,0.002336188182133636,0.002331223948362499,0.002315359814159575,0.0022868907861359074,0.002243823861224758,0.0021838197855303474,0.0021041512860609304,0.0020016034381787197,0.001872450038926728,0.0017122395467144584,0.0015158835206222198,0.0012770863643200953,0.0009889109185306384,0.0006420478762637157,0.0002272467515108097
-6.846962991834726e-5,-0.00020195391467895014,-0.00032794519486692273,-0.0004459357796273471,-0.0005549007483889916,-0.0006546329062369762,-0.0007449570418200639,-0.0008260789317632012,-0.000898314831562725,-0.0009621599732645117,-0.0010181807175261124,-0.0010670113273886458,-0.0011093049155309531,-0.0011457189331507674,-0.0011768911756708886,-0.001203428897170749,-0.0012258975315906416,-0.0012448151866700295,-0.0012606485548002286,-0.00127381167532633,-0.0012846660082113735,-0.0012935220041979834,-0.0013006415289485286,-0.0013062410360515924,-0.0013104951731006767,-0.001313540683870364,-0.001315480429847399,-0.0013163874243337123,-0.0013163087760511274,-0.0013152694729091753,-0.0013132759492119036,-0.00131031939929053,-0.00130637881235866,-0.0013014237161062482,-0.001295416625434366,-0.0012883152008915737,-0.0012800741271128885,-0.0012706467263426037,-0.0012599863251529183,-0.0012480473946886788,-0.0012347864857076194,-0.001220162980076218,-0.0012041396798820815,-0.0011866832545525151,-0.0011677645650278981,-0.0011473588826546744,-0.0011254460187759363,-0.0011020103794127881,-0.0010770409577380085,-0.0010505312755439416,-0.0010224792834033587,-0.0009928872279578178,-0.0009617614935472762,-0.0009291124244040871,-0.0008949541327093194,-0.000859304297073541,-0.0008221839553248311,-0.0007836172949665045,-0.0007436314441681589,-0.0007022562657804272,-0.000659524156495815,-0.0006154698529927435,-0.0005701302466142599,-0.0005235442079011819,-0.00047575242205198377,-0.00042679723619434807,-0.00037672251912493565,-0.00032557353401303947,-0.00027339682436769213,-0.00022024011342558584,-0.00016615221696633382,-0.00011118296945209378,-5.538316329368798e-5,1.195499008949215e-6,5.8500440126598936e-5,0.00011647823080861496,0.00017507460061670107,0.00023423443652758737,0.0002939017692593636,0.00035401974689958717,0.00041453059507982844,0.00047537556249301966,0.0005364948500221943,0.000597827521093055,0.0006593113900955534,0.0007208828847957699,0.0007824768775927659,0.0008440264792103278,0.0009054627869602948,0.0009667145780087224,0.001027707936118251,0.0010883657980514474,0.0011486074031823498,0.0012083476267949298,0.001267496173978761,0.0013259566068894368,0.001383625173279245,0.0014403893985617156,0.0014961263969780105,0.0015507008497179014,0.0016039625884458374,0.00165574371217281,0.001705855151958239,0.0017540825840734841,0.001800181571781908,0.0018438717997942844,0.0018848302317149828,0.0019226830097013987,0.001956995847377618,0.00198726269768831,0.002012892304694076,0.002033192448690917,0.0020473511652194065,0.0020544151066502793,0.002053263329839003,0.002042578241570549,0.002020808695517118,0.001986133069504546,0.001936404766275498,0.0018691113701035194,0.0017812840254177802,0.0016694708717518657,0.0015295474320188983,0.0013567829653585465,0.001145329933382757,0.0008887004383289632,0.0005781856100159389,0.00020497118034676766
-5.595490029164449e-5,-0.00016590343714959169,-0.0002709045914014033,-0.0003701793303742153,-0.0004623581586820772,-0.0005470390123447067,-0.0006238559023911372,-0.0006928834347458472,-0.0007543175468619888,-0.0008085540449383299,-0.0008560654515425085,-0.0008973993055213987,-0.0009331246635704609,-0.0009638186907330158,-0.0009900418676681395,-0.001012328029883182,-0.0010311734241714645,-0.0010470318575507688,-0.0010603109707061004,-0.0010713713359415166,-0.0010805266645732266,-0.0010880454003859034,-0.0010941530285304665,-0.0010990350356265034,-0.0011028402140858592,-0.0011056842006459187,-0.0011076530878870005,-0.0011088070208098177,-0.001109183689625001,-0.001108801662598886,-0.0011076635123552854,-0.0011057587070387408,-0.0011030662473597503,-0.001099557041574886,-0.0010951960177030286,-0.0010899439791427963,-0.0010837592144563113,-0.0010765988759695799,-0.0010684201441501227,-0.001059181196417045,-0.001048841999594203,-0.0010373649453755999,-0.0010247153475297834,-0.0010108618187745565,-0.0009957765439303145,-0.0009794354646744654,-0.0009618183896419745,-0.0009429090421950455,-0.0009226950566354412,-0.0009011679323188498,-0.0008783229537750207,-0.0008541590838450969,-0.0008286788357697681,-0.0008018881293136812,-0.0007737961352138749,-0.0007444151116219708,-0.0007137602356402157,-0.000681849432622836,-0.0006487032055077342,-0.000614344466150649,-0.0005787983703365866,-0.0005420921579314912,-0.0005042549994078217,-0.0004653178498075226,-0.0004253133110131745,-0.00038427550305667575,-0.00034223994501384435,-0.0002992434459151242,-0.00025532400593606286,-0.0002105207280357163,-0.00016487374006734273,-0.0001184241273192554,-7.121387534538707e-5,-2.3285822917514728e-5,2.531637510380833e-5,7.454827514504598e-5,0.00012436466266590315,0.00017471956026805555,0.00022556622601735077,0.00027685714157929357,0.0003285439894941015,0.0003805776185219368,0.0004329079955478361,0.00048548414195023347,0.0005382540516907871,0.0005911645875631079,0.00064416135111905,0.0006971885206730084,0.0007501886505239086,0.0008031024230162664,0.0008558683433479668,0.0009084223649935864,0.0009606974312726793,0.0010126229158445967,0.0010641239417190447,0.0011151205546174685,0.0011655267221273953,0.0012152491249142017,0.0012641857001257795,0.0013122238898972622,0.0013592385391697184,0.0014050893769527767,0.0014496180025868278,0.001492644284462916,0.00153396206004951,0.001573334007799079,0.0016104855317696182,0.0016450974796889018,0.0016767974632579277,0.0017051495470275665,0.001729641951965615,0.0017496725172000556,0.0017645313288892983,0.0017733804268730763,0.001775229329741168,0.0017689073445499265,0.0017530291534639674,0.0017259587462590865,0.0016857599050512668,0.0016301553643506366,0.0015564479848655442,0.0014614908900514416,0.00134153158600414,0.0011922502601798635,0.0010083454706641564,0.0007838832518048365,0.0005109691250355823,0.00018140336236556454
-4.4354838060515986e-5,-0.00013247751241359673,-0.00021796339313154113,-0.00029977783634277405,-0.00037622482511117126,-0.00044673891939015647,-0.000510795338850772,-0.0005683655559946805,-0.0006195488508922304,-0.0006646596531999833,-0.0007040891628789029,-0.0007383069803088279,-0.0007678035785584329,-0.0007930791526335236,-0.0008146188120850789,-0.0008328840631467035,-0.0008483025805991705,-0.0008612642822010684,-0.0008721181265906647,-0.0008811716341405757,-0.0008886912739237406,-0.0008949040921540365,-0.0008999999002327857,-0.0009041340064023159,-0.0009074301985995006,-0.0009099838986687164,-0.0009118653454286718,-0.0009131227383817553,-0.0009137852678579489,-0.0009138659887011085,-0.0009133645008579025,-0.0009122694162044636,-0.0009105605983274096,-0.000908211171325225,-0.0009051892993099402,-0.0009014597439004297,-0.0008969852104984166,-0.0008917274972173113,-0.0008856484619620016,-0.0008787108244137466,-0.0008708788198827914,-0.0008621187219852559,-0.0008523992503573115,-0.000841691878840384,-0.0008299710582992417,-0.0008172143670838013,-0.0008034026006895975,-0.0007885198109424637,-0.0007725533036323849,-0.0007554936024066351,-0.0007373343855283691,-0.0007180724011936315,-0.0006977073661529233,-0.0006762418516976447,-0.000653681160370036,-0.0006300331962792999,-0.0006053083314039232,-0.0005795192699526463,-0.0005526809125023055,-0.0005248102214314079,-0.0004959260889163337,-0.0004660492086215885,-0.0004352019520235858,-0.0004034082502014837,-0.00037069348177151,-0.00033708436754508256,-0.000302608872353378,-0.00026729611439100284,-0.00023117628230201242,-0.00019428056016540773,-0.00015664106040960072,-0.00011829076465045852,-7.926347234884378e-5,-3.959375718142156e-5,6.830690336402099e-7,4.153098496158789e-5,8.29132810204567e-5,0.00012479257326413956,0.0001671308097438114,0.0002098892689980147,0.00025302855010080847,0.00029650855335889437,0.0003402884503856978,0.0003843266417824171,0.0004285807001156002,0.0004730072951788615,0.0005175620977523101,0.0005621996571183884,0.0006068732465104858,0.0006515346693785774,0.0006961340178754415,0.0007406193732087449,0.0007849364354856328,0.000829028068276527,0.0008728337403487681,0.0009162888437121804,0.0009593238632568199,0.0010018633686355136,0.0010438247935900186,0.0010851169613331631,0.0011256383068233339,0.0011652747372148354,0.0012038970604694131,0.0012413578981741182,0.0012774879823909968,0.0013120917154694639,0.0013449418480282389,0.0013757731009339082,0.0014042745233402913,0.001430080336331258,0.0014527589615393151,0.0014717999005374085,0.0014865980261619344,0.001496434886089644,0.001500456346890509,0.0014976464453607323,0.0014867959242949717,0.0014664670189753772,0.0014349499270406994,0.0013902198046052108,0.0013298739004637945,0.0012510944495584195,0.0011505376689520106,0.001024338251336363,0.0008678294640923659,0.0006757245683090682,0.00044118086813147323,0.00015680527146314123
-3.380653962933121e-5,-0.00010205189137806374,-0.00016967418729145237,-0.00023540996150637176,-0.0002972744945925176,-0.00035458123105580765,-0.00040668850734727974,-0.00045349997328729283,-0.0004950438842923761,-0.0005315725942895499,-0.0005634079191760809,-0.0005909491632515503,-0.0006146128604492386,-0.0006348248317440871,-0.0006519962912372576,-0.0006665173170521909,-0.0006787476814181659,-0.0006890140384531657,-0.0006976073653292655,-0.0007047829399881117,-0.0007107609145798133,-0.0007157279606384208,-0.0007198393085168285,-0.0007232212188745789,-0.000725973615733271,-0.0007281728314594635,-0.000729874341684858,-0.0007311154420770137,-0.0007319178072960207,-0.0007322899016409134,-0.0007322292140998755,-0.0007317243042832689,-0.0007307566509025273,-0.0007293023020992182,-0.0007273333310713359,-0.0007248191048289467,-0.0007217273764521846,-0.0007180252135276562,-0.000713679776524504,-0.0007086589617140358,-0.0007029319232082666,-0.0006964694885411096,-0.0006892444814551745,-0.0006812319648012256,-0.0006724094153105478,-0.000662756840966469,-0.0006522568504367861,-0.000640894682956856,-0.0006286582058686165,-0.0006155378860585992,-0.0006015267405357324,-0.0005866202706201608,-0.0005708163834315663,-0.0005541153038006659,-0.0005365194791572942,-0.0005180334795637969,-0.0004986638946688944,-0.0004784192291098316,-0.0004573097976271624,-0.0004353476210013199,-0.00041254632373862214,-0.00038892103433666033,-0.0003644882888183734,-0.00033926593816056876,-0.00031327306011675314,-0.00028652987588146273,-0.0002590576719315612,-0.00023087872732546055,-0.0002020162466367371,-0.0001724942986523842,-0.00014233776086950106,-0.00011157226979619993,-8.022417698181341e-5,-4.8320510703429726e-5,-1.588894318971803e-5,1.7042236694164326e-5,5.044414537087548e-5,8.428732105645055e-5,0.00011854173473557056,0.00015317679532598447,0.00018816134857203604,0.00022346366893541102,0.00025905144345571117,0.0002948917461496319,0.00033095100107448367,0.0003671949316057598,0.0004035884928448109,0.0004400957832793357,0.0004766799309345987,0.000513302948168209,0.0005499255480419417,0.0005865069137285746,0.0006230044107271587,0.0006593732296360377,0.0006955659448997012,0.0007315319721226037,0.0007672169032713744,0.0008025616950757487,0.0008375016812802993,0.0008719653735789117,0.0009058730093451083,0.0009391347955085845,0.0009716487883550087,0.0010032983354024453,0.0010339489920793274,0.0010634448032211309,0.0010916038236143907,0.0011182127111311361,0.0011430202132452795,0.001165729285728078,0.0011859876114841915,0.0012033760927540403,0.0012173950649046578,0.001227447494513701,0.001232819141572919,0.0012326542010747009,0.0012259274225848297,0.0012114097383292143,0.001187631344703722,0.0011528348586903104,0.001104932266613431,0.0010414506736279466,0.0009594830608416125,0.0008556442087378231,0.000725973610843315,0.0005659084038740303,0.0003698984184430493,0.00013154135233843235
-2.4455008155720882e-5,-7.501260205809926e-5,-0.00012659575726135257,-0.00017775264641167358,-0.00022626946635020146,-0.00027140095956187845,-0.0003124382839244143,-0.000349259288050097,-0.00038184714163148604,-0.00041040970593353074,-0.0004352101710792722,-0.0004565831464739389,-0.00047487452764552755,-0.0004904375597176151,-0.0005036107456775863,-0.0005147136633636586,-0.0005240391739768225,-0.0005318517839014586,-0.0005383857816110166,-0.0005438456410554057,-0.0005484067429480407,-0.0005522169849912753,-0.0005553986274458118,-0.0005580504603709204,-0.0005602500524575154,-0.0005620560612069584,-0.0005635105029750142,-0.0005646409533862268,-0.0005654626325553629,-0.0005659803556799693,-0.0005661903298659712,-0.0005660817896613505,-0.0005656384669724085,-0.0005648398970209787,-0.0005636625648212156,-0.0005620808999435671,-0.0005600681290462842,-0.0005575969972764479,-0.0005546403702999852,-0.0005511717292124886,-0.0005471655704098892,-0.0005425977222421862,-0.0005374455895584168,-0.0005316883365518254,-0.0005253070173222695,-0.0005182846626817491,-0.0005106063306754558,-0.0005022591273888931,-0.0004932322036413962,-0.0004835167323746954,-0.0004731058707388249,-0.00046199471024493797,-0.0004501802177459462,-0.00043766116954016077,-0.0004244380804611261,-0.0004105131295093056,-0.00039589008328682246,-0.0003805742183068151,-0.00036457224305880124,-0.0003478922205986193,-0.0003305434923063725,-0.0003125366033862265,-0.0002938832305949594,-0.00027459611263247496,-0.00025468898355820606,-0.00023417650954981418,-0.0002130742292529762,-0.0001913984979279189,-0.0001691664355269578,-0.0001463958788031221,-0.0001231053374783565,-9.931395447801616e-5,-7.504147017967714e-5,-5.0308190617724574e-5,-2.5134959559325627e-5,4.5686561407418893e-7,2.6445434273413107e-5,5.2808419140940434e-5,7.952302904430693e-5,0.000106566017615316,0.00013391368758896172,0.0001615418901460066,0.00018942601851374284,0.00021754099472290022,0.00024586124807150187,0.00027436068339409324,0.0003030126367357456,0.0003317898153982259,0.0003606642186280658,0.0003896070343500692,0.00041858850638083723,0.0004475777653677893,0.0004765426153572114,0.0005054492662567027,0.0005342620005738023,0.000562942760514514,0.0005914506388620656,0.0006197412537397133,0.0006477659835576842,0.0006754710334857338,0.0007027962993139738,0.0007296739868526361,0.000756026937361957,0.0007817665964601049,0.0008067905542118448,0.0008309795605069377,0.0008541939118366453,0.0008762690542823639,0.0008970102606337782,0.000916186118621296,0.0009335206710945323,0.0009486836967869228,0.0009612790994797849,0.0009708303168937469,0.0009767633928937363,0.0009783848725533188,0.0009748581272359828,0.0009651699295484698,0.0009481009135366778,0.0009221746470021608,0.0008856345418236471,0.0008363631330212228,0.0007719104680221317,0.0006893702679118326,0.0005855341035204824,0.00045660113640359773,0.0002985337876600725,0.00010610891359612153
-1.6451036900255494e-5,-5.1754689875943867e-5,-8.927724410668446e-5,-0.00012745967142104435,-0.00016394010348164316,-0.00019800195275438537,-0.00022892758658480495,-0.00025661067236714655,-0.0002810154518069431,-0.00030231708441447457,-0.0003207280631169177,-0.0003365214997427667,-0.0003499746765327864,-0.00036136942046215376,-0.0003709728042834948,-0.0003790353026822501,-0.0003857846222300643,-0.00039142513083804617,-0.00039613665542156446,-0.0004000752150272088,-0.00040337381643315443,-0.00040614394484836706,-0.0004084771563191837,-0.00041044689298150045,-0.00041211031483805356,-0.00041351015384755044,-0.0004146765100075005,-0.0004156285753077685,-0.0004163762523740231,-0.00041692165772792096,-0.00041726049717592654,-0.0004173833104440349,-0.000417276583502653,-0.0004169237317783062,-0.00041630595889250295,-0.0004154029981527144,-0.00041419374481193146,-0.000412656788437392,-0.0004107708547979457,-0.0004085151671754822,-0.0004058697364997664,-0.0004028155896593683,-0.00039933494447077063,-0.0003954113394144224,-0.0003910297252098331,-0.00038617652479411724,-0.0003808396672130598,-0.000375008600429379,-0.0003686742870890598,-0.0003618291868650277,-0.0003544672281857921,-0.0003465837718558666,-0.00033817556843068714,-0.0003292407110325253,-0.0003197785848075039,-0.00030978981414918176,-0.0002992762084581585,-0.00028824070721078726,-0.00027668732484328824,-0.00026462109601166,-0.0002520480215812984,-0.00023897501577746266,-0.0002254098547560172,-0.0002113611269365973,-0.0001968381852862231,-0.00018185110181850465,-0.00016641062443201952,-0.00015052813627288534,-0.00013421561767548755,-0.00011748561079112054,-0.00010035118688732273,-8.28259163564934e-5,-6.492384136277122e-5,-4.6659451113874685e-5,-2.8047659660070113e-5,-9.103786197029084e-6,1.0156462200373593e-5,2.9717005389760927e-5,4.956140249453497e-5,6.96728615958663e-5,9.003424656735408e-5,0.00011062808063880257,0.00013143654614406567,0.00015244147964338636,0.0001736243613782916,0.00019496629765331395,0.0002164479943974639,0.0002380497196486187,0.00025975125221223006,0.000281531813067737,0.00030336997538021226,0.0003252435480618789,0.00034712942682053514,0.000369003405365725,0.00039083993802564563,0.00041261184323513695,0.0004342899353286527,0.00045584256946770013,0.0004772350816012222,0.0004984291013735622,0.0005193817117433275,0.0005400444225498404,0.0005603619196298834,0.0005802705393692798,0.0005996964127372586,0.0006185531987868715,0.0006367393275430003,0.0006541346156434381,0.0006705961542462552,0.0006859532109039584,0.000700001063040054,0.0007124932113265248,0.0007231321426516979,0.0007315572355616564,0.0007373310931130022,0.0007399203568647332,0.000738676717889921,0.00073280525616151,0.0007213428304887389,0.0007031040008747981,0.00067667551227765,0.0006403095077595907,0.0005920235835937285,0.0005293672773831222,0.00044989139310638653,0.0003505241532363726,0.00022891700127973546,8.117602123107832e-5
-9.933175099607771e-6,-3.2656743108376523e-5,-5.822639121031229e-5,-8.51200712028154e-5,-0.00011095349789206866,-0.00013513688195266975,-0.00015701514309825868,-0.0001765248134569872,-0.00019363431620692212,-0.00020849104224722153,-0.00022126063863700456,-0.00023215556042811538,-0.00024138584522892862,-0.0002491631970664471,-0.000255685396004466,-0.00026113640911253007,-0.00026568190224662445,-0.0002694695138317729,-0.0002726281873726714,-0.0002752690684400467,-0.00027748627584615334,-0.0002793581795013741,-0.00028094867627980694,-0.00028230860955384056,-0.00028347716223557553,-0.000284483246693505,-0.0002853468314936466,-0.0002860802028333039,-0.00028668913776452973,-0.00028717398585155474,-0.0002875306519580835,-0.00028775148028290995,-0.0002878260398342704,-0.0002877418149801341,-0.00028748480533418943,-0.0002870400409985719,-0.000286392019506128,-0.0002855250716725043,-0.00028442366344671744,-0.00028307264114643834,-0.0002814574269807365,-0.0002795641716922196,-0.00027737987043047424,-0.0002748924476984607,-0.0002720908163840712,-0.000268964915543964,-0.00026550573077927604,-0.0002617053007140709,-0.0002575567123381504,-0.00025305408770884914,-0.0002481925638866261,-0.00024296826779746485,-0.0002373782872206264,-0.00023142063901884422,-0.00022509423534207727,-0.00021839884853854888,-0.0002113350752073039,-0.00020390429989144198,-0.0001961086586782368,-0.0001879510030659006,-0.0001794348642757038,-0.00017056441829035757,-0.00016134445174629047,-0.00015178032891357616,-0.00014187795984982963,-0.00013164376992244494,-0.0001210846707461396,-0.00011020803268569982,-9.902165892622517e-5,-8.75337612121449e-5,-7.575293721402605e-5,-6.368814957245127e-5,-5.134870654334504e-5,-3.874424425562095e-5,-2.588471048541078e-5,-1.2780349948486868e-5,5.583089754720563e-7,1.412046605081359e-5,2.7895059553871728e-5,4.187077507377558e-5,5.6036052642064336e-5,7.037909189691156e-5,8.48878549545949e-5,9.955006641825437e-5,0.00011435320985847284,0.00012928451978373604,0.00014433096793971993,0.00015947924236907936,0.00017471571737007712,0.00019002641196485726,0.00020539693403940005,0.0002208124066214534,0.0002362573721050565,0.00025171566927911435,0.00026717027707254026,0.0002826031175850254,0.00029799480960111547,0.0003133243618199958,0.00032856879303780996,0.00034370266346473946,0.0003586974985674422,0.0003735210815491598,0.00038813658718268607,0.00040250151957574786,0.00041656641432476384,0.00043027324213934856,0.00044355345989831833,0.00045632559512187387,0.00046849230463553006,0.00047993666633766184,0.0004905177090030128,0.0005000646126571722,0.0005083699230873862,0.0005151801707486471,0.0005201857680712682,0.0005230053084757741,0.0005231717125664009,0.0005201038571062589,0.0005130931126729716,0.0005012477637743935,0.00048350412820206485,0.0004585009806484031,0.00042472539155988975,0.000380167951608906,0.00032309176376041696,0.00025101102024990927,0.0001633429790302144,5.757807797203962e-5
-5.037600475959761e-6,-1.8037429667078657e-5,-3.385988111625219e-5,-5.1204519189423726e-5,-6.787964759782045e-5,-8.349491789708292e-5,-9.753695879506668e-5,-0.0001099919692144573,-0.00012084231092973879,-0.00013020612971798175,-0.00013820237280807505,-0.00014498286477986758,-0.0001506921960870371,-0.00015547475993240762,-0.00015946308549055893,-0.00016277944086961802,-0.0001655326852622896,-0.0001678191236588011,-0.00016972217688431386,-0.00017131326486577155,-0.0001726524236101519,-0.00017378929314354016,-0.00017476402872379404,-0.00017560830150336286,-0.00017634625052606677,-0.00017699542321063187,-0.0001775676585762345,-0.00017806991990999783,-0.00017850506179047397,-0.00017887253226267142,-0.00017916900640974417,-0.0001793889527074006,-0.00017952513339920985,-0.00017956904177686932,-0.00017951128007492022,-0.00017934188203592343,-0.00017905058501727197,-0.0001786270562369884,-0.00017806107836169986,-0.00017734269900168006,-0.00017646234907570796,-0.00017541093416202842,-0.00017417990319276052,-0.00017276129791191409,-0.00017114778667504744,-0.00016933268522315928,-0.000167309967199422,-0.00016507426628466126,-0.0001626208719877054,-0.00015994572031959064,-0.00015704538078505217,-0.00015391704042151336,-0.00015055848586513344,-0.00014696808382765787,-0.00014314476064626806,-0.00013908798107392255,-0.00013479772676989544,-0.00013027447453855962,-0.00012551917465582866,-0.00012053322927668532,-0.00011531847119459949,-0.00010987714292572021,-0.0001042118763487088,-9.832567286688976e-5,-9.222188428939792e-5,-8.590419439745051e-5,-7.937660135533005e-5,-7.264340092361976e-5,-6.570917059861946e-5,-5.8578754618552853e-5,-5.125724992055467e-5,-4.374999297444464e-5,-3.606254753740381e-5,-2.8200693245518202e-5,-2.0170415059485647e-5,-1.197789348403479e-5,-3.6294955701538665e-6,4.8682333540808695e-6,1.3508577185433115e-5,2.228465577814674e-5,3.1189430796302184e-5,4.0215710572156007e-5,4.93561537334647e-5,5.860327130813265e-5,6.794942686740473e-5,7.73868341513337e-5,8.690755143731103e-5,9.65034717193123e-5,0.00010616630753007256,0.00011588756894596407,0.00012565853299932448,0.0001354702023138,0.00014531325033135292,0.00015517794992496995,0.00016505408156615542,0.00017493081637672976,0.00018479656851446303,0.00019463881005295328,0.00020444384031514427,0.00021419649945167313,0.00022387981457171755,0.00023347456264032502,0.00024295873332220555,0.0002523068658121574,0.00026148923637794966,0.0002704708500247004,0.0002792102098896143,0.0002876577682236679,0.0002957540508744141,0.0003034272298925359,0.0003105902591299744,0.00031713694390828344,0.00032293758010209296,0.00032783229216248,0.00033162472299881645,0.00033406980598288757,0.0003348659401578646,0.00033363061136104226,0.00032989705707365077,0.0003230570082075137,0.0003123933452690286,0.00029693423023510523,0.0002756454707522534,0.00024697325649431054,0.00020982110948419892,0.00016206100346523314,0.00010473063123657161,3.633964551823073e-5
-1.8560645541217028e-6,-8.027052822728914e-6,-1.6372910741038163e-5,-2.597484534280732e-5,-3.514723283266079e-5,-4.3713638439984697e-5,-5.134736449611669e-5,-5.807641422748155e-5,-6.389011719151611e-5,-6.887360607835073e-5,-7.3097800957715e-5,-7.665606958393342e-5,-7.963192376162699e-5,-8.210903626676805e-5,-8.416208180492806e-5,-8.58597479724878e-5,-8.726227109072117e-5,-8.842264630932948e-5,-8.938632402270572e-5,-9.019198179083929e-5,-9.087186624838867e-5,-9.145245415935199e-5,-9.195497902534129e-5,-9.239603230431351e-5,-9.278810408380876e-5,-9.314012125076157e-5,-9.345794068025575e-5,-9.374481323552001e-5,-9.400180559205644e-5,-9.422818486963703e-5,-9.442176261138541e-5,-9.457920093988621e-5,-9.469628105008803e-5,-9.476813684682631e-5,-9.47894553845508e-5,-9.475464721964476e-5,-9.465798895080184e-5,-9.449374118976673e-5,-9.425624436792183e-5,-9.393999550594868e-5,-9.353970818111106e-5,-9.305035849901009e-5,-9.246721895672361e-5,-9.178588256107904e-5,-9.10022786618416e-5,-9.011268238369884e-5,-8.911371868450123e-5,-8.800236246791926e-5,-8.677593540003145e-5,-8.543210046835124e-5,-8.396885462974698e-5,-8.238452028531211e-5,-8.0677735713701e-5,-7.884744497898072e-5,-7.689288731427747e-5,-7.481358634729655e-5,-7.26093390989364e-5,-7.028020502905832e-5,-6.782649503393676e-5,-6.524876061320992e-5,-6.254778310959312e-5,-5.972456320680854e-5,-5.678031059689359e-5,-5.371643397867625e-5,-5.053453131127035e-5,-4.723638045860515e-5,-4.3823930160329846e-5,-4.029929143914668e-5,-3.6664729380612175e-5,-3.2922655371362615e-5,-2.9075619731715712e-5,-2.5126304795222647e-5,-2.1077518375734395e-5,-1.69321876479927e-5,-1.2693353380420814e-5,-8.364164536137051e-6,-3.947873186558473e-6,5.521702474936334e-7,5.1325214577531e-6,9.789646381176889e-6,1.4519924987498183e-5,1.9319654642773915e-5,2.4185052959473944e-5,2.9112259970804878e-5,3.409733942478318e-5,3.9136278909708886e-5,4.422498843558647e-5,4.935929699914267e-5,5.453494651827674e-5,5.974758239222229e-5,6.499273975144476e-5,7.026582426568281e-5,7.556208612405653e-5,8.087658550912026e-5,8.620414754383508e-5,9.15393042457172e-5,9.687622056496787e-5,0.00010220860083639834,0.00010752957147351995,0.00011283153423831791,0.00011810598425432394,0.00012334328346767735,0.00012853238201837483,0.00013366047041570936,0.0001387125554077584,0.0001436709235168685,0.0001485144967638279,0.00015321798992924075,0.00015775093324317747,0.0001620763051068988,0.00016614907228642883,0.00016991382834333178,0.00017330272797101115,0.00017623107109113369,0.00017859491647468072,0.00018026162079910426,0.0001810694637595146,0.00018080497691077887,0.00017921514731261326,0.0001759438832978313,0.00017060035604175985,0.0001625687701369237,0.00015130523950414133,0.00013571415248942733,0.00011532055048579952,8.814612472950845e-5,5.6398920796024435e-5,1.8782128941005873e-5
-3.741121633933778e-7,-2.4084766249576713e-6,-5.602769444904908e-6,-9.451454492279664e-6,-1.3056871840231589e-5,-1.64203559343002e-5,-1.937979645109717e-5,-2.1979973413332545e-5,-2.420250299014766e-5,-2.6097172194369055e-5,-2.7690114849867437e-5,-2.9024007499492765e-5,-3.0131512042119656e-5,-3.1047877951271195e-5,-3.1802553497892727e-5,-3.242318123166051e-5,-3.2933319138967306e-5,-3.3353801095253526e-5,-3.370221217964587e-5,-3.3993490836653634e-5,-3.423996342038051e-5,-3.4451701359248455e-5,-3.4636703205768746e-5,-3.480116613457758e-5,-3.494969402387966e-5,-3.5085520636109474e-5,-3.5210702028496435e-5,-3.532630211626226e-5,-3.543255660039504e-5,-3.552902367549282e-5,-3.561471652303526e-5,-3.568822171143794e-5,-3.5747801542834515e-5,-3.5791483443305255e-5,-3.581713548438743e-5,-3.582253090878257e-5,-3.5805401101957326e-5,-3.576347980686491e-5,-3.5694538105347825e-5,-3.559641284844185e-5,-3.5467028009820264e-5,-3.530441146232885e-5,-3.510670654519384e-5,-3.4872180689828836e-5,-3.459923034556397e-5,-3.4286384225159965e-5,-3.393230399332649e-5,-3.353578417664222e-5,-3.309575032966507e-5,-3.26112570199382e-5,-3.2081484609517344e-5,-3.150573621636848e-5,-3.088343381520024e-5,-3.0214114708322616e-5,-2.9497427347345434e-5,-2.8733127608621916e-5,-2.7921074547828498e-5,-2.706122663609279e-5,-2.615363756102931e-5,-2.5198452508028445e-5,-2.419590407362968e-5,-2.314630865224782e-5,-2.205006251399226e-5,-2.0907638346242854e-5,-1.9719581542962513e-5,-1.8486506949173465e-5,-1.7209095403548977e-5,-1.5888090724633936e-5,-1.4524296538388712e-5,-1.311857352913557e-5,-1.1671836564204292e-5,-1.0185052214003749e-5,-8.659236162995912e-6,-7.095450981737682e-6,-5.4948037929469546e-6,-3.858444260927852e-6,-2.1875624746146326e-6,-4.83387117275765e-7,1.2528164652952088e-6,3.019747929978204e-6,4.816073676644196e-6,6.640428308421429e-6,8.491416097880219e-6,1.0367612100130431e-5,1.226756313057108e-5,1.418978822782759e-5,1.613277872708194e-5,1.8094997524288712e-5,2.0074877540954963e-5,2.2070818889269335e-5,2.4081184606733195e-5,2.61042943336156e-5,2.8138415612477197e-5,3.018175199149619e-5,3.2232427367042246e-5,3.428846543634872e-5,3.634776338758958e-5,3.840805817218437e-5,4.0466884141154524e-5,4.252151937142749e-5,4.4568919341202494e-5,4.660563289295456e-5,4.862770026362103e-5,5.063052181137064e-5,5.260870372500068e-5,5.455584958532121e-5,5.6464330923431426e-5,5.832494366852464e-5,6.012658409765809e-5,6.185563442078774e-5,6.349556165880908e-5,6.502570110242082e-5,6.642102098489544e-5,6.764926300045514e-5,6.867196871257613e-5,6.943704399822709e-5,6.988539080648193e-5,6.992810730927522e-5,6.947567414343786e-5,6.836796926691806e-5,6.648205222538538e-5,6.349123645795064e-5,5.92850977454173e-5,5.3195781464545236e-5,4.538609578423786e-5,3.4115115268821704e-5,2.1802309785928093e-5,6.606382160539507e-6
-9.879265723443849e-10,-2.412828961818571e-7,-7.415392462874085e-7,-1.3517588671514178e-6,-1.8815841236391798e-6,-2.3850513887571984e-6,-2.816678366470758e-6,-3.2008565583271105e-6,-3.5229252176327646e-6,-3.79816626908837e-6,-4.027329606554558e-6,-4.219101346738863e-6,-4.377162656526925e-6,-4.507600382511619e-6,-4.6144591285539735e-6,-4.702068431594968e-6,-4.773796368012341e-6,-4.8327868236395114e-6,-4.881584502468935e-6,-4.922391478925378e-6,-4.956989506297555e-6,-4.986842396442149e-6,-5.013097900872041e-6,-5.036643181003794e-6,-5.058129240137506e-6,-5.078007910690028e-6,-5.096558967973057e-6,-5.113918227702637e-6,-5.1301019048023125e-6,-5.145028375027843e-6,-5.158538242539121e-6,-5.17041094823527e-6,-5.180380457395286e-6,-5.188147447289776e-6,-5.19339104512731e-6,-5.1957773166555795e-6,-5.194967678161426e-6,-5.190624407327694e-6,-5.182416405032478e-6,-5.170022428094285e-6,-5.1531348426301085e-6,-5.1314612028621995e-6,-5.1047265640305345e-6,-5.072673930780079e-6,-5.035065586825859e-6,-4.991682825669745e-6,-4.942326643980827e-6,-4.886817054604013e-6,-4.824993389823115e-6,-4.7567134008102565e-6,-4.681853330863937e-6,-4.600306929408172e-6,-4.511985393223767e-6,-4.416816368379488e-6,-4.314743813016237e-6,-4.2057270254938654e-6,-4.08974045743306e-6,-3.966772785400138e-6,-3.836826689323059e-6,-3.699917975891467e-6,-3.55607533062908e-6,-3.405339498529122e-6,-3.247763018420457e-6,-3.0834094631420937e-6,-2.912353165278285e-6,-2.7346785209902716e-6,-2.550479714838599e-6,-2.3598600897130616e-6,-2.162931877810422e-6,-1.9598156370679703e-6,-1.7506399931001895e-6,-1.5355411392314289e-6,-1.314662591200881e-6,-1.0881547446209556e-6,-8.561746394607082e-7,-6.188855683047975e-7,-3.764568466255361e-7,-1.2906346249575656e-7,1.2311415000909463e-7,3.798904251166324e-7,6.410748877144286e-7,9.064724289052715e-7,1.1758835115031347e-6,1.4491043917773928e-6,1.7259272753848367e-6,2.0061404456956074e-6,2.2895283126264017e-6,2.5758713692189123e-6,2.8649460351534566e-6,3.1565243153617656e-6,3.4503732760952112e-6,3.746254209772516e-6,4.043921501243294e-6,4.343120999305445e-6,4.643587911801685e-6,4.945043942303837e-6,5.247193691402911e-6,5.549719893620566e-6,5.852277574931705e-6,6.1544863633040025e-6,6.4559213781517076e-6,6.756100918622252e-6,7.054472725970144e-6,7.350393969766955e-6,7.643111837674849e-6,7.931728973898544e-6,8.215179202761812e-6,8.492162266780055e-6,8.761128189840141e-6,9.02012989720404e-6,9.266871008571982e-6,9.498334982524378e-6,9.711125721146354e-6,9.900326683146355e-6,1.0060960443508438e-5,1.0184531714689332e-5,1.026451596788429e-5,1.0284147291324011e-5,1.0236833013598016e-5,1.0087287125688365e-5,9.841240553143398e-6,9.403003464670045e-6,8.83174467344731e-6,7.89402591750822e-6,6.885756230384424e-6,4.993709436041207e-6,3.3201712241540916e-6,5.212754764532704e-7
