4.721106684813634e-6,1.0816858923819594e-5,2.310263650118934e-5,4.0997997044425416e-5,6.301919680357923e-5,8.806318525732832e-5,0.0001153129932182616,0.00014410543809647078,0.00017390756654998095,0.0002043145046399162,0.00023501463350643608,0.00026576177835371925,0.00029636131099441124,0.0003266596722375267,0.00035653477486520676,0.00038588881057064275,0.00041464321885869215,0.0004427347765098084,0.0004701124275664575,0.0004967348897690145,0.0005225687531871155,0.0005475870258350112,0.0005717679195301044,0.0005950939471532943,0.0006175511458766767,0.0006391285154978349,0.0006598175099712895,0.0006796116917350365,0.0006985063957301674,0.000716498522097413,0.0007335863107656586,0.0007497692236612569,0.0007650477905014996,0.0007794235486160737,0.000792898933985725,0.000805477257726604,0.0008171626251965821,0.0008279599352699625,0.0008378748161116409,0.0008469136381321773,0.0008550834589348967,0.0008623920440665239,0.000868847816293863,0.0008744598804634095,0.0008792379740583373,0.0008831924939571342,0.0008863344464156002,0.0008886754744909615,0.000890227806349452,0.00089100428273976,0.0008910183029879142,0.0008902838522616725,0.0008888154448594657,0.0008866281512048004,0.0008837375381354807,0.0008801596956429255,0.0008759111738891184,0.0008710090097197421,0.0008654706601018339,0.0008593140284276638,0.0008525573940124193,0.0008452194381873499,0.0008373191694468913,0.0008288759493202345,0.0008199094127251982,0.0008104394936127448,0.0008004863400659007,0.0007900703397457983,0.0007792120292720607,0.0007679321195427549,0.0007562513989443064,0.0007441907586696677,0.0007317710893269468,0.0007190133064309201,0.0007059382400015123,0.0006925666604569175,0.0006789191608163214,0.0006650161832876259,0.0006508778937401461,0.0006365242093688247,0.0006219746652175612,0.0006072484434777867,0.0005923642320808242,0.0005773402565189647,0.0005621941309799019,0.0005469428941655568,0.0005316028542281854,0.0005161896310297393,0.0005007179973784105,0.00048520193164385645,0.00046965445961330777,0.0004540877234490133,0.00043851283096547347,0.0004229399496503161,0.0004073781733117567,0.00039183565324512736,0.00037631949593782793,0.00036083594730785797,0.0003453903392755748,0.0003299873470649883,0.0003146310066303516,0.00029932506892014105,0.0002840731139793989,0.00026887902935164777,0.0002537472495768565,0.000238683388076632,0.0002236946323968785,0.00020879055889800596,0.00019398371291800501,0.0001792906338947313,0.0001647326463810263,0.00015033711073831734,0.00013613843820379674,0.00012217957755534842,0.00010851324510655149,9.520354750329998e-5,8.23273883095895e-5,6.997618053146658e-5,5.825710219195392e-5,4.7293628647570356e-5,3.722701106567611e-5,2.8215266248720093e-5,2.0429944985369622e-5,1.4036082847526148e-5,9.199559950816032e-6,6.0399344191439405e-6,4.565096062887574e-6,4.194734913994293e-6
7.2780442727903835e-6,2.5722634739191372e-5,6.050304872856948e-5,0.00010963125760761889,0.00017021860288787076,0.00023954333608463283,0.00031525877921785757,0.00039555964529923535,0.00047900522928760394,0.0005644611003247036,0.0006510187007653959,0.0007379621899036175,0.0008247196732593942,0.0009108334396231147,0.0009959342977983296,0.0010797244054549973,0.0011619620931565384,0.0012424507966753992,0.0013210300860440943,0.0013975688602571035,0.0014719597638746893,0.0015441148731764336,0.0016139621735711284,0.0016814428155791663,0.0017465088442129083,0.0018091214411150621,0.0018692494497115912,0.0019268682510938972,0.0019819587998153683,0.002034506911332137,0.0020845026301753913,0.002131939785918026,0.002176815577560598,0.002219130304243228,0.0022588870892964663,0.0022960917233587103,0.0023307524770142356,0.002362880014733368,0.002392487262018754,0.0024195893625326907,0.002444203577173207,0.002466349266269146,0.002486047805862516,0.002503322583347932,0.0025181989215861973,0.002530704080770552,0.0025408671845763057,0.0025487192239545082,0.0025542929818514223,0.0025576230364903222,0.0025587456826279245,0.0025576989329998724,0.0025545224348921384,0.002549257469025644,0.0025419468606069696,0.0025326349751899025,0.002521367623491798,0.0025081920538312014,0.0024931568499633487,0.002476311919656737,0.0024577083847105753,0.0024373985651615746,0.0024154358605510766,0.0023918747292121585,0.002366770559792009,0.002340179645067934,0.002312159042724972,0.0022827665432048117,0.002252060518780761,0.0022200998850517416,0.002186943937441435,0.0021526523060843208,0.0021172847789920567,0.0020809012502417453,0.0020435615291855176,0.0020053252820298128,0.0019662518266379122,0.00192640006782435,0.0018858282775586677,0.0018445940246575678,0.0018027539406578824,0.0017603636452149835,0.0017174774987400883,0.001674148525912755,0.0016304281576257828,0.0015863661568718788,0.001542010354907018,0.0014974065867009066,0.0014525984298611038,0.0014076271611636018,0.0013625315119657104,0.0013173476633212,0.0012721090385491877,0.0012268463621753004,0.0011815875190021234,0.0011363577114710845,0.0010911794246911707,0.00104607272730562,0.0010010553928453281,0.0009561433999926563,0.0009113512713157508,0.0008666928387551581,0.0008221818699147685,0.0007778331721617121,0.0007336635825774992,0.0006896934872038387,0.0006459482512320204,0.0006024602265702379,0.0005592706912883606,0.0005164324021644703,0.0004740120912502,0.0004320935886439758,0.00039078087703432626,0.0003502017133159725,0.00031051116606832654,0.0002718955302414904,0.00023457598617457275,0.00019881194752203378,0.00016490444065855257,0.00013319731010911384,0.0001040768333575615,7.796315029873273e-5,5.530598021144322e-5,3.6553739816039404e-5,2.210243256510178e-5,1.2155979076935062e-5,6.5563983473157295e-6,4.395505198281206e-6
8.673000548455573e-6,3.74629026173243e-5,9.125565785483219e-5,0.00016567784585949533,0.0002567519416505378,0.00036091645250002814,0.00047504752157921914,0.0005965743929687035,0.0007233952239258191,0.0008538023932506928,0.0009864100626803245,0.0011200974510314986,0.0012539532773763239,0.001387235347046679,0.0015193375317358922,0.001649763545919332,0.0017781054301594613,0.0019040269503050207,0.0020272502206165116,0.0021475450513906156,0.0022647203049282606,0.002378617043982911,0.0024891029394358494,0.0025960678111600277,0.0026994199573868037,0.0027990832445195795,0.002894994687113054,0.0029871025466594197,0.0030753647303920087,0.003159747555986878,0.0032402246914858563,0.0033167763604848416,0.003389388639685359,0.0034580529550479956,0.003522765614309781,0.003583527493549988,0.003640343721982161,0.0036932234911349017,0.003742179836125445,0.0037872295218522884,0.0038283928833336804,0.003865693758557462,0.003899159363105644,0.003928820249796604,0.003954710201490363,0.003976866204826532,0.0039953283509732585,0.004010139815564529,0.004021346761025877,0.004028998317923139,0.004033146484932344,0.004033846108720569,0.004031154779051959,0.004025132805391458,0.0040158431053744295,0.004003351176832666,0.003987724978146149,0.003969034894556761,0.003947353608947142,0.003922756061295926,0.0038953193083363803,0.0038651224749274454,0.0038322466009326484,0.003796774583222245,0.003758791008048327,0.0037183820823981223,0.0036756354501507878,0.003630640111602062,0.003583486221788461,0.0035342649971829357,0.0034830684947581435,0.003429989505112024,0.0033751213110925823,0.003318557566939426,0.0032603920356181607,0.00320071845396098,0.003139630248283648,0.003077220386042135,0.0030135810699143924,0.0029488035772735027,0.0028829779338785215,0.0028161927437062406,0.0027485348449747446,0.0026800891348883766,0.0026109382132680024,0.002541162209954577,0.002470838425282327,0.002400041172705769,0.0023288414312029643,0.002257306722586466,0.0021855007990412983,0.0021134835838750596,0.002041310928006952,0.001969034654661055,0.0018967024315962961,0.0018243579741150575,0.001752041094579054,0.001679788133234503,0.001607632261944672,0.0015356042272656758,0.0014637329995802386,0.0013920469255244681,0.0013205748244027335,0.0012493476547000173,0.0011784001637782922,0.001107773172240017,0.0010375158758796927,0.0009676888369770205,0.000898367014359569,0.0008296435130362015,0.0007616333629201705,0.0006944780050247333,0.0006283497456299039,0.0005634567883567468,0.0005000480512295152,0.00043841829855294516,0.00037891269328454893,0.0003219305980277015,0.0002679279113854806,0.00021741730695191863,0.00017096532055468352,0.0001291788936717847,9.268507690335846e-5,6.209170557352e-5,3.7927518068159706e-5,2.0496971326836063e-5,9.727386152790689e-6,4.859787784923285e-6
1.0233762745164233e-5,4.77817866027868e-5,0.00011644347983311494,0.00021027813061071408,0.00032464612782790895,0.00045549482553647655,0.0005992769244768054,0.0007529509326468733,0.000913968938951697,0.0010802109521026921,0.0012499218129620826,0.0014216477337574466,0.0015941875017836463,0.001766547876978209,0.0019379059193555725,0.002107577965341975,0.002274994947985476,0.0024396820235085487,0.0026012418686930197,0.0027593411692026226,0.0029136996247271876,0.0030640810194859057,0.0032102858742850513,0.0033521455102905415,0.003489517142954364,0.003622279928975577,0.0037503316733792542,0.0038735861983351934,0.003991971132207643,0.004105426164779742,0.004213901562306377,0.0043173570186865575,0.0044157606582062425,0.0045090882863425795,0.004597322718221143,0.004680453295487225,0.004758475430002434,0.004831390295586609,0.0048992045115229055,0.00496192994709598,0.005019583493687537,0.00507218694020123,0.005119766799324911,0.005162354225931586,0.00519998487470838,0.0052326988432704665,0.005260540546299208,0.005283558671634528,0.005301806061369219,0.005315339673472588,0.005324220463683179,0.005328513347899519,0.00532828708075729,0.005323614215577321,0.00531457097661887,0.005301237214160421,0.005283696267911097,0.005262034915105662,0.0052363432226720024,0.005206714486263497,0.005173245068713343,0.005136034327853588,0.005095184438681322,0.005050800307754239,0.005002989376425176,0.004951861519627205,0.004897528827571041,0.004840105486876062,0.004779707538291871,0.004716452738405035,0.004650460291246777,0.0045818506892133124,0.0045107454168516374,0.0044372667701678276,0.004361537531459617,0.004283680766884988,0.004203819471969087,0.00412207634824031,0.0040385734201166396,0.003953431792737668,0.0038667712425269596,0.0037787099603344004,0.0036893641204064024,0.0035988476159744217,0.0035072716150822895,0.0034147443002981288,0.003321370425368594,0.0032272510773344214,0.003132483255834631,0.00303715968505625,0.00294136844812683,0.0028451928883398555,0.0027487113446027934,0.0026519971962074514,0.002555118761446137,0.0024581395572501157,0.0023611184409297074,0.002264110173982104,0.002167165904760295,0.0020703341425439355,0.0019736616942084605,0.0018771951672363573,0.0017809824826810956,0.0016850750300820673,0.00158952987738657,0.0014944126914752404,0.0013998007471656972,0.0013057866955798263,0.0012124824280506977,0.0011200237114553017,0.0010285748738515722,0.0009383341934831788,0.0008495392036314675,0.0007624725232202443,0.000677467260100661,0.0005949124042392057,0.0005152572111806386,0.0004390147846677242,0.00036676294994944736,0.0002991413362616048,0.00023684396078600464,0.00018060494699529843,0.00013117184768750075,8.925532954467287e-5,5.546393085784249e-5,3.0196980120283057e-5,1.3593334231164804e-5,5.440438863859071e-6
1.0827598076629811e-5,5.412519865344412e-5,0.00013356039624645664,0.00024190081317152257,0.0003737963543715335,0.0005247832029321122,0.0006910518050694769,0.0008693024830983936,0.001056719658426389,0.0012509115837004404,0.0014498606766886546,0.001651867526425679,0.001855505125992687,0.0020595743953739326,0.002263067457379834,0.002465136107689446,0.0026650654137624586,0.002862251379270291,0.003056182545238712,0.003246424790946544,0.0034326086973042714,0.0036144191365466713,0.003791586635746168,0.003963880305080674,0.004131101937387591,0.004293081196917678,0.004449671590233586,0.0046007472041976905,0.00474619995557448,0.0048859373870490915,0.005019880791664577,0.0051479637325362775,0.0052701307643000135,0.0053863364458775565,0.005496544467315245,0.005600726996312845,0.0056988640777970185,0.005790943204018269,0.005876958895185383,0.0059569124171782615,0.006030811480203366,0.0060986700521619705,0.00616050813237292,0.006216351625451779,0.006266232161175979,0.006310187005421518,0.006348258906926595,0.0063804960298255164,0.006406951814596235,0.0064276849220436545,0.00644275909995565,0.006452243131759435,0.0064562107030127335,0.006454740349953469,0.006447915321403553,0.006435823523480172,0.0064185573731733,0.006396213735928545,0.006368893767366243,0.0063367028405422274,0.006299750372238863,0.006258149736649224,0.006212018072563299,0.006161476180162153,0.006106648305355237,0.00604766201640616,0.005984647961743507,0.005917739723326298,0.005847073544488723,0.0057727881573294915,0.005695024477576179,0.005613925403859874,0.005529635477220556,0.005442300650915638,0.005352067913056714,0.005259085026649735,0.005163500115021569,0.005065461373192322,0.004965116617364668,0.004862612970677164,0.004758096380322224,0.004651711283525115,0.004543600099207814,0.004433902884092337,0.004322756810707977,0.004210295829375794,0.004096650151326861,0.003981945940538183,0.003866304830349047,0.0037498436801805136,0.003632674166695106,0.003514902654599424,0.0033966299191417015,0.0032779511972626024,0.003158956116556381,0.003039729012128645,0.0029203491567686072,0.002800891448225754,0.002681427053999978,0.002562024590589688,0.0024427513106327825,0.0023236749060106918,0.00220486537047671,0.00208639755710446,0.0019683538398000584,0.0018508275350309856,0.0017339264526688995,0.0016177772429081794,0.0015025298563770071,0.0013883627808018175,0.0012754883081022568,0.001164158461738014,0.001054670729057714,0.0009473741700369491,0.0008426749401333468,0.000741041588676949,0.0006430087972753293,0.0005491797822102254,0.0004602259870101717,0.00037688311881297736,0.0002999408079405193,0.0002302250360451995,0.00016857227542436967,0.00011578931083659703,7.260730611577555e-5,3.961982342150135e-5,1.727657698101287e-5,5.950152713482075e-6
1.1284048379711669e-5,5.8276108696208896e-5,0.0001446542140739493,0.00026279032122002296,0.00040687620023192856,0.0005721374687745032,0.0007545845754328961,0.0009507700881628277,0.001157723070935753,0.0013728839681934502,0.001594062172453887,0.0018193858906495198,0.002047259340896718,0.0022763227186121037,0.0025054182267666304,0.002733559254578017,0.0029599039685270162,0.0031837328796452723,0.0034044298901560093,0.0036214662369457896,0.0038343869619262877,0.004042799651668442,0.004246364964208605,0.004444788765064964,0.0046378155071628,0.004825222776838337,0.0050068166901376865,0.005182428123191324,0.005351909516359684,0.005515132282165742,0.005671984591435265,0.005822369600084781,0.005966203916688614,0.00610341639651771,0.0062339470793677096,0.006357746373815539,0.006474774316906946,0.006585000024526292,0.006688401169024068,0.006784963609048695,0.006874681012771395,0.006957554607144794,0.007033592896793065,0.007102811491520133,0.007165232886735101,0.007220886341269668,0.007269807696224,0.007312039284276526,0.007347629771331745,0.007376634084636807,0.007399113266527383,0.007415134412598826,0.007424770529907616,0.007428100478800838,0.007425208829669525,0.007416185803308433,0.007401127121155682,0.007380133939606555,0.007353312688952183,0.007320774997204173,0.007282637512921677,0.007239021814041999,0.0071900542096663515,0.007135865629316371,0.00707659139867344,0.00701237110471809,0.006943348340495521,0.0068696705418227425,0.006791488696452432,0.006708957148503866,0.006622233267957781,0.006531477219716009,0.006436851590213676,0.0063385211190748764,0.006236652280815465,0.006131412978497353,0.006022972080111458,0.0059114990755553265,0.005797163569485079,0.005680134905561484,0.00556058162060483,0.00543867104369554,0.005314568720747128,0.005188438001139838,0.005060439447843107,0.004930730431354238,0.004799464548806249,0.004666791254636842,0.004532855323249914,0.004397796558490975,0.004261749348716547,0.004124842512964685,0.003987199014637287,0.00384893602082777,0.003710164860492258,0.0035709913935589956,0.0034315163197825,0.003291835973794833,0.0031520431090012644,0.003012228250210298,0.00287248108884931,0.00273289253142195,0.002593556842361451,0.0024545745179064132,0.0023160552939524713,0.0021781219424701847,0.002040914213032896,0.0019045935813956402,0.0017693481037422214,0.0016353980245539155,0.0015030013599088168,0.0013724600760862441,0.0012441259787250366,0.0011184068188966093,0.0009957715824001603,0.0008767554159195952,0.0007619629052895073,0.0006520696320734243,0.0005478205155337325,0.0004500251624878052,0.0003595482525205127,0.00027729362144023815,0.00020418158688208934,0.00014112054693526553,8.898306364455639e-5,4.860025535891379e-5,2.078367722374105e-5,6.443644048053094e-6
1.1308455925571245e-5,6.0104445809343135e-5,0.00015029024389112534,0.0002742034938860706,0.00042587072050551627,0.0006003702494402598,0.0007935970264315591,0.0010020172728467185,0.0012225818620331976,0.001452643056908507,0.0016899085202965501,0.0019323950218955138,0.00217839085127645,0.0024264197991969707,0.002675209485624668,0.002923662698144694,0.0031708326500558973,0.003415901323011663,0.0036581606965372876,0.0038969966975543596,0.004131875504468222,0.004362331950602175,0.004587959631826298,0.004808402613109605,0.00502334837820182,0.005232521955467929,0.005435680916294131,0.005632611240070263,0.005823123784033818,0.006007051389565105,0.006184246396856553,0.0063545786306667094,0.006517933653142085,0.006674211368760514,0.006823324794731736,0.006965199098852801,0.007099770730126873,0.007226986756934571,0.0073468042461297504,0.007459189807769419,0.007564119143944971,0.007661576734311983,0.007751555499636394,0.007834056582438518,0.007909089087148678,0.007976669924407648,0.00803682360161146,0.00808958210930568,0.00813498474405945,0.008173078022080863,0.00820391552175954,0.008227557813958246,0.008244072314941198,0.008253533225414843,0.008256021386492916,0.008251624220971133,0.008240435585920072,0.008222555710289075,0.008198091038026241,0.008167154156240019,0.008129863622706613,0.008086343878729751,0.00803672505473185,0.007981142861840927,0.007919738369155944,0.007852657868101715,0.007780052615032213,0.007702078662639972,0.0076188965619075726,0.007530671155411544,0.007437571233314231,0.007339769284323848,0.007237441101481956,0.007130765487880596,0.007019923809526391,0.006905099654745894,0.006786478333483052,0.00666424649179329,0.006538591559738037,0.006409701325675583,0.0062777633387299326,0.006142964452076385,0.006005490191165057,0.005865524281302902,0.005723247999895463,0.005578839711872374,0.005432474233721824,0.005284322411206665,0.005134550535374465,0.004983320010953499,0.004830786880059696,0.004677101646663533,0.004522408982140262,0.004366847790670901,0.004210551191094504,0.004053646928567964,0.0038962577473426892,0.0037385022728220235,0.0035804959066181906,0.0034223523162965398,0.0032641849926131838,0.0031061094862562004,0.0029482457612210904,0.0027907213014109794,0.002633674365431536,0.002477258042292116,0.0023216444512016987,0.0021670297408335148,0.002013639168465598,0.0018617329013188948,0.0017116117334255545,0.0015636233150165143,0.0014181679942693057,0.0012757048066992082,0.0011367565229917084,0.001001914139765731,0.0008718396587465471,0.0007472674745308076,0.0006290027591313894,0.0005179170418093176,0.00041493983821489877,0.0003210475192869385,0.0002372492602441241,0.00016457537532354202,0.00010406827911933471,5.68073994198554e-5,2.3951399361355615e-5,6.875527309745348e-6
1.1152837434839434e-5,6.0372014131693114e-5,0.00015177988532278047,0.00027806485042275225,0.00043334165208945845,0.0006126905015256752,0.0008119846746400678,0.0010276750425617222,0.0012566910667815704,0.00149635040367532,0.0017443117986986486,0.001998530312003628,0.0022572225378450664,0.002518833544903943,0.002782008339138766,0.0030455660110815176,0.003308476859264371,0.0035698419925512042,0.003828875522800409,0.004084889137194129,0.0043372786831041,0.004585512659593251,0.0048291223031800175,0.0050676931836949,0.005300857975994382,0.005528290378222338,0.00574969988933935,0.005964827451152563,0.006173441697379879,0.006375335850319245,0.006570325037369731,0.006758244094027382,0.006938945647303269,0.007112298567260497,0.0072781865970929305,0.007436507265459284,0.007587170903229829,0.007730099880848446,0.007865227896608575,0.007992499441815348,0.00811186927844677,0.008223302063114196,0.008326771956051,0.008422262355366002,0.008509765596662167,0.008589282763746727,0.00866082345048602,0.008724405624419066,0.00878005543096356,0.008827807093366414,0.008867702745032855,0.008899792353792088,0.008924133571667216,0.008940791674180175,0.008949839418907297,0.008951356992014747,0.008945431867909283,0.008932158755803436,0.008911639453051614,0.008883982784634013,0.008849304442668314,0.008807726911539483,0.008759379285843168,0.008704397173704165,0.008642922485231967,0.008575103306528196,0.008501093650773332,0.008421053295661316,0.008335147489596422,0.008243546745907005,0.008146426497413678,0.008043966841839913,0.007936352139279648,0.007823770704826214,0.007706414345310956,0.007584477997398552,0.007458159202506707,0.007327657691621641,0.0071931748007213,0.007054913007563345,0.006913075294504235,0.006767864647832743,0.0066194833809716065,0.006468132613994805,0.006314011578287362,0.00615731710318047,0.005998242933723,0.005836979263356244,0.005673712109915153,0.005508622948224616,0.005341888205924932,0.0051736790676870596,0.00500416117151408,0.004833494676154791,0.004661834258941111,0.004489329558146721,0.004316125592819853,0.0041423637092811915,0.003968182558083962,0.003793719684127923,0.0036191132005862596,0.00344450415917172,0.003270039048860868,0.0030958730591999157,0.0029221734942249736,0.0027491239875946432,0.002576928849943127,0.002405818200175612,0.0022360531419435745,0.0020679316232284192,0.001901794160928783,0.0017380300269847985,0.0015770829606867993,0.0014194569612880502,0.0012657211349769322,0.0011165140439028946,0.0009725463268285512,0.0008346021444498513,0.0007035382642723177,0.0005802815377107036,0.0004658235403738102,0.0003612149164468866,0.00026755872031052796,0.00018601339042384962,0.00011779980734776984,6.424188316113588e-5,2.681329292082919e-5,7.2682559025490746e-6
1.0768818693578616e-5,5.927225686707824e-5,0.00014988025120249145,0.0002757892810495987,0.00043137859491771584,0.0006118788611175168,0.0008132424741649635,0.0010319674836765146,0.0012650089509933372,0.0015096955354550509,0.0017636804738960174,0.002024897105005475,0.002291526505316476,0.00256196768694345,0.002834812027735755,0.0031088198221447586,0.003382899450003947,0.0036560887835130496,0.003927538729243442,0.004196498717568033,0.004462303940471169,0.004724364309154991,0.004982154819705428,0.005235207289673515,0.005483103179789186,0.005725467502216549,0.0059619635383324375,0.006192288391309962,0.006416169125845623,0.0066333595474811925,0.0068436373954032,0.007046802023319315,0.007242672361973456,0.007431085256363082,0.007611893985921285,0.007784967075444684,0.007950187216145965,0.008107450416311586,0.008256665208809508,0.008397752044246911,0.008530642702328678,0.008655279857751223,0.008771616636393037,0.008879616304365992,0.008979251927216601,0.009070506147147961,0.009153370915697154,0.00922784733444123,0.009293945440153148,0.009351684091334436,0.009401090790543975,0.009442201603662947,0.009475061007653473,0.00949972183219901,0.009516245123150049,0.009524700097612693,0.009525164014242407,0.009517722133384771,0.00950246758556985,0.009479501328294119,0.00944893200385613,0.009410875884092153,0.009365456708338254,0.009312805607130437,0.009253060910798177,0.009186368043004095,0.009112879290433657,0.009032753657238395,0.008946156586634705,0.008853259767947196,0.008754240801769562,0.008649282952493289,0.008538574750120735,0.00842230968299876,0.00830068573151432,0.008173904998350235,0.00804217317226873,0.00790569909672744,0.0077646941659546475,0.007619371837425028,0.007469946967723508,0.007316635280498507,0.0071596526565499445,0.006999214576843443,0.0068355353902711585,0.006668827761557734,0.006499301951664221,0.00632716531332657,0.0061526216334099135,0.005975870734576385,0.005797107946030701,0.005616523888146538,0.005434304157399475,0.005250629390683706,0.005065675270335517,0.004879612984341036,0.004692609675566177,0.00450482942976548,0.0043164343054244965,0.0041275859886480745,0.003938447540872473,0.0037491858520588236,0.0035599742258385506,0.00337099573235708,0.0031824467063304007,0.0029945410394214846,0.0028075145858489545,0.002621630332967692,0.002437183586023004,0.0022545078029004564,0.0020739802459837663,0.0018960280682107835,0.0017211339063310767,0.0015498415438500222,0.0013827606254103882,0.0012205710262553908,0.0010640257724786385,0.0009139531714581249,0.0007712570711404189,0.0006369166323634338,0.0005119847003197227,0.00039758844088256027,0.0002949303059751312,0.00020530021182292083,0.00013009277625930418,7.085546222880892e-5,2.933606457036066e-5,7.605059946023787e-6
1.0268850503269375e-5,5.722927831012612e-5,0.00014544455609672693,0.0002687707763140169,0.0004219840189536616,0.0006005707845712534,0.0008006452037037586,0.00101881586942607,0.0012521129723192638,0.001497915722031533,0.0017539058748255434,0.002018027139022796,0.0022884552655738502,0.002563570882847927,0.002841936462134664,0.003122275389570127,0.0034034533879572447,0.0036844617825479613,0.003964402492661997,0.004242474710682135,0.00451796307910821,0.004790227339319769,0.005058693188001803,0.0053228443695010445,0.0055822157383022125,0.005836387317047632,0.006084979092583185,0.006327646600321892,0.00656407705662934,0.006793986105991701,0.007017114960708391,0.007233228018739176,0.007442110753287114,0.00764356797502643,0.007837422273625234,0.00802351275256996,0.008201693873972115,0.008371834537942158,0.00853381722059822,0.00868753730392212,0.008832902426615436,0.008969831996215122,0.009098256694801037,0.009218118124419554,0.009329368426144975,0.009431970023913638,0.009525895327317645,0.009611126548929783,0.009687655469487914,0.009755483310610345,0.009814620546542962,0.009865086818570493,0.009906910780912971,0.009940130045736703,0.00996479105265222,0.00998094903451007,0.009988667900711365,0.009988020214356977,0.009979087079612767,0.009961958120600928,0.009936731362682617,0.00990351320303525,0.009862418275194058,0.009813569400793266,0.009757097426271103,0.00969314114498054,0.009621847094804487,0.009543369439934894,0.009457869718428416,0.009365516673565598,0.009266485941236155,0.009160959822047149,0.009049126899993853,0.008931181748512753,0.008807324474283732,0.008677760353351587,0.008542699297279745,0.008402355419457235,0.008256946425364762,0.008106693114467153,0.00795181870232235,0.007792548270322154,0.007629108035098146,0.0074617247671679736,0.007290625032950108,0.007116034614472491,0.00693817776165212,0.006757276658926073,0.006573550740494085,0.006387216266093032,0.0061984857694943754,0.0060075678242498265,0.0058146667151299375,0.005619982494340477,0.0054237109851180305,0.005226044247423539,0.005027171039718419,0.00482727782694626,0.004626549836360979,0.004425172744733683,0.004223334461310278,0.004021227619392786,0.003819052197250207,0.0036170189039856256,0.0034153526998684388,0.0032142971009244525,0.003014118576594411,0.002815111692959064,0.0026176042423714484,0.002421963005508404,0.002228599305843194,0.002037974984934336,0.001850607889925771,0.001667077500585995,0.0014880297018282926,0.0013141813701805015,0.0011463237977789168,0.0009853258641998714,0.0008321360128001971,0.0006877846912765319,0.0005533863299062208,0.00043014502154723285,0.0003193621688785769,0.00022245531366154263,0.00014098103110103926,7.668588756885633e-5,3.155034032784612e-5,7.89822224606178e-6
9.659244111919757e-6,5.445051845274717e-5,0.00013908103120477983,0.0002581218231835352,0.0004068303253233975,0.0005810305068163921,0.0007770672530914373,0.0009917144786081539,0.0012221202657696662,0.0014657487049631773,0.0017203403469208851,0.0019838768656360068,0.002254553824086171,0.002530756552298033,0.002811039811402647,0.003094109378362108,0.003378805593446671,0.0036640884833399907,0.003949024354797755,0.00423277382157791,0.004514581042232309,0.00479376421105747,0.005069707081082972,0.00534185157239034,0.005609691213424777,0.005872765478126056,0.006130654778531765,0.006382976183787422,0.006629379632620123,0.006869544724352434,0.0071031778699824485,0.007330009901561086,0.00754979393375876,0.007762303588725127,0.0079673313893122,0.008164687442750432,0.008354198228661278,0.008535705622844753,0.00870906597743588,0.008874149396589499,0.009030839033022507,0.009179030550986527,0.009318631584030707,0.009449561338509533,0.009571750172756608,0.009685139307507053,0.00978968049780438,0.009885335826074426,0.00997207744585374,0.010049887439643166,0.010118757618689574,0.01017868943182396,0.010229693808652818,0.010271791107923211,0.010305010993093146,0.01032939240981133,0.010344983483368058,0.010351841515028498,0.010350032890677673,0.010339633085342883,0.01032072657173733,0.01029340682164753,0.010257776202342197,0.010213945962816528,0.010162036105398646,0.010102175344385112,0.010034500939848055,0.009959158616148569,0.009876302345118257,0.00978609421247259,0.009688704138369005,0.009584309681021514,0.009473095684270858,0.009355254009864375,0.00923098310426937,0.00910048765427951,0.008963978069013926,0.008821670057927286,0.008673784028962673,0.008520544593884842,0.008362179890140584,0.008198921025975803,0.0080310013419954,0.007858655818072326,0.007682120301214337,0.007501630908129208,0.00731742325906941,0.007129731924290014,0.006938789719157023,0.006744827259556802,0.006548072391442792,0.006348749938971335,0.006147081360920169,0.005943284794595475,0.005737575050357624,0.0055301640717684095,0.005321261394793377,0.005111075156563334,0.004899813153351872,0.004687684531736564,0.004474901573543181,0.004261682187940492,0.004048252525849485,0.003834850353154194,0.0036217285447597983,0.003409159351234367,0.0031974387398489663,0.002986891467574697,0.002777876119355061,0.002570790769561916,0.0023660784331415905,0.0021642329602950296,0.0019658044733230125,0.0017714050268004934,0.0015817135650366707,0.0013974809368771707,0.0012195340531557552,0.0010487802474310646,0.0008862110410262686,0.0007329072074765189,0.0005900442654422387,0.0004589021875931532,0.00034087766169272764,0.0002375073011804523,0.00015049319506371778,8.175354081710745e-5,3.3462137935173495e-5,8.145532226324807e-6
8.988185548119264e-6,5.117684861288328e-5,0.00013135018794447847,0.00024482409978494353,0.00038738818921924093,0.0005552576762942234,0.0007450592743949919,0.0009537760947319286,0.0011787107720386918,0.0014174430171923105,0.0016677985053508548,0.0019278198207081244,0.0021957432930817906,0.0024699784699572496,0.0027490904596276142,0.0030317839729198013,0.0033168890205043655,0.0036033479627891438,0.0038902037387060617,0.004176589269487724,0.004461717842883792,0.00474487456579789,0.0050254086615020635,0.005302726695218532,0.005576286500241747,0.0058455918975477495,0.006110187976125984,0.006369657028279684,0.006623614915478693,0.00687170796829836,0.007113610204312459,0.007349020976847299,0.007577662848786809,0.00779927981432907,0.008013635671809424,0.008220512679526,0.00841971030534009,0.008611044209908426,0.008794345280227206,0.008969458860064,0.009136243998252849,0.009294572867095972,0.0094443301746387,0.009585412727869273,0.009717728972085192,0.009841198667630696,0.009955752529571265,0.010061331995211637,0.010157888944337687,0.010245385540523887,0.010323794016810687,0.01039309657741777,0.010453285236433438,0.010504361768510287,0.010546337589409894,0.010579233744981249,0.01060308082263017,0.010617918967739318,0.010623797814658342,0.010620776519039508,0.010608923696064473,0.010588317456236798,0.01055904533755666,0.01052120433137491,0.010474900794339725,0.010420250450224126,0.01035737826692621,0.01028641841993704,0.01020751411968137,0.010120817522701333,0.01002648949535936,0.009924699460050078,0.009815625082936829,0.009699452044734791,0.009576373642880009,0.009446590479835992,0.009310309974073873,0.009167745963617826,0.00901911812565754,0.00886465149937666,0.008704575821145581,0.008539124978821654,0.008368536278545615,0.008193049852917066,0.008012907886705055,0.00782835401382597,0.007639632542962482,0.007446987893211352,0.007250663876681579,0.007050903239853316,0.006847947078296159,0.006642034569486685,0.006433402613814533,0.006222285863386163,0.006008916701495861,0.005793525688274792,0.005576342004722351,0.005357594446222409,0.005137512462699706,0.004916327830133396,0.004694276410094708,0.0044716006117012,0.004248551965733787,0.00402539444939189,0.0038024079176179077,0.0035798922961810336,0.0033581718322515876,0.0031376000686802793,0.0029185647736354515,0.00270149349701829,0.0024868589243261263,0.0022751847162948338,0.002067050957137102,0.0018630999359980662,0.0016640413769882176,0.0014706579722700071,0.0012838103844253542,0.0011044428796651157,0.0009335888407803086,0.0007723780796887368,0.000622045206221118,0.0004839425341176491,0.0003595553545648749,0.00025052755317908604,0.00015868818441447234,8.609986806045477e-5,3.509338456128442e-5,8.352521848445069e-6
8.272288514258716e-6,4.756608645264418e-5,0.0001226829541859252,0.00022967438768868386,0.0003648837525651713,0.0005249501121553159,0.0007068176032514987,0.0009077112607616326,0.0011251174098117144,0.001356756671264257,0.0016005617619014906,0.0018546556502635405,0.0021173332586262223,0.0023870447324174948,0.0026623806883976204,0.0029420588621461396,0.003224911990915984,0.0035098767713012515,0.0037959837169391857,0.004082347979403176,0.004368160937708565,0.004652682665325075,0.004935235061314095,0.005215195769130224,0.0054919926648344325,0.00576509903053766,0.0060340291897360765,0.0062983347238774875,0.006557601050249387,0.006811444483140517,0.007059509564300804,0.007301466791735518,0.007537010540279271,0.007765857310011722,0.007987744103236109,0.008202427073300331,0.00840968025233847,0.008609294507648363,0.008801076538906967,0.00898484807159494,0.009160445062618457,0.009327717078344845,0.009486526663546333,0.00963674886563276,0.009778270734002363,0.009910990962522006,0.010034819495252447,0.010149677266680602,0.010255495895933225,0.010352217509265333,0.010439794508812366,0.010518189464856968,0.010587374947357741,0.010647333477003976,0.010698057408600864,0.010739548930253548,0.010771819987541698,0.010794892319679856,0.010808797412605571,0.010813576559952619,0.010809280831975791,0.010795971147924079,0.010773718246414331,0.0107426027545568,0.010702715144212314,0.010654155782244651,0.010597034856288927,0.01053147239002324,0.010457598121860078,0.010375551469347995,0.010285481344785987,0.010187546053999675,0.010081913034467989,0.009968758675956231,0.009848267969532231,0.009720634241072492,0.00958605870372594,0.009444750100338177,0.009296924157693606,0.009142803140639975,0.008982615214024532,0.008816593919959629,0.008644977462994731,0.00846800813276251,0.008285931539797523,0.008098996018906953,0.007907451857259688,0.007711550729242187,0.007511544974900844,0.007307687134477231,0.007100229353459805,0.006889423103633465,0.006675518809730775,0.006458765862097998,0.006239412577179401,0.006017706622207212,0.005793895434388181,0.005568227186690679,0.0053409517944048406,0.005112322548418899,0.004882597827760566,0.004652043507625292,0.004420935467541319,0.004189562841015268,0.003958231357358996,0.0037272674366053385,0.0034970223289198152,0.0032678769740849332,0.0030402468132626342,0.0028145872440126984,0.002591398895665409,0.0023712334417386968,0.0021546990965316854,0.0019424665731632373,0.0017352746532660948,0.0015339362838501314,0.0013393444167106815,0.0011524788232918665,0.0009744131870754557,0.0008063243186046812,0.0006495026565743665,0.0005053674123057211,0.00037548377364780556,0.00026158941551625655,0.00016562083158615587,8.975847710944461e-5,3.6456989729061956e-5,8.519951929707929e-6
7.537507894228564e-6,4.376666396189576e-5,0.00011344738623124202,0.0002133439659396499,0.00034035474846883776,0.0004915559642875354,0.0006642299552605872,0.0008558659997165466,0.0010641557430211722,0.0012869803066566975,0.00152239712839491,0.0017686256088314737,0.002024033892922605,0.00228712622460219,0.0025565313888947327,0.0028309920272335644,0.003109354710495623,0.003390560815560085,0.0036736380315058764,0.003957692611498733,0.004241902177399315,0.0045255092263200795,0.004807815138493218,0.005088174836257764,0.005365991879636138,0.0056407141423576515,0.005911829852193121,0.006178864136546464,0.00644137585572629,0.006698954865974841,0.006951219499037895,0.0071978144038158135,0.007438408541852873,0.007672693487243049,0.007900381828483278,0.00812120582810137,0.008334916142744649,0.008541280764628473,0.008740083991366969,0.00893112558962359,0.009114219962869912,0.009289195492679606,0.009455893866039384,0.009614169561571862,0.00976388930832665,0.009904931693088447,0.010037186730084368,0.010160555571810738,0.01027495017422872,0.01038029309765094,0.010476517255157964,0.01056356579243023,0.01064139190870233,0.010709958805368607,0.010769239569141914,0.010819217179139981,0.010859884441352151,0.010891244043024778,0.010913308526344742,0.010926100377566202,0.010929652026269958,0.010924005955071045,0.010909214709158536,0.010885341010854753,0.010852457762632614,0.010810648149499821,0.010760005617577255,0.010700633946511957,0.010632647185211723,0.010556169676467666,0.01047133593182435,0.010378290591555562,0.010277188222112616,0.01016819319676583,0.010051479401847224,0.009927230026951494,0.009795637170478598,0.009656901533501199,0.009511231921130285,0.009358844841200965,0.009199963905938371,0.009034819345698686,0.008863647325494892,0.00868668939532222,0.008504191748463416,0.008316404643522958,0.008123581646099476,0.007925979073466228,0.0077238552779593204,0.007517470182880218,0.0073070846841771665,0.007092960364683284,0.0068753591091057775,0.006654543101492362,0.00643077476508584,0.006204317162322492,0.005975434382664465,0.00574439247188113,0.005511460393509751,0.005276911610292989,0.005041025733828447,0.004804090861240657,0.0045664059987657445,0.00432828421768509,0.004090055888561916,0.0038520726615585885,0.0036147114817997443,0.0033783793269860952,0.0031435178998452168,0.0029106089859469607,0.0026801796641061763,0.002452808115706656,0.002229129196355917,0.0020098405901543275,0.0017957087280649586,0.0015875754364303516,0.0013863645559075329,0.0011930897778035827,0.0010088630082875155,0.000834905072383256,0.0006725577488683588,0.0005233002598455797,0.00038876749900133335,0.0002707764701189683,0.0001713516375238674,9.276655342415488e-5,3.7569821657766435e-5,8.651158472377994e-6
6.79752437657959e-6,3.988620799190992e-5,0.00010393369674256178,0.00019637754033172695,0.0003146567346518493,0.0004562845052770025,0.0006188901709628285,0.0008002398049577107,0.000998244475163883,0.0012109597823383531,0.0014365812721822738,0.0016734372622015047,0.0019199807644579513,0.002174781094205185,0.0024365155814114097,0.0027039615839037196,0.0029759888028536505,0.0032515520937834103,0.003529684612965777,0.003809491491008073,0.004090143855937171,0.004370873394174294,0.004650967252406591,0.004929763457642349,0.005206646647906578,0.00548104428364066,0.00575242312521306,0.00602028613954687,0.00628416962003262,0.006543640681745838,0.006798294917399101,0.007047754376969967,0.007291665660164347,0.007529698287667988,0.007761543144504877,0.007986911165016056,0.008205532056962199,0.008417153237966546,0.008621538785355968,0.008818468576070939,0.009007737420468677,0.009189154369801122,0.009362542003057198,0.009527735875709988,0.009684583937043198,0.009832946101058889,0.009972693777789771,0.010103709552272468,0.010225886817380155,0.010339129549914226,0.010443352034807373,0.010538478728988557,0.010624444067728724,0.010701192407279398,0.010768677903948911,0.010826864525904617,0.010875725994545117,0.010915245854534019,0.010945417465437573,0.010966244117290512,0.010977739058531444,0.010979925642425361,0.010972837375309397,0.01095651807726453,0.01093102193281471,0.010896413647592938,0.010852768482183202,0.010800172385421452,0.01073872199127035,0.010668524709084505,0.01058969866352174,0.010502372722835161,0.01040668636310477,0.010302789617639266,0.010190842849486242,0.01007101660858149,0.009943491300808224,0.009808456944830802,0.009666112732142712,0.009516666682781996,0.009360335099033789,0.00919734212863671,0.009027919125246451,0.00885230413943256,0.008670741211777041,0.00848347982596002,0.008290774175400514,0.008092882628871935,0.007890067028603395,0.007682592236654562,0.007470725540643958,0.007254736367546154,0.0070348958913772856,0.006811477018419227,0.00658475430713366,0.00635500434248966,0.00612250608908641,0.005887541778810405,0.0056503978198087675,0.00541136631712613,0.0051707466487578456,0.004928847719318507,0.004685990286504596,0.0044425100109536835,0.0041987605714459775,0.003955117521043385,0.003711982170906976,0.0034697862020668115,0.003228996239660119,0.002990119118841535,0.002753707037040923,0.0025203633678647177,0.0022907483148510584,0.0020655852592536762,0.0018456669999006839,0.0016318628837041166,0.0014251260816693036,0.0012265022585591031,0.0010371388953295216,0.0008582970203257538,0.0006913642483594734,0.0005378719468797122,0.0003995137492720887,0.0002781712686727109,0.00017593796653671056,9.515732745700115e-5,3.844505419379658e-5,8.747784666816041e-6
6.066791975674775e-6,3.601629904047527e-5,9.437952329510592e-5,0.00017922073675878645,0.0002884947821522112,0.00042014074766474695,0.0005721336362894486,0.0007425205392194632,0.0009294393553551277,0.0011311288645588795,0.0013459318475803528,0.0015722945683595028,0.0018087637281088103,0.002053982238889458,0.002306684178797122,0.0025656895330165934,0.002829898762636043,0.003098287529660075,0.003369901469199911,0.003643851276196145,0.003919307940184426,0.004195498355670038,0.004471701118155525,0.004747242714254552,0.005021493901356437,0.0052938664706568194,0.005563810179803724,0.005830810041254731,0.006094383749529706,0.006354079429026283,0.006609473485361841,0.006860168741344435,0.007105792642698666,0.007345995715610384,0.007580450064246687,0.007808848092427833,0.008030901240827679,0.008246338926263832,0.008454907477332603,0.008656369255360404,0.008850501757203259,0.009037096891104055,0.009215960223689352,0.009386910391350032,0.009549778474886498,0.009704407532513384,0.009850652090169618,0.009988377785955632,0.01011746096700807,0.01023778843732039,0.010349257153516709,0.010451774068819888,0.010545255920283795,0.010629629161396979,0.010704829832582538,0.010770803573797776,0.01082750556861016,0.010874900626387247,0.010912963188236629,0.0109416774662018,0.010961037497025242,0.010971047323400701,0.010971721079110992,0.010963083195075881,0.01094516849717078,0.010918022417784279,0.010881701085798508,0.010836271522905876,0.010781811704079972,0.010718410717252092,0.010646168772403953,0.01056519730365358,0.010475618906121243,0.010377567361283308,0.0102711874832726,0.010156635051790451,0.010034076553753674,0.009903689013354292,0.009765659621183484,0.009620185458408903,0.00946747301390465,0.009307737809150186,0.009141203814596316,0.00896810299388302,0.008788674643751807,0.008603164890492404,0.008411825993038727,0.008214915840956363,0.008012697277556165,0.007805437666642238,0.007593408310731078,0.007376884172103213,0.007156143479139668,0.006931467704199462,0.006703141466542498,0.006471452882652183,0.006236693884291838,0.005999161062849671,0.005759156522262654,0.005516989334137824,0.00527297703403481,0.005027447785372178,0.004780742601412451,0.004533218281843879,0.0042852504021060975,0.004037237040005027,0.003789602524328083,0.0035428019186357173,0.003297325476493111,0.0030537038163512306,0.00281251301614992,0.00257438042711071,0.0023399903947225777,0.0021100907690741995,0.0018854994109816132,0.0016671117087947527,0.0014559083518312494,0.001252964605164076,0.0010594602947640948,0.0008766921560200724,0.0007060873833258185,0.0005492209534440341,0.00040783388227605866,0.000283857808940775,0.00017943713102995914,9.696382815117794e-5,3.9096372381668564e-5,8.812093412645928e-6
5.354753336082438e-6,3.222582968175115e-5,8.497115878168437e-5,0.00016222944117312232,0.0002624391028866125,0.00038394607991880267,0.0005250621220707882,0.0006841126875267604,0.0008594639904073498,0.0010495418094760732,0.001252841314225053,0.0014679325196942825,0.0016934619302903123,0.0019281522516277584,0.002170800514834916,0.002420275494068752,0.002675514480057463,0.0029355198899049966,0.003199355644770139,0.0034661436456845064,0.0037350601982926225,0.00400533265802712,0.004276236112403403,0.0045470903384681296,0.0048172568316912304,0.005086136125523947,0.00535316518745925,0.005617815099820069,0.0058795888054960785,0.0061380191207281954,0.0063926667940271045,0.006643118810709435,0.006888986722865956,0.0071299052037436935,0.007365530608460421,0.007595539740677251,0.007819628609520702,0.008037511377600738,0.008248919286682376,0.008453599763248545,0.00865131549233963,0.008841843663292695,0.009024975177025742,0.009200514019798732,0.009368276593714628,0.009528091210134825,0.009679797536246279,0.009823246202152523,0.009958298358081171,0.010084825390295486,0.010202708584045577,0.01031183894345708,0.01041211695484461,0.010503452504821119,0.01058576473726572,0.010658982062242077,0.010723042097930359,0.01077789176072701,0.010823487281000693,0.010859794362153844,0.010886788256333792,0.010904453977484355,0.01091278642034393,0.010911790609811615,0.010901481843934229,0.010881885959495461,0.010853039477478878,0.01081498986293919,0.010767795649895036,0.01071152667252046,0.010646264145869186,0.010572100845537821,0.010489141121329655,0.010397501004072713,0.010297308131604998,0.010188701764666087,0.010071832608681603,0.009946862725858647,0.009813965242426578,0.00967332415146168,0.009525133903710176,0.00936959910542089,0.009206934001743411,0.009037362086042633,0.008861115498155023,0.008678434576203058,0.008489567207534748,0.00829476837064759,0.008094299493966478,0.007888428053472275,0.007677427012718461,0.007461574559981106,0.007241153720636648,0.007016452334338756,0.006787762945960988,0.006555383135989164,0.006319615805891116,0.006080769980533805,0.005839161604874336,0.005595114932548652,0.005348963940138127,0.005101054398563268,0.00485174598721614,0.004601415114035586,0.0043504577756737104,0.004099293151679187,0.003848367215456657,0.0035981570881460805,0.0033491753720784195,0.003101975229493594,0.0028571554102779914,0.0026153660490231714,0.0023773144234473936,0.002143771575927812,0.0019155790048008027,0.0016936564507101235,0.001479010001938352,0.0012727417394195557,0.0010760600919363073,0.0008902924568611987,0.0007168988500674168,0.000557488972720634,0.0004138398241630938,0.0002879188808302152,0.00018190440008412882,9.821704195566531e-5,3.953596184484711e-5,8.845784740865267e-6
4.669670973261364e-6,2.8569742756883194e-5,7.585548174954324e-5,0.0001456858403815865,0.000236945882977312,0.0003483636934996451,0.0004785729362295406,0.0006261692526063604,0.00078974372471831,0.0009679087235823469,0.0011593133986500417,0.0013626543316470488,0.0015766814086943391,0.0018002011761146304,0.0020320779679587017,0.0022712338717739756,0.0025166476328043743,0.0027673530986021657,0.003022437156377908,0.0032810375595682573,0.00354234051380168,0.0038055783344046034,0.004070026996719101,0.004335003847803108,0.004599865276366279,0.004864004585676704,0.005126849852472402,0.005387862002401754,0.005646532878199075,0.00590238352333626,0.00615496245465992,0.006403844142371579,0.0066486274707464234,0.006888934396061027,0.007124408576268531,0.0073547141882500085,0.007579534708890111,0.007798571875919844,0.008011544606475147,0.008218188089747721,0.008418252833107076,0.00861150387863512,0.008797719970429827,0.008976692890229789,0.009148226742164187,0.009312137404809764,0.009468251931263095,0.00961640811607183,0.009756454009079112,0.009888247595777505,0.010011656423013134,0.01012655739052296,0.010232836485388213,0.010330388680972009,0.010419117775115738,0.010498936390516137,0.01056976590920141,0.010631536565723547,0.010684187467579931,0.010727666769607428,0.010761931766889644,0.0107869491356004,0.010802695081758604,0.010809155630673953,0.010806326811891623,0.010794214976589894,0.010772836996441446,0.01074222058605866,0.010702404491569157,0.010653438793788581,0.010595385061362749,0.010528316610082971,0.01045231859579911,0.010367488206489776,0.010273934672113941,0.010171779369020535,0.01006115572777818,0.009942209234533933,0.009815097223910893,0.009679988769246238,0.009537064356076354,0.009386515662962905,0.009228545122013862,0.009063365604295716,0.008891199887253455,0.00871228027338798,0.00852684800010928,0.008335152837070895,0.008137452491400108,0.00793401224710145,0.007725104436821396,0.007511008204861581,0.007292009134184573,0.0070683992310356155,0.0068404768106980155,0.006608546814124987,0.00637292106537179,0.006133919036139095,0.005891868588928381,0.005647107301163575,0.005399983798404979,0.005150859733758318,0.004900111793852014,0.00464813440187598,0.004395342447591717,0.0041421747477686285,0.00388909751715113,0.0036366085888117025,0.003385241619878904,0.003135571063847933,0.0028882171139557257,0.002643851455204473,0.0024032030169940893,0.0021670646418909464,0.0019362998684827814,0.0017118508559922836,0.0014947466522560826,0.001286112992584809,0.0010871827544312474,0.0008993085477974352,0.0007239761390955773,0.0005628209402886414,0.0004176447068781786,0.0002904371318979231,0.00018339429980850156,9.894731187665548e-5,3.9775902788345136e-5,8.850720774547084e-6
4.017167141645759e-6,2.5088634389027944e-5,6.714420491298166e-5,0.00012980803580069347,0.0002123721477172682,0.0003139183868199472,0.00043338321791502307,0.0005696200039021599,0.0007214372529651339,0.0008876299541168872,0.0010669997181259538,0.0012583698385448135,0.0014605948810342284,0.0016725673223139533,0.0018932214402440652,0.002121535663119304,0.0023565334989644887,0.002597283730030917,0.002842899845246959,0.0030925391698448626,0.0033454015732602544,0.003600728106108864,0.0038577993921716336,0.00411593407460233,0.004374487111833694,0.004632848193133635,0.00489044005281205,0.0051467169364175875,0.005401162989526675,0.00565329081254193,0.005902639948234173,0.0061487755397555644,0.006391286924852799,0.0066297864007215474,0.006863907925633828,0.00709330599002879,0.007317654424293466,0.007536645374984363,0.007749988217942676,0.007957408639596446,0.008158647655962657,0.00835346080042733,0.008541617250540763,0.008722899124834399,0.00889710072019293,0.009064027920827538,0.009223497549208006,0.009375336890150427,0.009519383157756975,0.009655483136694341,0.009783492766345879,0.009903276899795862,0.010014709004511466,0.01011767103738422,0.010212053258812385,0.01029775421946968,0.010374680681739995,0.010442747710799333,0.01050187869407874,0.010552005525868728,0.010593068711990134,0.01062501763361842,0.010647810720795316,0.01066141577770422,0.010665810205253779,0.010660981366844723,0.010646926837245205,0.010623654785233425,0.010591184223644197,0.010549545383441397,0.01049877993846192,0.010438941344796096,0.010370095013707932,0.010292318591022018,0.01020570205330069,0.010110347904574525,0.010006371174430855,0.009893899514195344,0.009773073081413598,0.009644044524738958,0.009506978747598047,0.009362052780734856,0.00920945542873874,0.00904938704148513,0.008882059060641193,0.008707693715969637,0.008526523504641129,0.00833879085512823,0.008144747589580156,0.007944654616037243,0.007738781442281852,0.007527405975131012,0.007310814171568034,0.0070893000401420075,0.006863165529781468,0.006632720840551577,0.006398284659855673,0.0061601848953392255,0.005918759369578002,0.005674357084283912,0.005427339475933414,0.005178082306175826,0.004926977561658176,0.004674436041399832,0.004420889956859041,0.004166796257790903,0.00391263996046875,0.0036589382290200447,0.0034062444437298178,0.0031551530513823332,0.0029063044001910363,0.0026603904104706613,0.0024181602684704433,0.0021804270685090777,0.0019480745885760622,0.0017220652215953157,0.0015034482385159586,0.0012933695418838773,0.0010930819865369015,0.0009039576810610001,0.0007275009243981672,0.0005653638726123114,0.0004193621314546568,0.0002914946637199297,0.00018396039922206927,9.918406727389569e-5,3.982765725515478e-5,8.828559712768457e-6
3.401575120251346e-6,2.181261291296516e-5,5.8920546542320216e-5,0.00011476056346195998,0.00018899078538908378,0.0002810161228577824,0.0003900537488525261,0.0005151991325845852,0.0006554676470410068,0.0008098300225830063,0.000977236200866897,0.0011566340325435572,0.0013469820535345393,0.0015472590072171115,0.001756470221844622,0.0019736521480079212,0.0021978751704210524,0.0024282454443618536,0.002663905745215384,0.0029040358390756663,0.003147852261383053,0.0033946078928445284,0.003643591160382625,0.0038941251915273153,0.004145566714809185,0.004397305001545135,0.00464876062268089,0.004899384296762562,0.005148655592606319,0.0053960817511209715,0.00564119638507544,0.005883558314181405,0.006122750292398542,0.006358377880388323,0.006590068219826104,0.006817468959672961,0.0070402470916505954,0.00725808794315448,0.007470694085651267,0.007677784405489488,0.007879093095908408,0.008074368816215448,0.008263373777417048,0.00844588299954939,0.008621683500151654,0.008790573658594454,0.008952362515471117,0.00910686925141183,0.009253922603865216,0.009393360466054377,0.00952502942553916,0.009648784486663509,0.009764488732746344,0.009872013172618536,0.009971236525310515,0.010062045188127325,0.010144333139354509,0.010218002021828704,0.010282961155533487,0.010339127726891356,0.010386426899276774,0.010424792094396423,0.010454165184849904,0.010474496850151288,0.01048574683170633,0.010487884342462303,0.010480888361273151,0.010464748072110272,0.010439463172042265,0.010405044313688213,0.010361513399256787,0.01030890399882614,0.010247261602411522,0.01017664398705434,0.010097121400089164,0.010008776850278081,0.009911706198656979,0.009806018353390558,0.009691835250112227,0.009569291937066756,0.009438536434943875,0.009299729708397937,0.00915304540612652,0.0089986697270426,0.008836801054711494,0.008667649741128486,0.008491437665298281,0.008308397974290076,0.008118774613118558,0.007922822080687899,0.007720804996187085,0.007512997945431818,0.007299685166224583,0.007081160576707762,0.006857727676565562,0.006629699861104831,0.006397400644453916,0.006161164368752456,0.005921336857255496,0.005678276625085235,0.005432356062627964,0.005183963241687153,0.004933503712680537,0.004681402978926574,0.004428108967636217,0.004174095220193806,0.003919864073823684,0.0036659505964590647,0.0034129265048375734,0.00316140487286676,0.002912044828477608,0.002665557100936493,0.002422709597891759,0.002184333942407188,0.0019513321400517073,0.0017246843905903107,0.0015054571910510912,0.0012948128625771562,0.0010940195371432113,0.0009044629570874105,0.0007276587165622082,0.0005652669226858531,0.0004191065464702883,0.00029117359554440105,0.0001836559160288579,9.89564025837374e-5,3.9702573404482106e-5,8.780991527445886e-6
2.8256780467471145e-6,1.8762268501012146e-5,5.1243258935150526e-5,0.00010066230521240111,0.00016700268912211538,0.00024996054498878736,0.00034900979627441284,0.0004634701884928671,0.0005925510557405214,0.000735389720631537,0.0008910782050134459,0.0010586848395363446,0.0012372697033274742,0.0014258966210110404,0.00162364173413155,0.001829600004376322,0.0020428897427196614,0.0022626559650625318,0.0024880725644910347,0.0027183438471869094,0.002952705322211838,0.00319042416874692,0.003430799206410781,0.003673160725628127,0.003916869966142127,0.00416131856409585,0.004405927734421889,0.004650147487390778,0.004893455634683611,0.005135356870695283,0.005375381678679799,0.005613085339057125,0.005848046786942158,0.006079867590732705,0.0063081707980159225,0.006532599916830556,0.00675281777862624,0.006968505548218255,0.007179361627501752,0.007385100716129831,0.007585452776374737,0.007780162163719079,0.007968986670692416,0.00815169674415925,0.008328074623608635,0.008497913659571619,0.00866101755943064,0.008817199818910168,0.008966283085861114,0.00910809871404194,0.009242486252459159,0.00936929312764978,0.009488374262996601,0.009599591892420847,0.009702815310624124,0.009797920817515347,0.009884791596585589,0.009963317785535886,0.010033396476003886,0.010094931901803977,0.01014783554906022,0.010192026449299348,0.010227431384836191,0.010253985269818366,0.010271631431613928,0.010280322058993919,0.01028001853650773,0.010270691935551524,0.010252323375575327,0.010224904531122226,0.010188437991498506,0.0101429377553346,0.010088429559432193,0.010024951332353467,0.00995255346392222,0.009871299191169676,0.009781264782763815,0.009682539834688923,0.009575227349045323,0.009459443923397122,0.009335319711165616,0.009202998497840184,0.009062637540706762,0.008914407537102887,0.008758492354413361,0.0085950889100783,0.008424406818326865,0.008246668218240263,0.008062107380934769,0.007870970539785518,0.007673515519669344,0.007470011641184059,0.007260739450614772,0.007045990785911494,0.006826068700310342,0.006601287789835044,0.0063719744127852035,0.006138467384351137,0.005901118596318439,0.0056602941821517925,0.005416375634827147,0.005169761534662517,0.004920869248348663,0.0046701372933037446,0.004418027680610298,0.004165028968314801,0.003911659291560537,0.003658470141583402,0.0034060501181942316,0.003155029473051944,0.002906084635267627,0.0026599435896378443,0.002417391276472395,0.0021792759453534705,0.0019465156150433405,0.0017201056462100058,0.0015011265451275178,0.0012907531049459148,0.0010902638880284877,0.0009010523505380726,0.0007246382253888107,0.0005626810438731411,0.00041699315206981756,0.00028955612652340276,0.0001825338225139032,9.829311058284048e-5,3.941179257071072e-5,8.709642779947825e-6
2.29121991577888e-6,1.5950692160392263e-5,4.415095766936279e-5,8.759395038493685e-5,0.00014654793445404219,0.00022096816388886444,0.00031056034440524394,0.0004148492361930766,0.0005332235831003703,0.0006649764524091321,0.00080933403716945,0.0009654795187453124,0.0011325706710165237,0.0013097539315670259,0.0014961748659482147,0.0016909864017853925,0.001893354898628211,0.0021024648859857536,0.0023175224505838743,0.002537757853094851,0.0027624272617279293,0.0029908140557110933,0.0032222295196044507,0.003456013312807613,0.0036915334955706413,0.003928186456391296,0.004165396499251357,0.0044026154122968454,0.004639321763875061,0.004875020232966415,0.005109240713354354,0.0053415374891005625,0.0055714882175197065,0.0057986930107334295,0.006022773350694466,0.006243371124091809,0.006460147511701517,0.0066727820150413435,0.006880971354984274,0.007084428522368976,0.007282881715460444,0.007476073441989826,0.007663759520738569,0.007845708258475706,0.008021699537141087,0.008191524085486308,0.008354982669738898,0.008511885476205693,0.008662051419747822,0.008805307650046218,0.00894148898860724,0.009070437567732065,0.009192002403037988,0.009306039170372522,0.009412409916924455,0.009510982977340156,0.009601632822397408,0.009684240111404261,0.009758691673120606,0.009824880687174234,0.00988270678747796,0.009932076360952894,0.009972902759195785,0.010005106698373248,0.010028616560497637,0.010043368874118587,0.010049308682466292,0.010046390080774351,0.010034576625022983,0.010013841898664104,0.009984169933069538,0.009945555774455907,0.009898005885776122,0.009841538684144259,0.009776184894206078,0.009701988027724115,0.009619004660809756,0.009527304830933865,0.00942697221514539,0.009318104425929168,0.009200813074938391,0.009075223958032709,0.008941476999250127,0.00879972632705205,0.008650140106180357,0.008492900521421248,0.008328203520302077,0.008156258737058022,0.00797728918614535,0.007791531176681089,0.007599234014422658,0.00740065997445068,0.007196084086086511,0.00698579424729962,0.00677009118111606,0.0065492887871148354,0.006323714367139311,0.006093709315209153,0.005859629712828471,0.005621847457016834,0.005380751320017976,0.005136748605407529,0.004890266753900834,0.004641755601111315,0.0043916895932495665,0.004140570701417452,0.0038889312941748698,0.003637337749714011,0.003386394025349162,0.003136746010426271,0.0028890858457122025,0.0026441570856922812,0.0024027598605738613,0.0021657569710488832,0.0019340800488786864,0.0017087367812445708,0.0014908182911906888,0.0012815077575820386,0.0010820892510482248,0.0008939580447678222,0.0007186310128603408,0.0005577589151192047,0.00041313802158745227,0.0002867247674747336,0.00018064710813434139,9.722291702443852e-5,3.896642664335417e-5,8.616150208913469e-6
1.7989500658364483e-6,1.3384551095256503e-5,3.766534910361252e-5,7.560411382281134e-5,0.0001277152842262839,0.0001941815517115944,0.00027491511465297687,0.0003696257064284117,0.00047786586556263546,0.0005990723582860783,0.0007325964053767212,0.0008777292077174029,0.0010337212504979137,0.0011997980666441476,0.0013751722966947018,0.0015590534173985783,0.0017506551685641811,0.001949201527318313,0.002153931195174165,0.0023641012039732267,0.0025789895186527695,0.0027978971161854564,0.0030201493540180755,0.0032450970376374545,0.0034721169596724295,0.003700612279362888,0.003930012491095104,0.004159773326099407,0.004389376322589037,0.004618328392764064,0.004846161114757958,0.005072430067500268,0.00529671393287863,0.005518613675818224,0.005737751524930675,0.005953770058882689,0.006166331120435163,0.006375114859015685,0.006579818623571719,0.006780156003075163,0.006975855736389912,0.00716666078595748,0.007352327296968802,0.007532623734007302,0.007707329916667409,0.007876236244056417,0.008039142829319414,0.008195858832373065,0.008346201711380303,0.008489996679761755,0.00862707608837506,0.00875727901860672,0.008880450804756594,0.00899644277075768,0.009105111897964127,0.009206320708714858,0.0092999370803128,0.009385834274192782,0.009463890892334664,0.009533991046208626,0.009596024447194255,0.009649886704799425,0.009695479537924196,0.00973271118717311,0.009761496729146325,0.009781758583144083,0.009793426906263114,0.009796440170674294,0.009790745613421747,0.009776299857013492,0.009753069384791849,0.009721031175181473,0.009680173171687102,0.009630494900182921,0.00957200790242014,0.009504736306621006,0.009428717195240884,0.009344001102256362,0.009250652290195536,0.00914874915320337,0.009038384385314895,0.008919665276869684,0.008792713765793199,0.008657666626246615,0.008514675407242708,0.008363906526359448,0.008205541114996296,0.008039775046033449,0.007866818721745586,0.007686897081565436,0.007500249386030601,0.007307129268003083,0.007107804582542618,0.006902557580359533,0.006691684907345298,0.006475497990739644,0.006254323281220614,0.006028502948288824,0.005798395460550863,0.005564376685679675,0.00532684089978604,0.005086202378627992,0.0048428969152276465,0.004597383974251167,0.004350148780923644,0.004101705093621957,0.0038525979119156777,0.0036034069098717088,0.003354749804029608,0.003107286489635327,0.0028617231182889295,0.002618816998131318,0.0023793814597512218,0.0021442916205228492,0.001914490161599631,0.0016909941067588092,0.0014749016718314768,0.001267400248945051,0.0010697744802750486,0.0008834156456559643,0.0007098309822863382,0.0005506546637627804,0.00040765800089477945,0.0002827623490590574,0.00017804883069319976,9.577451482360072e-5,3.837754135911128e-5,8.50213279657258e-6
1.348875367303082e-6,1.1065355652203185e-5,3.179426010392861e-5,6.471482352192808e-5,0.00011055066397258021,0.000169681149104715,0.0002421998967228781,0.000327981318432736,0.0004267255538513744,0.0005380002584631352,0.0006612716800425843,0.0007959313241840025,0.0009413165357804172,0.001096727599028817,0.0012614411077971634,0.0014347209567595334,0.0016158269398825172,0.0018040218115342264,0.0019985767537293313,0.0021987758740116044,0.0024039195978874123,0.002613327458346696,0.0028263400845662317,0.003042320822848176,0.0032606567514569104,0.003480759481270612,0.00370206547966686,0.003924036283942908,0.0041461583278007575,0.004367942730676178,0.004588924765723594,0.004808663344962093,0.0050267402332771155,0.005242759321661064,0.005456345669280659,0.005667144638559294,0.00587482083183745,0.006079057148847812,0.0062795536730934146,0.006476026702254463,0.0066682076304744285,0.0068558419941702215,0.007038688389034084,0.007216517566897674,0.007389111419880761,0.007556262157967964,0.007717771387050844,0.007873449391460953,0.008023114327444346,0.008166591629865582,0.008303713337761705,0.008434317639661109,0.008558248343148788,0.008675354568592645,0.008785490370010614,0.00888851458236823,0.008984290596363591,0.009072686359778905,0.009153574304045136,0.009226831495343923,0.009292339705956885,0.00934998570594787,0.009399661467375505,0.009441264582505422,0.009474698584082546,0.009499873471263085,0.009516706124474845,0.009525120915848194,0.009525050192994664,0.009516434946925433,0.009499225335673229,0.009473381379888672,0.009438873494986486,0.00939568318319703,0.009343803542270927,0.009283239923149991,0.009214010384626473,0.00913614628841855,0.009049692672936904,0.008954708762738023,0.008851268241011418,0.008739459658378032,0.008619386593029642,0.008491167954691365,0.008354938033449888,0.008210846708206977,0.008059059399786551,0.007899757208838622,0.0077331368051124965,0.007559410536634875,0.007378806303982568,0.0071915676993474596,0.0069979539307600275,0.006798240064704882,0.006592717078749749,0.00638169229279635,0.006165489637558457,0.005944450365503059,0.005718933625447377,0.005489317543401331,0.005256000189344536,0.0050194011102500415,0.004779962764335531,0.004538152574938065,0.004294464892633974,0.004049423622838984,0.0038035847616851113,0.003557539637721247,0.003311918059401869,0.0030673922083509515,0.0028246804404723777,0.0025845518797418046,0.0023478309336175153,0.002115402661701997,0.0018882180936845637,0.0016673004781605943,0.0014537515097758859,0.0012487585832926464,0.0010536020128994192,0.0008696634126800524,0.0006984338701021863,0.0005415235751829203,0.000400670584307151,0.0002777520061386605,0.00017479215511535324,9.397661985624814e-5,3.765620699135587e-5,8.369214051933075e-6
9.403596737612039e-7,8.990356227330849e-6,2.6534115866372642e-5,5.492619146934198e-5,9.506449586861804e-5,0.000147495610153723,0.00021247013170522987,0.00029000701756523773,0.0003799376350307843,0.00048194732174782346,0.0005956068192665765,0.000720399621913831,0.0008557434573247082,0.0010010083969147925,0.0011555312687888853,0.001318627688739806,0.0014896016486803097,0.001667753515759346,0.0018523863580244319,0.0020428112341383206,0.002238351293153003,0.0024383452065177232,0.00264214972012411,0.0028491417813249933,0.0030587199898012133,0.0032703057862936424,0.003483344103975464,0.003697303870599588,0.003911678072105278,0.004125983748676111,0.0043397616259014185,0.004552575740117215,0.00476401275611883,0.004973681327543878,0.005181211195679101,0.005386252370164644,0.005588474086037886,0.005787563875029742,0.00598322644484155,0.006175182699642549,0.0063631685950910006,0.006546934157129453,0.006726242357538855,0.006900868172073011,0.007070597513838916,0.0072352263648087865,0.007394559797729567,0.007548411208827949,0.007696601453034674,0.00783895820005273,0.007975315202247441,0.008105511791014822,0.008229392291581044,0.008346805671616239,0.008457605112258647,0.00856164781604973,0.008658794738615937,0.008748910558137157,0.008831863567205766,0.008907525801106764,0.008975773084372494,0.009036485310148166,0.009089546630885863,0.009134845876025262,0.009172276871213764,0.00920173897657593,0.00922313751395664,0.009236384403389744,0.009241398673381324,0.009238107169090902,0.009226445116919864,0.009206356874740586,0.009177796519408405,0.009140728607522824,0.009095128753366676,0.009040984368586195,0.008978295198916082,0.008907074013259528,0.008827347070778589,0.008739154734501268,0.008642551846272505,0.00853760824746163,0.008424409048041207,0.00830305504728233,0.008173662894800114,0.008036365417101118,0.007891311682463277,0.0077386672543099215,0.007578614187565129,0.007411351246170914,0.007237093874986112,0.0070560744350307136,0.006868542210603735,0.006674763730402827,0.006475022882582558,0.006269621400922272,0.006058879169217175,0.005843134957424823,0.005622746999540034,0.005398094063896495,0.005169576384733172,0.004937617143345104,0.004702663823375185,0.004465190166572724,0.004225698007602405,0.003984719752853785,0.003742820736115774,0.0035006022557277005,0.00325870448275779,0.003017810085805238,0.0027786477225977724,0.0025419962861443256,0.0023086890200350618,0.002079618433352433,0.0018557410938349695,0.0016380832746927235,0.0014277464840261127,0.001225913912908441,0.001033856729136846,0.0008529413889860052,0.0006846366189663147,0.0005305216718924883,0.00039229365666349164,0.0002717770381515932,0.00017093028785774889,9.185794108082072e-5,3.6813479469935904e-5,8.21901202942059e-6
5.72271288449937e-7,7.153415692685692e-6,2.1872154731587948e-5,4.6220523799233914e-5,8.123815771862425e-5,0.00012761095449007572,0.00018572299524857022,0.00025571813704678586,0.0003375427442794359,0.0004309865345081057,0.0005357139526074129,0.0006512918101100076,0.0007772113298612681,0.0009129069721927473,0.0010577716429283257,0.001211169554418592,0.0013724466293481153,0.0015409392921876754,0.0017159815322192302,0.001896910884508699,0.0020830731531759203,0.0022738264157952646,0.0024685440800000205,0.002666617467390793,0.002867457658891185,0.0030704970367816885,0.0032751902342579393,0.0034810149019778485,0.0036874719884083472,0.003894085926003103,0.004100404411843094,0.004305998162369049,0.004510460326126481,0.004713405924831114,0.0049144710039652015,0.005113311855838594,0.005309603994752455,0.0055030412411009475,0.005693334593118332,0.0058802112379283105,0.0060634133800057735,0.006242697234256046,0.006417831861387414,0.006588598188936209,0.006754787895238676,0.006916202496405136,0.007072652313179321,0.007223955654924525,0.007369937897114569,0.007510430787206784,0.007645271654612316,0.007774302857700595,0.007897371142656116,0.008014327245596165,0.008125025411559404,0.008229323160662806,0.00832708097343571,0.00841816222493986,0.008502433037637716,0.008579762382375742,0.008650022094874714,0.008713087137372528,0.008768835769655117,0.00881714995999473,0.008857915696450102,0.00889102353063322,0.008916369009935336,0.008933853332786224,0.008943383877748567,0.008944874944561929,0.008938248351990167,0.008923434235422696,0.008900371682334764,0.008869009554954257,0.008829307130634562,0.008781234917522612,0.008724775267494211,0.008659923154322376,0.008586686729493878,0.00850508803646037,0.008415163484985598,0.008316964481910017,0.0082105578078552,0.008096026154637373,0.00797346839911399,0.007843000049741266,0.007704753425753501,0.007558878029846339,0.007405540656020253,0.007244925721071439,0.007077235340218135,0.0069026896657069774,0.006721526984310076,0.0065340041252953856,0.006340396646337984,0.006140999383585038,0.005936126800720165,0.005726113759228403,0.005511316107843592,0.005292111750230145,0.005068901548105296,0.004842110756209475,0.004612190302456564,0.004379618647401578,0.004144903490733195,0.003908584097108378,0.003671233463433461,0.0034334611387155894,0.0031959158748441963,0.0029592889588905343,0.0027243173647414536,0.002491787614311653,0.002262539448682172,0.002037470238789315,0.0018175391981366544,0.0016037723680844558,0.0013972673890608137,0.001199199084075845,0.001010824774660643,0.0008334904822508133,0.0006686366918199452,0.0005178052289576496,0.0003826451728994163,0.00026492071455819547,0.00016651637275073034,8.944713640962586e-5,3.586039197681069e-5,8.053142295362678e-6
2.4307777366020527e-7,5.545708128117598e-6,1.7788304255114175e-5,3.856586465124448e-5,6.902960203935803e-5,0.00010997858520255098,0.00016190805622948114,0.00022506786377644725,0.00029950353538438993,0.0003850960159253031,0.00048159263532537573,0.0005886347035940863,0.0007057798262718615,0.0008325211836435585,0.0009683033083312038,0.001112535581499055,0.001264603286900024,0.001423877054537375,0.0015897205429837467,0.0017614970121096613,0.0019385745858868755,0.0021203307584410948,0.0023061558954515435,0.0024954562244972433,0.002687656032156262,0.002882199523408317,0.0030785520390053814,0.0032762010610836996,0.003474656689032522,0.003673451998428723,0.003872142956859658,0.004070308296732159,0.0042675490140102225,0.004463487883233131,0.004657768654824701,0.004850055317194125,0.005040031087843177,0.005227397509413577,0.0054118733137499975,0.0055931934242973965,0.005771107759143333,0.005945380200165416,0.006115787390051613,0.006282117718438056,0.006444170158498708,0.006601753311592547,0.006754684320895021,0.006902788008510984,0.007045895896537552,0.0071838454639471284,0.007316479299183392,0.007443644498166706,0.007565191966820289,0.007680975976071951,0.007790853627378546,0.007894684575408652,0.007992330664498478,0.00808365582462411,0.00816852588163149,0.00824680862702844,0.008318373799692809,0.008383093324857578,0.008440841459769196,0.00849149519202168,0.00853493453635994,0.00857104307730517,0.008599708399099164,0.008620822752532621,0.008634283595117429,0.008639994357430925,0.008637865066280798,0.008627813182055136,0.008609764274276687,0.008583652898804752,0.008549423293195614,0.00850703026157125,0.00845643985706211,0.008397630243197073,0.00833059233281824,0.008255330598341774,0.008171863641260813,0.008080224929849703,0.007980463280890415,0.007872643512432224,0.0077568468296553466,0.007633171391952472,0.007501732607540698,0.007362663627885021,0.007216115570066312,0.00706225796651372,0.0069012789491525155,0.006733385697262671,0.0065588046316280395,0.006377781916510347,0.006190583723730535,0.005997496854529317,0.005798829141059986,0.005594910258707114,0.005386092334491444,0.005172751019165054,0.004955286367836802,0.004734124233666292,0.004509717475995926,0.004282547724729058,0.00405312695705243,0.0038219996658726005,0.0035897448305936535,0.0033569785074486786,0.0031243562059865533,0.0028925759068449616,0.0026623808460472347,0.002434562958421353,0.002209966066632611,0.0019894897450688153,0.0017740929063891082,0.001564798077863777,0.001362695367984418,0.001168947142691768,0.0009847923282130474,0.0008115514779394896,0.0006506313086021225,0.0005035302075300041,0.0003718427584563352,0.0002572660105498597,0.00016160333125950037,8.677272848055251e-5,3.480792004253652e-5,7.87321055814974e-6
-4.9054527437472674e-8,4.156349867034907e-6,1.4256824055190865e-5,3.191908617857793e-5,5.837826536366336e-5,9.452232064042089e-5,0.0001409366665346879,0.00019795915736566636,0.0002657192423103715,0.0003441762857556423,0.00043314984340981293,0.0005323469308657629,0.0006413843563301868,0.0007598082214300191,0.0008871100651493846,0.0010227408165676287,0.001166122345026996,0.0013166574231693673,0.001473737914971412,0.00163675184319279,0.0018050891089943966,0.0019781464292659367,0.002155331222830649,0.0023360649562450225,0.0025197856492807174,0.0027059500150144037,0.0028940349139281044,0.0030835385725725127,0.0032739812331597034,0.0034649056673586092,0.0036558772125971774,0.003846483751286408,0.004036335286303086,0.004225063523081307,0.004412321108533986,0.00459778092892072,0.004781135114878103,0.004962094148767484,0.0051403857212226605,0.005315753726052892,0.0054879570394690425,0.005656768467574624,0.005821973507441161,0.005983369301173941,0.006140763427808187,0.006293972908516461,0.006442823069558749,0.006587146635099996,0.006726782693913238,0.006861575909242993,0.006991375615360305,0.0071160351677061594,0.007235411189494801,0.007349363079743006,0.007457752424678494,0.007560442675996071,0.007657298736647641,0.007748186816561299,0.00783297419728447,0.007911529267319443,0.00798372146495025,0.008049421490191028,0.008108501419884648,0.00816083508801885,0.00820629836186618,0.008244769677149275,0.008276130458711155,0.008300265791861746,0.008317064966008002,0.008326422258739453,0.008328237576300709,0.008322417322888461,0.008308875108183612,0.00828753267133919,0.008258320623423548,0.00822117939411961,0.008176059976316067,0.008122924864066705,0.008061748768127755,0.00799251951663169,0.007915238714473197,0.00782992258371578,0.007736602546562441,0.007635325990828795,0.007526156765765543,0.007409175868817686,0.007284481855455689,0.00715219145636443,0.007012439915988556,0.006865381563360988,0.006711190108190009,0.006550059202474575,0.006382202736237557,0.0062078554393288025,0.006027273229716652,0.00584073391378396,0.005648537646812491,0.00545100779411611,0.005248491564692708,0.00504136109369728,0.004830014305548434,0.004614876270339361,0.004396400342305319,0.00417506982968047,0.003951399439800674,0.003725937285595273,0.003499266652067484,0.003272008345699331,0.003044822781279201,0.002818412665534974,0.0025935253902428395,0.0023709560297759057,0.0021515500164156574,0.0019362064228554325,0.0017258808866241456,0.0015215891416001336,0.0013244101468039417,0.001135489827183182,0.0009560443434751915,0.000787364015990828,0.0006308166390478079,0.00048785164122599735,0.0003600032642443041,0.0002488953040552662,0.00015624367475997213,8.386300614762026e-5,3.366694577638294e-5,7.680808654030366e-6
-3.0618436766668435e-7,2.972926868907181e-6,1.1247711810025296e-5,2.6228554666900318e-5,4.920932517362979e-5,8.114451991950687e-5,0.00012269017812777702,0.00017425522861175637,0.00023603854033635687,0.00030806558576674717,0.00039021779479245136,0.0004822592626726244,0.0005838588836068774,0.0006946098712236261,0.0008140460877829491,0.0009416562915385216,0.0010768960408213929,0.0012191980520104646,0.0013679807853442,0.0015226559137033538,0.0016826344185812585,0.001847331889483729,0.0020161727354947603,0.002188593835665806,0.0023640473093681337,0.002542002900054445,0.0027219496346531703,0.0029033972288690746,0.0030858768883476745,0.003268941959098457,0.00345216806932679,0.0036351532032097744,0.0038175173437705106,0.003998902115110189,0.004178970057893984,0.004357403959812425,0.0045339058727170535,0.0047081962308679086,0.004880012700471895,0.005049109168626213,0.005215254500789833,0.005378231469376696,0.00553783548185126,0.005693873506115346,0.0058461628210355054,0.005994529985742123,0.006138809655144351,0.006278843631723659,0.006414479780687954,0.006545571195514317,0.006671975240563884,0.006793552855247561,0.006910167745890188,0.007021685847681675,0.007127974682093404,0.007228902990492578,0.0073243402682330976,0.007414156578731401,0.007498222270287364,0.0075764079743741814,0.007648584506147386,0.007714623045588536,0.007774395217447369,0.007827773448656048,0.007874631218137747,0.007914843578618968,0.00794828756141178,0.007974842845535398,0.007994392297420041,0.008006822765330927,0.008012025729222967,0.008009898194162268,0.008000343421631898,0.007983271892349434,0.007958602087607099,0.007926261490031478,0.007886187382479936,0.007838327855319021,0.007782642591429152,0.007719103850894896,0.0076476972141405536,0.007568422519815833,0.0074812945441976135,0.0073863438756097905,0.007283617516955717,0.007173179690048708,0.007055112359147755,0.006929515970577319,0.006796509907730494,0.006656233184425538,0.006508844854939878,0.0063545246924389485,0.006193473589813341,0.006025914265697384,0.005852091701624684,0.005672273926003343,0.005486752538824686,0.005295843627052856,0.005099888428574185,0.00489925442982185,0.004694336215254783,0.004485556789496856,0.004273368647679809,0.004058255350723983,0.0038407328366391797,0.0036213512605279725,0.0034006965494584544,0.003179392500600303,0.002958102564829522,0.002737532179296639,0.002518430749275353,0.0023015941767703207,0.0020878669968816617,0.0018781450522418338,0.0016733777288000721,0.0014745707175716528,0.0012827882846744747,0.0010991560618274416,0.0009248632773484975,0.0007611655422885822,0.0006093869621381776,0.00047092298516393467,0.00034724228451579937,0.00023989004008094346,0.00015048929157008767,8.074590882459508e-5,3.244821198915492e-5,7.477507094621469e-6
-5.305251191055934e-7,1.981955140847405e-6,8.727917244746382e-6,2.143643185740289e-5,4.1437383260375215e-5,6.973139970343691e-5,0.00010702709978267465,0.00015378869939654114,0.00021027083148891446,0.0002765533755922861,0.0003525697075302571,0.0004381326558739112,0.0005329562538085455,0.0006366751052109413,0.0007488607395616169,0.0008690360086165541,0.0009966872145423264,0.0011312747474603111,0.0012722419675678094,0.0014190229863620036,0.001571049061516258,0.0017277541910646196,0.0018885795920923075,0.002052977605482374,0.0022204146879210747,0.0023903740023785572,0.0025623572513153274,0.002735886242052345,0.0029105038172116075,0.0030857746233679552,0.0032612853433574064,0.003436644852641555,0.0036114839202082533,0.003785454904025464,0.003958231058145956,0.004129505892720288,0.0042989922016489985,0.004466421191574306,0.004631541325258721,0.004794117306461559,0.004953928818155706,0.005110769435441251,0.0052644453241499,0.00541477414148011,0.005561583749080514,0.005704711150571492,0.005844001263522469,0.005979305934143715,0.0061104828043970945,0.006237394436603778,0.006359907304941549,0.006477891056230136,0.0065912176489801,0.006699760770887062,0.006803395143122476,0.006901996109819468,0.006995439120173552,0.007083599500195916,0.007166352120204556,0.007243571354164342,0.007315130935133489,0.007380904102478438,0.007440763642704527,0.007494582219669338,0.007542232592960638,0.00758358812096677,0.007618523143637905,0.007646913643030867,0.0076686377720736115,0.007683576652192315,0.0076916150248473114,0.007692642161381905,0.007686552609955569,0.007673247189194254,0.007652633800121902,0.007624628472975261,0.007589156212261081,0.007546152065665618,0.007495561970869294,0.007437343817224203,0.007371468265798029,0.007297919778694859,0.00721669738917564,0.007127815680251881,0.007031305489613256,0.0069272148282523375,0.006815609514980218,0.00669657403683873,0.006570212119512767,0.006436647543245301,0.006296024667412779,0.006148509227358911,0.005994288842397718,0.005833573828937882,0.005666597729692646,0.005493618185098147,0.005314917526049261,0.0051308037475744075,0.004941611206799479,0.004747701739216432,0.004549465497283563,0.0043473222402672625,0.004141722337186817,0.003933148246859386,0.00372211569295744,0.0035091753330948176,0.0032949140954169503,0.00307995701636211,0.002864968709492877,0.0026506553329493083,0.002437766143890804,0.002227095540175159,0.0020194846389042635,0.0018158233237941049,0.0016170517748335942,0.0014241624456189878,0.0012382014650939583,0.001060270475116422,0.0008915278293173834,0.0007331902596980604,0.0005865338165513998,0.0004528954508877657,0.00033367365888803125,0.00023033038043137144,0.00014439122301610564,7.744890497524891e-5,3.116227533786655e-5,7.26484846226989e-6
-7.243872908055185e-7,1.1692687805127705e-6,6.6623758352043675e-6,1.7480643804141405e-5,3.4969628149299486e-5,6.015761447461544e-5,9.378928377882691e-5,0.00013636954890437967,0.00018819606916646906,0.00024939212312557313,0.00031993361495762264,0.00039967412711250486,0.0004883661388449704,0.0005856800897214562,0.0006912206210992407,0.0008045409929487041,0.0009251553186025981,0.001052549375933785,0.001186189691306738,0.0013255315494265375,0.0014700256132947802,0.0016191237484077207,0.001772283712051667,0.0019289732632564568,0.0020886733339529635,0.0022508807896119707,0.002415110405006271,0.00258089656316537,0.0027477942928404186,0.002915380136976025,0.003083252460447119,0.003251031677051692,0.003418359999126712,0.0035849011793700394,0.003750339844752255,0.003914380883195021,0.004076748480368161,0.004237185259527046,0.004395451119889067,0.004551322219674974,0.004704589697974164,0.004855058575607129,0.0050025464282109685,0.005146882266532866,0.005287905216534775,0.005425463429811071,0.005559412816522924,0.005689616027500877,0.005815941277454046,0.005938261432657953,0.006056452954828833,0.00617039512178324,0.006279969116291855,0.006385057401416293,0.0064855429732534565,0.006581308907498285,0.006672237789978872,0.0067582114461083795,0.006839110558245928,0.006914814584874049,0.006985201568933049,0.007050148248647958,0.007109530055958373,0.007163221415855623,0.007211095928847423,0.007253026850460619,0.0072888874463970695,0.00731855163863337,0.007341894516685084,0.007358793131679329,0.0073691271422111565,0.007372779733165452,0.007369638370335831,0.0073595958169962224,0.007342550968159344,0.00731840993536223,0.007287086929585707,0.007248505383845563,0.007202598853810808,0.0071493121489731495,0.00708860222221324,0.00702043928383505,0.006944807655953995,0.006861706849611622,0.006771152366850712,0.006673176729300218,0.0065678302198320096,0.006455181860906301,0.006335320098083022,0.0062083537371692,0.006074412582548305,0.005933648352554452,0.005786235295239071,0.005632371109975424,0.0054722775704130954,0.005306201485578479,0.005134415362961195,0.004957218443028921,0.004774937433545423,0.004587927646647062,0.004396573828139833,0.004201291415975798,0.004002527475721389,0.0038007620841511523,0.003596509365427113,0.003390318985057634,0.0031827772622930795,0.0029745087397784454,0.0027661773282064545,0.002558487897601013,0.0023521873921950507,0.0021480663722454538,0.0019469600221158783,0.0017497495589716176,0.0015573630473860206,0.001370776587233056,0.0011910148480945367,0.0010191519624177044,0.0008563117103553431,0.0007036680962855155,0.0005624451585821242,0.00043391734188305683,0.0003194089709674813,0.00022029484850611745,0.0001379994348155289,7.399886704410817e-5,2.9819457133823024e-5,7.044339913512992e-6
-8.901284639640459e-7,5.203503193180731e-7,5.014886418004301e-6,1.4296555139072706e-5,2.97085315009331e-5,5.2290173455754686e-5,8.280723295352322e-5,0.00012179195143947762,0.00016957323926502808,0.00022630751518333498,0.0002920043678896181,0.0003665505868083084,0.00044973072373654803,0.0005412457294493326,0.0006407289617399841,0.0007477605087677005,0.0008618794251850264,0.0009825946205037576,0.0011093940576637543,0.0012417529131535398,0.0013791403522982752,0.001521025521645606,0.0016668823944773659,0.0018161940383077217,0.00196845592374023,0.0021231788193886206,0.002279890879415202,0.0024381394498764284,0.0025974921911763554,0.0027575380280684602,0.0029178875178926577,0.0030781731363172153,0.00323804906647173,0.0033971909803843115,0.0035552953950461824,0.0037120790830248995,0.003867278117257283,0.004020647022052549,0.004171957607918085,0.004320997955290737,0.0044675711233081415,0.004611494042617842,0.00475259616732818,0.004890718339798498,0.0050257114427050345,0.0051574352875087244,0.005285757313363343,0.005410551541667443,0.005531697360083127,0.005649078577883406,0.005762582326302488,0.00587209824292425,0.0059775175135966,0.006078732208536727,0.006175634485770715,0.006268116096627221,0.006356067765810011,0.006439378879233872,0.006517937051144328,0.006591628002589631,0.006660335321281365,0.00672394053423702,0.006782323061198543,0.006835360480054824,0.006882928669561905,0.006924902261054532,0.006961154961007236,0.006991560177367005,0.007015991507281641,0.007034323521322771,0.007046432396729585,0.0070521968381057456,0.0070514988320879365,0.007044224679153093,0.007030265842097149,0.007009520060767928,0.006981892264549793,0.006947295740562931,0.006905653079890542,0.006856897370426902,0.006800973148189112,0.006737837588823048,0.006667461439203989,0.006589830186693996,0.006504944952309033,0.006412823623994421,0.006313501700584126,0.006207033384098941,0.006093492372867892,0.005972972917294917,0.0058455905698310195,0.005711483217603388,0.005570811805109509,0.0054237613641708714,0.005270541730827535,0.005111388596821451,0.004946564243869153,0.004776358640084864,0.004601090211595822,0.004421107001261971,0.004236787489071401,0.004048541819162681,0.003856812666969761,0.0036620765246461726,0.003464844595620939,0.0032656641095227938,0.00306511920533674,0.002863832226695085,0.0026624645351688635,0.0024617177173796934,0.002262334252133826,0.0020650985444077225,0.0018708373563344736,0.0016804205726639778,0.0014947612994471347,0.001314816266392755,0.001141585504558112,0.0009761123137532996,0.0008194824617706675,0.0006728237103907132,0.0005373045461048094,0.00041413340661430474,0.00030455705816630435,0.00020985998092433724,0.0001313625924632706,7.042194872133373e-5,2.842979552298843e-5,6.8174461902886775e-6
-1.0301121710659514e-6,2.060566862535743e-8,3.7488461733190702e-6,1.1818376864627844e-5,2.5554123243900104e-5,4.599175661760851e-5,7.390460824528377e-5,0.00010984010280245026,0.0001541476097459217,0.0002070072127369149,0.00026845395763173724,0.00033840077360842226,0.0004166582796245221,0.0005029528914934831,0.0005969424943120568,0.0006982305734027436,0.0008063783583640113,0.0009209157015595762,0.001041350311457765,0.001167175990357573,0.0012978794996205145,0.0014329466616992918,0.0015718673099423012,0.0017141396677748315,0.0018592737551354499,0.0020067943827416254,0.0021562433213270413,0.00230718118966053,0.002459188640315148,0.0026118673731582334,0.0027648405493752057,0.0029177531242317962,0.0030702716666878506,0.003222084173835706,0.003372899444627279,0.003522446511850177,0.0036704736939689,0.003816747757817479,0.003961052751571223,0.004103188991947666,0.004242971763444666,0.004380230207395644,0.004514805957528691,0.004646551994445842,0.004775331274997723,0.00490101560435699,0.005023484306371106,0.005142623156051927,0.005258323129609384,0.005370479432528059,0.005478990361028991,0.0055837564545694555,0.005684679494643474,0.005781661805149022,0.005874605409363462,0.005963411496818832,0.006047979754648207,0.006128208015106007,0.006203991772997156,0.0062752240235294495,0.006341794973014313,0.006403592072173136,0.006460499922601206,0.0065124005058864775,0.006559173283408381,0.006600695616659863,0.0066368430528546156,0.006667489926753995,0.006692509819404916,0.00671177632673696,0.006725163673770205,0.0067325476305213055,0.006733806259492448,0.0067288209553455795,0.006717477299776683,0.00669966619835318,0.006675284814387363,0.0066442377746870705,0.00660643815314349,0.006561808717272486,0.006510282933246435,0.006451806227249202,0.006386336986781149,0.006313847815086273,0.00623432650868456,0.006147777289264949,0.006054221744223776,0.005953700027925409,0.005846271759865477,0.005732017195246584,0.005611038083230837,0.005483458814188853,0.005349427247100033,0.0052091158462650895,0.005062722490871092,0.004910471616053923,0.0047526150177238215,0.004589433010500277,0.00442123523619398,0.004248361843702328,0.004071184299769,0.003890106583481301,0.003705565983536299,0.003518034283343857,0.003328018511174194,0.0031360620725358044,0.0029427453999963916,0.0027486869694054307,0.0025545437769237457,0.0023610121570001716,0.0021688279975142673,0.0019787672627758946,0.001791645846542562,0.0016083196963452482,0.0014296842028931887,0.0012566738290536066,0.0010902609502444092,0.0009314549238865812,0.0007813003406146223,0.0006408755482899979,0.0005112903630392116,0.0003936842218545228,0.0002892235433627885,0.00019909999413902753,0.0001245278461094614,6.67434673031712e-5,2.7002999454748363e-5,6.585582738507049e-6
-1.1466735742384201e-6,-3.4440856062901616e-7,2.8278591543615055e-6,9.980335915698897e-6,2.2405888656061318e-5,4.112348960064144e-5,6.690201378326087e-5,0.00010029312924651719,0.00014165685854568668,0.00019118827489801647,0.0002489402962941243,0.00031484543575610997,0.00038873477683096355,0.0004703554681846413,0.0005593859746778609,0.0006554499307201268,0.0007581281100250393,0.0008669692162856754,0.000981499078741069,0.0011012289006160972,0.001225662153450044,0.0013543007337255394,0.0014866499677569415,0.0016222230587416883,0.001760544552221952,0.001901153395922278,0.0020436051614913815,0.0021874739891218718,0.002332353815464508,0.0024778594329264336,0.002623626935066694,0.002769314084870447,0.0029146001560167965,0.0030591857738626986,0.0032027923025239992,0.003345161295794028,0.003486053555271308,0.0036252483054318727,0.003762542026662355,0.0038977474489070205,0.004030692245182734,0.004161217921422745,0.0042891784406739845,0.004414439072742824,0.004536875006557363,0.004656370211729518,0.004772816086199862,0.0048861103725188,0.004996155879522791,0.0051028594886205645,0.005206130981462245,0.0053058821653851375,0.005402025833431697,0.005494475032958208,0.005583142179535891,0.0056679384881836645,0.005748773258304719,0.00582555348275843,0.005898183316755776,0.005966563875779367,0.006030592897069893,0.006090164733062393,0.006145170209607951,0.0061954968170259035,0.0062410287644627666,0.0062816473658530705,0.006317231284859426,0.006347657108060791,0.006372799769859198,0.006392533300241824,0.006406731414085416,0.006415268416105627,0.0064180199344155515,0.006414863961102934,0.006405681706046387,0.006390358748293643,0.0063687859833840635,0.006340860858723572,0.006306488386356494,0.006265582435168406,0.006218066781494568,0.006163876432463826,0.006102958689169191,0.00603527447884179,0.005960799409480292,0.005879525093609005,0.005791460178918962,0.00569663165260148,0.005595085839021569,0.005486889680193791,0.005372131697801225,0.00525092325115771,0.0051233994657905735,0.004989720473927935,0.004850072314066343,0.004704668159358065,0.004553749190942771,0.0043975858155837,0.0042364785092687506,0.004070759016563901,0.0039007911499277107,0.003726971949702935,0.0035497324093096165,0.003369538557517724,0.0031868920614522805,0.0030023311733816454,0.0028164311441226976,0.0026298049570884522,0.0024431034664427623,0.002257015823997295,0.002072269241926734,0.0018896290062564223,0.00170989775649511,0.0015339149771671937,0.0013625556915396685,0.0011967293369306777,0.0010373777951950412,0.0008854736002015507,0.0007420172867260227,0.0006080349688057059,0.00048457509754916607,0.0003727056180105731,0.0002735103982218317,0.00018808647367615688,0.00011754063028951649,6.298779446654312e-5,2.55484061701706e-5,6.350109446334253e-6
-1.2420918965575783e-6,-5.88801432123572e-7,2.216230867241173e-6,8.717630791437921e-6,2.016432587717288e-5,3.7547231968336986e-5,6.162013091872319e-5,9.292916764911715e-5,0.00013183618532555327,0.0001785433731220112,0.00023311459047555694,0.00029549590836877343,0.0003655336980449344,0.0004429914478545082,0.0005275645222491064,0.0006188936651127915,0.0007165767236141608,0.000820179281881203,0.0009292437533899282,0.001043297578979921,0.0011618600940484416,0.0012844486883844422,0.0014105838198173741,0.00153979348756449,0.001671616719922446,0.0018056066672438675,0.0019413328480413895,0.002078383125923552,0.0022163649591117806,0.0023549064883288027,0.002493656999534808,0.002632287316488388,0.0027704896550893683,0.0029079774846452362,0.00304448492418151,0.0031797662100350155,0.0033135947596703514,0.0034457623599705124,0.003576078002409068,0.003704366886282048,0.0038304691105000366,0.003954238568939647,0.004075541568534653,0.004194255679776024,0.004310268337995823,0.0044234757005528385,0.004533781277910316,0.0046410948398588935,0.004745331114793115,0.004846408780025774,0.004944249261140199,0.005038775835594686,0.0051299125587137544,0.005217583504943718,0.005301711842534524,0.005382219232577021,0.00545902507035858,0.005532046058364526,0.005601195628350574,0.005666383700567882,0.00572751629657022,0.005784495492831589,0.005837219230055384,0.005885581465006222,0.005929472177548884,0.005968777719894523,0.006003381017804729,0.006033162111621431,0.006057998543134542,0.006077766077886125,0.0060923392643026765,0.006101592322061958,0.006105399855505096,0.00610363788861922,0.006096184710786659,0.006082922035504647,0.006063735953542867,0.006038518190243446,0.006007167139479571,0.005969589193553895,0.0059256998312429525,0.005875424995144128,0.0058187022086837945,0.005755481978277206,0.0056857289173793835,0.005609423154805549,0.005526561448362111,0.005437158585596076,0.005341248474590486,0.00523888552845455,0.005130145725541634,0.005015127973058205,0.004893955132092034,0.004766775357590228,0.004633763083948507,0.004495120337103482,0.004351077672989192,0.004201895451730654,0.0040478647133791,0.0038893083938381554,0.0037265821099345536,0.0035600752820952,0.0033902117847260573,0.0032174509228791925,0.0030422878855098008,0.0028652545041778213,0.0026869194280346653,0.002507888574212807,0.0023288049267783176,0.0021503485735450646,0.0019732360196140397,0.0017982196972202904,0.0016260866817016098,0.0014576575643688633,0.0012937844705490356,0.0011353492077673445,0.0009832605208524611,0.000838451480645504,0.0007018759833248741,0.0005745054461111744,0.00045732468423983125,0.00035132815538340263,0.00025751554550804026,0.00017688809155967894,0.00011044448223292284,5.9178257437909696e-5,2.4074942791980926e-5,6.112324952397555e-6
-1.318568540092022e-6,-7.262024367611654e-7,1.87936166206599e-6,7.967196599952774e-6,1.8732200372999493e-5,3.5127430419481406e-5,5.788226915945893e-5,8.752870180024387e-5,0.00012442250899338,0.00016876591418937115,0.00022062744268290868,0.0002799612356980012,0.0003466242140645772,0.0004203921678090158,0.0005009739659347648,0.0005880246490193798,0.0006811568454649513,0.0007799511872889547,0.000883965240811766,0.0009927415987613692,0.001105814668710199,0.0012227167884364134,0.00134298320500559,0.0014661565352180887,0.0015917902406402584,0.001719451722774668,0.0018487245665738381,0.001979210526326283,0.0021105307769693194,0.00224232701391114,0.0023742619195351697,0.0025060195691635374,0.002637305290192815,0.002767845537591861,0.002897387295521714,0.003025697559478949,0.003152562405359749,0.0032777861919174806,0.003401190400295116,0.003522612650084735,0.003641905393536679,0.0037589348212604522,0.0038735794796178613,0.003985729127908256,0.00409528333469322,0.004202150336911752,0.004306245660751854,0.004407491024170883,0.004505813019996793,0.004601142096337214,0.0046934113333938765,0.004782555530741597,0.0048685101043940615,0.00495121030546333,0.00503059025987735,0.005106582339065841,0.0051791163610120095,0.005248119130009936,0.005313513814121651,0.005375219667438564,0.00543315159528821,0.005487220068620252,0.005537330884315453,0.005583385277214851,0.005625279878571691,0.005662907026825617,0.005696154922633565,0.005724908134829814,0.005749047945675679,0.005768453043687083,0.005783000047935956,0.00579256437477943,0.005797020925480737,0.005796245109610833,0.005790113676223626,0.005778505873141376,0.0057613043987350615,0.0057383966737579225,0.005709675888763606,0.0056750423638911,0.0056344046663165176,0.005587681033598373,0.005534800536414066,0.005475704542732009,0.005410347903317102,0.005338700436879394,0.005260748119074178,0.005176494572354383,0.005085962242778247,0.0049891938817563115,0.004886253697975025,0.004777228820529357,0.00466223041456623,0.004541395115272939,0.004414886094301917,0.0042828944506843655,0.004145640209801167,0.004003373649760408,0.003856376205143276,0.0037049616955580214,0.0035494770927778033,0.0033903036025757175,0.0032278572370986326,0.0030625896829841633,0.00289498860248286,0.002725578202191991,0.0025549191687440596,0.0023836088357011577,0.00221228064522296,0.0020416037986575463,0.001872282127672824,0.0017050531104902307,0.0015406860386869131,0.0013799802908717271,0.0012237627008375063,0.001072885011300186,0.0009282203944513236,0.0007906600713847946,0.000661109020621141,0.0005404818597157835,0.00042969791855385086,0.0003296766585073939,0.00024133250625715187,0.000165570356364112,0.0001032808817709546,5.533705232212293e-5,2.2591092831150096e-5,5.873461719788775e-6
-1.3782104372802193e-6,-7.696505649758626e-7,1.7840501958992977e-6,7.66830086618939e-6,1.801553017485688e-5,3.373258512709996e-5,5.55163978807922e-5,8.387723526663874e-5,0.00011915784843013875,0.0001615541863188346,0.00021113381136769833,0.0002678539850835177,0.00033157788368491127,0.00040208992484423104,0.00047910938333736323,0.0005623030228845557,0.0006512961522659612,0.0007456827701411032,0.0008450342820869858,0.0009489074367718992,0.0010568509885590675,0.0011684117244345532,0.0012831393682555569,0.0014005909915697353,0.0015203344431097628,0.0016419514168178645,0.0017650396671243787,0.0018892149814435785,0.0020141124143140975,0.0021393873831460765,0.0022647161254512735,0.0023897961077288745,0.0025143458814464214,0.00263810496696735,0.0027608332567712647,0.0028823105101761183,0.0030023354273473156,0.003120724866971275,0.003237312692466797,0.003351948804188734,0.0034644978402810747,0.003574838097634813,0.0036828601540853183,0.00378846573818966,0.0038915663268246927,0.0039920820126376575,0.004089940121213718,0.004185074116388781,0.0042774222735737855,0.0043669266565054465,0.004453531877527426,0.00453718417427996,0.004617830283221672,0.004695416640719991,0.004769888392389573,0.00484118873959809,0.004909258103875591,0.004974033636633657,0.00503544855465581,0.005093431827558394,0.005147907696968255,0.005198795552746724,0.0052460096447518815,0.005289459155008881,0.005329048106888414,0.005364675636216247,0.005396236098299705,0.005423619536496533,0.005446711982889576,0.005465396118212488,0.005479551757282808,0.00548905668961592,0.005493787336201836,0.00549361975588224,0.005488430455979599,0.005478097545846654,0.005462501680511078,0.005441527340025153,0.0054150638829520556,0.005383006928475459,0.005345259495417429,0.005301733463660832,0.005252350774521514,0.005197044948849759,0.005135762325844466,0.005068463616978952,0.004995125162357794,0.004915740501827127,0.004830321630074679,0.004738900568135723,0.004641530599720189,0.0045382878268152805,0.004429272369136475,0.004314609885577273,0.004194452715196717,0.004068981340929196,0.003938405443350413,0.0038029652737556876,0.0036629325807805207,0.003518611846694049,0.003370341032147852,0.003218492613036665,0.0030634740713422386,0.00290572865168873,0.0027457355082471744,0.0025840100823117922,0.0024211037989712125,0.0022576039523155944,0.0020941328339406954,0.0019313470039248404,0.001769935729657809,0.0016106195223698255,0.0014541477736783458,0.0013012964543912893,0.0011528648637701509,0.0010096724269346262,0.0008725545271655021,0.000742358410879618,0.0006199381691015497,0.0005061498779750617,0.0004018459491451784,0.0003078698135606171,0.0002250500958405169,0.00015419539889305448,9.608911481440886e-5,5.148517063743384e-5,2.110486794810947e-5,5.63468188269486e-6
-1.423017906346086e-6,-7.315133934555802e-7,1.8987178750583441e-6,7.762990368232555e-6,1.792433383908717e-5,3.3236374690569267e-5,5.435671926382541e-5,8.176737723046729e-5,0.00011579197934191411,0.00015661463807447454,0.00020429695588313097,0.00025879489515031934,0.0003199740359097547,0.0003876241163010058,0.0004614720200494306,0.000541193907177184,0.0006264258658563568,0.000716773740430171,0.0008118215890495914,0.0009111394191476618,0.001014289681549711,0.0011208331686920938,0.0012303338068344054,0.0013423629830512434,0.0014565028983995999,0.0015723495811601716,0.0016895150496324214,0.0018076292500275098,0.001926341255390033,0.0020453203419925083,0.0021642564248474305,0.002282860459499697,0.002400864287281178,0.002518020522147034,0.0026341019520201413,0.002748901044278366,0.0028622290245428053,0.002973915110694399,0.0030838053681634826,0.0031917617616257403,0.0032976608667751547,0.0034013928114594505,0.003502859908222039,0.00360197554259516,0.003698662778248192,0.0037928532392139877,0.0038844857299264643,0.003973505149877396,0.004059861163676251,0.004143507180485131,0.0042243991039255776,0.004302494404061967,0.004377750972964332,0.004450126313459963,0.004519576522933272,0.004586055620084418,0.004649514676671193,0.00470990130071644,0.004767158933052191,0.004821226502522437,0.0048720379011319885,0.004919521823614287,0.00496360143158345,0.005004194386277307,0.005041212708307919,0.00507456300844344,0.005104146545373969,0.005129859655125681,0.0051515940048092014,0.005169237216793396,0.005182673311842848,0.005191783519718966,0.005196446900657461,0.00519654132982779,0.005191944282007879,0.0051825339735954695,0.0051681902918532165,0.005148796075173527,0.005124238165641273,0.005094408806205019,0.005059206793690326,0.005018538970532467,0.004972321454799498,0.00492048120412293,0.004862957299594788,0.0047997025602091155,0.0047306848582800085,0.0046558887635470775,0.004575316868359553,0.004488991440822076,0.004396955737538123,0.004299275643827363,0.0041960409493304734,0.004087366949428129,0.00397339565356744,0.00385429731473402,0.0037302715313222534,0.0036015486604562374,0.0034683907614708534,0.003331092834248695,0.0031899835364907338,0.003045426170994027,0.002897819091221863,0.0027475963433306353,0.0025952276571700045,0.0024412186322639003,0.0022861101969425452,0.002130478215307361,0.0019749322888332694,0.0018201146569695199,0.0016666982169027131,0.0015153845978934373,0.0013669012905022553,0.0012219987992076369,0.0010814468083957007,0.0009460303662471693,0.0008165450797514489,0.0006937923644760702,0.0005785737667100356,0.00047168543922184055,0.0003739118519877893,0.0002860198320909336,0.0002087521715333423,0.00014282179540384192,8.890616165130895e-5,4.7642339745450776e-5,1.9623785267839823e-5,5.397073931312777e-6
-1.4548764864974714e-6,-6.23432404887488e-7,2.193564335940539e-6,8.196407890156242e-6,1.8373170992369188e-5,3.35184823299504e-5,5.424483925868613e-5,8.100041330538432e-5,0.00011408445514561925,0.00015366439426516465,0.00019979148693986506,0.00025241649505399475,0.0003114039871351899,0.00037654607959024017,0.00044757477154315733,0.0005241735426741676,0.0006059875643264657,0.0006926331715891136,0.0007837060215840384,0.0008787885884492928,0.0009774564505499546,0.0010792840233127476,0.0011838492052420038,0.0012907375894260413,0.0013995457117257108,0.0015098839833595837,0.0016213787784441788,0.0017336743172763503,0.0018464338129928195,0.0019593405141371542,0.002072098106678495,0.0021844310992086015,0.0022960846503288176,0.0024068244531852885,0.0025164361317168466,0.002624724755265779,0.002731513922113734,0.0028366450110414603,0.0029399760481503426,0.003041380781408126,0.0031407474076261296,0.0032379775386640543,0.0033329848498462387,0.003425693992652527,0.003516039213684297,0.003603963258072337,0.003689415998965399,0.003772353368079236,0.0038527360290346664,0.003930528365857255,0.004005697228746037,0.004078211007313914,0.0041480384739075934,0.0042151479653829375,0.004279506346399704,0.004341078321054483,0.004399825536183172,0.0044557060418358016,0.004508673552207596,0.0045586770714426865,0.004605660327129938,0.00464956157509579,0.004690313217318964,0.004727841796108993,0.00476206780476635,0.004792905877856139,0.004820264798993991,0.004844047889868179,0.004864153215277936,0.00488047416926307,0.004892899873110903,0.00490131595260515,0.004905605120346285,0.004905648133951371,0.004901324549935408,0.004892513848897071,0.004879096344618465,0.0048609544590948305,0.004837973767615307,0.0048100444040873195,0.004777062220794243,0.0047389303028958114,0.004695560220294767,0.004646873629360454,0.004592803593693616,0.004533296250702845,0.004468312177609372,0.004397828099975271,0.004321838278388651,0.0042403562346283495,0.0041534161322756185,0.004061074493018089,0.003963411540040293,0.003860532871116976,0.0037525707262399694,0.0036396855749572625,0.003522067258824448,0.0033999364376863105,0.0032735455432696767,0.0031431800132103393,0.0030091589752587887,0.002871836180027008,0.002731600317453138,0.002588875541479313,0.002444121303951478,0.002297832349380441,0.00215053793923732,0.0020028011857406605,0.0018552175348870534,0.001708413308398864,0.001563043320589551,0.0014197885113068414,0.0012793525944140786,0.001142458696780208,0.0010098449806175025,0.0008822602606748818,0.0007604586167654373,0.0006451940510898666,0.0005372142217554377,0.00043725433241883967,0.00034603028800935995,0.00026423218259892485,0.00019251743279790086,0.00013150442922405385,8.176661057312648e-5,4.382697740922326e-5,1.8154850299158215e-5,5.16165022990653e-6
-1.4755521783676808e-6,-4.562908489773957e-7,2.6406634918691572e-6,8.916996635769727e-6,1.9281503465424272e-5,3.446516326890044e-5,5.503058981858066e-5,8.138742892267652e-5,0.00011380607458059685,0.00015243310710122301,0.00019730563662170362,0.0002483658246267729,0.00030547423876928415,0.0003684227908859181,0.0004369464030587447,0.0005107340484757325,0.0005894384921800253,0.0006726853741893981,0.0007600810338582697,0.00085121972926507,0.0009456896831743154,0.0010430786172929856,0.0011429782209188995,0.0012449882178397046,0.001348719483046792,0.001453796870607042,0.001559861204710968,0.0016665710896089953,0.0017736039880368601,0.0018806572163542828,0.0019874483020206313,0.0020937153432693525,0.0021992168119565622,0.002303731430939832,0.002407057562289176,0.002509012729565224,0.0026094327062170042,0.0027081707859499113,0.0028050966635785575,0.002900095535765346,0.0029930668474642376,0.003083923288025432,0.003172589460956713,0.003259000826808466,0.0033431023421568516,0.0034248473905149576,0.0035041964277958484,0.003581115935231832,0.003655577102512941,0.0037275548316916163,0.0037970264850679513,0.0038639709656622,0.0039283675540738834,0.003990195088713166,0.004049430913745429,0.004106050180350248,0.004160024926002445,0.004211323516180076,0.004259909873274462,0.004305743076105547,0.0043487767544637505,0.004388958861325518,0.004426231246286851,0.00446052961242323,0.004491783278634315,0.004519915329669422,0.0045448425737049415,0.004566475890223218,0.004584720385094128,0.004599475936886879,0.004610637547472656,0.004618096083132643,0.0046217388144294096,0.004621450344351724,0.004617113327125648,0.004608609571807644,0.0045958209260192106,0.0045786305400578025,0.004556923898399405,0.00453059022665302,0.004499523651174414,0.0044636247290671775,0.004422801714320592,0.004376972189425372,0.004326064414870166,0.00427001903944492,0.004208790508269103,0.004142348826959911,0.004070681000967817,0.0039937928257534425,0.003911710326281723,0.0038244815403381026,0.003732177920755637,0.00363489607122477,0.0035327590645134114,0.0034259180790621427,0.003314553573814691,0.0031988767595065356,0.003079130555041376,0.002955590810345764,0.0028285669515764026,0.0026984028541875795,0.0025654770664928234,0.0024302032144401567,0.0022930296777858203,0.0021544393948846148,0.0020149488560946877,0.0018751071710424961,0.0017354942433956216,0.0015967189682239522,0.0014594164648234578,0.0013242452920630282,0.0011918836459232447,0.0010630255207881277,0.0009383758311621062,0.0008186455122964763,0.0007045456080807493,0.0005967814013063601,0.0004960456312902758,0.00040301187731313153,0.0003183272443387542,0.0002426053900730221,0.00017641927432107823,0.00012029439073220104,7.470259675076213e-5,4.005616040014038e-5,1.6704545423911505e-5,4.929345363170886e-6
-1.4866895823422295e-6,-2.4020077350818207e-7,3.2140089747730575e-6,9.876608801142315e-6,2.0573903059833612e-5,3.596959046821045e-5,5.657255196928116e-5,8.275004827250988e-5,0.00011473987320549051,0.00015266423446421372,0.00019654285482212405,0.00024630637740366036,0.0003018087922918658,0.0003628395747964899,0.00042913467374745725,0.0005003869779566919,0.0005762555631184981,0.0006563743584690454,0.0007403596075900422,0.0008278167814575974,0.0009183463526429763,0.001011549101139845,0.0011070303773772314,0.0012044039978925845,0.0013032952062354945,0.0014033433739082317,0.0015042038752644425,0.0016055498066929973,0.0017070729819672998,0.001808484867290125,0.0019095168839591574,0.0020099207342236937,0.0021094681734396786,0.0022079508758286416,0.0023051798120221853,0.002400984777761938,0.0024952134874230746,0.002587730864530102,0.0026784179391747694,0.0027671709782619066,0.0028539002556391344,0.0029385290828364487,0.003020992505553669,0.0031012362824046017,0.0031792155500068205,0.003254893787578043,0.003328241484789292,0.003399235123409852,0.0034678558766799263,0.0035340886348724956,0.003597920761498757,0.003659341186943533,0.0037183392446506415,0.0037749038552449686,0.0038290224643537265,0.003880680338304975,0.003929859623935107,0.003976538775632451,0.004020691756009489,0.004062287612443781,0.004101289835623739,0.004137656101654877,0.004171337803093982,0.004202279970066376,0.004230420985462988,0.004255692695363938,0.0042780203166267,0.004297322743313232,0.004313512651060912,0.004326497002286419,0.004336177347643565,0.004342450528707005,0.004345209172659232,0.004344342587102537,0.004339737440074987,0.004331278837792179,0.004318851178323234,0.004302339399571216,0.004281629991575992,0.0042566123989800165,0.004227180174005877,0.004193232514999353,0.004154675539551048,0.004111423938289234,0.004063402345124348,0.004010547082909445,0.0039528076049231455,0.0038901483057787755,0.003822550004393682,0.0037500117888891417,0.00367255250566544,0.003590212600231556,0.003503055568874348,0.0034111697477007506,0.003314669672222396,0.0032136977540279874,0.0031084254792704226,0.0029990548964896873,0.0028858195680255133,0.0027689857744808135,0.0026488531148018382,0.0025257553144573596,0.0024000603524630556,0.00227217074407404,0.0021425230592581964,0.0020115875396997905,0.0018798668665028623,0.001747894969152181,0.0016162349042296049,0.0014854767244325143,0.0013562343486791262,0.0012291423863212024,0.0011048519163702115,0.000984026209892398,0.0008673353969503571,0.0007554511034049901,0.0006490400742964004,0.0005487578442017829,0.000455241512807301,0.00036910270235491306,0.0002909198577278435,0.00022123090227453305,0.0001605256908041968,0.00010923891489330501,6.774376575754515e-5,3.634560676762751e-5,1.527882377824797e-5,4.701015285276657e-6
-1.4898124614809323e-6,1.549394029552983e-8,3.889517176680903e-6,1.1030533592467453e-5,2.218013004799072e-5,3.793201308931307e-5,5.873832557423562e-5,8.492084709246358e-5,0.0001166817102449538,0.0001541158304595383,0.0001972228313123337,0.0002459193799472183,0.0003000507094131127,0.00035940196677089784,0.0004237085206664601,0.0004926658417302126,0.000565938237534662,0.0006431670802447921,0.0007239778787281857,0.0008079868585563569,0.0008948064375334733,0.0009840502764200136,0.001075337310849609,0.001168295451607593,0.0012625643675310944,0.0013577980391562875,0.0014536664994174216,0.0015498574460472956,0.0016460771401902656,0.0017420512696751278,0.0018375251874452497,0.001932264195981596,0.0020260532831717537,0.002118696972419795,0.002210018687235825,0.002299860285345273,0.0023880811577710365,0.002474557540914914,0.0025591814331077504,0.0026418597576406315,0.00272251316074042,0.0028010750815606446,0.002877490480654038,0.002951714860079889,0.003023712960535151,0.0030934577656373456,0.003160929198430116,0.0032261131379322933,0.00328900014104586,0.003349584495873965,0.003407862992359532,0.0034638340349020203,0.003517496483611109,0.00356884884770485,0.0036178882184386843,0.0036646095640749353,0.003709004774834795,0.003751062079458176,0.0037907652215639865,0.0038280930166751277,0.0038630186779375865,0.003895509530795861,0.003925526503989412,0.0039530240167807,0.003977949648512346,0.004000244210416744,0.004019841603835557,0.004036669085277522,0.004050647319779351,0.004061690844153371,0.0040697083180509215,0.0040746031864138865,0.004076274126760608,0.004074615907882439,0.0040695200278648815,0.004060875762212901,0.004048570983287315,0.004032493387411759,0.004012531482828795,0.00398857598197391,0.003960520941736041,0.003928265303916581,0.0038917141683712454,0.0038507804614915397,0.0038053863194159434,0.003755464860782729,0.0037009616531664697,0.0036418365617924037,0.003578065267046095,0.0035096411546374066,0.0034365768447373233,0.003358906080527047,0.003276685219594629,0.0031899950663393634,0.003098942263309102,0.0030036609983590443,0.0029043142177024445,0.00280109512143637,0.0026942281019762234,0.0025839699227147854,0.002470610266791188,0.002354472475259594,0.0022359135742250472,0.0021153244337506947,0.0019931291293927003,0.0018697843745657519,0.001745778068995667,0.0016216278591021209,0.0014978787346423671,0.0013751005876464746,0.0012538847433390698,0.001134840422032506,0.0010185901350840854,0.0009057650095742854,0.0007969990485469323,0.0006929233586780919,0.0005941593707936233,0.0005013121184367376,0.00041496264547208686,0.0003356606171551681,0.000263916317418555,0.00020019302047967263,0.00014489923163348972,9.838135489618876e-5,6.0917260712417915e-5,3.270967115733965e-5,1.3883108266229817e-5,4.477437226981913e-6
-1.486326285158481e-6,3.0220142492060916e-7,4.644995414862336e-6,1.2337458716657121e-5,2.4035104531463254e-5,4.0259759237782746e-5,6.140458787275109e-5,8.77434928045653e-5,0.00011944051640983051,0.00015656092651006027,0.00019908203469528799,0.00024690451192138044,0.00029986303503040424,0.00035773685914702055,0.0004202594465665303,0.000487127754330261,0.0005580104438258068,0.0006325556512741625,0.000710397650060074,0.0007911630746813426,0.000874476074040556,0.0009599630833999062,0.0010472566024288562,0.0011359986783001522,0.0012258434905113309,0.0013164597387242873,0.001407532232845249,0.0014987633840174497,0.001589873994063584,0.0016806040363464578,0.0017707128214276126,0.0018599792331682656,0.0019482014233310376,0.002035196642479183,0.002120800589702427,0.0022048669513813814,0.002287266506448335,0.002367886461538997,0.0024466293892847968,0.0025234124273640834,0.002598166108410088,0.00267083347373871,0.0027413688389186135,0.0028097368605525326,0.002875911271202482,0.002939873929140219,0.0030016135495716054,0.0030611247620524157,0.0031184068610485725,0.0031734628929197795,0.0032262984469498645,0.0032769207926153818,0.003325337731547057,0.003371556805488405,0.003415584229525241,0.0034574241911152956,0.0034970778848271533,0.0035345429226240127,0.0035698124899305995,0.0036028748866935066,0.003633712823604296,0.003662303112186304,0.0036886161183431864,0.003712615617777698,0.003734258421714163,0.003753494411368997,0.003770266347778277,0.003784510095916666,0.0037961546271560267,0.003805122440104006,0.003811329760476539,0.003814687161945998,0.003815099964289995,0.0038124690536504705,0.0038066914758609874,0.003797661451654715,0.003785271158178906,0.003769411930934306,0.003749975222708297,0.003726853980367245,0.003699943766736727,0.003669144296705461,0.0036343607037586834,0.0035955052159292824,0.0035524985444372096,0.0035052716754242486,0.0034537673529758755,0.0033979419567387484,0.0033377670448898854,0.003273231280018077,0.0032043419887038778,0.0031311270878040995,0.0030536366056661563,0.002971944547771151,0.002886150309969553,0.002796380406271681,0.0027027896871444006,0.0026055628337105334,0.0025049152750748244,0.002401094333720146,0.0022943797168806317,0.0021850841797882974,0.0020735534499764256,0.0019601662612746397,0.0018453335599685373,0.0017294977566839197,0.001613131063285295,0.0014967338158599162,0.0013808318049478795,0.0012659735444809452,0.0011527264890245216,0.0010416731641901059,0.0009334062163739693,0.0008285233827883973,0.0007276213947341288,0.0006312898521280499,0.0005401041036217734,0.0004546182016741076,0.0003753570157120909,0.00030280857500201465,0.00023741584361181773,0.0001795688914632816,0.00012959700283243737,8.776118991180498e-5,5.424773166656472e-5,2.9161352369925624e-5,1.2522295369747796e-5,4.259310310689341e-6
-1.4775223595497663e-6,6.120551929162782e-7,5.460082075038966e-6,1.3759378115575363e-5,2.6078790791908793e-5,4.2867111703176685e-5,6.44569790967609e-5,9.107266071428612e-5,0.00012283826244965834,0.00015978757429029557,0.00020187385142149056,0.0002489801621861209,0.000300929190454109,0.0003574930504829651,0.00041840224318382807,0.00048335434818904397,0.000552021698697378,0.000624058680485352,0.000699107966999601,0.0007768063676088485,0.0008567896381933351,0.0009386969534904834,0.0010221744110575277,0.0011068782777109104,0.0011924773582551165,0.0012786552008473805,0.0013651115216730706,0.0014515635613424247,0.0015377467539851373,0.001623415416141807,0.0017083428320449163,0.001792321435286803,0.001875162457820414,0.001956695738600084,0.0020367690569393156,0.0021152476754673906,0.0021920134523929864,0.0022669642013380896,0.002340012654022677,0.0024110856985337186,0.0024801232451737193,0.0025470773882630177,0.0026119112137592253,0.002674597917809826,0.0027351195850083237,0.0027934662891493465,0.002849634865004657,0.0029036280123169063,0.002955453080905682,0.0030051211969920762,0.003052646080390771,0.0030980432119012504,0.003141328701472727,0.0031825185158637116,0.0032216274172761575,0.0032586682711480412,0.0032936510753050307,0.00332658236815047,0.003357464368505578,0.0033862945043054374,0.0034130646827708806,0.003437760958865026,0.003460362954164629,0.0034808436827347524,0.003499169135065628,0.003515298276727339,0.0035291828110854827,0.0035407673632187322,0.003549989431940688,0.003556779768133323,0.0035610625230377705,0.003562755826523359,0.0035617721348075444,0.0035580190103782897,0.003551399668392259,0.003541813956104583,0.0035291590932452046,0.0035133308449288524,0.0034942244473451164,0.003471735964183033,0.003445763384883935,0.0034162081504740664,0.0033829764072217123,0.003345980683121822,0.0033051412747040288,0.0032603880498382654,0.00321166193915269,0.0031589168337599308,0.003102121144681685,0.003041259754909798,0.0029763355997942864,0.0029073716210086154,0.00283441230758779,0.002757525584559468,0.0026768042381200385,0.0025923676540710754,0.0025043630319764336,0.002412966868948557,0.002318385847771921,0.002220857941683568,0.002120652842492488,0.0020180725443424553,0.0019134511627510505,0.0018071548432328666,0.0016995808145064712,0.0015911564650886957,0.0014823374775640571,0.0013736059267417209,0.0012654673606716503,0.00115844780132624,0.0010530896753783096,0.0009499476456636381,0.0008495833533633003,0.0007525600778661771,0.0006594363339178361,0.000570759449688382,0.00048705816909121635,0.00040883535113015015,0.00033655986083188364,0.00027065871991213653,0.0002115087368086068,0.00015942855676602562,0.0001146707131136912,7.74140645643529e-5,4.7757365582618096e-5,2.5712312200946363e-5,1.1200763360994947e-5,4.047256813278855e-6
-1.4645831820851904e-6,9.378793929125146e-7,6.316164898411648e-6,1.526145744767564e-5,2.8256012781458636e-5,4.567508258607929e-5,6.778984970963048e-5,9.47737702071703e-5,0.00012670970235857017,0.0001635986148525313,0.00020536839997930593,0.0002518833069912686,0.000302952934049621,0.0003583413064177952,0.00041777516930357594,0.0004809520850623077,0.0005475475672716876,0.00061722189728324,0.0006896259178183075,0.0007644064889209416,0.0008412109382199541,0.0009196912154638777,0.0009995071046160317,0.0010803292163763985,0.0011618411248291093,0.0012437413754836496,0.0013257447313949206,0.0014075833832290574,0.001489007488119409,0.001569785758150081,0.0016497054586225304,0.0017285725299962073,0.0018062111876422286,0.0018824637057254289,0.001957189733132622,0.0020302658404679,0.0021015846403775306,0.0021710541737921807,0.002238596899711258,0.0023041489758497268,0.002367659164354021,0.002429088045866326,0.0024884068739656345,0.0025455967503599177,0.0026006474517774438,0.0026535565869864647,0.002704328414701682,0.0027529729995773157,0.0027995050375049604,0.00284394302667919,0.002886308116495475,0.002926623310301363,0.0029649123550756777,0.003001198993746527,0.003035505914205172,0.003067854070443394,0.003098261710673961,0.003126743787554043,0.0031533110858663425,0.0031779697424601217,0.0032007204938866614,0.003221558326259151,0.0032404718623570135,0.0032574431603599133,0.003272447258251262,0.003285452138381825,0.003296418444617605,0.0033052996270490622,0.0033120418443641666,0.003316584299885617,0.0033188593382574142,0.0033187929805076725,0.0033163052204541253,0.0033113107627724563,0.003303719520660576,0.0032934375570285667,0.003280367780963552,0.0032644110881546264,0.003245467249547204,0.0032234362429085493,0.0031982193226123647,0.0031697205296382994,0.0031378479264471577,0.003102515267366656,0.0030636433766051147,0.003021161954454255,0.002975011069139496,0.0029251430660139862,0.0028715241345862027,0.0028141362773025334,0.002752978901188141,0.0026880707894565955,0.002619451652408605,0.0025471840287937275,0.0024713547129836875,0.002392076494085397,0.0023094893566299344,0.0022237619449527652,0.0021350924141973933,0.002043709487363219,0.0019498728146814534,0.0018538734737924604,0.0017560336817044923,0.0016567065783300576,0.0015562751300723973,0.001455151037369083,0.001353772676456289,0.0012526029865843143,0.0011521263204343718,0.0010528451997366915,0.0009552759882533875,0.0008599444581990063,0.0007673802647329616,0.0006781113410878417,0.0005926572410223304,0.0005115224772152398,0.00043518890789941123,0.00036410824706184194,0.0002986938033875206,0.00023931251186539264,0.00018627649256361303,0.00013983505469451437,0.00010016676039381468,6.737185738845853e-5,4.146593505399816e-5,2.2372904501086953e-5,9.922384483375262e-6,3.841824011063423e-6
-1.4485887050187215e-6,1.2731480629227232e-6,7.196282910136052e-6,1.6811867580108556e-5,3.0516216953942503e-5,4.861110993661864e-5,7.130590013782849e-5,9.872258022016172e-5,0.00013090193945024768,0.00016781123150470418,0.00020935208745597288,0.00025536908730817905,0.0003056579762925269,0.00035997402903551037,0.0004180396905104561,0.0004795520816502233,0.0005441895894283726,0.000611618192809251,0.0006814968033961292,0.0007534823152034984,0.0008272336795658707,0.0009024157261154378,0.0009787020675181284,0.0010557778229528401,0.0011333415086471888,0.0012111068355398133,0.0012888037653250636,0.0013661795639140415,0.0014429992014690534,0.001519045833185214,0.001594120704912445,0.0016680432109234108,0.0017406504414968005,0.0018117969401244018,0.001881354001410461,0.0019492092223029349,0.002015265631775103,0.002079441105347373,0.0021416673847379146,0.002201889404017112,0.0022600642390383486,0.0023161603777930116,0.0023701566262631746,0.0024220413448753234,0.002471811329081377,0.002519471027611788,0.0025650314118054922,0.002608509188721335,0.002649925671982578,0.002689306002693,0.002726678035321924,0.0027620715807873393,0.0027955173227458547,0.002827046099303664,0.0028566878672284246,0.0028844710408487857,0.0029104215236021094,0.0029345621243239495,0.002956911676801433,0.002977484554539278,0.0029962898994094515,0.0030133312559826805,0.003028605929874792,0.00304210476184406,0.0030538116350773484,0.0030637034075460313,0.003071749585352207,0.0030779124294418136,0.0030821468093863336,0.0030844004976066995,0.0030846142147487234,0.0030827221212297996,0.0030786520617984525,0.00307232626058103,0.0030636617685945995,0.003052571364603694,0.003038964205304509,0.0030227469301859237,0.0030038245097650687,0.0029821015481676415,0.0029574833199996057,0.0029298772592982075,0.002899194170081126,0.002865349884309965,0.002828266624464697,0.0027878748057290357,0.0027441145205700963,0.002696937450966541,0.0026463084343887684,0.0025922074399960513,0.002534631162133708,0.0024735949996602933,0.002409134606875435,0.002341307797456235,0.0022701959638233263,0.0021959058070938745,0.002118570515170756,0.002038351198942881,0.0019554376985602955,0.0018700495860038734,0.0017824364507037888,0.0016928783126066377,0.0016016852259386936,0.0015091969387500675,0.0014157816511613647,0.0013218347611453883,0.0012277766250679207,0.0011340502490768186,0.001041117928803091,0.0009494577843738041,0.0008595592054602089,0.0007719181876155987,0.0006870315797771218,0.0006053912605989194,0.0005274772777265745,0.0004537510028699212,0.0003846473638016308,0.00032056723021383845,0.00026186906834007066,0.00020886092322131984,0.00016179197565759524,0.0001208445700690996,8.61263548031162e-5,5.7662775309436414e-5,3.5390863761298094e-5,1.9152213313466146e-5,8.690540639879387e-6,3.6434865355483635e-6
-1.4305232241883836e-6,1.6119402359501445e-6,8.085016827826328e-6,1.8381595135685025e-5,3.281319673802193e-5,5.16086968432991e-5,7.491574029110103e-5,0.00010280467874646733,0.00013527385798720233,0.000172256337420301,0.00021362696801902542,0.00025921015359335885,0.00030878732637477024,0.00036210462076077587,0.0004188798755225395,0.0004788095530987244,0.0005415747847187366,0.0006068471999960169,0.000674293805613205,0.0007435816174532169,0.000814381347492232,0.0008863708777460703,0.0009592378443231809,0.001032682078767953,0.001106417240361632,0.0011801723921069547,0.0012536928567953925,0.0013267411050542658,0.0013990970092979161,0.0014705582106842553,0.0015409399274887666,0.001610074945138726,0.0016778131094524538,0.0017440210558632339,0.0018085814891895095,0.0018713927396579563,0.0019323679035087313,0.001991434287815501,0.0020485324628451277,0.0021036156368258287,0.0021566486528599074,0.002207607319441782,0.0022564773721198117,0.0023032537755820464,0.002347939662718062,0.002390545618765787,0.0024310886070612802,0.002469591244052531,0.0025060807207484947,0.0025405880782673525,0.002573147135708031,0.0026037937782453203,0.002632564904881201,0.0026594977440387935,0.0026846288375958587,0.0027079934017768723,0.002729624366455146,0.002749551801410623,0.0027678020317265335,0.0027843971508931774,0.0027993542340248485,0.0028126849597316234,0.002824394942782754,0.0028344834861355867,0.0028429430536433273,0.0028497591722138112,0.0028549100633005545,0.00285836671300801,0.0028600926785791124,0.00286004434151036,0.0028581709021952414,0.0028544148279098214,0.0028487120453200864,0.0028409925916396666,0.002831181010926619,0.0028191972128439177,0.0028049570745647115,0.002788373507333093,0.0027693572612769984,0.0027478181952274865,0.0027236662765990588,0.0026968130444175397,0.0026671727903523302,0.0026346641982466505,0.002599211684933258,0.00256074719126763,0.002519211652025398,0.0024745569029726933,0.002426747237402604,0.0023757613806551815,0.002321594076295998,0.0022642580634342534,0.0022037856180662373,0.0021402304496341783,0.002073669103028499,0.002004202669792794,0.0019319579347956849,0.0018570887758222693,0.0017797769179379184,0.0017002328753184422,0.001618696158689852,0.0015354355984202547,0.0014507488397531676,0.00136496188032232,0.0012784276883009468,0.001191524794752638,0.0011046548853398592,0.0010182403121265487,0.0009327205435783381,0.0008485485044821596,0.0007661858238612141,0.0006860979769286057,0.0006087483467537266,0.0005345922278340326,0.00046406981333150973,0.0003975992222433665,0.00033556863624207867,0.00027832862367737965,0.00022618377447287458,0.00017938469886460414,0.00013811964729685666,0.00010250662641903045,7.2585673990107e-5,4.831147103297996e-5,2.9547306580368263e-5,1.6058098908535456e-5,7.508142113931771e-6,3.4526491695582855e-6
-1.411282652117766e-6,1.9488925053395187e-6,8.968372153764966e-6,1.994423797937172e-5,3.510479113485163e-5,5.4607010831513496e-5,7.853739276692473e-5,0.00010691489681945163,0.0001396954577874751,0.00017677784270039385,0.00021800995556401997,0.00026319583792566297,0.0003121024381026508,0.0003644666183600768,0.00042000153249838694,0.0004784029655350859,0.000539354834675832,0.0006025345187697428,0.0006676172681071067,0.0007342804095949325,0.0008022066351108632,0.0008710871170490416,0.0009406237603982769,0.001010531350807135,0.0010805389183638089,0.001150391082332061,0.0012198486989338224,0.0012886895766384323,0.001356708578096214,0.0014237178683339032,0.0014895466223255043,0.0015540409446356768,0.0016170633069180003,0.0016784922484775553,0.0017382216383295523,0.0017961602369516855,0.0018522308496637743,0.0019063698039280125,0.0019585260373422143,0.002008660524113603,0.00205674532314113,0.0021027629724131055,0.002146705510676711,0.0021885738492734615,0.0022283767741965842,0.002266130300474367,0.0023018566590214166,0.0023355836379988894,0.0023673435595980307,0.002397172614666078,0.0024251098372583017,0.002451196442112005,0.0024754748084406123,0.0024979878336338366,0.0025187779415193653,0.0025378864692618295,0.0025553527185905624,0.002571213395775269,0.00258550172674003,0.0025982469719329528,0.0026094736276276093,0.0026192010383809905,0.0026274427071192536,0.002634206027700265,0.002639491725675133,0.0026432937323462007,0.002645598776501518,0.0026463864194398727,0.0026456288156592317,0.0026432909257564758,0.0026393304611611076,0.002633698288746162,0.002626338571355777,0.0026171893744760593,0.002606183010560495,0.002593246854224858,0.0025783038942109684,0.0025612737592230466,0.0025420734766622103,0.002520618706226372,0.002496824699077612,0.0024706077303881177,0.002441886246009067,0.0024105824778670303,0.0023766237570335127,0.002339944286763257,0.0023004865906083418,0.002258203406418026,0.0022130592253304018,0.0021650322557864514,0.00211411599350757,0.0020603211873451615,0.002003677361727329,0.0019442346961871632,0.001882065400784021,0.0018172653993334886,0.0017499554362612115,0.0016802824316111793,0.0016084201768508575,0.0015345702102905685,0.0014589619425975483,0.0013818528877998424,0.001303528050492184,0.001224299344184257,0.0011445040755771161,0.0010645033928264754,0.00098467972185143,0.0009054341158209538,0.0008271825374322162,0.0007503520301105066,0.0006753758002738182,0.0006026882010357689,0.0005327186493031464,0.00046588550231609874,0.0004025889431856491,0.00034320393420466744,0.00028807231596164764,0.0002374951292274165,0.00019172429121310723,0.00015095467230834763,0.00011531583870403771,8.486431514243918e-5,5.9576046396108615e-5,3.93391801489681e-5,2.3948242208800486e-5,1.3097250514381874e-5,6.377648841425953e-6,3.269650009982865e-6
-1.3916819675301218e-6,2.2791504241391445e-6,9.833658559928825e-6,2.147579241956239e-5,3.735256820215348e-5,5.755045900811004e-5,8.209576041157586e-5,0.00011095667335664059,0.00014404712425881226,0.00018123183969449543,0.00022233193590874003,0.00026713120560851403,0.00031538221397059375,0.00036681266276482316,0.0004211311578659427,0.0004780329769721533,0.0005372050285658987,0.0005983306790512352,0.0006610936885254994,0.0007251819815701796,0.0007902905284809446,0.0008561240929897358,0.0009223991429895342,0.0009888456960380511,0.001055208406112856,0.0011212476692100295,0.0011867400561143054,0.0012514788490397735,0.001315273986945318,0.0013779521912225701,0.0014393565699754429,0.0014993464655341491,0.0015577968356045291,0.0016145979251465886,0.0016696545116635553,0.001722885474022355,0.0017742229607509263,0.0018236119021749007,0.001871009137061918,0.0019163828938748438,0.00195971189364346,0.002000984811794597,0.002040199363835927,0.002077361750792535,0.0021124857284963304,0.00214559203622469,0.00217670744900955,0.0022058641894320496,0.002233098964137976,0.0022584523616312785,0.0022819678778817926,0.0023036913072125914,0.0023236697664375987,0.0023419510905997986,0.0023585828696337354,0.0023736118650498858,0.0023870830770827884,0.0023990392019558986,0.002409519750472984,0.0024185605679646833,0.002426193027140956,0.002432443634124798,0.0024373333190726865,0.0024408771518780103,0.002443083753680063,0.002443955144980914,0.0024434862998309755,0.002441665147418022,0.0024384722886098102,0.002433881169690276,0.0024278579782099096,0.0024203620046035616,0.0024113457310565582,0.002400755393317305,0.0023885312725722106,0.002374608465866247,0.0023589173867568144,0.0023413847482854676,0.0023219342732934472,0.002300487888639061,0.002276966640257354,0.002251292090965321,0.0022233874282552857,0.002193179050160372,0.0021605978449175623,0.0021255809394719327,0.0020880731190399244,0.002048028700421601,0.00200541304568212,0.001960204507140559,0.0019123959726074454,0.0018619968106402345,0.0018090343651551613,0.0017535558086507884,0.001695629482260143,0.001635346542230454,0.0015728220190714113,0.0015081961205606219,0.0014416348629669544,0.0013733308750654492,0.0013035034387387106,0.0012323986265891623,0.0011602885825039058,0.0010874708246280586,0.001014266602959543,0.0009410192138498336,0.0008680912953133003,0.0007958620323744046,0.0007247232944185221,0.0006550756646976991,0.0005873233888625464,0.0005218692366958401,0.00045910831568175174,0.0003994218655822059,0.000343170091427956,0.00029068509523091495,0.00024226299237342807,0.00019815628798373354,0.00015856565179460136,0.000123632129829275,9.342906433859453e-5,6.795455605712807e-5,4.712415811764623e-5,3.0763874732736294e-5,1.8604576174981448e-5,1.0275244549447025e-5,5.301093760198981e-6,3.0947639298547646e-6
-1.3724626681271834e-6,2.598319896562165e-6,1.0669368613287762e-5,2.2954437878722282e-5,3.95215025830546e-5,6.038825211869681e-5,8.552207591214683e-5,0.00011484139344955787,0.0001482188616901236,0.00018548573989467988,0.00022643681751269328,0.0002708360310104179,0.0003184219180593686,0.000368913361270639,0.0004220147601294672,0.0004774212349091226,0.0005348230467203318,0.0005939099214339746,0.0006543745077867794,0.000715915708026479,0.0007782411451835129,0.0008410695353462828,0.000904132249460385,0.0009671748487621587,0.0010299578877276112,0.0010922577742929172,0.001153866982436425,0.0012145944057232337,0.0012742651427277883,0.0013327204976653101,0.0013898174799605032,0.0014454285788219037,0.0014994410882358527,0.00155175675079678,0.0016022909877093502,0.0016509724764232298,0.0016977423362887804,0.0017425536780701024,0.0017853707723481274,0.0018261685886236047,0.0018649319565179946,0.0019016550984358492,0.0019363407830673609,0.001968999848014813,0.0019996503402661507,0.0020283170227764235,0.0020550304962594014,0.0020798266851445057,0.0021027459378768943,0.0021238324916035504,0.002143133552880656,0.0021606987456704763,0.0021765791798223104,0.0021908268924808153,0.0022034939170691185,0.002214631733290207,0.0022242903539902116,0.002232517803095234,0.0022393592413024826,0.002244856494281759,0.0022490472404686625,0.002251964613591282,0.0022536364769191017,0.0022540851246954296,0.002253326667126143,0.0022513708547462555,0.0022482205973555452,0.002243871933891247,0.0022383137066151275,0.0022315276968600498,0.00222348847319749,0.0022141637106053063,0.0022035142281997123,0.0021914945060127595,0.0021780529241805504,0.0021631324875999234,0.0021466712741751355,0.0021286033730293116,0.0021088595443479775,0.002087368371318692,0.002064057127989536,0.0020388531383610004,0.0020116848411043174,0.001982483340793807,0.0019511836488332159,0.0019177264011948387,0.001882059242999176,0.0018441386738553543,0.0018039315288186895,0.0017614168961906332,0.0017165876298643292,0.0016694522652509422,0.0016200364775570382,0.0015683848998776146,0.0015145624195982898,0.0014586557798799984,0.0014007745838126725,0.001341052538632696,0.0012796480170471842,0.0012167447856031783,0.001152551958204402,0.001087304039895226,0.001021260103078537,0.0009547029798427828,0.0008879375010163457,0.000821288688160255,0.0007550989231569454,0.0006897250283872397,0.0006255342825934295,0.0005629003361720025,0.0005021980580829787,0.00044379831176482074,0.0003880617056866806,0.0003353323500357072,0.00028593068478232963,0.00024014643993200692,0.00019823082142715186,0.00016038899517391785,0.00012677201364060057,9.746921466237523e-5,7.250036796231752e-5,5.1808383774106565e-5,3.525227900357401e-5,2.2600430259360702e-5,1.352525213034037e-5,7.596607187523129e-6,4.280107772791052e-6,2.928206262567713e-6
-1.3543000784558968e-6,2.902419519653674e-6,1.1465058377500607e-5,2.4360323834433828e-5,4.157965475901266e-5,6.307396858793886e-5,8.875334832625359e-5,0.00011848771919963312,0.00015210951336534922,0.000189417390658724,0.0002301805538269864,0.0002741437357027849,0.0003210320408342717,0.00037055609024372007,0.000422416611839472,0.0004763090888404614,0.0005319276446487856,0.000588968863655592,0.0006471347693136837,0.0007061357103347365,0.0007656924087651214,0.0008255379508613347,0.0008854189940946514,0.000945096986710874,0.0010043486817575369,0.001062966747293609,0.0011207597551307223,0.0011775523482644736,0.0012331848644444314,0.0012875132103936935,0.0013404082563121872,0.001391755537632768,0.0014414545248546142,0.0014894182406238745,0.001535572476472399,0.0015798553814226923,0.00162221666774253,0.001662617200559521,0.0017010282112202332,0.0017374308973067706,0.0017718156456314569,0.0018041816389727501,0.0018345360809998961,0.0018628937994101546,0.0018892764612541274,0.0019137121608104161,0.0019362346145530443,0.001956882724629679,0.0019756997466476864,0.001992732824613646,0.0020080321304409023,0.002021650372406701,0.002033641911667351,0.002044062252659068,0.002052967148060592,0.0020604120853789294,0.002066451397118701,0.002071137762563941,0.0020745213440427172,0.0020766493264111545,0.0020775651030890945,0.0020773078778976066,0.002075911926000194,0.002073406283609416,0.0020698141092052318,0.002065152486351246,0.0020594319097436142,0.0020526562251428197,0.002044822263100619,0.002035919937986662,0.0020259320498172465,0.0020148345616506167,0.0020025965868852706,0.0019891808609953953,0.0019745439279980404,0.0019586368185534006,0.0019414054449388362,0.0019227914928229828,0.0019027330288419104,0.0018811656076077458,0.0018580230895510084,0.0018332389575895882,0.0018067473348720344,0.0017784844965609572,0.001748390067013403,0.0017164087008332248,0.001682491426385074,0.0016465974562165117,0.0016086956282647849,0.0015687662886829927,0.001526802763572015,0.0014828132372824731,0.001436822166346151,0.0013888720541260357,0.0013390246958567575,0.0012873627274932503,0.0012339905682434305,0.0011790355999196196,0.001122648653814674,0.0010650046599933272,0.0010063025124197635,0.0009467650193651317,0.000886637978504755,0.0008261892642504755,0.000765706957324558,0.0007054974263607439,0.0006458823878431264,0.000587195880736414,0.0005297801847879663,0.0004739816493444471,0.0004201454707092353,0.0003686104180015023,0.0003197025603922078,0.00027372902868805183,0.00023097088425962483,0.00019167615555974737,0.0001560521427385833,0.0001242580588208757,9.639715689898196e-5,7.250936334538974e-5,5.2563694842917014e-5,3.645125440611479e-5,2.3978503704376508e-5,1.4860802714609965e-5,8.717369379173376e-6,5.064880122522706e-6,3.3159458774755634e-6,2.7701366519553825e-6
-1.3378104024537115e-6,3.1878346549625127e-6,1.2211231959411899e-5,2.5675362974376373e-5,4.349785836209502e-5,6.556512772578241e-5,9.173181894734483e-5,0.00012182092901978486,0.00015562598819600463,0.00019291419541620387,0.00023343016502427996,0.0002769003208382922,0.0003230371520427464,0.00037154377880572597,0.0004221179744763429,0.0004744562666909848,0.000528257291174797,0.0005832251102947148,0.000639071709798075,0.0006955194375595062,0.0007523026286737016,0.0008091692105453296,0.0008658815508459914,0.0009222173570316689,0.0009779698979505435,0.0010329483609755306,0.001086977614755894,0.0011398981889202669,0.0011915657351369295,0.0012418507747484976,0.0012906379889116683,0.0013378258485806647,0.001383325830969971,0.0014270620118405281,0.0014689702715367282,0.0015089978971169404,0.0015471028112510237,0.0015832532048300804,0.0016174267985769495,0.0016496105070219864,0.0016797997266806896,0.0017079980199425685,0.0017342164148153427,0.0017584730916295611,0.0017807926765889307,0.0018012059139567403,0.0018197489375536009,0.0018364629147486302,0.0018513932850798942,0.0018645893684353092,0.001876103566721613,0.0018859909357774858,0.0018943083533027969,0.0019011140612594324,0.0019064668102021177,0.0019104253854494869,0.0019130477439291507,0.0019143905427679454,0.0019145082894370727,0.0019134528953903694,0.0019112728635327255,0.0019080128920884842,0.0019037131252377254,0.0018984088335928012,0.0018921297543905522,0.0018848998749531741,0.0018767368882507394,0.001867652104705857,0.00185765004743677,0.0018467285159059115,0.0018348783428707004,0.0018220836307898042,0.0018083216895400183,0.0017935634632363696,0.001777773664123462,0.001760911403490545,0.0017429305327125726,0.0017237804871009191,0.0017034068396472259,0.001681752360663234,0.001658757783050802,0.0016343630730784773,0.0016085083975379652,0.00158113559153478,0.0015521893072280026,0.0015216186525855966,0.0014893784881030354,0.0014554311957155634,0.0014197480736263958,0.0013823111767864863,0.0013431147407495876,0.0013021670145342563,0.0012594916227322297,0.0012151292889672825,0.001169139022484853,0.001121599607380105,0.0010726104776082532,0.001022292826149138,0.0009707900137048853,0.0009182681363324397,0.0008649158017711176,0.0008109439878400657,0.0007565850205585268,0.0007020915630467668,0.0006477346455413927,0.0005938016495189217,0.0005405932747305469,0.0004884204284418496,0.00043760007041798287,0.0003884509830615859,0.0003412885110372545,0.0002964192722052986,0.0002541349001789646,0.00021470585204322757,0.00017837436184850038,0.0001453475984771043,0.0001157901349319181,8.981679233876583e-5,6.748501221147713e-5,4.878776645126923e-5,3.364628353106832e-5,2.1903367258069188e-5,1.3317003527109363e-5,7.554212902802492e-6,4.186304682052701e-6,2.682688453587862e-6,2.40951404265826e-6,2.6206629970758083e-6
-1.323557421140356e-6,3.451273844553777e-6,1.2899231656344995e-5,2.688303373925331e-5,4.524942067524266e-5,6.782277956461555e-5,9.440443663485909e-5,0.00012477227846456176,0.0001586825100742916,0.000195872256867668,0.0002360627820441692,0.0002789633202142699,0.00032427477170770397,0.0003716937070826319,0.000420915833420995,0.00047163955592053854,0.0005235688048926099,0.0005764158535053243,0.0006299033327917005,0.0006837662211077932,0.0007377530437987678,0.0007916270895890759,0.0008451668967822723,0.0008981668301467081,0.0009504370081774347,0.0010018034056183739,0.0010521073895438664,0.0011012055111026956,0.001148968804692524,0.0011952824099963294,0.0012400447595080643,0.0012831671386921194,0.0013245728516476961,0.0013641967912007965,0.0014019846373201116,0.0014378924757251603,0.0014718860532495393,0.0015039404565138814,0.0015340394251581347,0.001562175082804264,0.00158834729372082,0.0016125634267774517,0.0016348377331995966,0.0016551911196235189,0.0016736505229563044,0.0016902486695569339,0.001705023426276768,0.0017180175275917484,0.0017292778880523625,0.001738855286321497,0.001746803632022848,0.0017531796037561765,0.0017580418715037163,0.0017614506937236752,0.0017634671041633905,0.0017641524803460127,0.001763567710241002,0.0017617727503999993,0.001758825793125008,0.0017547828369633956,0.0017496968786833737,0.0017436175217753246,0.0017365902197239698,0.001728655949681569,0.0017198505343604456,0.0017102044083087422,0.001699742045413851,0.0016884818444081121,0.0016764356876663026,0.0016636089708696985,0.0016500003166369664,0.0016356017708040636,0.0016203986915408683,0.001604370131489884,0.001587488919383453,0.0015697222432822138,0.0015510319372006884,0.0015313752757163375,0.0015107054725199643,0.0014889726904459323,0.001466124751844617,0.0014421083602295763,0.0014168700134968052,0.0013903574234458416,0.0013625206116913008,0.0013333135008204938,0.0013026951589395369,0.0012706315208509183,0.00123709673028836,0.0012020749311082764,0.0011655616364922201,0.0011275655090635737,0.0010881096642690591,0.0010472333354977395,0.0010049929957987502,0.0009614637812101965,0.0009167402931048969,0.000870937632650045,0.0008241917284464145,0.0007766598208012206,0.0007285201497512823,0.0006799717237292964,0.0006312332057577609,0.0005825418113481119,0.000534151249688163,0.0004863296239084969,0.0004393563225320271,0.0003935188438660319,0.00034910859207328633,0.00030641661630747256,0.000265728343958256,0.00022731831094771214,0.0001914439569532317,0.00015833951873088137,0.00012820910959023172,0.00010122004085073075,7.749549839740214e-5,5.710763125926316e-5,4.007020902797972e-5,2.63318461674258e-5,1.5769070847461416e-5,8.179996336839486e-6,3.2782851065013774e-6,6.87335072718896e-7,-6.416353156406875e-8,4.5180966560005013e-7,1.5613964268469592e-6,2.4798454366897254e-6
-1.3120587708513457e-6,3.6897280502694724e-6,1.3521134988059897e-5,2.7968194745926586e-5,4.680984038621896e-5,6.981111728270879e-5,9.67223607325121e-5,0.00012727839310854063,0.0001611999030503126,0.00019819555899827177,0.00023796473160399382,0.0002802007955630005,0.0003245942837047414,0.0003708363464638311,0.00041862167342666875,0.0004676515226797718,0.0005176360252747536,0.0005682965040454701,0.0006193670072763487,0.0006705958480893615,0.0007217463774984955,0.0007725978105835268,0.0008229453497127601,0.0008726004377377795,0.0009213903905081083,0.0009691582447569787,0.0010157620682650398,0.0010610745647731774,0.0011049822131484115,0.0011473847659507462,0.0011881943371062369,0.0012273348950809812,0.0012647413810745094,0.001300359260137868,0.0013341437155543498,0.0013660592872472214,0.0013960791571971483,0.0014241848774001501,0.001450365738153522,0.0014746185690082498,0.001496947167123016,0.0015173621440283122,0.0015358803843639431,0.0015525249077991332,0.0015673243279903013,0.0015803127011007794,0.0015915289590662113,0.0016010167221255098,0.0016088236877425295,0.0016150013927552216,0.0016196045480751766,0.001622690745103554,0.0016243197353658719,0.001624553084673562,0.0016234534052630223,0.0016210839690574844,0.0016175079070830636,0.001612787799671194,0.001606984863613879,0.0016001585420472636,0.0015923657038856489,0.0015836602594352354,0.001574092399166535,0.0015637082629369969,0.0015525492462763698,0.0015406517516164092,0.0015280465901700714,0.0015147588429693848,0.0015008073852983232,0.0014862048838045388,0.0014709574684396095,0.0014550648895443204,0.0014385203594432302,0.0014213108902350299,0.0014034173235607556,0.0013848148657936048,0.0013654733199229589,0.0013453578297462317,0.0013244293220509285,0.001302645464966898,0.0012799613213335301,0.0012563305181880274,0.0012317061029538136,0.0012060419106670677,0.0011792936029706774,0.0011514202066815861,0.0011223853011423646,0.0010921586858104494,0.0010607176641083556,0.0010280487788330822,0.0009941491204353157,0.0009590280476246968,0.0009227084257139608,0.0008852282268907187,0.0008466415813355606,0.0008070201291077785,0.0007664537454810641,0.0007250514970049114,0.0006829418860761951,0.0006402732510419502,0.0005972133673184492,0.0005539491295042046,0.0005106853515721723,0.0004676435820155705,0.00042505996766848157,0.0003831830843559888,0.0003422707705271465,0.00030258690759493885,0.00026439719149311985,0.00022796486818671996,0.00019354549123920477,0.0001613817047179144,0.00013169712694272896,0.00010469036693188009,8.052826881551757e-5,5.933943617659843e-5,4.120715499326879e-5,2.6162764618024953e-5,1.417863607017039e-5,5.16174344971814e-6,-1.0528960219939351e-6,-4.708173258803401e-6,-6.1305479079539745e-6,-5.735512857180357e-6,-4.031730304510705e-6,-1.6267572489654591e-6,7.718825738777418e-7,2.347700316409764e-6
-1.3037917425542912e-6,3.9004330680683954e-6,1.4069659586473237e-5,2.891691299176729e-5,4.815654571918699e-5,7.149711683986249e-5,9.864049793298477e-5,0.00012928070175636397,0.0001631049226969104,0.0001997952004779524,0.00023903067703559007,0.0002804903912905303,0.0003238559115372609,0.00036881426390801276,0.00041506031905857456,0.0004622992959043466,0.0005102485477303598,0.0005586393843071547,0.0006072181253166372,0.0006557471898691514,0.0007040054429575388,0.000751788631250055,0.0007989091435550125,0.0008451959407546589,0.0008904938946744953,0.000934663382764704,0.0009775793745125676,0.0010191308519715344,0.0010592197920243278,0.0010977605447126304,0.0011346788248082448,0.0011699111416893105,0.0012034038741181772,0.001235112806199744,0.00126500232177943,0.0012930450663203043,0.0013192212662061836,0.001343518509330902,0.001365931171922099,0.001386460292430884,0.0014051130746740154,0.0014219028199666376,0.0014368484695949158,0.0014499745578345222,0.001461310757498477,0.0014708918198106206,0.0014787570922316676,0.0014849504182908404,0.00148951960527572,0.0014925162663775315,0.0014939952255831328,0.0014940142944439528,0.0014926336113828863,0.0014899153549875282,0.0014859230240499327,0.001480721097792078,0.001474374270728935,0.0014669470772311266,0.0014585031014594985,0.001449104588993507,0.0014388116565488278,0.0014276819170570309,0.00141576971671994,0.0014031258020513965,0.0013897966132112051,0.0013758240222805976,0.0013612447119512418,0.0013460900139190544,0.0013303854010625845,0.001314150453456762,0.0012973984903104315,0.0012801366888388738,0.0012623658795005805,0.0012440808398432646,0.0012252702729620235,0.0012059172943660631,0.0011859996089314982,0.001165490203627722,0.0011443577323185488,0.0011225674205294492,0.001100081659896931,0.0010768611226693392,0.0010528655580053531,0.0010280551031298976,0.0010023912616114925,0.0009758383846487131,0.0009483647965621002,0.0009199444033147115,0.0008905579126185703,0.0008601945075285555,0.0008288530880471228,0.0007965439260043135,0.0007632898326775532,0.0007291276883600795,0.0006941094178730952,0.0006583032662226815,0.0006217944433839556,0.0005846859991174635,0.0005470989833345403,0.0005091727621059097,0.000471064534171356,0.0004329489305433383,0.0003950167354499392,0.00035747362772910337,0.00032053797940335797,0.00028443863146022626,0.0002494116877733885,0.00021569727230040674,0.00018353530036391662,0.0001531612374532082,0.00012480091099036555,9.866537787494267e-5,7.494493097073875e-5,5.380327409591161e-5,3.5370967760154994e-5,1.9739192651739693e-5,6.952954601848114e-6,-2.995228111080524e-6,-1.0171994122428406e-5,-1.4709192208950519e-5,-1.68100461566232e-5,-1.6754708759872172e-5,-1.4905533734380152e-5,-1.1712180038100997e-5,-7.715440289540429e-6,-3.5527234240169772e-6,4.099423447869199e-8,2.2242040908550247e-6
-1.2991985715416951e-6,4.0808353670114214e-6,1.4538076635288856e-5,2.971630722943795e-5,4.9268655272680704e-5,7.285020730477482e-5,0.00010011707791440384,0.00013072491632290024,0.0001643296416486546,0.0002005886891808666,0.00023916282651387528,0.0002797184621096523,0.00032192977167761866,0.0003654811076017674,0.0004100688593530394,0.0004554034375586643,0.0005012105457827462,0.0005472325084662017,0.0005932288458594962,0.000638976914821274,0.0006842718298420844,0.0007289265096040426,0.0007727710763227504,0.0008156524643117371,0.0008574334677700537,0.0008979920851321276,0.0009372203852692504,0.0009750237473724768,0.0010113196906050346,0.0010460371364985816,0.001079115309118011,0.001110503106141923,0.0011401581349661017,0.0011680462378680567,0.0011941406909113826,0.001218421893270725,0.0012408767244612617,0.0012614983810079975,0.0012802858653090023,0.0012972439353459142,0.0013123826855823406,0.0013257175668324763,0.0013372690149841189,0.0013470624970707676,0.0013551281456007167,0.0013615007914606126,0.0013662195683081476,0.001369327901246957,0.0013708730552366244,0.0013709060587682217,0.0013694811809536725,0.0013666557802706357,0.0013624897056757732,0.0013570450707974674,0.0013503855841801799,0.0013425762584050917,0.0013336826828746339,0.0013237706848167239,0.001312905564612957,0.0013011517313574615,0.0012885719255537114,0.0012752268558856774,0.001261174437252113,0.0012464694578094566,0.0012311628619609165,0.0012153014777269541,0.0011989273746620566,0.0011820776814117728,0.001164784047768997,0.0011470725810524443,0.001128963439778802,0.0011104709153400942,0.0010916031821162407,0.0010723625478460872,0.0010527453814025186,0.0010327425511531905,0.0010123395469065636,0.0009915171202414424,0.0009702516110586751,0.000948515797004701,0.0009262794272731573,0.0009035102794736518,0.0008801748934129657,0.0008562398226388836,0.0008316725484857384,0.0008064428996915243,0.0007805241117168826,0.0007538943710951902,0.0007265379668701681,0.0006984468968092204,0.0006696220371090157,0.0006400747259081979,0.0006098278551187892,0.0005789173241137966,0.0005473929353476685,0.0005153195897701765,0.0004827778483329962,0.00044986472355011247,0.0004166937553872507,0.00038339524412200557,0.00035011568539561414,0.00031701729218214,0.0002842766439999399,0.0002520833642432767,0.0002206378661872377,0.00019014908905692663,0.00016083127054821,0.00013290070176742992,0.00010657152217488778,8.205152797023642e-5,5.953706695680414e-5,3.9208021394518814e-5,2.1221969654593526e-5,5.708552968663778e-6,-7.2368437642597e-6,-1.7559056151435592e-5,-2.524962113612175e-5,-3.035274325531061e-5,-3.2971584257134325e-5,-3.327391701584036e-5,-3.149787577424745e-5,-2.795709739230871e-5,-2.3045595290372918e-5,-1.7242496786404594e-5,-1.11155664169593e-5,-5.3264433299471526e-6,-6.314884970005271e-7,2.1092971096531533e-6
-1.2986911885789396e-6,4.228561517406965e-6,1.4920133330497673e-5,3.0354407470373487e-5,5.012676319804713e-5,7.384197436947723e-5,0.00010111327126264931,0.00013156056305094283,0.00016481089524476159,0.00020049930511187593,0.00023827021738426904,0.0002777792837477439,0.00031869501615506223,0.00036070068717746645,0.0004034956714474242,0.00044679691532293806,0.0004903396982129379,0.0005338784691561383,0.0005771869456553699,0.0006200583078441991,0.0006623046963961782,0.000703756872304555,0.0007442632581252484,0.0007836892285077162,0.0008219158709056011,0.0008588390838723158,0.000894368227933386,0.0009284251898141554,0.0009609430649189205,0.0009918653091203417,0.001021144553114286,0.001048741919971928,0.001074626027949274,0.0010987725097267832,0.0011211632207019618,0.0011417859600078356,0.0011606338698793152,0.0011777053319190567,0.0011930035214919074,0.0012065364360438068,0.0012183165565826282,0.0012283609574311064,0.0012366910234787418,0.00124333259096717,0.0012483156724902977,0.0012516745842683806,0.0012534476387814784,0.0012536772234782623,0.0012524094315193603,0.0012496940681705534,0.0012455842017762408,0.0012401360857704448,0.0012334086234430976,0.0012254632045015455,0.001216363087569461,0.0012061731598769002,0.001194959250228325,0.0011827878283164838,0.0011697252678867973,0.001155837508246143,0.001141189292503444,0.0011258438181345903,0.001109861978604131,0.001093302032504929,0.0010762188787632088,0.0010586637750917417,0.0010406836775428065,0.0010223210390105074,0.0010036132433080638,0.0009845925133807893,0.0009652854684845995,0.0009457131697139097,0.0009258908262860596,0.0009058280029529721,0.0008855284978070559,0.0008649907320238568,0.0008442078168340105,0.00082316814062553,0.0008018556365137673,0.0007802505747964269,0.0007583300345493906,0.0007360689003980198,0.0007134405313694107,0.0006904179495161532,0.0006669746864908205,0.000643086137405303,0.0006187305500113192,0.0005938905001595537,0.000568553970077356,0.0005427158821104769,0.0005163791918363664,0.0004895563951408532,0.0004622705398322095,0.00043455659894287577,0.00040646228290830736,0.0003780491514856948,0.00034939309006314247,0.00032058501678543054,0.00029173087453774813,0.00026295178244451926,0.0002343833934325711,0.00020617534421047464,0.00017848984096961086,0.00015150028293933545,0.0001253889689610026,0.0001003448093004851,7.656009516411063e-5,5.422727210662094e-5,3.3534782127704996e-5,1.4662947177610332e-5,-2.221025098927057e-6,-1.696791401629374e-5,-2.9452138482091525e-5,-3.957716754893639e-5,-4.7281573472106055e-5,-5.254469338964597e-5,-5.539276714677394e-5,-5.590453066410881e-5,-5.42171022788099e-5,-5.053121739804875e-5,-4.5116548565419163e-5,-3.8316422444098756e-5,-3.055229012195957e-5,-2.232809426371413e-5,-1.4233492505246135e-5,-6.948850317988232e-6,-1.2460020221046562e-6,2.0028872500845267e-6
-1.3026554223049064e-6,4.341391295548405e-6,1.5209984637579517e-5,3.082003121962912e-5,5.071274978569288e-5,7.444589871693256e-5,0.00010159285207870002,0.00013174056830840856,0.00016448979146198756,0.00019945553693699955,0.0002362680828565231,0.0002745743541066054,0.0003140390729156813,0.00035434615818610176,0.0003951995540563958,0.0004363241897991838,0.00047746623445507825,0.0005183934451796031,0.0005588947930521073,0.0005987802136416512,0.0006378796852770228,0.0006760425058012667,0.0007131359801322043,0.0007490443975172701,0.0007836675105942906,0.0008169193932889244,0.0008487268825431296,0.0008790284730878881,0.0009077728592847998,0.0009349179826102854,0.0009604297666395769,0.0009842813870483112,0.0010064522470900562,0.0010269274962348186,0.0010456972530655073,0.0010627563624566792,0.0010781038414144997,0.0010917428384812171,0.0011036802571084935,0.0011139268652503303,0.0011224970400777105,0.0011294089695375578,0.0011346844601531575,0.0011383491738833843,0.0011404324453732331,0.001140967504607,0.0011399912591223166,0.0011375444635984221,0.0011336714342161918,0.0011284201386194358,0.0011218418221427744,0.001113991004069686,0.0011049250076086879,0.0010947038600149176,0.0010833897291421745,0.0010710467351357218,0.0010577403056347004,0.0010435369150634587,0.0010285033779050931,0.0010127065380207449,0.0009962125248714245,0.0009790864198545475,0.000961391504036367,0.0009431889313977618,0.0009245369987583763,0.0009054908572553406,0.000886101835911632,0.0008664172228455534,0.0008464796735165941,0.0008263270922421068,0.0008059921546843126,0.0007855023182976265,0.0007648794861294442,0.0007441401718364748,0.0007232953283041172,0.0007023506887293676,0.0006813067787459983,0.0006601594495637419,0.0006389000859506427,0.0006175163402223714,0.0005959925402378436,0.0005743106237773363,0.0005524507402678255,0.0005303923734028256,0.0005081151172810492,0.000485599960714763,0.00046283020265271824,0.0004397928544069813,0.00041647964071643063,0.00039288845639594153,0.0003690243786984077,0.00034490109346165215,0.00032054182270569337,0.0002959806137191005,0.00027126306496522596,0.0002464473520143876,0.00022160461752058607,0.00019681959354082395,0.00017219051099382057,0.00014782917238185424,0.00012386023659640232,0.00010042060326217997,7.765794376529236e-5,5.572928182984968e-5,3.4798674158128906e-5,1.5034913620600505e-5,-3.39168587773185e-6,-2.031247707816543e-5,-3.556456720781856e-5,-4.8994834703688186e-5,-6.046478603799897e-5,-6.985525628182126e-5,-7.707184743530362e-5,-8.20500876622655e-5,-8.476118981340825e-5,-8.521738344365002e-5,-8.347768409683716e-5,-7.965309080064332e-5,-7.391204920967006e-5,-6.648525071709862e-5,-5.767051037983993e-5,-4.7837051628499554e-5,-3.742957037336218e-5,-2.6972231804214643e-5,-1.7071601122608955e-5,-8.421395196534756e-6,-1.8031753198522872e-6,1.9048533537010172e-6
-1.311454645717409e-6,4.417234498625201e-6,1.540213446441127e-5,3.1102676738596444e-5,5.100961804427463e-5,7.463713022361992e-5,0.00010152190674130149,0.00013122090102046747,0.00016331128784131512,0.0001973905955409746,0.00023307730525642787,0.0002700117898763465,0.00030785698979385995,0.0003462993175198171,0.0003850489783721665,0.000423840424715193,0.00046243210763840907,0.0005006063405920146,0.0005381684559637491,0.0005749461160713048,0.0006107879764540606,0.0006455625846764224,0.0006791567200132117,0.0007114740636117335,0.0007424334027282023,0.0007719672552278073,0.0008000201096279499,0.0008265471577729029,0.0008515127036234874,0.0008748891136459711,0.0008966554796555848,0.0009167968478858847,0.0009353031736194759,0.0009521688449373329,0.0009673919257134963,0.0009809739535862829,0.0009929194366815938,0.0010032358796822245,0.001011933479541119,0.0010190253188599348,0.0010245271962879895,0.0010284579215611414,0.0010308392155905528,0.0010316960444528855,0.0010310565301540505,0.0010289522693325956,0.0010254182060658158,0.0010204928928425829,0.0010142182895008193,0.0010066399372800987,0.0009978066613700915,0.0009877706420945175,0.0009765870113841195,0.0009643138173750629,0.0009510115165797973,0.0009367428387810136,0.000921572186321976,0.000905565414847556,0.0008887891588049522,0.0008713105502734852,0.0008531964954873773,0.0008345133588059006,0.000815326218991279,0.0007956985484862488,0.0007756914805144631,0.0007553635154665558,0.0007347698308463247,0.0007139620469207976,0.000692987611284689,0.000671889655150642,0.0006507064829682403,0.0006294715488821255,0.0006082130794394115,0.0005869541968132674,0.0005657126990874686,0.0005445013526991179,0.0005233278499370553,0.0005021952874699317,0.0004811023142563951,0.0004600438056942944,0.00043901120677814225,0.00041799340196023996,0.0003969772477511846,0.0003759486264819954,0.00035489314930805356,0.0003337973674657769,0.00031264961066617704,0.00029144131212540726,0.00027016792878681946,0.00024883031673616883,0.0002274356591748626,0.00020599880771561972,0.0001845431227868391,0.00016310167533726134,0.00014171788434510008,0.0001204464550077008,9.935368201507433e-5,7.851798745868896e-5,5.802974991342622e-5,3.799130171166556e-5,1.8516146420154742e-5,-2.717154647045596e-7,-1.8239300789895245e-5,-3.524609493980748e-5,-5.1146383383017635e-5,-6.579154140462413e-5,-7.9033215695263e-5,-9.072645309101786e-5,-0.00010073369613309157,-0.00010892867637056615,-0.00011520110853672991,-0.00011946119307980094,-0.00012164481360676057,-0.00012171841849723097,-0.00011968445912641259,-0.00011558636793839907,-0.00010951393675477497,-0.00010160809866795391,-9.206595136994842e-5,-8.114510774824721e-5,-6.916812286091107e-5,-5.6526341380713785e-5,-4.368355552454254e-5,-3.117963379907044e-5,-1.9633167897281815e-5,-9.745988473838686e-6,-2.3038075087271663e-6,1.8150484337582758e-6
-1.3254328713375509e-6,4.454111457166215e-6,1.5491386254948986e-5,3.1192433404174036e-5,5.100135647386987e-5,7.439229840789188e-5,0.00010086858952470653,0.00012996027278698837,0.00016122383688316877,0.00019424200655370478,0.0002286239582903786,0.0002640058216023307,0.0003000508856630757,0.00033645001395774476,0.00037292146118400496,0.0004092108255630195,0.0004450903013910747,0.0004803580619715331,0.0005148369515636813,0.0005483733618837978,0.0005808354863145947,0.0006121118471775345,0.0006421092947639138,0.000670751377997015,0.000697976282058105,0.0007237352278092543,0.0007479905188297197,0.0007707141204652698,0.0007918859441338925,0.0008114927086837246,0.0008295265390345895,0.0008459841615161941,0.0008608658445842821,0.0008741749337129037,0.0008859171201965016,0.0008961002846494616,0.0009047340490414998,0.0009118298728904868,0.0009174008245483399,0.0009214618606846098,0.0009240297445920299,0.0009251234361024736,0.0009247640854142818,0.0009229754649491158,0.0009197839745704644,0.0009152190566703298,0.0009093131602502283,0.0009021020934526147,0.0008936249077172083,0.0008839241561323865,0.0008730456730797991,0.0008610387207345071,0.0008479556530566676,0.0008338519455348143,0.0008187857443094792,0.0008028177852505798,0.0007860108389999547,0.0007684295344526489,0.0007501397184497132,0.0007312082056761296,0.0007117020776882129,0.0006916883862652851,0.0006712334205896755,0.0006504023944041494,0.0006292587126886949,0.0006078636747938833,0.000586275773098839,0.0005645504448132269,0.0005427394350121349,0.0005208906291650321,0.0004990475117377783,0.0004772491097692839,0.00045552957591841114,0.000433918270539757,0.0004124394945465983,0.00039111273329700666,0.00036995255976959645,0.0003489690579257504,0.00032816791017465524,0.00030755101043447434,0.00028711674136795083,0.000266860777766284,0.00024677654823513257,0.0002268562174666828,0.00020709131367254612,0.00018747386358765393,0.00016799715089828665,0.00014865696048981664,0.0001294524146303947,0.0001103872634713546,9.147072552033637e-5,7.271874072255601e-5,5.4154721105060284e-5,3.581066258196809e-5,1.7727692623746824e-5,-4.3080341993884385e-8,-1.7440350008274773e-5,-3.439215756413817e-5,-5.0816140128394615e-5,-6.661960491547816e-5,-8.170037302927616e-5,-9.594750488431064e-5,-0.00010924284996730887,-0.00012146251828738737,-0.0001324792102203863,-0.00014216448351605463,-0.00015039188342948852,-0.0001570399930152885,-0.00016199631499987885,-0.00016516101910972423,-0.00016645144978755976,-0.0001658064064616019,-0.00016319107553872586,-0.0001586016103949997,-0.00015207022608560943,-0.00014366980195293597,-0.00013351884943637012,-0.00012178586162340847,-0.00010869388313664867,-9.452440215208509e-5,-7.962132032375976e-5,-6.439436047619186e-5,-4.932232043427501e-5,-3.4956337901844657e-5,-2.192226338518437e-5,-1.0924946849373333e-5,-2.748847108457809e-6,1.733302621783881e-6
-1.3449173012853305e-6,4.450137193906456e-6,1.5472802896254212e-5,3.1079909038482785e-5,5.067282792011966e-5,7.368935907671196e-5,9.960292514356604e-5,0.00012791989592784113,0.00015817910036301498,0.00018995128255601523,0.00022283893931960858,0.00025647638852434383,0.0002905295104426059,0.00032469567588252216,0.0003587030626713917,0.0003923101095669234,0.0004253042737619737,0.00045750093773833317,0.0004887416421080523,0.0005188925338463838,0.0005478422186081013,0.000575499924281769,0.0006017931680120249,0.0006266658363738453,0.0006500758659691684,0.0006719934273757516,0.0006923987890379839,0.000711280752215351,0.0007286348202943025,0.0007444619799540053,0.000758767244191049,0.000771558821621099,0.0007828470505874364,0.0007926439514777163,0.0008009625271825935,0.0008078166568977366,0.0008132207078609971,0.0008171897050030396,0.0008197391808673468,0.0008208855432868515,0.0008206460835518552,0.0008190394623045089,0.0008160857982435025,0.0008118071982500858,0.0008062278576712419,0.0007993745717862728,0.0007912767915177775,0.0007819670673659076,0.0007714810191170128,0.0007598576783991976,0.0007471393459138705,0.0007333718133693126,0.0007186040957657548,0.0007028885267075526,0.0006862803656041182,0.0006688377717059054,0.0006506212963865557,0.0006316937504860142,0.0006121196000171367,0.0005919647485546797,0.0005712958608612221,0.0005501800872688347,0.0005286843440377892,0.0005068750101696272,0.00048481719601525277,0.00046257444494708714,0.000440208023042765,0.00041777665872876773,0.0003953358864389186,0.00037293785685023285,0.00035063076633784436,0.0003284587688032488,0.00030646152053353956,0.00028467422181742614,0.0002631273033619799,0.00024184662176965748,0.00022085330878399639,0.00020016413901891936,0.000179791556725611,0.00015974422663958093,0.00014002724436452537,0.00012064287149015963,0.00010159092477406381,8.286968451676636e-5,6.44764442537252e-5,4.640856659541803e-5,2.8664159093288245e-5,1.124323449146645e-5,-5.851539906333096e-6,-2.2613639865039854e-5,-3.903193385554164e-5,-5.5089520997877294e-5,-7.076307215523335e-5,-8.602180992215672e-5,-0.00010082705158402133,-0.00011513144887839675,-0.0001288788563908639,-0.00014200395841398105,-0.00015443259138395353,-0.00016608188486538834,-0.0001768611600177061,-0.00018667269813740496,-0.00019541331575695695,-0.00020297584463302573,-0.00020925144597456696,-0.00021413183923903523,-0.00021751236328913884,-0.00021929492937132827,-0.00021939176880269153,-0.00021772901294811215,-0.00021425099213626909,-0.00020892427118241515,-0.00020174229338052867,-0.0001927296371166474,-0.00018194674630998332,-0.00016949413863420707,-0.00015551694600048023,-0.00014020881773403856,-0.00012381602603089094,-0.0001066408918424429,-8.904529389256196e-5,-7.145363612830832e-5,-5.435570104286288e-5,-3.830955618958197e-5,-2.3943663511531838e-5,-1.196094449076079e-5,-3.1393732031574645e-6,1.6594258241148028e-6
-1.370220342787542e-6,4.403509154883355e-6,1.5341675772791903e-5,3.075617393176548e-5,5.000968415494031e-5,7.25074767572386e-5,9.769665778298376e-5,0.00012506329902787987,0.0001541317321868492,0.0001844636746560543,0.00021565769144498182,0.0002473488331199139,0.00027920791405062914,0.00031094095645536305,0.0003422880093777233,0.0003730221077415409,0.0004029475393220556,0.0004318982809241411,0.0004597357786826242,0.0004863469754877902,0.0005116417699703327,0.0005355508255875107,0.000558022915732485,0.0005790227238514626,0.0005985282779446487,0.0006165289298907047,0.000633023047184392,0.0006480163142985965,0.0006615197973441483,0.0006735486545823442,0.0006841206329737243,0.0006932552195580007,0.0007009725765516699,0.0007072931175364499,0.0007122368454932776,0.0007158233016493414,0.0007180712411978839,0.0007189988795705231,0.0007186238238228159,0.0007169635303192756,0.0007140354044271384,0.0007098573831613007,0.0007044481195729862,0.0006978276112032651,0.0006900173957022377,0.0006810411583288955,0.0006709248793213766,0.0006596973687562177,0.0006473903218433777,0.0006340387452931921,0.0006196808923602839,0.0006043585600646808,0.0005881168903101895,0.0005710045309649146,0.0005530733020633228,0.0005343782253853736,0.0005149770652999607,0.0004949302409353337,0.0004743002595894997,0.00045315153290755375,0.0004315497271006124,0.00040956150991119044,0.0003872538463573961,0.0003646937069112046,0.000341947340347586,0.0003190799757086833,0.00029615510530743236,0.0002732342138885967,0.0002503761050629748,0.0002276366907276217,0.00020506839326625215,0.000182720026786786,0.000160636305311372,0.00013885784466575966,0.0001174208034910293,9.63570305263868e-5,7.56938604064617e-5,5.545442538730592e-5,3.5657621277944856e-5,1.631859507897319e-5,-2.5511122605461927e-6,-2.094290060684048e-5,-3.885079534783714e-5,-5.627061509693755e-5,-7.319950164665049e-5,-8.963494590807664e-5,-0.00010557419687103619,-0.0001210131881893595,-0.00013594587799487694,-0.0001503631374194379,-0.0001642520924544658,-0.00017759505519878357,-0.00019036895810260455,-0.00020254442704606502,-0.00021408541509825748,-0.00022494853118375309,-0.00023508299213310696,-0.0002444303286083843,-0.0002529247774481291,-0.00026049348431473164,-0.0002670574497771138,-0.0002725323326169158,-0.00027683003987623647,-0.000279860203567328,-0.0002815324654582317,-0.0002817586524479752,-0.00028045575173474735,-0.00027754874834561076,-0.00027297421913313876,-0.00026668372527575225,-0.00025864788156396894,-0.00024886012644851745,-0.00023734105746738265,-0.00022414234490479237,-0.00020935107953893065,-0.0001930935699796482,-0.00017553944144507014,-0.0001569050809412868,-0.0001374572695793424,-0.0001175161368513621,-9.745820666125294e-5,-7.771892551664072e-5,-5.879511992678979e-5,-4.124755079260541e-5,-2.570276953021509e-5,-1.2856969588463327e-5,-3.4765786911247703e-6,1.593210059165988e-6
-1.4016411052843432e-6,4.31249841536611e-6,1.509350273272304e-5,3.0212721174293106e-5,4.8998305626329495e-5,7.082694220477357e-5,9.512314577032499e-5,0.00012135619901288767,0.00014903922871659198,0.00017772800229437974,0.0002070200142061898,0.00023655369413640222,0.0002660072230891227,0.00029509749506626904,0.000323578441256436,0.0003512394980437998,0.00037790338860234574,0.00040342409475785894,0.00042768419250015824,0.00045059246741932177,0.00047208099037343197,0.000492102582844938,0.0005106278517131086,0.0005276427211626091,0.0005431456333526287,0.000557145335176182,0.000569658409911086,0.000580707456432765,0.0005903190603360747,0.0005985224439507212,0.0006053479260273915,0.0006108260636349608,0.0006149865960525655,0.0006178580513587256,0.0006194671279473139,0.0006198387030560598,0.000618995576583669,0.0006169587969035707,0.0006137476762787889,0.0006093803400508605,0.0006038739191904145,0.0005972452301119665,0.0005895110551994425,0.0005806888692852341,0.0005707971305292175,0.0005598559832602797,0.0005478874967103123,0.0005349162900032099,0.0005209696727739542,0.0005060781546751936,0.0004902754581974198,0.00047359889078602273,0.00045608921511198385,0.0004377908759088766,0.0004187517259124971,0.00039902311139259933,0.0003786594627267655,0.0003577182522185249,0.0003362594667805844,0.00031434545908580187,0.00029204032627979287,0.00026940968100074296,0.0002465199646494755,0.00022343816858631536,0.00020023111349122555,0.00017696515334071714,0.00015370545400901584,0.00013051571361199756,0.00010745747387661766,8.458989023411002e-5,6.196910868412638e-5,3.964811763200786e-5,1.767622097598674e-5,-3.900998946981197e-6,-2.504208464293416e-5,-4.570960408204303e-5,-6.587040777531067e-5,-8.549537332048091e-5,-0.00010455950031885045,-0.00012304148680442205,-0.00014092365472706135,-0.00015819135603543813,-0.0001748327324501335,-0.00019083796119204354,-0.00020619886622374922,-0.000220908028288637,-0.0002349582806282535,-0.0002483417248786628,-0.00026104916202468367,-0.0002730690741371493,-0.00028438706009004306,-0.00029498486188175735,-0.00030483989289900576,-0.00031392440481947984,-0.0003222052117654293,-0.0003296431070324896,-0.0003361928965623427,-0.0003418031809617625,-0.00034641681315583075,-0.00034997115709011064,-0.00035239907400688307,-0.000353629751892331,-0.0003535902999510461,-0.0003522072102379451,-0.0003494085993640979,-0.00034512631563096366,-0.00033929881179933547,-0.0003318738498654568,-0.0003228119229343325,-0.00031208944142086594,-0.00029970255341795073,-0.00028567063028884203,-0.00027004027490813324,-0.0002528888748742632,-0.0002343285513274482,-0.00021450953112792863,-0.00019362379175171107,-0.00017190803893773552,-0.00014964685906659897,-0.00012717519800708297,-0.00010488094339344569,-8.320701549817561e-5,-6.265343374905327e-5,-4.3779525407384485e-5,-2.72055383771247e-5,-1.3616286647350031e-5,-3.7617557890512334e-6,1.534431456632964e-6
-1.4394663942354688e-6,4.175444251832787e-6,1.4723974699305272e-5,2.9441442820191012e-5,4.7625765683605575e-5,6.862912405287008e-5,9.185730071326455e-5,0.0001167664283528092,0.00014286184494520372,0.0001696965594500955,0.00019686996088686136,0.00022402659593870382,0.0002508545229637411,0.0002770837926661893,0.0003024842803379912,0.00032686366715966095,0.0003500647424569921,0.00037196291875459377,0.00039246313160289504,0.0004114970533199678,0.0004290197968957226,0.00044500704990277004,0.00045945181201165447,0.00047236167196005316,0.000483755787953506,0.0004936624950874288,0.0005021166899879539,0.0005091579001637716,0.0005148281733931363,0.0005191706779224335,0.000522228135284392,0.0005240419613891542,0.0005246512271236379,0.0005240923018713027,0.0005223982843208356,0.0005195990751334941,0.0005157211927302309,0.0005107881812763255,0.0005048207123524632,0.0004978372267930096,0.0004898542210478579,0.00048088702420815945,0.0004709501747457862,0.0004600582443426402,0.0004482262235934104,0.0004354703191508446,0.0004218082832022815,0.0004072601274782093,0.0003918483486503198,0.0003755985200295904,0.0003585393818804619,0.00034070328781118193,0.00032212614430302325,0.0003028477030987686,0.0002829113474417537,0.0002623642338099741,0.0002412569332447627,0.00021964343551150557,0.0001975806625096564,0.0001751283554826941,0.00015234848404325005,0.00012930504263975143,0.00010606338343811831,8.268995213834185e-5,5.925157608558235e-5,3.581517195010854e-5,1.2447022195956815e-5,-1.0787511732129548e-5,-3.382469093063339e-5,-5.660264677067526e-5,-7.906202741448948e-5,-0.00010114617415216529,-0.00012280168179885895,-0.0001439784738474072,-0.00016463024885898076,-0.00018471442861254752,-0.00020419246738341077,-0.00022302965291678416,-0.00024119526207647238,-0.0002586622020554826,-0.0002754070045460505,-0.00029140930439299477,-0.00030665167539600265,-0.0003211189557744838,-0.0003347979420683523,-0.0003476765853018667,-0.00035974357505502485,-0.0003709874467865883,-0.00038139610548866185,-0.00039095590253035916,-0.00039965116640893025,-0.00040746332542280323,-0.0004143705303178002,-0.0004203469152194632,-0.0004253624112419811,-0.0004293822499076111,-0.0004323670752969801,-0.00043427279870605125,-0.0004350511165788602,-0.00043464981929076756,-0.0004330138099266749,-0.00043008595107893823,-0.00042580865320030956,-0.0004201253094794321,-0.00041298248113478636,-0.0004043319219723668,-0.0003941333330487461,-0.0003823569182992704,-0.000368986616993626,-0.0003540230661587795,-0.00033748715429622904,-0.0003194232052653279,-0.00029990264259585256,-0.0002790271667404013,-0.0002569322907575325,-0.0002337902750710745,-0.00020981330823805348,-0.00018525600930555897,-0.00016041809498251101,-0.00013564638047116175,-0.00011133689806253338,-8.793655308306095e-5,-6.594480451978311e-5,-4.5915534010590274e-5,-2.8458424237972667e-5,-1.4242404943823118e-5,-3.996283954403787e-6,1.4828518883757758e-6
-1.483971218585964e-6,3.99075196119197e-6,1.4228970624078936e-5,2.843462134736544e-5,4.587981845586085e-5,6.589645348221434e-5,8.78755696686411e-5,0.00011126391563570575,0.00013556257444242696,0.0001603250948641456,0.00018515581974539531,0.00020970823122213168,0.0002336828422400533,0.000256825197583857,0.0002789232174616777,0.00029980469726108175,0.0003193341376354943,0.0003374098116148675,0.0003539602393681345,0.00036894101214828305,0.00038233113761929104,0.0003941298562039744,0.00040435309594959125,0.00041303050923557037,0.0004202022477483567,0.0004259164049018082,0.0004302262674939437,0.0004331882882505955,0.00043485990588419487,0.0004352981065876105,0.0004345578402604207,0.00043269116960733346,0.00042974625538106444,0.00042576704326717366,0.0004207927496175446,0.0004148580024596838,0.0004079927328169839,0.0004002226671344642,0.0003915695170595798,0.00038205171466189325,0.00037168479316374757,0.0003604822608040073,0.0003484560734718847,0.00033561755482052256,0.00032197787599394853,0.0003075489456842785,0.00029234382939980364,0.00027637755108339687,0.0002596674024547103,0.00024223361569515936,0.00022409953073279705,0.0002052921150647136,0.00018584197245473228,0.00016578370048670789,0.0001451557375025387,0.00012400056064199163,0.0001023643788223393,8.029718381580032e-5,5.78523057442048e-5,3.50863373394771e-5,1.2058575025812685e-5,-1.116915783853038e-5,-3.453315643280303e-5,-5.796808247798597e-5,-8.140766516469019e-5,-0.00010478498809439934,-0.0001280332126809025,-0.00015108587045880066,-0.0001738775753050097,-0.00019634428747287785,-0.00021842398149752494,-0.000240056849434804,-0.0002611858930630457,-0.00028175703622164796,-0.0003017196130428028,-0.00032102636316190124,-0.00033963379241516625,-0.0003575020302751912,-0.000374595045977746,-0.0003908803550705414,-0.00040632908254157577,-0.00042091551509658757,-0.0004346170137360789,-0.00044741342041945583,-0.00045928683573013277,-0.0004702209028842894,-0.0004802004814301394,-0.0004892108477480276,-0.0004972373125813562,-0.0005042643944608824,-0.0005102754462248882,-0.0005152518748594167,-0.0005191728584112836,-0.0005220147006659586,-0.0005237507327926955,-0.000524350901604449,-0.0005237819571938508,-0.0005220073763668102,-0.0005189879354771565,-0.0005146820630405271,-0.0005090468831515243,-0.0005020390707750586,-0.0004936164235092991,-0.0004837392582530018,-0.0004723725271617328,-0.00045948774588082923,-0.0004450656151849974,-0.00042909841205271957,-0.0004115930165979294,-0.0003925736346182588,-0.00037208506847906603,-0.0003501955837313507,-0.0003270002145579111,-0.0003026235514117148,-0.00027722285122450287,-0.0002509905242835005,-0.00022415684229084383,-0.00019699195911864406,-0.0001698080886722274,-0.00014296102593129348,-0.0001168518023244224,-9.192790909487498e-5,-6.868459646449097e-5,-4.766640801894312e-5,-2.9468332105097027e-5,-1.473905355446399e-5,-4.181620377119485e-6,1.4382202135529588e-6
-1.5354188324307587e-6,3.7568937977913403e-6,1.3604560459809451e-5,2.7184935819904e-5,4.3748909479806145e-5,6.261244064956987e-5,8.315595869377098e-5,0.00010482071746247198,0.00012710719061903475,0.00014957286342013543,0.0001718301759220226,0.00019354443347845455,0.00021443123529487116,0.00023425399758635656,0.0002528208125895029,0.0002699814730671343,0.00028562383878150816,0.0002996704661010021,0.0003120746700120803,0.00032281697189291507,0.00033190110117017733,0.0003393505096382173,0.0003452045598239635,0.00034951533751221,0.0003523442373726433,0.0003537592557679902,0.00035383212432424783,0.0003526361994044864,0.000350244225744895,0.000346726870693612,0.0003421511343021013,0.00033657951528496725,0.00033006902876157895,0.00032267094276023056,0.00031443032424687163,0.0003053862523436342,0.00029557178836918645,0.00028501455456134015,0.00027373701338376477,0.00026175729641916406,0.00024908967957827384,0.00023574555299455711,0.0002217339888124969,0.00020706275611842424,0.00019173889351210163,0.0001757696903291211,0.00015916319442454188,0.0001419290996834753,0.00012407913820077364,0.0001056278324915713,8.659273899909128e-5,6.699504029762225e-5,4.68596226832066e-5,2.6215498336990606e-5,5.095713214370273e-6,-1.6462398643978822e-5,-3.841746970067581e-5,-6.072400045860956e-5,-8.333276061784098e-5,-0.00010619082684757066,-0.0001292421079743243,-0.0001524274936872258,-0.00017568547637674206,-0.0001989523814280171,-0.00022216305500323726,-0.00024525114393860137,-0.00026814981675378594,-0.00029079205977994353,-0.0003131113978724682,-0.00033504217318389417,-0.00035652023242358513,-0.0003774831556707578,-0.00039787087863527026,-0.00041762584118987614,-0.00043669351608474546,-0.0004550224506454661,-0.00047256467799011877,-0.0004892756308269215,-0.0005051144176542793,-0.000520043595038545,-0.000534029299786053,-0.0005470408756904855,-0.0005590508634017035,-0.00057003448950132,-0.000579969528756984,-0.0005888356773974811,-0.0005966143173826484,-0.0006032878114771054,-0.0006088392154566647,-0.0006132515491816886,-0.0006165075192056671,-0.0006185888361566021,-0.0006194760253621827,-0.0006191478745416499,-0.0006175814216325254,-0.0006147516256246768,-0.0006106316261143906,-0.000605192731315949,-0.0005984050401581526,-0.0005902378322953334,-0.0005806606282182205,-0.0005696440442241054,-0.0005571613372995375,-0.0005431897524597866,-0.0005277125569446732,-0.0005107208590628604,-0.0004922160827587491,-0.0004722121797814847,-0.00045073843622482233,-0.00042784194049986943,-0.00040359055675391397,-0.0003780754603132604,-0.0003514140710502052,-0.00032375243948652103,-0.000295267920880609,-0.0002661712053367741,-0.0002367085459682864,-0.000207163292875235,-0.00017785757839900107,-0.00014915335699957396,-0.00012145359782053147,-9.520307728740003e-5,-7.088930018956714e-5,-4.9043703065828156e-5,-3.0242584052767558e-5,-1.5110163341390258e-5,-4.319293184303773e-6,1.4002731170199618e-6
-1.5940603273843114e-6,3.4724129013553944e-6,1.2847015811220022e-5,2.5685482128717547e-5,4.122220809224246e-5,5.8761721484109986e-5,7.767809595375706e-5,9.741109937221729e-5,0.00011746434653602942,0.00013740274543258551,0.00015685005030867383,0.00017548633504828066,0.0001930449586802605,0.00020930961323771367,0.00022411070344340378,0.00023732190370090182,0.00024885607117265505,0.0002586614501144263,0.0002667173353096925,0.00027303015915741496,0.0002776291663686211,0.00028056264348240396,0.000281893858435472,0.00028169766635830395,0.0002800569231262494,0.00027705964493291736,0.00027279603946132484,0.00026735632660979374,0.0002608284590278136,0.0002532966407709001,0.000244839741796039,0.0002355304895728869,0.0002254345270098401,0.00021461020455504506,0.00020310819154267977,0.000190971765084848,0.00017823686157002102,0.0001649327430648708,0.0001510823670792933,0.0001367033089377045,0.00012180833109808758,0.00010640644780853336,9.050358686895674e-5,7.410369749583788e-5,5.7209414169481237e-5,3.982312691809489e-5,2.194757601118023e-5,3.5868233439355163e-6,-1.5253273923465832e-5,-3.456423333510011e-5,-5.433462837915185e-5,-7.454942514955449e-5,-9.518983631371826e-5,-0.00011623283505197145,-0.0001376511861030851,-0.00015941313533689733,-0.00018148261124154748,-0.0002038190786988284,-0.00022637789560979986,-0.0002491103118541579,-0.00027196395913147277,-0.0002948829703865653,-0.00031780857606349144,-0.00034067931518591245,-0.00036343170781954137,-0.00038600052626673576,-0.00040831951141518036,-0.00043032167099260767,-0.00045194000653286004,-0.0004731078052847073,-0.0004937593447425193,-0.0005138301456379895,-0.0005332576224415191,-0.0005519812670042009,-0.000569943216297189,-0.0005870883399071337,-0.0006033647007414645,-0.0006187235249441324,-0.0006331195376018523,-0.0006465108009594482,-0.0006588589155248404,-0.0006701287219132556,-0.000680288368286,-0.0006893088827881233,-0.0006971641209373091,-0.0007038302292744419,-0.000709285500826187,-0.0007135097657928883,-0.0007164841988640409,-0.0007181906886207375,-0.0007186116561518531,-0.0007177294699424094,-0.0007155263492508026,-0.0007119839036759545,-0.0007070832049337961,-0.0007008045376393422,-0.0006931277269020995,-0.0006840321864588243,-0.0006734975842148987,-0.0006615042631234156,-0.0006480343100643301,-0.0006330724018127916,-0.0006166073130353396,-0.0005986332036116386,-0.0005791515592493304,-0.0005581728886375702,-0.0005357190378444858,-0.0005118252103345519,-0.0004865425395291267,-0.00045994028891312594,-0.00043210851488318974,-0.00040316025870881523,-0.00037323409624010444,-0.00034249611216330606,-0.0003111421288376454,-0.0002793992721159977,-0.00024752771355566756,-0.00021582171327145461,-0.00018461080973335977,-0.00015426037712228477,-0.00012517235501825527,-9.778561104568374e-5,-7.25764857386865e-5,-5.005966650284915e-5,-3.0788898930128574e-5,-1.535985626494978e-5,-4.410897499808579e-6,1.3687355178462756e-6
-1.6601337982801314e-6,3.1359300759414045e-6,1.1952827909910247e-5,2.3929806641158115e-5,3.828966054058299e-5,5.4330133365935825e-5,7.14233324016408e-5,8.901166328725454e-5,0.0001066057302104247,0.0001237814302458524,0.00014017711123800875,0.0001554906061093001,0.0001694757360736862,0.00018193888699904665,0.0001927349165396313,0.00020176325312099922,0.00020896336776585564,0.00021431056740230846,0.00021781127591884034,0.0002194987780293681,0.00021942858559579478,0.00021767440129461812,0.00021432382864694424,0.00020947478988887064,0.00020323178585328236,0.00019570293959736654,0.0001869969415663787,0.00017722081638526073,0.0001664776139153861,0.00015486492412395317,0.000142473306495184,0.00012938551592017332,0.00011567560822276854,0.00010140879346954486,8.66411172332402e-5,7.141982813532476e-5,5.57835130327168e-5,3.976285195072506e-5,2.338107870786083e-5,6.654996039111405e-6,-1.0404361846829803e-5,-2.7790571611697943e-5,-4.5501066692531526e-5,-6.353593881589087e-5,-8.189718483911086e-5,-0.00010058754987482119,-0.0001196098476215459,-0.00013896590742161399,-0.0001586560208096491,-0.0001786780356036879,-0.00019902696307548982,-0.00021969424491039848,-0.00024066753935529168,-0.00026193017211066053,-0.0002834611063359438,-0.00030523457636658986,-0.00032722023553254944,-0.0003493829618771055,-0.0003716831691478096,-0.0003940767661538321,-0.00041651560969970506,-0.00043894759353855335,-0.0004613172171243615,-0.00048356577599067876,-0.0005056320167368591,-0.0005274523978515338,-0.0005489617991252912,-0.000570093820310871,-0.0005907815120726486,-0.0006109576793794591,-0.0006305556011630923,-0.0006495093060198825,-0.0006677542490513081,-0.0006852275294301947,-0.000701868495595579,-0.0007176188777237113,-0.0007324232967544014,-0.0007462292900134093,-0.0007589877056879755,-0.0007706526069925069,-0.0007811815418861113,-0.0007905353204058955,-0.000798678159711309,-0.0008055773405573441,-0.0008112032400779585,-0.0008155288866098905,-0.0008185299066419944,-0.0008201840118122683,-0.0008204709014065105,-0.0008193717303946832,-0.0008168690236000356,-0.0008129461876794509,-0.0008075875059171028,-0.0008007777681763154,-0.0007925024240577496,-0.0007827474107112266,-0.000771499544354062,-0.0007587466238866134,-0.0007444781339682382,-0.0007286856902267299,-0.0007113641090970304,-0.0006925122363385176,-0.0006721344085188391,-0.0006502416701508623,-0.0006268536095962836,-0.000601999923076762,-0.0005757225568130014,-0.0005480775228149751,-0.0005191372251745369,-0.0004889923804385688,-0.000457754358284485,-0.00042555701924139826,-0.00039255887070149847,-0.0003589446204905061,-0.0003249269526848583,-0.0002907476227690071,-0.00025667870872538956,-0.00022302315894991498,-0.00019011548386816023,-0.00015832182905259508,-0.00012804024109247959,-9.970059965724406e-5,-7.376478602865354e-5,-5.0727226677776576e-5,-3.111538613695059e-5,-1.549244237690263e-5,-4.458094492049985e-6,1.3433205295644811e-6
-1.7338631003308689e-6,2.7461532817349094e-6,1.0918732542759526e-5,2.191195256753927e-5,3.4942062702973935e-5,4.9304818088982524e-5,6.437487789972631e-5,7.960151877446566e-5,9.45062721093776e-5,0.00010867966022862654,0.00012177795448773697,0.00013351976951704955,0.00014368210619641983,0.00015209646197188233,0.0001586442741121912,0.00016325257228135418,0.00016588902345044987,0.0001665573306450938,0.000165292150004991,0.0001621545109725465,0.00015722689476641317,0.0001506089529007125,0.00014241300847313637,0.0001327603062143722,0.00012177713817834229,0.00010959178954709715,9.633141478062098e-5,8.211976567671328e-5,6.707486676573707e-5,5.1307538208053295e-5,3.491985050227965e-5,1.8004393015734946e-5,6.434341614175428e-7,-1.7091158918694643e-5,-3.513816508362834e-5,-5.344656057260954e-5,-7.19752984690118e-5,-9.069246497152929e-5,-0.00010957472808274393,-0.00012860623102005917,-0.00014777783783994706,-0.0001670858850490887,-0.00018653133729699137,-0.00020611850102399842,-0.00022585418436238866,-0.00024574645650251534,-0.0002658038853188982,-0.0002860344054789332,-0.00030644468709333645,-0.0003270391561022907,-0.00034781952876890423,-0.00036878401054933336,-0.00038992701519992263,-0.00041123855361651653,-0.00043270414293890985,-0.00045430438478015624,-0.0004760150589040556,-0.0004978068806642761,-0.0005196457653272298,-0.000541492747091864,-0.000563304393600795,-0.0005850328632624385,-0.0006066264446111676,-0.0006280297245073297,-0.0006491842234955562,-0.0006700286445810029,-0.0006904995734139858,-0.0007105317756015035,-0.0007300589293316915,-0.000749013938539101,-0.0007673296654875271,-0.0007849392276238153,-0.0008017766987668044,-0.000817777359297893,-0.0008328783371216133,-0.0008470187841477011,-0.0008601404323151132,-0.0008721876743370046,-0.0008831080160209183,-0.000892852046186416,-0.0009013737744530158,-0.0009086304842114746,-0.0009145829550454089,-0.0009191952036336853,-0.0009224346018949961,-0.0009242715234644404,-0.000924679382097474,-0.000923634215326691,-0.0009211146818692771,-0.0009171016282432561,-0.000911578097680502,-0.0009045289384269062,-0.0008959408882916393,-0.0008858022931661546,-0.0008741033387299654,-0.0008608359521300779,-0.0008459942531345772,-0.000829574708488434,-0.0008115768665949313,-0.0007920038206085084,-0.0007708632716208796,-0.0007481683316089291,-0.0007239389292484972,-0.0006982029473173979,-0.000670997943528956,-0.0006423725708693442,-0.0006123885364690859,-0.0005811222022931601,-0.0005486666542150878,-0.0005151333322026926,-0.0004806540387031681,-0.00044538241285612605,-0.0004094956842272048,-0.0003731957982149868,-0.00033671073226800816,-0.00030029511496582734,-0.00026423098146928996,-0.0002288278229475186,-0.0001944227771088926,-0.0001613802146567181,-0.00013009153914724197,-0.00010097468597732738,-7.447391205334992e-5,-5.1060004964703726e-5,-3.123055410779098e-5,-1.5512424838277506e-5,-4.46261354532725e-6,1.3237289551316605e-6
-1.8154562200524557e-6,2.3018896945717655e-6,9.741741548562385e-6,1.962651830823824e-5,3.117115124340841e-5,4.3674350421853544e-5,5.6517970516512026e-5,6.916249522674485e-5,8.114440128589947e-5,9.207253095446604e-5,0.00010162444673220106,0.00010954258601015487,0.00011562984763283057,0.00011974524369830633,0.00012179888988658523,0.00012174722561766473,0.00011958764883497137,0.00011535353907554557,0.00010910883124874062,0.00010094313386687392,9.096654218079877e-5,7.930513401067648e-5,6.609628459954655e-5,5.148477019637216e-5,3.5618780031106e-5,1.864678315351168e-5,7.143530683109779e-7,-1.803812745194368e-5,-3.7477792736366806e-5,-5.748075156492822e-5,-7.793359702110856e-5,-9.873408731863875e-5,-0.00011979192437908438,-0.0001410287631448204,-0.000162378378791805,-0.0001837861352196572,-0.00020520867813643534,-0.00022661300289453866,-0.0002479758132865487,-0.0002692823253743697,-0.00029052542327387187,-0.00031170432284050156,-0.00033282363975867886,-0.0003538920185333059,-0.00037492120823413454,-0.0003959247413113016,-0.00041691709111756146,-0.0004379124639762813,-0.0004589240921076335,-0.0004799631827145809,-0.0005010383813942287,-0.0005221549047041501,-0.0005433141931659678,-0.0005645132391711537,-0.0005857444354475212,-0.0006069950982634071,-0.0006282475065759692,-0.0006494786110432568,-0.0006706602507061579,-0.0006917590309815966,-0.0007127366982819902,-0.0007335501645711946,-0.0007541520154678824,-0.000774490654794353,-0.000794510918158704,-0.0008141543079922999,-0.0008333596821947584,-0.0008520635483028721,-0.0008702007954389499,-0.0008877050154707959,-0.0009045092462424892,-0.0009205462879333197,-0.0009357494264992998,-0.0009500527150667933,-0.0009633916488365026,-0.0009757033844538804,-0.0009869273415441962,-0.000997005337804177,-0.0010058820980433927,-0.0010135052894277886,-0.0010198259265654529,-0.0010247982999962984,-0.0010283802755011616,-0.0010305331195299406,-0.0010312217023706331,-0.0010304142364375133,-0.0010280824057726052,-0.0010242010463691947,-0.0010187482378745583,-0.0010117049683864678,-0.001003055236969061,-0.0009927857571754935,-0.0009808861293899146,-0.0009673486458291172,-0.0009521685977315168,-0.0009353442475660533,-0.0009168773354292832,-0.0008967732793614613,-0.0008750419357787451,-0.0008516980741601977,-0.0008267624262651621,-0.0008002624558056192,-0.0007722336999945561,-0.0007427208183611966,-0.0007117791890066336,-0.0006794761757282493,-0.000645892893743021,-0.0006111255856555501,-0.0005752874237109184,-0.0005385098407636468,-0.0005009441977046222,-0.000462762886338056,-0.00042416067362900233,-0.0003853553927106671,-0.0003465887939694791,-0.00030812668341629825,-0.0002702591784133579,-0.00023330025508576868,-0.00019758743439829055,-0.00016348087850793795,-0.00013136272081898894,-0.0001016361271380224,-7.472470112014217e-5,-5.1072351460391906e-5,-3.114333409644005e-5,-1.5424513280322383e-5,-4.4262576764120016e-6,1.3096482948534187e-6
-1.9051032809001297e-6,1.8020601815506878e-6,8.419180476589814e-6,1.706872701034657e-5,2.696971196304452e-5,3.7428890469202174e-5,4.784007657199109e-5,5.767939186832438e-5,6.650234635910944e-5,7.393984306336135e-5,7.96941272403662e-5,8.353450390764203e-5,8.52924740578185e-5,8.485693796605184e-5,8.216874617630774e-5,7.721550394219171e-5,7.002581535936707e-5,6.066395223920303e-5,4.922410777276367e-5,3.582523677046291e-5,2.0605627985656806e-5,3.718201455060054e-6,-1.4674339302746751e-5,-3.440352763405746e-5,-5.52992141082335e-5,-7.719275915051772e-5,-9.992024202194589e-5,-0.00012332476361048096,-0.00014725876068181085,-0.00017158543195907352,-0.00019618020272733325,-0.0002209313474758157,-0.0002457407011770093,-0.00027052359357402,-0.00029520893601872096,-0.0003197386059341569,-0.0003440670531691402,-0.00036816028043626294,-0.0003919951136573008,-0.0004155579187199931,-0.0004388436699950919,-0.0004618545294467931,-0.00048459883024006673,-0.0005070896247466556,-0.0005293436793356013,-0.0005513800762178354,-0.000573219293810962,-0.0005948819259581352,-0.0006163879015763751,-0.0006377553650686475,-0.0006590000704526691,-0.0006801344495760374,-0.0007011672001097296,-0.0007221025537649613,-0.0007429400644999131,-0.000763674077251931,-0.0007842937122582101,-0.0008047825255541674,-0.0008251186771073037,-0.000845274767135022,-0.0008652181694081147,-0.0008849110219255678,-0.0009043107019185092,-0.0009233699452783464,-0.0009420374362159458,-0.0009602580268457505,-0.0009779734119606234,-0.0009951224182194157,-0.001011641733016628,-0.001027466231790204,-0.0010425297295467363,-0.0010567653149735916,-0.0010701060939324633,-0.0010824855004960279,-0.0010938380038324627,-0.0011040993691734992,-0.0011132073031944441,-0.0011211016424721026,-0.0011277249179111502,-0.0011330224546473727,-0.0011369428434077186,-0.0011394379441291274,-0.0011404632613791121,-0.001139977854102971,-0.0011379446231736257,-0.0011343301413207242,-0.0011291048730445155,-0.001122242951273548,-0.0011137223624218071,-0.0011035247086291992,-0.0010916354024297097,-0.0010780434640982864,-0.0010627417795619186,-0.0010457269895637427,-0.0010269998690982283,-0.001006565366689948,-0.0009844331615977097,-0.0009606179053520226,-0.0009351400022215753,-0.0009080260894529683,-0.0008793100655774794,-0.0008490338195974394,-0.0008172485003135373,-0.0007840154684774649,-0.0007494077598835811,-0.0007135111907926085,-0.0006764259218068547,-0.0006382676007807241,-0.0005991688900189779,-0.0005592804904144625,-0.0005187724606848235,-0.0004778349424698275,-0.0004366790891877901,-0.00039553731754754675,-0.0003546636888903622,-0.00031433356283819253,-0.00027484334946835663,-0.0002365095509838304,-0.00019966793925867485,-0.00016467215734593883,-0.00013189257402449207,-0.00010171489973729511,-7.45391992359185e-5,-5.077940515932411e-5,-3.0863119798502375e-5,-1.5233645812916196e-5,-4.350912318936017e-6,1.300751250511687e-6
-2.0029742087777962e-6,1.2457160305430056e-6,6.9487319790350444e-6,1.4234506513335262e-5,2.233170402487583e-5,3.056035791949386e-5,3.83311188593907e-5,4.5140262290486976e-5,5.0566477293613856e-5,5.426650100066222e-5,5.597066227225349e-5,5.54781670430721e-5,5.2651792957313345e-5,4.741265711864436e-5,3.973434429572643e-5,2.963731533439013e-5,1.7182783019134763e-5,2.467050988770446e-6,-1.4384526994446469e-5,-3.322295853282409e-5,-5.38812545376276e-5,-7.617930446505865e-5,-9.992886158568563e-5,-0.0001249376636284711,-0.00015101358327775585,-0.00017796786025515047,-0.00020561832573649143,-0.00023379169704250034,-0.00026232586603467696,-0.00029107128270933934,-0.00031989236518568584,-0.00034866805716675305,-0.000377292466491092,-0.0004056747210541619,-0.00043373897312387003,-0.000461423699365006,-0.0004886812208373,-0.0005154765977782485,-0.0005417868136254603,-0.0005675994078569088,-0.0005929114604206176,-0.0006177280901815488,-0.0006420613576897274,-0.000665928736335285,-0.0006893520298196956,-0.0007123559009851135,-0.0007349668783025711,-0.0007572120057371808,-0.000779117991824976,-0.0008007100242596121,-0.0008220110967468639,-0.0008430410149859006,-0.0008638159209006924,-0.0008843475025370329,-0.0009046427225037356,-0.00092470323287425,-0.0009445253044703803,-0.0009640994388208161,-0.0009834104869052933,-0.001002437443188846,-0.0010211537362252838,-0.0010395271843577276,-0.0010575204358040239,-0.0010750910614909905,-0.0010921921186473028,-0.0011087723531961668,-0.0011247768583044545,-0.0011401473566990165,-0.0011548229240107531,-0.0011687403202989696,-0.0011818347474375985,-0.001194040199119678,-0.0012052902220843346,-0.0012155182550937882,-0.001224658365683655,-0.0012326455512525333,-0.0012394164264376683,-0.0012449094637367617,-0.0012490656117565317,-0.0012518284588573475,-0.0012531447694996464,-0.0012529645623162392,-0.0012512415605751565,-0.0012479331857223619,-0.0012430009283545254,-0.001236410269280409,-0.0012281309888395016,-0.0012181370392185813,-0.0012064068216022354,-0.0011929230447998563,-0.0011776730103242353,-0.0011606485018882077,-0.001141846126432294,-0.0011212672849374506,-0.0010989186207411214,-0.0010748121223569968,-0.0010489657270704488,-0.0010214035990593142,-0.0009921569243906531,-0.0009612643910950427,-0.0009287731900655495,-0.0008947396971264985,-0.0008592306628996171,-0.0008223240610655849,-0.0007841104106933522,-0.0007446937125855169,-0.0007041928038336331,-0.0006627422606503446,-0.0006204936436684293,-0.0005776162090503716,-0.0005342978737095874,-0.0004907455575411104,-0.0004471856922132113,-0.00040386402914897645,-0.0003610455473257735,-0.00031901361867784186,-0.0002780692529874236,-0.0002385296297073897,-0.0002007267619830869,-0.0001650055970236665,-0.00013172238725253407,-0.00010124285067916364,-7.394077858047662e-5,-5.019717930825541e-5,-3.039982328681915e-5,-1.4945019950676397e-5,-4.23855758546965e-6,1.2966937108519558e-6
-2.1092160778305275e-6,6.320577647925966e-7,5.328484478725468e-6,1.1120578807332579e-5,1.725239864141225e-5,2.3062626135061287e-5,2.7983730283056683e-5,3.153672999612924e-5,3.332768366500326e-5,3.304295351782595e-5,3.0444346273768287e-5,2.5363974285864633e-5,1.769852050886524e-5,7.403586921174058e-6,-5.51258017972525e-6,-2.0995054865911535e-5,-3.894869850742155e-5,-5.9244123690296867e-5,-8.172400099896008e-5,-0.00010620869364523694,-0.00013250208513490745,-0.00016039659950879416,-0.0001896782975599024,-0.00022013107314038436,-0.00025154085090672395,-0.0002836988374141956,-0.0003164047426262153,-0.000349469050868208,-0.0003827152698761817,-0.0004159812610982917,-0.0004491205862303107,-0.0004820029931280149,-0.0005145149769004796,-0.0005465595548655572,-0.0005780561869624981,-0.0006089399916969351,-0.0006391611809167273,-0.0006686838714177832,-0.0006974851854795083,-0.0007255538036027243,-0.0007528888686584228,-0.0007794984081539221,-0.0008053981603296732,-0.0008306099730718591,-0.000855160648130265,-0.0008790804012646485,-0.0009024017984858486,-0.0009251583403521992,-0.0009473835434523472,-0.0009691096922433258,-0.0009903671008382302,-0.0010111830590447395,-0.0010315812942398098,-0.001051581124435631,-0.0010711971275758044,-0.0010904385033333984,-0.0011093089472409875,-0.0011278062141471118,-0.0011459221867941066,-0.001163642627002866,-0.0011809474222380491,-0.0011978105052616907,-0.0012142002575049832,-0.0012300795738353692,-0.0012454063979403685,-0.0012601339057670543,-0.0012742111454656744,-0.0012875833108953179,-0.0013001924569387327,-0.0013119778332320062,-0.001322876644893858,-0.0013328244164406882,-0.0013417557683119486,-0.0013496047819261494,-0.0013563057640254353,-0.001361793586216385,-0.0013660044122933875,-0.001368875989588675,-0.0013703483192460996,-0.0013703638824132285,-0.0013688682400218061,-0.0013658101843255148,-0.0013611422630411072,-0.0013548208558325696,-0.0013468066274243988,-0.0013370645389498314,-0.0013255642453312707,-0.0013122800622501086,-0.001297191333809307,-0.0012802823861845353,-0.0012615429010925285,-0.0012409678955145758,-0.00121855814318649,-0.001194320224391281,-0.0011682670397049674,-0.0011404179728089201,-0.0011107995361350034,-0.0010794456810962487,-0.0010463986023890284,-0.0010117092125682514,-0.0009754381095663871,-0.0009376562056540087,-0.0008984458313909217,-0.0008579014736813932,-0.0008161309507890194,-0.0007732561733878184,-0.0007294142835939921,-0.0006847583120473888,-0.0006394581358697228,-0.0005937008719698833,-0.0005476914838204427,-0.0005016527370553575,-0.00045582528471345814,-0.0004104670286488568,-0.00036585255071620247,-0.0003222717867962252,-0.000280028760645753,-0.00023943960124392323,-0.00020083068721168308,-0.00016453623800819785,-0.00013089619137008468,-0.00010025389451425756,-7.295429077337705e-5,-4.934267249263266e-5,-2.9763947646625176e-5,-1.4564132684561765e-5,-4.091284100248109e-6,1.297112202669315e-6
-2.223950169947548e-6,-3.954414198994051e-8,3.556985617921163e-6,7.72455805939195e-6,1.1728530710806475e-5,1.4931733894202958e-5,1.6793529969372403e-5,1.6864331197068814e-5,1.478178481302043e-5,1.0265670492844931e-5,3.1126436024030785e-6,-6.809316394221331e-6,-1.9567055145422328e-5,-3.5168294419156365e-5,-5.3568286253786496e-5,-7.467612434568586e-5,-9.836152503101567e-5,-0.00012446106393174442,-0.00015278471777611434,-0.00018312169126887467,-0.0002152463999767847,-0.0002489236064160552,-0.00028391359946576474,-0.00031997644081517047,-0.00035687618648654344,-0.0003943841362148346,-0.0004322820336671478,-0.0004703642981974221,-0.0005084402214127195,-0.0005463352338835868,-0.0005838921800067107,-0.0006209717267079232,-0.0006574528431056577,-0.0006932324927000587,-0.0007282254693074046,-0.0007623635300913887,-0.0007955947470364642,-0.0008278822386139021,-0.0008592031903833292,-0.0008895473321219021,-0.0009189157661249697,-0.0009473193183514198,-0.0009747772925474598,-0.0010013158020013954,-0.0010269665450053944,-0.0010517652010349236,-0.0010757503007170488,-0.0010989617486401415,-0.0011214398404921523,-0.0011432239554536039,-0.001164351755339671,-0.001184858073157741,-0.001204774314191456,-0.0012241275538598729,-0.001242940148605188,-0.00126122904541891,-0.001279005600791079,-0.0012962750957725613,-0.0013130367536849123,-0.0013292834479313063,-0.0013450019032383044,-0.0013601725782116305,-0.0013747700302291757,-0.0013887629506690203,-0.001402114669947655,-0.0014147833202153707,-0.0014267224543015535,-0.0014378813084080422,-0.0014482055068450034,-0.001457637395866289,-0.0014661168051371238,-0.0014735814234555816,-0.0014799675880144201,-0.0014852106735154691,-0.0014892458816662428,-0.0014920086173037257,-0.0014934352534054106,-0.001493463471489202,-0.0014920329818676275,-0.0014890858109124386,-0.001484566962426959,-0.001478424641355869,-0.001470610849918097,-0.0014610815458458853,-0.0014497971760251513,-0.0014367227769353007,-0.0014218284584234257,-0.0014050894639794564,-0.001386486627025108,-0.0013660064179235902,-0.0013436414035621084,-0.0013193903151458065,-0.0012932585473262792,-0.0012652582841786413,-0.001235409074882834,-0.0012037380530058126,-0.0011702806199805453,-0.0011350807831899269,-0.0010981919646874951,-0.0010596774653908495,-0.0010196113938312412,-0.000978079236723058,-0.000935178871394006,-0.0008910211882874208,-0.0008457311132138781,-0.0007994481880979148,-0.0007523274895912963,-0.0007045400361077687,-0.0006562734544222722,-0.00060773205182222,-0.0005591370614032104,-0.000510726208569926,-0.00046275337040978183,-0.00041548748844203424,-0.00036921152079211845,-0.00032422062203093344,-0.00028082036211546775,-0.000239324224008396,-0.00020005122120714245,-0.00016332296981895025,-0.00012946105936910144,-9.878425771673129e-5,-7.160625635029501e-5,-4.823400581143297e-5,-2.8966676583487803e-5,-1.4096829874602763e-5,-3.911312482635969e-6,1.3016207967571776e-6
-2.3472687697000063e-6,-7.695268529874085e-7,1.6332999557067017e-6,4.045056196354834e-6,5.758461769752686e-6,6.166112433655774e-6,4.759418692968887e-6,1.122880846819833e-6,-5.070033021601731e-6,-1.4062349717747178e-5,-2.601923586314665e-5,-4.1033946784734575e-5,-5.913437043729506e-5,-8.028945394565888e-5,-0.00010441620987498043,-0.00013138634426256715,-0.00016103331953549912,-0.00019315883073987158,-0.00022753954871018888,-0.00026393310600124115,-0.0003020842026090084,-0.0003417298272555575,-0.00038260449113314163,-0.00042444449820487514,-0.00046699216658711493,-0.0005099990553298037,-0.0005532291250404398,-0.0005964609152735295,-0.0006394896759392054,-0.0006821285607183818,-0.0007242098227333325,-0.0007655851411484071,-0.0008061260162501056,-0.0008457233779037678,-0.000884287337282289,-0.0009217462389719472,-0.0009580459318730858,-0.0009931484249256566,-0.001027030832063489,-0.0010596837789005058,-0.0010911101602529647,-0.0011213234257950106,-0.001150346267441371,-0.001178208889501785,-0.0012049477203210474,-0.0012306037495851535,-0.0012552213363406573,-0.0012788466747013995,-0.001301526750168419,-0.0013233079761120685,-0.0013442353329098655,-0.0013643512016605222,-0.0013836947062205941,-0.0014023007576085655,-0.0014201996073651313,-0.001437416105733942,-0.001453969465513934,-0.0014698727289092926,-0.0014851327337501218,-0.0014997497774581715,-0.001513717771739188,-0.0015270240870187248,-0.001539649877129101,-0.0015515700835275052,-0.0015627539078663687,-0.0015731649521346313,-0.0015827618141876889,-0.001591498337580307,-0.001599324303122994,-0.0016061857606319908,-0.0016120257884481275,-0.0016167848787318631,-0.0016204017367733863,-0.0016228136919723456,-0.0016239575098803067,-0.0016237698028200337,-0.0016221878301129337,-0.0016191498855969843,-0.0016145960655557512,-0.0016084686152891838,-0.0016007126499419896,-0.0015912764487629278,-0.0015801121212251474,-0.001567175845481978,-0.0015524284805850507,-0.0015358357544710602,-0.0015173688321225333,-0.0014970044674718973,-0.0014747255461218152,-0.0014505212237584894,-0.0014243874693292882,-0.0013963272185381398,-0.0013663509476386049,-0.001334476872709733,-0.0013007315837656663,-0.0012651503170507045,-0.00122777767230671,-0.0011886679747210806,-0.001147886083569225,-0.0011055078416481237,-0.001061620960503882,-0.001016325528096338,-0.0009697349249957651,-0.0009219763270166618,-0.0008731915703983987,-0.0008235375484923109,-0.0007731869064034151,-0.0007223281950901674,-0.0006711662440267958,-0.0006199219102968393,-0.0005688319607636054,-0.0005181482483187792,-0.00046813694420914595,-0.00041907700097414005,-0.00037125862386100183,-0.00032498095395775935,-0.0002805497682103096,-0.000238274451379708,-0.00019846507811444454,-0.00016142895394952566,-0.0001274674638140982,-9.687276982880746e-5,-6.992509049150198e-5,-4.689058625208686e-5,-2.8019981133191537e-5,-1.3549365061030547e-5,-3.7010165252384363e-6,1.3098074625626655e-6
-2.4792317313780777e-6,-1.5581112740090624e-6,-4.429296719539293e-7,8.17949293130022e-8,-6.576475023431605e-7,-3.233174747259864e-6,-8.116109770464855e-6,-1.5683142384305882e-5,-2.6220757798384403e-5,-3.993104854842367e-5,-5.6937734282065205e-5,-7.729248810189779e-5,-0.00010098185139022917,-0.0001279340077008063,-0.00015802610975055033,-0.00019109119023389334,-0.00022692547110919427,-0.0002652950432039807,-0.00030594277440072987,-0.0003485944192502498,-0.0003929648133547565,-0.00043876314784341644,-0.00048569822759543546,-0.0005334827384890676,-0.0005818374444189131,-0.0006304943705605919,-0.0006791999063039739,-0.0007277169135135084,-0.0007758267806618802,-0.0008233305339283423,-0.0008700499469217419,-0.0009158277811138102,-0.0009605280940391465,-0.0010040357639230324,-0.0010462561583383812,-0.0010871141082182897,-0.001126553101723142,-0.00116453386879433,-0.0012010332554739324,-0.0012360425659868365,-0.0012695662551804952,-0.0013016201548917492,-0.0013322301003489757,-0.001361430144749164,-0.001389261212448805,-0.001415769382866167,-0.0014410046412308088,-0.0014650192918714067,-0.0014878668575263668,-0.0015096006636891176,-0.001530272920610984,-0.001549933504995783,-0.0015686292449127344,-0.0015864029126492231,-0.0016032927215685123,-0.0016193315339842673,-0.0016345465701229347,-0.0016489588270257004,-0.0016625829927540388,-0.0016754270661012694,-0.00168749246358008,-0.0016987738247523129,-0.0017092592950299027,-0.0017189304974257024,-0.0017277629705528047,-0.0017357262843821191,-0.0017427846099335456,-0.0017488969541492889,-0.001754017835621423,-0.0017580976119851586,-0.0017610832347108565,-0.001762918641614381,-0.001763545563398043,-0.0017629039541327664,-0.001760932823060417,-0.0017575706774097827,-0.0017527563551435984,-0.0017464294574016138,-0.0017385311615339012,-0.001729004624910026,-0.0017177957627622451,-0.0017048536110375644,-0.0016901310601694945,-0.0016735851718586107,-0.0016551778675752175,-0.0016348762021893561,-0.001612653014179438,-0.001588487167148596,-0.0015623641764853139,-0.001534276436939728,-0.0015042238466445787,-0.0014722140437469031,-0.00143826305176727,-0.0014023955492144585,-0.0013646455586409643,-0.0013250567685915255,-0.0012836832808230364,-0.001240589992437152,-0.0011958534003815812,-0.001149562032297307,-0.0011018172841598612,-0.0010527338613326876,-0.0010024405947728027,-0.000951080820542011,-0.0008988130848010493,-0.0008458113539733805,-0.0007922654832344119,-0.0007383811162278717,-0.0006843797626839908,-0.0006304982240064085,-0.000576988112096662,-0.0005241146355031385,-0.00047215540469487444,-0.00042139844497789656,-0.0003721401860664238,-0.0003246826462856921,-0.00027933060950522114,-0.00023638806481425824,-0.000196154743268126,-0.0001589221138007264,-0.00012496969093670176,-9.4561200770625e-5,-6.79413645962502e-5,-4.533329606634853e-5,-2.6936743404351262e-5,-1.2928467696228968e-5,-3.4629500852562446e-6,1.3212298654422583e-6
-2.6198628530708356e-6,-2.405276919870559e-6,-2.6714177611330925e-6,-4.164276970517568e-6,-7.517657132269402e-6,-1.3262182043423504e-5,-2.1826644996256858e-5,-3.354419678038435e-5,-4.865707658232707e-5,-6.73227576448514e-5,-8.962032403833359e-5,-0.00011555714981107296,-0.00014507615624306618,-0.00017806290036691757,-0.00021435318703946193,-0.0002537402247858786,-0.00029598214240080445,-0.0003408088326917039,-0.00038792898678029994,-0.00043703628991563823,-0.00048781566869910467,-0.000539948585526632,-0.0005931182906122066,-0.0006470140588140183,-0.0007013353378972207,-0.0007557948674828916,-0.0008101217065207502,-0.0008640632581683449,-0.0009173872351826074,-0.0009698826804321304,-0.001021360984744049,-0.001071656037970509,-0.0011206244489008917,-0.0011681449868501748,-0.0012141181692516538,-0.0012584651612465476,-0.0013011268968661496,-0.00134206259794,-0.0013812485835100095,-0.001418676553804335,-0.0014543522239092606,-0.0014882934976034143,-0.0015205290390593552,-0.0015510964383279482,-0.0015800408118794844,-0.0016074130389529514,-0.0016332684600673445,-0.0016576652428761161,-0.001680663228574483,-0.0017023224681239606,-0.0017227022502281962,-0.0017418598340333273,-0.0017598496790373435,-0.0017767223884548424,-0.0017925241507590285,-0.0018072958984224486,-0.0018210729623256926,-0.001833884443079759,-0.001845753072801001,-0.0018566947902318338,-0.0018667187989548427,-0.0018758273326804833,-0.0018840158945419437,-0.001891273194941461,-0.0018975815529066453,-0.0019029169856285195,-0.0019072497498853298,-0.0019105445598156159,-0.0019127612441287418,-0.0019138550667860334,-0.0019137774742061342,-0.0019124764925084168,-0.0019098975383368127,-0.001905983866311257,-0.0019006774176271392,-0.0018939192925456392,-0.0018856506127436017,-0.001875812996216676,-0.0018643494125786093,-0.0018512046417284366,-0.0018363261059608671,-0.001819664299108783,-0.0018011735852943858,-0.0017808125917795617,-0.0017585449711117244,-0.001734339758131883,-0.0017081720995553511,-0.0016800235827472815,-0.0016498829435364004,-0.0016177463804357497,-0.0015836182565320284,-0.0015475114165041223,-0.001509447900340926,-0.0014694592802886287,-0.0014275874014106455,-0.0013838847499627615,-0.0013384152269686378,-0.0012912545472013707,-0.0012424910359533517,-0.0011922260380607137,-0.0011405747046204745,-0.0010876663645808442,-0.0010336452381795825,-0.0009786706911908438,-0.0009229177778409095,-0.0008665772633059322,-0.0008098558652842931,-0.0007529758993440001,-0.0006961750618840035,-0.0006397055332676636,-0.0005838331345140954,-0.0005288357248589526,-0.00047500158116111214,-0.00042262696158058117,-0.00037201361292525203,-0.00032346545404615825,-0.00027728522543193923,-0.00023377038934649006,-0.00019320911011866797,-0.0001558756889160924,-0.00012202630932366506,-9.189464284798152e-5,-6.568810271701249e-5,-4.358470755761048e-5,-2.5730897055713287e-5,-1.2241420675925215e-5,-3.1998776548471576e-6,1.3354106166093846e-6
-2.7691460915440542e-6,-3.310735805289603e-6,-5.051169416794175e-6,-8.690862454559263e-6,-1.481726212091716e-5,-2.3913824803662364e-5,-3.636152785861126e-5,-5.244526879005416e-5,-7.235889016589473e-5,-9.621163835254947e-5,-0.00012403487443751298,-0.00015578907637866303,-0.00019137140528569904,-0.00023062307112275033,-0.0002733371898712344,-0.00031926614271418884,-0.0003681292574418487,-0.0004196197741388432,-0.0004734119642452213,-0.0005291673731340564,-0.0005865410828748613,-0.0006451869923691077,-0.0007047630318468685,-0.0007649353415912927,-0.0008253823470567699,-0.000885797792946364,-0.000945893677906854,-0.0010054021823860343,-0.0010640775345468801,-0.001121696932741956,-0.0011780614664237692,-0.001232996175543533,-0.0012863501816720289,-0.0013379960482270282,-0.0013878292898771478,-0.0014357672022070468,-0.001481747915353986,-0.0015257288535329384,-0.0015676854859694622,-0.0016076095598997638,-0.0016455076823843296,-0.0016813994489034499,-0.0017153159671436367,-0.0017472979803228217,-0.0017773944213070386,-0.0018056606076252877,-0.0018321568931312763,-0.0018569469917202976,-0.00188009677523416,-0.0019016727658370956,-0.0019217411133277409,-0.001940366282077807,-0.0019576102282780864,-0.0019735312960491736,-0.0019881836050437145,-0.002001616161366068,-0.00201387245792314,-0.0020249897986522577,-0.0020349991075781816,-0.0020439244591008206,-0.002051783086469202,-0.002058585106156764,-0.0020643337121031176,-0.0020690250782576082,-0.0020726487212643333,-0.0020751875619447854,-0.0020766184360399343,-0.0020769122927040075,-0.0020760348304803516,-0.0020739468088393515,-0.002070604784862915,-0.0020659615126146424,-0.002059966755177764,-0.0020525677463666186,-0.0020437100529912236,-0.0020333380742750657,-0.00202139593066472,-0.0020078279784584096,-0.00199257970426101,-0.001975598235810712,-0.001956833225298321,-0.001936237342148193,-0.0019137671337345773,-0.0018893834916801297,-0.0018630524846511203,-0.0018347457961133116,-0.0018044415302701261,-0.0017721246254095854,-0.0017377876397874224,-0.0017014311497022471,-0.0016630645260608946,-0.0016227063288630989,-0.001580385085973006,-0.0015361396943597816,-0.0014900202087882277,-0.0014420882535429828,-0.0013924178190276662,-0.0013410956746335717,-0.0012882221546870827,-0.0012339115430372298,-0.0011782928062680541,-0.0011215098938576259,-0.001063722347092837,-0.0010051054270463812,-0.0009458504947798531,-0.0008861648463895335,-0.0008262717283347286,-0.0007664097299318556,-0.0007068322735825516,-0.0006478063980299728,-0.0005896115556274188,-0.0005325376242161812,-0.00047688286311602524,-0.00042295102940570847,-0.00037104840344943495,-0.0003214799700521138,-0.00027454553646742437,-0.00023053508520654692,-0.00018972418558392423,-0.00015236884933933907,-0.00011870068995426782,-8.892193505482023e-5,-6.32011111916645e-5,-4.166932221740065e-5,-2.4417583905597485e-5,-1.1496146890262367e-5,-2.9148085176201517e-6,1.3518319842839675e-6
-2.927021667175593e-6,-4.273905647946174e-6,-7.58041205054935e-6,-1.3494192450813262e-5,-2.2549803351447655e-5,-3.5177618440221396e-5,-5.1705514233622285e-5,-7.236545998505478e-5,-9.72988236723004e-5,-0.00012656311758252377,-0.0001601390152175859,-0.0001979376411893419,-0.00023980840798164856,-0.00028554661654384323,-0.00033490151415645073,-0.0003875838113560757,-0.000443273482257695,-0.0005016268071602446,-0.0005622835327218135,-0.0006248731200957398,-0.0006890209846329304,-0.0007543537265947039,-0.0008205042763223402,-0.0008871159870623973,-0.000953846612699328,-0.0010203712367951167,-0.0010863850977541006,-0.0011516054067255413,-0.0012157731041069445,-0.0012786536773949455,-0.0013400379810062178,-0.0013997422026124171,-0.0014576079058767205,-0.001513501311873512,-0.0015673127340308031,-0.001618955343168448,-0.0016683641594916702,-0.0017154944596975458,-0.001760320476519232,-0.0018028335884858358,-0.0018430408573620045,-0.001880963119308911,-0.0019166334680271089,-0.0019500953432871624,-0.001981401045262179,-0.002010609894790955,-0.0020377868439353636,-0.002063000763163469,-0.002086323195460653,-0.0021078268093945667,-0.0021275843293920974,-0.0021456671803804068,-0.002162144614938123,-0.0021770825645885386,-0.002190542975037644,-0.002202582870757397,-0.0022132539019492923,-0.0022226016223044005,-0.0022306652452081864,-0.0022374771290633614,-0.002243062735184551,-0.0022474403104716907,-0.002250621035150385,-0.0022526088886633856,-0.002253400971717607,-0.0022529875378973436,-0.0022513524713276296,-0.0022484734636909563,-0.0022443226262344085,-0.002238866789660183,-0.0022320682272956955,-0.0022238850538646437,-0.002214272035556063,-0.002203181063119396,-0.0021905620244905945,-0.0021763633281712868,-0.0021605328151327544,-0.0021430183101631547,-0.002123768552094581,-0.0021027337537753567,-0.0020798665332244603,-0.002055122467046239,-0.0020284610097561708,-0.0019998460305324854,-0.001969246713316543,-0.0019366380723148595,-0.0019020018309439336,-0.001865326916724379,-0.0018266103218585498,-0.001785857582093799,-0.0017430836245706568,-0.001698313236679835,-0.001651581906499779,-0.0016029362852700865,-0.0015524350209202627,-0.001500149210228229,-0.0014461632154009953,-0.0013905750882560004,-0.001333497342779546,-0.0012750573133054174,-0.0012153978324229296,-0.0011546774586446457,-0.0010930709800838726,-0.001030769416317707,-0.0009679802365276926,-0.00090492700868884,-0.0008418491907989631,-0.0007790012735685786,-0.0007166519814121552,-0.0006550827399847509,-0.0005945861182785638,-0.0005354634592071066,-0.000478022415966139,-0.00042257362392440464,-0.00036942724564527227,-0.0003188886489472388,-0.0002712539892402619,-0.0002268050068496061,-0.00018580385653854258,-0.00014848736416013116,-0.00011506157292316647,-8.569612615873185e-5,-6.0519338971877004e-5,-3.961383257042847e-5,-2.301332571633382e-5,-1.0701304330988807e-5,-2.6110343338545516e-6,1.3699300935708106e-6
-3.0933820998864973e-6,-5.293882701232335e-6,-1.025652632586517e-5,-1.8568901117570244e-5,-3.070607753165842e-5,-4.7039416959652794e-5,-6.783843887813525e-5,-9.327757528404637e-5,-0.00012344173976080875,-0.00015833332774183785,-0.0001978795055874722,-0.00024193974729324927,-0.0002903138979160225,-0.0003427499618582725,-0.0003989523126768602,-0.0004585893183259292,-0.0005213012112707211,-0.0005867071603389174,-0.0006544124262762659,-0.0007240145726861183,-0.0007951096430073498,-0.0008672973060494852,-0.0009401858997825519,-0.0010133964105201816,-0.0010865663293455144,-0.0011593524564659902,-0.001231433600778328,-0.0013025122756695688,-0.0013723163370433873,-0.0014405996908642216,-0.0015071430086537375,-0.0015717536002811856,-0.001634265369610745,-0.0016945380205200125,-0.0017524564219234678,-0.0018079293142417047,-0.0018608882463733655,-0.0019112859380075193,-0.0019590949354935504,-0.0020043057666584703,-0.0020469254418901926,-0.0020869755161473926,-0.0021244905391921815,-0.0021595161170992827,-0.002192107393846331,-0.002222327183762791,-0.002250244547080336,-0.0022759330464978064,-0.002299469462521748,-0.002320932212033173,-0.0023404002354436345,-0.002357951602743185,-0.0023736625933881298,-0.0023876065054243196,-0.0023998529401729595,-0.0024104668221475935,-0.0024195078935109983,-0.002427029946157145,-0.0024330805251075492,-0.002437700368875828,-0.0024409233160910763,-0.0024427759457893317,-0.0024432776773186875,-0.0024424405983045966,-0.002440269744175054,-0.0024367630981203666,-0.002431912033328429,-0.0024257014663165593,-0.0024181104422298584,-0.0024091124205324888,-0.0023986759816112505,-0.0023867652221186415,-0.002373340559783123,-0.002358359214852648,-0.0023417760896158623,-0.0023235443125616214,-0.002303616169795786,-0.002281943689830414,-0.002258479605931211,-0.0022331779619057,-0.002205995087406089,-0.0021768902086209225,-0.00214582642251342,-0.0021127713006573643,-0.002077697852945971,-0.002040585117470071,-0.002001419108783304,-0.0019601933909781316,-0.0019169100092969829,-0.0018715800464504015,-0.0018242245381435796,-0.0017748750130557158,-0.001723574391474882,-0.0016703775059322046,-0.0016153519763615254,-0.0015585786999590238,-0.0015001526849961772,-0.0014401834841440786,-0.0013787959516120443,-0.0013161305736010271,-0.0012523440899060586,-0.0011876096489528956,-0.0011221172065834211,-0.0010560734031443903,-0.00098970162151524,-0.000923241453444975,-0.0008569482703256541,-0.000791092120699586,-0.0007259566471250771,-0.000661837243789916,-0.0005990391493095476,-0.0005378747019606108,-0.0004786604616672714,-0.0004217134418018329,-0.00036734717608795787,-0.0003158668934786386,-0.00026756456110817883,-0.00022271311783375995,-0.00018156070770666434,-0.00014432431626228373,-0.00011118367450362351,-8.227497174100576e-5,-5.768526517421222e-5,-3.7447404407014816e-5,-2.1536209762503528e-5,-9.866389054461519e-6,-2.2921698994114187e-6,1.3890886502059515e-6
-3.2680682291085646e-6,-6.369414560384852e-6,-1.3075977240312651e-5,-2.3907901741289223e-5,-3.927414872585437e-5,-5.9481154502489316e-5,-8.473488417924708e-5,-0.00011514771826406777,-0.00015074426138557163,-0.0001914685587900263,-0.00023719161789786237,-0.00028771914507115753,-0.000342799786546171,-0.00040213305233391074,-0.0004653776249323599,-0.0005321590397983763,-0.0006020775730964652,-0.0006747152927063465,-0.0007496431615951377,-0.0008264271675139347,-0.0009046343967684479,-0.0009838380584376925,-0.0010636223946841295,-0.0011435865188050003,-0.0012233481269094868,-0.001302546158602513,-0.0013808433556578195,-0.0014579278244370329,-0.0015335145472859216,-0.0016073459750115928,-0.001679192635746532,-0.0017488529146041073,-0.0018161529243954668,-0.0018809456404619443,-0.0019431102010914066,-0.0020025505621771114,-0.002059194386459429,-0.002112991369266697,-0.0021639118589951226,-0.0022119449857943827,-0.00225709713480001,-0.002299389987717408,-0.0023388589483031835,-0.0023755511850123124,-0.002409524087266381,-0.0024408433773724773,-0.0024695816575083206,-0.002495816641896616,-0.002519629838721204,-0.0025411049392935455,-0.0025603266663000706,-0.0025773793452289104,-0.0025923459401028088,-0.002605306823322131,-0.0026163390118680674,-0.002625515144443791,-0.002632902924539643,-0.002638564307815947,-0.0026425551529485366,-0.002644924617202264,-0.0026457150112704584,-0.002644961396636718,-0.002642691636455736,-0.002638926184414488,-0.002633678319955421,-0.00262695411485996,-0.0026187528377643434,-0.002609067081612072,-0.002597883319520376,-0.0025851821736787633,-0.0025709391022999176,-0.0025551247886132214,-0.002537705937033784,-0.0025186457597692344,-0.0024979048596216165,-0.0024754417915388498,-0.0024512140097547345,-0.002425178482481751,-0.0023972926824657385,-0.0023675152349495613,-0.0023358069331292867,-0.002302131402420923,-0.0022664561255693193,-0.0022287531098364797,-0.002188999910267959,-0.0021471802902123904,-0.0021032852348828093,-0.002057313598918651,-0.0020092731050777688,-0.0019591809744115792,-0.001907064905663942,-0.0018529636829623549,-0.0017969281291075417,-0.0017390216812831515,-0.001679321304738155,-0.0016179180177909108,-0.0015549177404292143,-0.0014904417350143295,-0.001424627346510436,-0.0013576283045609106,-0.0012896152885835859,-0.0012207760109664584,-0.0011513155123766986,-0.0010814559166044105,-0.0010114363317462402,-0.0009415121381206743,-0.0008719543437579846,-0.0008030482429536153,-0.0007350920557896773,-0.0006683947833231396,-0.0006032739586647149,-0.0005400525344841865,-0.0004790555974634818,-0.0004206061657777297,-0.0003650207815340209,-0.0003126041833778205,-0.0002636438069850501,-0.00021840344667965015,-0.0001771168783858104,-0.00013998085291026037,-0.00010714832627337483,-7.872145883569598e-5,-5.474530922119212e-5,-3.520197626983072e-5,-2.0006086283065346e-5,-9.001845033893189e-6,-1.962196729978125e-6,1.4086322409599156e-6
-3.4508652723216435e-6,-7.498873312918741e-6,-1.6034246301190576e-5,-2.9502265036906314e-5,-4.823916420118241e-5,-7.24805936856092e-5,-0.00010236385870108719,-0.00013793489966131505,-0.00017915431137207716,-0.00022590473080649767,-0.0002779985454074332,-0.00033518577727409946,-0.0003971624471342348,-0.0004635785770112586,-0.0005340465407025366,-0.0006081487429501327,-0.0006854454699029607,-0.0007654818670683326,-0.0008477949413990369,-0.000931919564706203,-0.0010173944032086093,-0.001103766784155771,-0.0011905974407537788,-0.0012774641820421694,-0.0013639654370274173,-0.0014497227534910173,-0.0015343832013608293,-0.0016176207913918192,-0.0016991378527248667,-0.001778665506474722,-0.0018559641665598324,-0.0019308232274934873,-0.002003060853148407,-0.0020725230453679483,-0.002139082885788418,-0.002202639146087335,-0.0022631151373756794,-0.0023204570081268956,-0.0023746323380546266,-0.0024256282499263413,-0.0024734498638896074,-0.0025181183277436193,-0.002559669226219033,-0.002598150613271213,-0.002633621450809751,-0.00266614970769084,-0.002695810884923347,-0.002722686229987729,-0.002746861391000331,-0.002768424781873249,-0.002787466396183562,-0.002804076348231664,-0.002818343868029482,-0.002830356035025977,-0.002840196968180047,-0.0028479467624669954,-0.0028536808819302466,-0.0028574693035749153,-0.0028593761161523536,-0.0028594588713122997,-0.0028577683863520377,-0.002854348298263756,-0.0028492350645764417,-0.002842457712057664,-0.0028340380259911937,-0.002823990481737004,-0.0028123226093296366,-0.0027990350928872973,-0.0027841222943619333,-0.0027675725030320546,-0.0027493685996981413,-0.00272948843633108,-0.002707905620141594,-0.0026845900020320847,-0.0026595085589290355,-0.0026326259691456873,-0.0026039055712581295,-0.0025733100049165226,-0.002540802225439732,-0.0025063461900145215,-0.0024699079090117143,-0.0024314561597810424,-0.002390963558264175,-0.0023484072854326296,-0.0023037701657200632,-0.0022570413940853407,-0.002208217610513817,-0.0021573036180381603,-0.0021043134442744822,-0.002049271041591168,-0.001992211326374848,-0.001933180850864204,-0.0018722388074753858,-0.0018094576564978851,-0.001744924075279194,-0.0016787395160002276,-0.0016110210669141296,-0.001541901899075752,-0.001471531988712438,-0.0014000783909269986,-0.0013277257488885361,-0.001254676306906661,-0.0011811501047457311,-0.0011073846139513829,-0.001033634486787128,-0.000960170671601344,-0.0008872795597599281,-0.0008152614131209897,-0.0007444287347188149,-0.0006751038308009878,-0.0006076162295749761,-0.000542299210404165,-0.0004794861193308606,-0.0004195057396657776,-0.00036267741512804755,-0.00030930522236536647,-0.0002596719268749218,-0.00021403206506663924,-0.00017260494217998022,-0.00013556695906938223,-0.00010304413577809715,-7.510435004131138e-5,-5.175025762299894e-5,-3.291257213470029e-5,-1.8444775323398712e-5,-8.119179611039708e-6,-1.6255089891889953e-6,1.4278192835716882e-6
-3.6414989806851415e-6,-8.680229431216423e-6,-1.912576581731306e-5,-3.534110171535742e-5,-5.758317745218189e-5,-8.601108473079512e-5,-0.00012068849069327214,-0.00016159066541481207,-0.0002086106763468139,-0.0002615668957522332,-0.000320210843910578,-0.0003842351622285565,-0.00045328204059172145,-0.0005269512373743035,-0.0006048084106985778,-0.0006863927366430617,-0.0007712246650578911,-0.0008588127704681511,-0.0009486606025848522,-0.0010402725177230173,-0.0011331594228917226,-0.0012268434486836953,-0.00132086249734073,-0.0014147737180649936,-0.0015081568616225325,-0.0016006165999769202,-0.001691784760912882,-0.0017813215935999051,-0.0018689170060748315,-0.0019542909170401305,-0.002037193648142471,-0.002117405521979968,-0.0021947365726476434,-0.0022690255537688624,-0.0023401391283653416,-0.0024079704426421865,-0.0024724379439289568,-0.0025334836600046412,-0.0025910717755914907,-0.002645186736934277,-0.002695831696539675,-0.002743026541581878,-0.002786806295873869,-0.0028272191506282392,-0.002864324893757161,-0.002898193003850632,-0.0029289011607153636,-0.0029565334486754834,-0.002981178988989095,-0.0030029302867012435,-0.0030218820149927376,-0.0030381295304294817,-0.003051767830941664,-0.0030628902568887984,-0.0030715876376721436,-0.003077947190030556,-0.0030820518627526256,-0.003083979438552542,-0.003083802081558034,-0.0030815856446395544,-0.0030773894200097052,-0.0030712656497646467,-0.0030632594758787605,-0.0030534086478493584,-0.0030417436645470055,-0.003028287669216053,-0.0030130567720724278,-0.002996060119565623,-0.0029773003833906794,-0.002956773987968732,-0.002934471748789726,-0.0029103792396654856,-0.0028844775611891332,-0.0028567438275989834,-0.0028271520447742033,-0.002795673695651526,-0.002762278706676069,-0.0027269361107055408,-0.002689615081245315,-0.0026502856526536716,-0.0026089198027391593,-0.0025654922117093982,-0.0025199813755972427,-0.0024723703874949287,-0.0024226480664242267,-0.0023708097464873387,-0.002316858407632276,-0.002260805459774172,-0.0022026718626632605,-0.0021424888919180526,-0.0020802992339571105,-0.0020161577182465375,-0.0019501323689705894,-0.001882305081607101,-0.0018127726046862247,-0.0017416471281367057,-0.0016690571553115872,-0.0015951479547829848,-0.0015200822644350247,-0.0014440405374508563,-0.0013672213969892404,-0.0012898415817774625,-0.001212136042979679,-0.0011343574669230247,-0.0010567758777199994,-0.0009796775874135039,-0.000903364142659212,-0.000828150530681152,-0.0007543632914060254,-0.0006823377974864752,-0.0006124153520139639,-0.0005449393707766701,-0.0004802513093869244,-0.00041868561630328,-0.00036056439361655115,-0.0003061910732774575,-0.00025584382766964426,-0.00020976806542795208,-0.00016816879023197643,-0.00013120223725618342,-9.896765567048601e-5,-7.149873697422606e-5,-4.8755699925656153e-5,-3.06176221546217e-5,-1.6876279794169003e-5,-7.231082896895368e-6,-1.286961147645514e-6,1.4458347171781552e-6
-3.839631955654456e-6,-9.911026830822427e-6,-2.2343856385600237e-5,-4.141145127755621e-5,-6.728498141017982e-5,-0.00010004133952319298,-0.00013966574190035988,-0.00018605875080832064,-0.00023904260277153082,-0.00029836877733291134,-0.00036372591723662077,-0.0004347478262473934,-0.000511021895244974,-0.0005920970738643239,-0.0006774921180463097,-0.0007667030848644178,-0.0008592109342934373,-0.0009544881976871646,-0.0010520056256187649,-0.0011512378012871387,-0.0012516686580115602,-0.0013527959226839197,-0.0014541354361746121,-0.0015552244085438101,-0.001655624563090587,-0.001754924260538756,-0.0018527405525061425,-0.0019487202855845898,-0.0020425411934821528,-0.002133912125033831,-0.0022225733282475184,-0.0023082959613548474,-0.0023908817295474577,-0.002470161838660104,-0.002545996140260338,-0.002618271677375901,-0.0026869014797990917,-0.0027518228343728435,-0.002812995853660745,-0.0028704015832287243,-0.002924040446413722,-0.0029739302805837664,-0.0030201047409791917,-0.0030626113390274027,-0.003101509870622605,-0.0031368705132724982,-0.0031687723293973517,-0.003197301465745388,-0.0032225497703922577,-0.003244613127298045,-0.00326359021633943,-0.003279581007627927,-0.0032926856865680074,-0.003303003326040125,-0.0033106309925712667,-0.003315662609152837,-0.00331818825363031,-0.003318293220318714,-0.003316057517276982,-0.0033115551306759257,-0.0033048537234700573,-0.003296014102474494,-0.003285090116947187,-0.0032721283244668154,-0.0032571680840727487,-0.0032402414133138827,-0.0032213732669093245,-0.0032005815738492594,-0.0031778776891405788,-0.0031532665967002422,-0.0031267475187824415,-0.003098314267758712,-0.003067955995426807,-0.003035657674763869,-0.0030014009696247112,-0.0029651648263024203,-0.002926926443232494,-0.0028866619517536472,-0.00284434746536707,-0.002799959829444764,-0.002753477730266924,-0.002704882494432564,-0.0026541592391062982,-0.00260129770325345,-0.0025462934218966364,-0.002489148572557658,-0.0024298731572911245,-0.0023684858482364538,-0.0023050151610262554,-0.0022395002822982457,-0.002171992215896148,-0.0021025545716429925,-0.0020312646605891915,-0.001958214217341554,-0.0018835104115538278,-0.0018072764648047854,-0.0017296525318411598,-0.0016507961568608925,-0.0015708829594253627,-0.0014901068540176883,-0.001408680452374189,-0.0013268349451377765,-0.001244820105877685,-0.0011629037063233027,-0.0010813709799283682,-0.0010005234155886728,-0.0009206775139786377,-0.000842162783271672,-0.0007653196048548842,-0.000690496244424482,-0.0006180456420010937,-0.0005483212607198632,-0.00048167263824648376,-0.0004184399336953334,-0.00035894813510015827,-0.0003035002451212592,-0.0002523701472620914,-0.00020579451019021907,-0.0001639644942949282,-0.00012701667422317724,-9.502404540205293e-5,-6.798659066552884e-5,-4.582246465034032e-5,-2.835928512888639e-5,-1.53270008015867e-5,-6.351549046425494e-6,-9.519165920413918e-7,1.4617825504121217e-6
-4.044860191981791e-6,-1.118835954042022e-5,-2.5680668702290604e-5,-4.7698179077769774e-5,-7.731995494309199e-5,-0.000114535224875681,-0.0001592461471593632,-0.00021127476741507567,-0.0002703694329841936,-0.00033621235802118807,-0.00040842755678061103,-0.00048658879645710533,-0.0005702279527211776,-0.0006588428633728927,-0.0007519054246176955,-0.0008488688977824128,-0.0009491752960563355,-0.001052261814229619,-0.0011575672223884039,-0.001264537215378044,-0.001372629663022511,-0.0014813187891685074,-0.0015900992345667948,-0.0016984890675028669,-0.0018060326973907788,-0.0019123027883649819,-0.002016902120290701,-0.0021194645240342363,-0.002219655823964394,-0.0023171739410423483,-0.0024117490697296287,-0.002503143105575856,-0.0025911492131414026,-0.0026755907320490787,-0.0027563202848929296,-0.002833218303655281,-0.002906191811501408,-0.0029751726938446106,-0.0030401162689963662,-0.003100999408289888,-0.0031578189907179883,-0.003210589956957434,-0.0032593437244908493,-0.003304126242771389,-0.003344996429141902,-0.003382024277583488,-0.0034152893624862833,-0.003444879041593196,-0.003470887064241659,-0.0034934118999445656,-0.0035125554796682714,-0.0035284216744282788,-0.003541115191893908,-0.003550740223809167,-0.0035573995151223525,-0.0035611931944034207,-0.003562218028296197,-0.003560566444966036,-0.0035563259825903263,-0.00354957851193667,-0.0035403998836464772,-0.00352885935216047,-0.0035150194226053976,-0.0034989354744219213,-0.0034806558047472597,-0.0034602214462985414,-0.0034376664003406966,-0.0034130176397396054,-0.0033862955210353296,-0.003357513960240913,-0.003326681010353283,-0.003293799194587862,-0.0032588662329934865,-0.003221875515511715,-0.0031828169593508568,-0.0031416776026527773,-0.0030984425729999377,-0.0030530957816047198,-0.003005620982783146,-0.0029560025484219768,-0.0029042265983644238,-0.0028502818353024185,-0.002794160726564819,-0.0027358603802354812,-0.0026753837594416918,-0.002612740580958112,-0.002547948543218226,-0.002481034228311578,-0.0024120343238822036,-0.002340996507480146,-0.0022679806394432012,-0.002193059604148372,-0.002116320444989757,-0.0020378651293148976,-0.001957811586872855,-0.0018762943533401472,-0.0017934654594754316,-0.0017094948916796732,-0.0016245712603170795,-0.0015389019947445145,-0.00145271369621572,-0.0013662519600195996,-0.0012797812922797744,-0.0011935844249705337,-0.0011079616490049817,-0.0010232294617845607,-0.0009397191447089543,-0.0008577745617090543,-0.0007777497925757,-0.0007000058902481262,-0.0006249073786339655,-0.0005528177836797696,-0.0004840948241183064,-0.0004190845661734454,-0.0003581151891899614,-0.0003014896889764376,-0.00024947820292039747,-0.00020230931955599355,-0.0001601611213907255,-0.00012315137090600822,-9.132770636736369e-5,-6.465729399278545e-5,-4.301704414536666e-5,-2.6183765018847763e-5,-1.382595044669128e-5,-5.4959968758587374e-6,-6.262962261918541e-7,1.474678413018422e-6
-4.256709916602329e-6,-1.2508850444605188e-5,-2.9127130867760094e-5,-5.41838837553819e-5,-8.76599258292451e-5,-0.00012945157934781285,-0.00017937358534337406,-0.0002371659296156952,-0.0003025002892065443,-0.0003749875223479611,-0.0004541855452821765,-0.0005396071653100381,-0.0006307282922290459,-0.0007269956009581533,-0.0008278344063983318,-0.0009326557155276424,-0.0010408633370647053,-0.0011518600157185471,-0.0012650535203421582,-0.0013798616840295665,-0.0014957173471989882,-0.0016120722383082217,-0.0017284007505376355,-0.001844202684612733,-0.0019590059133142578,-0.002072368070551242,-0.0021838782097677177,-0.002293157564122348,-0.00239986033599537,-0.0025036736748332575,-0.0026043177487149603,-0.002701545092540934,-0.0027951401126190736,-0.0028849179521683904,-0.002970723569954808,-0.003052430256366131,-0.0031299384110189156,-0.0032031738245522955,-0.003272086261200695,-0.003336647602002167,-0.003396850319270678,-0.003452705558412471,-0.003504241573887717,-0.00355150181067891,-0.003594543356711032,-0.0036334350718376556,-0.00366825610005886,-0.003699094083665576,-0.003726043769699967,-0.003749205339190501,-0.003768683135597346,-0.0037845841332474358,-0.0037970168103390422,-0.0038060897760960892,-0.0038119108066613,-0.0038145856465705602,-0.003814217222057193,-0.003810904628790647,-0.0038047425334066403,-0.003795820355807539,-0.0037842218659635994,-0.0037700245653082137,-0.003753299481967729,-0.0037341107519270797,-0.0037125156118819136,-0.0036885641769591644,-0.003662299626461088,-0.0036337581711411195,-0.0036029694233659275,-0.0035699565434092573,-0.003534736782147765,-0.0034973217927121757,-0.0034577183309003226,-0.003415928715928835,-0.003371951671423605,-0.003325782917058613,-0.0032774161313146354,-0.003226843654510705,-0.0031740575535202393,-0.0031190504160329966,-0.003061816496981826,-0.0030023525836692733,-0.002940659203558938,-0.002876741539860942,-0.002810610680214716,-0.002742284562015846,-0.0026717892408319862,-0.002599159843568651,-0.002524441833556473,-0.0024476919468563213,-0.002368979427050054,-0.0022883869147653038,-0.002206011618454644,-0.0021219661187600377,-0.0020363794312100916,-0.0019493976746449704,-0.00186118496722332,-0.0017719238913898889,-0.001681816145665226,-0.0015910827176235302,-0.0014999641910120034,-0.0014087205136501717,-0.0013176308336408954,-0.0012269927225900124,-0.0011371213881083654,-0.001048348186913408,-0.0009610190366669074,-0.0008754920321541951,-0.0007921348622283289,-0.0007113213305439825,-0.0006334275789774403,-0.0005588273191822617,-0.0004878866803095163,-0.0004209579881111404,-0.0003583731030136233,-0.00030043565209336996,-0.00024741281913850374,-0.0001995260588423885,-0.00015694146673501683,-0.00011975920780540497,-8.800286791010503e-5,-6.160813846928072e-5,-4.0411995182217256e-5,-2.414161234926213e-5,-1.2404956340496847e-5,-4.68138677106463e-6,-3.166259064397808e-7,1.483442282151945e-6
-4.474634794226349e-6,-1.3868632575014698e-5,-3.267290237802925e-5,-6.084881716567933e-5,-9.827305341586113e-5,-0.00014474405799332223,-0.00019998508721775444,-0.0002636508274448536,-0.00033533381343918254,-0.0004145717655155333,-0.0005008553349890361,-0.0005936357379723178,-0.0006923327454572001,-0.0007963420790143027,-0.0009050429921228206,-0.0010178049999346195,-0.0011339946493244895,-0.0012529813009957114,-0.0013741428612814052,-0.0014968704683917492,-0.0016205730897103064,-0.0017446810716257798,-0.0018686496027904844,-0.0019919611673638363,-0.0021141279432177747,-0.0022346932538785317,-0.002353233015381674,-0.0024693563161273567,-0.00258270605094654,-0.0026929587741187718,-0.0027998246680097693,-0.0029030468163864435,-0.003002400651506559,-0.0030976927863979433,-0.0031887600723033227,-0.0032754681134726997,-0.0033577100499651486,-0.0034354048601340807,-0.00350849596507985,-0.0035769494051798526,-0.0036407523443878227,-0.0036999111898899386,-0.0037544500585467706,-0.0038044088941937993,-0.003849841945576291,-0.0038908159243639315,-0.003927408534016799,-0.003959706703036781,-0.003987805196921268,-0.004011804954987039,-0.004031811812265768,-0.0040479349636937416,-0.004060285818781167,-0.004068976613381538,-0.004074119416590245,-0.0040758249071354774,-0.004074201548764968,-0.004069354545141213,-0.004061385196659034,-0.004050390044368028,-0.004036460417598492,-0.004019681773801417,-0.004000133442527202,-0.003977888164223863,-0.003953012032105056,-0.003925564228969787,-0.003895597164455159,-0.003863156405007819,-0.003828281000096822,-0.0037910035967353393,-0.003751350944601165,-0.0037093441831372825,-0.003664999512333994,-0.0036183286375607053,-0.0035693395901193266,-0.003518037312661753,-0.0034644246115849158,-0.003408502864192767,-0.003350273083555513,-0.0032897367274177147,-0.0032268968551768733,-0.0031617590177597426,-0.0030943324856532346,-0.0030246311982707456,-0.0029526750411356683,-0.002878490832210711,-0.0028021136248824892,-0.0027235877067482246,-0.002642967902352489,-0.0025603205563330387,-0.002475724805169162,-0.002389273510622787,-0.0023010744623097653,-0.0022112512182738196,-0.002119944189281952,-0.0020273113305143,-0.0019335290435956983,-0.0018387926464144522,-0.0017433170098780973,-0.0016473367118683502,-0.0015511063029060436,-0.0014549000259000708,-0.0013590115793773085,-0.0012637532584408129,-0.0011694550578670883,-0.001076463063929187,-0.0009851377153529649,-0.0008958512538016403,-0.0008089849424533082,-0.0007249253696523307,-0.0006440604181592859,-0.0005667742180308855,-0.0004934416718037498,-0.0004244218776430344,-0.00036005105735160904,-0.0003006343313017988,-0.0002464369828774335,-0.00019767457999401544,-0.0001545026661155428,-0.00011700541334445259,-8.518409780700685e-5,-5.89447647136356e-5,-3.808629986357881e-5,-2.2287999732962798e-5,-1.1098851055313104e-5,-3.926330279365427e-6,-3.0081336389105566e-8,1.4868915942552499e-6
-4.6980135718155106e-6,-1.5263333428225774e-5,-3.630633599990906e-5,-6.767081893878988e-5,-0.00010912373415271642,-0.00016036100935669503,-0.00022101068568504206,-0.00029063925239434423,-0.00036875797099647864,-0.0004548299761776483,-0.000548277810127292,-0.0006484907735602907,-0.0007548326140963604,-0.0008666485769478896,-0.000983272619290067,-0.001104033749451364,-0.001228262394943253,-0.0013552957764491466,-0.0014844832335643061,-0.0016151905141172,-0.0017468039886287276,-0.0018787338383957277,-0.0020104171798089863,-0.0021413202078884638,-0.002270940312507567,-0.0023988072819774455,-0.0025244845306301575,-0.002647569494149047,-0.002767694106605212,-0.0028845245297356224,-0.0029977610215744287,-0.0031071371397675125,-0.003212419137235812,-0.0033134047686565176,-0.003409922334834638,-0.003501829205218014,-0.003589010615203085,-0.003671377999146832,-0.0037488676265513624,-0.003821438822022366,-0.0038890725093102714,-0.003951769378773774,-0.004009548393930623,-0.0040624449541247,-0.004110509407070548,-0.004153805244786971,-0.004192407657495469,-0.004226401794083931,-0.004255881387104406,-0.00428094710440664,-0.004301705271123325,-0.004318266335887924,-0.00433074371284602,-0.004339252383332921,-0.0043439078784665635,-0.004344825034751936,-0.004342117135249976,-0.0043358948349276755,-0.004326265475481785,-0.004313332193205688,-0.0042971934191887,-0.004277942178974969,-0.0042556657861020876,-0.004230445338982784,-0.004202355611696979,-0.004171464749476632,-0.0041378343565056964,-0.0041015193873073326,-0.0040625684272183014,-0.004021023773050941,-0.003976921898060173,-0.003930293711650614,-0.0038811651972015604,-0.0038295578374255295,-0.003775489410473114,-0.0037189745649149025,-0.0036600257571392874,-0.00359865395784338,-0.0035348697118553285,-0.003468683956388761,-0.0034001091829432136,-0.0033291603462461024,-0.0032558561065704106,-0.0031802198069583684,-0.003102280772794451,-0.0030220753331555105,-0.0029396481523054608,-0.002855053268301323,-0.0027683554276295495,-0.0026796311098643342,-0.0025889698312592836,-0.0024964751176019735,-0.0024022657344875305,-0.0023064765608476617,-0.0022092596922321387,-0.0021107851542363784,-0.002011241809936514,-0.0019108378352875135,-0.0018098013427555015,-0.0017083805197859018,-0.0016068438579945827,-0.001505479831632355,-0.00140459659636927,-0.0013045210586143405,-0.0012055978816414576,-0.0011081877707443926,-0.001012665599736799,-0.0009194177142410594,-0.0008288389719908623,-0.000741328851176682,-0.0006572871883173873,-0.0005771088761292536,-0.0005011780897600476,-0.00042986137699747964,-0.0003635001973261957,-0.00030240225798553377,-0.0002468322662420677,-0.00019700146501932,-0.0001530566430045781,-0.00011506799778086054,-8.301670678115595e-5,-5.678152270600016e-5,-3.612566897169547e-5,-2.0682959031290545e-5,-9.9456386294078e-6,-3.251188178931115e-6,2.2547118919276534e-7,1.4837349838183283e-6
-4.926148235746397e-6,-1.6688062785816612e-5,-4.001444871079681e-5,-7.462526775347675e-5,-0.00012017253311211911,-0.00017624538891206234,-0.00024237331370864564,-0.000318032082548886,-0.0004026499251305887,-0.0004956143018892054,-0.0005962791432108235,-0.000703971830791226,-0.0008180005016034075,-0.0009376606740507195,-0.0010622420213754582,-0.0011910342522116863,-0.0013233330149934183,-0.0014584448091491781,-0.0015956918567222014,-0.0017344159535756301,-0.001873982265963978,-0.002013782128024232,-0.0021532358035987543,-0.0022917943017641985,-0.0024289411970624996,-0.0025641935749596886,-0.002697103033678582,-0.0028272558918095224,-0.002954273507533464,-0.003077811885819176,-0.0031975614503765375,-0.0033132461820610613,-0.0034246229692731587,-0.0035314803960251116,-0.0036336377812422483,-0.0037309437178050654,-0.0038232748934441145,-0.003910534463850455,-0.003992650730200561,-0.004069575412394837,-0.004141282242559862,-0.004207765190099938,-0.004269037017877847,-0.004325127499703856,-0.004376081976586233,-0.00442195959951734,-0.00446283191691392,-0.004498781170554975,-0.004529898941419493,-0.00455628452361226,-0.004578043653421378,-0.004595286984187862,-0.004608128921755183,-0.00461668622175939,-0.004621076953080511,-0.0046214192374042845,-0.004617830360369583,-0.004610425671143418,-0.004599317858462568,-0.004584616025231326,-0.0045664251435279055,-0.004544845315889392,-0.004519971419674526,-0.004491892562879767,-0.004460691924168408,-0.004426446406936196,-0.004389226677052856,-0.004349097014675924,-0.004306115547489311,-0.0042603342956507246,-0.004211799594256385,-0.004160552322967122,-0.004106628507723322,-0.004050059723161897,-0.003990873860356242,-0.003929095687177089,-0.0038647477660812045,-0.0037978511550918574,-0.003728426457360595,-0.0036564946433713186,-0.003582078212027888,-0.003505202112829485,-0.0034258949963689896,-0.0033441902133009367,-0.0032601271300047624,-0.0031737521787645797,-0.0030851202115123057,-0.0029942955722354492,-0.00290135345757919,-0.0028063809774942355,-0.002709478485413938,-0.002610760585883478,-0.00251035738837679,-0.002408415410479998,-0.0023050986975894383,-0.0022005895566376103,-0.00209508946849547,-0.0019888195699395146,-0.001882021266446388,-0.001774956359181625,-0.0016679072433058943,-0.0015611765527512637,-0.0014550868039841039,-0.0013499794053457434,-0.0012462135798677664,-0.0011441645597762774,-0.0010442215965902107,-0.0009467851375671039,-0.000852263709932503,-0.000761069858083411,-0.0006736156755602759,-0.0005903072745772884,-0.0005115387402427518,-0.00043768491454233003,-0.0003690935716112371,-0.0003060763374777154,-0.00024889894830245555,-0.00019777021179601662,-0.00015283033941514772,-0.0001141380099756049,-8.16570122784595e-5,-5.5241724522977375e-5,-3.4622767321922976e-5,-1.9391565848364886e-5,-8.986629074280843e-6,-2.6781521859305886e-6,4.4144004055164334e-7,1.4725669284523213e-6
-5.1582627462442136e-6,-1.8137404496927695e-5,-4.37829028410352e-5,-8.16850513194888e-5,-0.00013137614444973467,-0.00019233471290390516,-0.00026398875489401014,-0.00034572123304559737,-0.0004368759897282307,-0.0005367641051933649,-0.0006446707541517589,-0.0007598617280196287,-0.000881590270226534,-0.0010091031976987728,-0.0011416471595427978,-0.0012784739918438217,-0.0014188460983665895,-0.0015620408462169277,-0.0017073549375098052,-0.0018541077836332514,-0.0020016448512946007,-0.0021493400429188052,-0.002296598074632051,-0.002442855947497508,-0.002587584459521903,-0.002730288884727753,-0.0028705097440132094,-0.0030078228228199604,-0.003141839332486061,-0.003272205397506023,-0.003398601734415905,-0.0035207427304598245,-0.0036383757548389744,-0.0037512799355507143,-0.0038592652013548423,-0.00396217084578907,-0.004059864380369099,-0.0041522399569538,-0.004239217095835101,-0.0043207390217261344,-0.004396771316116843,-0.004467300209400268,-0.004532331195989576,-0.00459188731590633,-0.0046460077637633665,-0.004694746187293007,-0.004738169316909743,-0.004776355305487093,-0.004809392403030483,-0.004837377360610704,-0.004860414173792434,-0.004878612573115766,-0.004892086859490885,-0.004900954503221743,-0.004905335093951091,-0.004905349069396033,-0.004901116801182473,-0.004892757472905976,-0.004880388321134882,-0.004864123680015824,-0.004844074393841415,-0.004820347042246047,-0.004793043537149334,-0.004762260538796872,-0.004728089245795417,-0.004690615008069758,-0.0046499173143393045,-0.004606069603710383,-0.004559139450526023,-0.004509188572019252,-0.00445627320620598,-0.0044004443089590605,-0.0043417481166651,-0.0042802265223804755,-0.004215917811434582,-0.004148857203057048,-0.0040790777440218645,-0.004006610999292172,-0.003931488086103226,-0.0038537404946712124,-0.003773401242685595,-0.0036905058047787564,-0.003605093365001342,-0.003517207831270973,-0.0034268991606958604,-0.0033342244322123087,-0.0032392492161633078,-0.0031420486743077946,-0.00304270894030172,-0.0029413282106499567,-0.0028380180960870032,-0.002732904659226662,-0.0026261296877001755,-0.002517851623659262,-0.002408246697352437,-0.002297509679789362,-0.002185854799841008,-0.0020735162340013453,-0.001960748710968683,-0.001847827631596175,-0.0017350492424674435,-0.0016227302552577444,-0.0015112074457419458,-0.001400836615802355,-0.0012919914477793092,-0.0011850616257136368,-0.0010804507487075022,-0.0009785734027336131,-0.0008798519131379025,-0.0007847121373141486,-0.0006935788190594184,-0.0006068698596190669,-0.0005249900304296173,-0.0004483234816231491,-0.00037722558318211997,-0.00031201345587869757,-0.00025295575900878005,-0.0002002610950413607,-0.00015406567293887614,-0.00011441956880421428,-8.127242223037823e-5,-5.445775868434086e-5,-3.367733799054849e-5,-1.8484055156219247e-5,-8.26653062421747e-6,-2.231304802512701e-6,6.084816260295728e-7,1.451863621392254e-6
-5.3935024209215405e-6,-1.9605412656630576e-5,-4.759599848200282e-5,-8.882055692260437e-5,-0.00014268738353025902,-0.0002085610562232349,-0.00028576565126793064,-0.0003735896772989729,-0.0004712916664237563,-0.0005781060175983094,-0.0006932493803520668,-0.0008159266268171217,-0.0009453371334876745,-0.0010806803181972898,-0.0012211613114131996,-0.0013659957199222727,-0.0015144144260065217,-0.0016656674174395467,-0.0018190276161729295,-0.0019737937397028044,-0.002129293166771249,-0.0022848838768368125,-0.002439956425333859,-0.002593935056503606,-0.0027462788968333463,-0.0028964823610363043,-0.0030440756879677854,-0.0031886247670534214,-0.0033297311423725927,-0.00346703138249334,-0.0036001966700668787,-0.003728931825867982,-0.0038529745868100883,-0.003972094378388127,-0.004086091366626039,-0.004194795054993124,-0.004298063178103339,-0.004395780181923683,-0.004487856011133009,-0.004574224516800451,-0.004654842176541495,-0.004729686462779778,-0.004798754525790162,-0.00486206154838199,-0.004919639416468677,-0.00497153508211779,-0.0050178092438028414,-0.005058534738427489,-0.0050937952529772484,-0.005123683766361029,-0.0051483013147943105,-0.005167755505161937,-0.005182159357258734,-0.005191629911071854,-0.005196287169332307,-0.005196252821109634,-0.005191649307569604,-0.0051825986832917045,-0.005169221826525201,-0.005151637457605809,-0.005129961512387117,-0.005104306334142696,-0.005074780225379143,-0.005041486825876856,-0.005004524853993982,-0.004963987679266442,-0.004919963259861931,-0.004872533913693975,-0.0048217764541168,-0.00476776215903996,-0.0047105571025055065,-0.004650222317007439,-0.004586814314405134,-0.004520385432699537,-0.00445098453592215,-0.00437865753305211,-0.004303448243107684,-0.004225399070697115,-0.004144552019472714,-0.0040609495059036734,-0.003974635501396598,-0.0038856564630712818,-0.003794062581966184,-0.0036999088066095257,-0.0036032561714879215,-0.003504172885646396,-0.003402735711579823,-0.003299031086507142,-0.0031931565165299134,-0.0030852216920734506,-0.002975349855000411,-0.0028636788614283134,-0.002750362469926213,-0.0026355712939698846,-0.0025194939468982267,-0.0024023378122229847,-0.0022843299653146436,-0.002165717672388534,-0.0020467689898105578,-0.0019277728818429026,-0.0018090393761580005,-0.0016908991666898258,-0.0015737031789363972,-0.001457821498216212,-0.0013436421715309428,-0.0012315692742619492,-0.001122020748039781,-0.0010154253919625559,-0.0009122195098781977,-0.0008128425876453287,-0.0007177325010633576,-0.0006273196216229528,-0.0005420203221452415,-0.0004622292449220627,-0.00038831084335534254,-0.0003205895571355031,-0.0002593391591175463,-0.0002047706273301201,-0.00015701915560260165,-0.00011612961527643593,-8.204129485375046e-5,-5.457103155645079e-5,-3.339619952179138e-5,-1.80358498992495e-5,-7.833488220789264e-6,-1.9366511371489475e-6,7.164842432597779e-7,1.4199804286183492e-6
-5.630934023626647e-6,-2.108561257052435e-5,-5.1436678113135157e-5,-9.599968417638867e-5,-0.00015405521312076108,-0.00022485109749018764,-0.00030760557220704614,-0.0004015115437179861,-0.0005057417716357828,-0.0006194540977585296,-0.0007417972649518044,-0.000871916247195791,-0.0010089578932497597,-0.0011520758005420884,-0.001300435328429002,-0.0014532177080266529,-0.00160962420507654,-0.0017688793374412335,-0.0019302341211795968,-0.002092968386424373,-0.0022563931361439227,-0.0024198520238358306,-0.0025827229098686387,-0.002744418604134465,-0.002904387732559521,-0.0030621148648799267,-0.0032171208128822498,-0.003368962265170948,-0.003517231635156504,-0.0036615563162412184,-0.003801598185937456,-0.003937052580194455,-0.004067647543747304,-0.004193142604491,-0.004313327842141424,-0.004428022525312772,-0.004537074053226659,-0.004640356501640078,-0.004737769477505121,-0.004829236606615178,-0.004914704329926363,-0.004994140356472486,-0.0050675324228764244,-0.005134886729744791,-0.0051962266824077865,-0.005251591327056462,-0.005301034090165784,-0.005344621231140625,-0.005382430599171435,-0.005414550121019,-0.005441076596169426,-0.005462114240621781,-0.0054777735432400875,-0.005488169888203024,-0.005493422496736313,-0.005493653151720399,-0.005488985249131659,-0.005479542647909586,-0.005465448854321246,-0.0054468260185318714,-0.005423794272780441,-0.005396470893326641,-0.0053649698099859835,-0.0053294009484666435,-0.005289869924741711,-0.0052464775785317245,-0.005199319861470823,-0.0051484875679206465,-0.005094066421192714,-0.005036137003255607,-0.004974775038639903,-0.004910051520117025,-0.004842033185505635,-0.004770782832206384,-0.004696359978051953,-0.004618821353729518,-0.004538221735101301,-0.00445461459902948,-0.0043680531111787504,-0.0042785909274785285,-0.004186283318163126,-0.004091188093876955,-0.003993366843378781,-0.003892885959842914,-0.0037898179659313926,-0.003684242611791539,-0.0035762482566848654,-0.003465933005097945,-0.003353406108315259,-0.0032387890984459304,-0.003122217165740393,-0.003003840241662604,-0.002883824297858578,-0.0027623523181854975,-0.0026396254525894213,-0.0025158638038387166,-0.0023913073538229276,-0.002266216473382048,-0.002140872519555671,-0.0020155779563083634,-0.00189065649912413,-0.0017664527108245368,-0.0016433315449450583,-0.0015216772546929964,-0.0014018921593678278,-0.0012843946765056695,-0.0011696171070340346,-0.0010580025717583479,-0.000950001582090423,-0.0008460676335434103,-0.0007466523014141793,-0.0006521992179144738,-0.000563137409135564,-0.00047987336262120413,-0.0004027823094723387,-0.0003321980829168296,-0.0002684020608512667,-0.00021161053697646713,-0.0001619611032458169,-0.00011949732560701098,-8.415252577659144e-5,-5.5731697506173864e-5,-3.389308739437595e-5,-1.8127482436831933e-5,-7.739055456450343e-6,-1.8221158402344845e-6,7.545650556475314e-7,1.3751513311508449e-6
-5.869546612497524e-6,-2.2571006846594355e-5,-5.528654425729026e-5,-0.00010318788135637569,-0.00016542480562680887,-0.00024112621393903157,-0.00032940314772073644,-0.0004293522917423844,-0.0005400606580008931,-0.0006606100990268675,-0.0007900824691646866,-0.0009275642212803573,-0.0010721513291623817,-0.0012229534220244021,-0.0013790980720495064,-0.0015397341911251418,-0.0017040355064479407,-0.0018712031226739466,-0.0020404681497568286,-0.0022110934446049313,-0.0023823754399390413,-0.0025536451426518446,-0.002724269257959235,-0.002893650552587764,-0.0030612283880609333,-0.003226478566779737,-0.0033889133910784946,-0.0035480811067275775,-0.0037035655964843726,-0.00385498552356591,-0.004001993754006968,-0.004144276285851113,-0.004281551476909791,-0.004413568826729868,-0.004540108067972316,-0.004660977850083049,-0.004776014735693037,-0.004885081819280599,-0.004988067656346169,-0.005084884838502043,-0.005175468873608413,-0.005259776731182325,-0.0053377856863646754,-0.005409491846132874,-0.005474908968420416,-0.0055340669795978245,-0.005587010781364907,-0.005633798772276973,-0.005674501658036835,-0.005709200993319862,-0.005737988014697345,-0.005760962222614375,-0.005778230259435812,-0.005789904554331409,-0.005796102271192004,-0.0057969440408548985,-0.005792553004510666,-0.00578305365792289,-0.005768571015328292,-0.00574922958906032,-0.005725152696936383,-0.005696461598155472,-0.005663274963999856,-0.005625708187319451,-0.005583873032342046,-0.005537877130804234,-0.00548782382210059,-0.005433811844465488,-0.0053759353718870325,-0.005314283903980785,-0.005248942501293683,-0.005179991872841151,-0.0051075088068130645,-0.005031566450324381,-0.004952234928214206,-0.004869581805444147,-0.004783672882680277,-0.004694572827953547,-0.0046023461339763745,-0.00450705790205488,-0.004408774942470715,-0.004307566690020809,-0.0042035064250662176,-0.004096672296205208,-0.003987148635443169,-0.003875027059017846,-0.003760407845193533,-0.0036434010787523515,-0.003524128053702267,-0.0034027224199476773,-0.003279331565268188,-0.00315411771370148,-0.003027259231009242,-0.002898951612905141,-0.002769408645455056,-0.002638863207083516,-0.0025075681996473585,-0.0023757970708977528,-0.0022438444131478103,-0.002112026092475363,-0.0019806793899647232,-0.0018501626004888841,-0.0017208545666023028,-0.001593153583457071,-0.0014674761478319428,-0.0013442549769179504,-0.0012239367650157334,-0.0011069790929136229,-0.0009938469528623466,-0.0008850082924986331,-0.0007809290354974509,-0.0006820669703576908,-0.0005888649613761234,-0.0005017428604258382,-0.0004210885753118631,-0.0003472476575684211,-0.00028051188483684534,-0.00022110617151978863,-0.00016917435714481328,-0.00012476311959953322,-8.780480897664162e-5,-5.80981357201838e-5,-3.528830819340729e-5,-1.884438670599788e-5,-8.038085951110338e-6,-1.917497633401994e-6,7.110830725952851e-7,1.3154907869947159e-6
-6.108253185308714e-6,-2.405408686793809e-5,-5.912589077441513e-5,-0.00011034820633937113,-0.00017673764282230393,-0.0002573026279686126,-0.0003510462683738936,-0.00045696896991947165,-0.0005740725334101776,-0.0007013638501434193,-0.0008378593131320977,-0.0009825885906465533,-0.0011345987466572871,-0.001292957562981403,-0.001456757037393304,-0.0016251160124222481,-0.001797182917388896,-0.001972137637069467,-0.002149193490266198,-0.0023275983728783625,-0.0025066360379093185,-0.0026856266005304405,-0.002863927219900734,-0.003040932076227225,-0.003216072566675086,-0.0033888168678958674,-0.003558669755588648,-0.0037251718578888127,-0.003887899196537719,-0.0040464622216186425,-0.0042005051556604014,-0.004349704881795739,-0.0044937701533658775,-0.004632440388347315,-0.0047654847885696015,-0.004892701075439816,-0.00501391454674151,-0.00512897677403641,-0.005237764612618221,-0.005340178870578951,-0.005436143279559783,-0.005525603139693813,-0.005608524255326473,-0.005684891558533651,-0.005754708014338743,-0.0058179932273754575,-0.005874782324262459,-0.005925124552056484,-0.005969082150130237,-0.006006728954120604,-0.006038149274718584,-0.006063436525760929,-0.006082692131819931,-0.006096024203089571,-0.006103546496889535,-0.006105377164529809,-0.00610163779345518,-0.006092452252126991,-0.006077945839444132,-0.006058244252869443,-0.006033472870100476,-0.006003755863398605,-0.005969215635511305,-0.005929972099736494,-0.005886142288143475,-0.005837839812676629,-0.005785174659137706,-0.005728252839926537,-0.005667176382353502,-0.005602043178732154,-0.005532947172646309,-0.005459978407272823,-0.005383223408430406,-0.0053027654273783194,-0.005218685014928723,-0.0051310604506094246,-0.005039968497855339,-0.004945485007327017,-0.004847685839164659,-0.004746647624311486,-0.004642448835866029,-0.0045351706883053206,-0.00442489833588177,-0.004311721885406708,-0.004195737695121288,-0.0040770494718414384,-0.003955769638415755,-0.0038320204801716266,-0.0037059355425305687,-0.0035776607843915073,-0.003447355959270879,-0.0033151957240681,-0.003181370946796713,-0.0030460897076756794,-0.0029095784637286136,-0.0027720828649903887,-0.0026338686906565273,-0.002495222386124322,-0.002356451666785866,-0.002217885661485313,-0.0020798750583563654,-0.0019427917170240644,-0.001807028206057036,-0.0016729967198303166,-0.0015411278291336717,-0.0014118685089211359,-0.0012856798922023134,-0.0011630341816355428,-0.0010444111616393502,-0.0009302937294577763,-0.0008211628810719751,-0.0007174915555899943,-0.000619737767335029,-0.0005283364118482051,-0.00044369017247605113,-0.0003661588904941471,-0.00029604783989453995,-0.0002335942276011786,-0.0001789524327178239,-0.00013217719288171882,-9.320551324080812e-5,-6.183612782596522e-5,-3.7708172103491484e-5,-2.027653698853181e-5,-8.788528870505117e-6,-2.2543732231250326e-6,5.736713064456074e-7,1.2389984973190924e-6
-6.345893154248101e-6,-2.5526849824144706e-5,-6.293374818116725e-5,-0.00011744141274880888,-0.00018793165387459814,-0.00027329160635707983,-0.00037241635304455353,-0.00048421055745100235,-0.0006075918793802157,-0.0007414937511993476,-0.0008848689479740268,-0.0010366924507166123,-0.0011959646877703252,-0.0013617139760577035,-0.0015329991710023411,-0.0017089114778788032,-0.0018885764194364668,-0.002071154978346846,-0.002255844900681757,-0.0024418812208732,-0.002628536978333085,-0.002815123219137729,-0.003000989228710297,-0.003185522118840893,-0.003368146684269561,-0.0035483246814537587,-0.003725554409487122,-0.0038993697752135736,-0.004069339684384293,-0.004235066970563649,-0.004396187664153547,-0.004552369843016739,-0.0047033128276013,-0.004848745991747827,-0.004988427913853656,-0.005122145169004788,-0.005249711450772294,-0.005370966352217271,-0.005485774461800077,-0.005594024131885868,-0.005695626545932901,-0.005790514469077557,-0.00587864128209573,-0.0059599797089700925,-0.006034520815314585,-0.006102272711519709,-0.006163259518232117,-0.006217520049461222,-0.006265106754014108,-0.006306084389536093,-0.006340528955284199,-0.006368526374334748,-0.006390171438758179,-0.006405566522314238,-0.006414820563283363,-0.006418047833367692,-0.006415366985797837,-0.006406899907658421,-0.006392770861352255,-0.006373105447222081,-0.006348029865166307,-0.006317670012461597,-0.006282150889579925,-0.006241595854860717,-0.006196126194733796,-0.006145860552716675,-0.006090914679680007,-0.006031401049912577,-0.005967428802110795,-0.005899103550277422,-0.005826527521053726,-0.005749799562238929,-0.005669015477119757,-0.005584268228581719,-0.005495648466339701,-0.005403244920034305,-0.0053071451107677865,-0.005207435922227302,-0.005104204483630958,-0.004997538903700941,-0.004887529307884497,-0.0047742687157403645,-0.00465785421090662,-0.004538387937914242,-0.004415978378541704,-0.0042907414389043285,-0.0041628018002200845,-0.004032294060885293,-0.0038993641228778344,-0.003764170346005452,-0.0036268849227957976,-0.0034876949927805986,-0.0033468039483540066,-0.0032044324454564856,-0.0030608195701548268,-0.0029162236680712068,-0.0027709232860518803,-0.0026252177258830386,-0.002479427657130495,-0.0023338952808753108,-0.002188984488430305,-0.0020450804978210703,-0.0019025894083713772,-0.0017619371461454771,-0.00162356823594866,-0.0014879438613846078,-0.0013555396429009885,-0.0012268425825269825,-0.0011023475980210557,-0.0009825530802641384,-0.0008679558877708071,-0.0007590451943581739,-0.0006562955939906372,-0.0005601588564962553,-0.0004710547309373502,-0.00038936015895495694,-0.00031539730370445013,-0.0002494197003631852,-0.00019159700344666375,-0.00014199749582371798,-0.00010056911115220836,-6.711768674860358e-5,-4.128416655828916e-5,-2.2517907244344888e-5,-1.0051112088499079e-5,-2.865941769748371e-6,3.2929147430814593e-7,1.143567576625687e-6
-6.581235652400308e-6,-2.6980821339469462e-5,-6.66879430708992e-5,-0.00012442606138185884,-0.0001989413916909833,-0.0002889997120899788,-0.0003933886844131652,-0.0005109183891104133,-0.0006404239687611925,-0.0007807673851191744,-0.0009308400596931627,-0.0010895647434644958,-0.0012558978068612243,-0.0014288307370897296,-0.0016073918871144393,-0.001790647426310581,-0.001977702499120041,-0.0021677016146772416,-0.002359829255159772,-0.00255330976843988,-0.002747407511556106,-0.002941426343081509,-0.003134709403381791,-0.0033266383105421578,-0.003516632677919322,-0.0037041491105840115,-0.0038886805495767767,-0.004069755151206102,-0.004246935530777427,-0.004419817588414464,-0.004588029705729372,-0.004751231561692472,-0.004909113316062646,-0.005061394439436043,-0.005207822899330769,-0.005348174011847787,-0.0054822496318350615,-0.005609877021096414,-0.005730908034226631,-0.005845217990823279,-0.005952704843838298,-0.006053288040858049,-0.006146907661864146,-0.006233523256725244,-0.006313112943207515,-0.006385672213252847,-0.006451212988671867,-0.006509762396201139,-0.006561361786169666,-0.006606065484390007,-0.006643939786946121,-0.0066750617045045636,-0.0066995179532181575,-0.006717403713201107,-0.006728821640694157,-0.0067338806667058505,-0.006732695058707022,-0.00672538328760628,-0.00671206716828134,-0.006692870823199941,-0.006667919930211659,-0.006637340809498581,-0.006601259804572238,-0.006559802516181934,-0.00651309333876712,-0.006461254860871316,-0.0064044075747800005,-0.00634266945826448,-0.006276155870146773,-0.006204979323161528,-0.006129249573037017,-0.006049073587164699,-0.005964555829683611,-0.00587579842567106,-0.005782901639789258,-0.005685964230936307,-0.005585084117307436,-0.005480358911872693,-0.00537188676216745,-0.0052597670525006985,-0.005144101402299749,-0.005024994516434184,-0.00490255532128501,-0.004776897939759391,-0.0046481429391706216,-0.0045164184021111295,-0.004381861254384143,-0.0042446183965594,-0.004104848073230718,-0.003962721022418502,-0.003818421838958349,-0.003672150089561583,-0.003524121612796796,-0.0033745695362100646,-0.0032237454427992943,-0.003071920212808614,-0.002919384971508195,-0.0027664516618304126,-0.0026134536703775295,-0.0024607460176748184,-0.002308705538344186,-0.002157730553063304,-0.0020082404543194255,-0.0018606746976247712,-0.0017154916154541594,-0.0015731665338743954,-0.0014341896028929487,-0.0012990628067530404,-0.0011682965569252304,-0.001042405317387074,-0.0009219026540708667,-0.0008072951372003688,-0.0006990754751413891,-0.0005977142809688994,-0.0005036508380547224,-0.0004172822258256328,-0.00033895117449517773,-0.0002689319383167629,-0.00020741462175264425,-0.0001544870764492023,-0.00011011509301509171,-7.411948354945403e-5,-4.615183109748009e-5,-2.5665723000291525e-5,-1.188889524516636e-5,-3.78680038262965e-6,-3.568506296596068e-8,1.026996701029939e-6
-6.812983674596889e-6,-2.8407083641723868e-5,-7.036517140161214e-5,-0.00013125865640607433,-0.0002096982467364856,-0.00030432910759316457,-0.00041383281063278593,-0.000536926661731261,-0.0006723654808708967,-0.0008189422428086145,-0.0009754897033396112,-0.0011408811973313106,-0.0013140319108454934,-0.00149389937818898,-0.001679484284227249,-0.0018698305183036156,-0.0020640254964933206,-0.002261199778628799,-0.0024605269678715557,-0.0026612229626428786,-0.0028625455223125636,-0.0030637932487168414,-0.003264304914381833,-0.003463458269252413,-0.0036606692217919677,-0.00385539055616612,-0.004047111042888521,-0.004235354135314148,-0.004419677068656123,-0.004599669585205674,-0.004774953060825869,-0.004945179288026859,-0.005110029649499848,-0.005269213969102876,-0.0054224697346020555,-0.005569561010654229,-0.00571027769937191,-0.0058444344979730984,-0.0059718701771978725,-0.006092446560194046,-0.0062060477955444655,-0.006312579333132647,-0.006411967170206185,-0.006504156803689386,-0.006589112433304369,-0.006666815876858692,-0.00673726572262357,-0.006800476203087669,-0.006856476298118151,-0.006905308572124902,-0.006947028238698895,-0.006981701974887957,-0.007009406965977119,-0.007030229717777052,-0.007044265106307443,-0.007051615214109574,-0.007052388413480347,-0.007046698255666809,-0.007034662617930011,-0.0070164026751399705,-0.00699204214050639,-0.006961706347833583,-0.006925521613579399,-0.006883614455217283,-0.006836111098776354,-0.006783136854812475,-0.006724815791146122,-0.006661270283266723,-0.0065926208670052736,-0.006518985975127397,-0.006440481979467779,-0.006357223120283823,-0.006269321742166417,-0.006176888417620138,-0.006080032375985655,-0.00597886181777395,-0.00587348453094909,-0.005764008387777664,-0.0056505421380879444,-0.00553319607572304,-0.00541208299368757,-0.005287319002564704,-0.0051590246275979934,-0.00502732575641219,-0.004892354852799182,-0.004754252005502661,-0.004613166227472872,-0.0044692565710019614,-0.004322693474156962,-0.004173659899843662,-0.004022352682659384,-0.0038689836401681384,-0.003713780863197058,-0.0035569897363869727,-0.0033988741026507196,-0.003239717116615837,-0.0030798221992756575,-0.0029195136319405987,-0.002759137199722772,-0.002599060414735766,-0.002439672726550829,-0.002281385241121205,-0.0021246303521152694,-0.0019698607955651363,-0.0018175485269112785,-0.0016681829192578457,-0.0015222686752193787,-0.0013803229365313475,-0.0012428719744428931,-0.0011104469266826182,-0.000983578951063506,-0.0008627932375168484,-0.0007486022318155518,-0.0006414974798767312,-0.0005419404281384183,-0.00045035153966983815,-0.0003670980569566386,-0.0002924796831008873,-0.00022671257263140717,-0.0001699106994316524,-0.00012206529371043568,-8.302081545598913e-5,-5.244929080373543e-5,-2.9819475934849674e-5,-1.4366673812581858e-5,-5.052640583858045e-6,-5.353663392924148e-7,8.870067669168689e-7
-7.0397789913690485e-6,-2.9796308976688026e-5,-7.39410849623983e-5,-0.00013789380507551598,-0.00022013069639928296,-0.0003191779067481233,-0.0004336130099312886,-0.0005620630184996752,-0.0007032052099488623,-0.0008557665577408841,-0.0010185242633205867,-0.001190305410588891,-0.001369987160796527,-0.0015564962007404883,-0.0017488085607757892,-0.0019459487441256024,-0.00214698919324945,-0.0023510491220322736,-0.0025572936998689727,-0.002764932660697452,-0.002973219291725618,-0.0031814489071839806,-0.0033889577287260276,-0.0035951213078653363,-0.003799353375495339,-0.0040011042844779006,-0.004199859890756714,-0.004395140070527745,-0.00458649767731194,-0.004773517168701555,-0.004955813664224121,-0.005133031696671805,-0.0053048443764630955,-0.005470952264016062,-0.005631082629566817,-0.005784988427849666,-0.0059324476296885,-0.006073262269872498,-0.006207257819410544,-0.00633428227266478,-0.006454205527262363,-0.006566918477164583,-0.006672332370386297,-0.0067703778799216695,-0.006861004416534831,-0.006944179158035951,-0.007019886304060552,-0.007088126054580779,-0.007148913804287865,-0.007202279071991867,-0.007248264642620514,-0.007286925459078714,-0.0073183277289331486,-0.007342547798501157,-0.0073596712483054464,-0.007369791775120669,-0.007373010304929757,-0.007369433912187542,-0.007359174981255764,-0.007342350193345886,-0.007319079767433196,-0.007289486544489221,-0.007253695337043645,-0.007211832137784885,-0.007164023603656702,-0.00711039641213608,-0.007051076901446181,-0.006986190593226357,-0.006915862005506083,-0.006840214355425264,-0.006759369556379761,-0.006673448109216008,-0.006582569289669481,-0.006486851231249777,-0.006386411303900898,-0.0062813663867195306,-0.006171833433733228,-0.006057929929670585,-0.005939774633854267,-0.005817488207403614,-0.005691194121366157,-0.005561019438834069,-0.005427095868411749,-0.00528956067956285,-0.005148557877099638,-0.005004239222378795,-0.004856765498411195,-0.004706307603005251,-0.004553047867029807,-0.004397181177927505,-0.004238916305290982,-0.004078477004032377,-0.003916103291429407,-0.003752052468312078,-0.0035866002797998496,-0.0034200417798485876,-0.0032526922937174195,-0.0030848880357863943,-0.002916986775000762,-0.0027493680976106907,-0.0025824336569463353,-0.0024166069510073375,-0.00225233301409189,-0.002090077552894785,-0.0019303259083346647,-0.0017735813611267747,-0.001620363155212219,-0.0014712037415954941,-0.0013266456062683363,-0.0011872371647010593,-0.0010535280715383791,-0.000926063400862282,-0.0008053770251876455,-0.0006919836101602234,-0.0005863695295887956,-0.0004889820589770781,-0.00040021713984999966,-0.0003204049678457638,-0.00024979375039536303,-0.00018853064826480415,-0.0001366405560943928,-9.400105463023173e-5,-6.031540282934617e-5,-3.5079669203226295e-5,-1.7550213903232112e-5,-6.699854828228907e-6,-1.1841944999834816e-6,7.212627797418198e-7
-7.26020782526331e-6,-3.113879792414709e-5,-7.739038997086894e-5,-0.0001442843989948589,-0.00023016458690359692,-0.0003334405716532626,-0.0004525888131466114,-0.0005861492052648958,-0.0007327248605688779,-0.0008909802432993882,-0.00105964053312904,-0.0012374900716444444,-0.0014233714288759878,-0.0016161837629973628,-0.00181488162556087,-0.0020184731474458943,-0.0022260186386531006,-0.002436628631650618,-0.0026494623507739546,-0.0028637256828353873,-0.0030786695954613565,-0.0032935881109824013,-0.0035078167471409884,-0.0037207305631938303,-0.0039317426849997325,-0.004140302479233322,-0.0043458942099916876,-0.004548035380521188,-0.0047462755510826685,-0.004940194868921483,-0.00512940305833984,-0.005313538140354359,-0.005492265587475762,-0.005665277216618157,-0.005832290485042538,-0.005993047525652227,-0.0061473145487626266,-0.006294880979485453,-0.006435558923613672,-0.006569182363116371,-0.006695606643758993,-0.006814707686642911,-0.006926381459678882,-0.007030543169724158,-0.007127126688518309,-0.007216083699915911,-0.007297383061893891,-0.007371009895080917,-0.007436964874407302,-0.007495263257113225,-0.007545934109159231,-0.007589019281906303,-0.007624572588483901,-0.007652658747490153,-0.007673352532419112,-0.007686737707512874,-0.00769290617875049,-0.007691956951209088,-0.0076839953129812935,-0.007669131845165329,-0.0076474816706086635,-0.007619163547226576,-0.007584299212013711,-0.007543012586187077,-0.007495429241892313,-0.007441675744120169,-0.007381879263398261,-0.007316167074960478,-0.007244666335870368,-0.007167503756913436,-0.007084805557380436,-0.00699669731990612,-0.006903304130810096,-0.0068047506228352895,-0.0067011613036695086,-0.006592660786364729,-0.006479374303518493,-0.006361428120110349,-0.00623895022579783,-0.00611207091993934,-0.005980923669460489,-0.005845645850812962,-0.00570637975573274,-0.005563273469626263,-0.005416482002054997,-0.00526616827529499,-0.005112504350285702,-0.004955672492613617,-0.0047958664576659964,-0.004633292593741522,-0.004468171141961058,-0.004300737327318111,-0.004131242619216825,-0.003959955750744804,-0.003787163874241929,-0.0036131734366035943,-0.0034383111507147084,-0.003262924639837756,-0.003087383129672241,-0.0029120777573619903,-0.002737421869782017,-0.0025638508716545948,-0.0023918219923972925,-0.0022218135219365612,-0.0020543238793544753,-0.0018898700519487798,-0.0017289857610230843,-0.0015722188758077677,-0.0014201284203664408,-0.0012732806732572348,-0.00113224468771239,-0.000997586701933672,-0.0008698637431238404,-0.0007496158509174348,-0.0006373571942979475,-0.0005335654389959574,-0.00043866961861921405,-0.0003530357432774632,-0.0002769504441852861,-0.00021060161318570486,-0.00015405665048569161,-0.00010723651381045934,-6.988746785586954e-5,-4.154625969408099e-5,-2.1505296470812728e-5,-8.765041824197026e-6,-1.996762131607183e-6,5.274014311804255e-7
-7.472807096624565e-6,-3.2424521808616397e-5,-8.068695603472703e-5,-0.00015038181390647056,-0.00023972344332423855,-0.00034700834826300117,-0.0004706155770426559,-0.0006090017906538683,-0.000760699921015816,-0.0009243159233998725,-0.0010985269048196919,-0.001282078306703399,-0.0014737818013552957,-0.001672512533597704,-0.0018772068950184894,-0.0020868597579228594,-0.0023005222074939683,-0.002517298801219303,-0.0027363453324496965,-0.002956866174101753,-0.0031781121391905014,-0.0033993779677191963,-0.0036200003398108908,-0.0038393555564779627,-0.004056857749661054,-0.004271956795765987,-0.004484136753661119,-0.004692914035149582,-0.004897836086253414,-0.005098479821608583,-0.0052944505468199,-0.00548538064550099,-0.005670928722892048,-0.005850778517130177,-0.006024638228970115,-0.006192239615127332,-0.006353337457891465,-0.0065077087897664945,-0.0066551524512826225,-0.006795488393461748,-0.006928557272532208,-0.007054219779789606,-0.007172356227592512,-0.007282865864024528,-0.007385666414268313,-0.007480693348640987,-0.0075678993556531045,-0.007647253544880164,-0.007718740841118731,-0.0077823611166433415,-0.00783812850847668,-0.007886070486605463,-0.00792622710741369,-0.00795865003449169,-0.007983401750038775,-0.008000554552478514,-0.008010189753777958,-0.008012396682996283,-0.008007271900963817,-0.007994918241230522,-0.00797544407459695,-0.00794896241898068,-0.007915590285251548,-0.007875447885686922,-0.007828658089861393,-0.007775345758080193,-0.007715637332152719,-0.007649660315895052,-0.007577543020901844,-0.007499414211295039,-0.007415403019449783,-0.007325638766944378,-0.007230251059867054,-0.007129369792628554,-0.007023125427156718,-0.0069116491809993975,-0.006795073489498221,-0.006673532374484689,-0.006547162083413273,-0.006416101629899579,-0.006280493598714568,-0.006140484844322429,-0.005996227445445847,-0.0058478795424646585,-0.005695606419763262,-0.005539581457127147,-0.005379987312043892,-0.005217016953837142,-0.00505087491125135,-0.004881778350729167,-0.004709958346691644,-0.0045356609568189986,-0.0043591484631790986,-0.004180700387335618,-0.004000614639585612,-0.0038192084049033445,-0.0036368191247056632,-0.003453805170676503,-0.003270546568250765,-0.0030874453587200817,-0.0029049259553423352,-0.0027234350739165076,-0.002543441589899091,-0.002365435892317306,-0.002189929081483056,-0.0020174515680028084,-0.0018485514121839117,-0.0016837919445725099,-0.0015237489943466848,-0.001369007243270304,-0.0012201560128773648,-0.0010777839695536363,-0.0009424730274261312,-0.0008147908843306725,-0.0006952824351038773,-0.0005844594187772037,-0.0004827885139737496,-0.0003906770972324476,-0.00030845691372169404,-0.00023636456294083986,-0.00017451936535916403,-0.00012289666087771654,-8.12984548601063e-5,-4.9316760692881115e-5,-2.6296547564485304e-5,-1.1284397892733114e-5,-2.9875848942162535e-6,3.0306543339588915e-7
-7.676071286331863e-6,-3.3643168614049206e-5,-8.380393349764363e-5,-0.00015613612427401246,-0.00024872880214041917,-0.000359769733563782,-0.0004875450994616502,-0.0006304329397184331,-0.0007869006033629208,-0.000955500044454229,-0.0011348646559449383,-0.0013237051424307106,-0.0015208062155071774,-0.0017250226991069766,-0.0019352762659229255,-0.0021505517218686826,-0.0023698938800433677,-0.0025924040507623214,-0.0028172371166743956,-0.003043598268460686,-0.0032707403263674897,-0.003497960758013637,-0.003724599280050517,-0.00395003518760054,-0.004173685260774881,-0.004395001426611632,-0.004613468985125919,-0.004828604612942308,-0.005039954910435954,-0.005247094741200512,-0.005449626085960135,-0.00564717669500929,-0.005839399217917337,-0.006025970129660069,-0.006206589090393444,-0.006380978092807934,-0.006548880995770507,-0.006710062832444658,-0.006864309456827446,-0.007011426950278588,-0.007151241321250414,-0.007283597951865022,-0.007408361297819107,-0.007525414325523205,-0.0076346581699473365,-0.007736011525079179,-0.007829410230747303,-0.007914806593096005,-0.00799216888554962,-0.008061480590082742,-0.008122739811050344,-0.008175958440978072,-0.00822116149789778,-0.008258386230288016,-0.008287681398112779,-0.008309106339883738,-0.00832273022446103,-0.008328631108798038,-0.008326895191690336,-0.00831761589369116,-0.008300893145583528,-0.008276832522499862,-0.008245544599295229,-0.008207144169458875,-0.008161749697217729,-0.008109482648846401,-0.008050467067671846,-0.007984829041308818,-0.007912696421195582,-0.007834198444507542,-0.0077494656147976656,-0.007658629492190086,-0.007561822746412888,-0.007459179123594304,-0.007350833677654929,-0.007236922916777058,-0.007117585213874967,-0.006992961130640418,-0.006863194002656816,-0.006728430433832201,-0.006588821046606629,-0.006444521134469765,-0.006295691562517799,-0.006142499560473801,-0.005985119753397916,-0.00582373507199061,-0.005658537887352713,-0.005489731009127636,-0.0053175288915955615,-0.00514215868317655,-0.004963861463593068,-0.00478289330014576,-0.004599526466935069,-0.004414050453890766,-0.004226773108832703,-0.004038021534185953,-0.003848143080669299,-0.003657506053574478,-0.003466500472619824,-0.0032755384940498936,-0.0030850548339309506,-0.0028955067931249853,-0.002707374219725557,-0.002521158999443774,-0.0023373844046835715,-0.002156593880043928,-0.001979349586816627,-0.001806230267072185,-0.0016378287367468582,-0.001474748544097733,-0.0013176000821231654,-0.0011669956556879279,-0.0010235437607198801,-0.0008878420215782321,-0.000760469002195183,-0.0006419742484071784,-0.0005328667375019231,-0.0004336009315582888,-0.0003445606338653926,-0.0002660394949285699,-0.0001982186806348866,-0.0001411396109684693,-9.467368478790113e-5,-5.848396648163533e-5,-3.198603033769999e-5,-1.4292981863309309e-5,-4.170826521513959e-6,4.594464796515784e-8
-7.868459403014535e-6,-3.478419067812338e-5,-8.671387585187985e-5,-0.00016149632730551203,-0.00025710055869219495,-0.00037161096446839233,-0.0005032262646001105,-0.0006502512278731298,-0.0008110928358813556,-0.0009842540535929664,-0.0011683293184392494,-0.0013619990679163568,-0.0015640252146920338,-0.0017732461100332005,-0.0019885722481544324,-0.0022089816158756236,-0.002433515729204558,-0.0026612753787752298,-0.002891417042942843,-0.003123149042057641,-0.003355728346156521,-0.0035884571466870295,-0.0038206800667278927,-0.004051781155976162,-0.004281181507288258,-0.0045083366773355765,-0.004732734708016663,-0.004953893967778054,-0.005171361566797575,-0.005384711601578438,-0.005593543938876086,-0.00579748283052976,-0.005996176025359398,-0.006189293705382814,-0.006376527870588075,-0.006557591534849093,-0.006732218318356913,-0.006900161833964139,-0.007061195417779735,-0.007215111635360286,-0.007361722082923533,-0.007500856947562326,-0.007632364819037769,-0.007756112247943209,-0.007871983519723822,-0.007979880167875783,-0.008079720676028591,-0.008171439918117893,-0.008254988769388,-0.008330333460431966,-0.008397455092383283,-0.008456348905493245,-0.008507023706494593,-0.00854950106406599,-0.008583814666656624,-0.008610009466246602,-0.008628140992470655,-0.00863827447233195,-0.008640484131213724,-0.00863485231971909,-0.008621468834300823,-0.008600430083462026,-0.008571838460604081,-0.008535801580809294,-0.008492431736551287,-0.008441845233640215,-0.008384161957084118,-0.008319504830962766,-0.008247999517409977,-0.008169774020589002,-0.008084958536857515,-0.007993685217983404,-0.00789608818535711,-0.007792303462367464,-0.007682469160243616,-0.0075667255842849016,-0.007445215593676732,-0.007318084881103073,-0.007185482503731408,-0.007047561330648249,-0.006904478737105687,-0.006756397209133038,-0.006603485187994615,-0.006445917816127211,-0.006283877913413966,-0.006117556843110716,-0.00594715559582875,-0.005772885748141896,-0.00559497062387033,-0.005413646311405079,-0.0052291628647894006,-0.0050417853382179805,-0.00485179498128944,-0.0046594902404076865,-0.004465187893161539,-0.004269223956191211,-0.00407195469261772,-0.003873757353932313,-0.003675030981264906,-0.0034761968943903816,-0.003277699191560203,-0.003080004880718386,-0.0028836039622002073,-0.002689009073802844,-0.0024967550133695284,-0.002307397737169228,-0.00212151314091914,-0.0019396952044021816,-0.0017625537927540241,-0.0015907116702514581,-0.001424800997402944,-0.00126545882928826,-0.001113321851513041,-0.0009690198123350217,-0.000833167839585731,-0.0007063570025597481,-0.0005891432579227357,-0.00048203395996818793,-0.0003854720838568589,-0.00029981695386058075,-0.00022532192957100438,-0.00016210681910195794,-0.00011012691332009925,-6.913325566630986e-5,-3.863157057808689e-5,-1.7823837335200944e-5,-5.559968421936058e-6,-2.4617383391744454e-7
-8.04840246098141e-6,-3.5836853745516584e-5,-8.938886445305081e-5,-0.0001664105709181195,-0.0002647573213710829,-0.00038241651777172166,-0.0005175057056299669,-0.0006682624806486427,-0.0008330392920225635,-0.0010102956264927553,-0.0011985921122373202,-0.0013965836783271417,-0.0016030138037061257,-0.0018167083470998272,-0.0020365702390008414,-0.0022615739245000904,-0.0024907605955630887,-0.0027232332276089736,-0.0029581523664319845,-0.003194731735526885,-0.003432234561482634,-0.0036699697276259945,-0.003907288616619488,-0.0041435817905662534,-0.004378276332926116,-0.004610833039274722,-0.0048407442418726245,-0.005067531493215036,-0.005290743851114552,-0.005509956027852831,-0.005724767101779771,-0.005934799090540733,-0.00613969604019849,-0.006339122965565756,-0.006532765253692204,-0.006720327901570047,-0.006901535160790681,-0.0070761299954609095,-0.0072438738908043795,-0.007404546453178543,-0.007557945307820072,-0.007703885768177744,-0.00784220075615575,-0.007972740478431025,-0.00809537231497229,-0.008209980453937926,-0.008316465709212795,-0.008414745081105087,-0.008504751479430448,-0.008586433192940716,-0.008659753509636185,-0.008724690092362498,-0.008781234501458523,-0.008829391486337738,-0.008869178426566503,-0.008900624558971693,-0.00892377036144406,-0.008938666741992307,-0.008945374394922085,-0.008943962982358418,-0.008934510495147206,-0.008917102458952707,-0.008891831332596072,-0.008858795770276996,-0.008818100088524444,-0.008769853613836849,-0.008714170246407606,-0.008651167918966658,-0.008580968281392636,-0.00850369629217213,-0.00841948004329513,-0.00832845050088154,-0.00823074148468937,-0.008126489569341786,-0.008015834227586357,-0.007898917898396326,-0.007775886297935773,-0.007646888655696304,-0.007512078192018718,-0.007371612518389937,-0.007225654275333036,-0.007074371687978697,-0.006917939353096847,-0.0067565389359846685,-0.006590360090237309,-0.006419601276722038,-0.006244470794237646,-0.006065187695697446,-0.005881982901917539,-0.005695100183934536,-0.005504797325607462,-0.005311347134049177,-0.005115038609311837,-0.0049161779369868205,-0.004715089614734303,-0.004512117371933067,-0.00430762519287093,-0.004101998097498448,-0.003895642989212928,-0.0036889892176299914,-0.003482489164200427,-0.0032766184913034678,-0.0030718763599124335,-0.0028687852472202608,-0.002667890664524725,-0.0024697603944730502,-0.002274983539684846,-0.0020841689845486322,-0.0018979435480613836,-0.001716949403897502,-0.0015418410221437213,-0.0013732811691927879,-0.001211936183157079,-0.0010584699977461071,-0.0009135370785330846,-0.0007777736372011816,-0.0006517872279255433,-0.0005361438931686265,-0.0004313529570023504,-0.0003378482070578189,-0.00025596585235526637,-0.00018591689322583195,-0.00012775575032239982,-8.133942849617841e-5,-4.6284787648865726e-5,-2.190695884393363e-5,-7.1674215751134975e-6,-5.7534819907294e-7
-8.214310057701739e-6,-3.679028367406813e-5,-9.18006296465947e-5,-0.0001708263769637787,-0.0002716167607951083,-0.00039206960656967073,-0.000530228467724405,-0.0006842706206742336,-0.0008525004362882592,-0.001033339924394502,-0.0012253214227763499,-0.0014270793790877555,-0.0016373433828386294,-0.001854930885695242,-0.002078740916201289,-0.0023077476583000405,-0.0025409949255411654,-0.0027775905360635463,-0.0030167015189460165,-0.003257549217048069,-0.003499405167981332,-0.003741586872457389,-0.003983454296596155,-0.00422440625914,-0.004463877515629586,-0.004701335731476101,-0.004936279117801418,-0.005168233961640196,-0.0053967527823918565,-0.005621412384330523,-0.005841812492770256,-0.0060575742807891814,-0.00626833942963906,-0.006473769066163092,-0.00667354317761604,-0.006867359883224432,-0.007054935123306199,-0.007236002180856886,-0.007410311560828662,-0.007577630676806774,-0.007737743839001512,-0.007890452026791646,-0.008035572912604788,-0.008172940652102969,-0.008302405884143207,-0.008423835484924947,-0.008537112499823725,-0.00864213582408595,-0.00873882003875291,-0.008827094996837126,-0.008906905551340983,-0.008978211040977539,-0.00904098491232858,-0.00909521411217029,-0.009140898617419624,-0.009178050751454397,-0.009206694644290627,-0.009226865497765246,-0.009238609004326074,-0.009241980590609074,-0.00923704482647298,-0.009223874678617173,-0.009202550942363108,-0.009173161536884222,-0.009135800991140584,-0.009090569810445117,-0.009037574045331134,-0.008976924756012439,-0.008908737689213074,-0.008833132862987994,-0.008750234372072343,-0.008660170110864082,-0.008563071722962263,-0.008459074475152628,-0.008348317361743131,-0.008230943137349166,-0.00810709858155185,-0.007976934693263115,-0.007840607116225615,-0.007698276492797749,-0.007550109045888517,-0.007396277085123681,-0.007236959735922414,-0.007072343586124722,-0.0069026235479701485,-0.006728003628266253,-0.006548697903915685,-0.006364931393454985,-0.0061769411213295055,-0.005984977062977953,-0.005789303267125704,-0.0055901988403581895,-0.005387959090101742,-0.005182896507615261,-0.004975341886825836,-0.00476564525660939,-0.004554176921918758,-0.0043413282867033305,-0.004127512753286339,-0.003913166365614295,-0.0036987484896948176,-0.00348474219186649,-0.0032716546057225716,-0.0030600169396309824,-0.0028503844111344556,-0.0026433357483676995,-0.0024394725366415895,-0.002239418033322811,-0.00204381571495429,-0.0018533271540168,-0.0016686294650532238,-0.0014904118768079451,-0.0013193716310377183,-0.001156208697590098,-0.0010016194480569208,-0.0008562886624552403,-0.0007208799412011516,-0.0005960236812798613,-0.000482302665164136,-0.00038023395914360894,-0.0002902474361629694,-0.0002126584373264886,-0.00014763634284927404,-9.516302327980237e-5,-5.498879297642135e-5,-2.6568077748859312e-5,-9.004066052394694e-6,-9.434114220840594e-7
-8.36457780361157e-6,-3.763351215096355e-5,-9.392066600788476e-5,-0.00017469085342676556,-0.0002775959442586862,-0.0004004526606767987,-0.000541238656765612,-0.0006980785053979903,-0.0008692355693405123,-0.001053100861815581,-0.0012481843030943702,-0.0014531051304994336,-0.001666583739547394,-0.0018874333360378633,-0.002114552725543782,-0.0023469190859888214,-0.002583581744093655,-0.0028236559481152985,-0.0030663175491791716,-0.003310797649994014,-0.003556378085377193,-0.0038023868425436378,-0.004048194253541112,-0.004293209113582861,-0.004536875525568176,-0.004778669668209163,-0.005018097251343989,-0.005254690896986145,-0.005488008168165626,-0.005717629522988326,-0.005943156871565184,-0.006164212050555262,-0.00638043584810755,-0.006591486930454777,-0.006797041259774866,-0.006996791390696172,-0.00719044619511924,-0.00737773043848868,-0.0075583847213133324,-0.007732165244152324,-0.007898843878346436,-0.008058208034580829,-0.00821006078427763,-0.008354220757998949,-0.008490522252420704,-0.008618815099871755,-0.008738964711913893,-0.00885085187810017,-0.008954372714131851,-0.009049438364781318,-0.009135974840908574,-0.009213922617143573,-0.009283236356607069,-0.009343884407475812,-0.009395848426383652,-0.009439122788862147,-0.009473714131739608,-0.009499640700468992,-0.009516931837325476,-0.009525627293845616,-0.009525776695408382,-0.009517438849642103,-0.009500681219358747,-0.009475579258198865,-0.009442215923251724,-0.009400681067804824,-0.00935107102276386,-0.009293488073580373,-0.00922804013618406,-0.009154840341383357,-0.009074006826830319,-0.00898566244777732,-0.008889934701928276,-0.008786955580673076,-0.008676861638797793,-0.00855979399543109,-0.008435898555654568,-0.008305326165522119,-0.008168232987745947,-0.008024780810359363,-0.007875137573887227,-0.007719477828527883,-0.0075579834055394335,-0.007390844013172716,-0.007218258040349254,-0.0070404332769174035,-0.006857587832973842,-0.006669950964229021,-0.006477764085417508,-0.006281281676524285,-0.006080772363510712,-0.00587651987572434,-0.005668824161474172,-0.005458002360945469,-0.005244389917773997,-0.00502834152496093,-0.0048102321862072105,-0.004590458084250502,-0.0043694375367873154,-0.004147611726645596,-0.003925445485721641,-0.0037034278132129016,-0.003482072405492544,-0.003261917870114406,-0.003043527897101311,-0.00282749104883476,-0.0026144204338928926,-0.002404952909754838,-0.0021997480657257244,-0.001999486605539351,-0.0018048683566260458,-0.0016166094845417199,-0.001435439098981353,-0.00126209476058138,-0.0010973170129665896,-0.0009418423274805719,-0.0007963945052828702,-0.0006616736936734775,-0.0005383430180434163,-0.000427011491335972,-0.00032821343687042736,-0.0002423818343694086,-0.00016981724952973678,-0.00011064605929354338,-6.477552377594331e-5,-3.1827256119363706e-5,-1.1078723587326234e-5,-1.3518951293432187e-6
-8.497591306566091e-6,-3.8355512289082745e-5,-9.572033040218381e-5,-0.0001779508813096135,-0.00028261163740905094,-0.00040744776979142295,-0.000550380050487142,-0.0007094887311695439,-0.0008830038475411687,-0.0010692923602488098,-0.001266847975841992,-0.001474280207776613,-0.0016903050719487343,-0.0019137357318493576,-0.0021434744336944218,-0.002378504548625714,-0.002617883726642859,-0.002860737138903916,-0.0031062516996392775,-0.00335367031869535,-0.0036022870311648177,-0.0038514421107899155,-0.00410051798547764,-0.004348935112217174,-0.00459614860076856,-0.00484164478979063,-0.005084938529685912,-0.005325570418307125,-0.005563104702728412,-0.005797127132485065,-0.00602724343288365,-0.006253077721068749,-0.006474271488131293,-0.006690482506313839,-0.006901384240958663,-0.007106665162317743,-0.00730602849654962,-0.007499191846841817,-0.0076858871878406594,-0.00786586069958964,-0.008038872912446529,-0.008204698663317276,-0.008363127307240632,-0.008513962717068946,-0.008657023491706323,-0.008792142935798922,-0.008919169211112677,-0.009037965249980658,-0.00914840881366619,-0.009250392310592135,-0.009343822742251312,-0.009428621413308871,-0.009504723760616202,-0.00957207895623648,-0.009630649627696742,-0.00968041136632227,-0.009721352356675208,-0.009753472811091657,-0.009776784533242123,-0.009791310305480206,-0.00979708341575208,-0.009794147027511009,-0.009782553701088015,-0.009762364776824007,-0.009733649921856007,-0.009696486556172636,-0.009650959453975368,-0.009597160239976662,-0.009535187071475982,-0.009465144228787123,-0.009387141900296991,-0.00930129588678768,-0.009207727507344264,-0.009106563432824198,-0.008997935725818435,-0.008881981813835982,-0.008758844671790549,-0.008628672940783377,-0.008491621256910808,-0.008347850516933453,-0.008197528352646062,-0.008040829540255768,-0.007877936615134926,-0.007709040417390584,-0.0075343408375047475,-0.0073540474863112194,-0.007168380557766748,-0.0069775716072910795,-0.006781864513615506,-0.00658151634510394,-0.006376798398194373,-0.006167997126785858,-0.005955415230094198,-0.005739372615299955,-0.005520207502490638,-0.005298277385286752,-0.005073960114621802,-0.0048476548155821355,-0.004619782904553051,-0.004390788912322694,-0.004161141379649504,-0.0039313335255280165,-0.0037018839528780044,-0.0034733370846078034,-0.003246263591010962,-0.0030212604911004273,-0.0027989511815474633,-0.0025799850602823593,-0.0023650369849046757,-0.0021548062083769255,-0.0019500150083235715,-0.001751406611786175,-0.0015597425907198533,-0.0013757992605525364,-0.0012003631923305355,-0.0010342252442627434,-0.0008781731355747934,-0.0007329817255941397,-0.0005994009566435484,-0.0004781401007157537,-0.0003698484605280432,-0.000275089856758257,-0.00019431240881507793,-0.00012780712741435057,-7.566265293729829e-5,-3.7697243797003034e-5,-1.3397526481056436e-5,-1.8019300648132618e-6
-8.611733516555133e-6,-3.894523334702215e-5,-9.71709257275653e-5,-0.0001805532734601643,-0.0002865805670938195,-0.00041293708102883695,-0.000557496662209154,-0.0007183043930785866,-0.0008935652655183722,-0.0010816295756464998,-0.0012809813220514936,-0.0014902259616006877,-0.0017080800265675963,-0.0019333608464923845,-0.0021649777209297627,-0.002401923325466996,-0.0026432663342177303,-0.0028881442160135196,-0.003135757072229783,-0.003385361558297986,-0.003636265716766779,-0.0038878238280490984,-0.00413943208378982,-0.0043905242446444686,-0.004640568062117037,-0.004889061675431014,-0.0051355307295699384,-0.005379525468952438,-0.005620618512177389,-0.005858402601593787,-0.006092488988196938,-0.006322505782528193,-0.006548096886230899,-0.0067689208709291425,-0.006984650374940578,-0.0071949714203132465,-0.007399583179994755,-0.007598197633393487,-0.007790539603734789,-0.007976346650830964,-0.00815536928077722,-0.008327370980536148,-0.008492128511335045,-0.008649432001522373,-0.008799085249084513,-0.008940905804917684,-0.009074725226687048,-0.009200389102154503,-0.009317757214265534,-0.009426703471759335,-0.009527115962399172,-0.009618896774470677,-0.009701961930389205,-0.009776241096994402,-0.009841677404705193,-0.009898227056229376,-0.00994585904665611,-0.009984554689129163,-0.010014307258695366,-0.010035121459664502,-0.010047013020797396,-0.010050008132701767,-0.01004414302430783,-0.01002946340003101,-0.010006024027799217,-0.009973888205226074,-0.009933127388106176,-0.009883820712878915,-0.009826054691892131,-0.009759922816384747,-0.009685525341297258,-0.009602968989209254,-0.009512366843381791,-0.009413838168853845,-0.009307508428004289,-0.009193509230576024,-0.009071978481553231,-0.00894306046743249,-0.008806906141765887,-0.00866367335064937,-0.008513527256984347,-0.008356640703964968,-0.008193194775003743,-0.008023379290004306,-0.007847393493976519,-0.007665446677068483,-0.00747775898114898,-0.007284562130907469,-0.007086100344060178,-0.0068826311572522175,-0.006674426421984074,-0.006461773205492885,-0.006244974850892076,-0.006024351929537765,-0.005800243340064652,-0.005573007284732413,-0.005343022377727534,-0.005110688613247149,-0.004876428448083471,-0.004640687723013391,-0.004403936677345415,-0.004166670776315004,-0.0039294116043219925,-0.0036927075372871847,-0.003457134443903904,-0.0032232961196916004,-0.002991824696969519,-0.002763380720211089,-0.0025386531172730607,-0.00231835873281772,-0.002103241631465999,-0.0018940717976941993,-0.0016916434002645444,-0.001496772179733248,-0.0013102920602544635,-0.0011330504172162288,-0.0009659020081313262,-0.0008097007463419021,-0.0006652892399130456,-0.0005334847311283163,-0.00041506149848934354,-0.0003107270082342282,-0.00022109312134419677,-0.00014663577111673516,-8.765004514002883e-5,-4.4181602264435686e-5,-1.5963218828300355e-5,-2.2941512700999504e-6
-8.70538172270039e-6,-3.93916089249212e-5,-9.824374450964844e-5,-0.00018244487772909625,-0.00028941961432427186,-0.0004168031170746904,-0.0005624332223930575,-0.000724329767076156,-0.0009006815706728729,-0.0010898300705504563,-0.001290256328944276,-0.0015005675519530904,-0.0017194857220197456,-0.0019458365055000566,-0.0021785397785271257,-0.0024166005109701413,-0.002659100965030615,-0.0029051931422637927,-0.0031540923214553283,-0.003405070720415274,-0.0036574520906821916,-0.003910606351733937,-0.004163945057722531,-0.00441691686441549,-0.004669003767722437,-0.004919717333371476,-0.005168595657139202,-0.005415200319216452,-0.005659114031513536,-0.005899938280369802,-0.006137291618041989,-0.00637080794163664,-0.006600135366357195,-0.006824935067094388,-0.0070448806505479045,-0.007259657467331226,-0.007468962385161029,-0.007672503468190361,-0.007870000046948449,-0.008061182659331048,-0.008245793315052489,-0.008423585598503692,-0.008594325034711916,-0.008757789266250388,-0.008913768441941623,-0.009062065395905672,-0.00920249599727555,-0.009334889277193994,-0.009459087695698965,-0.009574947180281125,-0.009682337283338588,-0.00978114111250525,-0.009871255367623583,-0.009952590157593382,-0.01002506891901617,-0.010088628126315731,-0.010143217104742825,-0.010188797649800348,-0.010225343755099538,-0.010252841163695826,-0.010271287036481053,-0.01028068946210084,-0.010281067094385525,-0.010272448649363136,-0.010254872541008117,-0.010228386393835803,-0.010193046705349238,-0.010148918401174127,-0.010096074550386967,-0.010034595987496592,-0.009964571103699724,-0.009886095556581362,-0.00979927215658685,-0.009704210681402951,-0.009601027872839413,-0.00948984736870869,-0.009370799821099287,-0.009244022954395517,-0.00910966181175998,-0.008967868943872099,-0.00881880478643864,-0.00866263798036703,-0.008499545879371894,-0.008329714998699464,-0.008153341648421568,-0.00797063250451832,-0.007781805360276727,-0.0075870898105230185,-0.007386728110656091,-0.007180975962081132,-0.00697010346579216,-0.006754395994557677,-0.0065341552255432905,-0.006309700082441617,-0.0060813678292673925,-0.005849515063210482,-0.005614518849168563,-0.005376777741255545,-0.005136712934321706,-0.004894769288067566,-0.004651416466833888,-0.004407149933897609,-0.004162492042511241,-0.003917992957092693,-0.0036742316441955784,-0.003431816658372089,-0.0031913869567204056,-0.002953612454206602,-0.0027191945420942383,-0.0024888662601303393,-0.002263392323381487,-0.002043568657986867,-0.0018302216090892434,-0.001624206408807067,-0.0014264050027935516,-0.0012377227000209827,-0.001059083644307489,-0.0008914243189100788,-0.0007356849785425569,-0.0005927976635233742,-0.00046367076719844535,-0.00034916744170821146,-0.00025007889842462423,-0.00016708602776530223,-0.00010071564678452382,-5.127248982989506e-5,-1.87742840749771e-5,-2.8285506110256405e-6
-8.776917511257468e-6,-3.9683575641105935e-5,-9.891009820581539e-5,-0.0001835726414557015,-0.00029104595213466167,-0.0004189290315662608,-0.0005650355961637973,-0.0007273709326049637,-0.0009041171279348467,-0.001093614948122566,-0.0012943495107821832,-0.0015049356642464712,-0.0017241057610405436,-0.0019506978896187412,-0.002183645895029444,-0.002421969876247429,-0.0026647680845431477,-0.002911209130547848,-0.0031605253141935396,-0.0034120061024037716,-0.003664992545988485,-0.003918871744134109,-0.004173072139466246,-0.004427058819420653,-0.004680329588866671,-0.004932411043560372,-0.00518285537863587,-0.005431237205721275,-0.00567715107202915,-0.00592020899290964,-0.006160038645022964,-0.006396281566741521,-0.006628591965675244,-0.006856635514384925,-0.007080088688931398,-0.007298638066190284,-0.0075119800931415254,-0.007719820779405283,-0.007921875789401005,-0.008117870420749369,-0.008307539913130248,-0.008490629608818516,-0.008666895381303661,-0.008836103886302083,-0.00899803302759893,-0.009152472222958888,-0.009299222841865204,-0.009438098428640738,-0.00956892506480082,-0.009691541509632329,-0.009805799457250082,-0.009911563571599422,-0.010008711623987724,-0.010097134414165184,-0.01017673578747112,-0.01024743244584675,-0.010309153854506713,-0.010361841956277328,-0.01040545098580628,-0.01043994710752897,-0.010465308160986835,-0.010481523247177837,-0.010488592431784802,-0.010486526306939399,-0.010475345680376903,-0.01045508114005752,-0.010425772756807752,-0.010387469678153963,-0.010340229870242188,-0.010284119764999817,-0.010219214064387076,-0.010145595461952395,-0.010063354529080023,-0.009972589528441897,-0.009873406398145145,-0.009765918670768191,-0.009650247567414966,-0.009526522032159274,-0.009394878944166457,-0.0092554632736316,-0.009108428416474466,-0.008953936474359462,-0.00879215871311105,-0.00862327596624687,-0.008447479215276704,-0.008264970113412793,-0.008075961683362436,-0.007880678955569818,-0.007679359777014861,-0.0074722555564950355,-0.0072596321763374275,-0.007041770835860228,-0.006818969056746309,-0.006591541614876261,-0.006359821629315348,-0.006124161572017324,-0.005884934429693569,-0.0056425347800946185,-0.005397380014956056,-0.005149911470002103,-0.00490059569476534,-0.004649925619839292,-0.004398421854071854,-0.004146633864939493,-0.003895141272669784,-0.0036445550043452363,-0.003395518533715985,-0.003148708941442541,-0.0029048380113221154,-0.002664653078035571,-0.0024289378229925018,-0.0021985127009540775,-0.001974235158729057,-0.0017569992680005557,-0.001547734874251931,-0.0013474057653654824,-0.0011570068603015346,-0.0009775596792994219,-0.0008101059700338342,-0.0006556981969412127,-0.0005153867728349063,-0.00039020137776359586,-0.0002811271180933985,-0.00018906909521954215,-0.00011481081539506311,-5.894818386728127e-5,-2.1824048101062253e-5,-3.404377314266467e-6
-8.824704427437284e-6,-3.9810022169020844e-5,-9.91412607376717e-5,-0.00018388357144123144,-0.0002913770592306179,-0.0004191987303293492,-0.0005651510698577333,-0.0007272362760045708,-0.0009036396828956169,-0.001092709904473993,-0.0012929432652394777,-0.0015029681727677527,-0.0017215321950545847,-0.001947489789002845,-0.0021797919859429566,-0.0024174766608898233,-0.002659660269799549,-0.002905529935879763,-0.0031543366701404928,-0.003405388743053232,-0.0036580459840273747,-0.003911714121860627,-0.00416583994130985,-0.004419906442018543,-0.0046734287606753615,-0.004925950097682765,-0.005177038378936294,-0.005426282937137017,-0.005673291901694964,-0.005917689618011418,-0.006159114737919866,-0.0063972183356588285,-0.006631662643045502,-0.006862119791553939,-0.007088271109130799,-0.007309806393603154,-0.007526423668786785,-0.007737828880140534,-0.007943735999116337,-0.008143867028305845,-0.008337952344318337,-0.008525730905165264,-0.00870695073122006,-0.008881369219776204,-0.0090487536782076,-0.009208881666884994,-0.009361541516023766,-0.009506532636156669,-0.009643665968298553,-0.009772764219174829,-0.009893662211752544,-0.0100062070191823,-0.010110258198464558,-0.010205687811796099,-0.010292380539586019,-0.010370233590193878,-0.010439156699416146,-0.010499071939315584,-0.010549913619617634,-0.010591628013496838,-0.01062417318217175,-0.01064751864029998,-0.010661645128650974,-0.010666544244415413,-0.010662218188459697,-0.010648679386686982,-0.010625950238345993,-0.010594062753918537,-0.01055305832961289,-0.010502987425435565,-0.010443909388666387,-0.010375892193123555,-0.010299012331413466,-0.010213354633206788,-0.010119012242663239,-0.010016086530069501,-0.009904687167289223,-0.00978493214360009,-0.009656947948521219,-0.009520869699306869,-0.00937684143722263,-0.009225016371058678,-0.009065557290002597,-0.008898636924846907,-0.008724438478149913,-0.008543156102639289,-0.008354995547453926,-0.008160174751678684,-0.007958924604207537,-0.007751489649445336,-0.007538128957792394,-0.007319116940381198,-0.007094744327366966,-0.006865319089119753,-0.006631167520379584,-0.006392635266474479,-0.006150088512744122,-0.00590391511580124,-0.005654525898996471,-0.005402355889792389,-0.0051478657224857,-0.004891542982267212,-0.004633903714424819,-0.004375493871445253,-0.004116890920765354,-0.0038587053803131608,-0.0036015825006621652,-0.0033462038511139105,-0.0030932890200641243,-0.0028435971704851726,-0.0025979286443286414,-0.0023571263275755008,-0.0021220769392153336,-0.0018937119044869894,-0.001673007920427171,-0.0014609867658791085,-0.0012587143722847954,-0.001067298481708066,-0.0008878847602658805,-0.000721650170833163,-0.0005697933922340897,-0.00043351977587785333,-0.000314021219652057,-0.00021244485736096624,-0.00012985483244059456,-6.717005127449864e-5,-2.509941233356809e-5,-4.01988579039356e-6
-8.847115900689357e-6,-3.975980572268386e-5,-9.890843359839277e-5,-0.0001833246813664747,-0.0002903307095289273,-0.0004174969687473795,-0.0005626286238450361,-0.0007237369958817566,-0.0008990211413864118,-0.001086846308871287,-0.0012857272631928722,-0.0014943118341435746,-0.0017113675050594874,-0.0019357688505581229,-0.002166487086555092,-0.0024025802925590695,-0.002643185142725798,-0.002887508997449726,-0.0031348231156725285,-0.0033844559988913656,-0.0036357876311691453,-0.0038882437375391474,-0.004141290831731113,-0.0043944312526809455,-0.004647198949056768,-0.0048991552666299626,-0.005149885467207969,-0.005398995275187976,-0.005646108137462106,-0.005890862526894857,-0.006132909926557607,-0.0063719128565677035,-0.006607543531591773,-0.006839482542860816,-0.007067418106396832,-0.007291045304609026,-0.007510065821011637,-0.007724187629812134,-0.007933125103127811,-0.008136599032707468,-0.008334336996725375,-0.00852607360324148,-0.008711551013033456,-0.008890519306773469,-0.009062737075130904,-0.009227971828077448,-0.00938600058101313,-0.009536610242730028,-0.009679598144513166,-0.009814772361299453,-0.009941952148109157,-0.010060968165649173,-0.010171662804099337,-0.010273890299094136,-0.010367516936310007,-0.010452421056056352,-0.010528493143048634,-0.010595635727631711,-0.01065376337356994,-0.010702802491258235,-0.010742691242426999,-0.010773379285737385,-0.010794827621190798,-0.010807008291490719,-0.010809904190923935,-0.010803508747087172,-0.010787825719377147,-0.010762868885421818,-0.010728661853383994,-0.010685237776037023,-0.010632639199165614,-0.010570917823976067,-0.010500134411272748,-0.010420358610093104,-0.010331668934323019,-0.010234152672353823,-0.010127905949620876,-0.010013033730939596,-0.009889649979327208,-0.009757877759678355,-0.009617849501357127,-0.009469707209204002,-0.009313602834917832,-0.009149698599207286,-0.008978167475077624,-0.008799193623380134,-0.00861297298991821,-0.008419713855855791,-0.008219637550179449,-0.008012979116520524,-0.007799988143081577,-0.007580929548514776,-0.00735608453301908,-0.007125751488051,-0.006890247074936651,-0.006649907266307818,-0.006405088562108453,-0.006156169174504681,-0.0059035503951542275,-0.005647657939287971,-0.005388943481752363,-0.005127886178850716,-0.004864994392245439,-0.004600807406915135,-0.004335897359278632,-0.004070871163149058,-0.0038063726468938776,-0.0035430846817623824,-0.0032817315078637658,-0.0030230810236748494,-0.0027679472316684325,-0.002517192582257826,-0.0022717303841779182,-0.0020325269801197286,-0.0018006038067783813,-0.0015770389540463287,-0.001362968260327784,-0.0011595853535059817,-0.000968140526616486,-0.0007899373935684713,-0.000626327025909855,-0.0004786973175499544,-0.0003484575117633088,-0.0002370123806036942,-0.0001457287860470551,-7.587932126088665e-5,-2.8579778431756424e-5,-4.672291129929066e-6
-8.842461546656438e-6,-3.952157425151306e-5,-9.818251028118652e-5,-0.00018184272750642659,-0.00028782473771809234,-0.0004137092263241097,-0.000557319002287269,-0.0007166874438742521,-0.0008900382275275056,-0.0010757621979170444,-0.001272399775747258,-0.001478623926462234,-0.001693226520760747,-0.0019151057397070615,-0.00214325572230333,-0.0023767569396472513,-0.0026147680870973315,-0.0028565183125905855,-0.0031013005194207846,-0.003348464756394677,-0.003597412451375889,-0.0038475906239508013,-0.004098486848428675,-0.004349624183527156,-0.004600556829016223,-0.004850865779332121,-0.005100155202481505,-0.005348048852717114,-0.005594187200291301,-0.005838224617807267,-0.006079827256295049,-0.006318670979971361,-0.006554439942652331,-0.006786825205183338,-0.007015523930039046,-0.00724023858490007,-0.007460676649290752,-0.007676550290234547,-0.007887576464098807,-0.008093476945568384,-0.008293978708858637,-0.008488814196836803,-0.00867772187538106,-0.008860446642135152,-0.00903674046284658,-0.009206362835901948,-0.009369081437166304,-0.00952467257465853,-0.009672921786642608,-0.009813624238770271,-0.009946585237497188,-0.010071620538608347,-0.010188556753569162,-0.010297231552894885,-0.010397493956341758,-0.01048920442677751,-0.010572235045995164,-0.010646469504509629,-0.010711803173251903,-0.010768143002126222,-0.010815407504039688,-0.010853526580272777,-0.010882441437415976,-0.010902104360860912,-0.010912478587497922,-0.010913538050181075,-0.010905267229768792,-0.010887660893537626,-0.010860723949604117,-0.010824471201256902,-0.010778927225279669,-0.010724126162322106,-0.010660111638435839,-0.010586936609200117,-0.010504663341153778,-0.010413363324688488,-0.010313117329269173,-0.010204015397347069,-0.010086156984532007,-0.009959651044189773,-0.009824616261272451,-0.009681181235042042,-0.009529484813278876,-0.00936967637891285,-0.009201916289996425,-0.009026376275103259,-0.008843239983959214,-0.008652703496471436,-0.008454975989434888,-0.008250280365164122,-0.008038854041409213,-0.00782094970794723,-0.007596836249905714,-0.007366799644448362,-0.007131144032193903,-0.0068901927713362985,-0.006644289677700329,-0.006393800260057518,-0.006139113156230033,-0.0058806415805133325,-0.00561882499031572,-0.005354130783203935,-0.005087056234340618,-0.004818130485026095,-0.004547916793034687,-0.0042770148528897415,-0.004006063395586271,-0.0037357428698654668,-0.003466778408873105,-0.003199942873416849,-0.0029360601651474685,-0.0026760085822109684,-0.002420724390252907,-0.0021712053480380284,-0.0019285143264363715,-0.0016937827015473395,-0.00146821357987824,-0.0012530843867151601,-0.0010497487443908065,-0.0008596367714922052,-0.000684253447947594,-0.0005251731793321814,-0.0003840299887374567,-0.00026249873837359323,-0.0001622681104731476,-8.499275664406441e-5,-3.223502951528588e-5,-5.357258162123949e-6
-8.809082422609446e-6,-3.9083859194572373e-5,-9.693404208212616e-5,-0.00017938410087309613,-0.00028377697384377316,-0.00040772179810646703,-0.0005490750433098233,-0.0007059057546295909,-0.0008764734489536613,-0.0010592035772767224,-0.0012526692861647626,-0.0014555741268993728,-0.0016667385136691518,-0.0018850873981018184,-0.0021096402845889586,-0.00233950197237591,-0.002573854777892031,-0.0028119510309189614,-0.003053106561380017,-0.003296694199565444,-0.0035421380464373754,-0.003788907668876126,-0.004036512995496788,-0.004284499149801716,-0.004532441984960048,-0.004779943607335165,-0.005026628617763737,-0.005272140391726213,-0.005516138080009726,-0.005758293678511772,-0.005998289796513262,-0.006235817498877253,-0.006470574800445857,-0.006702265216856789,-0.006930596902852549,-0.007155281813806352,-0.007376035379557025,-0.007592576159976226,-0.00780462593466551,-0.008011909731045487,-0.008214156211406424,-0.008411097957929296,-0.008602472048619799,-0.008788020496744733,-0.008967490922605138,-0.009140637061824983,-0.00930721945781289,-0.009467005971644711,-0.009619772438303085,-0.00976530312878669,-0.00990339133039554,-0.010033839728098091,-0.010156460884452144,-0.01027107752157263,-0.010377522889357596,-0.010475640941390262,-0.010565286590851779,-0.010646325783335775,-0.010718635648232774,-0.010782104478825808,-0.010836631793166292,-0.010882128237128719,-0.010918515573062318,-0.010945726524930102,-0.010963704715542194,-0.010972404474729287,-0.010971790746999596,-0.01096183888415273,-0.010942534545018999,-0.010913873493283703,-0.01087586150982492,-0.010828514215059756,-0.010771857012581905,-0.01070592495332145,-0.010630762726943216,-0.010546424582801786,-0.010452974383160016,-0.010350485593553276,-0.010239041409557786,-0.010118734827003907,-0.009989668851995289,-0.009851956659640553,-0.009705721895523916,-0.009551098930487284,-0.009388233260998205,-0.009217281867232415,-0.009038413720001222,-0.008851810250189988,-0.00865766597133491,-0.00845618907060685,-0.008247602159000606,-0.008032142997751556,-0.00781006539266325,-0.007581640075313944,-0.007347155764455628,-0.007106920228742301,-0.006861261546424843,-0.006610529385520185,-0.006355096503002771,-0.006095360288886209,-0.005831744556971208,-0.00556470141024235,-0.005294713385716648,-0.005022295707698031,-0.0047479988563875735,-0.0044724112802772215,-0.004196162459017024,-0.003919926140825031,-0.0036444239580148354,-0.0033704292370838663,-0.0030987711976768707,-0.0028303393423822314,-0.0025660882170548548,-0.002307042324678707,-0.002054301348988821,-0.001809045431329173,-0.0015725405995386146,-0.0013461440316318437,-0.0011313091021847342,-0.0009295896189043187,-0.0007426428769910167,-0.0005722301960459521,-0.00042021381912833787,-0.0002885468721315029,-0.0001792546765299185,-9.439862606822898e-5,-3.6024560642377974e-5,-6.069162558333702e-6
-8.745115012068972e-6,-3.843457033473516e-5,-9.513265784966829e-5,-0.00017589421886456529,-0.0002781046757179327,-0.00039942141076041663,-0.0005377516163044068,-0.0006912141840906218,-0.0008581158658727234,-0.0010369256024816073,-0.001226256025388505,-0.001424846319246221,-0.0016315491872965799,-0.0018453191399092378,-0.0020652031699505452,-0.002290332097412854,-0.002519913287263482,-0.002753223530102506,-0.002989602794017771,-0.003228447886207082,-0.003469206789872303,-0.0037113728587046396,-0.003954479654799134,-0.004198095690462805,-0.0044418198439782515,-0.004685276755039432,-0.0049281129309351355,-0.0051699928971786005,-0.005410596072428696,-0.0056496137250256805,-0.005886746636890855,-0.0061217028559554555,-0.006354196110833703,-0.0065839442960740025,-0.006810668554394059,-0.007034092394802542,-0.007253941331272049,-0.007469942514165239,-0.007681824802789623,-0.007889318785969032,-0.008092157167550396,-0.008290075058489249,-0.008482810565051447,-0.008670105248427032,-0.008851704821279973,-0.009027359688220613,-0.009196825674492187,-0.009359864579043226,-0.009516244877366041,-0.009665742236685778,-0.009808140151959698,-0.00994323038883145,-0.010070813526825387,-0.010190699309709521,-0.010302707082685398,-0.010406666041490702,-0.010502415560830956,-0.010589805342971164,-0.01066869564288746,-0.010738957324365772,-0.010800471993529846,-0.010853131975779468,-0.010896840373674627,-0.01093151098160683,-0.010957068286713584,-0.010973447340208784,-0.010980593721290826,-0.01097846338480626,-0.010967022608239192,-0.010946247835080393,-0.010916125624200449,-0.010876652507197427,-0.010827834958010294,-0.010769689280876469,-0.010702241616181399,-0.010625527873727331,-0.010539593788797562,-0.010444494913462825,-0.010340296734903677,-0.010227074735713264,-0.010104914584919977,-0.009973912276923893,-0.0098341744046376,-0.009685818386072768,-0.009528972828828619,-0.009363777853690528,-0.00919038556060782,-0.009008960460254492,-0.0088196800539562,-0.008622735387302564,-0.008418331760499987,-0.008206689423134041,-0.007988044437478506,-0.007762649540683185,-0.007530775191928823,-0.0072927106379136845,-0.007048765185584098,-0.0067992695188818005,-0.0065445772520118795,-0.006285066559668275,-0.00602114208093758,-0.005753236940854528,-0.0054818150904994475,-0.005207373812627464,-0.004930446597432713,-0.004651606236391544,-0.0043714683400187795,-0.00409069512654583,-0.0038099996860733397,-0.0035301505602373805,-0.003251976834842898,-0.002976373578396292,-0.002704307813420942,-0.0024368248425473706,-0.0021750550969599947,-0.0019202213260557121,-0.0016736462784006864,-0.0014367606918521839,-0.0012111115821869616,-0.0009983706432052904,-0.0008003423313371875,-0.0006189710574317153,-0.0004563457940175645,-0.00031470057153651766,-0.00019640627398522016,-0.00010395003389469228,-3.989342051153654e-5,-6.799739753166652e-6
-8.648857590246639e-6,-3.756150860562726e-5,-9.27473329534573e-5,-0.00017131773640724233,-0.00027072492764495073,-0.0003886959524052466,-0.0005232067746253073,-0.0006724407096016534,-0.0008347630991100186,-0.0010086949109021776,-0.0011928945209001367,-0.00138614124768638,-0.0015873233181623659,-0.001795427179445681,-0.0020095291294651707,-0.0022287874920992137,-0.0024524359900560074,-0.0026797771056415215,-0.0029101761528941604,-0.0031430551315924735,-0.003377887145663167,-0.003614190601655481,-0.0038515239883430527,-0.0040894805263875875,-0.00432768346596256,-0.0045657813563045576,-0.004803444020529889,-0.0050403585821316085,-0.005276226221063427,-0.0055107590242596104,-0.0057436775525708,-0.005974708510222568,-0.006203583085978399,-0.006430035377576834,-0.006653801421487911,-0.006874618269343903,-0.00709222359183368,-0.007306355284344965,-0.0075167515194432735,-0.007723150755050189,-0.007925292112460156,-0.008122915667809672,-0.008315763044103976,-0.008503577881118062,-0.008686106546418548,-0.008863098696587189,-0.009034308030632232,-0.009199492873942132,-0.009358416915684375,-0.009510849764516863,-0.009656567628316215,-0.009795353806476854,-0.009926999284966079,-0.010051303143630431,-0.01016807305192717,-0.010277125580949158,-0.01037828659527149,-0.010471391468486963,-0.010556285374564453,-0.010632823412744127,-0.010700870807830134,-0.010760302955512108,-0.01081100554531404,-0.010852874541008235,-0.010885816242723653,-0.010909747219293001,-0.010924594327506781,-0.010930294614207347,-0.010926795311064611,-0.010914053724221563,-0.010892037222493637,-0.010860723131600528,-0.010820098732588932,-0.01077016117639774,-0.0107109175077993,-0.01064238461447939,-0.01056458929014317,-0.010477568230691252,-0.010381368148587134,-0.010276045827332384,-0.010161668297999282,-0.010038312962318614,-0.009906067841711599,-0.009765031779179815,-0.009615314771516866,-0.009457038261127378,-0.009290335563678837,-0.009115352263309062,-0.008932246751137459,-0.008741190741422572,-0.008542369941474988,-0.008335984712597855,-0.00812225089944763,-0.007901400668449339,-0.007673683534947872,-0.007439367423630352,-0.0071987399452358766,-0.0069521097385689306,-0.0066998080652149496,-0.006442190510998643,-0.006179638986779761,-0.005912563887842178,-0.00564140661026124,-0.005366642288536153,-0.005088782957847184,-0.0048083810086926105,-0.004526033141610773,-0.004242384690914047,-0.00395813452365436,-0.0036740403799098023,-0.00339092485896534,-0.0031096819116230223,-0.002831284029297916,-0.002556789990874271,-0.0022873533503174432,-0.0020242315594530573,-0.001768795889898925,-0.0015225421192364783,-0.0012871020871980153,-0.0010642563477775415,-0.0008559473932181446,-0.0006642940247368766,-0.0004916045311053675,-0.000340389614974676,-0.00021336700098615179,-0.00011346067298394686,-4.377270852502942e-5,-7.539544864820439e-6
-8.518044322107728e-6,-3.645096993140386e-5,-8.97449871680524e-5,-0.0001655972411799571,-0.00026155356861560917,-0.00037543382674926074,-0.000505301715912773,-0.0006494196914780432,-0.000806222652574284,-0.0009742914632275996,-0.0011523357534093312,-0.0013391787930375906,-0.0015337469869196535,-0.0017350606713051398,-0.0019422270129998789,-0.0021544332029822546,-0.0023709406067001495,-0.0025910786745831508,-0.002814239361688196,-0.003039871176864784,-0.0032674736757343065,-0.0034965916555658436,-0.003726809869842783,-0.003957747580569077,-0.004189053736747065,-0.004420402122086957,-0.004651487206034721,-0.004882020055771855,-0.005111724984969622,-0.005340336310700822,-0.005567595836004853,-0.005793250448056478,-0.0060170503965671475,-0.006238747666398288,-0.006458094962260838,-0.00667484474859804,-0.006888748822085424,-0.007099557892489436,-0.007307021614402602,-0.007510888580090449,-0.007710906685675086,-0.007906823415632777,-0.008098386431237474,-0.008285344041654472,-0.008467445919670297,-0.008644443672562386,-0.008816091608847809,-0.008982147340727765,-0.00914237254373362,-0.009296533539962144,-0.009444402008931438,-0.009585755516228254,-0.009720378148089901,-0.009848060963176206,-0.00996860253525625,-0.010081809316612221,-0.010187496082834452,-0.010285486205027145,-0.010375611998300477,-0.010457714906686365,-0.010531645762700215,-0.010597264893910798,-0.010654442305130518,-0.010703057719129992,-0.010743000695811517,-0.010774170621806817,-0.010796476782592074,-0.01080983831684649,-0.010814184258066446,-0.010809453469792236,-0.010795594673074569,-0.010772566378198324,-0.010740336913554683,-0.01069888436852331,-0.010648196638131258,-0.010588271390523298,-0.01051911614048321,-0.010440748253670362,-0.010353195060885268,-0.010256493910242909,-0.01015069233324556,-0.010035848155571118,-0.009912029725874268,-0.009779316096190946,-0.009637797325226185,-0.00948757474086014,-0.00932876133186204,-0.009161482107999249,-0.008985874598048378,-0.008802089327992974,-0.00861029044934941,-0.008410656363388181,-0.008203380512659784,-0.007988672189636234,-0.00776675753648503,-0.007537880590540182,-0.007302304553348082,-0.00706031314343963,-0.006812212215890596,-0.006558331515197704,-0.006299026750938411,-0.006034681869914519,-0.005765711721554298,-0.005492564997273954,-0.005215727648006903,-0.0049357266676799474,-0.004653134452768954,-0.00436857362834837,-0.004082722554168716,-0.003796321404741182,-0.003510179031846148,-0.0032251804957988957,-0.0029422954689928226,-0.0026625874128408332,-0.0023872237128270664,-0.0021174867187750794,-0.0018547858553281857,-0.0016006709739191498,-0.0013568471005928758,-0.001125191170656845,-0.0009077703295784119,-0.0007068637919125814,-0.0005249850580054458,-0.000364908943585095,-0.00022969122800838381,-0.0001226928972716285,-4.757083834050378e-5,-8.274122091747732e-6
-8.351029341474429e-6,-3.5089757260258144e-5,-8.609232414340594e-5,-0.00015867524011297895,-0.000250507838080546,-0.0003595275126891607,-0.00048390516485689243,-0.0006219968517391817,-0.000772317225726636,-0.0009335139410916497,-0.0011043523788608527,-0.0012837027527558365,-0.0014705317313155719,-0.0016638951322637571,-0.001862932397548946,-0.0020668609655029287,-0.0022749712560693218,-0.002486621143242529,-0.0027012307133020006,-0.002918276489597008,-0.0031372859735109677,-0.003357831811724986,-0.0035795264323432345,-0.0038020164957442855,-0.004024977955443946,-0.004248111091113997,-0.004471136248779271,-0.004693789654804993,-0.004915819975469571,-0.005136984998912908,-0.005357049051999266,-0.005575780544661407,-0.005792950201471093,-0.006008329396056319,-0.0062216891022785405,-0.00643279890636766,-0.006641426554565364,-0.006847337512953433,-0.007050294980113489,-0.007250059863722893,-0.007446391132233393,-0.007639046087456859,-0.00782778094314576,-0.008012351289099759,-0.00819251280251501,-0.008368021817889213,-0.008538636096000052,-0.008704115432574192,-0.008864222427796319,-0.00901872308385946,-0.00916738753396167,-0.009309990593782172,-0.009446312422590588,-0.009576139006204057,-0.009699262734114322,-0.009815482801690806,-0.009924605696302494,-0.01002644551467559,-0.01012082435811172,-0.010207572567244312,-0.0102865290319017,-0.010357541350269957,-0.010420466062942323,-0.010475168746911583,-0.010521524186079727,-0.01055941641274616,-0.010588738828509366,-0.010609394207162504,-0.010621294780665608,-0.010624362217774434,-0.010618527689776376,-0.01060373183894207,-0.0105799248381845,-0.010547066362732714,-0.010505125656991354,-0.010454081521910557,-0.010393922401321028,-0.010324646396535773,-0.010246261383565677,-0.010158785065805706,-0.010062245133057592,-0.009956679363013105,-0.009842135833235012,-0.009718673082872007,-0.00958636039001431,-0.009445278007025937,-0.009295517518397757,-0.009137182166689744,-0.008970387310602257,-0.008795260864281073,-0.008611943882369927,-0.008420591143920986,-0.008221371901290776,-0.008014470651808688,-0.0078000881012517415,-0.0075784421824715885,-0.007349769302597214,-0.0071143256887930845,-0.006872389011974475,-0.006624260166310659,-0.006370265391637026,-0.006110758625582886,-0.005846124281503,-0.005576780348978869,-0.0053031820233145005,-0.005025825770156781,-0.004745254039941878,-0.004462060547591892,-0.004176896340493544,-0.003890476571506047,-0.003603588195061906,-0.0033170985123204652,-0.003031964779423122,-0.002749244800721616,-0.0024701086917339856,-0.002195851825797802,-0.001927909128397878,-0.0016678710326710321,-0.0014175011295691645,-0.0011787566966530007,-0.0009538118608119009,-0.0007450866643957583,-0.0005552781906032207,-0.00038740304376747736,-0.000244834263864942,-0.00013135649358596443,-5.118017879827218e-5,-8.989788435390333e-6
-8.144470681196682e-6,-3.346096831326697e-5,-8.175207090397155e-5,-0.0001504910662278627,-0.0002375038887398848,-0.00034087205026007804,-0.0004588931800529804,-0.0005900304264414394,-0.0007328869115045784,-0.0008861825341469419,-0.001048741699780085,-0.0012194836160807976,-0.0013974167853283807,-0.001581633941926149,-0.0017713082717860968,-0.001965689053857658,-0.00216409748824369,-0.002365921685199405,-0.002570611695036986,-0.0027776738533882503,-0.002986665333352008,-0.0031971882574651357,-0.0034088842367266626,-0.0036214287164525166,-0.0038345259288592223,-0.004047903827535715,-0.004261309737575886,-0.004474506096207806,-0.004687266949998282,-0.004899374588519509,-0.005110616921210443,-0.0053207849917028555,-0.005529671184181064,-0.00573706753821686,-0.005942764682223948,-0.006146550830355011,-0.006348211314985361,-0.006547528131995001,-0.006744279938310322,-0.006938242013305993,-0.007129186594943528,-0.0073168831369143286,-0.0075010988722186275,-0.007681599263073471,-0.007858148699541826,-0.008030511058471274,-0.008198450464013829,-0.008361731890548474,-0.008520121929793232,-0.00867338938946926,-0.008821306027294954,-0.008963647111506424,-0.009100192095071138,-0.009230725116024545,-0.009355035595845686,-0.00947291866710705,-0.009584175688391748,-0.009688614594293075,-0.009786050325832853,-0.00987630510369266,-0.009959208778125277,-0.010034599030714604,-0.01010232165148801,-0.010162230677711177,-0.010214188608507837,-0.010258066491364192,-0.010293744086207736,-0.010321109911582043,-0.01034006137097269,-0.010350504771156002,-0.010352355423739006,-0.010345537648144,-0.010329984861011086,-0.010305639575825283,-0.01027245349219783,-0.010230387503471914,-0.010179411797163373,-0.010119505881214998,-0.010050658706279718,-0.009972868720890891,-0.009886144026079196,-0.009790502469879633,-0.009685971845303816,-0.009572590035647715,-0.009450405268454915,-0.009319476325419648,-0.009179872868093708,-0.00903167573025894,-0.008874977336269083,-0.008709882100145023,-0.00853650696520991,-0.008354981943509195,-0.00816545081651938,-0.007968071861628534,-0.007763018769046567,-0.007550481619925174,-0.007330668095185751,-0.007103804793457107,-0.0068701388344190135,-0.006629939635214287,-0.006383501045114694,-0.006131143737022503,-0.005873218052215514,-0.005610107209747195,-0.00534223108930648,-0.005070050512071912,-0.004794072242839966,-0.0045148546520953296,-0.004233014268693474,-0.003949233169940114,-0.0036642674516966394,-0.0033789567348602376,-0.003094234919588573,-0.0028111421546952197,-0.0025308382348526097,-0.0022546174727602806,-0.0019839251416408415,-0.001720375885440566,-0.001465774045177388,-0.0012221377780113195,-0.0009917262862361835,-0.0007770751600037527,-0.0005810359332800064,-0.00040683427179046764,-0.00025812487183127654,-0.00013908341978275123,-5.445230033801774e-5,-9.660588620876115e-6
-7.897603812459233e-6,-3.155165556469997e-5,-7.669051021208619e-5,-0.00014098967548787188,-0.00022246803805732771,-0.00031937843611904435,-0.0004301637842912317,-0.0005534061343270572,-0.0006878037744679534,-0.0008321524019665474,-0.0009853374576659286,-0.0011463284428245492,-0.0013141769202985436,-0.0014880140708235395,-0.0016670486975558908,-0.0018505640535608275,-0.0020379144015873177,-0.002228520429897938,-0.0024218644664277837,-0.00261748485659009,-0.002814970464754929,-0.00301395470551798,-0.003214109979707523,-0.0034151419197942933,-0.0036167842515566558,-0.003818793658561687,-0.004020945376126639,-0.0042230288942422065,-0.004424844428895597,-0.004626199543282681,-0.004826906518476511,-0.005026779868410554,-0.005225634548442472,-0.0054232842742211,-0.00561954045741915,-0.005814211203428943,-0.006007100841314518,-0.006198009463517872,-0.006386732914296859,-0.006573062738746843,-0.006756786503822116,-0.00693768803776715,-0.007115547974594878,-0.007290144183505666,-0.007461252447193649,-0.007628647000473009,-0.007792101272147938,-0.007951388470646956,-0.008106282336753874,-0.008256557730394493,-0.00840199135654289,-0.008542362320988347,-0.008677452804062426,-0.008807048564300134,-0.00893093954447753,-0.009048920310867858,-0.009160790583798255,-0.009266355607062713,-0.00936542660116916,-0.009457821062752239,-0.00954336314323258,-0.009621883882065462,-0.009693221516905355,-0.009757221657465566,-0.009813737535676175,-0.00986263012896213,-0.009903768360455917,-0.009937029181763198,-0.009962297734163277,-0.009979467401547879,-0.009988439943830063,-0.009989125530846008,-0.009981442859041314,-0.009965319176854634,-0.00994069039532114,-0.009907501114996449,-0.009865704740599326,-0.009815263519090784,-0.00975614866810028,-0.00968834043459722,-0.009611828246880975,-0.009526610803659888,-0.009432696260142957,-0.009330102358625957,-0.009218856661084684,-0.009098996734961744,-0.008970570448072056,-0.008833636227687148,-0.008688263439073958,-0.00853453274278763,-0.008372536586439645,-0.0082023796950798,-0.008024179717661388,-0.00783806789944278,-0.0076441899411112246,-0.007442706921396516,-0.00723379644916369,-0.007017653930271753,-0.006794494122668597,-0.006564552875495269,-0.006328089235782264,-0.006085387831527156,-0.005836761727869597,-0.005582555680373446,-0.0053231499980078275,-0.005058964958667866,-0.0047904660078787065,-0.004518169699968564,-0.004242650629571479,-0.003964549337603576,-0.0036845814478332706,-0.003403548015349196,-0.003122347341251454,-0.002841988289509579,-0.002563605285529765,-0.0022884750445908287,-0.0020180351385220437,-0.0017539049165632558,-0.0014979085273527186,-0.0012521020771725604,-0.0010188035287740005,-0.0008006332951803982,-0.000600560712739849,-0.00042197663932804993,-0.0002687663512551358,-0.00014544277916785523,-5.722939049150637e-5,-1.0269907037538475e-5
-7.6048841079597915e-6,-2.9339829219892405e-5,-7.08660453844488e-5,-0.00013011187656081975,-0.000205328480336465,-0.00029496750469950385,-0.00039763361138542736,-0.0005120363301888507,-0.0006369728015935404,-0.0007713155872454292,-0.0009140116767574204,-0.0010640818397883237,-0.001220622228218338,-0.0013828045957034747,-0.0015498760159508827,-0.0017211567489395644,-0.0018960373029776705,-0.002073974066393613,-0.0022544845794628303,-0.002437141875957781,-0.002621568879064346,-0.002807432321966265,-0.002994437086914019,-0.003182320378176353,-0.003370846529099935,-0.003559801839516035,-0.00374899016223902,-0.003938228618459718,-0.004127344091758563,-0.004316169882547026,-0.004504543114825408,-0.004692302289699802,-0.004879285529424541,-0.005065328928677255,-0.005250265516420071,-0.0054339242736070855,-0.005616129675746307,-0.005796701238083718,-0.0059754535026087605,-0.0061521959789287385,-0.006326733451728505,-0.006498866201246758,-0.006668390525386679,-0.0068350991431429114,-0.006998781845635218,-0.0071592260057141395,-0.007316217291510312,-0.007469540223750899,-0.007618978902526176,-0.007764317569580968,-0.00790534131331037,-0.008041836606188972,-0.00817359196450964,-0.008300398441344479,-0.008422050226544197,-0.00853834508358245,-0.008649084882264705,-0.008754075973920562,-0.008853129654559925,-0.008946062477539358,-0.0090326966489028,-0.009112860280169409,-0.00918638772057259,-0.009253119755220541,-0.009312903881088068,-0.009365594457642727,-0.0094110529348892,-0.009449147964742803,-0.009479755590275064,-0.009502759326755561,-0.009518050321600975,-0.009525527414198385,-0.009525097276027263,-0.009516674458248883,-0.009500181521191994,-0.009475549078395302,-0.009442715924296841,-0.009401629083141209,-0.009352243943505194,-0.009294524320467621,-0.009228442605793348,-0.009153979852295465,-0.009071125949407703,-0.008979879740092496,-0.008880249233530726,-0.008772251767666167,-0.008655914274299098,-0.008531273504918141,-0.008398376369173748,-0.00825728024867305,-0.008108053438340543,-0.007950775583145124,-0.007785538264139564,-0.007612445607676062,-0.007431615075107349,-0.007243178314226364,-0.007047282235189106,-0.006844090201372143,-0.006633783505887565,-0.006416563035794266,-0.006192651305940927,-0.0059622947791108105,-0.005725766669171329,-0.005483370162296484,-0.0052354422726933894,-0.004982358289995056,-0.004724537056321799,-0.004462447057307431,-0.00419661359444772,-0.003927627046914221,-0.00365615249892947,-0.0033829407793902486,-0.00310884121573283,-0.0028348161401348057,-0.002561957337311818,-0.002291504631069185,-0.00202486670292007,-0.001763644532185016,-0.0015096569506112835,-0.0012649704336160485,-0.0010319314482725454,-0.0008132109205138516,-0.0006118532459874187,-0.0004313597123136046,-0.00027577716295666867,-0.0001498741264168906,-5.9270602044069884e-5,-1.0769561754134129e-5
-7.268521698752588e-6,-2.6819412590129053e-5,-6.425810994079519e-5,-0.00011782869385768992,-0.0001860560649501901,-0.0002676151520371388,-0.0003612841725165,-0.0004659040158012231,-0.0005803711478745089,-0.0007036346116530645,-0.0008347026485548974,-0.000972648334036367,-0.0011166149051088292,-0.0012658182705011138,-0.001419547900604847,-0.0015771653767183687,-0.0017381017516899147,-0.0019018532012899598,-0.0020679761635569926,-0.002236081550648591,-0.002405829026120176,-0.0025769208256728533,-0.002749096024064814,-0.002922124683548447,-0.003095802669771204,-0.0032699465287718164,-0.0034443891322327,-0.003618975470371939,-0.0037935592305046264,-0.003967999541217918,-0.004142158465872058,-0.004315898639185973,-0.004489081585300292,-0.004661566133919056,-0.004833207435211953,-0.005003856019081107,-0.005173357367208514,-0.005341551476101589,-0.005508272851308324,-0.005673350445175883,-0.005836607952910761,-0.005997864013417236,-0.006156932706247224,-0.006313623924030407,-0.006467743989733455,-0.006619096129043183,-0.006767481146387388,-0.006912697943419953,-0.007054544208698809,-0.0071928169433659,-0.00732731313281765,-0.007457830252641714,-0.0075841669011776445,-0.007706123268053667,-0.007823501714613147,-0.00793610719445122,-0.008043747774767681,-0.008146235003623199,-0.008243384369841015,-0.008335015615697407,-0.008420953136412399,-0.008501026239994512,-0.008575069489894113,-0.008642922915956416,-0.008704432305660311,-0.008759449371735468,-0.008807831998682838,-0.008849444373683967,-0.00888415719588493,-0.008911847777844885,-0.008932400225428887,-0.008945705517285732,-0.008951661663241033,-0.008950173769253382,-0.008941154182028694,-0.008924522546721918,-0.008900205945262186,-0.008868138953909713,-0.00882826378268337,-0.008780530339971972,-0.00872489638073634,-0.00866132758598508,-0.008589797728387126,-0.008510288775885543,-0.008422791085385014,-0.008327303542519532,-0.00822383379762405,-0.008112398458210119,-0.007993023387086327,-0.007865743971083354,-0.007730605509687158,-0.007587663593831724,-0.007436984625711851,-0.007278646356127414,-0.007112738593496431,-0.00693936396872349,-0.0067586389155155765,-0.006570694759967935,-0.0063756790872750045,-0.006173757291759564,-0.005965114489917526,-0.005749957718583604,-0.00552851861447669,-0.005301056518227367,-0.0050678622209008655,-0.004829262322109221,-0.004585624447478615,-0.0043373633298533255,-0.0040849480318233605,-0.0038289103484616042,-0.0035698547148018123,-0.003308469711749436,-0.0030455414730399164,-0.0027819691086415094,-0.002518782501891574,-0.0022571627004383072,-0.0019984647795783616,-0.0017442436847093913,-0.0014962827512336606,-0.0012566267497489394,-0.0010276166453076433,-0.0008119343546943697,-0.0006126498314900255,-0.00043331145518675057,-0.0002780450372918412,-0.00015176933081361733,-6.0368518927749345e-5,-1.115323719106953e-5
-6.8761993856918244e-6,-2.3959648721543842e-5,-5.682867949495829e-5,-0.00010410581495307164,-0.0001646306221344824,-0.00023732228997787086,-0.0003211373648335353,-0.0004150447792580901,-0.0005180348382536221,-0.0006291308435253894,-0.0007474030988008065,-0.00087198001289575,-0.001002056433245511,-0.0011368980494097399,-0.0012758429813006316,-0.0014183003846698317,-0.0015637476529636145,-0.0017117259267388745,-0.0018618350325123093,-0.002013727498105131,-0.0021671027011364637,-0.002321700646890299,-0.002477296243589205,-0.0026336935094422673,-0.002790720486457431,-0.0029482242497676373,-0.0031060667009158564,-0.0032641205204085124,-0.003422265905785786,-0.003580387472672214,-0.003738371893928831,-0.0038961056698870846,-0.004053473563331278,-0.004210357116098667,-0.004366633746051171,-0.004522175870840647,-0.004676850527124914,-0.004830518964340379,-0.004983036654962534,-0.005134253234284758,-0.00528401278723515,-0.005432154028951083,-0.005578510773806159,-0.005722912272004992,-0.005865183786750324,-0.006005147021530362,-0.006142620749752112,-0.00627742128436529,-0.006409363119801928,-0.0065382594095043664,-0.0066639225923921545,-0.006786164854748862,-0.006904798722930926,-0.007019637494299114,-0.007130495784956899,-0.007237189920507341,-0.00733953843280649,-0.007437362405809478,-0.007530485919128216,-0.007618736347543653,-0.007701944751963154,-0.0077799461336387765,-0.00785257977519817,-0.0079196894524444,-0.007981123729658668,-0.008036736133197787,-0.008086385406337073,-0.008129935649806408,-0.008167256542126161,-0.008198223452780144,-0.008222717634347298,-0.008240626314260037,-0.00825184286511301,-0.008256266880971103,-0.008253804332131536,-0.00824436763183615,-0.008227875781606556,-0.008204254434126442,-0.008173436035231782,-0.008135359888865566,-0.008089972302110615,-0.008037226658730618,-0.007977083574575952,-0.007909510987633463,-0.007834484333067715,-0.007751986660316159,-0.007662008840407431,-0.007564549724963689,-0.00745961640383031,-0.007347224427535752,-0.007227398141424327,-0.007100171003012749,-0.006965586030700083,-0.006823696261683104,-0.006674565370232034,-0.006518268331890892,-0.0063548922900194295,-0.006184537520007823,-0.006007318655776719,-0.005823366086563652,-0.005632827700689083,-0.005435870901145059,-0.005232685087142482,-0.005023484548709679,-0.004808511992617162,-0.004588042677766777,-0.004362389412000463,-0.004131908426002498,-0.0038970064181312563,-0.003658148846789127,-0.0034158698163625307,-0.003170783671580092,-0.002923598685651948,-0.00267513310689331,-0.002426333919342053,-0.0021782984936123194,-0.0019322993156708026,-0.0016898126378692556,-0.0014525501325394446,-0.0012224948935298577,-0.0010019389974913085,-0.0007935297721275147,-0.000600315754629174,-0.0004258299276193593,-0.0002741763200760305,-0.0001502753612771048,-6.0099118594651164e-5,-1.1308502189952294e-5
-6.444697828285509e-6,-2.079374329696816e-5,-4.86256814703985e-5,-8.902750775920876e-5,-0.00014118562766702526,-0.00020426737996308465,-0.00027739908264450203,-0.0003596715464701423,-0.00045016392905136005,-0.0005479720809285462,-0.0006522311648496111,-0.0007621315365302864,-0.0008769283184903743,-0.000995946031331972,-0.0011185802237325038,-0.0012442959085219906,-0.0013726242658575374,-0.001503157717720809,-0.0016355446261248972,-0.001769483192292921,-0.0019047155585394265,-0.002041021637416739,-0.0021782135212375857,-0.0023161298829512443,-0.0024546311153853697,-0.0025935945915118094,-0.0027329107164182744,-0.002872479139320673,-0.0030122057389056767,-0.00315199975723006,-0.0032917716496616775,-0.003431431043491455,-0.0035708853351539603,-0.0037100383440190694,-0.003848789520697995,-0.003987033157881726,-0.0041246580736094786,-0.004261547247649091,-0.004397577855527687,-0.004532621214425783,-0.004666543061910032,-0.004799203714829224,-0.004930458506983924,-0.005060158084647088,-0.005188148937041502,-0.005314273770659297,-0.00543837208374329,-0.0055602805773605135,-0.0056798337393436085,-0.005796864262713538,-0.005911203615644232,-0.006022682447462045,-0.0061311311294929335,-0.006236380135949295,-0.00633826054651568,-0.006436604394525573,-0.006531245126416179,-0.006622017913228498,-0.006708760065106532,-0.006791311304771415,-0.0068695141374356256,-0.0069432140868288545,-0.007012260022509979,-0.007076504360456888,-0.007135803350952632,-0.007190017246812885,-0.007239010555877245,-0.007282652180703098,-0.007320815640254976,-0.0073533791853676225,-0.007380225994528069,-0.00740124426964191,-0.0074163274108861995,-0.007425374097349923,-0.007428288445864885,-0.00742498008101774,-0.007415364282747452,-0.007399362050168556,-0.007376900242702048,-0.007347911642283636,-0.0073123350930706385,-0.007270115567160781,-0.007221204308761464,-0.007165558909805626,-0.0071031434662084305,-0.00703392867212558,-0.006957891998973623,-0.0068750178210106455,-0.006785297632715302,-0.006688730224487697,-0.00658532196147624,-0.0064750870373233155,-0.006358047848536106,-0.0062342353674315265,-0.006103689661952154,-0.005966460447816149,-0.005822607826081135,-0.005672203101122215,-0.005515329839817939,-0.005352085079426492,-0.005182580856745601,-0.005006945982877539,-0.004825328253476473,-0.00463789704195376,-0.004444846491313271,-0.004246399284435584,-0.0040428112432638295,-0.0038343767828850064,-0.003621435526467645,-0.003404380168595788,-0.0031836659424924483,-0.002959821878740061,-0.0027334643277374176,-0.002505313013038004,-0.0022762099755862302,-0.0020471420007905972,-0.0018192670151332597,-0.00159394489727077,-0.0013727714295028836,-0.0011576183138463441,-0.0009506759474742584,-0.0007545035253733828,-0.0005720714311073825,-0.0004068263035532596,-0.00026275661559344737,-0.00014463534714697713,-5.826901887309134e-5,-1.1283722607094041e-5
-5.951472032614812e-6,-1.7287857092169328e-5,-3.96479557190586e-5,-7.265608591680266e-5,-0.00011586033396959988,-0.00016866552464698325,-0.00023033936334580218,-0.0003000742918778743,-0.00037703334958329605,-0.00046039028349511787,-0.0005493553467971057,-0.0006431928297057468,-0.0007412313569948433,-0.0008428678319297713,-0.0009475677166413564,-0.0010548626233471243,-0.0011643465585472403,-0.0012756706261952224,-0.001388537493552743,-0.001502695288510183,-0.0016179318591567334,-0.0017340688546829833,-0.0018509564517436281,-0.001968468126839893,-0.0020864961901347965,-0.002204947447539842,-0.0023237396436912735,-0.002442798048738371,-0.002562052790274744,-0.0026814363037267748,-0.0028008814627284826,-0.0029203197831478072,-0.003039680228569216,-0.003158888037536804,-0.003277864071137128,-0.003396524131690079,-0.0035147787248512204,-0.003632532748326565,-0.003749685555240762,-0.0038661309082859904,-0.003981757249735139,-0.0040964478357739245,-0.004210081138136376,-0.00432253109243339,-0.004433667574690764,-0.00454335671452833,-0.004651461405606049,-0.004757841648653143,-0.004862355067457286,-0.004964857257793111,-0.005065202290189106,-0.005163243049004002,-0.005258831710164458,-0.00535182006048133,-0.005442059943422515,-0.005529403552814995,-0.005613703843058669,-0.005694814794146149,-0.005772591785016454,-0.005846891828774918,-0.005917573909493124,-0.005984499187913319,-0.006047531303170788,-0.0061065365503195825,-0.006161384149317448,-0.006211946396498506,-0.0062580989038048705,-0.006299720726905512,-0.006336694578086061,-0.006368906934095649,-0.006396248226342406,-0.006418612931739532,-0.006435899743924668,-0.006448011650412619,-0.0064548560884930845,-0.006456345011937562,-0.006452395035124769,-0.006442927492492617,-0.006427868574401443,-0.006407149382618653,-0.006380706061640305,-0.006348479853934201,-0.006310417231122656,-0.006266469953759237,-0.006216595208226883,-0.006160755677816238,-0.006098919693790297,-0.006031061327904626,-0.005957160570329908,-0.00587720345905881,-0.005791182303904976,-0.005699095876231936,-0.00560094970792397,-0.005496756376562759,-0.005386535922288383,-0.005270316280361194,-0.00514813387891758,-0.005020034294839174,-0.004886073124038647,-0.004746316970800078,-0.004600844723205746,-0.004449749035200081,-0.00429313819872968,-0.004131138349132637,-0.0039638962117602445,-0.0037915823649751807,-0.0036143952650502667,-0.0034325660579057646,-0.003246364474826742,-0.003056105904069318,-0.0028621600219299118,-0.0026649612020857214,-0.002465021145780607,-0.0022629440786905617,-0.002059445141755698,-0.0018553727222977066,-0.0016517348439961579,-0.001449730688236013,-0.0012507873018305113,-0.0010566040573308018,-0.000869198392047119,-0.0006909617676330804,-0.0005247092897921726,-0.00037373991302671813,-0.0002418621501343975,-0.00013353834555148092,-5.4116649611875775e-5,-1.0826949698228134e-5
-5.442009453190349e-6,-1.3605147608692912e-5,-3.0225812326389178e-5,-5.5513400254731365e-5,-8.932686999327313e-5,-0.0001312653081623532,-0.00018071909688457944,-0.0002369768727714667,-0.00029929067528361284,-0.00036692617895620934,-0.0004391893021178272,-0.0005154404489999107,-0.0005951018854375921,-0.0006776606381472661,-0.0007626675960758191,-0.000849733923574286,-0.0009385266617565487,-0.0010287633383082066,-0.0011202065542049403,-0.0012126581600364944,-0.0013059539439339966,-0.0013999582512377192,-0.0014945592927867654,-0.001589664518789448,-0.0016851967491092084,-0.001781090413924344,-0.0018772885387059665,-0.0019737398321897645,-0.0020703964700282966,-0.002167211947700918,-0.00226413956069131,-0.002361130908625845,-0.0024581349513857825,-0.0025550970415875217,-0.0026519584344575323,-0.0027486557300879025,-0.002845120724147421,-0.0029412801539324593,-0.0030370557922478995,-0.00313236440806231,-0.003227118023718727,-0.0033212240189619455,-0.0034145854894575443,-0.003507101439992697,-0.0035986671984024315,-0.003689174658547072,-0.0037785127172525615,-0.0038665675396626184,-0.003953222997390134,-0.004038360937980171,-0.0041218616103094515,-0.004203603926484678,-0.004283465866034029,-0.004361324723103461,-0.004437057484692327,-0.004510541059023627,-0.004581652625508444,-0.004650269842147969,-0.004716271166496795,-0.004779536041281052,-0.0048399451867009976,-0.0048973807643795005,-0.004951726642113379,-0.005002868536962611,-0.00505069425412827,-0.005095093810536633,-0.00513595964995434,-0.00517318674882798,-0.005206672810049231,-0.005236318353086684,-0.005262026888982475,-0.005283704996957026,-0.005301262483257262,-0.005314612446440461,-0.00532367142263225,-0.005328359441633308,-0.005328600161033365,-0.00532432091522128,-0.005315452840736921,-0.005301930920299717,-0.00528369410189958,-0.005260685340262057,-0.005232851712671444,-0.005200144461078015,-0.005162519108745154,-0.005119935507760427,-0.005072357962643057,-0.0050197552906944935,-0.00496210096210008,-0.004899373184842698,-0.004831555076128622,-0.004758634790114319,-0.0046806057434299235,-0.0045974668136123074,-0.004509222653118345,-0.0044158840003536036,-0.00431746813336309,-0.004213999355504179,-0.0041055096642107405,-0.003992039502478528,-0.003873638753143215,-0.0037503678897128885,-0.003622299458091279,-0.003489519823046107,-0.0033521313756437413,-0.003210255165770418,-0.0030640341911936527,-0.0029136373515375336,-0.0027592643500817674,-0.0026011516304404497,-0.0024395797196915658,-0.0022748821576810225,-0.0021074564863235927,-0.0019377777601274858,-0.0017664152419684098,-0.0015940527736311172,-0.0014215134465678527,-0.0012497906193949847,-0.0010800855761615017,-0.0009138521144208817,-0.0007528453176796274,-0.0005991849861433353,-0.0004554186756271056,-0.0003245872841426277,-0.0002102371844790343,-0.00011641960696288486,-4.777216674243524e-5,-1.0232760137108766e-5
-4.861252071870486e-6,-9.738211172782559e-6,-2.0523360034421394e-5,-3.7972577385698126e-5,-6.215647813020903e-5,-9.276922495505149e-5,-0.00012928117599252367,-0.00017108395655697687,-0.00021755022336828356,-0.0002680729171667206,-0.00032208549290863313,-0.0003790753416836115,-0.00043858666655408925,-0.0005002202317651524,-0.0005636310054084769,-0.0006285243571737823,-0.0006946514931283209,-0.0007618043287110343,-0.0008298106630802695,-0.000898529154715707,-0.0009678448606358284,-0.0010376647590926318,-0.0011079139649841558,-0.0011785319893452611,-0.0012494697034951343,-0.0013206863565961612,-0.0013921472676531148,-0.0014638215494797318,-0.0015356804525712832,-0.0016076957063154136,-0.001679838415772105,-0.0017520779163783928,-0.0018243811177132798,-0.0018967117670321953,-0.0019690301382506575,-0.002041292607302161,-0.002113451595279366,-0.002185455371275379,-0.002257248172867292,-0.0023287701670282827,-0.0023999576865036632,-0.00247074329449303,-0.0025410560902040832,-0.0026108218368533546,-0.002679963302636438,-0.0027484004233291125,-0.0028160506555016435,-0.0028828291542802613,-0.002948649123740989,-0.0030134219972766684,-0.0030770577759368293,-0.003139465203659982,-0.003200552088281484,-0.00326022546707327,-0.003318391907686598,-0.0033749576614522056,-0.0034298289430960043,-0.0034829120704922495,-0.003534113722953142,-0.0035833410669103023,-0.0036305019931830163,-0.0036755052285975835,-0.0037182605530646745,-0.003758678897545582,-0.0037966725420930953,-0.003832155200898174,-0.003865042202702955,-0.0038952505639229702,-0.003922699153026357,-0.003947308752906399,-0.0039690022109233935,-0.003987704491804524,-0.004003342815051287,-0.004015846699652724,-0.004025148090501269,-0.0040311813961415865,-0.00403388360572362,-0.004033194320937207,-0.004029055864940669,-0.004021413309612601,-0.004010214577923221,-0.003995410467801271,-0.0039769547497060945,-0.0039548041889177835,-0.003928918640796721,-0.003899261074376693,-0.0038657976692261686,-0.0038284978451238166,-0.0037873343668717837,-0.0037422833879410585,-0.0036933245734520857,-0.003640441170475486,-0.003583620165263361,-0.00352285240005802,-0.0034581327893243676,-0.003389460513407331,-0.0033168393311551934,-0.003240277896009834,-0.0031597902207870805,-0.0030753961839737934,-0.0029871222293265946,-0.002895002162909244,-0.0027990782101382414,-0.002699402253060439,-0.0025960374283019645,-0.00248906002998908,-0.0023785619262688008,-0.0022646534708994958,-0.0021474671700875605,-0.0020271621426760974,-0.0019039297083061695,-0.001778000239587715,-0.0016496518014618349,-0.0015192208035465567,-0.0013871153715294881,-0.0012538319468884426,-0.001119976796500658,-0.000986292232602671,-0.0008536896219676663,-0.0007232897915112398,-0.0005964785659628631,-0.00047496346945867426,-0.00036084611938010666,-0.0002566968611213635,-0.00016563885699700005,-9.123246573131801e-5,-3.745334830821162e-5,-8.671880084810798e-6
-4.3968616829517e-6,-6.564893456644064e-6,-1.217596309699129e-5,-2.2136150103049398e-5,-3.66018413063907e-5,-5.536807653905005e-5,-7.803820973688557e-5,-0.00010416350093650918,-0.00013329407197479472,-0.00016500973915182108,-0.00019892424654521516,-0.00023469381940105922,-0.00027201751848435646,-0.00031063602969832733,-0.00035032826894058926,-0.00039090803702489067,-0.00043222035016869935,-0.00047413753168467834,-0.0005165556668935674,-0.000559390989589231,-0.0006025768210296584,-0.000646060455855942,-0.0006898006594480379,-0.0007337651240919673,-0.0007779285234232057,-0.000822270513288724,-0.0008667742952296936,-0.0009114251052365603,-0.0009562092172020181,-0.0010011128463523224,-0.001046121516118441,-0.0010912192997309823,-0.0011363884744730209,-0.001181609028099625,-0.0012268585303839795,-0.001272111838598876,-0.0013173411253903262,-0.0013625157274897775,-0.001407602279632121,-0.001452564661471778,-0.0014973641981533775,-0.0015419596708826356,-0.0015863075548585796,-0.0016303620682870305,-0.0016740754270459094,-0.001717397914660795,-0.0017602781399962387,-0.0018026631166898819,-0.0018444985153424234,-0.0018857287452271898,-0.0019262971960695805,-0.0019661463177756814,-0.002005217849254572,-0.0020434528937577317,-0.0020807921336430677,-0.0021171759000119445,-0.0021525443731392245,-0.0021868376457210184,-0.0022199959091483176,-0.002251959510041642,-0.002282669122801645,-0.002312065799340302,-0.0023400911285182376,-0.0023666872791592215,-0.0023917971471161944,-0.0024153643918219197,-0.0024373335718382385,-0.002457650175333397,-0.002476260745056819,-0.002493112903237149,-0.0025081554669718256,-0.0025213384680947415,-0.0025326132599596176,-0.0025419325328335436,-0.0025492504129911585,-0.0025545224741424758,-0.0025577058296625175,-0.002558759140494711,-0.0025576427012478494,-0.0025543184449787915,-0.0025487500238570372,-0.0025409028112908854,-0.002530743977981999,-0.0025182424921197676,-0.002503369192035386,-0.0024860967857890165,-0.0024663999224404675,-0.0024442551934666782,-0.002419641206102003,-0.0023925385908819333,-0.002362930082828352,-0.0023308005423343177,-0.0022961370535531547,-0.002258928970239502,-0.002219168046044682,-0.0021768485234262944,-0.0021319673184104857,-0.002084524180192154,-0.002034521964422857,-0.0019819669050720337,-0.0019268690272978121,-0.0018692425938965761,-0.0018091067342800176,-0.0017464861592850418,-0.0016814121223960087,-0.0016139235459309799,-0.0015440684927583914,-0.0014719059260320836,-0.0013975079765036179,-0.0013209626881989529,-0.0012423775374954702,-0.001161883748379045,-0.001079641872043369,-0.0009958485932781798,-0.0009107456972054156,-0.0008246311374714474,-0.0007378742069806549,-0.0006509327085903622,-0.0005643786113165214,-0.0004789278094871774,-0.0003954888778667433,-0.0003151962191055712,-0.00023949043713898156,-0.0001701766094345304,-0.00010960097011314049,-6.048450595912921e-5,-2.5714513966702773e-5,-7.276796290004771e-6
-4.195028320345852e-6,-4.568206387423319e-6,-6.047639719716738e-6,-9.212643326741589e-6,-1.4054666129502178e-5,-2.0453793310279117e-5,-2.8243958941717754e-5,-3.726001464440004e-5,-4.733036084353965e-5,-5.8296978766235485e-5,-7.001863548610001e-5,-8.237188832831614e-5,-9.524959442360753e-5,-0.00010856038135639392,-0.00012222738127395605,-0.00013618652419492656,-0.0001503851233643746,-0.00016478025967713814,-0.0001793375443459811,-0.00019402964002450008,-0.00020883523879568786,-0.00022373781941773338,-0.00023872484947079007,-0.00025378676812106424,-0.00026891639911847374,-0.00028410814382343465,-0.00029935757907711134,-0.00031466083281129445,-0.0003300143376137666,-0.00034541435958106436,-0.0003608568772547263,-0.0003763372343722544,-0.0003918501154891424,-0.0004073892954667803,-0.00042294768600274876,-0.00043851715796871843,-0.00045408863690307087,-0.0004696519782231751,-0.00048519609390863577,-0.0005007088646775318,-0.0005161772842004239,-0.0005315873961696487,-0.0005469244461193969,-0.0005621728346721876,-0.0005773162701827394,-0.0005923377321783372,-0.0006072196205178837,-0.0006219437251150517,-0.0006364913691179308,-0.0006508433824741768,-0.0006649802378728792,-0.0006788820266779874,-0.0006925285871571533,-0.000705899481896601,-0.0007189741182942522,-0.0007317317268994633,-0.0007441514743852184,-0.000756212442430239,-0.0007678937334979579,-0.0007791744499718508,-0.0007900337931167049,-0.0008004510422424895,-0.0008104056472484791,-0.0008198772076434449,-0.000828845559093213,-0.000837290752178455,-0.0008451931333865753,-0.0008525333235401709,-0.000859292293685554,-0.0008654513431700258,-0.0008709921708787387,-0.0008758968529696039,-0.0008801479098930427,-0.0008837282838001391,-0.000886621401745683,-0.0008888111527802438,-0.0008902819476828641,-0.0008910186957274969,-0.0008910068612450543,-0.0008902324400365855,-0.0008886820130326746,-0.0008863427223426267,-0.0008832023222906284,-0.0008792491551735974,-0.0008744722000556881,-0.0008688610484941317,-0.0008624059517258892,-0.0008550977969801385,-0.0008469281541436621,-0.0008378892538983325,-0.000827974035713174,-0.0008171761300155757,-0.000805489910548534,-0.0007929104842663955,-0.0007794337528881637,-0.0007650564164031542,-0.000749776051304979,-0.0007335911368157006,-0.0007165011611902614,-0.0006985066845309369,-0.0006796094903270951,-0.000659812705808249,-0.000639121024669366,-0.0006175409168602793,-0.0005950809618487959,-0.000571752196704051,-0.0005475686218050476,-0.000522547764839334,-0.0004967114547635591,-0.00047008672679255456,-0.00044270703367014596,-0.00041461370221109926,-0.00038585783172540104,-0.0003565026896229257,-0.0003266268783525726,-0.000296328247794185,-0.00026572892313730603,-0.0002349824992594825,-0.00020428363379500374,-0.0001738785250157051,-0.00014407880535486316,-0.00011528934698536809,-8.804307470558999e-5,-6.300309927064606e-5,-4.098627723270905e-5,-2.3095415080819656e-5,-1.081378963439876e-5,-4.720812582656045e-6
