case,steps,predictor_weight,correction,max_abs_rho_dev,max_row_x_range_rho,worst_leaf_j,worst_cell,worst_level,worst_i,worst_j,worst_rho,mass_rel_drift,max_raw_mass_rel_drift
fullheight_nested4,200,0.0000000000000000e+00,false,1.6997757778843825e-02,2.3316102648412884e-02,3,457,1,11,23,9.8300224222115618e-01,0.0000000000000000e+00,1.1295831255691645e-04
fullheight_nested4,200,0.0000000000000000e+00,true,1.6731371255129801e-07,3.3375789276757217e-07,1,15,0,15,1,9.9999983268628745e-01,0.0000000000000000e+00,1.4629334780590413e-11
