step,max_abs_u,growth_rate_estimate
100,1.08524407233e-06,0
200,1.78216894389e-06,0.00496026217177
300,2.17031114622e-06,0.0034653281474
400,2.71163975755e-06,0.00305249538448
500,3.35826266525e-06,0.00282404715797
600,4.09771465496e-06,0.00265724900785
700,4.80530594794e-06,0.00247985966679
800,5.31617893744e-06,0.00226992841043
900,5.6965833951e-06,0.00207257709701
1000,6.07822782973e-06,0.00191434251663
1100,6.50007410009e-06,0.0017900086637
1200,7.02407450529e-06,0.00169776231852
1300,7.56059413036e-06,0.00161762071885
1400,7.97701842822e-06,0.0015344306138
1500,8.22236211856e-06,0.00144646615499
1600,8.45235358136e-06,0.00136842667985
1700,8.8071260075e-06,0.00130859765889
1800,9.21647440594e-06,0.00125834568577
1900,9.58142814274e-06,0.00121001207954
2000,9.85380537259e-06,0.00116108042088
2100,1.00432881277e-05,0.00111254982513
2200,1.02452384225e-05,0.0010690514954
2300,1.05028951396e-05,0.00103174819709
2400,1.07801406207e-05,0.000998217694277
2500,1.10355302849e-05,0.000966381325091
2600,1.12455453172e-05,0.000935266866113
2700,1.14081165904e-05,0.000904815450202
2800,1.15443962733e-05,0.000875701938867
2900,1.17141214922e-05,0.000849639344999
3000,1.19293078021e-05,0.000826618379193
3100,1.21301383078e-05,0.000804629403956
3200,1.22779420735e-05,0.000782580455462
3300,1.23854855193e-05,0.00076085010976
3400,1.24915291169e-05,0.000740377524482
3500,1.26297321891e-05,0.000721837887835
3600,1.27876145854e-05,0.000704763479663
3700,1.29265842662e-05,0.000688189187089
3800,1.30309911362e-05,0.000671763659676
3900,1.31188106371e-05,0.000655853214104
4000,1.32088584596e-05,0.000640790458149
4100,1.33064451941e-05,0.000626610901438
4200,1.34143370443e-05,0.000613297353785
4300,1.35214412484e-05,0.000600588512617
4400,1.36076290422e-05,0.000588098995651
4500,1.36729127784e-05,0.000575820862055
4600,1.37353106888e-05,0.000564036672527
4700,1.38099496087e-05,0.000552953131602
4800,1.3895991877e-05,0.000542509687497
4900,1.39768889907e-05,0.000532416722092
5000,1.40386451397e-05,0.000522450812401
5100,1.40867264685e-05,0.000512685611129
5200,1.41384452226e-05,0.00050335152653
5300,1.41997115899e-05,0.000494503219361
5400,1.42624812114e-05,0.000486005185792
5500,1.4319744716e-05,0.000477747115024
5600,1.43689287574e-05,0.00046968422491
5700,1.44107720284e-05,0.000461816262733
5800,1.44510048621e-05,0.000454203340285
5900,1.44953005164e-05,0.000446899927832
6000,1.45434510707e-05,0.000439887437442
6100,1.45900200493e-05,0.000433088803927
6200,1.46293194053e-05,0.000426429963986
6300,1.46611402548e-05,0.000419902509723
6400,1.46920437847e-05,0.00041357161825
6500,1.47282967075e-05,0.000407494636936
6600,1.4767647296e-05,0.000401635981744
6700,1.48031496272e-05,0.000395914402671
6800,1.48326186456e-05,0.000390302060448
6900,1.48591395449e-05,0.000384825032405
7000,1.48861815758e-05,0.000379511370793
7100,1.49150852499e-05,0.000374366888645
7200,1.49447387903e-05,0.00036937385977
7300,1.49728232406e-05,0.0003645044251
7400,1.49978865386e-05,0.000359740326109
7500,1.50203062421e-05,0.000355080827288
7600,1.50418582479e-05,0.000350537593527
7700,1.50646625302e-05,0.000346124586614
7800,1.50891044698e-05,0.00034184000155
7900,1.51127050274e-05,0.000337657803775
8000,1.51330578374e-05,0.000333554012467
8100,1.51510558634e-05,0.000329533163791
8200,1.51693666625e-05,0.000325613966666
8300,1.51890886387e-05,0.000321801512708
8400,1.52091221546e-05,0.000318083189932
8500,1.52278587872e-05,0.000314443053821
8600,1.52448085134e-05,0.000310874600776
8700,1.52607460708e-05,0.000307381279317
8800,1.52766821458e-05,0.000303968127581
8900,1.52929521366e-05,0.000300634905051
9000,1.5309349072e-05,0.000297377390909
9100,1.53253578491e-05,0.000294189324342
9200,1.53402576667e-05,0.000291063261505
9300,1.5353915957e-05,0.000287996265169
9400,1.53672609601e-05,0.000284992948563
9500,1.53812080489e-05,0.000282057616445
9600,1.53955087586e-05,0.000279186412072
9700,1.54091732625e-05,0.000276370633888
9800,1.54216995342e-05,0.00027360522321
9900,1.54335371102e-05,0.000270891628864
10000,1.54454622412e-05,0.000268233367776
10100,1.5457716149e-05,0.000265630339264
10200,1.54698890381e-05,0.000263078275118
10300,1.54815516285e-05,0.000260572959253
10400,1.5492653679e-05,0.000258112722546
10500,1.55033473224e-05,0.000255697215745
10600,1.55138436095e-05,0.000253326461739
10700,1.55243853178e-05,0.000251000671776
10800,1.5535008535e-05,0.000248718801785
10900,1.55454095365e-05,0.000246477821781
11000,1.55552779773e-05,0.000244274778683
11100,1.55646875358e-05,0.000242109074159
11200,1.5574015263e-05,0.000239981885048
11300,1.55835076334e-05,0.000237893592757
11400,1.55930154712e-05,0.00023584231634
11500,1.5602204685e-05,0.000233825203253
11600,1.56109700396e-05,0.000231840779273
11700,1.56195052317e-05,0.000229889272022
11800,1.5628007794e-05,0.000227970919894
11900,1.56364983391e-05,0.000226084991995
12000,1.56449024244e-05,0.000224230271185
12100,1.56531418729e-05,0.000222405561861
12200,1.56611574202e-05,0.000220609808596
12300,1.56689583471e-05,0.000218842349727
12400,1.567664808e-05,0.000217103033212
12500,1.56843349106e-05,0.000215391735863
12600,1.569200931e-05,0.000213707736679
12700,1.56995423033e-05,0.000212049733819
12800,1.57068321166e-05,0.000210416604032
12900,1.57139330534e-05,0.000208808036038
13000,1.57209879751e-05,0.000207224164354
13100,1.57280517862e-05,0.000205664687913
13200,1.57350521827e-05,0.000204128697229
13300,1.57419096907e-05,0.000202615276494
13400,1.57486226211e-05,0.000201123909449
13500,1.57552371563e-05,0.000199654321993
13600,1.57617920292e-05,0.00019820621276
13700,1.57683001216e-05,0.00019677916839
13800,1.57747497209e-05,0.000195372673693
13900,1.57811099274e-05,0.000193986140391
14000,1.5787350748e-05,0.000192619001487
14100,1.57934776519e-05,0.000191270866772
14200,1.57995409695e-05,0.000189941558432
14300,1.58055869638e-05,0.000188630885189
14400,1.58116026077e-05,0.000187338398577
14500,1.58175354414e-05,0.000186063489551
14600,1.58233635128e-05,0.000184805699174
14700,1.58291170318e-05,0.00018356480692
14800,1.58348330346e-05,0.000182340627395
14900,1.58405148176e-05,0.000181132836069
15000,1.58461400903e-05,0.000179941008731
15100,1.58516914581e-05,0.000178764753205
15200,1.58571703241e-05,0.000177603766308
15300,1.58625897083e-05,0.000176457801003
15400,1.5867965036e-05,0.000175326626541
15500,1.58733092909e-05,0.000174210008091
15600,1.58786239673e-05,0.000173107670128
15700,1.58838936565e-05,0.000172019275967
15800,1.58891014339e-05,0.000170944491506
15900,1.58942506488e-05,0.000169883071916
16000,1.58993610215e-05,0.000168834843267
16100,1.59044432684e-05,0.000167799600493
16200,1.59094879849e-05,0.000166777065013
16300,1.59144814219e-05,0.000165766948322
16400,1.59194241755e-05,0.000164769024339
16500,1.59243300382e-05,0.000163783123025
16600,1.59292108356e-05,0.000162809070911
16700,1.59340678633e-05,0.000161846658845
16800,1.59388962418e-05,0.000160895659477
16900,1.59436909638e-05,0.000159955850415
17000,1.59484482336e-05,0.000159027019049
17100,1.5953167239e-05,0.000158108968785
17200,1.59578525743e-05,0.000157201527446
17300,1.59625106272e-05,0.00015630453337
17400,1.5967142491e-05,0.000155417809437
17500,1.59717441055e-05,0.00015454116405
17600,1.59763143083e-05,0.000153674420374
17700,1.5980859343e-05,0.000152817431926
17800,1.59853872394e-05,0.000151970061822
17900,1.59898994259e-05,0.000151132153026
18000,1.59943902616e-05,0.000150303527316
18100,1.59988540504e-05,0.00014948401026
18200,1.60032899069e-05,0.000148673447908
18300,1.60077001037e-05,0.000147871700539
18400,1.60120870043e-05,0.000147078631785
18500,1.601645269e-05,0.000146294107276
18600,1.60207992271e-05,0.000145517995491
18700,1.60251279226e-05,0.000144750165178
18800,1.60294394851e-05,0.000143990485895
18900,1.60337354873e-05,0.000143238832838
19000,1.6038018302e-05,0.000142495086476
19100,1.60422885254e-05,0.000141759123961
19200,1.60465432364e-05,0.000141030813537
19300,1.60507781938e-05,0.000140310021919
19400,1.60549918786e-05,0.000139596627386
19500,1.60591865999e-05,0.000138890523016
19600,1.6063365889e-05,0.000138191607976
19700,1.60675320617e-05,0.00013749977962
19800,1.60716863902e-05,0.00013681493408
19900,1.60758301276e-05,0.000136136969523
20000,1.60799643647e-05,0.000135465785652
20100,1.60840893365e-05,0.000134801281512
20200,1.60882043863e-05,0.000134143355399
20300,1.60923094885e-05,0.000133491909564
20400,1.60964047805e-05,0.000132846848687
20500,1.6100485825e-05,0.000132208065385
20600,1.61045521194e-05,0.000131575466303
20700,1.61086053101e-05,0.000130948966377
20800,1.61126485867e-05,0.000130328486807
20900,1.61166847628e-05,0.000129713949178
21000,1.61207150942e-05,0.000129105271944
21100,1.61247397127e-05,0.000128502371788
21200,1.61287583975e-05,0.000127905165938
21300,1.61327705393e-05,0.000127313572046
21400,1.61367748319e-05,0.000126727507286
21500,1.61407696346e-05,0.000126146889415
21600,1.61447538307e-05,0.000125571639235
21700,1.61487273778e-05,0.000125001682096
21800,1.61526913136e-05,0.000124436947808
21900,1.61566475309e-05,0.000123877369892
22000,1.61605983633e-05,0.000123322884324
22100,1.61645457938e-05,0.00012277342725
22200,1.61684906049e-05,0.00012222893261
22300,1.61724322108e-05,0.000121689331718
22400,1.61763692804e-05,0.000121154555057
22500,1.61803004236e-05,0.000120624534192
22600,1.61842244232e-05,0.000120099202382
22700,1.6188140328e-05,0.000119578494799
22800,1.61920478202e-05,0.000119062349483
22900,1.61959476377e-05,0.00011855070842
23000,1.61998414992e-05,0.000118043517251
23100,1.62037314683e-05,0.000117540723483
23200,1.62076192081e-05,0.000117042274459
23300,1.6211505506e-05,0.000116548116096
23400,1.62153901096e-05,0.000116058192484
23500,1.62192718373e-05,0.000115572446224
23600,1.62231490155e-05,0.000115090819604
23700,1.62270201187e-05,0.000114613256281
23800,1.62308842683e-05,0.000114139702551
23900,1.62347413849e-05,0.000113670107681
24000,1.62385921357e-05,0.00011320442371
24100,1.6242437829e-05,0.000112742605122
24200,1.62462801652e-05,0.000112284608154
24300,1.62501207163e-05,0.000111830389434
24400,1.62539603218e-05,0.000111379904446
24500,1.62577987692e-05,0.000110933106752
24600,1.62616349395e-05,0.000110489948396
24700,1.62654672552e-05,0.000110050381057
24800,1.62692941842e-05,0.000109614357316
24900,1.62731146838e-05,0.000109181831734
25000,1.6276928512e-05,0.000108752761578
25100,1.62807363046e-05,0.000108327106958
25200,1.62845393555e-05,0.000107904830229
25300,1.62883391976e-05,0.000107485894921
25400,1.62921371493e-05,0.000107070264617
25500,1.62959339292e-05,0.000106657902022
25600,1.62997294127e-05,0.000106248768395
25700,1.63035226287e-05,0.000105842823574
25800,1.63073120638e-05,0.000105440026729
25900,1.63110961756e-05,0.000105040337598
26000,1.6314873892e-05,0.000104643717656
26100,1.63186449037e-05,0.000104250130772
26200,1.63224097105e-05,0.000103859543269
26300,1.63261694514e-05,0.000103471923476
26400,1.63299255565e-05,0.000103087240879
26500,1.63336792842e-05,0.000102705465028
26600,1.63374313014e-05,0.00010232656456
26700,1.63411814616e-05,0.000101950506712
26800,1.63449288544e-05,0.000101577257463
26900,1.6348672084e-05,0.000101206782194
27000,1.63524096828e-05,0.000100839046637
27100,1.63561405505e-05,0.000100474017871
27200,1.63598642858e-05,0.000100111665037
27300,1.63635812924e-05,9.97519595394e-05
27400,1.63672926145e-05,9.93948746351e-05
27500,1.63709995742e-05,9.9040384588e-05
27600,1.6374703338e-05,9.86884636888e-05
27700,1.63784045418e-05,9.83390854242e-05
27800,1.63821030764e-05,9.79922220209e-05
27900,1.6385798103e-05,9.76478445029e-05
28000,1.63894882992e-05,9.7305923255e-05
28100,1.63931722621e-05,9.69664289111e-05
28200,1.63968489195e-05,9.66293332443e-05
28300,1.64005178325e-05,9.6294609799e-05
28400,1.64041793019e-05,9.59622340883e-05
28500,1.64078342519e-05,9.56321833064e-05
28600,1.64114839152e-05,9.53044356267e-05
28700,1.64151294131e-05,9.49789692868e-05
28800,1.64187713714e-05,9.46557617751e-05
28900,1.64224097069e-05,9.43347893917e-05
29000,1.64260436461e-05,9.40160273114e-05
29100,1.64296719555e-05,9.36994500866e-05
29200,1.64332933023e-05,9.33850324144e-05
29300,1.64369066404e-05,9.30727499388e-05
29400,1.64405115089e-05,9.27625798523e-05
29500,1.64441081458e-05,9.24545011045e-05
29600,1.64476973839e-05,9.2148494156e-05
29700,1.64512803618e-05,9.18445403573e-05
29800,1.64548581415e-05,9.15426211519e-05
29900,1.64584313469e-05,9.12427173369e-05
30000,1.64619999463e-05,9.09448086334e-05
30100,1.6465563245e-05,9.06488736906e-05
30200,1.64691200911e-05,9.03548905203e-05
30300,1.647266922e-05,9.00628372014e-05
30400,1.64762096232e-05,8.97726926166e-05
30500,1.64797408307e-05,8.94844370038e-05
30600,1.64832630268e-05,8.91980521617e-05
30700,1.64867769669e-05,8.89135212589e-05
30800,1.64902837165e-05,8.86308282945e-05
30900,1.64937842903e-05,8.83499573734e-05
31000,1.64972793083e-05,8.8070892031e-05
31100,1.65007687821e-05,8.77936148234e-05
31200,1.65042520969e-05,8.75181073119e-05
31300,1.65077281926e-05,8.72443504298e-05
31400,1.65111958797e-05,8.6972325106e-05
31500,1.65146541886e-05,8.67020129376e-05
31600,1.6518102646e-05,8.64333967115e-05
31700,1.65215413968e-05,8.61664606164e-05
31800,1.65249711309e-05,8.59011900818e-05
31900,1.65283928463e-05,8.56375713044e-05
32000,1.65318075146e-05,8.53755906029e-05
32100,1.65352157559e-05,8.51152338011e-05
32200,1.65386176267e-05,8.48564858369e-05
32300,1.65420125902e-05,8.45993307213e-05
32400,1.65453996748e-05,8.43437518504e-05
32500,1.65487777657e-05,8.40897325595e-05
32600,1.65521459375e-05,8.38372567435e-05
32700,1.65555037198e-05,8.35863093386e-05
32800,1.65588512228e-05,8.33368765381e-05
32900,1.65621890787e-05,8.30889456651e-05
33000,1.65655182266e-05,8.28425047581e-05
33100,1.65688395992e-05,8.25975419882e-05
33200,1.65721538136e-05,8.23540450923e-05
33300,1.65754609661e-05,8.21120010078e-05
33400,1.6578760593e-05,8.18713958147e-05
33500,1.65820518078e-05,8.16322149964e-05
33600,1.65853335711e-05,8.13944439363e-05
33700,1.65886050007e-05,8.11580684751e-05
33800,1.65918656317e-05,8.09230753686e-05
33900,1.65951155419e-05,8.06894524985e-05
34000,1.65983553101e-05,8.04571887787e-05
34100,1.6601585818e-05,8.02262737899e-05
34200,1.66048079597e-05,7.99966972552e-05
34300,1.66080223476e-05,7.97684485211e-05
34400,1.66112291122e-05,7.95415162118e-05
34500,1.66144278539e-05,7.93158881555e-05
34600,1.66176177634e-05,7.90915516078e-05
34700,1.662079787e-05,7.8868493692e-05
34800,1.66239673331e-05,7.86467019067e-05
34900,1.66271256918e-05,7.84261645512e-05
35000,1.66302729933e-05,7.8206870935e-05
35100,1.66334097616e-05,7.79888113089e-05
35200,1.66365368205e-05,7.77719765474e-05
35300,1.66396550209e-05,7.75563576736e-05
35400,1.66427649648e-05,7.73419453878e-05
35500,1.66458668063e-05,7.71287297345e-05
35600,1.6648960201e-05,7.69167000263e-05
35700,1.66520444062e-05,7.67058450252e-05
35800,1.665511851e-05,7.64961533348e-05
35900,1.66581817064e-05,7.62876138648e-05
36000,1.66612335338e-05,7.60802162255e-05
36100,1.66642740047e-05,7.58739509329e-05
36200,1.66673035856e-05,7.56688093633e-05
36300,1.66703230368e-05,7.54647834739e-05
36400,1.66733331598e-05,7.5261865378e-05
36500,1.6676334535e-05,7.50600469102e-05
36600,1.66793273299e-05,7.48593193158e-05
36700,1.66823112384e-05,7.46596731595e-05
36800,1.6685285572e-05,7.44610984849e-05
36900,1.66882494646e-05,7.4263585156e-05
37000,1.6691202134e-05,7.40671232827e-05
37100,1.66941431092e-05,7.38717035875e-05
37200,1.66970723607e-05,7.36773176054e-05
37300,1.66999902897e-05,7.34839576564e-05
37400,1.67028975847e-05,7.32916166029e-05
37500,1.67057949871e-05,7.31002874678e-05
37600,1.67086830422e-05,7.29099630346e-05
37700,1.67115619142e-05,7.27206355563e-05
37800,1.67144313203e-05,7.25322966584e-05
37900,1.67172906063e-05,7.23449374683e-05
38000,1.67201389375e-05,7.21585489217e-05
38100,1.67229755399e-05,7.19731221469e-05
38200,1.67257999213e-05,7.17886488084e-05
38300,1.67286119974e-05,7.16051212963e-05
38400,1.67314120944e-05,7.14225327209e-05
38500,1.67342008159e-05,7.1240876696e-05
38600,1.67369788291e-05,7.10601469991e-05
38700,1.67397466285e-05,7.08803372048e-05
38800,1.6742504355e-05,7.07014404074e-05
38900,1.67452517282e-05,7.05234491242e-05
39000,1.67479881089e-05,7.03463553986e-05
39100,1.6750712673e-05,7.01701510733e-05
39200,1.67534246375e-05,6.99948281379e-05
39300,1.6756123472e-05,6.98203790492e-05
39400,1.67588090239e-05,6.96467969148e-05
39500,1.67614815277e-05,6.94740754984e-05
39600,1.67641414886e-05,6.93022090355e-05
39700,1.67667894814e-05,6.91311919242e-05
39800,1.67694259293e-05,6.89610183903e-05
39900,1.67720509296e-05,6.87916822296e-05
40000,1.67746641807e-05,6.86231767035e-05
40100,1.67772650348e-05,6.84554946256e-05
40200,1.67798526557e-05,6.82886286011e-05
40300,1.67824262311e-05,6.81225713454e-05
40400,1.67849851723e-05,6.79573159775e-05
40500,1.67875292422e-05,6.7792856203e-05
40600,1.67900585657e-05,6.76291863225e-05
40700,1.67925735308e-05,6.74663010784e-05
40800,1.67950746009e-05,6.73041953749e-05
40900,1.67975621067e-05,6.71428639714e-05
41000,1.68000380224e-05,6.69823040708e-05
41100,1.68025120409e-05,6.68225241055e-05
41200,1.68049716417e-05,6.66635002563e-05
41300,1.68074159617e-05,6.65052257804e-05
41400,1.68098441468e-05,6.63476940138e-05
41500,1.68122555405e-05,6.61908986416e-05
41600,1.68146498082e-05,6.60348338716e-05
41700,1.68170269579e-05,6.58794944568e-05
41800,1.68193872483e-05,6.57248755584e-05
41900,1.68217310202e-05,6.55709725e-05
42000,1.68240584983e-05,6.5417780485e-05
42100,1.68263696291e-05,6.52652943683e-05
42200,1.68286640049e-05,6.51135085544e-05
42300,1.68309408976e-05,6.4962417049e-05
42400,1.68331993867e-05,6.48120136455e-05
42500,1.68354385449e-05,6.46622921866e-05
42600,1.68376576195e-05,6.45132468178e-05
42700,1.68398561544e-05,6.43648721532e-05
42800,1.68420340148e-05,6.42171633043e-05
42900,1.68441913066e-05,6.40701157625e-05
43000,1.68463282219e-05,6.392372518e-05
43100,1.68484448524e-05,6.37779871108e-05
43200,1.68505410333e-05,6.36328967966e-05
43300,1.68526162656e-05,6.34884490644e-05
43400,1.6854669742e-05,6.33446383667e-05
43500,1.68567004626e-05,6.32014589441e-05
43600,1.6858707408e-05,6.30589050642e-05
43700,1.68606897121e-05,6.29169712564e-05
43800,1.68626467798e-05,6.27756524681e-05
43900,1.68645783187e-05,6.26349441031e-05
44000,1.68664842677e-05,6.24948419191e-05
44100,1.68683646547e-05,6.23553418326e-05
44200,1.68702194221e-05,6.22164396818e-05
44300,1.6872048276e-05,6.20781310256e-05
44400,1.687385061e-05,6.19404110449e-05
44500,1.68756255211e-05,6.18032745684e-05
44600,1.68773719168e-05,6.16667162194e-05
44700,1.68790886758e-05,6.15307306314e-05
44800,1.6880774811e-05,6.13953126642e-05
44900,1.68824295874e-05,6.12604575572e-05
45000,1.68840525554e-05,6.11261609688e-05
45100,1.68856434922e-05,6.09924188944e-05
45200,1.68872022705e-05,6.08592274903e-05
45300,1.68887286941e-05,6.07265828562e-05
45400,1.68902223572e-05,6.05944808522e-05
45500,1.68916825657e-05,6.04629169991e-05
45600,1.68931083495e-05,6.03318864975e-05
45700,1.68944985582e-05,6.02013843571e-05
45800,1.68958520124e-05,6.0071405593e-05
45900,1.68971676589e-05,5.99419454276e-05
46000,1.68984446858e-05,5.98129994361e-05
46100,1.68996825613e-05,5.96845635923e-05
46200,1.6900880984e-05,5.95566342007e-05
46300,1.69020397623e-05,5.94292077378e-05
46400,1.69031586635e-05,5.93022806583e-05
46500,1.69042372775e-05,5.91758492205e-05
46600,1.69052749402e-05,5.90499093917e-05
46700,1.69062707399e-05,5.89244568596e-05
46800,1.69072236053e-05,5.8799487146e-05
46900,1.6908132443e-05,5.86749957837e-05
47000,1.69089962879e-05,5.85509785047e-05
47100,1.69098144146e-05,5.84274313789e-05
47200,1.69105863781e-05,5.83043508614e-05
47300,1.69113119719e-05,5.81817337354e-05
47400,1.69119911186e-05,5.80595769731e-05
47500,1.6912623728e-05,5.79378775547e-05
47600,1.69132095655e-05,5.78166323065e-05
47700,1.69137481774e-05,5.76958378085e-05
47800,1.69142388896e-05,5.7575490396e-05
47900,1.69146808855e-05,5.7455586258e-05
48000,1.69150733353e-05,5.7336121599e-05
48100,1.69154155353e-05,5.72170928096e-05
48200,1.69157070147e-05,5.70984965966e-05
48300,1.69159475789e-05,5.69803300322e-05
48400,1.69161372738e-05,5.68625905063e-05
48500,1.69162762839e-05,5.67452755997e-05
48600,1.69163647988e-05,5.66283829184e-05
48700,1.69164028878e-05,5.65119099413e-05
48800,1.69163904228e-05,5.63958539278e-05
48900,1.69163270732e-05,5.62802119142e-05
49000,1.69162123735e-05,5.6164980797e-05
49100,1.69160458416e-05,5.60501574778e-05
49200,1.69158271099e-05,5.59357390203e-05
49300,1.69155560277e-05,5.58217227726e-05
49400,1.69152327048e-05,5.57081064157e-05
49500,1.69148574822e-05,5.55948879255e-05
49600,1.69144308378e-05,5.54820654574e-05
49700,1.69139532613e-05,5.53696371953e-05
49800,1.69134251334e-05,5.52576012075e-05
49900,1.69128466492e-05,5.51459553567e-05
50000,1.69122178091e-05,5.50346972918e-05
50100,1.69115647642e-05,5.49238556065e-05
50200,1.69108634073e-05,5.481339935e-05
50300,1.69101104818e-05,5.47033223756e-05
50400,1.69093060913e-05,5.4593622535e-05
50500,1.69084505808e-05,5.44842979796e-05
50600,1.69075445101e-05,5.43753471263e-05
50700,1.690658857e-05,5.42667685577e-05
50800,1.69055834649e-05,5.41585608827e-05
50900,1.6904529798e-05,5.40507226033e-05
51000,1.6903427995e-05,5.39432520266e-05
51100,1.69022782924e-05,5.38361472528e-05
51200,1.69010807883e-05,5.37294062369e-05
51300,1.68998355417e-05,5.36230269037e-05
51400,1.68985426894e-05,5.35170072839e-05
51500,1.68972025407e-05,5.34113456214e-05
51600,1.68958156229e-05,5.33060404241e-05
51700,1.68943826612e-05,5.32010904382e-05
51800,1.68929045031e-05,5.30964945595e-05
51900,1.68913820087e-05,5.29922517066e-05
52000,1.68898159407e-05,5.28883606951e-05
52100,1.68882068914e-05,5.2784820156e-05
52200,1.68865552666e-05,5.26816285184e-05
52300,1.68848613306e-05,5.25787840628e-05
52400,1.68831252987e-05,5.24762850269e-05
52500,1.68813474448e-05,5.23741297283e-05
52600,1.68795281967e-05,5.22723166704e-05
52700,1.68776681777e-05,5.21708445883e-05
52800,1.68757681959e-05,5.20697124344e-05
52900,1.68738291741e-05,5.19689192979e-05
53000,1.68718520471e-05,5.18684642883e-05
53100,1.68698376593e-05,5.17683464211e-05
53200,1.68677866926e-05,5.16685645381e-05
53300,1.68656996473e-05,5.15691172869e-05
53400,1.6863576883e-05,5.14700031696e-05
53500,1.68614187018e-05,5.13712206348e-05
53600,1.68592254518e-05,5.1272768194e-05
53700,1.68569976169e-05,5.117464452e-05
53800,1.68547358606e-05,5.10768484941e-05
53900,1.68524410196e-05,5.09793791969e-05
54000,1.68501140392e-05,5.08822358355e-05
54100,1.68477558803e-05,5.07854176407e-05
54200,1.68453674209e-05,5.06889237586e-05
54300,1.68429493863e-05,5.0592753174e-05
54400,1.68405023286e-05,5.04969046907e-05
54500,1.68380266608e-05,5.04013769694e-05
54600,1.68355227355e-05,5.03061686147e-05
54700,1.68329909403e-05,5.02112782797e-05
54800,1.6830431784e-05,5.01167047594e-05
54900,1.68278459434e-05,5.00224470394e-05
55000,1.68252342568e-05,4.99285042882e-05
55100,1.68225976698e-05,4.98348757967e-05
55200,1.68199371469e-05,4.97415608817e-05
55300,1.68172535785e-05,4.96485587858e-05
55400,1.68145477137e-05,4.95558686057e-05
55500,1.68118201381e-05,4.94634892691e-05
55600,1.68090713021e-05,4.93714195674e-05
55700,1.68063015934e-05,4.92796582334e-05
55800,1.68035114284e-05,4.91882040397e-05
55900,1.68007013313e-05,4.90970558834e-05
56000,1.67978719833e-05,4.90062128368e-05
56100,1.67950242211e-05,4.89156741442e-05
56200,1.67921589843e-05,4.88254391655e-05
56300,1.67892772365e-05,4.8735507291e-05
56400,1.67863798775e-05,4.86458778485e-05
56500,1.67834860925e-05,4.85565694884e-05
56600,1.67805849251e-05,4.84675689514e-05
56700,1.67776704589e-05,4.83788683714e-05
56800,1.67747431005e-05,4.82904665814e-05
56900,1.67718032774e-05,4.82023624447e-05
57000,1.67688515178e-05,4.81145549387e-05
57100,1.67658884962e-05,4.80270432009e-05
57200,1.67629150339e-05,4.79398265292e-05
57300,1.67599320564e-05,4.78529043354e-05
57400,1.67569405162e-05,4.77662760641e-05
57500,1.67539413115e-05,4.76799411084e-05
57600,1.67509352207e-05,4.75938987415e-05
57700,1.67479228791e-05,4.75081480939e-05
57800,1.67449047979e-05,4.74226881746e-05
57900,1.67418814251e-05,4.73375179339e-05
58000,1.67388532245e-05,4.72526363464e-05
58100,1.67358207513e-05,4.7168042488e-05
58200,1.67327846974e-05,4.70837355824e-05
58300,1.67297458959e-05,4.69997150035e-05
58400,1.67267052815e-05,4.69159802349e-05
58500,1.67236638199e-05,4.6832530796e-05
58600,1.67206224312e-05,4.67493661634e-05
58700,1.67175819269e-05,4.66664857073e-05
58800,1.67145429839e-05,4.65838886656e-05
58900,1.67115061621e-05,4.65015741628e-05
59000,1.67084719581e-05,4.64195412651e-05
59100,1.67054408793e-05,4.6337789057e-05
59200,1.67024135161e-05,4.62563167133e-05
59300,1.66993905876e-05,4.61751235447e-05
59400,1.66963729464e-05,4.60942090025e-05
59500,1.66933615449e-05,4.60135726425e-05
59600,1.669035737e-05,4.59332140591e-05
59700,1.66873613705e-05,4.58531328119e-05
59800,1.66843743963e-05,4.57733283647e-05
59900,1.6681397172e-05,4.56938000599e-05
60000,1.66784303101e-05,4.56145471326e-05
60100,1.66754743601e-05,4.55355687604e-05
60200,1.66725298787e-05,4.54568641342e-05
60300,1.66695974968e-05,4.53784325242e-05
60400,1.66666779648e-05,4.5300273325e-05
60500,1.66637721599e-05,4.52223860616e-05
60600,1.66608810564e-05,4.51447703592e-05
60700,1.66580056657e-05,4.50674258825e-05
60800,1.66551469664e-05,4.49903522672e-05
60900,1.66523058478e-05,4.49135490632e-05
61000,1.66494830812e-05,4.48370157081e-05
61100,1.66466793302e-05,4.4760751537e-05
61200,1.66438951959e-05,4.46847558288e-05
61300,1.66411312813e-05,4.46090278691e-05
61400,1.6638388255e-05,4.45335670126e-05
61500,1.66356668962e-05,4.44583727273e-05
61600,1.6632968103e-05,4.4383444601e-05
61700,1.66302928669e-05,4.43087823159e-05
61800,1.66276422165e-05,4.42343855929e-05
61900,1.66250171527e-05,4.41602541283e-05
62000,1.66224185936e-05,4.40863875407e-05
62100,1.66198473449e-05,4.40127853421e-05
62200,1.66173041085e-05,4.39394469476e-05
62300,1.66147895212e-05,4.38663717135e-05
62400,1.66123042162e-05,4.37935589966e-05
62500,1.66098488824e-05,4.37210082122e-05
62600,1.66074243069e-05,4.36487188741e-05
62700,1.66050313873e-05,4.35766906056e-05
62800,1.66026711061e-05,4.35049231144e-05
62900,1.66003444802e-05,4.34334161435e-05
63000,1.65980524996e-05,4.33621694122e-05
63100,1.65957960723e-05,4.32911825632e-05
63200,1.65935759955e-05,4.32204551362e-05
63300,1.65913929592e-05,4.31499865714e-05
63400,1.65892475822e-05,4.30797762453e-05
63500,1.65871404659e-05,4.30098235216e-05
63600,1.65850722508e-05,4.29401278053e-05
63700,1.6583043658e-05,4.28706885814e-05
63800,1.6581055498e-05,4.2801505423e-05
63900,1.65791086513e-05,4.27325779724e-05
64000,1.65772040185e-05,4.26639058926e-05
64100,1.65753424614e-05,4.2595488813e-05
64200,1.65735247508e-05,4.2527326279e-05
64300,1.65717515334e-05,4.24594177227e-05
64400,1.65700233347e-05,4.23917624656e-05
64500,1.65683405881e-05,4.23243597471e-05
64600,1.65667036843e-05,4.22572087712e-05
64700,1.65651130246e-05,4.21903087566e-05
64800,1.65635690575e-05,4.21236589704e-05
64900,1.65620722917e-05,4.20572587402e-05
65000,1.65606232753e-05,4.19911074345e-05
65100,1.65592225515e-05,4.19252044205e-05
65200,1.65578706024e-05,4.18595490127e-05
65300,1.65565677979e-05,4.17941404256e-05
65400,1.65553143647e-05,4.17289777455e-05
65500,1.65541103859e-05,4.16640599316e-05
65600,1.65529558275e-05,4.15993858408e-05
65700,1.65518505857e-05,4.15349542727e-05
65800,1.65507945365e-05,4.14707640148e-05
65900,1.65497875752e-05,4.14068138792e-05
66000,1.65488296284e-05,4.1343102714e-05
66100,1.65479206407e-05,4.12796293899e-05
66200,1.65470605338e-05,4.12163927632e-05
66300,1.65462491576e-05,4.11533916311e-05
66400,1.65454862426e-05,4.10906246891e-05
66500,1.65447713719e-05,4.10280905055e-05
66600,1.65441039819e-05,4.09657875237e-05
66700,1.65434833884e-05,4.09037140865e-05
66800,1.65429088328e-05,4.08418684788e-05
66900,1.65423795323e-05,4.07802489733e-05
67000,1.65418947202e-05,4.07188538671e-05
67100,1.6541453664e-05,4.06576814981e-05
67200,1.65410556539e-05,4.05967302341e-05
67300,1.65406999716e-05,4.05359984446e-05
67400,1.65403858444e-05,4.04754844596e-05
67500,1.65401124056e-05,4.04151865343e-05
67600,1.65398786672e-05,4.03551028252e-05
67700,1.65396835217e-05,4.02952313927e-05
67800,1.65395257684e-05,4.0235570225e-05
67900,1.65394041571e-05,4.01761172779e-05
68000,1.65393174391e-05,4.011687052e-05
68100,1.65392644056e-05,4.00578279675e-05
68200,1.65392439087e-05,3.9998987702e-05
68300,1.65392548551e-05,3.99403478643e-05
68400,1.6539296176e-05,3.98819066281e-05
68500,1.65393667878e-05,3.98236621641e-05
68600,1.65394655524e-05,3.97656126057e-05
68700,1.65395912526e-05,3.97077560274e-05
68800,1.65397425923e-05,3.96500904452e-05
68900,1.65399182185e-05,3.95926138367e-05
69000,1.65401167637e-05,3.95353241784e-05
69100,1.65403368911e-05,3.94782194855e-05
69200,1.65405773335e-05,3.94212978455e-05
69300,1.65408369123e-05,3.93645574343e-05
69400,1.65411145321e-05,3.93079965111e-05
69500,1.65414091538e-05,3.92516133939e-05
69600,1.65417197551e-05,3.91954064253e-05
69700,1.65420452928e-05,3.91393739392e-05
69800,1.6542384677e-05,3.90835142384e-05
69900,1.65427367675e-05,3.90278255922e-05
70000,1.65431003939e-05,3.89723062535e-05
70100,1.6543474391e-05,3.891695449e-05
70200,1.65438576413e-05,3.88617686204e-05
70300,1.65442491104e-05,3.88067470443e-05
70400,1.65446478649e-05,3.87518882577e-05
70500,1.65450530661e-05,3.86971908466e-05
70600,1.6545463946e-05,3.86426534651e-05
70700,1.65458797679e-05,3.85882748024e-05
70800,1.65462997888e-05,3.85340535496e-05
70900,1.65467232329e-05,3.84799883771e-05
71000,1.65471492873e-05,3.84260779313e-05
71100,1.65475771145e-05,3.83723208456e-05
71200,1.65480058875e-05,3.83187157698e-05
71300,1.65484348262e-05,3.82652614012e-05
71400,1.65488632314e-05,3.82119565132e-05
71500,1.65492905007e-05,3.81587999679e-05
71600,1.65497161241e-05,3.81057907119e-05
71700,1.65501396605e-05,3.80529277561e-05
71800,1.65505606997e-05,3.80002101427e-05
71900,1.65509788272e-05,3.79476369159e-05
72000,1.65513935979e-05,3.78952070993e-05
72100,1.65518045266e-05,3.78429196885e-05
72200,1.65522111022e-05,3.77907736628e-05
72300,1.65526128166e-05,3.77387680101e-05
72400,1.65530092004e-05,3.76869017558e-05
72500,1.65533998524e-05,3.76351739879e-05
72600,1.65537844589e-05,3.75835838723e-05
72700,1.6554162786e-05,3.7532130646e-05
72800,1.65545346617e-05,3.74808136015e-05
72900,1.65548999392e-05,3.74296320561e-05
73000,1.65552584631e-05,3.73785853239e-05
73100,1.65556100424e-05,3.73276726933e-05
73200,1.6555954443e-05,3.72768934205e-05
73300,1.65562913978e-05,3.72262467393e-05
73400,1.65566206336e-05,3.71757318821e-05
73500,1.65569419042e-05,3.71253481081e-05
73600,1.65572550199e-05,3.70750947266e-05
73700,1.65575598644e-05,3.7024971111e-05
73800,1.65578563922e-05,3.69749766963e-05
73900,1.65581446093e-05,3.69251109624e-05
74000,1.65584245411e-05,3.68753734083e-05
74100,1.65586961995e-05,3.68257635242e-05
74200,1.65589595583e-05,3.67762807723e-05
74300,1.65592145434e-05,3.67269245785e-05
74400,1.65594610425e-05,3.6677694341e-05
74500,1.65596989296e-05,3.66285894498e-05
74600,1.65599280955e-05,3.65796093119e-05
74700,1.65601484779e-05,3.65307533756e-05
74800,1.65603600763e-05,3.6482021142e-05
74900,1.65605629522e-05,3.64334121648e-05
75000,1.65607572112e-05,3.63849260357e-05
75100,1.65609429746e-05,3.63365623613e-05
75200,1.65611203473e-05,3.62883207369e-05
75300,1.65612893944e-05,3.62402007281e-05
75400,1.65614501312e-05,3.6192201863e-05
75500,1.65616025318e-05,3.61443236389e-05
75600,1.65617465511e-05,3.60965655405e-05
75700,1.65618821544e-05,3.60489270637e-05
75800,1.65620093447e-05,3.60014077369e-05
75900,1.65621281791e-05,3.59540071343e-05
76000,1.65622387705e-05,3.59067248765e-05
76100,1.65623412704e-05,3.58595606168e-05
76200,1.65624358435e-05,3.58125140209e-05
76300,1.65625226377e-05,3.57655847428e-05
76400,1.65626017615e-05,3.57187724072e-05
76500,1.65626732737e-05,3.56720766015e-05
76600,1.65627371898e-05,3.56254968809e-05
76700,1.65627935048e-05,3.5579032787e-05
76800,1.65628422172e-05,3.55326838664e-05
76900,1.65628833585e-05,3.5486449694e-05
77000,1.65629170082e-05,3.54403298847e-05
77100,1.65629432957e-05,3.53943240943e-05
77200,1.65629623867e-05,3.5348432009e-05
77300,1.65629744582e-05,3.53026533254e-05
77400,1.65629796723e-05,3.52569877299e-05
77500,1.65629781519e-05,3.52114348802e-05
77600,1.65629699728e-05,3.51659943988e-05
77700,1.65629551677e-05,3.51206658768e-05
77800,1.65629337455e-05,3.50754488888e-05
77900,1.65629057173e-05,3.50303430133e-05
78000,1.65628711218e-05,3.49853478524e-05
78100,1.65628300406e-05,3.49404630433e-05
78200,1.65627826021e-05,3.48956882615e-05
78300,1.65627289683e-05,3.48510232097e-05
78400,1.65626693135e-05,3.48064676021e-05
78500,1.65626037966e-05,3.47620211421e-05
78600,1.65625325412e-05,3.47176835076e-05
78700,1.65624556253e-05,3.46734543431e-05
78800,1.65623730854e-05,3.4629333263e-05
78900,1.65622849326e-05,3.45853198643e-05
79000,1.65621911787e-05,3.45414137466e-05
79100,1.6562091859e-05,3.44976145293e-05
79200,1.65619870482e-05,3.4453921864e-05
79300,1.65618768648e-05,3.44103354373e-05
79400,1.65617614591e-05,3.43668549616e-05
79500,1.65616409935e-05,3.43234801601e-05
79600,1.65615156181e-05,3.42802107478e-05
79700,1.65613854496e-05,3.42370464161e-05
79800,1.65612505613e-05,3.41939868249e-05
79900,1.65611109867e-05,3.41510316056e-05
80000,1.65609667344e-05,3.41081803728e-05
80100,1.65608178114e-05,3.40654327416e-05
80200,1.65606642449e-05,3.40227883447e-05
80300,1.65605060994e-05,3.39802468441e-05
80400,1.65603434792e-05,3.39378079339e-05
80500,1.65601765201e-05,3.3895471333e-05
80600,1.65600053704e-05,3.38532367715e-05
80700,1.65598301676e-05,3.38111039724e-05
80800,1.65596510184e-05,3.37690726371e-05
80900,1.65594679899e-05,3.37271424391e-05
81000,1.65592811096e-05,3.36853130236e-05
81100,1.65590903815e-05,3.36435840203e-05
81200,1.65588958057e-05,3.36019550577e-05
81300,1.65586974007e-05,3.356042578e-05
81400,1.65584952191e-05,3.35189958581e-05
81500,1.6558289351e-05,3.34776649928e-05
81600,1.65580799171e-05,3.34364329086e-05
81700,1.65578670507e-05,3.3395299341e-05
81800,1.65576508761e-05,3.33542640201e-05
81900,1.65574314909e-05,3.33133266573e-05
82000,1.6557208953e-05,3.32724869367e-05
82100,1.65569832853e-05,3.32317445177e-05
82200,1.65567544857e-05,3.31910990431e-05
82300,1.65565225483e-05,3.31505501546e-05
82400,1.65562874827e-05,3.31100975073e-05
82500,1.65560493299e-05,3.30697407805e-05
82600,1.65558081672e-05,3.3029479682e-05
82700,1.65555640998e-05,3.29893139414e-05
82800,1.65553172474e-05,3.29492432999e-05
82900,1.65550677223e-05,3.2909267495e-05
83000,1.65548156113e-05,3.28693862466e-05
83100,1.65545609662e-05,3.28295992504e-05
83200,1.65543038034e-05,3.27899061782e-05
83300,1.65540441166e-05,3.27503066866e-05
83400,1.65537818942e-05,3.27108004299e-05
83500,1.65535171376e-05,3.26713870739e-05
83600,1.65532498777e-05,3.26320663069e-05
83700,1.65529801793e-05,3.25928378435e-05
83800,1.65527081349e-05,3.25537014196e-05
83900,1.65524338507e-05,3.25146567819e-05
84000,1.65521574278e-05,3.24757036752e-05
84100,1.65518789439e-05,3.24368418283e-05
84200,1.65515984447e-05,3.23980709485e-05
84300,1.65513159418e-05,3.23593907199e-05
84400,1.65510314248e-05,3.23208008123e-05
84500,1.65507448769e-05,3.22823008925e-05
84600,1.65504562931e-05,3.22438906375e-05
84700,1.65501656955e-05,3.22055697451e-05
84800,1.65498731374e-05,3.21673379366e-05
84900,1.65495787004e-05,3.21291949549e-05
85000,1.65492824782e-05,3.20911405529e-05
85100,1.65489845617e-05,3.20531744824e-05
85200,1.65486850213e-05,3.20152964819e-05
85300,1.65483838963e-05,3.19775062692e-05
85400,1.65480811948e-05,3.19398035411e-05
85500,1.65477769031e-05,3.19021879807e-05
85600,1.65474710004e-05,3.18646592673e-05
85700,1.65471634763e-05,3.18272170891e-05
85800,1.6546854345e-05,3.17898611531e-05
85900,1.6546543651e-05,3.17525911891e-05
86000,1.65462314639e-05,3.17154069457e-05
86100,1.65459178681e-05,3.16783081832e-05
86200,1.65456029452e-05,3.16412946609e-05
86300,1.65452867583e-05,3.16043661264e-05
86400,1.65449693418e-05,3.15675223082e-05
86500,1.65446507013e-05,3.15307629162e-05
86600,1.65443308197e-05,3.14940876454e-05
86700,1.65440096737e-05,3.14574961882e-05
86800,1.65436872487e-05,3.14209882443e-05
86900,1.65433635518e-05,3.138456353e-05
87000,1.65430386193e-05,3.13482217831e-05
87100,1.65427125113e-05,3.13119627593e-05
87200,1.65423853032e-05,3.12757862258e-05
87300,1.65420570683e-05,3.12396919498e-05
87400,1.65417278634e-05,3.12036796876e-05
87500,1.65413977191e-05,3.11677491792e-05
87600,1.65410666381e-05,3.11319001459e-05
87700,1.65407346021e-05,3.1096132296e-05
87800,1.65404015847e-05,3.10604453336e-05
87900,1.65400675682e-05,3.10248389701e-05
88000,1.65397325541e-05,3.09893129314e-05
88100,1.65393965712e-05,3.09538669634e-05
88200,1.65390596716e-05,3.09185008292e-05
88300,1.65387219225e-05,3.08832143032e-05
88400,1.65383833894e-05,3.08480071598e-05
88500,1.65380441241e-05,3.0812879165e-05
88600,1.65377041533e-05,3.07778300688e-05
88700,1.65373634781e-05,3.07428596046e-05
88800,1.65370220785e-05,3.07079674928e-05
88900,1.65366799273e-05,3.06731534503e-05
89000,1.65363370028e-05,3.06384171988e-05
89100,1.65359933028e-05,3.06037584744e-05
89200,1.6535648849e-05,3.05691770309e-05
89300,1.65353036868e-05,3.05346726392e-05
89400,1.65349578751e-05,3.05002450802e-05
89500,1.65346114738e-05,3.04658941366e-05
89600,1.65342645294e-05,3.04316195829e-05
89700,1.65339170658e-05,3.03974211795e-05
89800,1.65335690822e-05,3.03632986713e-05
89900,1.65332205582e-05,3.03292517908e-05
90000,1.6532871465e-05,3.02952802663e-05
90100,1.65325217791e-05,3.02613838307e-05
90200,1.65321714939e-05,3.02275622297e-05
90300,1.65318206258e-05,3.01938152253e-05
90400,1.65314692138e-05,3.01601425957e-05
90500,1.65311173102e-05,3.01265441291e-05
90600,1.65307649686e-05,3.00930196155e-05
90700,1.65304122314e-05,3.00595688383e-05
90800,1.653005912e-05,3.00261915678e-05
90900,1.65297056323e-05,2.99928875599e-05
91000,1.65293517472e-05,2.99596565585e-05
91100,1.65289974356e-05,2.99264983037e-05
91200,1.6528642672e-05,2.9893412539e-05
91300,1.65282874464e-05,2.98603990193e-05
91400,1.65279317708e-05,2.9827457515e-05
91500,1.65275756781e-05,2.97945878116e-05
91600,1.65272192145e-05,2.97617897043e-05
91700,1.65268624286e-05,2.97290629906e-05
91800,1.65265053586e-05,2.96964074621e-05
91900,1.65261480239e-05,2.96638228989e-05
92000,1.65257904208e-05,2.9631309067e-05
92100,1.65254325291e-05,2.95988657225e-05
92200,1.65250743185e-05,2.95664926158e-05
92300,1.65247157625e-05,2.95341895009e-05
92400,1.65243568485e-05,2.95019561421e-05
92500,1.65239975838e-05,2.94697923178e-05
92600,1.65236379966e-05,2.94376978206e-05
92700,1.65232781275e-05,2.94056724527e-05
92800,1.65229180201e-05,2.93737160188e-05
92900,1.65225577096e-05,2.93418283189e-05
93000,1.65221972128e-05,2.9310009142e-05
93100,1.65218365261e-05,2.92782582648e-05
93200,1.65214756286e-05,2.92465754535e-05
93300,1.652111449e-05,2.92149604694e-05
93400,1.6520753083e-05,2.91834130765e-05
93500,1.65203913929e-05,2.91519330485e-05
93600,1.65200294235e-05,2.91205201714e-05
93700,1.65196671977e-05,2.90891742449e-05
93800,1.65193047519e-05,2.90578950781e-05
93900,1.65189421253e-05,2.90266824829e-05
94000,1.65185793494e-05,2.89955362667e-05
94100,1.65182164395e-05,2.89644562277e-05
94200,1.65178533917e-05,2.89334421523e-05
94300,1.6517490185e-05,2.89024938169e-05
94400,1.65171267897e-05,2.88716109934e-05
94500,1.65167631776e-05,2.88407934554e-05
94600,1.65163993319e-05,2.88100409849e-05
94700,1.65160352539e-05,2.87793533763e-05
94800,1.65156709619e-05,2.8748730436e-05
94900,1.65153064882e-05,2.87181719799e-05
95000,1.65149418678e-05,2.86876778264e-05
95100,1.65145771296e-05,2.86572477909e-05
95200,1.65142122872e-05,2.86268816798e-05
95300,1.65138473364e-05,2.85965792889e-05
95400,1.65134822567e-05,2.85663404047e-05
95500,1.65131170186e-05,2.85361648088e-05
95600,1.65127515938e-05,2.85060522843e-05
95700,1.65123859638e-05,2.84760026216e-05
95800,1.65120201274e-05,2.84460156228e-05
95900,1.65116540994e-05,2.84160911012e-05
96000,1.65112879076e-05,2.83862288787e-05
96100,1.65109215841e-05,2.8356428781e-05
96200,1.65105551548e-05,2.83266906304e-05
96300,1.65101886324e-05,2.82970142418e-05
96400,1.6509822012e-05,2.82673994196e-05
96500,1.65094552741e-05,2.823784596e-05
96600,1.65090883895e-05,2.82083536539e-05
96700,1.65087213299e-05,2.81789222936e-05
96800,1.65083540759e-05,2.81495516779e-05
96900,1.65079866237e-05,2.81202416162e-05
97000,1.65076189849e-05,2.80909919281e-05
97100,1.65072511845e-05,2.80618024427e-05
97200,1.65068832506e-05,2.80326729915e-05
97300,1.65065152072e-05,2.8003603404e-05
97400,1.65061470657e-05,2.79745935027e-05
97500,1.65057788213e-05,2.79456431009e-05
97600,1.6505410455e-05,2.79167520038e-05
97700,1.65050419388e-05,2.78879200115e-05
97800,1.65046732443e-05,2.78591469251e-05
97900,1.65043043513e-05,2.78304325513e-05
98000,1.65039352543e-05,2.78017767066e-05
98100,1.6503565962e-05,2.77731792175e-05
98200,1.65031964962e-05,2.77446399188e-05
98300,1.65028268824e-05,2.77161586485e-05
98400,1.65024571425e-05,2.76877352431e-05
98500,1.65020872869e-05,2.76593695324e-05
98600,1.65017173113e-05,2.76310613382e-05
98700,1.65013471971e-05,2.7602810474e-05
98800,1.65009769173e-05,2.75746167489e-05
98900,1.65006064439e-05,2.75464799722e-05
99000,1.65002357566e-05,2.75183999589e-05
99100,1.64998648478e-05,2.74903765321e-05
99200,1.64994937246e-05,2.7462409525e-05
99300,1.64991224054e-05,2.74344987781e-05
99400,1.64987509139e-05,2.7406644136e-05
99500,1.64983792693e-05,2.73788454409e-05
99600,1.64980074823e-05,2.73511025308e-05
99700,1.64976355484e-05,2.73234152349e-05
99800,1.64972634499e-05,2.72957833749e-05
99900,1.64968911609e-05,2.72682067687e-05
100000,1.64965186546e-05,2.72406852339e-05
100100,1.64961459098e-05,2.72132185925e-05
100200,1.64957729182e-05,2.71858066749e-05
100300,1.64953996848e-05,2.71584493204e-05
100400,1.64950262259e-05,2.71311463754e-05
100500,1.64946525623e-05,2.71038976902e-05
100600,1.64942787129e-05,2.7076703114e-05
100700,1.64939046873e-05,2.70495624912e-05
100800,1.6493530481e-05,2.70224756585e-05
100900,1.64931560779e-05,2.6995442446e-05
101000,1.64927814535e-05,2.69684626795e-05
101100,1.64924065815e-05,2.69415361846e-05
101200,1.64920314409e-05,2.69146627906e-05
101300,1.64916560228e-05,2.68878423346e-05
101400,1.64912803307e-05,2.6861074662e-05
101500,1.64909043783e-05,2.68343596249e-05
101600,1.64905281855e-05,2.68076970794e-05
101700,1.64901517694e-05,2.67810868809e-05
101800,1.64897751394e-05,2.67545288805e-05
101900,1.64893982918e-05,2.67280229222e-05
102000,1.64890212116e-05,2.67015688438e-05
102100,1.64886438756e-05,2.66751664788e-05
102200,1.64882662584e-05,2.66488156604e-05
102300,1.64878883401e-05,2.66225162253e-05
102400,1.64875101108e-05,2.65962680169e-05
102500,1.64871315727e-05,2.65700708866e-05
102600,1.64867527387e-05,2.65439246923e-05
102700,1.64863736262e-05,2.65178292956e-05
102800,1.64859942521e-05,2.64917845578e-05
102900,1.64856146248e-05,2.64657903362e-05
103000,1.64852347424e-05,2.64398464823e-05
103100,1.64848545909e-05,2.64139528412e-05
103200,1.64844741482e-05,2.63881092537e-05
103300,1.64840933909e-05,2.63623155606e-05
103400,1.64837122994e-05,2.63365716055e-05
103500,1.64833308634e-05,2.6310877238e-05
103600,1.6482949085e-05,2.62852323155e-05
103700,1.64825669751e-05,2.62596367013e-05
103800,1.64821845503e-05,2.62340902624e-05
103900,1.64818018264e-05,2.62085928659e-05
104000,1.64814188127e-05,2.61831443757e-05
104100,1.64810355075e-05,2.61577446495e-05
104200,1.64806518983e-05,2.61323935397e-05
104300,1.64802679651e-05,2.61070908946e-05
104400,1.64798836859e-05,2.60818365619e-05
104500,1.64794990416e-05,2.60566303918e-05
104600,1.6479114023e-05,2.60314722406e-05
104700,1.64787286301e-05,2.60063619706e-05
104800,1.64783428744e-05,2.59812994512e-05
104900,1.6477956771e-05,2.59562845544e-05
105000,1.64775703353e-05,2.5931317153e-05
105100,1.64771835766e-05,2.59063971167e-05
105200,1.64767964946e-05,2.58815243099e-05
105300,1.64764090781e-05,2.58566985917e-05
105400,1.64760213096e-05,2.58319198176e-05
105500,1.64756331678e-05,2.58071878419e-05
105600,1.64752446358e-05,2.57825025217e-05
105700,1.64748557036e-05,2.57578637187e-05
105800,1.64744663726e-05,2.57332713016e-05
105900,1.64740766518e-05,2.57087251442e-05
106000,1.64736865568e-05,2.56842251242e-05
106100,1.64732961027e-05,2.56597711197e-05
106200,1.64729052992e-05,2.56353630061e-05
106300,1.64725141469e-05,2.56110006542e-05
106400,1.64721226367e-05,2.55866839295e-05
106500,1.64717307527e-05,2.55624126944e-05
106600,1.64713384757e-05,2.55381868097e-05
106700,1.64709457898e-05,2.55140061388e-05
106800,1.64705526863e-05,2.54898705495e-05
106900,1.64701591656e-05,2.54657799154e-05
107000,1.64697652376e-05,2.5441734116e-05
107100,1.64693709167e-05,2.54177330336e-05
107200,1.64689762183e-05,2.53937765519e-05
107300,1.64685811525e-05,2.53698645517e-05
107400,1.64681857213e-05,2.53459969096e-05
107500,1.64677899174e-05,2.53221734977e-05
107600,1.64673937267e-05,2.52983941846e-05
107700,1.64669971322e-05,2.52746588377e-05
107800,1.64666001196e-05,2.52509673263e-05
107900,1.64662026808e-05,2.52273195241e-05
108000,1.64658048167e-05,2.52037153099e-05
108100,1.64654065371e-05,2.51801545681e-05
108200,1.64650078561e-05,2.51566371861e-05
108300,1.64646087892e-05,2.51331630522e-05
108400,1.64642093472e-05,2.51097320528e-05
108500,1.64638095338e-05,2.50863440703e-05
108600,1.64634093432e-05,2.50629989829e-05
108700,1.64630087638e-05,2.50396966653e-05
108800,1.64626077803e-05,2.5016436991e-05
108900,1.646220638e-05,2.49932198352e-05
109000,1.64618045562e-05,2.49700450772e-05
109100,1.64614023101e-05,2.49469126009e-05
109200,1.6460999651e-05,2.49238222951e-05
109300,1.64605965939e-05,2.49007740524e-05
109400,1.64601931541e-05,2.48777677656e-05
109500,1.64597893434e-05,2.48548033266e-05
109600,1.64593851666e-05,2.4831880623e-05
109700,1.64589806203e-05,2.48089995389e-05
109800,1.64585756946e-05,2.47861599548e-05
109900,1.64581703767e-05,2.47633617504e-05
110000,1.64577646551e-05,2.47406048062e-05
110100,1.64573585245e-05,2.47178890069e-05
110200,1.64569519866e-05,2.46952142412e-05
110300,1.64565450515e-05,2.46725804029e-05
110400,1.64561377336e-05,2.46499873887e-05
110500,1.64557300489e-05,2.46274350965e-05
110600,1.64553220101e-05,2.46049234225e-05
110700,1.64549136232e-05,2.458245226e-05
110800,1.64545048867e-05,2.45600214983e-05
110900,1.64540957932e-05,2.4537631024e-05
111000,1.64536863312e-05,2.45152807217e-05
111100,1.64532764919e-05,2.44929704781e-05
111200,1.64528662704e-05,2.44707001822e-05
111300,1.64524556698e-05,2.4448469728e-05
111400,1.64520447001e-05,2.44262790136e-05
111500,1.6451633376e-05,2.44041279399e-05
111600,1.64512217138e-05,2.43820164092e-05
111700,1.64508097271e-05,2.43599443224e-05
111800,1.64503974234e-05,2.43379115779e-05
111900,1.64499848029e-05,2.431591807e-05
112000,1.644957186e-05,2.42939636906e-05
112100,1.64491585859e-05,2.427204833e-05
112200,1.64487449732e-05,2.42501718798e-05
112300,1.6448331018e-05,2.42283342339e-05
112400,1.64479167239e-05,2.42065352905e-05
112500,1.64475021016e-05,2.4184774952e-05
112600,1.64470871659e-05,2.41630531236e-05
112700,1.64466719337e-05,2.41413697117e-05
112800,1.64462564197e-05,2.41197246219e-05
112900,1.64458406316e-05,2.40981177566e-05
113000,1.6445424572e-05,2.40765490156e-05
113100,1.64450082374e-05,2.40550182955e-05
113200,1.64445916204e-05,2.40335254918e-05
113300,1.64441747152e-05,2.40120705008e-05
113400,1.64437575196e-05,2.39906532211e-05
113500,1.64433400375e-05,2.3969273555e-05
113600,1.64429222799e-05,2.39479314091e-05
113700,1.6442504262e-05,2.39266266923e-05
113800,1.64420860005e-05,2.39053593149e-05
113900,1.6441667511e-05,2.38841291867e-05
114000,1.64412488027e-05,2.38629362145e-05
114100,1.64408298792e-05,2.38417803024e-05
114200,1.6440410739e-05,2.38206613523e-05
114300,1.64399913763e-05,2.37995792637e-05
114400,1.64395717866e-05,2.37785339378e-05
114500,1.64391519689e-05,2.37575252775e-05
114600,1.64387319277e-05,2.37365531891e-05
114700,1.64383116736e-05,2.37156175825e-05
114800,1.64378912228e-05,2.36947183708e-05
114900,1.64374705919e-05,2.36738554678e-05
115000,1.64370497964e-05,2.36530287868e-05
115100,1.64366288471e-05,2.3632238239e-05
115200,1.64362077485e-05,2.36114837327e-05
115300,1.64357864999e-05,2.35907651736e-05
115400,1.64353650982e-05,2.35700824666e-05
115500,1.64349435395e-05,2.35494355163e-05
115600,1.64345218237e-05,2.35288242298e-05
115700,1.64340999556e-05,2.35082485172e-05
115800,1.64336779463e-05,2.34877082919e-05
115900,1.64332558112e-05,2.34672034702e-05
116000,1.64328335669e-05,2.34467339691e-05
116100,1.64324112296e-05,2.34262997057e-05
116200,1.64319888102e-05,2.34059005948e-05
116300,1.64315663144e-05,2.33855365486e-05
116400,1.6431143743e-05,2.33652074769e-05
116500,1.64307210936e-05,2.33449132884e-05
116600,1.64302983635e-05,2.3324653892e-05
116700,1.64298755527e-05,2.33044291979e-05
116800,1.6429452667e-05,2.32842391201e-05
116900,1.64290297166e-05,2.3264083575e-05
117000,1.64286067169e-05,2.3243962482e-05
117100,1.64281836842e-05,2.32238757611e-05
117200,1.64277606345e-05,2.32038233327e-05
117300,1.64273375788e-05,2.31838051147e-05
117400,1.64269145242e-05,2.31638210232e-05
117500,1.64264914715e-05,2.31438709715e-05
117600,1.64260684197e-05,2.31239548723e-05
117700,1.64256453661e-05,2.31040726373e-05
117800,1.6425222312e-05,2.3084224181e-05
117900,1.64247992624e-05,2.306440942e-05
118000,1.64243762272e-05,2.30446282737e-05
118100,1.6423953221e-05,2.3024880664e-05
118200,1.64235302602e-05,2.30051665143e-05
118300,1.64231073597e-05,2.29854857474e-05
118400,1.64226845309e-05,2.29658382844e-05
118500,1.64222617809e-05,2.29462240445e-05
118600,1.64218391116e-05,2.29266429448e-05
118700,1.64214165216e-05,2.29070949006e-05
118800,1.64209940098e-05,2.28875798279e-05
118900,1.64205715761e-05,2.28680976433e-05
119000,1.64201492259e-05,2.28486482665e-05
119100,1.64197269688e-05,2.28292316199e-05
119200,1.64193048179e-05,2.28098476277e-05
119300,1.64188827889e-05,2.27904962156e-05
119400,1.6418460896e-05,2.27711773092e-05
119500,1.64180391509e-05,2.27518908326e-05
119600,1.641761756e-05,2.27326367076e-05
119700,1.64171961253e-05,2.27134148542e-05
119800,1.64167748461e-05,2.26942251912e-05
119900,1.6416353721e-05,2.26750676372e-05
120000,1.64159327499e-05,2.26559421119e-05
120100,1.64155119375e-05,2.26368485375e-05
120200,1.64150912921e-05,2.26177868384e-05
120300,1.64146708264e-05,2.25987569416e-05
120400,1.64142505544e-05,2.25797587749e-05
120500,1.641383049e-05,2.25607922662e-05
120600,1.64134106437e-05,2.25418573419e-05
120700,1.64129910217e-05,2.25229539268e-05
120800,1.64125716263e-05,2.25040819437e-05
120900,1.64121524565e-05,2.24852413139e-05
121000,1.64117335102e-05,2.24664319587e-05
121100,1.64113147874e-05,2.24476538004e-05
121200,1.64108962916e-05,2.24289067637e-05
121300,1.64104780302e-05,2.24101907752e-05
121400,1.64100600146e-05,2.23915057637e-05
121500,1.64096422575e-05,2.23728516593e-05
121600,1.64092247715e-05,2.23542283919e-05
121700,1.64088075664e-05,2.23356358903e-05
121800,1.64083906479e-05,2.23170740815e-05
121900,1.64079740176e-05,2.22985428908e-05
122000,1.64075576743e-05,2.22800422422e-05
122100,1.64071416156e-05,2.22615720595e-05
122200,1.64067258408e-05,2.22431322674e-05
122300,1.6406310352e-05,2.22247227924e-05
122400,1.64058951556e-05,2.22063435634e-05
122500,1.64054802615e-05,2.2187994511e-05
122600,1.64050656813e-05,2.21696755673e-05
122700,1.64046514256e-05,2.21513866638e-05
122800,1.64042375034e-05,2.21331277315e-05
122900,1.64038239199e-05,2.21148986999e-05
123000,1.64034106755e-05,2.20966994961e-05
123100,1.6402997769e-05,2.20785300469e-05
123200,1.64025851971e-05,2.2060390278e-05
123300,1.64021729582e-05,2.20422801165e-05
123400,1.64017610534e-05,2.20241994908e-05
123500,1.64013494879e-05,2.20061483318e-05
123600,1.64009382695e-05,2.19881265717e-05
123700,1.64005274083e-05,2.1970134144e-05
123800,1.64001169137e-05,2.19521709825e-05
123900,1.63997067935e-05,2.193423702e-05
124000,1.63992970516e-05,2.19163321877e-05
124100,1.63988876883e-05,2.18984564153e-05
124200,1.63984787012e-05,2.18806096314e-05
124300,1.6398070086e-05,2.18627917638e-05
124400,1.63976618405e-05,2.18450027419e-05
124500,1.63972539646e-05,2.18272424958e-05
124600,1.63968464617e-05,2.1809510958e-05
124700,1.6396439338e-05,2.17918080624e-05
124800,1.63960326024e-05,2.17741337444e-05
124900,1.63956262621e-05,2.17564879389e-05
125000,1.63952203241e-05,2.17388705809e-05
125100,1.63948147912e-05,2.17212816034e-05
125200,1.63944096625e-05,2.17037209379e-05
125300,1.63940049345e-05,2.1686188515e-05
125400,1.63936006031e-05,2.1668684265e-05
125500,1.63931966642e-05,2.16512081185e-05
125600,1.63927931168e-05,2.1633760008e-05
125700,1.63923899626e-05,2.16163398671e-05
125800,1.63919872064e-05,2.15989476317e-05
125900,1.63915848546e-05,2.15815832382e-05
126000,1.63911829142e-05,2.15642466237e-05
126100,1.63907813899e-05,2.15469377243e-05
126200,1.63903802832e-05,2.15296564749e-05
126300,1.63899795931e-05,2.15124028092e-05
126400,1.63895793146e-05,2.14951766594e-05
126500,1.63891794429e-05,2.14779779577e-05
126600,1.63887799728e-05,2.14608066367e-05
126700,1.6388380902e-05,2.14436626304e-05
126800,1.63879822308e-05,2.14265458741e-05
126900,1.63875839624e-05,2.14094563051e-05
127000,1.63871861017e-05,2.13923938614e-05
127100,1.63867886538e-05,2.13753584814e-05
127200,1.63863916221e-05,2.13583501029e-05
127300,1.63859950075e-05,2.13413686626e-05
127400,1.63855988069e-05,2.13244140956e-05
127500,1.63852030158e-05,2.13074863365e-05
127600,1.63848076277e-05,2.1290585319e-05
127700,1.63844126369e-05,2.12737109776e-05
127800,1.63840180395e-05,2.12568632479e-05
127900,1.63836238343e-05,2.12400420666e-05
128000,1.63832300235e-05,2.12232473727e-05
128100,1.638283661e-05,2.12064791054e-05
128200,1.63824435972e-05,2.11897372046e-05
128300,1.63820509878e-05,2.11730216097e-05
128400,1.63816587813e-05,2.11563322592e-05
128500,1.63812669741e-05,2.11396690898e-05
128600,1.63808755603e-05,2.11230320378e-05
128700,1.63804845332e-05,2.1106421039e-05
128800,1.63800938857e-05,2.10898360294e-05
128900,1.6379703613e-05,2.10732769462e-05
129000,1.63793137126e-05,2.10567437278e-05
129100,1.63789241853e-05,2.10402363144e-05
129200,1.63785350324e-05,2.10237546469e-05
129300,1.63781462567e-05,2.10072986666e-05
129400,1.63777578588e-05,2.09908683144e-05
129500,1.63773698376e-05,2.09744635302e-05
129600,1.63769821887e-05,2.09580842528e-05
129700,1.63765949056e-05,2.09417304201e-05
129800,1.63762079808e-05,2.09254019697e-05
129900,1.63758214066e-05,2.09090988393e-05
130000,1.63754351773e-05,2.08928209679e-05
130100,1.63750492892e-05,2.08765682954e-05
130200,1.63746637416e-05,2.08603407632e-05
130300,1.63742785351e-05,2.0844138314e-05
130400,1.63738936709e-05,2.08279608903e-05
130500,1.63735091485e-05,2.08118084345e-05
130600,1.63731249664e-05,2.07956808885e-05
130700,1.63727411195e-05,2.07795781926e-05
130800,1.63723576009e-05,2.07635002866e-05
130900,1.63719744019e-05,2.07474471097e-05
131000,1.63715915152e-05,2.07314186017e-05
131100,1.63712089336e-05,2.07154147028e-05
131200,1.6370826653e-05,2.06994353547e-05
131300,1.63704446716e-05,2.06834805006e-05
131400,1.63700629887e-05,2.06675500841e-05
131500,1.63696816048e-05,2.06516440496e-05
131600,1.6369300519e-05,2.06357623413e-05
131700,1.63689197283e-05,2.06199049021e-05
131800,1.6368539228e-05,2.06040716746e-05
131900,1.63681590104e-05,2.05882626003e-05
132000,1.63677790669e-05,2.05724776202e-05
132100,1.63673993896e-05,2.05567166758e-05
132200,1.63670199709e-05,2.05409797091e-05
132300,1.63666408062e-05,2.05252666635e-05
132400,1.63662618923e-05,2.05095774833e-05
132500,1.6365883229e-05,2.04939121144e-05
132600,1.63655048148e-05,2.04782705023e-05
132700,1.6365126649e-05,2.04626525927e-05
132800,1.63647487282e-05,2.04470583306e-05
132900,1.63643710475e-05,2.04314876602e-05
133000,1.63639935991e-05,2.04159405249e-05
133100,1.63636163746e-05,2.04004168676e-05
133200,1.63632393654e-05,2.03849166314e-05
133300,1.63628625641e-05,2.03694397603e-05
133400,1.63624859658e-05,2.03539861994e-05
133500,1.63621095669e-05,2.03385558946e-05
133600,1.63617333662e-05,2.03231487932e-05
133700,1.63613573628e-05,2.03077648426e-05
133800,1.63609815551e-05,2.02924039901e-05
133900,1.63606059396e-05,2.02770661824e-05
134000,1.63602305112e-05,2.02617513656e-05
134100,1.6359855263e-05,2.02464594849e-05
134200,1.63594801866e-05,2.02311904853e-05
134300,1.63591052731e-05,2.02159443116e-05
134400,1.6358730516e-05,2.02007209098e-05
134500,1.63583559095e-05,2.01855202265e-05
134600,1.63579814507e-05,2.01703422097e-05
134700,1.63576071374e-05,2.01551868078e-05
134800,1.6357232969e-05,2.01400539703e-05
134900,1.63568589435e-05,2.01249436459e-05
135000,1.63564850582e-05,2.01098557835e-05
135100,1.63561113085e-05,2.0094790331e-05
135200,1.63557376868e-05,2.00797472353e-05
135300,1.63553641859e-05,2.00647264434e-05
135400,1.63549907976e-05,2.00497279023e-05
135500,1.63546175149e-05,2.00347515593e-05
135600,1.63542443332e-05,2.00197973635e-05
135700,1.63538712487e-05,2.00048652639e-05
135800,1.635349826e-05,1.99899552112e-05
135900,1.63531253663e-05,1.99750671563e-05
136000,1.6352752566e-05,1.99602010499e-05
136100,1.63523798566e-05,1.99453568425e-05
136200,1.6352007234e-05,1.99305344839e-05
136300,1.63516346917e-05,1.99157339232e-05
136400,1.63512622226e-05,1.99009551091e-05
136500,1.63508898192e-05,1.98861979905e-05
136600,1.63505174756e-05,1.98714625171e-05
136700,1.63501451867e-05,1.98567486389e-05
136800,1.63497729497e-05,1.98420563074e-05
136900,1.63494007633e-05,1.98273854748e-05
137000,1.63490286268e-05,1.98127360937e-05
137100,1.63486565394e-05,1.97981081166e-05
137200,1.63482844987e-05,1.97835014957e-05
137300,1.63479125015e-05,1.97689161829e-05
137400,1.63475405419e-05,1.9754352129e-05
137500,1.63471686138e-05,1.97398092848e-05
137600,1.63467967107e-05,1.97252876012e-05
137700,1.63464248266e-05,1.97107870294e-05
137800,1.63460529574e-05,1.96963075216e-05
137900,1.63456811011e-05,1.96818490309e-05
138000,1.63453092562e-05,1.96674115111e-05
138100,1.63449374228e-05,1.96529949166e-05
138200,1.63445656003e-05,1.96385992017e-05
138300,1.63441937873e-05,1.96242243204e-05
138400,1.63438219811e-05,1.96098702263e-05
138500,1.63434501767e-05,1.95955368723e-05
138600,1.63430783688e-05,1.95812242108e-05
138700,1.63427065516e-05,1.95669321948e-05
138800,1.63423347201e-05,1.95526607772e-05
138900,1.63419628709e-05,1.95384099121e-05
139000,1.6341591002e-05,1.95241795542e-05
139100,1.63412191128e-05,1.9509969659e-05
139200,1.63408472038e-05,1.94957801826e-05
139300,1.63404752748e-05,1.94816110808e-05
139400,1.63401033251e-05,1.94674623094e-05
139500,1.63397313525e-05,1.94533338239e-05
139600,1.63393593536e-05,1.9439225579e-05
139700,1.63389873231e-05,1.94251375289e-05
139800,1.63386152566e-05,1.94110696283e-05
139900,1.63382431497e-05,1.93970218321e-05
140000,1.63378709995e-05,1.93829940958e-05
140100,1.63374988045e-05,1.93689863759e-05
140200,1.63371265646e-05,1.93549986294e-05
140300,1.63367542804e-05,1.93410308138e-05
140400,1.63363819531e-05,1.93270828871e-05
140500,1.63360095819e-05,1.93131548064e-05
140600,1.63356371656e-05,1.92992465288e-05
140700,1.63352647012e-05,1.92853580108e-05
140800,1.6334892185e-05,1.92714892085e-05
140900,1.63345196123e-05,1.9257640078e-05
141000,1.63341469802e-05,1.92438105761e-05
141100,1.63337742861e-05,1.92300006598e-05
141200,1.63334015289e-05,1.92162102872e-05
141300,1.63330287091e-05,1.92024394168e-05
141400,1.63326558278e-05,1.91886880078e-05
141500,1.63322828862e-05,1.91749560193e-05
141600,1.63319098845e-05,1.91612434103e-05
141700,1.63315368219e-05,1.91475501394e-05
141800,1.63311636961e-05,1.91338761647e-05
141900,1.6330790504e-05,1.91202214439e-05
142000,1.63304172423e-05,1.91065859349e-05
142100,1.63300439078e-05,1.90929695959e-05
142200,1.63296704987e-05,1.90793723854e-05
142300,1.63292970145e-05,1.90657942629e-05
142400,1.6328923456e-05,1.90522351887e-05
142500,1.63285498245e-05,1.9038695123e-05
142600,1.63281761214e-05,1.90251740264e-05
142700,1.63278023477e-05,1.90116718595e-05
142800,1.63274285029e-05,1.89981885823e-05
142900,1.63270545858e-05,1.89847241546e-05
143000,1.63266805934e-05,1.89712785354e-05
143100,1.63263065231e-05,1.89578516843e-05
143200,1.63259323721e-05,1.89444435606e-05
143300,1.63255581393e-05,1.89310541248e-05
143400,1.63251838245e-05,1.89176833374e-05
143500,1.63248094285e-05,1.890433116e-05
143600,1.63244349531e-05,1.88909975543e-05
143700,1.63240604e-05,1.88776824823e-05
143800,1.63236857705e-05,1.88643859058e-05
143900,1.63233110643e-05,1.88511077861e-05
144000,1.63229362809e-05,1.88378480846e-05
144100,1.6322561418e-05,1.88246067618e-05
144200,1.63221864729e-05,1.88113837784e-05
144300,1.63218114443e-05,1.87981790956e-05
144400,1.63214363305e-05,1.87849926747e-05
144500,1.63210611317e-05,1.87718244778e-05
144600,1.6320685849e-05,1.87586744676e-05
144700,1.63203104846e-05,1.87455426072e-05
144800,1.63199350399e-05,1.87324288596e-05
144900,1.6319559517e-05,1.87193331881e-05
145000,1.63191839157e-05,1.87062555554e-05
145100,1.63188082358e-05,1.86931959238e-05
145200,1.63184324755e-05,1.86801542555e-05
145300,1.6318056633e-05,1.86671305126e-05
145400,1.63176807061e-05,1.86541246572e-05
145500,1.63173046946e-05,1.86411366522e-05
145600,1.63169285984e-05,1.86281664608e-05
145700,1.63165524189e-05,1.86152140469e-05
145800,1.6316176158e-05,1.86022793747e-05
145900,1.63157998178e-05,1.85893624085e-05
146000,1.63154233997e-05,1.85764631125e-05
146100,1.63150469048e-05,1.8563581451e-05
146200,1.63146703325e-05,1.85507173873e-05
146300,1.63142936816e-05,1.8537870885e-05
146400,1.63139169504e-05,1.85250419072e-05
146500,1.63135401376e-05,1.85122304175e-05
146600,1.63131632426e-05,1.84994363799e-05
146700,1.63127862654e-05,1.84866597586e-05
146800,1.63124092077e-05,1.84739005188e-05
146900,1.63120320713e-05,1.84611586256e-05
147000,1.63116548585e-05,1.84484340446e-05
147100,1.63112775711e-05,1.84357267412e-05
147200,1.63109002099e-05,1.84230366805e-05
147300,1.63105227745e-05,1.84103638272e-05
147400,1.63101452643e-05,1.8397708146e-05
147500,1.63097676776e-05,1.83850696011e-05
147600,1.63093900137e-05,1.83724481577e-05
147700,1.63090122717e-05,1.83598437803e-05
147800,1.63086344522e-05,1.83472564347e-05
147900,1.6308256556e-05,1.83346860866e-05
148000,1.63078785858e-05,1.83221327026e-05
148100,1.63075005434e-05,1.83095962491e-05
148200,1.6307122431e-05,1.82970766927e-05
148300,1.63067442492e-05,1.82845739994e-05
148400,1.63063659981e-05,1.82720881352e-05
148500,1.63059876772e-05,1.82596190658e-05
148600,1.63056092849e-05,1.82471667567e-05
148700,1.63052308206e-05,1.82347311738e-05
148800,1.63048522839e-05,1.8222312283e-05
148900,1.63044736748e-05,1.8209910051e-05
149000,1.63040949947e-05,1.81975244445e-05
149100,1.63037162461e-05,1.81851554311e-05
149200,1.63033374304e-05,1.81728029781e-05
149300,1.63029585499e-05,1.81604670531e-05
149400,1.63025796058e-05,1.81481476233e-05
149500,1.63022005981e-05,1.81358446557e-05
149600,1.63018215259e-05,1.81235581169e-05
149700,1.63014423888e-05,1.81112879737e-05
149800,1.63010631858e-05,1.80990341928e-05
149900,1.63006839158e-05,1.8086796741e-05
150000,1.630030458e-05,1.80745755863e-05
150100,1.62999251794e-05,1.80623706962e-05
150200,1.6299545716e-05,1.80501820392e-05
150300,1.62991661917e-05,1.80380095837e-05
150400,1.62987866083e-05,1.80258532979e-05
150500,1.62984069673e-05,1.80137131504e-05
150600,1.62980272686e-05,1.80015891088e-05
150700,1.62976475121e-05,1.7989481141e-05
150800,1.62972676968e-05,1.79773892146e-05
150900,1.62968878218e-05,1.79653132974e-05
151000,1.62965078868e-05,1.79532533574e-05
151100,1.62961278921e-05,1.7941209363e-05
151200,1.62957478389e-05,1.79291812829e-05
151300,1.62953677292e-05,1.79171690865e-05
151400,1.62949875648e-05,1.7905172743e-05
151500,1.62946073478e-05,1.78931922217e-05
151600,1.62942270793e-05,1.78812274918e-05
151700,1.62938467592e-05,1.78692785221e-05
151800,1.62934663878e-05,1.78573452815e-05
151900,1.62930859638e-05,1.78454277383e-05
152000,1.62927054868e-05,1.78335258614e-05
152100,1.62923249564e-05,1.78216396197e-05
152200,1.62919443727e-05,1.78097689825e-05
152300,1.62915637373e-05,1.77979139195e-05
152400,1.62911830516e-05,1.77860744007e-05
152500,1.62908023174e-05,1.77742503963e-05
152600,1.62904215368e-05,1.77624418764e-05
152700,1.62900407105e-05,1.77506488111e-05
152800,1.62896598393e-05,1.77388711702e-05
152900,1.62892789229e-05,1.77271089232e-05
153000,1.62888979607e-05,1.77153620399e-05
153100,1.62885169515e-05,1.77036304895e-05
153200,1.62881358957e-05,1.76919142422e-05
153300,1.62877547929e-05,1.76802132679e-05
153400,1.62873736445e-05,1.76685275372e-05
153500,1.62869924523e-05,1.7656857021e-05
153600,1.62866112177e-05,1.76452016902e-05
153700,1.62862299428e-05,1.76335615159e-05
153800,1.62858486282e-05,1.76219364688e-05
153900,1.62854672748e-05,1.76103265197e-05
154000,1.62850858824e-05,1.75987316392e-05
154100,1.62847044502e-05,1.75871517975e-05
154200,1.62843229774e-05,1.75755869651e-05
154300,1.6283941464e-05,1.75640371128e-05
154400,1.62835599101e-05,1.75525022114e-05
154500,1.62831783166e-05,1.75409822323e-05
154600,1.62827966852e-05,1.75294771471e-05
154700,1.62824150175e-05,1.75179869277e-05
154800,1.62820333151e-05,1.75065115458e-05
154900,1.6281651579e-05,1.7495050973e-05
155000,1.628126981e-05,1.7483605181e-05
155100,1.62808880074e-05,1.7472174141e-05
155200,1.6280506171e-05,1.74607578242e-05
155300,1.62801243002e-05,1.74493562019e-05
155400,1.62797423947e-05,1.74379692458e-05
155500,1.62793604544e-05,1.74265969274e-05
155600,1.62789784806e-05,1.74152392191e-05
155700,1.62785964744e-05,1.74038960929e-05
155800,1.62782144376e-05,1.73925675217e-05
155900,1.62778323714e-05,1.73812534778e-05
156000,1.6277450277e-05,1.73699539337e-05
156100,1.6277068155e-05,1.73586688619e-05
156200,1.62766860054e-05,1.73473982343e-05
156300,1.62763038273e-05,1.73361420231e-05
156400,1.62759216204e-05,1.73249002004e-05
156500,1.62755393844e-05,1.73136727385e-05
156600,1.62751571193e-05,1.73024596097e-05
156700,1.62747748259e-05,1.72912607871e-05
156800,1.62743925053e-05,1.72800762437e-05
156900,1.62740101595e-05,1.72689059528e-05
157000,1.62736277893e-05,1.72577498876e-05
157100,1.62732453964e-05,1.72466080216e-05
157200,1.62728629807e-05,1.72354803275e-05
157300,1.62724805425e-05,1.72243667785e-05
157400,1.62720980812e-05,1.72132673474e-05
157500,1.62717155962e-05,1.72021820069e-05
157600,1.62713330871e-05,1.71911107302e-05
157700,1.62709505543e-05,1.71800534906e-05
157800,1.62705679981e-05,1.71690102615e-05
157900,1.62701854197e-05,1.71579810167e-05
158000,1.62698028211e-05,1.71469657304e-05
158100,1.6269420203e-05,1.71359643765e-05
158200,1.62690375664e-05,1.71249769289e-05
158300,1.6268654912e-05,1.71140033614e-05
158400,1.626827224e-05,1.71030436478e-05
158500,1.62678895494e-05,1.70920977616e-05
158600,1.62675068402e-05,1.70811656764e-05
158700,1.62671241116e-05,1.70702473661e-05
158800,1.62667413639e-05,1.70593428045e-05
158900,1.62663585976e-05,1.70484519659e-05
159000,1.62659758141e-05,1.7037574825e-05
159100,1.62655930141e-05,1.70267113562e-05
159200,1.62652101993e-05,1.70158615343e-05
159300,1.62648273704e-05,1.70050253339e-05
159400,1.62644445282e-05,1.69942027297e-05
159500,1.62640616724e-05,1.69833936959e-05
159600,1.62636788028e-05,1.6972598207e-05
159700,1.62632959186e-05,1.69618162372e-05
159800,1.62629130198e-05,1.6951047761e-05
159900,1.62625301063e-05,1.69402927532e-05
160000,1.62621471784e-05,1.69295511885e-05
160100,1.62617642371e-05,1.69188230422e-05
160200,1.62613812837e-05,1.69081082895e-05
160300,1.62609983196e-05,1.68974069061e-05
160400,1.62606153454e-05,1.68867188669e-05
160500,1.62602323617e-05,1.68760441475e-05
160600,1.62598493685e-05,1.68653827227e-05
160700,1.62594663655e-05,1.68547345677e-05
160800,1.62590833521e-05,1.68440996576e-05
160900,1.62587003279e-05,1.68334779673e-05
161000,1.6258317293e-05,1.68228694723e-05
161100,1.62579342476e-05,1.68122741482e-05
161200,1.62575511928e-05,1.68016919707e-05
161300,1.62571681297e-05,1.67911229159e-05
161400,1.62567850594e-05,1.67805669597e-05
161500,1.62564019828e-05,1.67700240782e-05
161600,1.62560189003e-05,1.67594942471e-05
161700,1.62556358119e-05,1.67489774424e-05
161800,1.62552527173e-05,1.67384736397e-05
161900,1.62548696162e-05,1.67279828147e-05
162000,1.62544865076e-05,1.67175049431e-05
162100,1.62541033922e-05,1.67070400012e-05
162200,1.625372027e-05,1.66965879649e-05
162300,1.62533371418e-05,1.66861488108e-05
162400,1.62529540088e-05,1.66757225155e-05
162500,1.62525708716e-05,1.66653090554e-05
162600,1.62521877315e-05,1.66549084074e-05
162700,1.62518045891e-05,1.66445205479e-05
162800,1.6251421444e-05,1.66341454534e-05
162900,1.62510382958e-05,1.66237831002e-05
163000,1.62506551444e-05,1.66134334646e-05
163100,1.62502719893e-05,1.66030965232e-05
163200,1.62498888304e-05,1.65927722526e-05
163300,1.62495056679e-05,1.65824606294e-05
163400,1.62491225027e-05,1.65721616309e-05
163500,1.6248739336e-05,1.65618752343e-05
163600,1.62483561681e-05,1.65516014166e-05
163700,1.62479730003e-05,1.65413401553e-05
163800,1.6247589833e-05,1.65310914273e-05
163900,1.62472066659e-05,1.65208552098e-05
164000,1.6246823499e-05,1.65106314797e-05
164100,1.62464403319e-05,1.65004202142e-05
164200,1.6246057164e-05,1.64902213901e-05
164300,1.62456739954e-05,1.64800349849e-05
164400,1.62452908261e-05,1.64698609757e-05
164500,1.62449076572e-05,1.64596993404e-05
164600,1.62445244892e-05,1.64495500567e-05
164700,1.6244141323e-05,1.64394131023e-05
164800,1.62437581597e-05,1.64292884553e-05
164900,1.62433749993e-05,1.64191760931e-05
165000,1.62429918423e-05,1.64090759937e-05
165100,1.62426086879e-05,1.63989881344e-05
165200,1.62422255361e-05,1.6388912493e-05
165300,1.62418423865e-05,1.63788490472e-05
165400,1.62414592386e-05,1.63687977746e-05
165500,1.62410760929e-05,1.63587586533e-05
165600,1.624069295e-05,1.63487316617e-05
165700,1.62403098107e-05,1.63387167779e-05
165800,1.62399266758e-05,1.63287139803e-05
165900,1.62395435462e-05,1.63187232474e-05
166000,1.62391604219e-05,1.63087445575e-05
166100,1.62387773033e-05,1.62987778888e-05
166200,1.623839419e-05,1.62888232196e-05
166300,1.62380110817e-05,1.62788805279e-05
166400,1.6237627978e-05,1.62689497922e-05
166500,1.62372448787e-05,1.62590309908e-05
166600,1.62368617841e-05,1.62491241022e-05
166700,1.62364786945e-05,1.62392291052e-05
166800,1.62360956108e-05,1.62293459786e-05
166900,1.62357125339e-05,1.62194747014e-05
167000,1.62353294643e-05,1.62096152526e-05
167100,1.62349464023e-05,1.6199767611e-05
167200,1.62345633483e-05,1.61899317555e-05
167300,1.62341803017e-05,1.61801076648e-05
167400,1.62337972626e-05,1.61702953178e-05
167500,1.62334142301e-05,1.61604946932e-05
167600,1.62330312043e-05,1.61507057699e-05
167700,1.62326481856e-05,1.61409285272e-05
167800,1.62322651739e-05,1.61311629441e-05
167900,1.62318821702e-05,1.61214090003e-05
168000,1.62314991753e-05,1.6111666675e-05
168100,1.62311161897e-05,1.61019359479e-05
168200,1.62307332138e-05,1.60922167984e-05
168300,1.62303502476e-05,1.60825092057e-05
168400,1.62299672912e-05,1.60728131494e-05
168500,1.6229584344e-05,1.60631286087e-05
168600,1.62292014058e-05,1.60534555629e-05
168700,1.62288184761e-05,1.60437939915e-05
168800,1.62284355555e-05,1.60341438742e-05
168900,1.62280526439e-05,1.60245051908e-05
169000,1.6227669742e-05,1.6014877921e-05
169100,1.62272868509e-05,1.60052620452e-05
169200,1.62269039709e-05,1.5995657543e-05
169300,1.62265211023e-05,1.59860643946e-05
169400,1.62261382455e-05,1.597648258e-05
169500,1.62257553999e-05,1.59669120787e-05
169600,1.62253725657e-05,1.59573528709e-05
169700,1.62249897419e-05,1.59478049363e-05
169800,1.62246069286e-05,1.5938268255e-05
169900,1.62242241263e-05,1.59287428072e-05
170000,1.62238413348e-05,1.5919228573e-05
170100,1.62234585546e-05,1.59097255329e-05
170200,1.62230757868e-05,1.59002336675e-05
170300,1.62226930317e-05,1.58907529571e-05
170400,1.62223102897e-05,1.58812833824e-05
170500,1.6221927561e-05,1.58718249238e-05
170600,1.62215448454e-05,1.58623775616e-05
170700,1.62211621423e-05,1.58529412761e-05
170800,1.62207794517e-05,1.58435160478e-05
170900,1.62203967731e-05,1.58341018572e-05
171000,1.62200141071e-05,1.5824698685e-05
171100,1.62196314534e-05,1.58153065119e-05
171200,1.62192488128e-05,1.58059253189e-05
171300,1.62188661857e-05,1.57965550868e-05
171400,1.6218483573e-05,1.57871957967e-05
171500,1.62181009748e-05,1.57778474297e-05
171600,1.6217718391e-05,1.57685099664e-05
171700,1.6217335822e-05,1.57591833881e-05
171800,1.62169532671e-05,1.57498676754e-05
171900,1.62165707259e-05,1.57405628092e-05
172000,1.62161881985e-05,1.57312687706e-05
172100,1.62158056846e-05,1.57219855406e-05
172200,1.62154231848e-05,1.57127131006e-05
172300,1.62150406992e-05,1.57034514319e-05
172400,1.62146582285e-05,1.56942005159e-05
172500,1.62142757736e-05,1.56849603343e-05
172600,1.62138933343e-05,1.56757308683e-05
172700,1.62135109107e-05,1.56665120993e-05
172800,1.62131285032e-05,1.56573040088e-05
172900,1.62127461109e-05,1.56481065781e-05
173000,1.62123637339e-05,1.56389197886e-05
173100,1.62119813716e-05,1.56297436218e-05
173200,1.62115990245e-05,1.56205780593e-05
173300,1.62112166925e-05,1.56114230827e-05
173400,1.62108343761e-05,1.56022786739e-05
173500,1.62104520757e-05,1.55931448149e-05
173600,1.62100697915e-05,1.55840214873e-05
173700,1.62096875246e-05,1.55749086734e-05
173800,1.62093052746e-05,1.55658063549e-05
173900,1.62089230413e-05,1.55567145136e-05
174000,1.62085408248e-05,1.55476331315e-05
174100,1.62081586244e-05,1.55385621902e-05
174200,1.62077764399e-05,1.55295016718e-05
174300,1.62073942718e-05,1.55204515584e-05
174400,1.62070121197e-05,1.55114118321e-05
174500,1.62066299842e-05,1.5502382475e-05
174600,1.62062478658e-05,1.54933634697e-05
174700,1.62058657649e-05,1.54843547984e-05
174800,1.62054836816e-05,1.54753564435e-05
174900,1.62051016164e-05,1.54663683873e-05
175000,1.62047195691e-05,1.54573906123e-05
175100,1.62043375391e-05,1.54484231004e-05
175200,1.62039555264e-05,1.54394658343e-05
175300,1.62035735306e-05,1.54305187961e-05
175400,1.6203191552e-05,1.54215819684e-05
175500,1.62028095903e-05,1.54126553338e-05
175600,1.6202427646e-05,1.54037388749e-05
175700,1.62020457196e-05,1.53948325746e-05
175800,1.62016638116e-05,1.53859364157e-05
175900,1.62012819221e-05,1.53770503809e-05
176000,1.62009000511e-05,1.53681744528e-05
176100,1.6200518199e-05,1.53593086146e-05
176200,1.62001363649e-05,1.53504528486e-05
176300,1.6199754549e-05,1.53416071378e-05
176400,1.61993727509e-05,1.53327714649e-05
176500,1.61989909704e-05,1.53239458127e-05
176600,1.61986092077e-05,1.53151301645e-05
176700,1.61982274634e-05,1.53063245032e-05
176800,1.61978457373e-05,1.52975288119e-05
176900,1.61974640304e-05,1.52887430741e-05
177000,1.61970823425e-05,1.52799672728e-05
177100,1.61967006739e-05,1.52712013912e-05
177200,1.61963190246e-05,1.52624454126e-05
177300,1.6195937394e-05,1.52536993199e-05
177400,1.61955557822e-05,1.52449630966e-05
177500,1.61951741887e-05,1.52362367256e-05
177600,1.61947926139e-05,1.52275201906e-05
177700,1.61944110571e-05,1.52188134746e-05
177800,1.6194029519e-05,1.52101165613e-05
177900,1.61936479999e-05,1.52014294343e-05
178000,1.61932665005e-05,1.51927520774e-05
178100,1.61928850205e-05,1.51840844739e-05
178200,1.61925035603e-05,1.51754266075e-05
178300,1.61921221196e-05,1.51667784618e-05
178400,1.61917406984e-05,1.51581400205e-05
178500,1.61913592964e-05,1.5149511267e-05
178600,1.61909779131e-05,1.51408921849e-05
178700,1.61905965486e-05,1.51322827581e-05
178800,1.61902152027e-05,1.51236829702e-05
178900,1.61898338764e-05,1.51150928054e-05
179000,1.6189452569e-05,1.51065122474e-05
179100,1.61890712815e-05,1.50979412803e-05
179200,1.6188690014e-05,1.50893798883e-05
179300,1.61883087664e-05,1.5080828055e-05
179400,1.61879275386e-05,1.50722857647e-05
179500,1.61875463306e-05,1.50637530013e-05
179600,1.61871651421e-05,1.50552297487e-05
179700,1.61867839726e-05,1.5046715991e-05
179800,1.61864028222e-05,1.50382117122e-05
179900,1.61860216909e-05,1.50297168967e-05
180000,1.6185640579e-05,1.50212315286e-05
180100,1.61852594865e-05,1.50127555924e-05
180200,1.6184878414e-05,1.50042890724e-05
180300,1.61844973612e-05,1.49958319528e-05
180400,1.6184116329e-05,1.49873842185e-05
180500,1.61837353167e-05,1.49789458534e-05
180600,1.61833543239e-05,1.49705168419e-05
180700,1.61829733512e-05,1.49620971687e-05
180800,1.61825923975e-05,1.49536868179e-05
180900,1.6182211463e-05,1.4945285774e-05
181000,1.61818305475e-05,1.49368940216e-05
181100,1.61814496516e-05,1.49285115455e-05
181200,1.61810687753e-05,1.49201383304e-05
181300,1.61806879187e-05,1.49117743608e-05
181400,1.61803070819e-05,1.49034196216e-05
181500,1.61799262658e-05,1.48950740978e-05
181600,1.61795454695e-05,1.48867377739e-05
181700,1.61791646928e-05,1.48784106346e-05
181800,1.61787839357e-05,1.48700926647e-05
181900,1.61784031981e-05,1.4861783849e-05
182000,1.61780224795e-05,1.48534841724e-05
182100,1.61776417798e-05,1.48451936196e-05
182200,1.61772610997e-05,1.4836912176e-05
182300,1.61768804388e-05,1.48286398263e-05
182400,1.61764997978e-05,1.48203765559e-05
182500,1.61761191765e-05,1.48121223497e-05
182600,1.61757385753e-05,1.4803877193e-05
182700,1.61753579939e-05,1.47956410708e-05
182800,1.6174977432e-05,1.47874139682e-05
182900,1.61745968896e-05,1.47791958704e-05
183000,1.61742163664e-05,1.47709867625e-05
183100,1.61738358619e-05,1.47627866295e-05
183200,1.61734553763e-05,1.47545954569e-05
183300,1.61730749098e-05,1.47464132301e-05
183400,1.61726944624e-05,1.47382399344e-05
183500,1.61723140346e-05,1.47300755554e-05
183600,1.61719336264e-05,1.47219200784e-05
183700,1.61715532376e-05,1.4713773489e-05
183800,1.61711728683e-05,1.47056357725e-05
183900,1.61707925185e-05,1.46975069145e-05
184000,1.61704121876e-05,1.46893869005e-05
184100,1.61700318755e-05,1.46812757158e-05
184200,1.61696515819e-05,1.46731733461e-05
184300,1.6169271307e-05,1.4665079777e-05
184400,1.61688910507e-05,1.46569949942e-05
184500,1.61685108132e-05,1.46489189834e-05
184600,1.61681305947e-05,1.46408517305e-05
184700,1.61677503952e-05,1.46327932212e-05
184800,1.61673702149e-05,1.46247434414e-05
184900,1.61669900537e-05,1.46167023769e-05
185000,1.61666099115e-05,1.46086700135e-05
185100,1.61662297875e-05,1.46006463368e-05
185200,1.61658496819e-05,1.45926313328e-05
185300,1.61654695946e-05,1.45846249875e-05
185400,1.61650895252e-05,1.45766272867e-05
185500,1.6164709474e-05,1.45686382165e-05
185600,1.61643294411e-05,1.45606577629e-05
185700,1.61639494267e-05,1.45526859122e-05
185800,1.61635694306e-05,1.45447226503e-05
185900,1.61631894531e-05,1.45367679635e-05
186000,1.61628094941e-05,1.45288218379e-05
186100,1.61624295536e-05,1.45208842597e-05
186200,1.61620496307e-05,1.45129552149e-05
186300,1.61616697258e-05,1.45050346897e-05
186400,1.61612898382e-05,1.44971226703e-05
186500,1.61609099681e-05,1.44892191431e-05
186600,1.61605301158e-05,1.44813240944e-05
186700,1.61601502808e-05,1.44734375105e-05
186800,1.61597704637e-05,1.44655593779e-05
186900,1.61593906643e-05,1.44576896832e-05
187000,1.61590108829e-05,1.44498284127e-05
187100,1.61586311192e-05,1.44419755529e-05
187200,1.6158251373e-05,1.44341310902e-05
187300,1.61578716441e-05,1.44262950111e-05
187400,1.61574919323e-05,1.44184673021e-05
187500,1.61571122372e-05,1.44106479497e-05
187600,1.6156732559e-05,1.44028369406e-05
187700,1.61563528974e-05,1.43950342614e-05
187800,1.61559732527e-05,1.43872398987e-05
187900,1.61555936251e-05,1.43794538395e-05
188000,1.61552140147e-05,1.43716760703e-05
188100,1.6154834421e-05,1.43639065781e-05
188200,1.61544548443e-05,1.43561453495e-05
188300,1.61540752845e-05,1.43483923713e-05
188400,1.61536957411e-05,1.43406476304e-05
188500,1.6153316214e-05,1.43329111134e-05
188600,1.6152936703e-05,1.43251828073e-05
188700,1.61525572079e-05,1.4317462699e-05
188800,1.61521777287e-05,1.43097507753e-05
188900,1.61517982655e-05,1.43020470234e-05
189000,1.61514188186e-05,1.42943514304e-05
189100,1.61510393877e-05,1.42866639832e-05
189200,1.6150659973e-05,1.42789846689e-05
189300,1.61502805744e-05,1.42713134746e-05
189400,1.61499011916e-05,1.42636503874e-05
189500,1.61495218246e-05,1.42559953944e-05
189600,1.6149142473e-05,1.42483484827e-05
189700,1.61487631364e-05,1.42407096393e-05
189800,1.6148383815e-05,1.42330788515e-05
189900,1.61480045087e-05,1.42254561067e-05
190000,1.61476252175e-05,1.4217841392e-05
190100,1.61472459415e-05,1.4210234695e-05
190200,1.61468666807e-05,1.42026360027e-05
190300,1.61464874351e-05,1.41950453028e-05
190400,1.61461082048e-05,1.41874625825e-05
190500,1.61457289894e-05,1.41798878292e-05
190600,1.61453497885e-05,1.41723210303e-05
190700,1.61449706024e-05,1.41647621732e-05
190800,1.61445914306e-05,1.41572112454e-05
190900,1.61442122726e-05,1.41496682341e-05
191000,1.61438331289e-05,1.41421331272e-05
191100,1.61434539995e-05,1.41346059123e-05
191200,1.61430748846e-05,1.41270865769e-05
191300,1.61426957835e-05,1.41195751085e-05
191400,1.61423166968e-05,1.4112071495e-05
191500,1.61419376244e-05,1.41045757239e-05
191600,1.61415585658e-05,1.4097087783e-05
191700,1.61411795213e-05,1.408960766e-05
191800,1.61408004901e-05,1.40821353423e-05
191900,1.61404214724e-05,1.40746708179e-05
192000,1.61400424679e-05,1.40672140746e-05
192100,1.61396634763e-05,1.40597650999e-05
192200,1.61392844983e-05,1.40523238821e-05
192300,1.61389055332e-05,1.40448904088e-05
192400,1.61385265816e-05,1.4037464668e-05
192500,1.61381476433e-05,1.40300466478e-05
192600,1.61377687182e-05,1.4022636336e-05
192700,1.61373898061e-05,1.40152337205e-05
192800,1.6137010907e-05,1.40078387893e-05
192900,1.61366320202e-05,1.40004515304e-05
193000,1.61362531458e-05,1.39930719318e-05
193100,1.61358742841e-05,1.39856999816e-05
193200,1.61354954341e-05,1.39783356677e-05
193300,1.61351165965e-05,1.39709789784e-05
193400,1.61347377714e-05,1.3963629902e-05
193500,1.61343589584e-05,1.39562884265e-05
193600,1.6133980158e-05,1.39489545402e-05
193700,1.61336013695e-05,1.39416282313e-05
193800,1.61332225934e-05,1.3934309488e-05
193900,1.61328438289e-05,1.39269982986e-05
194000,1.61324650761e-05,1.39196946511e-05
194100,1.61320863348e-05,1.39123985341e-05
194200,1.61317076048e-05,1.39051099358e-05
194300,1.61313288864e-05,1.38978288445e-05
194400,1.61309501788e-05,1.38905552486e-05
194500,1.61305714828e-05,1.38832891367e-05
194600,1.6130192798e-05,1.3876030497e-05
194700,1.61298141248e-05,1.38687793183e-05
194800,1.61294354627e-05,1.38615355889e-05
194900,1.61290568118e-05,1.38542992973e-05
195000,1.61286781718e-05,1.3847070432e-05
195100,1.61282995428e-05,1.38398489816e-05
195200,1.61279209242e-05,1.38326349345e-05
195300,1.6127542316e-05,1.38254282793e-05
195400,1.61271637183e-05,1.38182290047e-05
195500,1.61267851309e-05,1.38110370993e-05
195600,1.61264065539e-05,1.38038525518e-05
195700,1.61260279874e-05,1.3796675351e-05
195800,1.61256494315e-05,1.37895054857e-05
195900,1.61252708858e-05,1.37823429444e-05
196000,1.61248923502e-05,1.37751877159e-05
196100,1.61245138252e-05,1.37680397893e-05
196200,1.61241353096e-05,1.37608991529e-05
196300,1.6123756804e-05,1.37537657958e-05
196400,1.61233783081e-05,1.37466397067e-05
196500,1.61229998213e-05,1.37395208745e-05
196600,1.61226213444e-05,1.37324092882e-05
196700,1.61222428771e-05,1.37253049366e-05
196800,1.61218644192e-05,1.37182078089e-05
196900,1.6121485971e-05,1.37111178938e-05
197000,1.61211075323e-05,1.37040351805e-05
197100,1.61207291029e-05,1.3696959658e-05
197200,1.61203506832e-05,1.36898913152e-05
197300,1.61199722724e-05,1.36828301412e-05
197400,1.61195938704e-05,1.3675776125e-05
197500,1.61192154774e-05,1.36687292558e-05
197600,1.6118837093e-05,1.36616895225e-05
197700,1.61184587175e-05,1.36546569145e-05
197800,1.61180803507e-05,1.36476314208e-05
197900,1.61177019929e-05,1.36406130308e-05
198000,1.61173236439e-05,1.36336017336e-05
198100,1.61169453034e-05,1.36265975185e-05
198200,1.6116566972e-05,1.36196003748e-05
198300,1.61161886489e-05,1.36126102916e-05
198400,1.61158103342e-05,1.36056272583e-05
198500,1.61154320279e-05,1.35986512642e-05
198600,1.61150537295e-05,1.35916822984e-05
198700,1.61146754392e-05,1.35847203506e-05
198800,1.6114297157e-05,1.357776541e-05
198900,1.61139188831e-05,1.35708174661e-05
199000,1.61135406171e-05,1.35638765082e-05
199100,1.61131623594e-05,1.35569425261e-05
199200,1.61127841096e-05,1.35500155089e-05
199300,1.6112405868e-05,1.35430954464e-05
199400,1.61120276343e-05,1.35361823279e-05
199500,1.61116494085e-05,1.35292761431e-05
199600,1.61112711902e-05,1.35223768813e-05
199700,1.61108929793e-05,1.35154845322e-05
199800,1.61105147758e-05,1.35085990853e-05
199900,1.611013658e-05,1.35017205304e-05
200000,1.61097583916e-05,1.3494848857e-05
200100,1.61093802108e-05,1.34879840548e-05
200200,1.61090020375e-05,1.34811261137e-05
200300,1.61086238716e-05,1.34742750232e-05
200400,1.61082457135e-05,1.34674307731e-05
200500,1.61078675627e-05,1.34605933531e-05
200600,1.6107489419e-05,1.3453762753e-05
200700,1.61071112824e-05,1.34469389625e-05
200800,1.61067331527e-05,1.34401219714e-05
200900,1.61063550302e-05,1.34333117696e-05
201000,1.61059769144e-05,1.34265083468e-05
201100,1.61055988058e-05,1.3419711693e-05
201200,1.61052207041e-05,1.34129217982e-05
201300,1.61048426095e-05,1.34061386522e-05
201400,1.61044645221e-05,1.3399362245e-05
201500,1.61040864418e-05,1.33925925665e-05
201600,1.61037083681e-05,1.33858296067e-05
201700,1.61033303012e-05,1.33790733554e-05
201800,1.61029522411e-05,1.33723238029e-05
201900,1.61025741875e-05,1.3365580939e-05
202000,1.61021961404e-05,1.33588447537e-05
202100,1.61018181e-05,1.33521152373e-05
202200,1.61014400661e-05,1.33453923797e-05
202300,1.61010620389e-05,1.33386761712e-05
202400,1.61006840185e-05,1.33319666019e-05
202500,1.61003060045e-05,1.33252636618e-05
202600,1.60999279974e-05,1.33185673413e-05
202700,1.60995499966e-05,1.33118776304e-05
202800,1.60991720024e-05,1.33051945195e-05
202900,1.60987940145e-05,1.32985179985e-05
203000,1.60984160328e-05,1.32918480579e-05
203100,1.60980380574e-05,1.32851846878e-05
203200,1.60976600882e-05,1.32785278786e-05
203300,1.60972821255e-05,1.32718776206e-05
203400,1.60969041689e-05,1.32652339041e-05
203500,1.60965262187e-05,1.32585967195e-05
203600,1.60961482749e-05,1.32519660572e-05
203700,1.60957703374e-05,1.32453419075e-05
203800,1.60953924065e-05,1.32387242609e-05
203900,1.60950144814e-05,1.32321131077e-05
204000,1.60946365625e-05,1.32255084383e-05
204100,1.60942586497e-05,1.32189102433e-05
204200,1.6093880743e-05,1.32123185131e-05
204300,1.60935028421e-05,1.32057332381e-05
204400,1.60931249474e-05,1.31991544089e-05
204500,1.60927470589e-05,1.31925820162e-05
204600,1.60923691765e-05,1.31860160503e-05
204700,1.60919913004e-05,1.31794565021e-05
204800,1.60916134305e-05,1.31729033619e-05
204900,1.60912355665e-05,1.31663566204e-05
205000,1.60908577086e-05,1.31598162683e-05
205100,1.60904798568e-05,1.31532822961e-05
205200,1.60901020108e-05,1.31467546945e-05
205300,1.60897241706e-05,1.31402334542e-05
205400,1.60893463363e-05,1.31337185658e-05
205500,1.6088968508e-05,1.31272100202e-05
205600,1.60885906858e-05,1.31207078081e-05
205700,1.60882128696e-05,1.31142119203e-05
205800,1.60878350595e-05,1.31077223475e-05
205900,1.60874572553e-05,1.31012390804e-05
206000,1.60870794574e-05,1.30947621101e-05
206100,1.60867016653e-05,1.30882914272e-05
206200,1.60863238792e-05,1.30818270226e-05
206300,1.60859460987e-05,1.3075368887e-05
206400,1.60855683243e-05,1.30689170115e-05
206500,1.60851905555e-05,1.30624713869e-05
206600,1.60848127927e-05,1.30560320041e-05
206700,1.60844350358e-05,1.30495988541e-05
206800,1.60840572849e-05,1.30431719278e-05
206900,1.60836795403e-05,1.30367512164e-05
207000,1.60833018016e-05,1.30303367107e-05
207100,1.60829240689e-05,1.30239284017e-05
207200,1.60825463421e-05,1.30175262804e-05
207300,1.60821686212e-05,1.30111303379e-05
207400,1.60817909061e-05,1.30047405651e-05
207500,1.60814131969e-05,1.29983569533e-05
207600,1.60810354936e-05,1.29919794935e-05
207700,1.60806577964e-05,1.29856081768e-05
207800,1.60802801049e-05,1.29792429943e-05
207900,1.60799024196e-05,1.29728839372e-05
208000,1.60795247402e-05,1.29665309967e-05
208100,1.60791470671e-05,1.29601841639e-05
208200,1.60787693997e-05,1.29538434301e-05
208300,1.60783917386e-05,1.29475087865e-05
208400,1.60780140835e-05,1.29411802242e-05
208500,1.60776364342e-05,1.29348577345e-05
208600,1.60772587907e-05,1.29285413087e-05
208700,1.60768811533e-05,1.2922230938e-05
208800,1.6076503522e-05,1.29159266138e-05
208900,1.60761258966e-05,1.29096283273e-05
209000,1.60757482773e-05,1.290333607e-05
209100,1.60753706642e-05,1.28970498332e-05
209200,1.60749930573e-05,1.28907696082e-05
209300,1.60746154567e-05,1.28844953866e-05
209400,1.60742378621e-05,1.28782271594e-05
209500,1.60738602736e-05,1.28719649184e-05
209600,1.60734826909e-05,1.28657086547e-05
209700,1.60731051145e-05,1.28594583599e-05
209800,1.60727275441e-05,1.28532140255e-05
209900,1.60723499799e-05,1.28469756429e-05
210000,1.60719724217e-05,1.28407432036e-05
210100,1.60715948699e-05,1.28345166993e-05
210200,1.60712173244e-05,1.28282961213e-05
210300,1.60708397851e-05,1.28220814613e-05
210400,1.60704622522e-05,1.28158727109e-05
210500,1.60700847255e-05,1.28096698615e-05
210600,1.60697072054e-05,1.28034729049e-05
210700,1.60693296911e-05,1.27972818324e-05
210800,1.60689521831e-05,1.27910966359e-05
210900,1.60685746812e-05,1.27849173068e-05
211000,1.60681971857e-05,1.2778743837e-05
211100,1.60678196966e-05,1.27725762181e-05
211200,1.60674422139e-05,1.27664144417e-05
211300,1.60670647377e-05,1.27602584997e-05
211400,1.6066687268e-05,1.27541083837e-05
211500,1.60663098046e-05,1.27479640854e-05
211600,1.60659323477e-05,1.27418255967e-05
211700,1.60655548974e-05,1.27356929092e-05
211800,1.60651774534e-05,1.27295660147e-05
211900,1.60648000158e-05,1.27234449051e-05
212000,1.60644225845e-05,1.27173295721e-05
212100,1.60640451599e-05,1.27112200076e-05
212200,1.60636677417e-05,1.27051162034e-05
212300,1.60632903302e-05,1.26990181514e-05
212400,1.60629129252e-05,1.26929258435e-05
212500,1.6062535527e-05,1.26868392717e-05
212600,1.60621581357e-05,1.26807584278e-05
212700,1.60617807507e-05,1.26746833036e-05
212800,1.60614033726e-05,1.26686138912e-05
212900,1.60610260007e-05,1.26625501823e-05
213000,1.60606486358e-05,1.26564921692e-05
213100,1.60602712775e-05,1.26504398438e-05
213200,1.60598939259e-05,1.2644393198e-05
213300,1.6059516581e-05,1.26383522238e-05
213400,1.60591392428e-05,1.26323169132e-05
213500,1.60587619116e-05,1.26262872585e-05
213600,1.60583845872e-05,1.26202632516e-05
213700,1.60580072699e-05,1.26142448845e-05
213800,1.60576299593e-05,1.26082321495e-05
213900,1.60572526556e-05,1.26022250384e-05
214000,1.60568753586e-05,1.25962235435e-05
214100,1.60564980688e-05,1.2590227657e-05
214200,1.60561207857e-05,1.25842373708e-05
214300,1.60557435095e-05,1.25782526773e-05
214400,1.60553662402e-05,1.25722735685e-05
214500,1.6054988978e-05,1.25663000367e-05
214600,1.60546117231e-05,1.25603320742e-05
214700,1.6054234475e-05,1.25543696731e-05
214800,1.60538572341e-05,1.25484128256e-05
214900,1.60534800004e-05,1.25424615241e-05
215000,1.60531027737e-05,1.25365157607e-05
215100,1.60527255541e-05,1.25305755277e-05
215200,1.60523483416e-05,1.25246408175e-05
215300,1.60519711362e-05,1.25187116222e-05
215400,1.6051593938e-05,1.25127879344e-05
215500,1.60512167471e-05,1.25068697462e-05
215600,1.60508395634e-05,1.25009570501e-05
215700,1.60504623868e-05,1.24950498384e-05
215800,1.60500852178e-05,1.24891481035e-05
215900,1.60497080562e-05,1.24832518379e-05
216000,1.60493309017e-05,1.24773610338e-05
216100,1.60489537545e-05,1.24714756836e-05
216200,1.60485766146e-05,1.24655957799e-05
216300,1.60481994824e-05,1.24597213152e-05
216400,1.60478223572e-05,1.24538522818e-05
216500,1.60474452396e-05,1.24479886721e-05
216600,1.60470681291e-05,1.24421304788e-05
216700,1.60466910264e-05,1.24362776943e-05
216800,1.60463139312e-05,1.24304303112e-05
216900,1.60459368436e-05,1.2424588322e-05
217000,1.60455597633e-05,1.24187517192e-05
217100,1.60451826909e-05,1.24129204954e-05
217200,1.60448056259e-05,1.24070946431e-05
217300,1.60444285684e-05,1.2401274155e-05
217400,1.60440515184e-05,1.23954590236e-05
217500,1.60436744761e-05,1.23896492415e-05
217600,1.60432974415e-05,1.23838448014e-05
217700,1.60429204143e-05,1.23780456959e-05
217800,1.60425433951e-05,1.23722519178e-05
217900,1.60421663835e-05,1.23664634595e-05
218000,1.60417893797e-05,1.23606803139e-05
218100,1.60414123838e-05,1.23549024737e-05
218200,1.60410353953e-05,1.23491299314e-05
218300,1.60406584151e-05,1.234336268e-05
218400,1.60402814423e-05,1.23376007119e-05
218500,1.60399044773e-05,1.23318440201e-05
218600,1.60395275203e-05,1.23260925973e-05
218700,1.60391505708e-05,1.23203464362e-05
218800,1.60387736295e-05,1.23146055297e-05
218900,1.60383966959e-05,1.23088698706e-05
219000,1.60380197705e-05,1.23031394516e-05
219100,1.60376428529e-05,1.22974142657e-05
219200,1.60372659434e-05,1.22916943056e-05
219300,1.60368890418e-05,1.22859795642e-05
219400,1.60365121482e-05,1.22802700343e-05
219500,1.60361352626e-05,1.22745657089e-05
219600,1.6035758385e-05,1.22688665808e-05
219700,1.60353815154e-05,1.22631726429e-05
219800,1.60350046539e-05,1.22574838881e-05
219900,1.60346278004e-05,1.22518003095e-05
220000,1.60342509549e-05,1.22461218998e-05
220100,1.60338741178e-05,1.22404486522e-05
220200,1.60334972888e-05,1.22347805595e-05
220300,1.60331204678e-05,1.22291176147e-05
220400,1.60327436552e-05,1.2223459811e-05
220500,1.60323668509e-05,1.22178071411e-05
220600,1.60319900546e-05,1.22121595982e-05
220700,1.60316132665e-05,1.22065171753e-05
220800,1.60312364865e-05,1.22008798653e-05
220900,1.60308597149e-05,1.21952476615e-05
221000,1.60304829514e-05,1.21896205568e-05
221100,1.60301061964e-05,1.21839985443e-05
221200,1.60297294494e-05,1.21783816172e-05
221300,1.60293527112e-05,1.21727697686e-05
221400,1.6028975981e-05,1.21671629915e-05
221500,1.60285992595e-05,1.21615612792e-05
221600,1.60282225461e-05,1.21559646246e-05
221700,1.60278458413e-05,1.21503730212e-05
221800,1.60274691445e-05,1.21447864617e-05
221900,1.60270924562e-05,1.21392049397e-05
222000,1.60267157765e-05,1.21336284482e-05
222100,1.60263391051e-05,1.21280569805e-05
222200,1.6025962442e-05,1.21224905297e-05
222300,1.60255857879e-05,1.21169290892e-05
222400,1.60252091419e-05,1.2111372652e-05
222500,1.60248325047e-05,1.21058212117e-05
222600,1.60244558758e-05,1.21002747612e-05
222700,1.60240792557e-05,1.20947332941e-05
222800,1.60237026438e-05,1.20891968034e-05
222900,1.60233260407e-05,1.20836652826e-05
223000,1.6022949446e-05,1.20781387249e-05
223100,1.60225728599e-05,1.20726171237e-05
223200,1.60221962823e-05,1.20671004723e-05
223300,1.60218197132e-05,1.2061588764e-05
223400,1.60214431533e-05,1.20560819924e-05
223500,1.60210666016e-05,1.20505801506e-05
223600,1.60206900587e-05,1.20450832322e-05
223700,1.60203135244e-05,1.20395912304e-05
223800,1.60199369989e-05,1.20341041387e-05
223900,1.60195604821e-05,1.20286219506e-05
224000,1.60191839739e-05,1.20231446594e-05
224100,1.60188074743e-05,1.20176722585e-05
224200,1.60184309834e-05,1.20122047416e-05
224300,1.60180545013e-05,1.20067421019e-05
224400,1.60176780281e-05,1.20012843331e-05
224500,1.60173015636e-05,1.19958314286e-05
224600,1.60169251079e-05,1.19903833819e-05
224700,1.60165486609e-05,1.19849401865e-05
224800,1.60161722231e-05,1.1979501836e-05
224900,1.60157957935e-05,1.19740683238e-05
225000,1.60154193732e-05,1.19686396436e-05
225100,1.60150429617e-05,1.19632157889e-05
225200,1.60146665588e-05,1.19577967532e-05
225300,1.60142901646e-05,1.19523825301e-05
225400,1.60139137795e-05,1.19469731132e-05
225500,1.60135374032e-05,1.19415684963e-05
225600,1.60131610358e-05,1.19361686728e-05
225700,1.60127846775e-05,1.19307736364e-05
225800,1.60124083279e-05,1.19253833807e-05
225900,1.60120319872e-05,1.19199978994e-05
226000,1.60116556556e-05,1.19146171861e-05
226100,1.60112793329e-05,1.19092412346e-05
226200,1.60109030191e-05,1.19038700385e-05
226300,1.60105267141e-05,1.18985035915e-05
226400,1.60101504183e-05,1.18931418873e-05
226500,1.60097741311e-05,1.18877849195e-05
226600,1.60093978529e-05,1.1882432682e-05
226700,1.60090215839e-05,1.18770851685e-05
226800,1.6008645324e-05,1.18717423728e-05
226900,1.60082690729e-05,1.18664042886e-05
227000,1.60078928311e-05,1.18610709097e-05
227100,1.60075165982e-05,1.18557422298e-05
227200,1.60071403743e-05,1.18504182428e-05
227300,1.60067641593e-05,1.18450989424e-05
227400,1.60063879535e-05,1.18397843225e-05
227500,1.60060117569e-05,1.1834474377e-05
227600,1.6005635569e-05,1.18291690995e-05
227700,1.60052593901e-05,1.1823868484e-05
227800,1.60048832205e-05,1.18185725244e-05
227900,1.60045070598e-05,1.18132812145e-05
228000,1.60041309085e-05,1.18079945483e-05
228100,1.60037547664e-05,1.18027125196e-05
228200,1.60033786331e-05,1.17974351222e-05
228300,1.60030025089e-05,1.17921623501e-05
228400,1.60026263939e-05,1.17868941973e-05
228500,1.60022502881e-05,1.17816306576e-05
228600,1.60018741912e-05,1.17763717251e-05
228700,1.60014981036e-05,1.17711173936e-05
228800,1.60011220249e-05,1.17658676571e-05
228900,1.60007459555e-05,1.17606225097e-05
229000,1.60003698953e-05,1.17553819453e-05
229100,1.59999938444e-05,1.17501459579e-05
229200,1.59996178025e-05,1.17449145415e-05
229300,1.59992417699e-05,1.17396876902e-05
229400,1.59988657464e-05,1.17344653979e-05
229500,1.5998489732e-05,1.17292476586e-05
229600,1.5998113727e-05,1.17240344666e-05
229700,1.59977377308e-05,1.17188258156e-05
229800,1.59973617441e-05,1.17136217e-05
229900,1.59969857665e-05,1.17084221138e-05
230000,1.5996609798e-05,1.1703227051e-05
230100,1.59962338388e-05,1.16980365057e-05
230200,1.59958578889e-05,1.16928504721e-05
230300,1.59954819483e-05,1.16876689443e-05
230400,1.59951060167e-05,1.16824919164e-05
230500,1.59947300946e-05,1.16773193826e-05
230600,1.59943541815e-05,1.16721513369e-05
230700,1.59939782776e-05,1.16669877736e-05
230800,1.59936023831e-05,1.16618286869e-05
230900,1.59932264977e-05,1.16566740709e-05
231000,1.59928506217e-05,1.16515239198e-05
231100,1.59924747546e-05,1.16463782278e-05
231200,1.59920988971e-05,1.16412369891e-05
231300,1.59917230488e-05,1.1636100198e-05
231400,1.59913472099e-05,1.16309678488e-05
231500,1.59909713799e-05,1.16258399355e-05
231600,1.59905955595e-05,1.16207164525e-05
231700,1.59902197483e-05,1.1615597394e-05
231800,1.59898439462e-05,1.16104827544e-05
231900,1.59894681534e-05,1.16053725278e-05
232000,1.59890923699e-05,1.16002667086e-05
232100,1.59887165958e-05,1.15951652912e-05
232200,1.59883408309e-05,1.15900682697e-05
232300,1.59879650753e-05,1.15849756385e-05
232400,1.5987589329e-05,1.1579887392e-05
232500,1.5987213592e-05,1.15748035245e-05
232600,1.59868378643e-05,1.15697240304e-05
232700,1.59864621458e-05,1.15646489039e-05
232800,1.59860864366e-05,1.15595781395e-05
232900,1.59857107368e-05,1.15545117316e-05
233000,1.59853350462e-05,1.15494496745e-05
233100,1.59849593649e-05,1.15443919626e-05
233200,1.5984583693e-05,1.15393385904e-05
233300,1.59842080302e-05,1.15342895522e-05
233400,1.59838323769e-05,1.15292448426e-05
233500,1.59834567328e-05,1.15242044558e-05
233600,1.59830810981e-05,1.15191683865e-05
233700,1.59827054727e-05,1.1514136629e-05
233800,1.59823298566e-05,1.15091091778e-05
233900,1.59819542498e-05,1.15040860273e-05
234000,1.59815786523e-05,1.14990671721e-05
234100,1.59812030641e-05,1.14940526067e-05
234200,1.59808274852e-05,1.14890423255e-05
234300,1.59804519155e-05,1.1484036323e-05
234400,1.59800763551e-05,1.14790345939e-05
234500,1.59797008042e-05,1.14740371326e-05
234600,1.59793252626e-05,1.14690439336e-05
234700,1.59789497305e-05,1.14640549916e-05
234800,1.59785742076e-05,1.1459070301e-05
234900,1.59781986938e-05,1.14540898565e-05
235000,1.59778231894e-05,1.14491136525e-05
235100,1.59774476944e-05,1.14441416838e-05
235200,1.59770722087e-05,1.14391739448e-05
235300,1.59766967322e-05,1.14342104302e-05
235400,1.59763212651e-05,1.14292511347e-05
235500,1.59759458073e-05,1.14242960528e-05
235600,1.59755703589e-05,1.14193451792e-05
235700,1.59751949198e-05,1.14143985084e-05
235800,1.59748194898e-05,1.14094560353e-05
235900,1.59744440695e-05,1.14045177543e-05
236000,1.59740686582e-05,1.13995836603e-05
236100,1.59736932563e-05,1.13946537478e-05
236200,1.59733178637e-05,1.13897280115e-05
236300,1.59729424805e-05,1.13848064462e-05
236400,1.59725671064e-05,1.13798890466e-05
236500,1.59721917417e-05,1.13749758073e-05
236600,1.59718163864e-05,1.13700667231e-05
236700,1.59714410403e-05,1.13651617887e-05
236800,1.59710657035e-05,1.13602609989e-05
236900,1.59706903762e-05,1.13553643485e-05
237000,1.59703150583e-05,1.13504718321e-05
237100,1.59699397496e-05,1.13455834445e-05
237200,1.59695644499e-05,1.13406991804e-05
237300,1.59691891597e-05,1.13358190349e-05
237400,1.59688138789e-05,1.13309430025e-05
237500,1.59684386072e-05,1.1326071078e-05
237600,1.59680633448e-05,1.13212032564e-05
237700,1.59676880918e-05,1.13163395324e-05
237800,1.59673128481e-05,1.13114799008e-05
237900,1.59669376136e-05,1.13066243566e-05
238000,1.59665623885e-05,1.13017728944e-05
238100,1.59661871726e-05,1.12969255093e-05
238200,1.59658119661e-05,1.1292082196e-05
238300,1.59654367688e-05,1.12872429494e-05
238400,1.59650615809e-05,1.12824077644e-05
238500,1.59646864022e-05,1.12775766359e-05
238600,1.59643112325e-05,1.12727495587e-05
238700,1.59639360725e-05,1.12679265279e-05
238800,1.59635609216e-05,1.12631075382e-05
238900,1.596318578e-05,1.12582925847e-05
239000,1.59628106476e-05,1.12534816622e-05
239100,1.59624355246e-05,1.12486747658e-05
239200,1.59620604107e-05,1.12438718902e-05
239300,1.59616853063e-05,1.12390730307e-05
239400,1.59613102112e-05,1.12342781819e-05
239500,1.59609351253e-05,1.1229487339e-05
239600,1.59605600484e-05,1.12247004969e-05
239700,1.59601849808e-05,1.12199176506e-05
239800,1.59598099226e-05,1.12151387951e-05
239900,1.59594348735e-05,1.12103639254e-05
240000,1.59590598338e-05,1.12055930366e-05
240100,1.59586848033e-05,1.12008261236e-05
240200,1.59583097821e-05,1.11960631815e-05
240300,1.59579347702e-05,1.11913042054e-05
240400,1.59575597674e-05,1.11865491902e-05
240500,1.59571847739e-05,1.1181798131e-05
240600,1.59568097896e-05,1.11770510229e-05
240700,1.59564348145e-05,1.1172307861e-05
240800,1.59560598487e-05,1.11675686404e-05
240900,1.59556848922e-05,1.11628333561e-05
241000,1.59553099445e-05,1.11581020031e-05
241100,1.59549350065e-05,1.11533745768e-05
241200,1.59545600774e-05,1.11486510721e-05
241300,1.59541851576e-05,1.11439314842e-05
241400,1.59538102473e-05,1.11392158082e-05
241500,1.59534353459e-05,1.11345040392e-05
241600,1.59530604538e-05,1.11297961725e-05
241700,1.59526855708e-05,1.1125092203e-05
241800,1.59523106972e-05,1.11203921261e-05
241900,1.59519358327e-05,1.11156959369e-05
242000,1.59515609771e-05,1.11110036304e-05
242100,1.5951186131e-05,1.1106315202e-05
242200,1.5950811294e-05,1.11016306469e-05
242300,1.59504364663e-05,1.10969499602e-05
242400,1.59500616477e-05,1.10922731371e-05
242500,1.59496868383e-05,1.1087600173e-05
242600,1.59493120381e-05,1.10829310629e-05
242700,1.59489372468e-05,1.1078265802e-05
242800,1.59485624651e-05,1.10736043858e-05
242900,1.59481876923e-05,1.10689468094e-05
243000,1.59478129288e-05,1.1064293068e-05
243100,1.59474381741e-05,1.10596431569e-05
243200,1.59470634289e-05,1.10549970715e-05
243300,1.59466886927e-05,1.1050354807e-05
243400,1.59463139657e-05,1.10457163586e-05
243500,1.59459392478e-05,1.10410817217e-05
243600,1.59455645392e-05,1.10364508915e-05
243700,1.59451898396e-05,1.10318238635e-05
243800,1.59448151493e-05,1.10272006329e-05
243900,1.5944440468e-05,1.10225811949e-05
244000,1.59440657958e-05,1.1017965545e-05
244100,1.59436911327e-05,1.10133536785e-05
244200,1.59433164788e-05,1.10087455908e-05
244300,1.59429418337e-05,1.10041412771e-05
244400,1.59425671981e-05,1.0999540733e-05
244500,1.59421925716e-05,1.09949439537e-05
244600,1.59418179539e-05,1.09903509346e-05
244700,1.59414433455e-05,1.09857616712e-05
244800,1.59410687463e-05,1.09811761587e-05
244900,1.59406941561e-05,1.09765943927e-05
245000,1.59403195751e-05,1.09720163685e-05
245100,1.59399450031e-05,1.09674420815e-05
245200,1.59395704401e-05,1.09628715271e-05
245300,1.59391958861e-05,1.09583047008e-05
245400,1.59388213414e-05,1.09537415982e-05
245500,1.59384468057e-05,1.09491822144e-05
245600,1.5938072279e-05,1.09446265451e-05
245700,1.59376977614e-05,1.09400745857e-05
245800,1.5937323253e-05,1.09355263317e-05
245900,1.59369487535e-05,1.09309817785e-05
246000,1.59365742631e-05,1.09264409216e-05
246100,1.59361997818e-05,1.09219037566e-05
246200,1.59358253095e-05,1.09173702789e-05
246300,1.59354508462e-05,1.09128404839e-05
246400,1.59350763918e-05,1.09083143673e-05
246500,1.59347019467e-05,1.09037919246e-05
246600,1.59343275106e-05,1.08992731513e-05
246700,1.59339530834e-05,1.08947580429e-05
246800,1.59335786653e-05,1.08902465949e-05
246900,1.59332042563e-05,1.0885738803e-05
247000,1.59328298564e-05,1.08812346626e-05
247100,1.59324554652e-05,1.08767341694e-05
247200,1.59320810833e-05,1.08722373189e-05
247300,1.59317067103e-05,1.08677441066e-05
247400,1.59313323463e-05,1.08632545282e-05
247500,1.59309579911e-05,1.08587685793e-05
247600,1.59305836453e-05,1.08542862555e-05
247700,1.59302093083e-05,1.08498075522e-05
247800,1.59298349801e-05,1.08453324653e-05
247900,1.59294606611e-05,1.08408609903e-05
248000,1.59290863511e-05,1.08363931228e-05
248100,1.592871205e-05,1.08319288585e-05
248200,1.59283377579e-05,1.0827468193e-05
248300,1.59279634749e-05,1.0823011122e-05
248400,1.59275892006e-05,1.0818557641e-05
248500,1.59272149354e-05,1.08141077458e-05
248600,1.5926840679e-05,1.08096614321e-05
248700,1.59264664318e-05,1.08052186955e-05
248800,1.59260921936e-05,1.08007795317e-05
248900,1.59257179642e-05,1.07963439364e-05
249000,1.59253437439e-05,1.07919119054e-05
249100,1.59249695325e-05,1.07874834342e-05
249200,1.59245953299e-05,1.07830585186e-05
249300,1.59242211365e-05,1.07786371544e-05
249400,1.59238469517e-05,1.07742193372e-05
249500,1.59234727758e-05,1.07698050628e-05
249600,1.59230986091e-05,1.0765394327e-05
249700,1.59227244514e-05,1.07609871254e-05
249800,1.59223503023e-05,1.07565834538e-05
249900,1.59219761622e-05,1.07521833081e-05
250000,1.59216020313e-05,1.07477866839e-05
250100,1.5921227909e-05,1.0743393577e-05
250200,1.59208537958e-05,1.07390039833e-05
250300,1.59204796915e-05,1.07346178984e-05
250400,1.59201055959e-05,1.07302353182e-05
250500,1.59197315093e-05,1.07258562385e-05
250600,1.59193574316e-05,1.07214806551e-05
250700,1.59189833628e-05,1.07171085639e-05
250800,1.5918609303e-05,1.07127399605e-05
250900,1.59182352519e-05,1.0708374841e-05
251000,1.59178612099e-05,1.0704013201e-05
251100,1.59174871766e-05,1.06996550364e-05
251200,1.5917113152e-05,1.06953003431e-05
251300,1.59167391365e-05,1.06909491169e-05
251400,1.59163651299e-05,1.06866013538e-05
251500,1.59159911323e-05,1.06822570495e-05
251600,1.59156171432e-05,1.06779162e-05
251700,1.59152431631e-05,1.0673578801e-05
251800,1.5914869192e-05,1.06692448486e-05
251900,1.59144952296e-05,1.06649143385e-05
252000,1.5914121276e-05,1.06605872667e-05
252100,1.59137473315e-05,1.06562636292e-05
252200,1.59133733956e-05,1.06519434217e-05
252300,1.59129994687e-05,1.06476266403e-05
252400,1.59126255504e-05,1.06433132808e-05
252500,1.59122516414e-05,1.06390033393e-05
252600,1.59118777408e-05,1.06346968115e-05
252700,1.5911503849e-05,1.06303936935e-05
252800,1.59111299663e-05,1.06260939813e-05
252900,1.59107560923e-05,1.06217976707e-05
253000,1.59103822272e-05,1.06175047578e-05
253100,1.59100083708e-05,1.06132152385e-05
253200,1.59096345232e-05,1.06089291087e-05
253300,1.59092606846e-05,1.06046463646e-05
253400,1.59088868548e-05,1.06003670021e-05
253500,1.59085130335e-05,1.0596091017e-05
253600,1.59081392212e-05,1.05918184055e-05
253700,1.59077654177e-05,1.05875491637e-05
253800,1.59073916231e-05,1.05832832874e-05
253900,1.59070178372e-05,1.05790207727e-05
254000,1.59066440602e-05,1.05747616156e-05
254100,1.59062702918e-05,1.05705058123e-05
254200,1.59058965322e-05,1.05662533586e-05
254300,1.59055227814e-05,1.05620042506e-05
254400,1.59051490395e-05,1.05577584845e-05
254500,1.59047753064e-05,1.05535160563e-05
254600,1.59044015819e-05,1.0549276962e-05
254700,1.59040278665e-05,1.05450411977e-05
254800,1.59036541599e-05,1.05408087595e-05
254900,1.59032804615e-05,1.05365796434e-05
255000,1.59029067723e-05,1.05323538456e-05
255100,1.59025330917e-05,1.05281313621e-05
255200,1.59021594199e-05,1.05239121891e-05
255300,1.59017857569e-05,1.05196963226e-05
255400,1.59014121027e-05,1.05154837588e-05
255500,1.59010384572e-05,1.05112744938e-05
255600,1.59006648204e-05,1.05070685237e-05
255700,1.59002911924e-05,1.05028658447e-05
255800,1.58999175733e-05,1.04986664529e-05
255900,1.58995439627e-05,1.04944703443e-05
256000,1.5899170361e-05,1.04902775153e-05
256100,1.58987967678e-05,1.04860879618e-05
256200,1.58984231837e-05,1.04819016803e-05
256300,1.58980496082e-05,1.04777186667e-05
256400,1.58976760414e-05,1.04735389172e-05
256500,1.58973024833e-05,1.0469362428e-05
256600,1.5896928934e-05,1.04651891954e-05
256700,1.58965553935e-05,1.04610192155e-05
256800,1.58961818616e-05,1.04568524844e-05
256900,1.58958083384e-05,1.04526889985e-05
257000,1.58954348241e-05,1.04485287539e-05
257100,1.58950613185e-05,1.04443717468e-05
257200,1.58946878216e-05,1.04402179735e-05
257300,1.58943143333e-05,1.04360674301e-05
257400,1.58939408537e-05,1.0431920113e-05
257500,1.58935673827e-05,1.04277760182e-05
257600,1.58931939207e-05,1.04236351423e-05
257700,1.58928204673e-05,1.04194974812e-05
257800,1.58924470227e-05,1.04153630314e-05
257900,1.58920735868e-05,1.04112317891e-05
258000,1.58917001595e-05,1.04071037504e-05
258100,1.58913267411e-05,1.04029789119e-05
258200,1.58909533311e-05,1.03988572695e-05
258300,1.589057993e-05,1.03947388198e-05
258400,1.58902065376e-05,1.03906235589e-05
258500,1.58898331539e-05,1.03865114832e-05
258600,1.58894597789e-05,1.0382402589e-05
258700,1.58890864124e-05,1.03782968726e-05
258800,1.58887130548e-05,1.03741943302e-05
258900,1.58883397058e-05,1.03700949583e-05
259000,1.58879663656e-05,1.03659987531e-05
259100,1.5887593034e-05,1.0361905711e-05
259200,1.58872197112e-05,1.03578158283e-05
259300,1.5886846397e-05,1.03537291013e-05
259400,1.58864730915e-05,1.03496455265e-05
259500,1.58860997946e-05,1.03455651001e-05
259600,1.58857265065e-05,1.03414878185e-05
259700,1.58853532269e-05,1.03374136781e-05
259800,1.58849799561e-05,1.03333426752e-05
259900,1.5884606694e-05,1.03292748063e-05
260000,1.58842334405e-05,1.03252100677e-05
260100,1.58838601961e-05,1.03211484559e-05
260200,1.588348696e-05,1.0317089967e-05
260300,1.58831137325e-05,1.03130345977e-05
260400,1.58827405138e-05,1.03089823443e-05
260500,1.58823673037e-05,1.03049332032e-05
260600,1.58819941023e-05,1.03008871707e-05
260700,1.58816209098e-05,1.02968442435e-05
260800,1.58812477256e-05,1.02928044178e-05
260900,1.58808745502e-05,1.02887676901e-05
261000,1.58805013835e-05,1.02847340569e-05
261100,1.58801282254e-05,1.02807035145e-05
261200,1.58797550762e-05,1.02766760595e-05
261300,1.58793819354e-05,1.02726516882e-05
261400,1.58790088035e-05,1.02686303973e-05
261500,1.58786356802e-05,1.0264612183e-05
261600,1.58782625654e-05,1.02605970419e-05
261700,1.58778894594e-05,1.02565849704e-05
261800,1.58775163619e-05,1.0252575965e-05
261900,1.58771432731e-05,1.02485700223e-05
262000,1.58767701932e-05,1.02445671388e-05
262100,1.58763971217e-05,1.02405673108e-05
262200,1.5876024059e-05,1.02365705349e-05
262300,1.58756510047e-05,1.02325768076e-05
262400,1.58752779593e-05,1.02285861255e-05
262500,1.58749049224e-05,1.0224598485e-05
262600,1.58745318943e-05,1.02206138827e-05
262700,1.5874158875e-05,1.02166323152e-05
262800,1.5873785864e-05,1.02126537788e-05
262900,1.58734128619e-05,1.02086782703e-05
263000,1.58730398683e-05,1.0204705786e-05
263100,1.58726668835e-05,1.02007363227e-05
263200,1.58722939074e-05,1.01967698768e-05
263300,1.58719209396e-05,1.01928064447e-05
263400,1.58715479809e-05,1.01888460234e-05
263500,1.58711750306e-05,1.01848886091e-05
263600,1.5870802089e-05,1.01809341986e-05
263700,1.58704291559e-05,1.01769827883e-05
263800,1.58700562316e-05,1.01730343748e-05
263900,1.5869683316e-05,1.01690889549e-05
264000,1.58693104089e-05,1.0165146525e-05
264100,1.58689375106e-05,1.01612070818e-05
264200,1.58685646211e-05,1.01572706219e-05
264300,1.58681917397e-05,1.01533371417e-05
264400,1.58678188674e-05,1.01494066382e-05
264500,1.58674460034e-05,1.01454791077e-05
264600,1.58670731484e-05,1.0141554547e-05
264700,1.58667003018e-05,1.01376329527e-05
264800,1.58663274641e-05,1.01337143214e-05
264900,1.58659546349e-05,1.01297986498e-05
265000,1.58655818142e-05,1.01258859344e-05
265100,1.58652090024e-05,1.01219761721e-05
265200,1.58648361991e-05,1.01180693593e-05
265300,1.58644634044e-05,1.01141654929e-05
265400,1.58640906184e-05,1.01102645694e-05
265500,1.58637178411e-05,1.01063665855e-05
265600,1.58633450724e-05,1.01024715379e-05
265700,1.58629723124e-05,1.00985794234e-05
265800,1.5862599561e-05,1.00946902385e-05
265900,1.58622268182e-05,1.009080398e-05
266000,1.58618540841e-05,1.00869206445e-05
266100,1.58614813587e-05,1.00830402289e-05
266200,1.58611086418e-05,1.00791627297e-05
266300,1.58607359337e-05,1.00752881437e-05
266400,1.58603632341e-05,1.00714164676e-05
266500,1.58599905433e-05,1.00675476982e-05
266600,1.58596178609e-05,1.00636818321e-05
266700,1.58592451874e-05,1.00598188661e-05
266800,1.58588725224e-05,1.0055958797e-05
266900,1.58584998662e-05,1.00521016214e-05
267000,1.58581272185e-05,1.00482473362e-05
267100,1.58577545795e-05,1.0044395938e-05
267200,1.58573819491e-05,1.00405474237e-05
267300,1.58570093273e-05,1.00367017899e-05
267400,1.58566367141e-05,1.00328590336e-05
267500,1.58562641098e-05,1.00290191513e-05
267600,1.58558915139e-05,1.002518214e-05
267700,1.58555189268e-05,1.00213479964e-05
267800,1.58551463481e-05,1.00175167172e-05
267900,1.58547737783e-05,1.00136882994e-05
268000,1.58544012172e-05,1.00098627396e-05
268100,1.58540286646e-05,1.00060400347e-05
268200,1.58536561209e-05,1.00022201815e-05
268300,1.58532835856e-05,9.99840317674e-06
268400,1.58529110589e-05,9.99458901727e-06
268500,1.5852538541e-05,9.99077769994e-06
268600,1.58521660315e-05,9.9869692215e-06
268700,1.58517935309e-05,9.98316357891e-06
268800,1.58514210388e-05,9.97936076889e-06
268900,1.58510485555e-05,9.97556078833e-06
269000,1.58506760807e-05,9.97176363405e-06
269100,1.58503036147e-05,9.96796930293e-06
269200,1.58499311571e-05,9.96417779177e-06
269300,1.58495587084e-05,9.9603890975e-06
269400,1.58491862684e-05,9.95660321694e-06
269500,1.58488138369e-05,9.95282014693e-06
269600,1.58484414141e-05,9.94903988438e-06
269700,1.5848069e-05,9.94526242617e-06
269800,1.58476965943e-05,9.94148776912e-06
269900,1.58473241975e-05,9.93771591022e-06
270000,1.58469518093e-05,9.93394684627e-06
270100,1.58465794296e-05,9.93018057417e-06
270200,1.58462070589e-05,9.92641709091e-06
270300,1.58458346967e-05,9.92265639333e-06
270400,1.58454623431e-05,9.91889847829e-06
270500,1.58450899982e-05,9.91514334278e-06
270600,1.5844717662e-05,9.91139098369e-06
270700,1.58443453344e-05,9.90764139793e-06
270800,1.58439730154e-05,9.90389458242e-06
270900,1.5843600705e-05,9.90015053411e-06
271000,1.58432284034e-05,9.89640924996e-06
271100,1.58428561102e-05,9.89267072683e-06
271200,1.58424838261e-05,9.8889349618e-06
271300,1.58421115503e-05,9.88520195168e-06
271400,1.58417392833e-05,9.88147169349e-06
271500,1.5841367025e-05,9.87774418421e-06
271600,1.58409947754e-05,9.87401942077e-06
271700,1.58406225343e-05,9.87029740012e-06
271800,1.5840250302e-05,9.86657811927e-06
271900,1.58398780783e-05,9.86286157517e-06
272000,1.58395058632e-05,9.85914776479e-06
272100,1.5839133657e-05,9.85543668518e-06
272200,1.58387614591e-05,9.8517283332e-06
272300,1.58383892701e-05,9.84802270599e-06
272400,1.58380170898e-05,9.84431980049e-06
272500,1.5837644918e-05,9.84061961366e-06
272600,1.5837272755e-05,9.83692214258e-06
272700,1.58369006007e-05,9.83322738424e-06
272800,1.58365284551e-05,9.82953533563e-06
272900,1.58361563177e-05,9.8258459937e-06
273000,1.58357841895e-05,9.82215935566e-06
273100,1.58354120698e-05,9.81847541841e-06
273200,1.58350399589e-05,9.81479417903e-06
273300,1.58346678564e-05,9.81111563446e-06
273400,1.58342957628e-05,9.8074397819e-06
273500,1.58339236778e-05,9.8037666183e-06
273600,1.58335516014e-05,9.80009614068e-06
273700,1.58331795338e-05,9.79642834619e-06
273800,1.58328074748e-05,9.79276323183e-06
273900,1.58324354244e-05,9.78910079465e-06
274000,1.58320633828e-05,9.78544103178e-06
274100,1.583169135e-05,9.78178394027e-06
274200,1.58313193256e-05,9.77812951712e-06
274300,1.58309473099e-05,9.77447775949e-06
274400,1.5830575303e-05,9.77082866444e-06
274500,1.58302033047e-05,9.76718222908e-06
274600,1.58298313151e-05,9.76353845048e-06
274700,1.58294593343e-05,9.75989732578e-06
274800,1.5829087362e-05,9.75625885202e-06
274900,1.58287153987e-05,9.75262302638e-06
275000,1.58283434435e-05,9.74898984582e-06
275100,1.58279714975e-05,9.74535930767e-06
275200,1.582759956e-05,9.74173140889e-06
275300,1.58272276311e-05,9.73810614663e-06
275400,1.58268557111e-05,9.73448351808e-06
275500,1.58264837995e-05,9.73086352029e-06
275600,1.58261118968e-05,9.72724615046e-06
275700,1.58257400028e-05,9.72363140572e-06
275800,1.58253681173e-05,9.72001928316e-06
275900,1.58249962406e-05,9.71640977997e-06
276000,1.58246243725e-05,9.7128028933e-06
276100,1.58242525133e-05,9.70919862036e-06
276200,1.58238806626e-05,9.7055969582e-06
276300,1.58235088207e-05,9.70199790405e-06
276400,1.58231369874e-05,9.69840145506e-06
276500,1.58227651627e-05,9.6948076084e-06
276600,1.58223933468e-05,9.69121636128e-06
276700,1.58220215397e-05,9.68762771085e-06
276800,1.58216497411e-05,9.68404165429e-06
276900,1.58212779513e-05,9.68045818883e-06
277000,1.58209061703e-05,9.67687731163e-06
277100,1.58205343977e-05,9.67329901985e-06
277200,1.5820162634e-05,9.66972331076e-06
277300,1.5819790879e-05,9.66615018155e-06
277400,1.58194191326e-05,9.6625796294e-06
277500,1.58190473949e-05,9.65901165154e-06
277600,1.5818675666e-05,9.65544624521e-06
277700,1.58183039457e-05,9.65188340757e-06
277800,1.58179322341e-05,9.6483231359e-06
277900,1.58175605313e-05,9.64476542741e-06
278000,1.58171888371e-05,9.64121027933e-06
278100,1.58168171516e-05,9.63765768891e-06
278200,1.58164454747e-05,9.63410765336e-06
278300,1.58160738068e-05,9.63056017001e-06
278400,1.58157021475e-05,9.62701523603e-06
278500,1.58153304967e-05,9.62347284865e-06
278600,1.58149588547e-05,9.61993300517e-06
278700,1.58145872213e-05,9.61639570284e-06
278800,1.58142155967e-05,9.61286093896e-06
278900,1.5813843981e-05,9.60932871079e-06
279000,1.58134723737e-05,9.60579901555e-06
279100,1.58131007752e-05,9.60227185056e-06
279200,1.58127291855e-05,9.5987472131e-06
279300,1.58123576046e-05,9.59522510047e-06
279400,1.58119860322e-05,9.5917055099e-06
279500,1.58116144685e-05,9.58818843872e-06
279600,1.58112429135e-05,9.58467388421e-06
279700,1.58108713672e-05,9.58116184369e-06
279800,1.58104998297e-05,9.57765231447e-06
279900,1.5810128301e-05,9.57414529386e-06
280000,1.58097567806e-05,9.57064077905e-06
280100,1.58093852693e-05,9.56713876756e-06
280200,1.58090137669e-05,9.56363925665e-06
280300,1.58086422725e-05,9.56014224347e-06
280400,1.58082707874e-05,9.55664772557e-06
280500,1.58078993109e-05,9.55315570018e-06
280600,1.58075278428e-05,9.54966616457e-06
280700,1.58071563837e-05,9.54617911624e-06
280800,1.58067849332e-05,9.5426945524e-06
280900,1.58064134916e-05,9.53921247047e-06
281000,1.58060420584e-05,9.53573286773e-06
281100,1.58056706341e-05,9.53225574158e-06
281200,1.58052992186e-05,9.52878108941e-06
281300,1.58049278118e-05,9.52530890852e-06
281400,1.58045564135e-05,9.52183919628e-06
281500,1.5804185024e-05,9.51837195005e-06
281600,1.58038136433e-05,9.51490716728e-06
281700,1.58034422712e-05,9.51144484525e-06
281800,1.5803070908e-05,9.5079849814e-06
281900,1.58026995534e-05,9.5045275731e-06
282000,1.58023282074e-05,9.50107261769e-06
282100,1.58019568701e-05,9.4976201126e-06
282200,1.58015855416e-05,9.49417005524e-06
282300,1.58012142219e-05,9.49072244301e-06
282400,1.58008429109e-05,9.48727727329e-06
282500,1.58004716086e-05,9.48383454348e-06
282600,1.58001003151e-05,9.48039425104e-06
282700,1.57997290302e-05,9.4769563933e-06
282800,1.5799357754e-05,9.47352096772e-06
282900,1.57989864865e-05,9.47008797172e-06
283000,1.57986152278e-05,9.46665740272e-06
283100,1.57982439778e-05,9.46322925816e-06
283200,1.57978727366e-05,9.45980353547e-06
283300,1.57975015039e-05,9.45638023205e-06
283400,1.579713028e-05,9.45295934535e-06
283500,1.5796759065e-05,9.44954087287e-06
283600,1.57963878584e-05,9.44612481195e-06
283700,1.57960166608e-05,9.44271116016e-06
283800,1.57956454718e-05,9.43929991487e-06
283900,1.57952742914e-05,9.43589107352e-06
284000,1.579490312e-05,9.43248463366e-06
284100,1.57945319572e-05,9.42908059269e-06
284200,1.5794160803e-05,9.42567894807e-06
284300,1.57937896576e-05,9.42227969729e-06
284400,1.57934185209e-05,9.41888283781e-06
284500,1.5793047393e-05,9.41548836717e-06
284600,1.57926762738e-05,9.41209628276e-06
284700,1.57923051633e-05,9.40870658213e-06
284800,1.57919340616e-05,9.40531926275e-06
284900,1.57915629684e-05,9.40193432204e-06
285000,1.57911918841e-05,9.39855175762e-06
285100,1.57908208085e-05,9.39517156691e-06
285200,1.57904497417e-05,9.39179374747e-06
285300,1.57900786836e-05,9.38841829675e-06
285400,1.57897076341e-05,9.38504521224e-06
285500,1.57893365933e-05,9.38167449152e-06
285600,1.57889655613e-05,9.37830613207e-06
285700,1.5788594538e-05,9.3749401314e-06
285800,1.57882235234e-05,9.37157648706e-06
285900,1.57878525177e-05,9.36821519661e-06
286000,1.57874815206e-05,9.3648562575e-06
286100,1.57871105322e-05,9.3614996673e-06
286200,1.57867395526e-05,9.35814542354e-06
286300,1.57863685816e-05,9.35479352376e-06
286400,1.57859976195e-05,9.35144396554e-06
286500,1.57856266659e-05,9.34809674637e-06
286600,1.57852557213e-05,9.34475186387e-06
286700,1.57848847851e-05,9.3414093155e-06
286800,1.57845138577e-05,9.33806909888e-06
286900,1.57841429392e-05,9.33473121159e-06
287000,1.57837720292e-05,9.33139565113e-06
287100,1.57834011281e-05,9.32806241514e-06
287200,1.57830302357e-05,9.32473150114e-06
287300,1.5782659352e-05,9.32140290671e-06
287400,1.57822884772e-05,9.31807662949e-06
287500,1.57819176109e-05,9.31475266696e-06
287600,1.57815467532e-05,9.31143101674e-06
287700,1.57811759045e-05,9.30811167648e-06
287800,1.57808050645e-05,9.3047946437e-06
287900,1.5780434233e-05,9.30147991599e-06
288000,1.57800634104e-05,9.29816749102e-06
288100,1.57796925966e-05,9.29485736635e-06
288200,1.57793217915e-05,9.29154953956e-06
288300,1.5778950995e-05,9.2882440083e-06
288400,1.57785802073e-05,9.28494077014e-06
288500,1.57782094282e-05,9.2816398227e-06
288600,1.5777838658e-05,9.27834116365e-06
288700,1.57774678964e-05,9.27504479054e-06
288800,1.57770971434e-05,9.27175070103e-06
288900,1.57767263994e-05,9.26845889279e-06
289000,1.57763556641e-05,9.2651693634e-06
289100,1.57759849374e-05,9.26188211049e-06
289200,1.57756142196e-05,9.25859713173e-06
289300,1.57752435103e-05,9.25531442471e-06
289400,1.57748728097e-05,9.25203398711e-06
289500,1.57745021182e-05,9.24875581662e-06
289600,1.57741314351e-05,9.2454799108e-06
289700,1.57737607606e-05,9.24220626733e-06
289800,1.57733900951e-05,9.23893488393e-06
289900,1.57730194385e-05,9.23566575826e-06
290000,1.57726487901e-05,9.23239888783e-06
290100,1.57722781506e-05,9.22913427046e-06
290200,1.57719075199e-05,9.22587190378e-06
290300,1.5771536898e-05,9.22261178549e-06
290400,1.57711662848e-05,9.2193539132e-06
290500,1.57707956802e-05,9.21609828463e-06
290600,1.57704250845e-05,9.21284489751e-06
290700,1.57700544973e-05,9.20959374941e-06
290800,1.57696839189e-05,9.2063448381e-06
290900,1.57693133494e-05,9.20309816128e-06
291000,1.57689427884e-05,9.19985371661e-06
291100,1.57685722363e-05,9.19661150181e-06
291200,1.57682016928e-05,9.19337151458e-06
291300,1.57678311579e-05,9.19013375256e-06
291400,1.57674606319e-05,9.18689821358e-06
291500,1.57670901147e-05,9.18366489528e-06
291600,1.57667196062e-05,9.1804337954e-06
291700,1.57663491062e-05,9.1772049116e-06
291800,1.57659786151e-05,9.17397824166e-06
291900,1.57656081327e-05,9.1707537833e-06
292000,1.5765237659e-05,9.16753153421e-06
292100,1.5764867194e-05,9.16431149215e-06
292200,1.57644967377e-05,9.16109365483e-06
292300,1.57641262901e-05,9.15787802001e-06
292400,1.57637558511e-05,9.1546645854e-06
292500,1.57633854212e-05,9.15145334885e-06
292600,1.57630149999e-05,9.14824430796e-06
292700,1.57626445871e-05,9.14503746054e-06
292800,1.57622741832e-05,9.14183280434e-06
292900,1.57619037879e-05,9.13863033712e-06
293000,1.57615334015e-05,9.13543005667e-06
293100,1.57611630239e-05,9.13223196071e-06
293200,1.57607926547e-05,9.12903604696e-06
293300,1.57604222943e-05,9.12584231324e-06
293400,1.57600519427e-05,9.12265075734e-06
293500,1.57596815998e-05,9.11946137702e-06
293600,1.57593112654e-05,9.11627416999e-06
293700,1.575894094e-05,9.11308913414e-06
293800,1.57585706234e-05,9.10990626722e-06
293900,1.57582003153e-05,9.10672556694e-06
294000,1.57578300159e-05,9.10354703114e-06
294100,1.57574597254e-05,9.10037065765e-06
294200,1.57570894434e-05,9.09719644419e-06
294300,1.57567191704e-05,9.09402438865e-06
294400,1.57563489059e-05,9.09085448872e-06
294500,1.575597865e-05,9.08768674226e-06
294600,1.5755608403e-05,9.08452114708e-06
294700,1.57552381645e-05,9.08135770096e-06
294800,1.5754867935e-05,9.07819640179e-06
294900,1.57544977141e-05,9.0750372473e-06
295000,1.57541275021e-05,9.07188023538e-06
295100,1.57537572985e-05,9.06872536375e-06
295200,1.57533871038e-05,9.06557263032e-06
295300,1.57530169177e-05,9.06242203289e-06
295400,1.57526467404e-05,9.0592735693e-06
295500,1.57522765718e-05,9.05612723736e-06
295600,1.57519064121e-05,9.05298303497e-06
295700,1.57515362607e-05,9.04984095984e-06
295800,1.57511661184e-05,9.04670100995e-06
295900,1.57507959846e-05,9.04356318306e-06
296000,1.57504258594e-05,9.04042747702e-06
296100,1.5750055743e-05,9.0372938897e-06
296200,1.57496856355e-05,9.03416241902e-06
296300,1.57493155365e-05,9.03103306271e-06
296400,1.57489454463e-05,9.02790581874e-06
296500,1.57485753648e-05,9.0247806849e-06
296600,1.57482052921e-05,9.02165765909e-06
296700,1.57478352279e-05,9.01853673913e-06
296800,1.57474651725e-05,9.01541792295e-06
296900,1.57470951258e-05,9.0123012084e-06
297000,1.57467250879e-05,9.00918659338e-06
297100,1.57463550585e-05,9.00607407569e-06
297200,1.57459850381e-05,9.00296365334e-06
297300,1.57456150263e-05,8.99985532413e-06
297400,1.5745245023e-05,8.99674908591e-06
297500,1.57448750287e-05,8.99364493668e-06
297600,1.5744505043e-05,8.99054287425e-06
297700,1.57441350661e-05,8.98744289656e-06
297800,1.57437650977e-05,8.98434500146e-06
297900,1.5743395138e-05,8.98124918688e-06
298000,1.57430251873e-05,8.97815545077e-06
298100,1.5742655245e-05,8.97506379095e-06
298200,1.57422853115e-05,8.97197420539e-06
298300,1.57419153868e-05,8.968886692e-06
298400,1.57415454706e-05,8.96580124866e-06
298500,1.57411755633e-05,8.96271787335e-06
298600,1.57408056647e-05,8.95963656396e-06
298700,1.57404357748e-05,8.95655731839e-06
298800,1.57400658934e-05,8.95348013457e-06
298900,1.57396960208e-05,8.95040501045e-06
299000,1.5739326157e-05,8.94733194399e-06
299100,1.57389563018e-05,8.94426093306e-06
299200,1.57385864554e-05,8.94119197568e-06
299300,1.57382166175e-05,8.93812506968e-06
299400,1.57378467886e-05,8.93506021313e-06
299500,1.57374769681e-05,8.93199740387e-06
299600,1.57371071565e-05,8.92893663991e-06
299700,1.57367373535e-05,8.92587791917e-06
299800,1.57363675593e-05,8.92282123965e-06
299900,1.57359977739e-05,8.9197665993e-06
300000,1.57356279969e-05,8.91671399599e-06
300100,1.57352582286e-05,8.91366342776e-06
300200,1.57348884691e-05,8.91061489257e-06
300300,1.57345187184e-05,8.90756838843e-06
300400,1.57341489763e-05,8.90452391324e-06
300500,1.57337792431e-05,8.90148146502e-06
300600,1.57334095182e-05,8.89844104166e-06
300700,1.57330398023e-05,8.89540264127e-06
300800,1.57326700951e-05,8.89236626176e-06
300900,1.57323003965e-05,8.88933190111e-06
301000,1.57319307067e-05,8.88629955734e-06
301100,1.57315610253e-05,8.88326922835e-06
301200,1.57311913529e-05,8.88024091226e-06
301300,1.57308216892e-05,8.87721460701e-06
301400,1.57304520339e-05,8.87419031053e-06
301500,1.57300823876e-05,8.87116802094e-06
301600,1.57297127496e-05,8.86814773614e-06
301700,1.57293431207e-05,8.86512945423e-06
301800,1.57289735004e-05,8.86211317316e-06
301900,1.57286038889e-05,8.85909889098e-06
302000,1.57282342857e-05,8.8560866056e-06
302100,1.57278646914e-05,8.85307631515e-06
302200,1.57274951058e-05,8.85006801762e-06
302300,1.57271255289e-05,8.84706171103e-06
302400,1.57267559607e-05,8.84405739337e-06
302500,1.57263864012e-05,8.84105506272e-06
302600,1.57260168504e-05,8.83805471709e-06
302700,1.57256473082e-05,8.83505635447e-06
302800,1.57252777748e-05,8.83205997295e-06
302900,1.572490825e-05,8.82906557055e-06
303000,1.57245387341e-05,8.82607314533e-06
303100,1.57241692267e-05,8.82308269527e-06
303200,1.57237997281e-05,8.82009421849e-06
303300,1.57234302379e-05,8.81710771294e-06
303400,1.57230607566e-05,8.81412317678e-06
303500,1.5722691284e-05,8.811140608e-06
303600,1.572232182e-05,8.80816000467e-06
303700,1.57219523647e-05,8.80518136484e-06
303800,1.57215829181e-05,8.80220468659e-06
303900,1.572121348e-05,8.79922996793e-06
304000,1.57208440509e-05,8.79625720702e-06
304100,1.57204746303e-05,8.79328640184e-06
304200,1.57201052184e-05,8.79031755052e-06
304300,1.57197358153e-05,8.78735065111e-06
304400,1.5719366421e-05,8.78438570171e-06
304500,1.5718997035e-05,8.7814227003e-06
304600,1.5718627658e-05,8.7784616451e-06
304700,1.57182582895e-05,8.77550253408e-06
304800,1.57178889298e-05,8.77254536538e-06
304900,1.57175195789e-05,8.76959013713e-06
305000,1.57171502363e-05,8.76663684729e-06
305100,1.57167809028e-05,8.76368549411e-06
305200,1.57164115776e-05,8.76073607554e-06
305300,1.57160422613e-05,8.75778858979e-06
305400,1.57156729537e-05,8.75484303492e-06
305500,1.57153036547e-05,8.75189940903e-06
305600,1.57149343644e-05,8.74895771021e-06
305700,1.57145650827e-05,8.74601793658e-06
305800,1.57141958097e-05,8.74308008626e-06
305900,1.57138265455e-05,8.74014415738e-06
306000,1.57134572897e-05,8.73721014799e-06
306100,1.57130880427e-05,8.73427805627e-06
306200,1.57127188045e-05,8.73134788034e-06
306300,1.5712349575e-05,8.72841961833e-06
306400,1.57119803541e-05,8.72549326831e-06
306500,1.57116111418e-05,8.72256882845e-06
306600,1.57112419383e-05,8.71964629688e-06
306700,1.57108727435e-05,8.71672567172e-06
306800,1.57105035573e-05,8.71380695109e-06
306900,1.57101343797e-05,8.71089013314e-06
307000,1.57097652109e-05,8.70797521605e-06
307100,1.57093960507e-05,8.70506219791e-06
307200,1.5709026899e-05,8.70215107684e-06
307300,1.57086577564e-05,8.69924185112e-06
307400,1.57082886223e-05,8.69633451878e-06
307500,1.57079194966e-05,8.69342907795e-06
307600,1.57075503799e-05,8.69052552689e-06
307700,1.57071812718e-05,8.6876238637e-06
307800,1.57068121724e-05,8.68472408655e-06
307900,1.57064430815e-05,8.68182619355e-06
308000,1.57060739994e-05,8.67893018294e-06
308100,1.5705704926e-05,8.67603605288e-06
308200,1.57053358612e-05,8.67314380146e-06
308300,1.5704966805e-05,8.67025342693e-06
308400,1.57045977576e-05,8.66736492745e-06
308500,1.57042287187e-05,8.66447830116e-06
308600,1.57038596887e-05,8.6615935463e-06
308700,1.57034906671e-05,8.65871066098e-06
308800,1.57031216545e-05,8.65582964345e-06
308900,1.57027526502e-05,8.65295049182e-06
309000,1.57023836549e-05,8.65007320438e-06
309100,1.57020146682e-05,8.64719777925e-06
309200,1.570164569e-05,8.64432421458e-06
309300,1.57012767206e-05,8.64145250868e-06
309400,1.57009077597e-05,8.63858265963e-06
309500,1.57005388078e-05,8.63571466574e-06
309600,1.57001698643e-05,8.63284852512e-06
309700,1.56998009295e-05,8.62998423603e-06
309800,1.56994320032e-05,8.62712179661e-06
309900,1.56990630859e-05,8.62426120517e-06
310000,1.56986941771e-05,8.62140245986e-06
310100,1.56983252771e-05,8.61854555892e-06
310200,1.56979563857e-05,8.61569050053e-06
310300,1.56975875029e-05,8.61283728291e-06
310400,1.56972186286e-05,8.60998590428e-06
310500,1.56968497631e-05,8.60713636289e-06
310600,1.56964809062e-05,8.60428865694e-06
310700,1.56961120582e-05,8.6014427847e-06
310800,1.56957432186e-05,8.59859874434e-06
310900,1.56953743879e-05,8.59575653416e-06
311000,1.56950055657e-05,8.59291615232e-06
311100,1.56946367523e-05,8.59007759713e-06
311200,1.56942679474e-05,8.58724086676e-06
311300,1.56938991513e-05,8.5844059595e-06
311400,1.56935303637e-05,8.58157287354e-06
311500,1.56931615849e-05,8.57874160717e-06
311600,1.56927928147e-05,8.57591215863e-06
311700,1.56924240529e-05,8.57308452613e-06
311800,1.56920553e-05,8.57025870799e-06
311900,1.5691686556e-05,8.56743470248e-06
312000,1.56913178202e-05,8.56461250773e-06
312100,1.56909490933e-05,8.56179212211e-06
312200,1.5690580375e-05,8.55897354384e-06
312300,1.56902116655e-05,8.55615677123e-06
312400,1.56898429646e-05,8.55334180248e-06
312500,1.56894742722e-05,8.55052863586e-06
312600,1.56891055888e-05,8.54771726975e-06
312700,1.56887369139e-05,8.54490770229e-06
312800,1.56883682474e-05,8.54209993176e-06
312900,1.56879995899e-05,8.53929395653e-06
313000,1.56876309407e-05,8.53648977477e-06
313100,1.56872623004e-05,8.53368738486e-06
313200,1.56868936686e-05,8.53088678502e-06
313300,1.56865250456e-05,8.52808797357e-06
313400,1.56861564313e-05,8.52529094881e-06
313500,1.56857878257e-05,8.52249570899e-06
313600,1.56854192285e-05,8.51970225239e-06
313700,1.56850506401e-05,8.51691057735e-06
313800,1.56846820604e-05,8.51412068214e-06
313900,1.56843134891e-05,8.51133256504e-06
314000,1.56839449265e-05,8.50854622436e-06
314100,1.56835763728e-05,8.50576165848e-06
314200,1.56832078278e-05,8.50297886566e-06
314300,1.56828392912e-05,8.50019784413e-06
314400,1.56824707633e-05,8.49741859227e-06
314500,1.56821022443e-05,8.49464110842e-06
314600,1.56817337336e-05,8.4918653908e-06
314700,1.56813652318e-05,8.48909143781e-06
314800,1.56809967385e-05,8.48631924772e-06
314900,1.56806282538e-05,8.48354881886e-06
315000,1.56802597779e-05,8.48078014958e-06
315100,1.56798913104e-05,8.47801323813e-06
315200,1.56795228518e-05,8.47524808296e-06
315300,1.56791544019e-05,8.47248468233e-06
315400,1.56787859605e-05,8.46972303452e-06
315500,1.56784175276e-05,8.46696313791e-06
315600,1.56780491038e-05,8.46420499091e-06
315700,1.56776806883e-05,8.46144859171e-06
315800,1.56773122814e-05,8.45869393872e-06
315900,1.56769438834e-05,8.45594103034e-06
316000,1.56765754939e-05,8.45318986482e-06
316100,1.56762071131e-05,8.45044044055e-06
316200,1.56758387408e-05,8.44769275585e-06
316300,1.56754703773e-05,8.44494680911e-06
316400,1.56751020223e-05,8.44220259864e-06
316500,1.56747336762e-05,8.43946012284e-06
316600,1.56743653387e-05,8.43671938006e-06
316700,1.56739970096e-05,8.43398036858e-06
316800,1.56736286892e-05,8.43124308683e-06
316900,1.56732603777e-05,8.42850753322e-06
317000,1.56728920748e-05,8.42577370603e-06
317100,1.56725237804e-05,8.42304160362e-06
317200,1.56721554945e-05,8.42031122437e-06
317300,1.56717872175e-05,8.41758256671e-06
317400,1.5671418949e-05,8.41485562895e-06
317500,1.56710506891e-05,8.41213040947e-06
317600,1.56706824381e-05,8.40940690671e-06
317700,1.56703141956e-05,8.40668511899e-06
317800,1.56699459616e-05,8.40396504464e-06
317900,1.56695777366e-05,8.4012466822e-06
318000,1.566920952e-05,8.3985300299e-06
318100,1.5668841312e-05,8.39581508618e-06
318200,1.56684731125e-05,8.39310184942e-06
318300,1.5668104922e-05,8.39039031806e-06
318400,1.566773674e-05,8.38768049045e-06
318500,1.56673685665e-05,8.38497236496e-06
318600,1.56670004016e-05,8.38226594001e-06
318700,1.56666322456e-05,8.37956121405e-06
318800,1.56662640981e-05,8.37685818543e-06
318900,1.56658959593e-05,8.37415685255e-06
319000,1.56655278293e-05,8.37145721387e-06
319100,1.56651597078e-05,8.36875926772e-06
319200,1.56647915948e-05,8.36606301251e-06
319300,1.56644234906e-05,8.36336844671e-06
319400,1.5664055395e-05,8.3606755687e-06
319500,1.5663687308e-05,8.35798437689e-06
319600,1.56633192296e-05,8.3552948697e-06
319700,1.566295116e-05,8.35260704558e-06
319800,1.56625830988e-05,8.34992090287e-06
319900,1.56622150463e-05,8.34723644007e-06
320000,1.56618470024e-05,8.34455365558e-06
320100,1.56614789676e-05,8.34187254789e-06
320200,1.5661110941e-05,8.33919311531e-06
320300,1.56607429232e-05,8.33651535635e-06
320400,1.56603749139e-05,8.33383926939e-06
320500,1.56600069134e-05,8.33116485294e-06
320600,1.56596389215e-05,8.32849210536e-06
320700,1.5659270938e-05,8.32582102509e-06
320800,1.56589029632e-05,8.32315161061e-06
320900,1.56585349971e-05,8.32048386037e-06
321000,1.56581670398e-05,8.3178177728e-06
321100,1.56577990911e-05,8.31515334636e-06
321200,1.56574311508e-05,8.31249057944e-06
321300,1.56570632193e-05,8.30982947055e-06
321400,1.56566952966e-05,8.30717001813e-06
321500,1.56563273823e-05,8.30451222062e-06
321600,1.56559594766e-05,8.30185607645e-06
321700,1.56555915797e-05,8.29920158415e-06
321800,1.56552236912e-05,8.29654874209e-06
321900,1.56548558116e-05,8.29389754883e-06
322000,1.56544879405e-05,8.29124800276e-06
322100,1.56541200781e-05,8.28860010237e-06
322200,1.5653752224e-05,8.28595384608e-06
322300,1.56533843789e-05,8.28330923246e-06
322400,1.56530165426e-05,8.28066625996e-06
322500,1.56526487145e-05,8.27802492696e-06
322600,1.56522808955e-05,8.27538523205e-06
322700,1.56519130847e-05,8.27274717358e-06
322800,1.56515452826e-05,8.27011075013e-06
322900,1.56511774893e-05,8.26747596015e-06
323000,1.56508097047e-05,8.26484280216e-06
323100,1.56504419284e-05,8.26221127453e-06
323200,1.56500741609e-05,8.25958137586e-06
323300,1.5649706402e-05,8.25695310459e-06
323400,1.5649338652e-05,8.25432645927e-06
323500,1.56489709102e-05,8.25170143827e-06
323600,1.56486031773e-05,8.24907804021e-06
323700,1.56482354529e-05,8.24645626349e-06
323800,1.56478677373e-05,8.24383610669e-06
323900,1.56475000303e-05,8.24121756826e-06
324000,1.56471323317e-05,8.23860064666e-06
324100,1.56467646417e-05,8.23598534044e-06
324200,1.56463969607e-05,8.23337164817e-06
324300,1.56460292882e-05,8.23075956828e-06
324400,1.56456616242e-05,8.22814909927e-06
324500,1.56452939689e-05,8.22554023968e-06
324600,1.56449263223e-05,8.22293298802e-06
324700,1.56445586842e-05,8.22032734279e-06
324800,1.56441910548e-05,8.21772330252e-06
324900,1.56438234342e-05,8.21512086573e-06
325000,1.56434558219e-05,8.21252003089e-06
325100,1.56430882184e-05,8.20992079659e-06
325200,1.56427206234e-05,8.20732316131e-06
325300,1.56423530371e-05,8.2047271236e-06
325400,1.56419854594e-05,8.20213268195e-06
325500,1.56416178905e-05,8.19953983497e-06
325600,1.56412503301e-05,8.1969485811e-06
325700,1.56408827784e-05,8.19435891893e-06
325800,1.56405152352e-05,8.19177084694e-06
325900,1.56401477006e-05,8.18918436371e-06
326000,1.56397801748e-05,8.18659946778e-06
326100,1.56394126575e-05,8.18401615765e-06
326200,1.56390451488e-05,8.18143443188e-06
326300,1.56386776486e-05,8.17885428899e-06
326400,1.56383101573e-05,8.17627572762e-06
326500,1.56379426747e-05,8.17369874625e-06
326600,1.56375752005e-05,8.17112334338e-06
326700,1.56372077349e-05,8.16854951762e-06
326800,1.56368402782e-05,8.16597726755e-06
326900,1.56364728298e-05,8.16340659163e-06
327000,1.56361053904e-05,8.16083748852e-06
327100,1.56357379592e-05,8.15826995665e-06
327200,1.56353705368e-05,8.15570399471e-06
327300,1.56350031229e-05,8.15313960116e-06
327400,1.56346357177e-05,8.15057677462e-06
327500,1.56342683213e-05,8.14801551368e-06
327600,1.56339009335e-05,8.14545581685e-06
327700,1.56335335542e-05,8.14289768271e-06
327800,1.56331661835e-05,8.14034110982e-06
327900,1.56327988215e-05,8.13778609679e-06
328000,1.56324314681e-05,8.13523264214e-06
328100,1.56320641233e-05,8.1326807445e-06
328200,1.56316967871e-05,8.13013040239e-06
328300,1.56313294596e-05,8.12758161445e-06
328400,1.56309621407e-05,8.12503437921e-06
328500,1.56305948304e-05,8.12248869526e-06
328600,1.56302275287e-05,8.1199445612e-06
328700,1.56298602357e-05,8.11740197561e-06
328800,1.56294929512e-05,8.11486093707e-06
328900,1.56291256754e-05,8.11232144417e-06
329000,1.5628758408e-05,8.10978349547e-06
329100,1.56283911496e-05,8.10724708965e-06
329200,1.56280238997e-05,8.10471222525e-06
329300,1.56276566584e-05,8.10217890084e-06
329400,1.56272894256e-05,8.09964711502e-06
329500,1.56269222017e-05,8.09711686646e-06
329600,1.56265549859e-05,8.09458815362e-06
329700,1.56261877792e-05,8.09206097529e-06
329800,1.56258205809e-05,8.08953532991e-06
329900,1.56254533914e-05,8.08701121619e-06
330000,1.56250862103e-05,8.08448863266e-06
330100,1.5624719038e-05,8.08196757801e-06
330200,1.56243518741e-05,8.07944805076e-06
330300,1.56239847191e-05,8.07693004962e-06
330400,1.56236175726e-05,8.07441357314e-06
330500,1.56232504347e-05,8.07189861993e-06
330600,1.56228833053e-05,8.06938518862e-06
330700,1.56225161847e-05,8.06687327785e-06
330800,1.56221490726e-05,8.06436288622e-06
330900,1.56217819693e-05,8.06185401237e-06
331000,1.56214148744e-05,8.05934665489e-06
331100,1.56210477883e-05,8.05684081246e-06
331200,1.56206807106e-05,8.05433648365e-06
331300,1.56203136417e-05,8.05183366713e-06
331400,1.56199465813e-05,8.04933236149e-06
331500,1.56195795297e-05,8.04683256543e-06
331600,1.56192124866e-05,8.04433427751e-06
331700,1.5618845452e-05,8.04183749639e-06
331800,1.5618478426e-05,8.03934222072e-06
331900,1.56181114089e-05,8.03684844915e-06
332000,1.56177444002e-05,8.0343561803e-06
332100,1.56173774001e-05,8.03186541278e-06
332200,1.56170104086e-05,8.02937614528e-06
332300,1.56166434258e-05,8.02688837645e-06
332400,1.56162764517e-05,8.02440210494e-06
332500,1.56159094861e-05,8.02191732935e-06
332600,1.56155425292e-05,8.01943404838e-06
332700,1.56151755809e-05,8.01695226066e-06
332800,1.56148086412e-05,8.01447196483e-06
332900,1.56144417101e-05,8.01199315958e-06
333000,1.56140747874e-05,8.0095158435e-06
333100,1.56137078735e-05,8.00704001533e-06
333200,1.56133409682e-05,8.00456567369e-06
333300,1.56129740716e-05,8.00209281727e-06
333400,1.56126071835e-05,7.99962144468e-06
333500,1.56122403041e-05,7.99715155465e-06
333600,1.56118734334e-05,7.99468314581e-06
333700,1.56115065712e-05,7.99221621681e-06
333800,1.56111397176e-05,7.98975076635e-06
333900,1.56107728726e-05,7.98728679307e-06
334000,1.56104060361e-05,7.98482429565e-06
334100,1.56100392083e-05,7.98236327281e-06
334200,1.56096723892e-05,7.97990372319e-06
334300,1.56093055786e-05,7.97744564546e-06
334400,1.56089387766e-05,7.97498903831e-06
334500,1.56085719834e-05,7.97253390044e-06
334600,1.56082051989e-05,7.97008023054e-06
334700,1.56078384227e-05,7.96762802721e-06
334800,1.56074716553e-05,7.96517728923e-06
334900,1.56071048963e-05,7.96272801522e-06
335000,1.56067381461e-05,7.96028020392e-06
335100,1.56063714044e-05,7.95783385398e-06
335200,1.56060046712e-05,7.95538896409e-06
335300,1.56056379468e-05,7.95294553299e-06
335400,1.5605271231e-05,7.95050355936e-06
335500,1.56049045238e-05,7.94806304188e-06
335600,1.5604537825e-05,7.94562397921e-06
335700,1.56041711351e-05,7.94318637014e-06
335800,1.56038044539e-05,7.94075021336e-06
335900,1.56034377811e-05,7.93831550748e-06
336000,1.5603071117e-05,7.93588225127e-06
336100,1.56027044614e-05,7.93345044342e-06
336200,1.56023378144e-05,7.93102008264e-06
336300,1.56019711761e-05,7.92859116766e-06
336400,1.56016045463e-05,7.92616369714e-06
336500,1.5601237925e-05,7.92373766981e-06
336600,1.56008713126e-05,7.92131308445e-06
336700,1.56005047087e-05,7.9188899397e-06
336800,1.56001381134e-05,7.91646823431e-06
336900,1.55997715268e-05,7.91404796698e-06
337000,1.55994049486e-05,7.91162913641e-06
337100,1.55990383791e-05,7.90921174137e-06
337200,1.5598671818e-05,7.90679578051e-06
337300,1.5598305266e-05,7.90438125269e-06
337400,1.55979387222e-05,7.90196815649e-06
337500,1.55975721871e-05,7.89955649069e-06
337600,1.55972056606e-05,7.89714625404e-06
337700,1.55968391428e-05,7.89473744527e-06
337800,1.55964726337e-05,7.89233006311e-06
337900,1.5596106133e-05,7.88992410624e-06
338000,1.55957396411e-05,7.88751957347e-06
338100,1.55953731576e-05,7.88511646346e-06
338200,1.55950066827e-05,7.88271477499e-06
338300,1.55946402165e-05,7.88031450682e-06
338400,1.55942737589e-05,7.87791565765e-06
338500,1.55939073099e-05,7.87551822624e-06
338600,1.55935408695e-05,7.87312221134e-06
338700,1.55931744376e-05,7.87072761165e-06
338800,1.55928080145e-05,7.868334426e-06
338900,1.55924416e-05,7.86594265309e-06
339000,1.55920751939e-05,7.86355229164e-06
339100,1.55917087965e-05,7.86116334044e-06
339200,1.55913424077e-05,7.85877579825e-06
339300,1.55909760275e-05,7.85638966379e-06
339400,1.55906096561e-05,7.85400493586e-06
339500,1.55902432928e-05,7.85162161313e-06
339600,1.55898769386e-05,7.84923969448e-06
339700,1.55895105926e-05,7.84685917855e-06
339800,1.55891442557e-05,7.84448006423e-06
339900,1.5588777927e-05,7.84210235016e-06
340000,1.55884116072e-05,7.8397260352e-06
340100,1.55880452957e-05,7.83735111802e-06
340200,1.5587678993e-05,7.83497759747e-06
340300,1.55873126988e-05,7.83260547227e-06
340400,1.55869464133e-05,7.83023474123e-06
340500,1.55865801364e-05,7.82786540309e-06
340600,1.55862138679e-05,7.8254974566e-06
340700,1.55858476082e-05,7.82313090061e-06
340800,1.55854813571e-05,7.82076573382e-06
340900,1.55851151144e-05,7.81840195502e-06
341000,1.55847488805e-05,7.81603956304e-06
341100,1.55843826552e-05,7.81367855663e-06
341200,1.55840164383e-05,7.81131893452e-06
341300,1.55836502302e-05,7.8089606956e-06
341400,1.55832840308e-05,7.80660383859e-06
341500,1.55829178398e-05,7.80424836225e-06
341600,1.55825516573e-05,7.80189426539e-06
341700,1.55821854835e-05,7.79954154681e-06
341800,1.55818193182e-05,7.79719020529e-06
341900,1.55814531616e-05,7.79484023963e-06
342000,1.55810870137e-05,7.79249164865e-06
342100,1.55807208744e-05,7.7901444311e-06
342200,1.55803547436e-05,7.78779858579e-06
342300,1.55799886214e-05,7.78545411151e-06
342400,1.5579622508e-05,7.7831110071e-06
342500,1.5579256403e-05,7.78076927128e-06
342600,1.55788903066e-05,7.77842890291e-06
342700,1.55785242186e-05,7.77608990075e-06
342800,1.55781581397e-05,7.7737522637e-06
342900,1.5577792069e-05,7.77141599045e-06
343000,1.55774260069e-05,7.76908107983e-06
343100,1.55770599535e-05,7.76674753071e-06
343200,1.55766939087e-05,7.76441534186e-06
343300,1.55763278726e-05,7.76208451211e-06
343400,1.5575961845e-05,7.75975504023e-06
343500,1.55755958258e-05,7.75742692504e-06
343600,1.55752298155e-05,7.75510016542e-06
343700,1.55748638137e-05,7.75277476013e-06
343800,1.55744978203e-05,7.75045070797e-06
343900,1.55741318357e-05,7.7481280078e-06
344000,1.55737658597e-05,7.74580665845e-06
344100,1.55733998922e-05,7.7434866587e-06
344200,1.55730339332e-05,7.74116800738e-06
344300,1.5572667983e-05,7.73885070335e-06
344400,1.55723020414e-05,7.73653474543e-06
344500,1.55719361082e-05,7.73422013239e-06
344600,1.55715701837e-05,7.73190686313e-06
344700,1.55712042679e-05,7.72959493647e-06
344800,1.55708383606e-05,7.72728435119e-06
344900,1.55704724618e-05,7.72497510615e-06
345000,1.55701065716e-05,7.7226672002e-06
345100,1.55697406902e-05,7.72036063219e-06
345200,1.55693748173e-05,7.71805540093e-06
345300,1.5569008953e-05,7.71575150524e-06
345400,1.55686430972e-05,7.71344894398e-06
345500,1.556827725e-05,7.711147716e-06
345600,1.55679114115e-05,7.70884782013e-06
345700,1.55675455814e-05,7.70654925519e-06
345800,1.556717976e-05,7.70425202008e-06
345900,1.55668139472e-05,7.70195611362e-06
346000,1.55664481432e-05,7.69966153468e-06
346100,1.55660823475e-05,7.69736828204e-06
346200,1.55657165605e-05,7.69507635463e-06
346300,1.55653507819e-05,7.69278575122e-06
346400,1.55649850121e-05,7.69049647074e-06
346500,1.55646192509e-05,7.68820851203e-06
346600,1.55642534982e-05,7.68592187391e-06
346700,1.55638877542e-05,7.68363655528e-06
346800,1.55635220185e-05,7.68135255492e-06
346900,1.55631562916e-05,7.67906987178e-06
347000,1.55627905733e-05,7.67678850469e-06
347100,1.55624248636e-05,7.67450845252e-06
347200,1.55620591626e-05,7.67222971412e-06
347300,1.55616934699e-05,7.66995228832e-06
347400,1.5561327786e-05,7.66767617406e-06
347500,1.55609621105e-05,7.66540137014e-06
347600,1.55605964438e-05,7.66312787547e-06
347700,1.55602307856e-05,7.66085568893e-06
347800,1.5559865136e-05,7.65858480934e-06
347900,1.55594994951e-05,7.65631523564e-06
348000,1.55591338625e-05,7.65404696661e-06
348100,1.55587682388e-05,7.65178000124e-06
348200,1.55584026235e-05,7.64951433832e-06
348300,1.55580370166e-05,7.64724997674e-06
348400,1.55576714186e-05,7.64498691542e-06
348500,1.55573058291e-05,7.64272515321e-06
348600,1.55569402483e-05,7.64046468902e-06
348700,1.55565746758e-05,7.63820552166e-06
348800,1.5556209112e-05,7.63594765009e-06
348900,1.55558435568e-05,7.63369107316e-06
349000,1.55554780102e-05,7.63143578977e-06
349100,1.55551124722e-05,7.62918179882e-06
349200,1.55547469429e-05,7.6269290992e-06
349300,1.55543814219e-05,7.62467768973e-06
349400,1.55540159096e-05,7.62242756938e-06
349500,1.55536504061e-05,7.62017873706e-06
349600,1.55532849111e-05,7.61793119161e-06
349700,1.55529194245e-05,7.61568493191e-06
349800,1.55525539465e-05,7.61343995688e-06
349900,1.55521884772e-05,7.61119626546e-06
350000,1.55518230164e-05,7.60895385649e-06
350100,1.55514575643e-05,7.60671272892e-06
350200,1.55510921208e-05,7.60447288163e-06
350300,1.55507266856e-05,7.60223431347e-06
350400,1.55503612593e-05,7.59999702345e-06
350500,1.55499958415e-05,7.59776101041e-06
350600,1.55496304322e-05,7.59552627325e-06
350700,1.55492650315e-05,7.59329281089e-06
350800,1.55488996393e-05,7.59106062226e-06
350900,1.55485342559e-05,7.58882970628e-06
351000,1.55481688809e-05,7.5866000618e-06
351100,1.55478035145e-05,7.58437168778e-06
351200,1.55474381567e-05,7.58214458313e-06
351300,1.55470728076e-05,7.57991874678e-06
351400,1.55467074669e-05,7.57769417761e-06
351500,1.55463421349e-05,7.57547087456e-06
351600,1.55459768114e-05,7.57324883654e-06
351700,1.55456114965e-05,7.57102806249e-06
351800,1.55452461903e-05,7.56880855133e-06
351900,1.55448808926e-05,7.56659030195e-06
352000,1.55445156032e-05,7.56437331326e-06
352100,1.55441503228e-05,7.56215758429e-06
352200,1.55437850508e-05,7.55994311386e-06
352300,1.55434197873e-05,7.55772990094e-06
352400,1.55430545326e-05,7.5555179445e-06
352500,1.55426892862e-05,7.55330724336e-06
352600,1.55423240486e-05,7.55109779656e-06
352700,1.55419588195e-05,7.54888960297e-06
352800,1.5541593599e-05,7.54668266155e-06
352900,1.5541228387e-05,7.54447697122e-06
353000,1.55408631836e-05,7.54227253094e-06
353100,1.55404979886e-05,7.54006933958e-06
353200,1.55401328027e-05,7.53786739625e-06
353300,1.55397676249e-05,7.53566669968e-06
353400,1.55394024557e-05,7.5334672489e-06
353500,1.55390372954e-05,7.53126904292e-06
353600,1.55386721433e-05,7.52907208056e-06
353700,1.5538307e-05,7.52687636085e-06
353800,1.55379418652e-05,7.5246818827e-06
353900,1.55375767391e-05,7.5224886451e-06
354000,1.55372116216e-05,7.52029664696e-06
354100,1.55368465125e-05,7.51810588721e-06
354200,1.55364814119e-05,7.51591636482e-06
354300,1.55361163201e-05,7.51372807878e-06
354400,1.55357512367e-05,7.51154102799e-06
354500,1.55353861619e-05,7.50935521142e-06
354600,1.55350210958e-05,7.50717062805e-06
354700,1.55346560382e-05,7.50498727683e-06
354800,1.55342909893e-05,7.5028051567e-06
354900,1.55339259488e-05,7.50062426662e-06
355000,1.55335609168e-05,7.49844460554e-06
355100,1.55331958936e-05,7.49626617245e-06
355200,1.55328308787e-05,7.49408896628e-06
355300,1.55324658726e-05,7.49191298604e-06
355400,1.55321008747e-05,7.48973823061e-06
355500,1.55317358858e-05,7.48756469909e-06
355600,1.55313709056e-05,7.48539239039e-06
355700,1.55310059336e-05,7.48322130339e-06
355800,1.55306409704e-05,7.48105143717e-06
355900,1.55302760156e-05,7.47888279064e-06
356000,1.55299110694e-05,7.4767153628e-06
356100,1.55295461316e-05,7.47454915258e-06
356200,1.55291812025e-05,7.47238415901e-06
356300,1.55288162822e-05,7.47022038107e-06
356400,1.55284513701e-05,7.46805781767e-06
356500,1.55280864669e-05,7.46589646788e-06
356600,1.55277215722e-05,7.4637363306e-06
356700,1.55273566859e-05,7.46157740484e-06
356800,1.55269918083e-05,7.45941968957e-06
356900,1.55266269394e-05,7.45726318382e-06
357000,1.5526262079e-05,7.45510788652e-06
357100,1.55258972269e-05,7.45295379661e-06
357200,1.55255323834e-05,7.45080091316e-06
357300,1.55251675487e-05,7.44864923515e-06
357400,1.55248027224e-05,7.44649876154e-06
357500,1.55244379047e-05,7.44434949132e-06
357600,1.55240730958e-05,7.44220142352e-06
357700,1.55237082954e-05,7.44005455711e-06
357800,1.55233435031e-05,7.43790889099e-06
357900,1.552297872e-05,7.43576442432e-06
358000,1.55226139451e-05,7.43362115597e-06
358100,1.5522249179e-05,7.431479085e-06
358200,1.55218844212e-05,7.42933821035e-06
358300,1.5521519672e-05,7.42719853105e-06
358400,1.55211549316e-05,7.42506004614e-06
358500,1.55207901997e-05,7.42292275457e-06
358600,1.55204254761e-05,7.42078665531e-06
358700,1.55200607612e-05,7.41865174742e-06
358800,1.5519696055e-05,7.41651802991e-06
358900,1.55193313573e-05,7.41438550175e-06
359000,1.55189666681e-05,7.41225416195e-06
359100,1.55186019875e-05,7.41012400953e-06
359200,1.55182373153e-05,7.40799504347e-06
359300,1.55178726519e-05,7.40586726285e-06
359400,1.55175079969e-05,7.40374066659e-06
359500,1.55171433506e-05,7.40161525376e-06
359600,1.55167787128e-05,7.39949102336e-06
359700,1.55164140838e-05,7.39736797443e-06
359800,1.5516049463e-05,7.3952461059e-06
359900,1.55156848509e-05,7.39312541687e-06
360000,1.55153202472e-05,7.39100590629e-06
360100,1.55149556522e-05,7.38888757324e-06
360200,1.55145910659e-05,7.38677041674e-06
360300,1.55142264881e-05,7.38465443576e-06
360400,1.55138619188e-05,7.38253962934e-06
360500,1.5513497358e-05,7.38042599651e-06
360600,1.55131328059e-05,7.3783135363e-06
360700,1.55127682624e-05,7.37620224774e-06
360800,1.55124037272e-05,7.3740921298e-06
360900,1.55120392006e-05,7.37198318154e-06
361000,1.55116746828e-05,7.36987540204e-06
361100,1.55113101733e-05,7.36776879025e-06
361200,1.55109456726e-05,7.36566334527e-06
361300,1.55105811803e-05,7.36355906607e-06
361400,1.55102166967e-05,7.36145595173e-06
361500,1.55098522215e-05,7.35935400123e-06
361600,1.5509487755e-05,7.35725321366e-06
361700,1.55091232969e-05,7.355153588e-06
361800,1.55087588474e-05,7.35305512332e-06
361900,1.55083944065e-05,7.35095781865e-06
362000,1.55080299742e-05,7.34886167305e-06
362100,1.55076655505e-05,7.34676668555e-06
362200,1.55073011351e-05,7.34467285513e-06
362300,1.55069367284e-05,7.34258018092e-06
362400,1.55065723305e-05,7.34048866196e-06
362500,1.55062079408e-05,7.33839829718e-06
362600,1.55058435598e-05,7.33630908575e-06
362700,1.55054791873e-05,7.33422102665e-06
362800,1.55051148236e-05,7.33213411899e-06
362900,1.55047504683e-05,7.33004836175e-06
363000,1.55043861213e-05,7.32796375396e-06
363100,1.55040217831e-05,7.32588029475e-06
363200,1.55036574534e-05,7.32379798313e-06
363300,1.55032931324e-05,7.32171681818e-06
363400,1.55029288198e-05,7.3196367989e-06
363500,1.5502564516e-05,7.31755792441e-06
363600,1.55022002205e-05,7.31548019371e-06
363700,1.55018359335e-05,7.31340360583e-06
363800,1.55014716553e-05,7.31132815994e-06
363900,1.55011073854e-05,7.30925385497e-06
364000,1.55007431242e-05,7.30718069009e-06
364100,1.55003788715e-05,7.30510866429e-06
364200,1.55000146274e-05,7.30303777665e-06
364300,1.54996503917e-05,7.30096802621e-06
364400,1.54992861647e-05,7.29889941208e-06
364500,1.54989219462e-05,7.29683193331e-06
364600,1.54985577363e-05,7.29476558895e-06
364700,1.54981935351e-05,7.29270037811e-06
364800,1.54978293423e-05,7.29063629979e-06
364900,1.54974651579e-05,7.28857335308e-06
365000,1.54971009823e-05,7.28651153709e-06
365100,1.54967368152e-05,7.28445085085e-06
365200,1.54963726565e-05,7.28239129341e-06
365300,1.54960085065e-05,7.28033286391e-06
365400,1.54956443649e-05,7.27827556138e-06
365500,1.5495280232e-05,7.2762193849e-06
365600,1.54949161075e-05,7.27416433354e-06
365700,1.54945519917e-05,7.2721104064e-06
365800,1.54941878844e-05,7.27005760255e-06
365900,1.54938237857e-05,7.26800592107e-06
366000,1.54934596953e-05,7.26595536099e-06
366100,1.54930956139e-05,7.2639059215e-06
366200,1.54927315408e-05,7.26185760158e-06
366300,1.54923674761e-05,7.25981040033e-06
366400,1.54920034201e-05,7.25776431687e-06
366500,1.54916393727e-05,7.25571935027e-06
366600,1.54912753336e-05,7.25367549957e-06
366700,1.54909113034e-05,7.25163276396e-06
366800,1.54905472815e-05,7.24959114245e-06
366900,1.54901832684e-05,7.24755063415e-06
367000,1.54898192634e-05,7.2455112381e-06
367100,1.54894552675e-05,7.24347295351e-06
367200,1.54890912799e-05,7.24143577936e-06
367300,1.54887273009e-05,7.2393997148e-06
367400,1.54883633302e-05,7.23736475886e-06
367500,1.54879993682e-05,7.23533091071e-06
367600,1.54876354148e-05,7.2332981694e-06
367700,1.54872714698e-05,7.23126653404e-06
367800,1.54869075335e-05,7.22923600374e-06
367900,1.54865436058e-05,7.22720657762e-06
368000,1.54861796866e-05,7.22517825472e-06
368100,1.5485815776e-05,7.22315103418e-06
368200,1.54854518737e-05,7.22112491505e-06
368300,1.54850879799e-05,7.21909989647e-06
368400,1.5484724095e-05,7.21707597759e-06
368500,1.54843602185e-05,7.21505315747e-06
368600,1.54839963504e-05,7.21303143519e-06
368700,1.54836324909e-05,7.21101080988e-06
368800,1.548326864e-05,7.20899128066e-06
368900,1.54829047978e-05,7.20697284664e-06
369000,1.54825409639e-05,7.2049555069e-06
369100,1.54821771388e-05,7.2029392606e-06
369200,1.54818133218e-05,7.20092410676e-06
369300,1.54814495139e-05,7.19891004462e-06
369400,1.54810857142e-05,7.19689707318e-06
369500,1.54807219231e-05,7.19488519162e-06
369600,1.54803581405e-05,7.192874399e-06
369700,1.54799943665e-05,7.1908646945e-06
369800,1.54796306009e-05,7.18885607719e-06
369900,1.54792668441e-05,7.18684854624e-06
370000,1.54789030957e-05,7.18484210071e-06
370100,1.54785393559e-05,7.18283673975e-06
370200,1.54781756245e-05,7.18083246244e-06
370300,1.54778119018e-05,7.17882926798e-06
370400,1.54774481877e-05,7.17682715545e-06
370500,1.5477084482e-05,7.17482612397e-06
370600,1.54767207848e-05,7.17282617265e-06
370700,1.54763570963e-05,7.17082730065e-06
370800,1.54759934162e-05,7.16882950706e-06
370900,1.54756297445e-05,7.16683279101e-06
371000,1.54752660814e-05,7.16483715166e-06
371100,1.54749024272e-05,7.16284258817e-06
371200,1.54745387813e-05,7.16084909959e-06
371300,1.54741751438e-05,7.15885668508e-06
371400,1.54738115151e-05,7.1568653438e-06
371500,1.54734478947e-05,7.15487507483e-06
371600,1.5473084283e-05,7.15288587738e-06
371700,1.54727206798e-05,7.15089775052e-06
371800,1.54723570851e-05,7.14891069339e-06
371900,1.5471993499e-05,7.14692470516e-06
372000,1.54716299213e-05,7.14493978495e-06
372100,1.54712663522e-05,7.14295593189e-06
372200,1.54709027918e-05,7.14097314516e-06
372300,1.547053924e-05,7.13899142388e-06
372400,1.54701756964e-05,7.13701076714e-06
372500,1.54698121616e-05,7.13503117415e-06
372600,1.54694486351e-05,7.13305264399e-06
372700,1.54690851173e-05,7.13107517588e-06
372800,1.5468721608e-05,7.12909876891e-06
372900,1.54683581072e-05,7.12712342224e-06
373000,1.54679946147e-05,7.12514913499e-06
373100,1.54676311312e-05,7.12317590641e-06
373200,1.54672676559e-05,7.12120373552e-06
373300,1.54669041893e-05,7.11923262155e-06
373400,1.54665407312e-05,7.11726256363e-06
373500,1.54661772816e-05,7.1152935609e-06
373600,1.54658138408e-05,7.11332561256e-06
373700,1.54654504083e-05,7.11135871768e-06
373800,1.54650869844e-05,7.10939287548e-06
373900,1.54647235688e-05,7.10742808506e-06
374000,1.54643601619e-05,7.10546434563e-06
374100,1.54639967636e-05,7.10350165633e-06
374200,1.54636333737e-05,7.10154001631e-06
374300,1.54632699922e-05,7.0995794247e-06
374400,1.54629066196e-05,7.09761988075e-06
374500,1.54625432555e-05,7.09566138358e-06
374600,1.54621798998e-05,7.09370393229e-06
374700,1.54618165525e-05,7.09174752608e-06
374800,1.54614532139e-05,7.08979216413e-06
374900,1.54610898839e-05,7.08783784562e-06
375000,1.54607265622e-05,7.08588456966e-06
375100,1.54603632491e-05,7.08393233545e-06
375200,1.54599999447e-05,7.08198114218e-06
375300,1.54596366487e-05,7.08003098897e-06
375400,1.54592733612e-05,7.078081875e-06
375500,1.54589100823e-05,7.07613379947e-06
375600,1.54585468119e-05,7.07418676152e-06
375700,1.54581835502e-05,7.07224076035e-06
375800,1.54578202967e-05,7.07029579507e-06
375900,1.54574570518e-05,7.06835186489e-06
376000,1.54570938157e-05,7.06640896904e-06
376100,1.54567305881e-05,7.06446710665e-06
376200,1.54563673685e-05,7.0625262768e-06
376300,1.54560041581e-05,7.06058647886e-06
376400,1.5455640956e-05,7.05864771186e-06
376500,1.54552777622e-05,7.056709975e-06
376600,1.54549145771e-05,7.05477326751e-06
376700,1.54545514007e-05,7.05283758856e-06
376800,1.54541882326e-05,7.05090293728e-06
376900,1.5453825073e-05,7.04896931287e-06
377000,1.54534619221e-05,7.04703671457e-06
377100,1.54530987797e-05,7.0451051415e-06
377200,1.54527356457e-05,7.04317459286e-06
377300,1.54523725203e-05,7.04124506784e-06
377400,1.54520094034e-05,7.03931656562e-06
377500,1.5451646295e-05,7.03738908539e-06
377600,1.5451283195e-05,7.03546262633e-06
377700,1.54509201038e-05,7.03353718767e-06
377800,1.54505570209e-05,7.03161276854e-06
377900,1.54501939468e-05,7.0296893682e-06
378000,1.54498308812e-05,7.0277669858e-06
378100,1.54494678238e-05,7.02584562047e-06
378200,1.54491047752e-05,7.02392527152e-06
378300,1.54487417352e-05,7.0220059381e-06
378400,1.54483787035e-05,7.02008761935e-06
378500,1.54480156803e-05,7.01817031452e-06
378600,1.54476526657e-05,7.0162540228e-06
378700,1.54472896596e-05,7.01433874337e-06
378800,1.54469266622e-05,7.01242447548e-06
378900,1.54465636731e-05,7.01051121826e-06
379000,1.54462006926e-05,7.00859897094e-06
379100,1.54458377207e-05,7.00668773273e-06
379200,1.54454747572e-05,7.00477750281e-06
379300,1.54451118024e-05,7.00286828042e-06
379400,1.54447488559e-05,7.00096006471e-06
379500,1.54443859182e-05,6.99905285494e-06
379600,1.54440229888e-05,6.99714665026e-06
379700,1.5443660068e-05,6.99524144992e-06
379800,1.54432971557e-05,6.9933372531e-06
379900,1.54429342517e-05,6.99143405898e-06
380000,1.54425713566e-05,6.98953186686e-06
380100,1.54422084697e-05,6.98763067584e-06
380200,1.54418455917e-05,6.98573048525e-06
380300,1.5441482722e-05,6.9838312942e-06
380400,1.54411198606e-05,6.98193310189e-06
380500,1.5440757008e-05,6.98003590763e-06
380600,1.54403941639e-05,6.97813971057e-06
380700,1.54400313283e-05,6.97624450993e-06
380800,1.54396685011e-05,6.9743503049e-06
380900,1.54393056826e-05,6.97245709478e-06
381000,1.54389428725e-05,6.97056487869e-06
381100,1.54385800709e-05,6.96867365589e-06
381200,1.54382172778e-05,6.9667834256e-06
381300,1.54378544934e-05,6.96489418706e-06
381400,1.54374917174e-05,6.96300593946e-06
381500,1.54371289499e-05,6.96111868201e-06
381600,1.54367661911e-05,6.95923241396e-06
381700,1.54364034405e-05,6.95734713449e-06
381800,1.54360406987e-05,6.95546284288e-06
381900,1.54356779654e-05,6.95357953834e-06
382000,1.54353152403e-05,6.95169722002e-06
382100,1.5434952524e-05,6.94981588726e-06
382200,1.54345898161e-05,6.94793553921e-06
382300,1.54342271167e-05,6.94605617511e-06
382400,1.54338644261e-05,6.94417779425e-06
382500,1.54335017438e-05,6.94230039576e-06
382600,1.54331390701e-05,6.94042397894e-06
382700,1.54327764047e-05,6.93854854295e-06
382800,1.54324137479e-05,6.93667408709e-06
382900,1.54320510996e-05,6.93480061056e-06
383000,1.54316884599e-05,6.93292811263e-06
383100,1.54313258287e-05,6.93105659247e-06
383200,1.5430963206e-05,6.92918604938e-06
383300,1.5430600592e-05,6.92731648257e-06
383400,1.54302379862e-05,6.92544789124e-06
383500,1.54298753891e-05,6.92358027467e-06
383600,1.54295128006e-05,6.9217136321e-06
383700,1.54291502205e-05,6.91984796273e-06
383800,1.54287876489e-05,6.91798326584e-06
383900,1.54284250858e-05,6.91611954063e-06
384000,1.54280625311e-05,6.91425678636e-06
384100,1.5427699985e-05,6.91239500226e-06
384200,1.54273374474e-05,6.91053418761e-06
384300,1.54269749184e-05,6.90867434163e-06
384400,1.54266123979e-05,6.90681546356e-06
384500,1.54262498859e-05,6.90495755265e-06
384600,1.54258873823e-05,6.90310060813e-06
384700,1.54255248874e-05,6.90124462928e-06
384800,1.54251624011e-05,6.89938961533e-06
384900,1.54247999232e-05,6.89753556552e-06
385000,1.54244374536e-05,6.89568247907e-06
385100,1.54240749926e-05,6.89383035527e-06
385200,1.54237125401e-05,6.89197919336e-06
385300,1.54233500962e-05,6.8901289926e-06
385400,1.54229876605e-05,6.88827975219e-06
385500,1.54226252338e-05,6.88643147151e-06
385600,1.54222628155e-05,6.88458414971e-06
385700,1.54219004055e-05,6.88273778603e-06
385800,1.54215380042e-05,6.88089237978e-06
385900,1.54211756113e-05,6.87904793019e-06
386000,1.5420813227e-05,6.87720443652e-06
386100,1.54204508513e-05,6.87536189804e-06
386200,1.54200884838e-05,6.87352031396e-06
386300,1.54197261251e-05,6.87167968361e-06
386400,1.54193637747e-05,6.86984000618e-06
386500,1.54190014329e-05,6.86800128098e-06
386600,1.54186390996e-05,6.86616350724e-06
386700,1.54182767748e-05,6.86432668426e-06
386800,1.54179144585e-05,6.86249081126e-06
386900,1.54175521508e-05,6.86065588753e-06
387000,1.54171898516e-05,6.85882191233e-06
387100,1.54168275607e-05,6.8569888849e-06
387200,1.54164652784e-05,6.85515680453e-06
387300,1.54161030047e-05,6.85332567049e-06
387400,1.54157407394e-05,6.85149548202e-06
387500,1.54153784827e-05,6.84966623844e-06
387600,1.54150162344e-05,6.84783793896e-06
387700,1.54146539947e-05,6.84601058288e-06
387800,1.54142917636e-05,6.84418416947e-06
387900,1.54139295408e-05,6.84235869798e-06
388000,1.54135673267e-05,6.84053416773e-06
388100,1.5413205121e-05,6.83871057793e-06
388200,1.54128429237e-05,6.83688792786e-06
388300,1.5412480735e-05,6.83506621685e-06
388400,1.54121185549e-05,6.83324544414e-06
388500,1.54117563831e-05,6.83142560897e-06
388600,1.54113942199e-05,6.82960671068e-06
388700,1.54110320654e-05,6.82778874855e-06
388800,1.54106699191e-05,6.82597172177e-06
388900,1.54103077814e-05,6.82415562967e-06
389000,1.54099456522e-05,6.82234047156e-06
389100,1.54095835317e-05,6.82052624671e-06
389200,1.54092214194e-05,6.81871295433e-06
389300,1.54088593159e-05,6.81690059381e-06
389400,1.54084972207e-05,6.81508916434e-06
389500,1.54081351341e-05,6.81327866526e-06
389600,1.54077730559e-05,6.81146909581e-06
389700,1.54074109862e-05,6.80966045529e-06
389800,1.54070489251e-05,6.80785274302e-06
389900,1.54066868722e-05,6.80604595821e-06
390000,1.54063248281e-05,6.80424010023e-06
390100,1.54059627925e-05,6.80243516833e-06
390200,1.54056007655e-05,6.80063116182e-06
390300,1.54052387469e-05,6.79882807994e-06
390400,1.54048767368e-05,6.797025922e-06
390500,1.54045147352e-05,6.79522468731e-06
390600,1.54041527421e-05,6.79342437515e-06
390700,1.54037907574e-05,6.79162498478e-06
390800,1.54034287812e-05,6.78982651552e-06
390900,1.54030668137e-05,6.78802896671e-06
391000,1.54027048544e-05,6.78623233754e-06
391100,1.54023429037e-05,6.78443662737e-06
391200,1.54019809617e-05,6.78264183553e-06
391300,1.54016190281e-05,6.78084796123e-06
391400,1.54012571028e-05,6.77905500381e-06
391500,1.54008951864e-05,6.77726296261e-06
391600,1.54005332779e-05,6.77547183679e-06
391700,1.54001713785e-05,6.77368162585e-06
391800,1.53998094872e-05,6.77189232891e-06
391900,1.53994476045e-05,6.77010394536e-06
392000,1.53990857303e-05,6.76831647447e-06
392100,1.53987238647e-05,6.76652991559e-06
392200,1.53983620077e-05,6.76474426799e-06
392300,1.5398000159e-05,6.76295953093e-06
392400,1.53976383188e-05,6.76117570377e-06
392500,1.53972764872e-05,6.75939278581e-06
392600,1.53969146642e-05,6.75761077634e-06
392700,1.53965528494e-05,6.75582967465e-06
392800,1.53961910431e-05,6.75404948004e-06
392900,1.53958292454e-05,6.75227019188e-06
393000,1.53954674563e-05,6.75049180944e-06
393100,1.53951056754e-05,6.74871433199e-06
393200,1.53947439034e-05,6.74693775893e-06
393300,1.53943821397e-05,6.74516208951e-06
393400,1.53940203844e-05,6.74338732301e-06
393500,1.53936586377e-05,6.74161345881e-06
393600,1.53932968994e-05,6.73984049617e-06
393700,1.53929351699e-05,6.73806843446e-06
393800,1.53925734486e-05,6.73629727294e-06
393900,1.53922117358e-05,6.73452701092e-06
394000,1.53918500316e-05,6.73275764776e-06
394100,1.53914883357e-05,6.73098918274e-06
394200,1.53911266486e-05,6.72922161522e-06
394300,1.53907649699e-05,6.72745494447e-06
394400,1.53904032994e-05,6.72568916979e-06
394500,1.53900416378e-05,6.72392429058e-06
394600,1.53896799844e-05,6.72216030608e-06
394700,1.53893183397e-05,6.72039721567e-06
394800,1.53889567035e-05,6.71863501864e-06
394900,1.53885950756e-05,6.71687371429e-06
395000,1.53882334563e-05,6.71511330196e-06
395100,1.53878718453e-05,6.71335378097e-06
395200,1.53875102431e-05,6.71159515068e-06
395300,1.53871486491e-05,6.70983741036e-06
395400,1.53867870637e-05,6.70808055936e-06
395500,1.5386425487e-05,6.70632459704e-06
395600,1.53860639186e-05,6.70456952266e-06
395700,1.53857023589e-05,6.70281533561e-06
395800,1.53853408072e-05,6.70106203512e-06
395900,1.53849792645e-05,6.69930962063e-06
396000,1.538461773e-05,6.6975580914e-06
396100,1.53842562041e-05,6.6958074468e-06
396200,1.53838946867e-05,6.69405768612e-06
396300,1.53835331776e-05,6.69230880871e-06
396400,1.5383171677e-05,6.69056081388e-06
396500,1.53828101853e-05,6.68881370105e-06
396600,1.53824487019e-05,6.68706746947e-06
396700,1.53820872267e-05,6.68532211842e-06
396800,1.53817257603e-05,6.68357764737e-06
396900,1.53813643023e-05,6.68183405558e-06
397000,1.53810028527e-05,6.68009134238e-06
397100,1.53806414117e-05,6.67834950712e-06
397200,1.53802799791e-05,6.67660854914e-06
397300,1.53799185551e-05,6.67486846779e-06
397400,1.53795571395e-05,6.67312926237e-06
397500,1.53791957323e-05,6.67139093223e-06
397600,1.53788343336e-05,6.66965347673e-06
397700,1.53784729438e-05,6.66791689526e-06
397800,1.53781115619e-05,6.66618118702e-06
397900,1.53777501887e-05,6.66444635145e-06
398000,1.53773888242e-05,6.66271238792e-06
398100,1.5377027468e-05,6.6609792957e-06
398200,1.53766661203e-05,6.65924707415e-06
398300,1.5376304781e-05,6.65751572262e-06
398400,1.53759434503e-05,6.65578524048e-06
398500,1.5375582128e-05,6.65405562704e-06
398600,1.53752208142e-05,6.65232688166e-06
398700,1.5374859509e-05,6.6505990037e-06
398800,1.53744982122e-05,6.64887199249e-06
398900,1.53741369239e-05,6.64714584738e-06
399000,1.53737756442e-05,6.64542056775e-06
399100,1.53734143728e-05,6.64369615288e-06
399200,1.53730531099e-05,6.64197260217e-06
399300,1.53726918555e-05,6.64024991496e-06
399400,1.53723306097e-05,6.63852809062e-06
399500,1.53719693723e-05,6.63680712849e-06
399600,1.53716081433e-05,6.63508702789e-06
399700,1.53712469229e-05,6.63336778821e-06
399800,1.5370885711e-05,6.6316494088e-06
399900,1.53705245076e-05,6.62993188901e-06
400000,1.53701633125e-05,6.62821522818e-06
400100,1.5369802126e-05,6.62649942569e-06
400200,1.5369440948e-05,6.62478448089e-06
400300,1.53690797785e-05,6.62307039313e-06
400400,1.53687186175e-05,6.62135716178e-06
400500,1.53683574646e-05,6.61964478613e-06
400600,1.53679963205e-05,6.61793326564e-06
400700,1.53676351849e-05,6.61622259963e-06
400800,1.53672740578e-05,6.61451278748e-06
400900,1.53669129391e-05,6.6128038285e-06
401000,1.53665518288e-05,6.61109572207e-06
401100,1.53661907272e-05,6.60938846759e-06
401200,1.5365829634e-05,6.60768206439e-06
401300,1.5365468549e-05,6.6059765118e-06
401400,1.53651074729e-05,6.60427180928e-06
401500,1.53647464052e-05,6.60256795613e-06
401600,1.53643853458e-05,6.60086495169e-06
401700,1.53640242949e-05,6.59916279537e-06
401800,1.53636632526e-05,6.59746148654e-06
401900,1.53633022187e-05,6.59576102453e-06
402000,1.53629411933e-05,6.59406140875e-06
402100,1.53625801764e-05,6.59236263855e-06
402200,1.53622191681e-05,6.59066471331e-06
402300,1.5361858168e-05,6.58896763234e-06
402400,1.53614971765e-05,6.5872713951e-06
402500,1.53611361934e-05,6.5855760009e-06
402600,1.53607752189e-05,6.58388144914e-06
402700,1.53604142529e-05,6.58218773918e-06
402800,1.53600532952e-05,6.58049487038e-06
402900,1.53596923461e-05,6.57880284215e-06
403000,1.53593314054e-05,6.57711165383e-06
403100,1.53589704731e-05,6.5754213048e-06
403200,1.53586095496e-05,6.57373179449e-06
403300,1.53582486346e-05,6.57204312223e-06
403400,1.53578877278e-05,6.57035528736e-06
403500,1.53575268293e-05,6.56866828927e-06
403600,1.53571659398e-05,6.56698212743e-06
403700,1.53568050584e-05,6.5652968011e-06
403800,1.53564441856e-05,6.56361230972e-06
403900,1.53560833211e-05,6.56192865264e-06
404000,1.53557224653e-05,6.5602458293e-06
404100,1.53553616179e-05,6.55856383901e-06
404200,1.53550007787e-05,6.55688268116e-06
404300,1.53546399484e-05,6.5552023552e-06
404400,1.53542791264e-05,6.55352286046e-06
404500,1.53539183128e-05,6.5518441963e-06
404600,1.53535575077e-05,6.55016636215e-06
404700,1.53531967113e-05,6.54848935741e-06
404800,1.53528359231e-05,6.5468131814e-06
404900,1.53524751435e-05,6.54513783354e-06
405000,1.53521143721e-05,6.54346331319e-06
405100,1.53517536095e-05,6.5417896198e-06
405200,1.53513928552e-05,6.54011675271e-06
405300,1.53510321096e-05,6.53844471134e-06
405400,1.53506713723e-05,6.53677349503e-06
405500,1.53503106436e-05,6.53510310323e-06
405600,1.53499499231e-05,6.53343353524e-06
405700,1.53495892112e-05,6.53176479053e-06
405800,1.5349228508e-05,6.5300968685e-06
405900,1.53488678131e-05,6.5284297685e-06
406000,1.53485071265e-05,6.5267634899e-06
406100,1.53481464486e-05,6.52509803216e-06
406200,1.5347785779e-05,6.52343339461e-06
406300,1.53474251179e-05,6.52176957669e-06
406400,1.53470644654e-05,6.52010657778e-06
406500,1.53467038213e-05,6.51844439729e-06
406600,1.53463431855e-05,6.51678303455e-06
406700,1.53459825584e-05,6.51512248905e-06
406800,1.53456219397e-05,6.51346276014e-06
406900,1.53452613295e-05,6.51180384721e-06
407000,1.53449007277e-05,6.51014574967e-06
407100,1.53445401345e-05,6.50848846694e-06
407200,1.53441795495e-05,6.50683199836e-06
407300,1.53438189733e-05,6.50517634341e-06
407400,1.53434584053e-05,6.50352150142e-06
407500,1.53430978459e-05,6.50186747184e-06
407600,1.53427372948e-05,6.50021425402e-06
407700,1.53423767523e-05,6.49856184742e-06
407800,1.53420162183e-05,6.49691025143e-06
407900,1.53416556926e-05,6.49525946539e-06
408000,1.53412951757e-05,6.49360948884e-06
408100,1.53409346671e-05,6.49196032105e-06
408200,1.53405741668e-05,6.49031196147e-06
408300,1.53402136751e-05,6.48866440953e-06
408400,1.53398531919e-05,6.48701766461e-06
408500,1.5339492717e-05,6.48537172612e-06
408600,1.53391322508e-05,6.4837265935e-06
408700,1.5338771793e-05,6.48208226613e-06
408800,1.53384113434e-05,6.48043874336e-06
408900,1.53380509027e-05,6.47879602476e-06
409000,1.53376904701e-05,6.47715410956e-06
409100,1.53373300461e-05,6.47551299727e-06
409200,1.53369696307e-05,6.47387268733e-06
409300,1.53366092236e-05,6.47223317906e-06
409400,1.5336248825e-05,6.47059447191e-06
409500,1.53358884346e-05,6.46895656529e-06
409600,1.53355280533e-05,6.4673194587e-06
409700,1.53351676799e-05,6.46568315141e-06
409800,1.53348073151e-05,6.46404764291e-06
409900,1.53344469587e-05,6.4624129326e-06
410000,1.53340866111e-05,6.46077901994e-06
410100,1.53337262718e-05,6.4591459043e-06
410200,1.53333659407e-05,6.45751358507e-06
410300,1.53330056183e-05,6.45588206173e-06
410400,1.53326453042e-05,6.45425133365e-06
410500,1.53322849989e-05,6.45262140033e-06
410600,1.53319247014e-05,6.45099226103e-06
410700,1.53315644131e-05,6.44936391537e-06
410800,1.53312041329e-05,6.44773636263e-06
410900,1.53308438614e-05,6.4461096023e-06
411000,1.5330483598e-05,6.44448363371e-06
411100,1.53301233432e-05,6.44285845638e-06
411200,1.5329763097e-05,6.44123406971e-06
411300,1.53294028592e-05,6.43961047311e-06
411400,1.53290426296e-05,6.43798766596e-06
411500,1.53286824088e-05,6.43636564778e-06
411600,1.53283221963e-05,6.43474441791e-06
411700,1.53279619923e-05,6.43312397583e-06
411800,1.53276017968e-05,6.43150432094e-06
411900,1.53272416096e-05,6.42988545265e-06
412000,1.5326881431e-05,6.42826737043e-06
412100,1.53265212607e-05,6.42665007367e-06
412200,1.5326161099e-05,6.42503356183e-06
412300,1.53258009458e-05,6.42341783432e-06
412400,1.5325440801e-05,6.42180289058e-06
412500,1.53250806647e-05,6.42018873002e-06
412600,1.53247205369e-05,6.4185753521e-06
412700,1.53243604173e-05,6.41696275619e-06
412800,1.53240003062e-05,6.41535094178e-06
412900,1.53236402037e-05,6.4137399083e-06
413000,1.53232801097e-05,6.41212965517e-06
413100,1.5322920024e-05,6.41052018182e-06
413200,1.5322559947e-05,6.40891148771e-06
413300,1.53221998782e-05,6.40730357221e-06
413400,1.5321839818e-05,6.40569643482e-06
413500,1.53214797662e-05,6.40409007494e-06
413600,1.53211197228e-05,6.40248449201e-06
413700,1.53207596879e-05,6.40087968548e-06
413800,1.53203996616e-05,6.3992756548e-06
413900,1.53200396435e-05,6.39767239936e-06
414000,1.53196796338e-05,6.39606991861e-06
414100,1.53193196331e-05,6.39446821209e-06
414200,1.53189596403e-05,6.39286727906e-06
414300,1.53185996563e-05,6.39126711912e-06
414400,1.53182396806e-05,6.38966773161e-06
414500,1.53178797133e-05,6.38806911599e-06
414600,1.53175197545e-05,6.38647127173e-06
414700,1.53171598042e-05,6.38487419827e-06
414800,1.53167998623e-05,6.38327789503e-06
414900,1.53164399287e-05,6.38168236144e-06
415000,1.53160800038e-05,6.38008759701e-06
415100,1.53157200873e-05,6.37849360111e-06
415200,1.5315360179e-05,6.37690037319e-06
415300,1.53150002793e-05,6.37530791275e-06
415400,1.53146403882e-05,6.37371621921e-06
415500,1.53142805057e-05,6.37212529205e-06
415600,1.53139206312e-05,6.3705351306e-06
415700,1.53135607653e-05,6.36894573442e-06
415800,1.53132009079e-05,6.36735710292e-06
415900,1.5312841059e-05,6.36576923556e-06
416000,1.53124812185e-05,6.36418213177e-06
416100,1.53121213866e-05,6.36259579106e-06
416200,1.53117615629e-05,6.36101021276e-06
416300,1.53114017477e-05,6.35942539641e-06
416400,1.53110419411e-05,6.35784134145e-06
416500,1.53106821427e-05,6.35625804731e-06
416600,1.53103223531e-05,6.35467551348e-06
416700,1.53099625718e-05,6.35309373938e-06
416800,1.53096027989e-05,6.35151272446e-06
416900,1.53092430344e-05,6.34993246818e-06
417000,1.53088832783e-05,6.34835296999e-06
417100,1.53085235308e-05,6.34677422936e-06
417200,1.53081637917e-05,6.34519624575e-06
417300,1.53078040611e-05,6.34361901859e-06
417400,1.53074443387e-05,6.34204254734e-06
417500,1.5307084625e-05,6.34046683147e-06
417600,1.53067249197e-05,6.33889187046e-06
417700,1.53063652229e-05,6.33731766372e-06
417800,1.53060055344e-05,6.33574421073e-06
417900,1.53056458545e-05,6.33417151096e-06
418000,1.53052861828e-05,6.33259956382e-06
418100,1.53049265199e-05,6.33102836885e-06
418200,1.53045668652e-05,6.32945792545e-06
418300,1.5304207219e-05,6.3278882331e-06
418400,1.53038475814e-05,6.32631929128e-06
418500,1.5303487952e-05,6.32475109939e-06
418600,1.53031283312e-05,6.32318365696e-06
418700,1.53027687187e-05,6.32161696341e-06
418800,1.53024091147e-05,6.32005101822e-06
418900,1.53020495192e-05,6.31848582086e-06
419000,1.53016899323e-05,6.31692137083e-06
419100,1.53013303533e-05,6.31535766745e-06
419200,1.53009707834e-05,6.3137947104e-06
419300,1.53006112216e-05,6.31223249898e-06
419400,1.53002516681e-05,6.31067103269e-06
419500,1.52998921234e-05,6.30911031108e-06
419600,1.5299532587e-05,6.30755033351e-06
419700,1.5299173059e-05,6.30599109951e-06
419800,1.52988135393e-05,6.30443260851e-06
419900,1.52984540283e-05,6.30287486002e-06
420000,1.52980945257e-05,6.30131785351e-06
420100,1.52977350314e-05,6.29976158839e-06
420200,1.52973755457e-05,6.29820606421e-06
420300,1.52970160683e-05,6.29665128037e-06
420400,1.52966565995e-05,6.29509723641e-06
420500,1.52962971391e-05,6.29354393175e-06
420600,1.5295937687e-05,6.29199136585e-06
420700,1.52955782434e-05,6.29043953823e-06
420800,1.52952188083e-05,6.28888844834e-06
420900,1.52948593815e-05,6.28733809566e-06
421000,1.52944999634e-05,6.28578847969e-06
421100,1.52941405537e-05,6.28423959988e-06
421200,1.52937811522e-05,6.28269145567e-06
421300,1.52934217593e-05,6.28114404658e-06
421400,1.52930623747e-05,6.27959737207e-06
421500,1.52927029988e-05,6.27805143166e-06
421600,1.52923436312e-05,6.27650622476e-06
421700,1.52919842719e-05,6.27496175087e-06
421800,1.52916249212e-05,6.27341800949e-06
421900,1.52912655787e-05,6.27187500007e-06
422000,1.5290906245e-05,6.27033272215e-06
422100,1.52905469196e-05,6.26879117513e-06
422200,1.52901876027e-05,6.26725035856e-06
422300,1.52898282943e-05,6.26571027189e-06
422400,1.5289468994e-05,6.26417091455e-06
422500,1.52891097024e-05,6.2626322861e-06
422600,1.52887504192e-05,6.26109438601e-06
422700,1.52883911444e-05,6.25955721372e-06
422800,1.5288031878e-05,6.25802076875e-06
422900,1.52876726202e-05,6.25648505059e-06
423000,1.52873133706e-05,6.25495005868e-06
423100,1.52869541294e-05,6.25341579252e-06
423200,1.52865948969e-05,6.25188225165e-06
423300,1.52862356726e-05,6.25034943548e-06
423400,1.5285876457e-05,6.24881734358e-06
423500,1.52855172498e-05,6.24728597537e-06
423600,1.52851580506e-05,6.2457553303e-06
423700,1.52847988603e-05,6.24422540798e-06
423800,1.52844396784e-05,6.24269620782e-06
423900,1.52840805049e-05,6.24116772932e-06
424000,1.52837213396e-05,6.23963997193e-06
424100,1.52833621829e-05,6.23811293522e-06
424200,1.52830030346e-05,6.23658661862e-06
424300,1.52826438947e-05,6.23506102164e-06
424400,1.52822847635e-05,6.2335361438e-06
424500,1.52819256404e-05,6.23201198454e-06
424600,1.52815665259e-05,6.23048854337e-06
424700,1.52812074198e-05,6.2289658198e-06
424800,1.5280848322e-05,6.22744381328e-06
424900,1.5280489233e-05,6.2259225234e-06
425000,1.5280130152e-05,6.22440194953e-06
425100,1.52797710797e-05,6.22288209125e-06
425200,1.52794120158e-05,6.22136294802e-06
425300,1.52790529602e-05,6.21984451934e-06
425400,1.52786939132e-05,6.21832680472e-06
425500,1.52783348745e-05,6.21680980363e-06
425600,1.52779758443e-05,6.21529351561e-06
425700,1.52776168225e-05,6.21377794011e-06
425800,1.52772578091e-05,6.21226307664e-06
425900,1.52768988043e-05,6.21074892474e-06
426000,1.52765398077e-05,6.20923548384e-06
426100,1.52761808196e-05,6.20772275349e-06
426200,1.527582184e-05,6.20621073318e-06
426300,1.52754628688e-05,6.20469942239e-06
426400,1.52751039061e-05,6.20318882065e-06
426500,1.52747449517e-05,6.20167892744e-06
426600,1.52743860057e-05,6.20016974226e-06
426700,1.52740270684e-05,6.19866126465e-06
426800,1.52736681392e-05,6.19715349405e-06
426900,1.52733092187e-05,6.19564643002e-06
427000,1.52729503063e-05,6.194140072e-06
427100,1.52725914025e-05,6.19263441955e-06
427200,1.52722325071e-05,6.19112947217e-06
427300,1.52718736201e-05,6.18962522932e-06
427400,1.52715147419e-05,6.18812169062e-06
427500,1.52711558719e-05,6.18661885546e-06
427600,1.527079701e-05,6.18511672331e-06
427700,1.52704381569e-05,6.18361529382e-06
427800,1.52700793121e-05,6.1821145664e-06
427900,1.52697204757e-05,6.18061454058e-06
428000,1.52693616477e-05,6.17911521586e-06
428100,1.52690028283e-05,6.17761659179e-06
428200,1.52686440173e-05,6.17611866783e-06
428300,1.52682852146e-05,6.1746214435e-06
428400,1.52679264203e-05,6.17312491831e-06
428500,1.52675676345e-05,6.17162909179e-06
428600,1.52672088572e-05,6.17013396345e-06
428700,1.52668500882e-05,6.16863953276e-06
428800,1.52664913278e-05,6.16714579929e-06
428900,1.52661325756e-05,6.1656527625e-06
429000,1.52657738319e-05,6.16416042193e-06
429100,1.52654150966e-05,6.16266877708e-06
429200,1.52650563699e-05,6.1611778275e-06
429300,1.52646976514e-05,6.15968757265e-06
429400,1.52643389413e-05,6.15819801207e-06
429500,1.52639802397e-05,6.15670914529e-06
429600,1.52636215465e-05,6.1552209718e-06
429700,1.52632628619e-05,6.15373349116e-06
429800,1.52629041855e-05,6.1522467028e-06
429900,1.52625455177e-05,6.15076060634e-06
430000,1.52621868582e-05,6.14927520122e-06
430100,1.52618282072e-05,6.14779048699e-06
430200,1.52614695646e-05,6.14630646318e-06
430300,1.52611109304e-05,6.14482312927e-06
430400,1.52607523046e-05,6.14334048481e-06
430500,1.52603936873e-05,6.14185852932e-06
430600,1.52600350784e-05,6.14037726229e-06
430700,1.5259676478e-05,6.13889668329e-06
430800,1.52593178859e-05,6.1374167918e-06
430900,1.52589593021e-05,6.13593758731e-06
431000,1.52586007269e-05,6.13445906942e-06
431100,1.52582421601e-05,6.13298123762e-06
431200,1.52578836017e-05,6.13150409143e-06
431300,1.52575250518e-05,6.13002763038e-06
431400,1.52571665102e-05,6.12855185397e-06
431500,1.52568079769e-05,6.12707676171e-06
431600,1.52564494522e-05,6.12560235318e-06
431700,1.5256090936e-05,6.1241286279e-06
431800,1.5255732428e-05,6.12265558533e-06
431900,1.52553739285e-05,6.12118322507e-06
432000,1.52550154374e-05,6.1197115466e-06
432100,1.52546569549e-05,6.11824054948e-06
432200,1.52542984806e-05,6.1167702332e-06
432300,1.52539400149e-05,6.11530059734e-06
432400,1.52535815576e-05,6.11383164138e-06
432500,1.52532231086e-05,6.11236336484e-06
432600,1.5252864668e-05,6.11089576728e-06
432700,1.52525062358e-05,6.10942884819e-06
432800,1.52521478119e-05,6.10796260715e-06
432900,1.52517893967e-05,6.10649704369e-06
433000,1.52514309898e-05,6.10503215731e-06
433100,1.52510725916e-05,6.10356794758e-06
433200,1.52507142015e-05,6.10210441397e-06
433300,1.52503558198e-05,6.10064155604e-06
433400,1.52499974465e-05,6.09917937332e-06
433500,1.52496390818e-05,6.09771786539e-06
433600,1.52492807255e-05,6.09625703171e-06
433700,1.52489223775e-05,6.09479687186e-06
433800,1.52485640377e-05,6.09333738531e-06
433900,1.52482057066e-05,6.09187857168e-06
434000,1.52478473839e-05,6.09042043048e-06
434100,1.52474890694e-05,6.0889629612e-06
434200,1.52471307638e-05,6.08750616347e-06
434300,1.52467724662e-05,6.08605003672e-06
434400,1.52464141771e-05,6.08459458054e-06
434500,1.52460558966e-05,6.08313979448e-06
434600,1.52456976244e-05,6.08168567804e-06
434700,1.52453393605e-05,6.08023223075e-06
434800,1.52449811051e-05,6.0787794522e-06
434900,1.5244622858e-05,6.07732734188e-06
435000,1.52442646194e-05,6.07587589937e-06
435100,1.52439063892e-05,6.07442512417e-06
435200,1.52435481673e-05,6.07297501582e-06
435300,1.5243189954e-05,6.07152557393e-06
435400,1.52428317495e-05,6.07007679802e-06
435500,1.52424735528e-05,6.06862868753e-06
435600,1.52421153644e-05,6.06718124206e-06
435700,1.52417571849e-05,6.06573446122e-06
435800,1.52413990136e-05,6.06428834448e-06
435900,1.52410408507e-05,6.06284289139e-06
436000,1.52406826961e-05,6.06139810148e-06
436100,1.524032455e-05,6.05995397434e-06
436200,1.52399664123e-05,6.05851050949e-06
436300,1.52396082831e-05,6.05706770648e-06
436400,1.52392501622e-05,6.05562556485e-06
436500,1.52388920499e-05,6.05418408416e-06
436600,1.52385339459e-05,6.05274326392e-06
436700,1.52381758502e-05,6.05130310369e-06
436800,1.52378177632e-05,6.04986360307e-06
436900,1.52374596841e-05,6.04842476149e-06
437000,1.52371016138e-05,6.04698657862e-06
437100,1.52367435518e-05,6.04554905394e-06
437200,1.52363854982e-05,6.04411218702e-06
437300,1.52360274531e-05,6.0426759774e-06
437400,1.52356694163e-05,6.04124042463e-06
437500,1.52353113879e-05,6.03980552826e-06
437600,1.5234953368e-05,6.03837128785e-06
437700,1.52345953564e-05,6.03693770294e-06
437800,1.52342373534e-05,6.0355047731e-06
437900,1.52338793587e-05,6.03407249784e-06
438000,1.52335213722e-05,6.03264087672e-06
438100,1.52331633944e-05,6.03120990934e-06
438200,1.5232805425e-05,6.02977959522e-06
438300,1.52324474637e-05,6.02834993388e-06
438400,1.52320895109e-05,6.0269209249e-06
438500,1.52317315667e-05,6.02549256788e-06
438600,1.52313736309e-05,6.02406486233e-06
438700,1.52310157033e-05,6.02263780778e-06
438800,1.52306577843e-05,6.02121140384e-06
438900,1.52302998737e-05,6.01978565003e-06
439000,1.52299419715e-05,6.01836054592e-06
439100,1.52295840775e-05,6.01693609103e-06
439200,1.52292261921e-05,6.01551228497e-06
439300,1.52288683151e-05,6.01408912728e-06
439400,1.52285104463e-05,6.01266661747e-06
439500,1.52281525861e-05,6.01124475517e-06
439600,1.52277947343e-05,6.0098235399e-06
439700,1.52274368908e-05,6.00840297122e-06
439800,1.52270790558e-05,6.0069830487e-06
439900,1.5226721229e-05,6.00556377186e-06
440000,1.52263634111e-05,6.00414514036e-06
440100,1.52260056011e-05,6.00272715364e-06
440200,1.52256477996e-05,6.0013098113e-06
440300,1.52252900067e-05,5.99989311296e-06
440400,1.52249322221e-05,5.99847705811e-06
440500,1.52245744459e-05,5.99706164633e-06
440600,1.5224216678e-05,5.9956468772e-06
440700,1.52238589186e-05,5.99423275026e-06
440800,1.52235011676e-05,5.99281926508e-06
440900,1.52231434249e-05,5.99140642122e-06
441000,1.52227856907e-05,5.98999421827e-06
441100,1.5222427965e-05,5.98858265577e-06
441200,1.52220702476e-05,5.98717173329e-06
441300,1.52217125385e-05,5.98576145039e-06
441400,1.5221354838e-05,5.98435180665e-06
441500,1.52209971456e-05,5.98294280158e-06
441600,1.52206394619e-05,5.98153443483e-06
441700,1.52202817864e-05,5.98012670591e-06
441800,1.52199241195e-05,5.97871961442e-06
441900,1.52195664607e-05,5.97731315988e-06
442000,1.52192088105e-05,5.97590734192e-06
442100,1.52188511687e-05,5.97450216006e-06
442200,1.52184935355e-05,5.97309761391e-06
442300,1.52181359103e-05,5.97169370298e-06
442400,1.52177782936e-05,5.97029042687e-06
442500,1.52174206855e-05,5.96888778519e-06
442600,1.52170630856e-05,5.96748577743e-06
442700,1.52167054941e-05,5.9660844032e-06
442800,1.5216347911e-05,5.96468366208e-06
442900,1.52159903365e-05,5.96328355367e-06
443000,1.52156327701e-05,5.96188407746e-06
443100,1.52152752124e-05,5.9604852331e-06
443200,1.52149176628e-05,5.9590870201e-06
443300,1.52145601219e-05,5.95768943809e-06
443400,1.52142025893e-05,5.95629248661e-06
443500,1.5213845065e-05,5.95489616523e-06
443600,1.52134875491e-05,5.95350047352e-06
443700,1.52131300417e-05,5.95210541109e-06
443800,1.52127725426e-05,5.95071097747e-06
443900,1.52124150519e-05,5.94931717225e-06
444000,1.52120575695e-05,5.94792399501e-06
444100,1.52117000956e-05,5.94653144534e-06
444200,1.52113426299e-05,5.94513952278e-06
444300,1.5210985173e-05,5.94374822699e-06
444400,1.52106277243e-05,5.94235755744e-06
444500,1.52102702841e-05,5.94096751377e-06
444600,1.52099128522e-05,5.93957809553e-06
444700,1.52095554284e-05,5.93818930228e-06
444800,1.52091980135e-05,5.93680113368e-06
444900,1.52088406066e-05,5.93541358922e-06
445000,1.52084832081e-05,5.9340266685e-06
445100,1.52081258183e-05,5.93264037116e-06
445200,1.52077684367e-05,5.93125469671e-06
445300,1.52074110635e-05,5.92986964475e-06
445400,1.52070536988e-05,5.9284852149e-06
445500,1.52066963425e-05,5.92710140668e-06
445600,1.52063389945e-05,5.9257182197e-06
445700,1.52059816548e-05,5.92433565353e-06
445800,1.52056243235e-05,5.92295370775e-06
445900,1.52052670007e-05,5.92157238198e-06
446000,1.52049096862e-05,5.92019167576e-06
446100,1.52045523801e-05,5.91881158868e-06
446200,1.52041950825e-05,5.91743212036e-06
446300,1.52038377932e-05,5.91605327034e-06
446400,1.52034805124e-05,5.91467503824e-06
446500,1.52031232397e-05,5.9132974236e-06
446600,1.52027659758e-05,5.91192042606e-06
446700,1.52024087201e-05,5.91054404518e-06
446800,1.52020514727e-05,5.90916828051e-06
446900,1.52016942339e-05,5.90779313171e-06
447000,1.52013370033e-05,5.90641859829e-06
447100,1.52009797812e-05,5.9050446799e-06
447200,1.52006225674e-05,5.90367137608e-06
447300,1.52002653619e-05,5.90229868643e-06
447400,1.51999081649e-05,5.90092661056e-06
447500,1.51995509764e-05,5.89955514805e-06
447600,1.51991937961e-05,5.89818429847e-06
447700,1.51988366245e-05,5.89681406147e-06
447800,1.51984794609e-05,5.89544443653e-06
447900,1.51981223058e-05,5.8940754233e-06
448000,1.51977651593e-05,5.89270702144e-06
448100,1.5197408021e-05,5.89133923042e-06
448200,1.5197050891e-05,5.88997204987e-06
448300,1.51966937696e-05,5.88860547944e-06
448400,1.51963366564e-05,5.88723951865e-06
448500,1.51959795515e-05,5.88587416709e-06
448600,1.51956224553e-05,5.88450942444e-06
448700,1.51952653674e-05,5.88314529022e-06
448800,1.51949082877e-05,5.881781764e-06
448900,1.51945512166e-05,5.88041884545e-06
449000,1.51941941536e-05,5.8790565341e-06
449100,1.51938370993e-05,5.8776948296e-06
449200,1.51934800534e-05,5.87633373151e-06
449300,1.51931230155e-05,5.87497323939e-06
449400,1.51927659863e-05,5.87361335291e-06
449500,1.51924089653e-05,5.8722540716e-06
449600,1.51920519529e-05,5.87089539512e-06
449700,1.51916949488e-05,5.86953732302e-06
449800,1.5191337953e-05,5.86817985491e-06
449900,1.51909809657e-05,5.86682299038e-06
450000,1.51906239868e-05,5.86546672905e-06
450100,1.51902670159e-05,5.86411107046e-06
450200,1.51899100539e-05,5.86275601431e-06
450300,1.51895531001e-05,5.86140156011e-06
450400,1.51891961547e-05,5.86004770749e-06
450500,1.51888392174e-05,5.85869445602e-06
450600,1.5188482289e-05,5.85734180538e-06
450700,1.51881253685e-05,5.85598975506e-06
450800,1.51877684566e-05,5.85463830475e-06
450900,1.51874115531e-05,5.85328745402e-06
451000,1.51870546579e-05,5.85193720245e-06
451100,1.51866977712e-05,5.85058754969e-06
451200,1.51863408928e-05,5.84923849528e-06
451300,1.51859840229e-05,5.84789003888e-06
451400,1.51856271612e-05,5.84654218006e-06
451500,1.51852703079e-05,5.84519491841e-06
451600,1.51849134631e-05,5.84384825357e-06
451700,1.51845566267e-05,5.84250218515e-06
451800,1.51841997983e-05,5.84115671266e-06
451900,1.51838429787e-05,5.83981183583e-06
452000,1.51834861675e-05,5.83846755422e-06
452100,1.51831293644e-05,5.83712386738e-06
452200,1.51827725698e-05,5.83578077499e-06
452300,1.51824157835e-05,5.83443827661e-06
452400,1.51820590057e-05,5.83309637186e-06
452500,1.51817022361e-05,5.83175506034e-06
452600,1.51813454751e-05,5.83041434168e-06
452700,1.51809887223e-05,5.82907421547e-06
452800,1.51806319781e-05,5.82773468133e-06
452900,1.51802752422e-05,5.82639573885e-06
453000,1.51799185145e-05,5.82505738761e-06
453100,1.51795617955e-05,5.82371962731e-06
453200,1.51792050845e-05,5.82238245746e-06
453300,1.51788483822e-05,5.82104587773e-06
453400,1.51784916882e-05,5.81970988771e-06
453500,1.51781350023e-05,5.81837448698e-06
453600,1.51777783251e-05,5.81703967522e-06
453700,1.5177421656e-05,5.81570545196e-06
453800,1.51770649955e-05,5.81437181688e-06
453900,1.51767083432e-05,5.81303876954e-06
454000,1.51763516995e-05,5.81170630961e-06
454100,1.5175995064e-05,5.81037443663e-06
454200,1.5175638437e-05,5.80904315028e-06
454300,1.51752818182e-05,5.80771245011e-06
454400,1.51749252079e-05,5.80638233577e-06
454500,1.5174568606e-05,5.80505280689e-06
454600,1.51742120125e-05,5.80372386305e-06
454700,1.51738554272e-05,5.80239550385e-06
454800,1.51734988504e-05,5.80106772897e-06
454900,1.51731422819e-05,5.79974053794e-06
455000,1.51727857218e-05,5.79841393045e-06
455100,1.517242917e-05,5.79708790605e-06
455200,1.51720726268e-05,5.79576246443e-06
455300,1.51717160918e-05,5.79443760514e-06
455400,1.51713595652e-05,5.79311332783e-06
455500,1.5171003047e-05,5.7917896321e-06
455600,1.51706465372e-05,5.79046651759e-06
455700,1.51702900357e-05,5.78914398389e-06
455800,1.51699335428e-05,5.78782203066e-06
455900,1.51695770579e-05,5.78650065743e-06
456000,1.51692205814e-05,5.78517986389e-06
456100,1.51688641135e-05,5.78385964967e-06
456200,1.51685076538e-05,5.78254001433e-06
456300,1.51681512026e-05,5.78122095756e-06
456400,1.51677947598e-05,5.77990247893e-06
456500,1.51674383254e-05,5.77858457809e-06
456600,1.51670818991e-05,5.7772672546e-06
456700,1.51667254814e-05,5.77595050815e-06
456800,1.51663690721e-05,5.77463433835e-06
456900,1.5166012671e-05,5.77331874478e-06
457000,1.51656562782e-05,5.77200372707e-06
457100,1.51652998941e-05,5.77068928491e-06
457200,1.5164943518e-05,5.76937541782e-06
457300,1.51645871503e-05,5.76806212548e-06
457400,1.51642307911e-05,5.76674940752e-06
457500,1.51638744403e-05,5.76543726355e-06
457600,1.51635180981e-05,5.76412569324e-06
457700,1.51631617638e-05,5.76281469611e-06
457800,1.51628054381e-05,5.76150427186e-06
457900,1.51624491209e-05,5.76019442011e-06
458000,1.5162092812e-05,5.75888514047e-06
458100,1.51617365113e-05,5.75757643254e-06
458200,1.5161380219e-05,5.75626829598e-06
458300,1.5161023935e-05,5.75496073041e-06
458400,1.51606676593e-05,5.75365373542e-06
458500,1.51603113923e-05,5.75234731073e-06
458600,1.51599551336e-05,5.7510414559e-06
458700,1.51595988832e-05,5.74973617057e-06
458800,1.51592426412e-05,5.74843145435e-06
458900,1.51588864077e-05,5.74712730691e-06
459000,1.51585301822e-05,5.74582372779e-06
459100,1.51581739654e-05,5.74452071673e-06
459200,1.51578177568e-05,5.74321827328e-06
459300,1.51574615565e-05,5.74191639708e-06
459400,1.51571053646e-05,5.74061508779e-06
459500,1.5156749181e-05,5.73931434501e-06
459600,1.51563930058e-05,5.7380141684e-06
459700,1.5156036839e-05,5.73671455756e-06
459800,1.51556806807e-05,5.73541551218e-06
459900,1.51553245307e-05,5.73411703182e-06
460000,1.5154968389e-05,5.73281911614e-06
460100,1.51546122557e-05,5.73152176476e-06
460200,1.51542561308e-05,5.73022497734e-06
460300,1.51539000142e-05,5.7289287535e-06
460400,1.51535439059e-05,5.72763309284e-06
460500,1.5153187806e-05,5.72633799502e-06
460600,1.51528317144e-05,5.72504345968e-06
460700,1.51524756313e-05,5.72374948646e-06
460800,1.51521195565e-05,5.72245607498e-06
460900,1.51517634901e-05,5.72116322486e-06
461000,1.51514074321e-05,5.71987093578e-06
461100,1.51510513822e-05,5.7185792073e-06
461200,1.51506953412e-05,5.71728803917e-06
461300,1.51503393081e-05,5.71599743089e-06
461400,1.51499832835e-05,5.71470738219e-06
461500,1.51496272672e-05,5.71341789267e-06
461600,1.51492712593e-05,5.71212896198e-06
461700,1.51489152596e-05,5.71084058972e-06
461800,1.51485592685e-05,5.7095527756e-06
461900,1.51482032858e-05,5.70826551922e-06
462000,1.51478473112e-05,5.70697882018e-06
462100,1.51474913451e-05,5.70569267816e-06
462200,1.51471353874e-05,5.70440709281e-06
462300,1.5146779438e-05,5.70312206374e-06
462400,1.51464234972e-05,5.70183759062e-06
462500,1.51460675644e-05,5.70055367303e-06
462600,1.51457116402e-05,5.69927031067e-06
462700,1.51453557242e-05,5.69798750313e-06
462800,1.51449998166e-05,5.69670525009e-06
462900,1.51446439173e-05,5.69542355118e-06
463000,1.51442880264e-05,5.69414240603e-06
463100,1.5143932144e-05,5.69286181431e-06
463200,1.51435762698e-05,5.69158177562e-06
463300,1.51432204041e-05,5.69030228965e-06
463400,1.51428645465e-05,5.68902335598e-06
463500,1.51425086974e-05,5.68774497431e-06
463600,1.51421528568e-05,5.68646714427e-06
463700,1.51417970243e-05,5.68518986546e-06
463800,1.51414412003e-05,5.68391313757e-06
463900,1.51410853846e-05,5.68263696024e-06
464000,1.51407295773e-05,5.6813613331e-06
464100,1.51403737784e-05,5.6800862558e-06
464200,1.51400179877e-05,5.67881172796e-06
464300,1.51396622055e-05,5.67753774928e-06
464400,1.51393064317e-05,5.67626431938e-06
464500,1.5138950666e-05,5.67499143786e-06
464600,1.5138594909e-05,5.67371910445e-06
464700,1.51382391601e-05,5.6724473187e-06
464800,1.51378834196e-05,5.67117608033e-06
464900,1.51375276875e-05,5.66990538897e-06
465000,1.51371719637e-05,5.66863524426e-06
465100,1.51368162481e-05,5.6673656458e-06
465200,1.51364605411e-05,5.66609659335e-06
465300,1.51361048425e-05,5.66482808648e-06
465400,1.51357491522e-05,5.66356012485e-06
465500,1.51353934702e-05,5.66229270811e-06
465600,1.51350377966e-05,5.66102583591e-06
465700,1.51346821311e-05,5.65975950786e-06
465800,1.51343264743e-05,5.65849372371e-06
465900,1.51339708257e-05,5.65722848302e-06
466000,1.51336151854e-05,5.65596378545e-06
466100,1.51332595533e-05,5.65469963066e-06
466200,1.51329039299e-05,5.65343601834e-06
466300,1.51325483147e-05,5.6521729481e-06
466400,1.51321927078e-05,5.6509104196e-06
466500,1.51318371094e-05,5.6496484325e-06
466600,1.51314815193e-05,5.64838698645e-06
466700,1.51311259375e-05,5.64712608107e-06
466800,1.51307703641e-05,5.64586571606e-06
466900,1.5130414799e-05,5.64460589105e-06
467000,1.51300592422e-05,5.64334660567e-06
467100,1.51297036938e-05,5.64208785961e-06
467200,1.51293481539e-05,5.64082965254e-06
467300,1.5128992622e-05,5.63957198403e-06
467400,1.51286370986e-05,5.63831485381e-06
467500,1.51282815835e-05,5.63705826152e-06
467600,1.51279260771e-05,5.63580220684e-06
467700,1.51275705788e-05,5.63454668937e-06
467800,1.51272150887e-05,5.63329170877e-06
467900,1.51268596072e-05,5.63203726474e-06
468000,1.5126504134e-05,5.63078335691e-06
468100,1.51261486693e-05,5.62952998496e-06
468200,1.51257932127e-05,5.62827714848e-06
468300,1.51254377644e-05,5.62702484717e-06
468400,1.51250823243e-05,5.62577308068e-06
468500,1.51247268927e-05,5.62452184868e-06
468600,1.51243714697e-05,5.62327115087e-06
468700,1.5124016055e-05,5.62202098684e-06
468800,1.51236606484e-05,5.62077135624e-06
468900,1.51233052502e-05,5.61952225878e-06
469000,1.51229498604e-05,5.61827369409e-06
469100,1.5122594479e-05,5.61702566185e-06
469200,1.51222391058e-05,5.61577816168e-06
469300,1.51218837411e-05,5.6145311933e-06
469400,1.51215283846e-05,5.6132847563e-06
469500,1.51211730367e-05,5.61203885041e-06
469600,1.51208176968e-05,5.61079347522e-06
469700,1.51204623656e-05,5.60954863047e-06
469800,1.51201070426e-05,5.60830431576e-06
469900,1.51197517278e-05,5.60706053076e-06
470000,1.51193964216e-05,5.60581727516e-06
470100,1.51190411237e-05,5.6045745486e-06
470200,1.5118685834e-05,5.60333235074e-06
470300,1.51183305525e-05,5.60209068122e-06
470400,1.51179752795e-05,5.60084953976e-06
470500,1.51176200148e-05,5.59960892599e-06
470600,1.51172647585e-05,5.59836883957e-06
470700,1.51169095107e-05,5.59712928021e-06
470800,1.51165542711e-05,5.59589024751e-06
470900,1.51161990398e-05,5.59465174117e-06
471000,1.51158438169e-05,5.59341376084e-06
471100,1.51154886026e-05,5.59217630622e-06
471200,1.5115133396e-05,5.59093937688e-06
471300,1.51147781981e-05,5.58970297258e-06
471400,1.51144230085e-05,5.58846709296e-06
471500,1.51140678273e-05,5.58723173769e-06
471600,1.51137126544e-05,5.58599690644e-06
471700,1.51133574899e-05,5.58476259885e-06
471800,1.51130023338e-05,5.58352881462e-06
471900,1.51126471858e-05,5.58229555338e-06
472000,1.51122920463e-05,5.58106281483e-06
472100,1.51119369154e-05,5.57983059866e-06
472200,1.51115817923e-05,5.57859890443e-06
472300,1.51112266779e-05,5.57736773194e-06
472400,1.51108715717e-05,5.57613708078e-06
472500,1.51105164739e-05,5.57490695064e-06
472600,1.51101613843e-05,5.57367734117e-06
472700,1.51098063032e-05,5.5724482521e-06
472800,1.51094512304e-05,5.57121968303e-06
472900,1.51090961658e-05,5.56999163365e-06
473000,1.51087411099e-05,5.56876410369e-06
473100,1.51083860623e-05,5.56753709276e-06
473200,1.51080310227e-05,5.5663106005e-06
473300,1.51076759916e-05,5.56508462662e-06
473400,1.51073209689e-05,5.56385917083e-06
473500,1.51069659542e-05,5.56263423271e-06
473600,1.51066109482e-05,5.56140981204e-06
473700,1.51062559505e-05,5.56018590842e-06
473800,1.5105900961e-05,5.55896252153e-06
473900,1.51055459799e-05,5.55773965106e-06
474000,1.5105191007e-05,5.55651729667e-06
474100,1.51048360427e-05,5.55529545807e-06
474200,1.51044810865e-05,5.55407413487e-06
474300,1.51041261388e-05,5.55285332679e-06
474400,1.51037711994e-05,5.55163303352e-06
474500,1.51034162683e-05,5.55041325467e-06
474600,1.51030613456e-05,5.54919398997e-06
474700,1.51027064312e-05,5.54797523908e-06
474800,1.51023515252e-05,5.54675700166e-06
474900,1.51019966273e-05,5.54553927739e-06
475000,1.51016417379e-05,5.54432206595e-06
475100,1.51012868567e-05,5.54310536703e-06
475200,1.51009319841e-05,5.54188918032e-06
475300,1.51005771198e-05,5.54067350546e-06
475400,1.51002222636e-05,5.53945834211e-06
475500,1.5099867416e-05,5.53824369002e-06
475600,1.50995125765e-05,5.53702954879e-06
475700,1.50991577453e-05,5.53581591812e-06
475800,1.50988029226e-05,5.53460279772e-06
475900,1.50984481082e-05,5.53339018725e-06
476000,1.50980933022e-05,5.5321780864e-06
476100,1.50977385043e-05,5.5309664948e-06
476200,1.50973837148e-05,5.52975541218e-06
476300,1.50970289338e-05,5.52854483822e-06
476400,1.50966741611e-05,5.52733477258e-06
476500,1.50963193966e-05,5.52612521493e-06
476600,1.50959646405e-05,5.52491616497e-06
476700,1.50956098928e-05,5.52370762237e-06
476800,1.50952551533e-05,5.52249958681e-06
476900,1.50949004222e-05,5.52129205799e-06
477000,1.50945456995e-05,5.52008503557e-06
477100,1.5094190985e-05,5.51887851923e-06
477200,1.50938362787e-05,5.51767250864e-06
477300,1.50934815809e-05,5.51646700353e-06
477400,1.50931268915e-05,5.51526200356e-06
477500,1.50927722104e-05,5.51405750841e-06
477600,1.50924175376e-05,5.51285351775e-06
477700,1.50920628732e-05,5.51165003127e-06
477800,1.50917082172e-05,5.51044704868e-06
477900,1.50913535693e-05,5.50924456961e-06
478000,1.50909989297e-05,5.50804259377e-06
478100,1.50906442986e-05,5.50684112086e-06
478200,1.50902896756e-05,5.50564015054e-06
478300,1.50899350613e-05,5.50443968254e-06
478400,1.5089580455e-05,5.50323971648e-06
478500,1.50892258572e-05,5.50204025209e-06
478600,1.50888712678e-05,5.50084128906e-06
478700,1.50885166866e-05,5.49964282705e-06
478800,1.50881621135e-05,5.49844486571e-06
478900,1.50878075492e-05,5.49724740483e-06
479000,1.50874529929e-05,5.49605044401e-06
479100,1.50870984451e-05,5.49485398297e-06
479200,1.50867439054e-05,5.49365802138e-06
479300,1.50863893742e-05,5.49246255895e-06
479400,1.50860348512e-05,5.49126759534e-06
479500,1.50856803365e-05,5.49007313025e-06
479600,1.50853258303e-05,5.4888791634e-06
479700,1.50849713325e-05,5.48768569445e-06
479800,1.50846168428e-05,5.48649272307e-06
479900,1.50842623616e-05,5.48530024899e-06
480000,1.50839078886e-05,5.48410827186e-06
480100,1.50835534239e-05,5.48291679138e-06
480200,1.50831989676e-05,5.48172580725e-06
480300,1.50828445196e-05,5.48053531917e-06
480400,1.50824900799e-05,5.4793453268e-06
480500,1.50821356486e-05,5.47815582986e-06
480600,1.50817812255e-05,5.476966828e-06
480700,1.50814268107e-05,5.47577832095e-06
480800,1.50810724045e-05,5.47459030842e-06
480900,1.50807180065e-05,5.47340279006e-06
481000,1.50803636168e-05,5.47221576556e-06
481100,1.50800092353e-05,5.47102923462e-06
481200,1.50796548622e-05,5.46984319693e-06
481300,1.50793004974e-05,5.4686576522e-06
481400,1.50789461407e-05,5.46747260009e-06
481500,1.50785917927e-05,5.46628804035e-06
481600,1.50782374529e-05,5.46510397263e-06
481700,1.50778831214e-05,5.46392039662e-06
481800,1.50775287983e-05,5.46273731204e-06
481900,1.50771744834e-05,5.46155471855e-06
482000,1.50768201768e-05,5.46037261587e-06
482100,1.50764658787e-05,5.45919100371e-06
482200,1.50761115887e-05,5.45800988171e-06
482300,1.50757573075e-05,5.45682924966e-06
482400,1.50754030341e-05,5.45564910712e-06
482500,1.50750487692e-05,5.4544694539e-06
482600,1.50746945125e-05,5.45329028964e-06
482700,1.50743402642e-05,5.45211161404e-06
482800,1.50739860241e-05,5.45093342681e-06
482900,1.50736317926e-05,5.44975572766e-06
483000,1.50732775692e-05,5.44857851626e-06
483100,1.50729233543e-05,5.44740179233e-06
483200,1.50725691474e-05,5.44622555553e-06
483300,1.5072214949e-05,5.44504980559e-06
483400,1.50718607591e-05,5.44387454223e-06
483500,1.50715065773e-05,5.44269976509e-06
483600,1.50711524038e-05,5.44152547389e-06
483700,1.50707982387e-05,5.44035166835e-06
483800,1.5070444082e-05,5.43917834815e-06
483900,1.50700899335e-05,5.43800551299e-06
484000,1.50697357933e-05,5.43683316258e-06
484100,1.50693816614e-05,5.4356612966e-06
484200,1.50690275378e-05,5.43448991476e-06
484300,1.50686734229e-05,5.4333190168e-06
484400,1.5068319316e-05,5.43214860235e-06
484500,1.50679652172e-05,5.43097867112e-06
484600,1.5067611127e-05,5.42980922286e-06
484700,1.5067257045e-05,5.42864025724e-06
484800,1.50669029713e-05,5.42747177395e-06
484900,1.50665489062e-05,5.42630377275e-06
485000,1.50661948491e-05,5.42513625326e-06
485100,1.50658408003e-05,5.42396921522e-06
485200,1.50654867598e-05,5.42280265832e-06
485300,1.50651327277e-05,5.42163658229e-06
485400,1.50647787041e-05,5.42047098685e-06
485500,1.50644246886e-05,5.41930587164e-06
485600,1.50640706814e-05,5.41814123639e-06
485700,1.50637166827e-05,5.41697708083e-06
485800,1.50633626922e-05,5.41581340464e-06
485900,1.50630087101e-05,5.41465020752e-06
486000,1.50626547362e-05,5.41348748917e-06
486100,1.50623007706e-05,5.41232524931e-06
486200,1.50619468134e-05,5.41116348764e-06
486300,1.50615928644e-05,5.41000220387e-06
486400,1.50612389238e-05,5.40884139768e-06
486500,1.50608849915e-05,5.40768106881e-06
486600,1.50605310673e-05,5.40652121692e-06
486700,1.50601771517e-05,5.40536184178e-06
486800,1.50598232443e-05,5.40420294306e-06
486900,1.50594693452e-05,5.40304452045e-06
487000,1.50591154545e-05,5.40188657371e-06
487100,1.5058761572e-05,5.40072910248e-06
487200,1.50584076979e-05,5.3995721065e-06
487300,1.5058053832e-05,5.39841558549e-06
487400,1.50576999745e-05,5.39725953914e-06
487500,1.50573461253e-05,5.39610396716e-06
487600,1.50569922844e-05,5.39494886926e-06
487700,1.50566384517e-05,5.39379424513e-06
487800,1.50562846275e-05,5.39264009454e-06
487900,1.50559308117e-05,5.39148641714e-06
488000,1.50555770038e-05,5.39033321262e-06
488100,1.50552232043e-05,5.38918048074e-06
488200,1.50548694133e-05,5.38802822121e-06
488300,1.50545156307e-05,5.38687643373e-06
488400,1.50541618563e-05,5.385725118e-06
488500,1.505380809e-05,5.38457427369e-06
488600,1.50534543322e-05,5.3834239006e-06
488700,1.50531005828e-05,5.38227399839e-06
488800,1.50527468416e-05,5.38112456677e-06
488900,1.50523931087e-05,5.37997560546e-06
489000,1.50520393842e-05,5.37882711418e-06
489100,1.50516856677e-05,5.37767909258e-06
489200,1.50513319598e-05,5.37653154046e-06
489300,1.50509782602e-05,5.3753844575e-06
489400,1.50506245688e-05,5.37423784339e-06
489500,1.50502708856e-05,5.37309169785e-06
489600,1.50499172109e-05,5.37194602062e-06
489700,1.50495635444e-05,5.37080081138e-06
489800,1.50492098864e-05,5.36965606989e-06
489900,1.50488562366e-05,5.36851179581e-06
490000,1.5048502595e-05,5.36736798886e-06
490100,1.50481489617e-05,5.36622464878e-06
490200,1.50477953367e-05,5.36508177527e-06
490300,1.50474417201e-05,5.36393936805e-06
490400,1.50470881118e-05,5.36279742685e-06
490500,1.50467345117e-05,5.36165595134e-06
490600,1.50463809201e-05,5.36051494129e-06
490700,1.50460273366e-05,5.35937439636e-06
490800,1.50456737615e-05,5.35823431632e-06
490900,1.50453201945e-05,5.35709470081e-06
491000,1.50449666362e-05,5.35595554966e-06
491100,1.5044613086e-05,5.3548168625e-06
491200,1.5044259544e-05,5.35367863904e-06
491300,1.50439060104e-05,5.35254087906e-06
491400,1.50435524852e-05,5.35140358224e-06
491500,1.50431989681e-05,5.35026674827e-06
491600,1.50428454595e-05,5.34913037693e-06
491700,1.50424919591e-05,5.3479944679e-06
491800,1.5042138467e-05,5.34685902088e-06
491900,1.50417849831e-05,5.34572403562e-06
492000,1.50414315076e-05,5.34458951183e-06
492100,1.50410780405e-05,5.34345544925e-06
492200,1.50407245817e-05,5.34232184756e-06
492300,1.5040371131e-05,5.34118870648e-06
492400,1.50400176888e-05,5.34005602577e-06
492500,1.50396642547e-05,5.3389238051e-06
492600,1.50393108291e-05,5.33779204424e-06
492700,1.50389574117e-05,5.33666074288e-06
492800,1.50386040026e-05,5.33552990073e-06
492900,1.50382506017e-05,5.33439951751e-06
493000,1.50378972093e-05,5.33326959299e-06
493100,1.5037543825e-05,5.33214012682e-06
493200,1.5037190449e-05,5.33101111878e-06
493300,1.50368370816e-05,5.32988256859e-06
493400,1.50364837224e-05,5.32875447594e-06
493500,1.50361303713e-05,5.32762684055e-06
493600,1.50357770285e-05,5.32649966214e-06
493700,1.50354236943e-05,5.32537294049e-06
493800,1.50350703682e-05,5.32424667526e-06
493900,1.50347170501e-05,5.32312086614e-06
494000,1.50343637408e-05,5.32199551297e-06
494100,1.50340104396e-05,5.32087061539e-06
494200,1.50336571465e-05,5.31974617312e-06
494300,1.50333038619e-05,5.31862218592e-06
494400,1.50329505858e-05,5.31749865353e-06
494500,1.50325973176e-05,5.3163755756e-06
494600,1.50322440579e-05,5.31525295191e-06
494700,1.50318908064e-05,5.31413078216e-06
494800,1.50315375633e-05,5.31300906611e-06
494900,1.50311843285e-05,5.31188780345e-06
495000,1.50308311018e-05,5.3107669939e-06
495100,1.50304778836e-05,5.30964663723e-06
495200,1.50301246736e-05,5.30852673312e-06
495300,1.5029771472e-05,5.30740728132e-06
495400,1.50294182786e-05,5.30628828154e-06
495500,1.50290650935e-05,5.30516973352e-06
495600,1.50287119167e-05,5.30405163698e-06
495700,1.50283587483e-05,5.30293399166e-06
495800,1.5028005588e-05,5.30181679726e-06
495900,1.50276524361e-05,5.30070005352e-06
496000,1.50272992925e-05,5.29958376018e-06
496100,1.50269461571e-05,5.29846791696e-06
496200,1.50265930299e-05,5.29735252355e-06
496300,1.50262399113e-05,5.29623757977e-06
496400,1.50258868009e-05,5.29512308527e-06
496500,1.50255336987e-05,5.29400903979e-06
496600,1.50251806049e-05,5.29289544308e-06
496700,1.50248275193e-05,5.29178229486e-06
496800,1.50244744422e-05,5.29066959486e-06
496900,1.50241213732e-05,5.2895573428e-06
497000,1.50237683123e-05,5.28844553838e-06
497100,1.502341526e-05,5.28733418141e-06
497200,1.50230622158e-05,5.28622327156e-06
497300,1.50227091798e-05,5.28511280856e-06
497400,1.50223561524e-05,5.28400279219e-06
497500,1.50220031334e-05,5.28289322215e-06
497600,1.50216501223e-05,5.28178409813e-06
497700,1.50212971196e-05,5.28067541992e-06
497800,1.50209441252e-05,5.27956718722e-06
497900,1.50205911391e-05,5.27845939978e-06
498000,1.50202381613e-05,5.27735205731e-06
498100,1.50198851919e-05,5.27624515958e-06
498200,1.50195322304e-05,5.27513870626e-06
498300,1.50191792775e-05,5.27403269714e-06
498400,1.50188263328e-05,5.27292713192e-06
498500,1.50184733964e-05,5.27182201036e-06
498600,1.50181204686e-05,5.27071733221e-06
498700,1.50177675486e-05,5.26961309711e-06
498800,1.50174146372e-05,5.2685093049e-06
498900,1.5017061734e-05,5.26740595525e-06
499000,1.50167088392e-05,5.26630304793e-06
499100,1.50163559524e-05,5.26520058263e-06
499200,1.50160030742e-05,5.26409855913e-06
499300,1.5015650204e-05,5.26299697712e-06
499400,1.50152973422e-05,5.26189583637e-06
499500,1.50149444887e-05,5.26079513661e-06
499600,1.50145916436e-05,5.25969487758e-06
499700,1.50142388066e-05,5.25859505898e-06
499800,1.5013885978e-05,5.2574956806e-06
499900,1.50135331577e-05,5.25639674214e-06
500000,1.50131803457e-05,5.25529824333e-06
500100,1.50128275419e-05,5.25420018392e-06
500200,1.50124747464e-05,5.25310256365e-06
500300,1.50121219592e-05,5.25200538226e-06
500400,1.50117691802e-05,5.25090863946e-06
500500,1.50114164095e-05,5.249812335e-06
500600,1.50110636474e-05,5.24871646867e-06
500700,1.50107108932e-05,5.24762104011e-06
500800,1.50103581475e-05,5.24652604914e-06
500900,1.50100054098e-05,5.24543149543e-06
501000,1.50096526807e-05,5.24433737878e-06
501100,1.50092999596e-05,5.24324369887e-06
501200,1.50089472472e-05,5.24215045554e-06
501300,1.50085945426e-05,5.24105764839e-06
501400,1.50082418467e-05,5.23996527729e-06
501500,1.50078891587e-05,5.23887334185e-06
501600,1.50075364791e-05,5.23778184191e-06
501700,1.50071838079e-05,5.23669077718e-06
501800,1.5006831145e-05,5.2356001474e-06
501900,1.50064784903e-05,5.2345099523e-06
502000,1.5006125844e-05,5.23342019164e-06
502100,1.50057732058e-05,5.23233086512e-06
502200,1.5005420576e-05,5.23124197253e-06
502300,1.50050679544e-05,5.23015351357e-06
502400,1.50047153413e-05,5.22906548803e-06
502500,1.50043627363e-05,5.2279778956e-06
502600,1.50040101396e-05,5.22689073605e-06
502700,1.5003657551e-05,5.22580400908e-06
502800,1.50033049709e-05,5.2247177145e-06
502900,1.5002952399e-05,5.223631852e-06
503000,1.50025998354e-05,5.22254642135e-06
503100,1.50022472801e-05,5.22146142227e-06
503200,1.50018947331e-05,5.22037685453e-06
503300,1.50015421944e-05,5.21929271786e-06
503400,1.50011896639e-05,5.21820901198e-06
503500,1.50008371418e-05,5.21712573669e-06
503600,1.50004846277e-05,5.21604289164e-06
503700,1.50001321221e-05,5.21496047667e-06
503800,1.49997796246e-05,5.21387849147e-06
503900,1.49994271358e-05,5.21279693584e-06
504000,1.49990746549e-05,5.21171580943e-06
504100,1.49987221824e-05,5.21063511206e-06
504200,1.4998369718e-05,5.20955484344e-06
504300,1.4998017262e-05,5.20847500334e-06
504400,1.49976648144e-05,5.20739559149e-06
504500,1.49973123749e-05,5.20631660764e-06
504600,1.49969599438e-05,5.20523805153e-06
504700,1.49966075209e-05,5.2041599229e-06
504800,1.49962551063e-05,5.20308222152e-06
504900,1.49959027e-05,5.20200494712e-06
505000,1.49955503019e-05,5.20092809943e-06
505100,1.49951979122e-05,5.19985167824e-06
505200,1.49948455306e-05,5.19877568323e-06
505300,1.49944931573e-05,5.19770011422e-06
505400,1.49941407925e-05,5.19662497093e-06
505500,1.49937884358e-05,5.19555025309e-06
505600,1.49934360873e-05,5.19447596044e-06
505700,1.49930837473e-05,5.19340209277e-06
505800,1.49927314153e-05,5.19232864979e-06
505900,1.4992379092e-05,5.1912556313e-06
506000,1.49920267765e-05,5.19018303696e-06
506100,1.49916744696e-05,5.1891108666e-06
506200,1.49913221708e-05,5.18803911993e-06
506300,1.49909698803e-05,5.18696779671e-06
506400,1.4990617598e-05,5.18589689667e-06
506500,1.49902653242e-05,5.1848264196e-06
506600,1.49899130585e-05,5.18375636521e-06
506700,1.49895608011e-05,5.18268673327e-06
506800,1.4989208552e-05,5.18161752352e-06
506900,1.4988856311e-05,5.18054873571e-06
507000,1.49885040784e-05,5.1794803696e-06
507100,1.49881518542e-05,5.17841242495e-06
507200,1.49877996381e-05,5.17734490147e-06
507300,1.49874474304e-05,5.17627779896e-06
507400,1.4987095231e-05,5.17521111715e-06
507500,1.49867430396e-05,5.17414485576e-06
507600,1.49863908566e-05,5.17307901459e-06
507700,1.4986038682e-05,5.17201359338e-06
507800,1.49856865157e-05,5.17094859187e-06
507900,1.49853343575e-05,5.16988400981e-06
508000,1.49849822076e-05,5.16881984696e-06
508100,1.4984630066e-05,5.16775610307e-06
508200,1.49842779327e-05,5.16669277791e-06
508300,1.49839258076e-05,5.16562987119e-06
508400,1.49835736909e-05,5.16456738271e-06
508500,1.49832215824e-05,5.16350531219e-06
508600,1.49828694821e-05,5.16244365941e-06
508700,1.49825173901e-05,5.16138242409e-06
508800,1.49821653063e-05,5.16032160601e-06
508900,1.4981813231e-05,5.15926120493e-06
509000,1.49814611637e-05,5.15820122058e-06
509100,1.49811091048e-05,5.15714165272e-06
509200,1.49807570541e-05,5.15608250112e-06
509300,1.49804050116e-05,5.15502376551e-06
509400,1.49800529776e-05,5.15396544568e-06
509500,1.49797009519e-05,5.15290754139e-06
509600,1.49793489343e-05,5.15185005233e-06
509700,1.49789969249e-05,5.15079297829e-06
509800,1.49786449237e-05,5.14973631905e-06
509900,1.49782929311e-05,5.14868007436e-06
510000,1.49779409464e-05,5.14762424393e-06
510100,1.49775889702e-05,5.14656882758e-06
510200,1.4977237002e-05,5.145513825e-06
510300,1.49768850424e-05,5.14445923603e-06
510400,1.4976533091e-05,5.14340506036e-06
510500,1.49761811479e-05,5.14235129779e-06
510600,1.49758292128e-05,5.14129794802e-06
510700,1.49754772862e-05,5.14024501086e-06
510800,1.4975125368e-05,5.13919248607e-06
510900,1.49747734579e-05,5.13814037336e-06
511000,1.4974421556e-05,5.13708867252e-06
511100,1.49740696624e-05,5.13603738331e-06
511200,1.49737177769e-05,5.13498650546e-06
511300,1.49733658999e-05,5.13393603877e-06
511400,1.49730140311e-05,5.13288598298e-06
511500,1.49726621704e-05,5.13183633782e-06
511600,1.49723103183e-05,5.13078710314e-06
511700,1.49719584741e-05,5.12973827858e-06
511800,1.49716066385e-05,5.12868986399e-06
511900,1.49712548108e-05,5.12764185906e-06
512000,1.49709029916e-05,5.12659426362e-06
512100,1.49705511807e-05,5.12554707739e-06
512200,1.49701993779e-05,5.12450030011e-06
512300,1.49698475835e-05,5.1234539316e-06
512400,1.49694957971e-05,5.12240797155e-06
512500,1.49691440195e-05,5.12136241982e-06
512600,1.49687922496e-05,5.12031727605e-06
512700,1.49684404882e-05,5.11927254008e-06
512800,1.49680887349e-05,5.11822821165e-06
512900,1.49677369902e-05,5.11718429055e-06
513000,1.49673852536e-05,5.11614077651e-06
513100,1.49670335253e-05,5.11509766928e-06
513200,1.49666818052e-05,5.11405496865e-06
513300,1.49663300933e-05,5.11301267436e-06
513400,1.49659783897e-05,5.11197078618e-06
513500,1.49656266942e-05,5.11092930387e-06
513600,1.4965275007e-05,5.1098882272e-06
513700,1.49649233284e-05,5.10884755597e-06
513800,1.49645716577e-05,5.10780728987e-06
513900,1.49642199954e-05,5.10676742872e-06
514000,1.49638683415e-05,5.10572797226e-06
514100,1.49635166956e-05,5.10468892024e-06
514200,1.49631650581e-05,5.10365027247e-06
514300,1.49628134288e-05,5.10261202866e-06
514400,1.49624618079e-05,5.10157418862e-06
514500,1.49621101949e-05,5.10053675206e-06
514600,1.49617585906e-05,5.09949971882e-06
514700,1.49614069943e-05,5.09846308861e-06
514800,1.49610554063e-05,5.0974268612e-06
514900,1.49607038267e-05,5.09639103638e-06
515000,1.49603522551e-05,5.09535561387e-06
515100,1.49600006919e-05,5.09432059349e-06
515200,1.49596491368e-05,5.09328597496e-06
515300,1.49592975902e-05,5.09225175808e-06
515400,1.49589460517e-05,5.09121794261e-06
515500,1.49585945217e-05,5.09018452833e-06
515600,1.49582429997e-05,5.08915151494e-06
515700,1.49578914858e-05,5.08811890225e-06
515800,1.49575399805e-05,5.08708669007e-06
515900,1.49571884833e-05,5.0860548781e-06
516000,1.49568369944e-05,5.08502346615e-06
516100,1.49564855137e-05,5.08399245396e-06
516200,1.49561340413e-05,5.08296184131e-06
516300,1.4955782577e-05,5.08193162796e-06
516400,1.49554311211e-05,5.08090181368e-06
516500,1.49550796734e-05,5.07987239826e-06
516600,1.49547282341e-05,5.07884338146e-06
516700,1.4954376803e-05,5.07781476303e-06
516800,1.495402538e-05,5.07678654273e-06
516900,1.49536739655e-05,5.07575872038e-06
517000,1.49533225591e-05,5.0747312957e-06
517100,1.49529711609e-05,5.07370426847e-06
517200,1.49526197711e-05,5.07267763848e-06
517300,1.49522683894e-05,5.07165140547e-06
517400,1.49519170162e-05,5.07062556925e-06
517500,1.49515656509e-05,5.06960012953e-06
517600,1.49512142939e-05,5.06857508611e-06
517700,1.49508629453e-05,5.06755043879e-06
517800,1.49505116048e-05,5.06652618729e-06
517900,1.49501602729e-05,5.06550233145e-06
518000,1.49498089489e-05,5.06447887095e-06
518100,1.49494576333e-05,5.06345580564e-06
518200,1.49491063258e-05,5.06243313523e-06
518300,1.49487550267e-05,5.06141085954e-06
518400,1.49484037358e-05,5.06038897832e-06
518500,1.49480524533e-05,5.05936749136e-06
518600,1.49477011789e-05,5.05834639839e-06
518700,1.49473499128e-05,5.05732569922e-06
518800,1.49469986547e-05,5.05630539358e-06
518900,1.49466474052e-05,5.05528548132e-06
519000,1.49462961637e-05,5.05426596212e-06
519100,1.49459449307e-05,5.05324683584e-06
519200,1.49455937058e-05,5.05222810219e-06
519300,1.49452424891e-05,5.05120976096e-06
519400,1.49448912808e-05,5.05019181194e-06
519500,1.49445400806e-05,5.04917425487e-06
519600,1.49441888888e-05,5.04815708956e-06
519700,1.4943837705e-05,5.04714031575e-06
519800,1.49434865299e-05,5.04612393328e-06
519900,1.49431353624e-05,5.0451079418e-06
520000,1.49427842034e-05,5.0440923412e-06
520100,1.49424330529e-05,5.04307713123e-06
520200,1.49420819105e-05,5.04206231165e-06
520300,1.49417307763e-05,5.04104788221e-06
520400,1.49413796504e-05,5.04003384272e-06
520500,1.49410285327e-05,5.03902019294e-06
520600,1.49406774233e-05,5.03800693267e-06
520700,1.49403263219e-05,5.03699406162e-06
520800,1.49399752289e-05,5.03598157963e-06
520900,1.49396241443e-05,5.03496948649e-06
521000,1.49392730678e-05,5.03395778192e-06
521100,1.49389219997e-05,5.03294646573e-06
521200,1.49385709397e-05,5.03193553767e-06
521300,1.49382198881e-05,5.03092499755e-06
521400,1.49378688445e-05,5.02991484511e-06
521500,1.49375178092e-05,5.02890508014e-06
521600,1.49371667823e-05,5.02789570245e-06
521700,1.49368157634e-05,5.02688671176e-06
521800,1.49364647529e-05,5.02587810791e-06
521900,1.49361137508e-05,5.02486989065e-06
522000,1.49357627567e-05,5.02386205972e-06
522100,1.49354117708e-05,5.02285461494e-06
522200,1.49350607934e-05,5.0218475561e-06
522300,1.4934709824e-05,5.02084088293e-06
522400,1.4934358863e-05,5.01983459526e-06
522500,1.49340079101e-05,5.01882869283e-06
522600,1.49336569658e-05,5.01782317548e-06
522700,1.49333060293e-05,5.01681804288e-06
522800,1.49329551012e-05,5.01581329488e-06
522900,1.49326041812e-05,5.01480893125e-06
523000,1.49322532697e-05,5.0138049518e-06
523100,1.49319023663e-05,5.01280135626e-06
523200,1.49315514711e-05,5.01179814443e-06
523300,1.49312005843e-05,5.0107953161e-06
523400,1.49308497056e-05,5.00979287104e-06
523500,1.49304988352e-05,5.00879080902e-06
523600,1.49301479731e-05,5.00778912985e-06
523700,1.49297971191e-05,5.00678783327e-06
523800,1.49294462733e-05,5.00578691908e-06
523900,1.49290954359e-05,5.00478638708e-06
524000,1.49287446068e-05,5.00378623705e-06
524100,1.49283937858e-05,5.00278646872e-06
524200,1.4928042973e-05,5.00178708192e-06
524300,1.49276921684e-05,5.00078807641e-06
524400,1.49273413722e-05,4.999789452e-06
524500,1.49269905843e-05,4.99879120846e-06
524600,1.49266398045e-05,4.99779334555e-06
524700,1.4926289033e-05,4.99679586307e-06
524800,1.49259382696e-05,4.99579876079e-06
524900,1.49255875145e-05,4.99480203851e-06
525000,1.49252367676e-05,4.993805696e-06
525100,1.49248860291e-05,4.99280973306e-06
525200,1.49245352988e-05,4.99181414946e-06
525300,1.49241845765e-05,4.99081894496e-06
525400,1.49238338627e-05,4.98982411941e-06
525500,1.49234831571e-05,4.98882967253e-06
525600,1.49231324596e-05,4.98783560411e-06
525700,1.49227817704e-05,4.98684191397e-06
525800,1.49224310894e-05,4.98584860187e-06
525900,1.49220804168e-05,4.9848556676e-06
526000,1.49217297522e-05,4.98386311093e-06
526100,1.4921379096e-05,4.98287093168e-06
526200,1.49210284479e-05,4.98187912959e-06
526300,1.49206778081e-05,4.98088770446e-06
526400,1.49203271765e-05,4.9798966561e-06
526500,1.49199765533e-05,4.97890598429e-06
526600,1.49196259381e-05,4.97791568877e-06
526700,1.49192753315e-05,4.97692576941e-06
526800,1.49189247328e-05,4.9759362259e-06
526900,1.49185741425e-05,4.97494705809e-06
527000,1.49182235602e-05,4.97395826571e-06
527100,1.49178729863e-05,4.97296984862e-06
527200,1.49175224206e-05,4.97198180656e-06
527300,1.49171718631e-05,4.97099413932e-06
527400,1.4916821314e-05,4.9700068467e-06
527500,1.4916470773e-05,4.96901992848e-06
527600,1.49161202401e-05,4.96803338442e-06
527700,1.49157697156e-05,4.96704721436e-06
527800,1.49154191994e-05,4.96606141807e-06
527900,1.49150686914e-05,4.96507599533e-06
528000,1.49147181917e-05,4.96409094592e-06
528100,1.49143677e-05,4.96310626961e-06
528200,1.49140172166e-05,4.96212196623e-06
528300,1.49136667416e-05,4.96113803556e-06
528400,1.49133162745e-05,4.96015447734e-06
528500,1.49129658159e-05,4.95917129144e-06
528600,1.49126153655e-05,4.95818847759e-06
528700,1.49122649233e-05,4.95720603559e-06
528800,1.49119144892e-05,4.95622396523e-06
528900,1.49115640636e-05,4.95524226632e-06
529000,1.49112136459e-05,4.95426093861e-06
529100,1.49108632367e-05,4.95327998194e-06
529200,1.49105128355e-05,4.95229939603e-06
529300,1.49101624429e-05,4.95131918076e-06
529400,1.49098120582e-05,4.95033933585e-06
529500,1.49094616818e-05,4.9493598611e-06
529600,1.49091113136e-05,4.94838075631e-06
529700,1.49087609537e-05,4.94740202129e-06
529800,1.49084106021e-05,4.94642365582e-06
529900,1.49080602586e-05,4.94544565966e-06
530000,1.49077099233e-05,4.94446803263e-06
530100,1.49073595964e-05,4.94349077453e-06
530200,1.49070092775e-05,4.9425138851e-06
530300,1.4906658967e-05,4.94153736421e-06
530400,1.49063086646e-05,4.94056121158e-06
530500,1.49059583705e-05,4.93958542705e-06
530600,1.49056080847e-05,4.93861001038e-06
530700,1.49052578069e-05,4.93763496137e-06
530800,1.49049075375e-05,4.93666027982e-06
530900,1.49045572762e-05,4.93568596552e-06
531000,1.49042070233e-05,4.93471201828e-06
531100,1.49038567783e-05,4.93373843784e-06
531200,1.4903506542e-05,4.93276522407e-06
531300,1.49031563134e-05,4.93179237666e-06
531400,1.49028060936e-05,4.93081989553e-06
531500,1.49024558818e-05,4.92984778039e-06
531600,1.49021056781e-05,4.92887603103e-06
531700,1.49017554826e-05,4.92790464727e-06
531800,1.49014052954e-05,4.9269336289e-06
531900,1.49010551164e-05,4.9259629757e-06
532000,1.49007049459e-05,4.92499268751e-06
532100,1.49003547833e-05,4.92402276405e-06
532200,1.4900004629e-05,4.92305320517e-06
532300,1.4899654483e-05,4.92208401066e-06
532400,1.48993043449e-05,4.92111518026e-06
532500,1.48989542154e-05,4.92014671384e-06
532600,1.4898604094e-05,4.91917861117e-06
532700,1.48982539808e-05,4.91821087202e-06
532800,1.4897903876e-05,4.91724349623e-06
532900,1.48975537791e-05,4.91627648353e-06
533000,1.48972036906e-05,4.91530983378e-06
533100,1.48968536102e-05,4.91434354672e-06
533200,1.48965035381e-05,4.91337762219e-06
533300,1.48961534743e-05,4.91241205999e-06
533400,1.48958034187e-05,4.91144685989e-06
533500,1.48954533713e-05,4.91048202168e-06
533600,1.48951033321e-05,4.90951754519e-06
533700,1.4894753301e-05,4.90855343017e-06
533800,1.48944032784e-05,4.90758967648e-06
533900,1.48940532639e-05,4.90662628387e-06
534000,1.48937032575e-05,4.90566325214e-06
534100,1.48933532594e-05,4.90470058109e-06
534200,1.48930032696e-05,4.90373827053e-06
534300,1.4892653288e-05,4.90277632026e-06
534400,1.48923033144e-05,4.90181473004e-06
534500,1.48919533492e-05,4.90085349972e-06
534600,1.48916033923e-05,4.89989262907e-06
534700,1.48912534434e-05,4.89893211788e-06
534800,1.48909035029e-05,4.89797196597e-06
534900,1.48905535706e-05,4.89701217313e-06
535000,1.48902036464e-05,4.89605273915e-06
535100,1.48898537304e-05,4.89509366384e-06
535200,1.48895038227e-05,4.894134947e-06
535300,1.48891539232e-05,4.89317658841e-06
535400,1.48888040319e-05,4.8922185879e-06
535500,1.48884541489e-05,4.89126094524e-06
535600,1.48881042742e-05,4.89030366026e-06
535700,1.48877544076e-05,4.88934673275e-06
535800,1.48874045492e-05,4.88839016247e-06
535900,1.4887054699e-05,4.88743394927e-06
536000,1.48867048569e-05,4.8864780929e-06
536100,1.48863550231e-05,4.88552259322e-06
536200,1.48860051977e-05,4.88456745002e-06
536300,1.48856553803e-05,4.88361266305e-06
536400,1.48853055712e-05,4.88265823216e-06
536500,1.48849557704e-05,4.88170415715e-06
536600,1.48846059776e-05,4.88075043777e-06
536700,1.48842561932e-05,4.87979707387e-06
536800,1.48839064168e-05,4.87884406524e-06
536900,1.48835566488e-05,4.87789141169e-06
537000,1.48832068892e-05,4.87693911302e-06
537100,1.48828571375e-05,4.875987169e-06
537200,1.48825073942e-05,4.87503557947e-06
537300,1.48821576588e-05,4.87408434419e-06
537400,1.48818079317e-05,4.87313346299e-06
537500,1.48814582131e-05,4.8721829357e-06
537600,1.48811085024e-05,4.87123276206e-06
537700,1.48807588002e-05,4.87028294195e-06
537800,1.48804091061e-05,4.86933347511e-06
537900,1.48800594202e-05,4.86838436136e-06
538000,1.48797097426e-05,4.86743560052e-06
538100,1.48793600731e-05,4.86648719236e-06
538200,1.48790104116e-05,4.86553913668e-06
538300,1.48786607585e-05,4.86459143333e-06
538400,1.48783111138e-05,4.86364408211e-06
538500,1.48779614772e-05,4.86269708278e-06
538600,1.48776118487e-05,4.86175043516e-06
538700,1.48772622285e-05,4.86080413907e-06
538800,1.48769126165e-05,4.85985819431e-06
538900,1.48765630127e-05,4.85891260068e-06
539000,1.48762134173e-05,4.857967358e-06
539100,1.48758638298e-05,4.85702246602e-06
539200,1.48755142507e-05,4.85607792461e-06
539300,1.48751646795e-05,4.85513373352e-06
539400,1.48748151169e-05,4.85418989262e-06
539500,1.48744655623e-05,4.85324640166e-06
539600,1.48741160161e-05,4.85230326048e-06
539700,1.48737664779e-05,4.85136046884e-06
539800,1.4873416948e-05,4.8504180266e-06
539900,1.48730674262e-05,4.84947593352e-06
540000,1.48727179128e-05,4.84853418945e-06
540100,1.48723684074e-05,4.84759279415e-06
540200,1.48720189103e-05,4.84665174746e-06
540300,1.48716694214e-05,4.84571104918e-06
540400,1.48713199409e-05,4.84477069913e-06
540500,1.48709704681e-05,4.84383069705e-06
540600,1.4870621004e-05,4.84289104284e-06
540700,1.48702715479e-05,4.84195173624e-06
540800,1.48699221e-05,4.84101277709e-06
540900,1.48695726604e-05,4.84007416519e-06
541000,1.4869223229e-05,4.83913590035e-06
541100,1.48688738058e-05,4.83819798237e-06
541200,1.48685243908e-05,4.83726041106e-06
541300,1.48681749841e-05,4.83632318623e-06
541400,1.48678255854e-05,4.83538630767e-06
541500,1.48674761949e-05,4.83444977521e-06
541600,1.48671268127e-05,4.83351358866e-06
541700,1.48667774387e-05,4.83257774781e-06
541800,1.48664280729e-05,4.83164225248e-06
541900,1.48660787155e-05,4.83070710251e-06
542000,1.4865729366e-05,4.82977229763e-06
542100,1.48653800247e-05,4.82883783771e-06
542200,1.48650306918e-05,4.82790372255e-06
542300,1.48646813669e-05,4.82696995196e-06
542400,1.48643320504e-05,4.82603652574e-06
542500,1.48639827421e-05,4.82510344371e-06
542600,1.48636334419e-05,4.82417070565e-06
542700,1.48632841501e-05,4.82323831143e-06
542800,1.48629348661e-05,4.82230626077e-06
542900,1.48625855906e-05,4.82137455357e-06
543000,1.48622363233e-05,4.8204431896e-06
543100,1.48618870642e-05,4.81951216868e-06
543200,1.48615378132e-05,4.81858149059e-06
543300,1.48611885705e-05,4.81765115518e-06
543400,1.4860839336e-05,4.81672116225e-06
543500,1.48604901095e-05,4.81579151158e-06
543600,1.48601408913e-05,4.81486220302e-06
543700,1.48597916815e-05,4.81393323639e-06
543800,1.48594424797e-05,4.81300461145e-06
543900,1.48590932861e-05,4.81207632805e-06
544000,1.48587441008e-05,4.81114838599e-06
544100,1.48583949235e-05,4.81022078508e-06
544200,1.48580457546e-05,4.80929352515e-06
544300,1.48576965939e-05,4.808366606e-06
544400,1.48573474413e-05,4.80744002743e-06
544500,1.48569982971e-05,4.80651378928e-06
544600,1.48566491609e-05,4.80558789133e-06
544700,1.4856300033e-05,4.80466233342e-06
544800,1.48559509132e-05,4.80373711533e-06
544900,1.48556018018e-05,4.80281223693e-06
545000,1.48552526983e-05,4.80188769795e-06
545100,1.48549036031e-05,4.80096349827e-06
545200,1.48545545163e-05,4.8000396377e-06
545300,1.48542054375e-05,4.79911611601e-06
545400,1.48538563668e-05,4.79819293304e-06
545500,1.48535073045e-05,4.79727008862e-06
545600,1.48531582504e-05,4.79634758255e-06
545700,1.48528092045e-05,4.79542541464e-06
545800,1.48524601666e-05,4.79450358469e-06
545900,1.48521111371e-05,4.79358209254e-06
546000,1.48517621158e-05,4.792660938e-06
546100,1.48514131024e-05,4.79174012084e-06
546200,1.48510640972e-05,4.79081964092e-06
546300,1.48507151005e-05,4.78989949809e-06
546400,1.48503661121e-05,4.78897969212e-06
546500,1.48500171317e-05,4.78806022282e-06
546600,1.48496681595e-05,4.78714109001e-06
546700,1.48493191955e-05,4.7862222935e-06
546800,1.48489702397e-05,4.78530383312e-06
546900,1.4848621292e-05,4.78438570867e-06
547000,1.48482723528e-05,4.78346792001e-06
547100,1.48479234214e-05,4.78255046687e-06
547200,1.48475744984e-05,4.78163334914e-06
547300,1.48472255835e-05,4.78071656661e-06
547400,1.48468766769e-05,4.7798001191e-06
547500,1.48465277785e-05,4.77888400644e-06
547600,1.4846178888e-05,4.7779682284e-06
547700,1.48458300059e-05,4.77705278485e-06
547800,1.48454811321e-05,4.77613767559e-06
547900,1.48451322664e-05,4.77522290043e-06
548000,1.48447834091e-05,4.7743084592e-06
548100,1.48444345597e-05,4.77339435169e-06
548200,1.48440857187e-05,4.77248057775e-06
548300,1.48437368855e-05,4.77156713715e-06
548400,1.4843388061e-05,4.77065402978e-06
548500,1.48430392443e-05,4.76974125538e-06
548600,1.4842690436e-05,4.76882881382e-06
548700,1.48423416359e-05,4.76791670492e-06
548800,1.48419928439e-05,4.76700492846e-06
548900,1.48416440602e-05,4.76609348429e-06
549000,1.48412952845e-05,4.7651823722e-06
549100,1.48409465172e-05,4.76427159205e-06
549200,1.48405977578e-05,4.7633611436e-06
549300,1.48402490069e-05,4.76245102674e-06
549400,1.48399002641e-05,4.76154124125e-06
549500,1.48395515294e-05,4.76063178693e-06
549600,1.48392028031e-05,4.75972266365e-06
549700,1.48388540847e-05,4.75881387117e-06
549800,1.48385053748e-05,4.75790540937e-06
549900,1.4838156673e-05,4.75699727804e-06
550000,1.48378079792e-05,4.75608947696e-06
550100,1.48374592937e-05,4.75518200601e-06
550200,1.48371106164e-05,4.754274865e-06
550300,1.48367619472e-05,4.75336805372e-06
550400,1.48364132863e-05,4.75246157202e-06
550500,1.48360646337e-05,4.75155541972e-06
550600,1.4835715989e-05,4.75064959659e-06
550700,1.48353673527e-05,4.74974410253e-06
550800,1.48350187246e-05,4.74883893732e-06
550900,1.48346701046e-05,4.74793410078e-06
551000,1.48343214927e-05,4.7470295927e-06
551100,1.48339728891e-05,4.74612541296e-06
551200,1.48336242935e-05,4.74522156133e-06
551300,1.48332757064e-05,4.74431803771e-06
551400,1.48329271273e-05,4.74341484184e-06
551500,1.48325785564e-05,4.74251197356e-06
551600,1.48322299937e-05,4.74160943271e-06
551700,1.48318814392e-05,4.7407072191e-06
551800,1.48315328929e-05,4.73980533258e-06
551900,1.48311843549e-05,4.73890377293e-06
552000,1.48308358248e-05,4.73800253998e-06
552100,1.48304873032e-05,4.73710163359e-06
552200,1.48301387895e-05,4.73620105354e-06
552300,1.48297902842e-05,4.73530079967e-06
552400,1.48294417868e-05,4.73440087177e-06
552500,1.48290932977e-05,4.73350126972e-06
552600,1.4828744817e-05,4.73260199334e-06
552700,1.48283963443e-05,4.7317030424e-06
552800,1.48280478799e-05,4.73080441678e-06
552900,1.48276994235e-05,4.72990611625e-06
553000,1.48273509754e-05,4.72900814067e-06
553100,1.48270025355e-05,4.72811048986e-06
553200,1.48266541037e-05,4.72721316362e-06
553300,1.48263056801e-05,4.72631616181e-06
553400,1.48259572647e-05,4.72541948423e-06
553500,1.48256088577e-05,4.72452313073e-06
553600,1.48252604586e-05,4.7236271011e-06
553700,1.48249120677e-05,4.72273139516e-06
553800,1.48245636849e-05,4.72183601276e-06
553900,1.48242153107e-05,4.72094095376e-06
554000,1.48238669443e-05,4.7200462179e-06
554100,1.48235185862e-05,4.71915180508e-06
554200,1.48231702363e-05,4.71825771507e-06
554300,1.48228218945e-05,4.71736394772e-06
554400,1.48224735611e-05,4.71647050288e-06
554500,1.48221252355e-05,4.7155773803e-06
554600,1.48217769184e-05,4.7146845799e-06
554700,1.48214286094e-05,4.71379210146e-06
554800,1.48210803084e-05,4.71289994477e-06
554900,1.48207320156e-05,4.71200810971e-06
555000,1.48203837312e-05,4.71111659611e-06
555100,1.4820035455e-05,4.71022540376e-06
555200,1.48196871868e-05,4.7093345325e-06
555300,1.4819338927e-05,4.70844398218e-06
555400,1.48189906751e-05,4.70755375257e-06
555500,1.48186424314e-05,4.70666384354e-06
555600,1.48182941962e-05,4.70577425494e-06
555700,1.48179459688e-05,4.70488498653e-06
555800,1.48175977497e-05,4.70399603818e-06
555900,1.48172495389e-05,4.70310740973e-06
556000,1.48169013361e-05,4.70221910096e-06
556100,1.48165531415e-05,4.70133111173e-06
556200,1.48162049553e-05,4.70044344189e-06
556300,1.48158567772e-05,4.69955609123e-06
556400,1.48155086071e-05,4.69866905956e-06
556500,1.48151604454e-05,4.69778234678e-06
556600,1.48148122917e-05,4.69689595263e-06
556700,1.48144641461e-05,4.696009877e-06
556800,1.48141160088e-05,4.6951241197e-06
556900,1.48137678797e-05,4.69423868056e-06
557000,1.48134197587e-05,4.6933535594e-06
557100,1.48130716459e-05,4.69246875607e-06
557200,1.48127235414e-05,4.69158427039e-06
557300,1.48123754447e-05,4.69070010214e-06
557400,1.48120273566e-05,4.68981625125e-06
557500,1.48116792767e-05,4.68893271749e-06
557600,1.48113312047e-05,4.68804950067e-06
557700,1.48109831409e-05,4.68716660063e-06
557800,1.48106350854e-05,4.68628401724e-06
557900,1.48102870381e-05,4.68540175029e-06
558000,1.48099389988e-05,4.6845197996e-06
558100,1.48095909678e-05,4.68363816505e-06
558200,1.48092429449e-05,4.68275684642e-06
558300,1.48088949302e-05,4.68187584358e-06
558400,1.48085469237e-05,4.68099515633e-06
558500,1.48081989252e-05,4.6801147845e-06
558600,1.48078509354e-05,4.67923472798e-06
558700,1.48075029533e-05,4.67835498651e-06
558800,1.48071549793e-05,4.67747555995e-06
558900,1.48068070137e-05,4.67659644817e-06
559000,1.48064590563e-05,4.67571765099e-06
559100,1.4806111107e-05,4.67483916821e-06
559200,1.48057631657e-05,4.67396099966e-06
559300,1.48054152328e-05,4.67308314521e-06
559400,1.48050673078e-05,4.67220560465e-06
559500,1.48047193913e-05,4.67132837786e-06
559600,1.48043714827e-05,4.67045146463e-06
559700,1.48040235826e-05,4.66957486483e-06
559800,1.48036756903e-05,4.66869857823e-06
559900,1.48033278066e-05,4.66782260475e-06
560000,1.48029799307e-05,4.66694694414e-06
560100,1.48026320631e-05,4.66607159626e-06
560200,1.48022842035e-05,4.66519656094e-06
560300,1.48019363525e-05,4.66432183807e-06
560400,1.48015885091e-05,4.66344742737e-06
560500,1.48012406744e-05,4.6625733288e-06
560600,1.48008928475e-05,4.66169954208e-06
560700,1.48005450289e-05,4.6608260671e-06
560800,1.48001972186e-05,4.65995290372e-06
560900,1.47998494162e-05,4.65908005169e-06
561000,1.4799501622e-05,4.6582075109e-06
561100,1.47991538363e-05,4.65733528122e-06
561200,1.47988060584e-05,4.65646336238e-06
561300,1.47984582888e-05,4.65559175431e-06
561400,1.47981105273e-05,4.65472045679e-06
561500,1.47977627741e-05,4.65384946969e-06
561600,1.47974150289e-05,4.6529787928e-06
561700,1.47970672921e-05,4.65210842601e-06
561800,1.47967195634e-05,4.65123836911e-06
561900,1.47963718427e-05,4.65036862194e-06
562000,1.47960241304e-05,4.64949918436e-06
562100,1.47956764261e-05,4.64863005617e-06
562200,1.479532873e-05,4.64776123723e-06
562300,1.47949810419e-05,4.64689272735e-06
562400,1.47946333623e-05,4.64602452641e-06
562500,1.47942856907e-05,4.64515663421e-06
562600,1.47939380272e-05,4.6442890506e-06
562700,1.4793590372e-05,4.64342177539e-06
562800,1.47932427249e-05,4.64255480845e-06
562900,1.47928950859e-05,4.64168814959e-06
563000,1.47925474551e-05,4.64082179866e-06
563100,1.47921998325e-05,4.6399557555e-06
563200,1.4791852218e-05,4.63909001991e-06
563300,1.47915046118e-05,4.63822459179e-06
563400,1.47911570135e-05,4.6373594709e-06
563500,1.47908094235e-05,4.63649465714e-06
563600,1.47904618417e-05,4.63563015032e-06
563700,1.47901142681e-05,4.63476595028e-06
563800,1.47897667025e-05,4.63390205685e-06
563900,1.47894191453e-05,4.63303846989e-06
564000,1.47890715963e-05,4.63217518923e-06
564100,1.47887240553e-05,4.63131221468e-06
564200,1.47883765225e-05,4.63044954609e-06
564300,1.47880289976e-05,4.62958718328e-06
564400,1.47876814811e-05,4.62872512614e-06
564500,1.47873339729e-05,4.62786337449e-06
564600,1.47869864726e-05,4.62700192812e-06
564700,1.47866389804e-05,4.6261407869e-06
564800,1.47862914968e-05,4.62527995072e-06
564900,1.47859440209e-05,4.62441941931e-06
565000,1.47855965534e-05,4.6235591926e-06
565100,1.4785249094e-05,4.62269927038e-06
565200,1.47849016429e-05,4.62183965252e-06
565300,1.47845541998e-05,4.62098033882e-06
565400,1.47842067649e-05,4.62012132915e-06
565500,1.47838593379e-05,4.61926262332e-06
565600,1.47835119197e-05,4.61840422124e-06
565700,1.47831645092e-05,4.61754612265e-06
565800,1.47828171067e-05,4.61668832743e-06
565900,1.47824697126e-05,4.61583083544e-06
566000,1.47821223266e-05,4.61497364649e-06
566100,1.47817749487e-05,4.61411676045e-06
566200,1.47814275792e-05,4.61326017715e-06
566300,1.47810802177e-05,4.61240389641e-06
566400,1.47807328646e-05,4.61154791811e-06
566500,1.47803855193e-05,4.61069224202e-06
566600,1.47800381821e-05,4.60983686802e-06
566700,1.47796908534e-05,4.60898179597e-06
566800,1.47793435326e-05,4.60812702568e-06
566900,1.477899622e-05,4.60727255701e-06
567000,1.47786489157e-05,4.60641838981e-06
567100,1.47783016193e-05,4.60556452386e-06
567200,1.47779543314e-05,4.60471095909e-06
567300,1.47776070515e-05,4.60385769528e-06
567400,1.47772597797e-05,4.60300473227e-06
567500,1.47769125162e-05,4.60215206995e-06
567600,1.47765652608e-05,4.6012997081e-06
567700,1.47762180133e-05,4.60044764657e-06
567800,1.47758707741e-05,4.59959588523e-06
567900,1.47755235431e-05,4.59874442392e-06
568000,1.47751763204e-05,4.59789326249e-06
568100,1.47748291055e-05,4.59704240072e-06
568200,1.4774481899e-05,4.59619183854e-06
568300,1.47741347008e-05,4.59534157574e-06
568400,1.47737875105e-05,4.59449161215e-06
568500,1.47734403284e-05,4.59364194764e-06
568600,1.47730931546e-05,4.59279258207e-06
568700,1.47727459887e-05,4.5919435152e-06
568800,1.47723988311e-05,4.59109474697e-06
568900,1.47720516816e-05,4.59024627717e-06
569000,1.47717045403e-05,4.58939810565e-06
569100,1.47713574073e-05,4.58855023228e-06
569200,1.47710102821e-05,4.58770265684e-06
569300,1.47706631653e-05,4.58685537924e-06
569400,1.47703160566e-05,4.58600839929e-06
569500,1.47699689561e-05,4.58516171684e-06
569600,1.47696218638e-05,4.58431533174e-06
569700,1.47692747795e-05,4.5834692438e-06
569800,1.47689277033e-05,4.5826234529e-06
569900,1.47685806354e-05,4.58177795888e-06
570000,1.47682335756e-05,4.58093276157e-06
570100,1.4767886524e-05,4.58008786083e-06
570200,1.47675394804e-05,4.57924325647e-06
570300,1.47671924449e-05,4.57839894835e-06
570400,1.47668454179e-05,4.57755493637e-06
570500,1.47664983988e-05,4.57671122028e-06
570600,1.47661513879e-05,4.5758678e-06
570700,1.47658043852e-05,4.57502467534e-06
570800,1.47654573907e-05,4.57418184616e-06
570900,1.47651104042e-05,4.57333931227e-06
571000,1.47647634259e-05,4.57249707354e-06
571100,1.47644164556e-05,4.57165512982e-06
571200,1.47640694936e-05,4.57081348094e-06
571300,1.47637225398e-05,4.56997212678e-06
571400,1.4763375594e-05,4.56913106714e-06
571500,1.47630286565e-05,4.56829030189e-06
571600,1.4762681727e-05,4.56744983087e-06
571700,1.47623348059e-05,4.56660965395e-06
571800,1.47619878926e-05,4.56576977091e-06
571900,1.47616409877e-05,4.56493018166e-06
572000,1.47612940909e-05,4.56409088602e-06
572100,1.47609472023e-05,4.56325188385e-06
572200,1.47606003219e-05,4.56241317499e-06
572300,1.47602534493e-05,4.56157475924e-06
572400,1.47599065851e-05,4.56073663652e-06
572500,1.47595597289e-05,4.55989880663e-06
572600,1.47592128811e-05,4.55906126945e-06
572700,1.47588660413e-05,4.5582240248e-06
572800,1.47585192096e-05,4.55738707253e-06
572900,1.47581723861e-05,4.55655041249e-06
573000,1.47578255704e-05,4.5557140445e-06
573100,1.47574787634e-05,4.55487796848e-06
573200,1.47571319644e-05,4.55404218424e-06
573300,1.47567851734e-05,4.55320669158e-06
573400,1.47564383907e-05,4.55237149042e-06
573500,1.47560916159e-05,4.55153658055e-06
573600,1.47557448495e-05,4.55070196186e-06
573700,1.47553980911e-05,4.54986763418e-06
573800,1.47550513408e-05,4.54903359734e-06
573900,1.47547045987e-05,4.54819985121e-06
574000,1.47543578648e-05,4.54736639565e-06
574100,1.4754011139e-05,4.54653323048e-06
574200,1.47536644215e-05,4.54570035557e-06
574300,1.4753317712e-05,4.54486777076e-06
574400,1.47529710104e-05,4.54403547587e-06
574500,1.47526243173e-05,4.5432034708e-06
574600,1.47522776321e-05,4.54237175536e-06
574700,1.47519309553e-05,4.54154032943e-06
574800,1.47515842865e-05,4.54070919283e-06
574900,1.47512376257e-05,4.53987834541e-06
575000,1.47508909734e-05,4.53904778707e-06
575100,1.47505443291e-05,4.5382175176e-06
575200,1.47501976927e-05,4.53738753685e-06
575300,1.47498510647e-05,4.5365578447e-06
575400,1.47495044446e-05,4.53572844098e-06
575500,1.47491578327e-05,4.53489932554e-06
575600,1.47488112291e-05,4.53407049826e-06
575700,1.47484646336e-05,4.53324195896e-06
575800,1.4748118046e-05,4.53241370748e-06
575900,1.47477714668e-05,4.5315857437e-06
576000,1.47474248958e-05,4.53075806748e-06
576100,1.47470783328e-05,4.52993067862e-06
576200,1.4746731778e-05,4.529103577e-06
576300,1.47463852313e-05,4.52827676247e-06
576400,1.47460386927e-05,4.52745023487e-06
576500,1.47456921623e-05,4.52662399408e-06
576600,1.474534564e-05,4.52579803991e-06
576700,1.47449991257e-05,4.52497237222e-06
576800,1.47446526196e-05,4.52414699088e-06
576900,1.47443061219e-05,4.52332189575e-06
577000,1.4743959632e-05,4.52249708665e-06
577100,1.47436131505e-05,4.52167256346e-06
577200,1.47432666769e-05,4.52084832599e-06
577300,1.47429202117e-05,4.52002437415e-06
577400,1.47425737545e-05,4.51920070774e-06
577500,1.47422273055e-05,4.51837732664e-06
577600,1.47418808646e-05,4.51755423069e-06
577700,1.47415344317e-05,4.51673141973e-06
577800,1.47411880071e-05,4.51590889364e-06
577900,1.47408415906e-05,4.51508665227e-06
578000,1.47404951821e-05,4.51426469543e-06
578100,1.47401487819e-05,4.51344302303e-06
578200,1.47398023898e-05,4.51262163489e-06
578300,1.47394560059e-05,4.51180053088e-06
578400,1.473910963e-05,4.51097971082e-06
578500,1.47387632623e-05,4.51015917459e-06
578600,1.47384169027e-05,4.50933892203e-06
578700,1.47380705511e-05,4.508518953e-06
578800,1.47377242081e-05,4.50769926739e-06
578900,1.47373778729e-05,4.50687986498e-06
579000,1.47370315457e-05,4.50606074565e-06
579100,1.47366852268e-05,4.50524190928e-06
579200,1.47363389161e-05,4.50442335571e-06
579300,1.47359926134e-05,4.50360508478e-06
579400,1.4735646319e-05,4.50278709636e-06
579500,1.47353000325e-05,4.50196939028e-06
579600,1.47349537544e-05,4.50115196643e-06
579700,1.47346074842e-05,4.50033482462e-06
579800,1.47342612223e-05,4.49951796476e-06
579900,1.47339149683e-05,4.49870138664e-06
580000,1.47335687226e-05,4.49788509016e-06
580100,1.47332224849e-05,4.49706907515e-06
580200,1.47328762554e-05,4.49625334149e-06
580300,1.47325300342e-05,4.49543788902e-06
580400,1.4732183821e-05,4.49462271759e-06
580500,1.47318376159e-05,4.49380782706e-06
580600,1.47314914192e-05,4.49299321732e-06
580700,1.47311452304e-05,4.49217888815e-06
580800,1.47307990495e-05,4.49136483943e-06
580900,1.47304528771e-05,4.49055107106e-06
581000,1.47301067125e-05,4.48973758284e-06
581100,1.47297605563e-05,4.48892437466e-06
581200,1.47294144081e-05,4.48811144637e-06
581300,1.4729068268e-05,4.48729879781e-06
581400,1.47287221361e-05,4.48648642885e-06
581500,1.47283760124e-05,4.48567433935e-06
581600,1.47280298967e-05,4.48486252915e-06
581700,1.47276837893e-05,4.48405099813e-06
581800,1.47273376898e-05,4.48323974611e-06
581900,1.47269915986e-05,4.48242877297e-06
582000,1.47266455155e-05,4.48161807857e-06
582100,1.47262994403e-05,4.48080766274e-06
582200,1.47259533735e-05,4.47999752538e-06
582300,1.47256073147e-05,4.4791876663e-06
582400,1.47252612642e-05,4.4783780854e-06
582500,1.47249152217e-05,4.4775687825e-06
582600,1.47245691873e-05,4.47675975747e-06
582700,1.47242231611e-05,4.47595101019e-06
582800,1.4723877143e-05,4.47514254047e-06
582900,1.4723531133e-05,4.4743343482e-06
583000,1.47231851311e-05,4.47352643324e-06
583100,1.47228391373e-05,4.47271879541e-06
583200,1.47224931518e-05,4.47191143463e-06
583300,1.47221471742e-05,4.47110435069e-06
583400,1.47218012048e-05,4.4702975435e-06
583500,1.47214552436e-05,4.46949101289e-06
583600,1.47211092904e-05,4.46868475872e-06
583700,1.47207633455e-05,4.46787878087e-06
583800,1.47204174085e-05,4.46707307915e-06
583900,1.47200714799e-05,4.46626765349e-06
584000,1.47197255592e-05,4.46546250369e-06
584100,1.47193796466e-05,4.4646576296e-06
584200,1.47190337424e-05,4.46385303116e-06
584300,1.4718687846e-05,4.46304870812e-06
584400,1.47183419579e-05,4.46224466041e-06
584500,1.47179960778e-05,4.46144088786e-06
584600,1.4717650206e-05,4.46063739035e-06
584700,1.47173043423e-05,4.45983416774e-06
584800,1.47169584866e-05,4.45903121986e-06
584900,1.47166126392e-05,4.45822854659e-06
585000,1.47162667996e-05,4.45742614776e-06
585100,1.47159209684e-05,4.45662402329e-06
585200,1.47155751455e-05,4.45582217302e-06
585300,1.47152293304e-05,4.45502059675e-06
585400,1.47148835233e-05,4.45421929437e-06
585500,1.47145377245e-05,4.45341826578e-06
585600,1.4714191934e-05,4.45261751082e-06
585700,1.47138461513e-05,4.45181702931e-06
585800,1.47135003768e-05,4.45101682115e-06
585900,1.47131546107e-05,4.45021688622e-06
586000,1.47128088526e-05,4.44941722435e-06
586100,1.47124631023e-05,4.44861783535e-06
586200,1.47121173604e-05,4.44781871918e-06
586300,1.47117716266e-05,4.44701987564e-06
586400,1.47114259008e-05,4.44622130459e-06
586500,1.47110801833e-05,4.44542300592e-06
586600,1.47107344737e-05,4.44462497945e-06
586700,1.47103887724e-05,4.44382722508e-06
586800,1.47100430792e-05,4.44302974267e-06
586900,1.4709697394e-05,4.44223253204e-06
587000,1.47093517171e-05,4.4414355931e-06
587100,1.47090060481e-05,4.44063892567e-06
587200,1.47086603873e-05,4.43984252964e-06
587300,1.47083147348e-05,4.43904640488e-06
587400,1.47079690902e-05,4.43825055121e-06
587500,1.47076234538e-05,4.43745496852e-06
587600,1.47072778255e-05,4.43665965666e-06
587700,1.47069322052e-05,4.43586461549e-06
587800,1.47065865932e-05,4.4350698449e-06
587900,1.47062409895e-05,4.43427534475e-06
588000,1.47058953935e-05,4.43348111483e-06
588100,1.47055498057e-05,4.43268715509e-06
588200,1.47052042262e-05,4.43189346535e-06
588300,1.47048586546e-05,4.43110004547e-06
588400,1.47045130913e-05,4.43030689534e-06
588500,1.4704167536e-05,4.42951401479e-06
588600,1.47038219888e-05,4.4287214037e-06
588700,1.47034764499e-05,4.42792906195e-06
588800,1.47031309189e-05,4.42713698936e-06
588900,1.4702785396e-05,4.42634518581e-06
589000,1.47024398815e-05,4.4255536512e-06
589100,1.47020943748e-05,4.42476238533e-06
589200,1.47017488765e-05,4.42397138813e-06
589300,1.4701403386e-05,4.42318065939e-06
589400,1.4701057904e-05,4.42239019905e-06
589500,1.47007124297e-05,4.4216000069e-06
589600,1.47003669637e-05,4.42081008285e-06
589700,1.47000215058e-05,4.42002042676e-06
589800,1.4699676056e-05,4.41923103847e-06
589900,1.46993306142e-05,4.41844191785e-06
590000,1.46989851807e-05,4.4176530648e-06
590100,1.46986397554e-05,4.41686447916e-06
590200,1.4698294338e-05,4.41607616078e-06
590300,1.46979489289e-05,4.41528810954e-06
590400,1.46976035277e-05,4.41450032529e-06
590500,1.46972581349e-05,4.41371280793e-06
590600,1.469691275e-05,4.41292555728e-06
590700,1.46965673732e-05,4.41213857321e-06
590800,1.46962220045e-05,4.4113518556e-06
590900,1.4695876644e-05,4.41056540433e-06
591000,1.46955312915e-05,4.40977921923e-06
591100,1.46951859472e-05,4.40899330019e-06
591200,1.4694840611e-05,4.40820764707e-06
591300,1.46944952828e-05,4.40742225972e-06
591400,1.46941499629e-05,4.40663713804e-06
591500,1.46938046509e-05,4.40585228183e-06
591600,1.46934593473e-05,4.40506769106e-06
591700,1.46931140515e-05,4.40428336548e-06
591800,1.4692768764e-05,4.40349930503e-06
591900,1.46924234844e-05,4.40271550954e-06
592000,1.46920782131e-05,4.4019319789e-06
592100,1.46917329498e-05,4.40114871295e-06
592200,1.46913876948e-05,4.4003657116e-06
592300,1.46910424478e-05,4.39958297468e-06
592400,1.46906972088e-05,4.39880050205e-06
592500,1.46903519781e-05,4.39801829361e-06
592600,1.46900067553e-05,4.39723634918e-06
592700,1.46896615408e-05,4.39645466869e-06
592800,1.46893163342e-05,4.39567325192e-06
592900,1.4688971136e-05,4.39489209883e-06
593000,1.46886259458e-05,4.39411120924e-06
593100,1.46882807635e-05,4.39333058298e-06
593200,1.46879355894e-05,4.39255021997e-06
593300,1.46875904233e-05,4.39177012006e-06
593400,1.46872452655e-05,4.39099028313e-06
593500,1.46869001157e-05,4.39021070902e-06
593600,1.46865549742e-05,4.38943139764e-06
593700,1.46862098407e-05,4.38865234883e-06
593800,1.46858647153e-05,4.38787356245e-06
593900,1.4685519598e-05,4.38709503836e-06
594000,1.46851744887e-05,4.38631677645e-06
594100,1.46848293876e-05,4.38553877659e-06
594200,1.46844842946e-05,4.38476103863e-06
594300,1.46841392095e-05,4.38398356243e-06
594400,1.46837941329e-05,4.3832063479e-06
594500,1.46834490641e-05,4.38242939487e-06
594600,1.46831040036e-05,4.38165270324e-06
594700,1.46827589512e-05,4.38087627284e-06
594800,1.46824139068e-05,4.38010010356e-06
594900,1.46820688705e-05,4.37932419526e-06
595000,1.46817238422e-05,4.3785485478e-06
595100,1.46813788222e-05,4.37777316108e-06
595200,1.46810338103e-05,4.37699803496e-06
595300,1.46806888065e-05,4.37622316928e-06
595400,1.46803438106e-05,4.37544856392e-06
595500,1.46799988229e-05,4.37467421876e-06
595600,1.46796538432e-05,4.37390013366e-06
595700,1.46793088718e-05,4.37312630851e-06
595800,1.46789639085e-05,4.37235274317e-06
595900,1.46786189532e-05,4.37157943748e-06
596000,1.46782740061e-05,4.37080639136e-06
596100,1.46779290671e-05,4.37003360464e-06
596200,1.4677584136e-05,4.36926107717e-06
596300,1.46772392133e-05,4.36848880889e-06
596400,1.46768942985e-05,4.3677167996e-06
596500,1.46765493918e-05,4.36694504921e-06
596600,1.46762044931e-05,4.36617355757e-06
596700,1.46758596029e-05,4.36540232459e-06
596800,1.46755147205e-05,4.36463135009e-06
596900,1.46751698461e-05,4.36386063395e-06
597000,1.46748249801e-05,4.36309017606e-06
597100,1.46744801218e-05,4.36231997625e-06
597200,1.4674135272e-05,4.36155003446e-06
597300,1.46737904303e-05,4.36078035053e-06
597400,1.46734455963e-05,4.36001092427e-06
597500,1.46731007706e-05,4.35924175562e-06
597600,1.46727559532e-05,4.35847284446e-06
597700,1.46724111437e-05,4.3577041906e-06
597800,1.46720663421e-05,4.35693579394e-06
597900,1.46717215488e-05,4.35616765436e-06
598000,1.46713767637e-05,4.35539977174e-06
598100,1.46710319867e-05,4.35463214594e-06
598200,1.46706872176e-05,4.35386477681e-06
598300,1.46703424568e-05,4.35309766425e-06
598400,1.46699977039e-05,4.35233080811e-06
598500,1.46696529592e-05,4.35156420827e-06
598600,1.46693082226e-05,4.35079786461e-06
598700,1.46689634943e-05,4.35003177702e-06
598800,1.46686187738e-05,4.34926594531e-06
598900,1.46682740614e-05,4.34850036939e-06
599000,1.46679293572e-05,4.34773504914e-06
599100,1.4667584661e-05,4.34696998442e-06
599200,1.4667239973e-05,4.3462051751e-06
599300,1.46668952931e-05,4.34544062107e-06
599400,1.46665506213e-05,4.34467632219e-06
599500,1.46662059576e-05,4.34391227832e-06
599600,1.46658613019e-05,4.34314848934e-06
599700,1.46655166541e-05,4.3423849551e-06
599800,1.46651720148e-05,4.34162167554e-06
599900,1.46648273834e-05,4.34085865048e-06
600000,1.466448276e-05,4.34009587979e-06
