step,max_abs_u,growth_rate_estimate
100,1.08537166412e-06,0
200,1.78261484282e-06,0.00496158823261
300,2.17101155847e-06,0.00346635369497
400,2.71310501875e-06,0.00305390422155
500,3.36072424956e-06,0.00282558506323
600,4.10142387959e-06,0.00265882345042
700,4.810289163e-06,0.00248139120574
800,5.32221949843e-06,0.00227138277055
900,5.70366434677e-06,0.00207398295028
1000,6.08663497055e-06,0.00191574767011
1100,6.50993665088e-06,0.00179140724921
1200,7.03585594472e-06,0.00169917897884
1300,7.574368526e-06,0.00161903959092
1400,7.99239728021e-06,0.00153582174918
1500,8.23888897347e-06,0.00144781644685
1600,8.470172507e-06,0.00136975226624
1700,8.82703873114e-06,0.0013099356987
1800,9.23869726129e-06,0.0012596931828
1900,9.60558397042e-06,0.00121134562058
2000,9.87955819447e-06,0.00116239227247
2100,1.00703009926e-05,0.0011138340602
2200,1.02738880788e-05,0.00107032526783
2300,1.05335886882e-05,0.00103302118103
2400,1.08128984495e-05,0.00099948575934
2500,1.10702095318e-05,0.000967639666049
2600,1.12818471205e-05,0.000936509003426
2700,1.14458675528e-05,0.000906040875584
2800,1.15835360701e-05,0.000876911966567
2900,1.17550187537e-05,0.000850842071948
3000,1.19723260586e-05,0.000827819085795
3100,1.21750336844e-05,0.000805821653243
3200,1.23242632208e-05,0.000783757246122
3300,1.24330394286e-05,0.000762010913542
3400,1.25404333019e-05,0.000741525943113
3500,1.26803579051e-05,0.000722979911367
3600,1.28401038805e-05,0.000705900260769
3700,1.2980677157e-05,0.000689316500904
3800,1.30863461381e-05,0.000672877548974
3900,1.31753618185e-05,0.000656954231747
4000,1.3266748148e-05,0.000641881612692
4100,1.33657782386e-05,0.000627693775394
4200,1.34752082195e-05,0.000614372949522
4300,1.35838096518e-05,0.000601656224018
4400,1.36712231088e-05,0.000589155963897
4500,1.37375507826e-05,0.000576866031919
4600,1.38010651392e-05,0.000565071843837
4700,1.3877012603e-05,0.000553980701232
4800,1.39644786257e-05,0.000543530720941
4900,1.40466816912e-05,0.000533429940293
5000,1.41094871534e-05,0.000523454069994
5100,1.41584918844e-05,0.000513678420267
5200,1.42112652368e-05,0.000504335784453
5300,1.42737485849e-05,0.000495480694419
5400,1.43377174414e-05,0.000486975692896
5500,1.4396072437e-05,0.000478709804821
5600,1.44462416322e-05,0.000470638510938
5700,1.44889933642e-05,0.000462761929809
5800,1.45301594067e-05,0.000455141047802
5900,1.45754806368e-05,0.000447830729754
6000,1.46247033089e-05,0.000440811801766
6100,1.46722902883e-05,0.000434006370765
6200,1.47124867255e-05,0.000427340015477
6300,1.47451140527e-05,0.000420804726021
6400,1.47768522099e-05,0.000414466577872
6500,1.48140553122e-05,0.000408383427726
6600,1.48543954442e-05,0.000402518974622
6700,1.48907906309e-05,0.000396790979922
6800,1.49210494954e-05,0.000391171710134
6900,1.4948341469e-05,0.000385687923417
7000,1.49761932413e-05,0.000380368021324
7100,1.50059514493e-05,0.000375217772826
7200,1.50364670035e-05,0.000370219142018
7300,1.50653720072e-05,0.000365343943032
7400,1.50911986448e-05,0.00036057386668
7500,1.51143500039e-05,0.00035590839838
7600,1.51366410021e-05,0.000351359451333
7700,1.5160221753e-05,0.000346941122592
7800,1.51854710475e-05,0.000342651512037
7900,1.52098508623e-05,0.000338464208342
8000,1.52309128591e-05,0.000334355016128
8100,1.5249589015e-05,0.000330328759617
8200,1.52686088884e-05,0.00032640451089
8300,1.52890789982e-05,0.000322587354469
8400,1.53098616814e-05,0.000318864421588
8500,1.53293088068e-05,0.000315219539087
8600,1.53469082746e-05,0.000311646066175
8700,1.53635144177e-05,0.000308148026612
8800,1.53801340871e-05,0.000304730368552
8900,1.53971025483e-05,0.00030139282609
9000,1.54141999992e-05,0.000298131088373
9100,1.54308986159e-05,0.000294938825222
9200,1.54464645818e-05,0.000291808535339
9300,1.54607681574e-05,0.000288737310084
9400,1.54747644257e-05,0.000285729905338
9500,1.54893869663e-05,0.000282790702302
9600,1.55043718255e-05,0.000279915743315
9700,1.55187016969e-05,0.000277096185603
9800,1.55318681208e-05,0.000274326953104
9900,1.55443386382e-05,0.000271609594051
10000,1.55569096863e-05,0.000268947718872
10100,1.55698236853e-05,0.000266341218586
10200,1.55826549393e-05,0.000263785738306
10300,1.55949627377e-05,0.00026127700831
10400,1.56066998468e-05,0.000258813380922
10500,1.56180255468e-05,0.000256394543755
10600,1.56291563557e-05,0.000254020542009
10700,1.5640339754e-05,0.00025169160211
10800,1.56516099426e-05,0.000249406664253
10900,1.56626528227e-05,0.000247162648287
11000,1.56731510393e-05,0.000244956573176
11100,1.56831840747e-05,0.000242787871307
11200,1.56931408758e-05,0.000240657770638
11300,1.57032724176e-05,0.000238566665086
11400,1.5713421989e-05,0.000236512634953
11500,1.57232450972e-05,0.000234492782535
11600,1.57326358674e-05,0.000232505634484
11700,1.57417964477e-05,0.00023055145631
11800,1.57509300643e-05,0.000228630507634
11900,1.5760055614e-05,0.000226742045535
12000,1.5769094823e-05,0.000224884834012
12100,1.57779671269e-05,0.000223057667106
12200,1.57866122728e-05,0.000221259485986
12300,1.579504098e-05,0.000219489635478
12400,1.58033605212e-05,0.00021774797827
12500,1.58116818081e-05,0.00021603439886
12600,1.58199935182e-05,0.000214348166136
12700,1.5828161963e-05,0.00021268795875
12800,1.58360829664e-05,0.000211052645072
12900,1.58438140198e-05,0.000209441926997
13000,1.58515030242e-05,0.000207855957204
13100,1.58592054222e-05,0.000206294433811
13200,1.58668450469e-05,0.000204756430461
13300,1.58743397011e-05,0.000203241020785
13400,1.58816886056e-05,0.000201747692452
13500,1.58889401813e-05,0.000200276179492
13600,1.58961344156e-05,0.000198826184092
13700,1.59032841587e-05,0.000197397291386
13800,1.59103767985e-05,0.000195988981699
13900,1.59173801981e-05,0.000194600661633
14000,1.59242636068e-05,0.000193231761377
14100,1.5931033123e-05,0.000191881892844
14200,1.59377409825e-05,0.00019055088421
14300,1.59444346484e-05,0.000189238547011
14400,1.5951099872e-05,0.000187944427163
14500,1.59576819949e-05,0.00018666790744
14600,1.59641587541e-05,0.000185408527981
14700,1.59705621027e-05,0.000184166074185
14800,1.59769304868e-05,0.000182940364714
14900,1.59832668818e-05,0.000181731072918
15000,1.59895478156e-05,0.000180537769888
15100,1.59957552451e-05,0.00017936006093
15200,1.60018908231e-05,0.000178197643429
15300,1.60079681668e-05,0.000177050271894
15400,1.60140031597e-05,0.000175917716408
15500,1.60200090098e-05,0.000174799742087
15600,1.60259870147e-05,0.000173696072076
15700,1.60319210698e-05,0.000172606367031
15800,1.60377937524e-05,0.000171530291112
15900,1.60436088713e-05,0.000170467600835
16000,1.60493870828e-05,0.000169418124839
16100,1.60551393293e-05,0.000168381658115
16200,1.60608555105e-05,0.000167357919306
16300,1.60665212079e-05,0.000166346617468
16400,1.60721371295e-05,0.000165347526611
16500,1.60777176849e-05,0.000164360478216
16600,1.60832750643e-05,0.000163385299409
16700,1.60888104097e-05,0.00016242178005
16800,1.60943185325e-05,0.000161469691474
16900,1.60997942762e-05,0.000160528810602
17000,1.61052338242e-05,0.000159598924585
17100,1.61106364508e-05,0.000158679836886
17200,1.61160069887e-05,0.000157771375735
17300,1.61213520118e-05,0.000156873379613
17400,1.61266724674e-05,0.000155985670537
17500,1.61319639527e-05,0.00015510805555
17600,1.61372252055e-05,0.000154240357245
17700,1.61424627572e-05,0.000153382429686
17800,1.61476849597e-05,0.000152534136572
17900,1.6152893222e-05,0.000151695320482
18000,1.61580816113e-05,0.00015086580212
18100,1.61632442475e-05,0.000150045406384
18200,1.61683803299e-05,0.000149233979421
18300,1.61734922971e-05,0.000148431381769
18400,1.61785825717e-05,0.000147637476948
18500,1.61836532107e-05,0.000146852130207
18600,1.61887062379e-05,0.000146075209589
18700,1.61937428963e-05,0.000145306583373
18800,1.61987638547e-05,0.000144546120757
18900,1.6203770746e-05,0.00014379369688
19000,1.62087660751e-05,0.000143049192366
19100,1.62137504844e-05,0.000142312484296
19200,1.62187209362e-05,0.000141583440443
19300,1.6223673034e-05,0.000140861926982
19400,1.62286052461e-05,0.000140147822028
19500,1.6233520007e-05,0.000139441018806
19600,1.62384209439e-05,0.000138741416491
19700,1.62433103436e-05,0.000138048912089
19800,1.62481894039e-05,0.000137363401287
19900,1.62530593565e-05,0.000136684781982
20000,1.62579213202e-05,0.000136012953766
20100,1.62627755578e-05,0.000135347815607
20200,1.62676214271e-05,0.000134689265713
20300,1.62724577383e-05,0.000134037202645
20400,1.62772828711e-05,0.000133391525661
20500,1.6282095155e-05,0.000132752135853
20600,1.62868940798e-05,0.000132118939722
20700,1.62916813382e-05,0.000131491852149
20800,1.62964601706e-05,0.000130870794245
20900,1.63012333966e-05,0.000130255687382
21000,1.63060022387e-05,0.000129646449742
21100,1.6310766797e-05,0.000129042997787
21200,1.63155268479e-05,0.000128445248618
21300,1.63202817931e-05,0.000127853119821
21400,1.63250303262e-05,0.000127266528493
21500,1.63297707824e-05,0.00012668539226
21600,1.6334502006e-05,0.000126109631737
21700,1.63392239249e-05,0.000125539172082
21800,1.63439375774e-05,0.000124973942963
21900,1.63486448831e-05,0.000124413877808
22000,1.63533482056e-05,0.000123858912497
22100,1.63580495366e-05,0.000123308983031
22200,1.636274964e-05,0.000122764023169
22300,1.63674479039e-05,0.000122223964077
22400,1.63721429812e-05,0.000121688736141
22500,1.63768334764e-05,0.000121158270864
22600,1.63815181639e-05,0.000120632501432
22700,1.63861960712e-05,0.000120111362899
22800,1.63908668606e-05,0.000119594793174
22900,1.63955312617e-05,0.000119082734111
23000,1.64001910035e-05,0.00011857513124
23100,1.64048481691e-05,0.000118071931969
23200,1.64095044355e-05,0.000117573083541
23300,1.64141605911e-05,0.000117078531768
23400,1.64188163689e-05,0.000116588220635
23500,1.6423470564e-05,0.00011610209264
23600,1.64281214819e-05,0.000115620089998
23700,1.64327717151e-05,0.000115142166963
23800,1.64374188551e-05,0.000114668265715
23900,1.64420603518e-05,0.00011419832905
24000,1.64466968643e-05,0.000113732308896
24100,1.64513296979e-05,0.000113270159614
24200,1.64559605623e-05,0.000112811837339
24300,1.64605910465e-05,0.000112357298625
24400,1.64652219961e-05,0.000111906498878
24500,1.64698531898e-05,0.000111459391575
24600,1.64744834901e-05,0.000111015928688
24700,1.64791113006e-05,0.000110576061837
24800,1.64837350756e-05,0.000110139743556
24900,1.648835376e-05,0.000109706928349
25000,1.64929671063e-05,0.000109277573419
25100,1.64975757502e-05,0.000108851638799
25200,1.65021809897e-05,0.000108429086751
25300,1.65067843638e-05,0.000108009880716
25400,1.65113871952e-05,0.00010759398419
25500,1.65159902073e-05,0.00010718135981
25600,1.65205932732e-05,0.000106771968783
25700,1.652519541e-05,0.000106365770893
25800,1.65297950835e-05,0.000105962725261
25900,1.65343907327e-05,0.000105562791578
26000,1.65389812731e-05,0.000105165931277
26100,1.65435663898e-05,0.000104772108175
26200,1.65481465821e-05,0.00010438128853
26300,1.65527229926e-05,0.000103993440597
26400,1.65572970579e-05,0.000103608533786
26500,1.65618700432e-05,0.000103226537575
26600,1.65664426175e-05,0.000102847420541
26700,1.65710146294e-05,0.000102471149871
26800,1.65755851571e-05,0.000102097691503
26900,1.65801527891e-05,0.000101727010784
27000,1.658471604e-05,0.000101359073414
27100,1.65892737941e-05,0.00010099384643
27200,1.65938256416e-05,0.000100631298928
27300,1.65983719865e-05,0.000100271402262
27400,1.66029138781e-05,9.99141296288e-05
27500,1.66074526451e-05,9.9559455227e-05
27600,1.66119894595e-05,9.92073532851e-05
27700,1.66165249587e-05,9.88577972365e-05
27800,1.66210590299e-05,9.85107592668e-05
27900,1.66255908225e-05,9.81662103666e-05
28000,1.66301189994e-05,9.78241208949e-05
28100,1.66346421396e-05,9.74844614581e-05
28200,1.66391591575e-05,9.71472038006e-05
28300,1.66436696051e-05,9.68123214297e-05
28400,1.66481737805e-05,9.64797898106e-05
28500,1.66526726124e-05,9.61495860877e-05
28600,1.66571673413e-05,9.58216883801e-05
28700,1.66616590955e-05,9.5496074875e-05
28800,1.66661485017e-05,9.51727230127e-05
28900,1.66706354722e-05,9.48516090564e-05
29000,1.66751192229e-05,9.45327081542e-05
29100,1.66795985053e-05,9.42159948379e-05
29200,1.66840719699e-05,9.39014437841e-05
29300,1.6688538557e-05,9.35890306141e-05
29400,1.66929977964e-05,9.32787324898e-05
29500,1.66974499236e-05,9.29705283217e-05
29600,1.67018957751e-05,9.26643985265e-05
29700,1.67063364965e-05,9.23603244077e-05
29800,1.67107731557e-05,9.20582873624e-05
29900,1.671520638e-05,9.17582681501e-05
30000,1.67196361329e-05,9.14602464588e-05
30100,1.67240617104e-05,9.11642009168e-05
30200,1.67284819447e-05,9.08701095168e-05
30300,1.67328955554e-05,9.05779503225e-05
30400,1.67373015203e-05,9.02877021995e-05
30500,1.67416993604e-05,8.99993453602e-05
30600,1.67460892571e-05,8.97128615707e-05
30700,1.67504719689e-05,8.9428233961e-05
30800,1.67548485677e-05,8.91454464885e-05
30900,1.6759220075e-05,8.88644832192e-05
31000,1.67635871136e-05,8.85853276535e-05
31100,1.67679496909e-05,8.83079623198e-05
31200,1.67723071834e-05,8.80323687613e-05
31300,1.67766585163e-05,8.77585278971e-05
31400,1.67810024838e-05,8.74864206426e-05
31500,1.67853381027e-05,8.72160285815e-05
31600,1.67896648912e-05,8.69473344806e-05
31700,1.679398299e-05,8.66803224994e-05
31800,1.67982930929e-05,8.64149780352e-05
31900,1.68025962034e-05,8.61512872476e-05
32000,1.68068932993e-05,8.58892364191e-05
32100,1.68111850036e-05,8.56288113433e-05
32200,1.68154713704e-05,8.53699969351e-05
32300,1.68197518537e-05,8.51127771885e-05
32400,1.6824025467e-05,8.48571354864e-05
32500,1.68282910809e-05,8.46030551566e-05
32600,1.68325477558e-05,8.4350520081e-05
32700,1.68367950123e-05,8.40995151794e-05
32800,1.68410329563e-05,8.38500266196e-05
32900,1.68452622233e-05,8.36020416968e-05
33000,1.68494837577e-05,8.33555484161e-05
33100,1.68536984983e-05,8.31105349165e-05
33200,1.6857907065e-05,8.28669889072e-05
33300,1.68621095515e-05,8.26248973045e-05
33400,1.68663054852e-05,8.23842461728e-05
33500,1.68704939665e-05,8.21450209874e-05
33600,1.68746739401e-05,8.19072071219e-05
33700,1.68788445103e-05,8.16707904085e-05
33800,1.68830052021e-05,8.14357575876e-05
33900,1.68871560897e-05,8.120209652e-05
34000,1.68912977537e-05,8.09697960937e-05
34100,1.68954310807e-05,8.0738845859e-05
34200,1.68995569702e-05,8.05092355099e-05
34300,1.6903676038e-05,8.02809543685e-05
34400,1.69077884114e-05,8.00539910378e-05
34500,1.69118936823e-05,7.98283333333e-05
34600,1.69159910288e-05,7.96039685031e-05
34700,1.69200794637e-05,7.93808836615e-05
34800,1.69241581333e-05,7.91590663006e-05
34900,1.69282265661e-05,7.89385047061e-05
35000,1.69322848045e-05,7.87191881687e-05
35100,1.69363333737e-05,7.85011069155e-05
35200,1.69403731018e-05,7.82842517938e-05
35300,1.69444048444e-05,7.80686137995e-05
35400,1.6948429206e-05,7.78541836091e-05
35500,1.69524463382e-05,7.76409512495e-05
35600,1.69564558872e-05,7.74289060196e-05
35700,1.69604570978e-05,7.72180366743e-05
35800,1.69644490423e-05,7.70083318111e-05
35900,1.69684308999e-05,7.67997803318e-05
36000,1.69724021983e-05,7.65923718355e-05
36100,1.69763629441e-05,7.63860968212e-05
36200,1.69803136038e-05,7.61809466429e-05
36300,1.69842549408e-05,7.59769132325e-05
36400,1.69881877611e-05,7.57739886789e-05
36500,1.69921126463e-05,7.55721647937e-05
36600,1.69960297601e-05,7.53714328038e-05
36700,1.69999387885e-05,7.51717832639e-05
36800,1.70038390282e-05,7.4973206208e-05
36900,1.7007729598e-05,7.47756914957e-05
37000,1.70116096994e-05,7.45792292289e-05
37100,1.70154788502e-05,7.43838101208e-05
37200,1.70193370135e-05,7.41894256898e-05
37300,1.70231845889e-05,7.39960682354e-05
37400,1.70270222665e-05,7.38037305962e-05
37500,1.70308507908e-05,7.36124057718e-05
37600,1.70346707071e-05,7.34220865237e-05
37700,1.70384821757e-05,7.32327650884e-05
37800,1.70422849037e-05,7.30444330792e-05
37900,1.70460782228e-05,7.28570816163e-05
38000,1.70498612808e-05,7.26707016294e-05
38100,1.70536332873e-05,7.24852842405e-05
38200,1.70573937362e-05,7.23008211032e-05
38300,1.70611425359e-05,7.21173045949e-05
38400,1.70648800071e-05,7.1934727804e-05
38500,1.70686067547e-05,7.17530843238e-05
38600,1.70723234465e-05,7.15723679087e-05
38700,1.70760305752e-05,7.13925721117e-05
38800,1.70797282762e-05,7.12136900111e-05
38900,1.70834162583e-05,7.10357141125e-05
39000,1.70870938663e-05,7.08586364516e-05
39100,1.70907602575e-05,7.06824488651e-05
39200,1.70944146308e-05,7.05071433366e-05
39300,1.709805644e-05,7.03327123125e-05
39400,1.71016855224e-05,7.0159148888e-05
39500,1.7105302106e-05,6.99864468074e-05
39600,1.71089066931e-05,6.98146002845e-05
39700,1.7112499857e-05,6.96436036955e-05
39800,1.71160820184e-05,6.94734512478e-05
39900,1.71196532655e-05,6.93041367188e-05
40000,1.71232132843e-05,6.9135653359e-05
40100,1.71267614095e-05,6.89679939743e-05
40200,1.71302967843e-05,6.8801151164e-05
40300,1.71338185757e-05,6.86351176372e-05
40400,1.71373261775e-05,6.84698865038e-05
40500,1.71408193381e-05,6.83054514554e-05
40600,1.71442981742e-05,6.81418067763e-05
40700,1.71477630677e-05,6.79789471876e-05
40800,1.71512144774e-05,6.78168675725e-05
40900,1.71546527277e-05,6.7655562671e-05
41000,1.7158077837e-05,6.74950268389e-05
41100,1.71614894431e-05,6.73352539453e-05
41200,1.71648868437e-05,6.7176237438e-05
41300,1.71682691443e-05,6.70179705567e-05
41400,1.71716354563e-05,6.68604466164e-05
41500,1.71749850929e-05,6.67036592812e-05
41600,1.71783176932e-05,6.65476027337e-05
41700,1.71816332435e-05,6.63922716991e-05
41800,1.71849319855e-05,6.62376613092e-05
41900,1.71882142428e-05,6.60837668563e-05
42000,1.71914802214e-05,6.59305835136e-05
42100,1.71947298451e-05,6.57781061094e-05
42200,1.71979626775e-05,6.56263290238e-05
42300,1.72011779557e-05,6.54752462406e-05
42400,1.72043747218e-05,6.53248515331e-05
42500,1.72075520105e-05,6.51751387244e-05
42600,1.7210709033e-05,6.50261019377e-05
42700,1.721385172e-05,6.48777445153e-05
42800,1.72169851634e-05,6.47300686215e-05
42900,1.72200981047e-05,6.45830542104e-05
43000,1.72231907235e-05,6.44366969148e-05
43100,1.72262630975e-05,6.42909922701e-05
43200,1.72293150446e-05,6.41459355031e-05
43300,1.72323460444e-05,6.40015214304e-05
43400,1.72353552623e-05,6.3857744496e-05
43500,1.72383416693e-05,6.37145989358e-05
43600,1.72413042152e-05,6.35720790113e-05
43700,1.72442420056e-05,6.34301792446e-05
43800,1.72471544205e-05,6.32888945726e-05
43900,1.72500411453e-05,6.31482203834e-05
44000,1.72529021021e-05,6.30081524195e-05
44100,1.72557373021e-05,6.28686865792e-05
44200,1.7258546669e-05,6.27298186833e-05
44300,1.72613298883e-05,6.25915442778e-05
44400,1.72640863268e-05,6.24538585323e-05
44500,1.72668150514e-05,6.23167562692e-05
44600,1.72695149362e-05,6.21802321072e-05
44700,1.72721848247e-05,6.20442806741e-05
44800,1.72748236972e-05,6.19088968238e-05
44900,1.72774307891e-05,6.17740757861e-05
45000,1.7280005625e-05,6.16398132066e-05
45100,1.728254796e-05,6.15061050662e-05
45200,1.72850576452e-05,6.13729475041e-05
45300,1.7287534463e-05,6.1240336606e-05
45400,1.72899779818e-05,6.11082682188e-05
45500,1.72923874782e-05,6.09767378543e-05
45600,1.72947619486e-05,6.08457407077e-05
45700,1.72971002055e-05,6.07152717842e-05
45800,1.72994010321e-05,6.05853260955e-05
45900,1.73016633391e-05,6.04558988588e-05
46000,1.73038862828e-05,6.03269856423e-05
46100,1.73060693025e-05,6.01985824086e-05
46200,1.73082120719e-05,6.0070685449e-05
46300,1.73103143764e-05,5.99432912263e-05
46400,1.73123759596e-05,5.98163961818e-05
46500,1.73143963852e-05,5.9689996563e-05
46600,1.73163749592e-05,5.956408833e-05
46700,1.73183107365e-05,5.94386671658e-05
46800,1.73202026091e-05,5.93137285896e-05
46900,1.73220494475e-05,5.91892681324e-05
47000,1.73238502516e-05,5.90652815227e-05
47100,1.73256042657e-05,5.89417648255e-05
47200,1.73273110175e-05,5.88187144867e-05
47300,1.73289702777e-05,5.86961272789e-05
47400,1.73305819493e-05,5.85740001628e-05
47500,1.73321459218e-05,5.84523301084e-05
47600,1.73336619383e-05,5.83311139326e-05
47700,1.73351295198e-05,5.82103482095e-05
47800,1.73365479642e-05,5.8090029272e-05
47900,1.7337916425e-05,5.79701533092e-05
48000,1.73392340418e-05,5.78507165251e-05
48100,1.73405000824e-05,5.77317153091e-05
48200,1.73417140521e-05,5.76131463649e-05
48300,1.73428757369e-05,5.74950067593e-05
48400,1.73439851668e-05,5.73772938738e-05
48500,1.73450425138e-05,5.72600052804e-05
48600,1.73460479556e-05,5.71431385771e-05
48700,1.73470015481e-05,5.70266912368e-05
48800,1.73479031469e-05,5.69106605151e-05
48900,1.73487524027e-05,5.67950434481e-05
49000,1.73495488296e-05,5.66798369342e-05
49100,1.73502919247e-05,5.65650378768e-05
49200,1.73509813016e-05,5.64506433411e-05
49300,1.73516167954e-05,5.63366506745e-05
49400,1.73521985062e-05,5.62230575558e-05
49500,1.73527267685e-05,5.61098619549e-05
49600,1.73532020575e-05,5.59970620217e-05
49700,1.73536248607e-05,5.58846559343e-05
49800,1.73539955551e-05,5.57726417569e-05
49900,1.73543143303e-05,5.56610173522e-05
50000,1.73545811775e-05,5.55497803694e-05
50100,1.73547959505e-05,5.54389283187e-05
50200,1.73549584749e-05,5.53284586968e-05
50300,1.73550686745e-05,5.52183691321e-05
50400,1.73551266705e-05,5.51086574982e-05
50500,1.73551328284e-05,5.49993219638e-05
50600,1.73550877312e-05,5.489036096e-05
50700,1.73549920948e-05,5.47817730809e-05
50800,1.73548466474e-05,5.46735569456e-05
50900,1.73546520125e-05,5.45657110641e-05
51000,1.7354419924e-05,5.44582465363e-05
51100,1.73541492244e-05,5.43511598091e-05
51200,1.73538291091e-05,5.42444364786e-05
51300,1.73534596348e-05,5.41380744762e-05
51400,1.73530409362e-05,5.40320718366e-05
51500,1.7352573325e-05,5.39264268078e-05
51600,1.73520573334e-05,5.38211378979e-05
51700,1.73514936969e-05,5.3716203853e-05
51800,1.73508832738e-05,5.36116235654e-05
51900,1.73502269372e-05,5.35073959526e-05
52000,1.73495254613e-05,5.34035198298e-05
52100,1.73487794472e-05,5.32999938296e-05
52200,1.73479893065e-05,5.31968163847e-05
52300,1.73471553078e-05,5.30939857821e-05
52400,1.73462776688e-05,5.29915002652e-05
52500,1.7345356669e-05,5.28893581586e-05
52600,1.73443927422e-05,5.27875579686e-05
52700,1.7343386523e-05,5.2686098433e-05
52800,1.73423388339e-05,5.25849785045e-05
52900,1.73412506139e-05,5.24841972708e-05
53000,1.73401228151e-05,5.23837538407e-05
53100,1.73389562977e-05,5.22836472298e-05
53200,1.73377517571e-05,5.2183876282e-05
53300,1.73365097046e-05,5.20844396503e-05
53400,1.73352305077e-05,5.1985335842e-05
53500,1.73339144759e-05,5.18865633126e-05
53600,1.7332561966e-05,5.17881205803e-05
53700,1.73311734724e-05,5.16900063223e-05
53800,1.7329749673e-05,5.15922194224e-05
53900,1.73282914219e-05,5.14947589624e-05
54000,1.73267996839e-05,5.13976241488e-05
54100,1.73252754403e-05,5.13008142123e-05
54200,1.7323719588e-05,5.1204328299e-05
54300,1.73221328692e-05,5.11081653968e-05
54400,1.73205158496e-05,5.10123243137e-05
54500,1.73188689543e-05,5.09168037172e-05
54600,1.73171925458e-05,5.08216022179e-05
54700,1.73154870233e-05,5.0726718476e-05
54800,1.73137529086e-05,5.06321512903e-05
54900,1.73119908954e-05,5.05378996503e-05
55000,1.73102018419e-05,5.04439627254e-05
55100,1.73083867158e-05,5.03503398069e-05
55200,1.73065465037e-05,5.0257030211e-05
55300,1.73046821174e-05,5.01640331811e-05
55400,1.73027994432e-05,5.0071353165e-05
55500,1.73009086173e-05,4.99789990152e-05
55600,1.72989960948e-05,4.98869548594e-05
55700,1.72970622586e-05,4.9795219416e-05
55800,1.72951075217e-05,4.9703791443e-05
55900,1.7293132408e-05,4.96126698233e-05
56000,1.72911376003e-05,4.95218536116e-05
56100,1.72891239407e-05,4.94313420346e-05
56200,1.72870923769e-05,4.93411344337e-05
56300,1.72850438808e-05,4.925123018e-05
56400,1.72829793597e-05,4.91616285835e-05
56500,1.72808995882e-05,4.90723288228e-05
56600,1.72788051845e-05,4.89833299231e-05
56700,1.72766966344e-05,4.88946307808e-05
56800,1.72745743598e-05,4.88062302354e-05
56900,1.7272438804e-05,4.87181271564e-05
57000,1.72702905122e-05,4.86303205252e-05
57100,1.72681301794e-05,4.85428094826e-05
57200,1.72659586501e-05,4.84555933279e-05
57300,1.72637768752e-05,4.83686714726e-05
57400,1.72615858334e-05,4.82820433617e-05
57500,1.72593864481e-05,4.81957083883e-05
57600,1.72571795217e-05,4.81096658283e-05
57700,1.72549657097e-05,4.80239148153e-05
57800,1.72527455422e-05,4.79384543633e-05
57900,1.72505194847e-05,4.78532834284e-05
58000,1.72482880193e-05,4.7768400991e-05
58100,1.72460517206e-05,4.7683806131e-05
58200,1.72438113031e-05,4.75994980749e-05
58300,1.72415676251e-05,4.75154761979e-05
58400,1.72393216483e-05,4.74317399828e-05
58500,1.72370743675e-05,4.73482889496e-05
58600,1.72348267302e-05,4.72651225749e-05
58700,1.72325795734e-05,4.71822402301e-05
58800,1.72303335978e-05,4.70996411565e-05
58900,1.72280893844e-05,4.70173244827e-05
59000,1.72258474497e-05,4.693528928e-05
59100,1.72236083222e-05,4.68535346382e-05
59200,1.72213726142e-05,4.67720597355e-05
59300,1.72191410692e-05,4.66908638851e-05
59400,1.72169145678e-05,4.66099465393e-05
59500,1.72146940911e-05,4.65293072527e-05
59600,1.72124806575e-05,4.644894562e-05
59700,1.72102752452e-05,4.63688611998e-05
59800,1.72080787325e-05,4.6289053457e-05
59900,1.72058918699e-05,4.62095217362e-05
60000,1.72037152943e-05,4.61302652765e-05
60100,1.72015495778e-05,4.60512832596e-05
60200,1.71993952998e-05,4.59725748802e-05
60300,1.71972531162e-05,4.5894139412e-05
60400,1.71951238038e-05,4.58159762509e-05
60500,1.719300827e-05,4.57380849227e-05
60600,1.71909075206e-05,4.56604650513e-05
60700,1.71888225994e-05,4.55831163001e-05
60800,1.7186754518e-05,4.55060383043e-05
60900,1.71847041955e-05,4.54292306133e-05
61000,1.71826724318e-05,4.5352692666e-05
61100,1.71806599174e-05,4.52764238009e-05
61200,1.71786672783e-05,4.52004232997e-05
61300,1.71766951428e-05,4.51246904509e-05
61400,1.71747442067e-05,4.50492246123e-05
61500,1.71728152777e-05,4.4974025252e-05
61600,1.71709092855e-05,4.48990919577e-05
61700,1.71690272552e-05,4.48244244098e-05
61800,1.71671702495e-05,4.4750022327e-05
61900,1.7165339304e-05,4.46758854045e-05
62000,1.71635353686e-05,4.4602013259e-05
62100,1.71617592798e-05,4.45284054036e-05
62200,1.71600117678e-05,4.44550612546e-05
62300,1.71582934968e-05,4.43819801708e-05
62400,1.71566051266e-05,4.43091615109e-05
62500,1.71549473744e-05,4.42366046913e-05
62600,1.71533210579e-05,4.41643092262e-05
62700,1.71517271066e-05,4.40922747372e-05
62800,1.71501665373e-05,4.40205009294e-05
62900,1.71486404027e-05,4.39489875436e-05
63000,1.7147149727e-05,4.38777342958e-05
63100,1.71456954513e-05,4.38067408269e-05
63200,1.71442784039e-05,4.37360066762e-05
63300,1.71428993039e-05,4.36655312849e-05
63400,1.71415587968e-05,4.35953140299e-05
63500,1.71402575111e-05,4.35253542764e-05
63600,1.71389961149e-05,4.34556514301e-05
63700,1.71377753578e-05,4.33862049749e-05
63800,1.71365960819e-05,4.33170144826e-05
63900,1.71354592001e-05,4.32480795925e-05
64000,1.71343656455e-05,4.31793999647e-05
64100,1.71333163122e-05,4.31109752254e-05
64200,1.71323120004e-05,4.30428049177e-05
64300,1.71313533851e-05,4.29748884738e-05
64400,1.71304410161e-05,4.29072252152e-05
64500,1.71295849065e-05,4.28398230461e-05
64600,1.71287819562e-05,4.27726779536e-05
64700,1.71280259184e-05,4.27057831051e-05
64800,1.71273172584e-05,4.26391377656e-05
64900,1.7126656503e-05,4.25727412601e-05
65000,1.71260442197e-05,4.25065929539e-05
65100,1.7125480972e-05,4.24406922122e-05
65200,1.71249672616e-05,4.23750383486e-05
65300,1.71245034753e-05,4.23096305777e-05
65400,1.7124089855e-05,4.22444679887e-05
65500,1.71237264955e-05,4.2179549545e-05
65600,1.71234133729e-05,4.21148741096e-05
65700,1.71231503917e-05,4.20504404889e-05
65800,1.71229374374e-05,4.1986247479e-05
65900,1.71227744142e-05,4.19222938993e-05
66000,1.71226612608e-05,4.18585786069e-05
66100,1.71225979332e-05,4.17951004806e-05
66200,1.7122584366e-05,4.17318583867e-05
66300,1.71226204196e-05,4.16688511326e-05
66400,1.71227058336e-05,4.16060774259e-05
66500,1.71228401973e-05,4.15435358496e-05
66600,1.71230229502e-05,4.14812248632e-05
66700,1.71232534087e-05,4.14191428273e-05
66800,1.71235308126e-05,4.13572880448e-05
66900,1.71238543788e-05,4.12956588085e-05
67000,1.71242233401e-05,4.1234253435e-05
67100,1.71246369636e-05,4.11730702806e-05
67200,1.71250945413e-05,4.11121077329e-05
67300,1.71255953564e-05,4.1051364181e-05
67400,1.71261386363e-05,4.09908379752e-05
67500,1.71267235122e-05,4.09305273919e-05
67600,1.71273489909e-05,4.08704306101e-05
67700,1.71280139577e-05,4.08105457141e-05
67800,1.71287172011e-05,4.07508707166e-05
67900,1.71294574602e-05,4.06914035989e-05
68000,1.71302334735e-05,4.0632142354e-05
68100,1.71310440215e-05,4.05730850224e-05
68200,1.71318879464e-05,4.05142297094e-05
68300,1.71327641453e-05,4.04555745782e-05
68400,1.7133671541e-05,4.03971178247e-05
68500,1.71346090398e-05,4.03388576416e-05
68600,1.71355754922e-05,4.02807921842e-05
68700,1.71365696676e-05,4.02229195502e-05
68800,1.71375902529e-05,4.01652377781e-05
68900,1.71386358774e-05,4.01077448692e-05
69000,1.71397051537e-05,4.00504388225e-05
69100,1.71407967261e-05,3.99933176755e-05
69200,1.71419093089e-05,3.99363795364e-05
69300,1.71430417063e-05,3.98796226005e-05
69400,1.7144192808e-05,3.98230451453e-05
69500,1.7145361559e-05,3.97666455055e-05
69600,1.71465469225e-05,3.97104220402e-05
69700,1.71477478389e-05,3.96543730995e-05
69800,1.71489632002e-05,3.95984970024e-05
69900,1.7150191846e-05,3.95427920342e-05
70000,1.71514325842e-05,3.94872564637e-05
70100,1.71526842277e-05,3.94318885741e-05
70200,1.71539456369e-05,3.93766866979e-05
70300,1.71552157572e-05,3.93216492485e-05
70400,1.7156493636e-05,3.92667747325e-05
70500,1.71577789354e-05,3.92120621747e-05
70600,1.71590788039e-05,3.91575167935e-05
70700,1.71603840429e-05,3.91031302835e-05
70800,1.71616938837e-05,3.90489013358e-05
70900,1.71630075247e-05,3.89948286223e-05
71000,1.71643241254e-05,3.89409107907e-05
71100,1.71656428214e-05,3.88871464766e-05
71200,1.71669627575e-05,3.88335343312e-05
71300,1.71682831277e-05,3.87800730538e-05
71400,1.71696032082e-05,3.87267614184e-05
71500,1.71709223742e-05,3.86735982865e-05
71600,1.71722400963e-05,3.86205826042e-05
71700,1.71735559142e-05,3.85677133795e-05
71800,1.71748694011e-05,3.85149896534e-05
71900,1.71761801252e-05,3.84624104684e-05
72000,1.71774876224e-05,3.84099748461e-05
72100,1.71787913897e-05,3.83576817822e-05
72200,1.71800908963e-05,3.83055302559e-05
72300,1.71813856153e-05,3.82535192548e-05
72400,1.71826750586e-05,3.82016478041e-05
72500,1.71839588088e-05,3.81499149909e-05
72600,1.71852365371e-05,3.80983199787e-05
72700,1.71865079985e-05,3.80468620027e-05
72800,1.71877730092e-05,3.79955403515e-05
72900,1.71890314135e-05,3.79443543401e-05
73000,1.71902830451e-05,3.78933032788e-05
73100,1.71915277031e-05,3.7842386454e-05
73200,1.71927651417e-05,3.77916031206e-05
73300,1.71939950818e-05,3.77409525109e-05
73400,1.71952172378e-05,3.76904338563e-05
73500,1.71964313521e-05,3.76400464148e-05
73600,1.7197637225e-05,3.75897894942e-05
73700,1.71988347322e-05,3.75396624658e-05
73800,1.72000238219e-05,3.74896647612e-05
73900,1.72012044947e-05,3.74397958566e-05
74000,1.72023767727e-05,3.73900552479e-05
74100,1.72035406632e-05,3.7340442422e-05
74200,1.72046961342e-05,3.7290956838e-05
74300,1.72058431064e-05,3.72415979205e-05
74400,1.72069814602e-05,3.71923650659e-05
74500,1.72081110621e-05,3.71432576629e-05
74600,1.72092317968e-05,3.70942751179e-05
74700,1.72103435962e-05,3.7045416877e-05
74800,1.72114464557e-05,3.69966824387e-05
74900,1.72125404349e-05,3.69480713542e-05
75000,1.72136256386e-05,3.6899583212e-05
75100,1.72147021872e-05,3.68512176149e-05
75200,1.72157701853e-05,3.68029741554e-05
75300,1.72168296961e-05,3.67548523965e-05
75400,1.72178807325e-05,3.67068518644e-05
75500,1.72189232652e-05,3.66589720553e-05
75600,1.72199572449e-05,3.6611212453e-05
75700,1.7220982633e-05,3.6563572552e-05
75800,1.72219994301e-05,3.65160518793e-05
75900,1.72230076924e-05,3.64686500076e-05
76000,1.72240075324e-05,3.64213665542e-05
76100,1.72249991033e-05,3.637420117e-05
76200,1.72259825714e-05,3.63271535176e-05
76300,1.72269580861e-05,3.62802232482e-05
76400,1.72279257566e-05,3.62334099843e-05
76500,1.72288856406e-05,3.61867133115e-05
76600,1.72298377532e-05,3.6140132785e-05
76700,1.72307820864e-05,3.60936679447e-05
76800,1.72317186368e-05,3.60473183366e-05
76900,1.72326474353e-05,3.60010835349e-05
77000,1.72335685613e-05,3.59549631525e-05
77100,1.72344821457e-05,3.59089568433e-05
77200,1.72353883567e-05,3.58630642908e-05
77300,1.72362873745e-05,3.58172851894e-05
77400,1.72371793636e-05,3.5771619223e-05
77500,1.72380644487e-05,3.57260660473e-05
77600,1.72389427063e-05,3.56806252838e-05
77700,1.72398141683e-05,3.56352965227e-05
77800,1.72406788429e-05,3.55900793382e-05
77900,1.72415367404e-05,3.55449733087e-05
78000,1.72423878987e-05,3.54999780351e-05
78100,1.7243232401e-05,3.54550931539e-05
78200,1.72440703771e-05,3.54103183382e-05
78300,1.72449019928e-05,3.53656532894e-05
78400,1.72457274252e-05,3.53210977188e-05
78500,1.72465468364e-05,3.52766513281e-05
78600,1.7247360353e-05,3.52323137941e-05
78700,1.72481680533e-05,3.51880847597e-05
78800,1.72489699743e-05,3.51439638392e-05
78900,1.72497661269e-05,3.50999506295e-05
79000,1.72505565219e-05,3.50560447298e-05
79100,1.72513411952e-05,3.50122457593e-05
79200,1.72521202224e-05,3.49685533686e-05
79300,1.7252893724e-05,3.49249672425e-05
79400,1.72536618539e-05,3.48814870923e-05
79500,1.72544247781e-05,3.48381126391e-05
79600,1.72551826501e-05,3.47948435965e-05
79700,1.72559355886e-05,3.47516796541e-05
79800,1.72566836687e-05,3.47086204715e-05
79900,1.72574269241e-05,3.46656656796e-05
80000,1.72581653637e-05,3.46228148934e-05
80100,1.72588989933e-05,3.45800677276e-05
80200,1.72596278411e-05,3.4537423815e-05
80300,1.72603519724e-05,3.44948828168e-05
80400,1.72610714938e-05,3.4452444426e-05
80500,1.72617865442e-05,3.44101083602e-05
80600,1.72624972756e-05,3.43678743478e-05
80700,1.72632038285e-05,3.43257421104e-05
80800,1.72639063126e-05,3.42837113487e-05
80900,1.72646047957e-05,3.42417817348e-05
81000,1.72652993066e-05,3.41999529148e-05
81100,1.72659898485e-05,3.41582245179e-05
81200,1.72666764218e-05,3.41165961732e-05
81300,1.72673590447e-05,3.40750675245e-05
81400,1.7268037771e-05,3.40336382425e-05
81500,1.72687126931e-05,3.3992308027e-05
81600,1.72693839345e-05,3.39510766015e-05
81700,1.72700516318e-05,3.39099437e-05
81800,1.72707159128e-05,3.38689090515e-05
81900,1.72713768767e-05,3.38279723663e-05
82000,1.72720345838e-05,3.37871333284e-05
82100,1.72726890568e-05,3.37463915968e-05
82200,1.72733402939e-05,3.3705746815e-05
82300,1.72739882885e-05,3.36651986248e-05
82400,1.72746330507e-05,3.36247466813e-05
82500,1.7275274622e-05,3.35843906637e-05
82600,1.72759130815e-05,3.35441302788e-05
82700,1.72765485379e-05,3.35039652557e-05
82800,1.72771811135e-05,3.34638953343e-05
82900,1.72778109233e-05,3.34239202506e-05
83000,1.72784380568e-05,3.33840397243e-05
83100,1.72790625671e-05,3.33442534506e-05
83200,1.72796844711e-05,3.33045611013e-05
83300,1.72803037623e-05,3.32649623334e-05
83400,1.72809204281e-05,3.32254568014e-05
83500,1.72815344707e-05,3.31860441715e-05
83600,1.72821459216e-05,3.3146724132e-05
83700,1.72827548468e-05,3.31074963966e-05
83800,1.72833613417e-05,3.30683607005e-05
83900,1.72839655152e-05,3.30293167896e-05
84000,1.72845674711e-05,3.29903644074e-05
84100,1.72851672895e-05,3.29515032823e-05
84200,1.72857650171e-05,3.29127331212e-05
84300,1.72863606662e-05,3.28740536085e-05
84400,1.72869542259e-05,3.28354644144e-05
84500,1.72875456788e-05,3.27969652058e-05
84600,1.72881350201e-05,3.27585556604e-05
84700,1.72887222722e-05,3.27202354756e-05
84800,1.72893074906e-05,3.26820043728e-05
84900,1.72898907576e-05,3.26438620934e-05
85000,1.72904721709e-05,3.26058083899e-05
85100,1.72910518232e-05,3.25678430132e-05
85200,1.72916297873e-05,3.25299657013e-05
85300,1.72922061034e-05,3.24921761716e-05
85400,1.72927807803e-05,3.24544741214e-05
85500,1.72933538039e-05,3.2416859234e-05
85600,1.72939251524e-05,3.2379331189e-05
85700,1.72944948157e-05,3.23418896752e-05
85800,1.72950628082e-05,3.23045343996e-05
85900,1.72956291753e-05,3.22672650914e-05
86000,1.72961939891e-05,3.22300814989e-05
86100,1.72967573362e-05,3.21929833815e-05
86200,1.72973193004e-05,3.21559704976e-05
86300,1.72978799465e-05,3.21190425943e-05
86400,1.72984393108e-05,3.20821994006e-05
86500,1.72989973984e-05,3.20454406257e-05
86600,1.72995541922e-05,3.20087659655e-05
86700,1.73001096683e-05,3.19721751129e-05
86800,1.73006638113e-05,3.19356677676e-05
86900,1.7301216629e-05,3.18992436462e-05
87000,1.73017681585e-05,3.18629024863e-05
87100,1.7302318462e-05,3.18266440431e-05
87200,1.73028676167e-05,3.17904680831e-05
87300,1.7303415698e-05,3.17543743726e-05
87400,1.73039627647e-05,3.17183626678e-05
87500,1.73045088485e-05,3.16824327084e-05
87600,1.7305053952e-05,3.16465842158e-05
87700,1.73055980564e-05,3.16108168986e-05
87800,1.73061411354e-05,3.15751304621e-05
87900,1.73066831699e-05,3.15395246171e-05
88000,1.73072241619e-05,3.15039990903e-05
88100,1.7307764141e-05,3.14685536271e-05
88200,1.73083031612e-05,3.14331879905e-05
88300,1.73088412911e-05,3.13979019538e-05
88400,1.73093785984e-05,3.13626952912e-05
88500,1.73099151366e-05,3.1327567768e-05
88600,1.73104509335e-05,3.12925191344e-05
88700,1.73109859899e-05,3.12575491237e-05
88800,1.73115202859e-05,3.12226574571e-05
88900,1.73120537927e-05,3.11878438513e-05
89000,1.73125864891e-05,3.1153108029e-05
89100,1.73131183718e-05,3.11184497261e-05
89200,1.73136494644e-05,3.10838686967e-05
89300,1.73141798128e-05,3.1049364711e-05
89400,1.73147094779e-05,3.10149375494e-05
89500,1.73152385215e-05,3.0980586994e-05
89600,1.73157669914e-05,3.09463128192e-05
89700,1.73162949123e-05,3.09121147848e-05
89800,1.7316822284e-05,3.08779926364e-05
89900,1.73173490851e-05,3.08439461066e-05
90000,1.73178752862e-05,3.08099749242e-05
90100,1.73184008631e-05,3.07760788226e-05
90200,1.73189258091e-05,3.07422575476e-05
90300,1.73194501417e-05,3.07085108614e-05
90400,1.73199739002e-05,3.06748385415e-05
90500,1.73204971387e-05,3.06412403757e-05
90600,1.7321019913e-05,3.06077161538e-05
90700,1.73215422662e-05,3.05742656584e-05
90800,1.73220642208e-05,3.05408886599e-05
90900,1.73225857746e-05,3.05075849143e-05
91000,1.73231069066e-05,3.04743541664e-05
91100,1.73236275861e-05,3.04411961562e-05
91200,1.73241477871e-05,3.04081106276e-05
91300,1.73246674998e-05,3.0375097336e-05
91400,1.7325186736e-05,3.03421560517e-05
91500,1.73257055301e-05,3.03092865598e-05
91600,1.73262239293e-05,3.0276488655e-05
91700,1.73267419841e-05,3.02437621346e-05
91800,1.73272597338e-05,3.02111067898e-05
91900,1.73277771985e-05,3.01785224005e-05
92000,1.73282943747e-05,3.01460087332e-05
92100,1.73288112413e-05,3.01135655438e-05
92200,1.73293277674e-05,3.00811925836e-05
92300,1.73298439257e-05,3.00488896068e-05
92400,1.73303597032e-05,3.0016656378e-05
92500,1.7330875108e-05,2.99844926759e-05
92600,1.73313901684e-05,2.99523982924e-05
92700,1.73319049266e-05,2.99203730294e-05
92800,1.73324194277e-05,2.98884166913e-05
92900,1.73329337077e-05,2.98565290776e-05
93000,1.73334477846e-05,2.98247099777e-05
93100,1.73339616542e-05,2.97929591679e-05
93200,1.73344752952e-05,2.97612764151e-05
93300,1.73349886769e-05,2.9729661481e-05
93400,1.73355017708e-05,2.96981141301e-05
93500,1.73360145618e-05,2.96666341359e-05
93600,1.73365270539e-05,2.96352212848e-05
93700,1.73370392706e-05,2.96038753763e-05
93800,1.73375512498e-05,2.95725962191e-05
93900,1.73380630316e-05,2.95413836246e-05
94000,1.73385746485e-05,2.95102374e-05
94100,1.73390861171e-05,2.94791573436e-05
94200,1.73395974324e-05,2.94481432417e-05
94300,1.73401085736e-05,2.94171948712e-05
94400,1.73406195097e-05,2.93863120042e-05
94500,1.73411302121e-05,2.93554944151e-05
94600,1.73416406633e-05,2.93247418859e-05
94700,1.73421508643e-05,2.9294054211e-05
94800,1.73426608346e-05,2.92634311967e-05
94900,1.73431706069e-05,2.92328726585e-05
95000,1.7343680218e-05,2.92023784147e-05
95100,1.73441896969e-05,2.917194828e-05
95200,1.73446990589e-05,2.91415820615e-05
95300,1.73452082988e-05,2.91112795545e-05
95400,1.73457173955e-05,2.90810405458e-05
95500,1.73462263193e-05,2.90508648177e-05
95600,1.73467350404e-05,2.90207521535e-05
95700,1.73472435404e-05,2.89907023441e-05
95800,1.73477518173e-05,2.89607151915e-05
95900,1.73482598869e-05,2.89307905088e-05
96000,1.73487677779e-05,2.89009281179e-05
96100,1.73492755229e-05,2.88711278438e-05
96200,1.73497831491e-05,2.88413895087e-05
96300,1.73502906697e-05,2.88117129276e-05
96400,1.73507980797e-05,2.87820979049e-05
96500,1.73513053587e-05,2.87525442371e-05
96600,1.73518124772e-05,2.87230517157e-05
96700,1.73523194053e-05,2.86936201329e-05
96800,1.73528261236e-05,2.86642492883e-05
96900,1.7353332628e-05,2.86349389911e-05
97000,1.73538389306e-05,2.8605689061e-05
97100,1.73543450567e-05,2.85764993264e-05
97200,1.73548510358e-05,2.85473696189e-05
97300,1.73553568923e-05,2.85182997677e-05
97400,1.73558626384e-05,2.84892895954e-05
97500,1.73563682692e-05,2.84603389153e-05
97600,1.7356873765e-05,2.84314475327e-05
97700,1.73573790967e-05,2.84026152482e-05
97800,1.73578842353e-05,2.83738418633e-05
97900,1.735838916e-05,2.8345127185e-05
98000,1.73588938647e-05,2.83164710298e-05
98100,1.73593983591e-05,2.82878732243e-05
98200,1.73599026648e-05,2.82593336028e-05
98300,1.73604068087e-05,2.82308520033e-05
98400,1.73609108134e-05,2.8202428262e-05
98500,1.73614146897e-05,2.81740622087e-05
98600,1.73619184328e-05,2.81457536651e-05
98700,1.7362422024e-05,2.81175024452e-05
98800,1.73629254352e-05,2.80893083584e-05
98900,1.73634286375e-05,2.80611712143e-05
99000,1.736393161e-05,2.80330908282e-05
99100,1.73644343451e-05,2.80050670234e-05
99200,1.73649368496e-05,2.79770996329e-05
99300,1.73654391428e-05,2.79491884972e-05
99400,1.73659412488e-05,2.79213334602e-05
99500,1.73664431882e-05,2.78935343647e-05
99600,1.73669449714e-05,2.78657910479e-05
99700,1.73674465939e-05,2.78381033394e-05
99800,1.7367948038e-05,2.78104710615e-05
99900,1.73684492761e-05,2.77828940317e-05
100000,1.73689502808e-05,2.77553720683e-05
100100,1.73694510304e-05,2.77279049937e-05
100200,1.73699515164e-05,2.77004926384e-05
100300,1.73704517437e-05,2.76731348415e-05
100400,1.7370951729e-05,2.76458314494e-05
100500,1.73714514943e-05,2.76185823121e-05
100600,1.73719510586e-05,2.75913872786e-05
100700,1.73724504317e-05,2.75642461931e-05
100800,1.73729496095e-05,2.75371588926e-05
100900,1.73734485754e-05,2.75101252076e-05
101000,1.73739473039e-05,2.74831449641e-05
101100,1.73744457674e-05,2.74562179876e-05
101200,1.73749439451e-05,2.74293441083e-05
101300,1.7375441827e-05,2.74025231631e-05
101400,1.7375939417e-05,2.73757549974e-05
101500,1.73764367291e-05,2.73490394631e-05
101600,1.73769337841e-05,2.73223764164e-05
101700,1.73774305995e-05,2.72957657123e-05
101800,1.73779271847e-05,2.72692072016e-05
101900,1.73784235365e-05,2.72427007288e-05
102000,1.73789196391e-05,2.72162461318e-05
102100,1.73794154686e-05,2.71898432445e-05
102200,1.73799109988e-05,2.71634919002e-05
102300,1.73804062089e-05,2.71371919359e-05
102400,1.73809010886e-05,2.71109431952e-05
102500,1.73813956405e-05,2.70847455295e-05
102600,1.73818898777e-05,2.70585987967e-05
102700,1.73823838183e-05,2.70325028579e-05
102800,1.73828774794e-05,2.70064575745e-05
102900,1.73833708705e-05,2.69804628038e-05
103000,1.73838639888e-05,2.69545183972e-05
103100,1.738435682e-05,2.69286242e-05
103200,1.73848493415e-05,2.69027800534e-05
103300,1.73853415289e-05,2.68769857983e-05
103400,1.7385833362e-05,2.68512412787e-05
103500,1.73863248305e-05,2.68255463445e-05
103600,1.73868159356e-05,2.67999008527e-05
103700,1.73873066895e-05,2.67743046668e-05
103800,1.73877971092e-05,2.67487576538e-05
103900,1.73882872108e-05,2.67232596805e-05
104000,1.73887770038e-05,2.66978106104e-05
104100,1.73892664865e-05,2.66724103016e-05
104200,1.73897556462e-05,2.66470586066e-05
104300,1.73902444621e-05,2.66217553741e-05
104400,1.73907329114e-05,2.65965004519e-05
104500,1.73912209748e-05,2.65712936906e-05
104600,1.73917086416e-05,2.65461349463e-05
104700,1.73921959133e-05,2.65210240819e-05
104800,1.73926828006e-05,2.64959609662e-05
104900,1.73931693198e-05,2.64709454714e-05
105000,1.73936554865e-05,2.64459774699e-05
105100,1.73941413105e-05,2.64210568316e-05
105200,1.73946267912e-05,2.63961834206e-05
105300,1.73951119176e-05,2.63713570966e-05
105400,1.73955966708e-05,2.63465777149e-05
105500,1.73960810295e-05,2.63218451304e-05
105600,1.73965649756e-05,2.62971592002e-05
105700,1.73970484993e-05,2.62725197864e-05
105800,1.73975316017e-05,2.62479267575e-05
105900,1.73980142924e-05,2.62233799874e-05
106000,1.73984965874e-05,2.61988793536e-05
106100,1.73989785026e-05,2.61744247343e-05
106200,1.73994600471e-05,2.61500160042e-05
106300,1.73999412225e-05,2.61256530347e-05
106400,1.74004220192e-05,2.61013356913e-05
106500,1.74009024206e-05,2.60770638366e-05
106600,1.74013824067e-05,2.60528373315e-05
106700,1.74018619615e-05,2.602865604e-05
106800,1.74023410758e-05,2.60045198298e-05
106900,1.74028197499e-05,2.59804285746e-05
107000,1.74032979943e-05,2.59563821538e-05
107100,1.74037758237e-05,2.59323804498e-05
107200,1.74042532539e-05,2.59084233456e-05
107300,1.74047302957e-05,2.58845107223e-05
107400,1.74052069509e-05,2.58606424566e-05
107500,1.74056832124e-05,2.58368184206e-05
107600,1.74061590655e-05,2.58130384833e-05
107700,1.74066344928e-05,2.57893025123e-05
107800,1.74071094788e-05,2.57656103769e-05
107900,1.74075840158e-05,2.5741961951e-05
108000,1.74080581047e-05,2.57183571137e-05
108100,1.74085317551e-05,2.56947957489e-05
108200,1.74090049825e-05,2.56712777443e-05
108300,1.74094778023e-05,2.56478029879e-05
108400,1.74099502261e-05,2.56243713659e-05
108500,1.74104222572e-05,2.56009827609e-05
108600,1.74108938905e-05,2.55776370512e-05
108700,1.74113651135e-05,2.55543341116e-05
108800,1.74118359105e-05,2.5531073816e-05
108900,1.74123062682e-05,2.55078560396e-05
109000,1.741277618e-05,2.54846806619e-05
109100,1.7413245647e-05,2.54615475669e-05
109200,1.74137146794e-05,2.54384566435e-05
109300,1.7414183292e-05,2.54154077838e-05
109400,1.7414651501e-05,2.53924008808e-05
109500,1.74151193187e-05,2.5369435826e-05
109600,1.74155867501e-05,2.53465125074e-05
109700,1.74160537918e-05,2.53236308089e-05
109800,1.74165204335e-05,2.53007906113e-05
109900,1.74169866621e-05,2.52779917945e-05
110000,1.74174524659e-05,2.52552342393e-05
110100,1.74179178394e-05,2.52325178304e-05
110200,1.74183827842e-05,2.52098424566e-05
110300,1.74188473106e-05,2.51872080114e-05
110400,1.74193114341e-05,2.51646143917e-05
110500,1.74197751714e-05,2.51420614952e-05
110600,1.74202385354e-05,2.51195492181e-05
110700,1.74207015323e-05,2.50970774535e-05
110800,1.74211641611e-05,2.5074646091e-05
110900,1.74216264137e-05,2.5052255017e-05
111000,1.7422088279e-05,2.50299041169e-05
111100,1.74225497469e-05,2.50075932769e-05
111200,1.74230108137e-05,2.49853223868e-05
111300,1.74234714815e-05,2.49630913401e-05
111400,1.74239317608e-05,2.49409000348e-05
111500,1.74243916676e-05,2.49187483721e-05
111600,1.74248512189e-05,2.4896636254e-05
111700,1.74253104283e-05,2.48745635814e-05
111800,1.7425769304e-05,2.48525302524e-05
111900,1.74262278464e-05,2.48305361618e-05
112000,1.74266860498e-05,2.48085812014e-05
112100,1.7427143905e-05,2.47866652617e-05
112200,1.74276014041e-05,2.47647882344e-05
112300,1.74280585438e-05,2.47429500135e-05
112400,1.74285153278e-05,2.47211504974e-05
112500,1.74289717672e-05,2.46993895885e-05
112600,1.74294278773e-05,2.46776671916e-05
112700,1.74298836758e-05,2.46559832132e-05
112800,1.74303391779e-05,2.46343375586e-05
112900,1.74307943923e-05,2.46127301306e-05
113000,1.74312493215e-05,2.45911608286e-05
113100,1.74317039616e-05,2.45696295497e-05
113200,1.74321583055e-05,2.45481361892e-05
113300,1.74326123472e-05,2.45266806437e-05
113400,1.74330660844e-05,2.4505262812e-05
113500,1.74335195215e-05,2.44838825965e-05
113600,1.74339726699e-05,2.44625399034e-05
113700,1.74344255451e-05,2.44412346417e-05
113800,1.74348781658e-05,2.44199667219e-05
113900,1.74353305468e-05,2.43987360531e-05
114000,1.74357826986e-05,2.43775425424e-05
114100,1.74362346251e-05,2.43563860941e-05
114200,1.74366863243e-05,2.43352666098e-05
114300,1.74371377909e-05,2.43141839895e-05
114400,1.74375890204e-05,2.42931381344e-05
114500,1.74380400114e-05,2.42721289474e-05
114600,1.74384907692e-05,2.4251156335e-05
114700,1.74389413049e-05,2.42302202071e-05
114800,1.74393916349e-05,2.42093204763e-05
114900,1.74398417773e-05,2.41884570568e-05
115000,1.74402917477e-05,2.41676298614e-05
115100,1.74407415578e-05,2.41468388015e-05
115200,1.74411912125e-05,2.41260837854e-05
115300,1.74416407112e-05,2.41053647189e-05
115400,1.74420900505e-05,2.40846815067e-05
115500,1.74425392269e-05,2.40640340541e-05
115600,1.744298824e-05,2.40434222677e-05
115700,1.74434370954e-05,2.4022846058e-05
115800,1.74438858047e-05,2.40023053384e-05
115900,1.74443343838e-05,2.39818000247e-05
116000,1.74447828506e-05,2.39613300344e-05
116100,1.74452312212e-05,2.39408952839e-05
116200,1.74456795075e-05,2.39204956881e-05
116300,1.74461277163e-05,2.39001311595e-05
116400,1.74465758477e-05,2.38798016078e-05
116500,1.74470238995e-05,2.38595069417e-05
116600,1.7447471869e-05,2.38392470701e-05
116700,1.74479197572e-05,2.3819021904e-05
116800,1.74483675688e-05,2.37988313564e-05
116900,1.74488153163e-05,2.37786753445e-05
117000,1.74492630143e-05,2.3758553787e-05
117100,1.7449710681e-05,2.37384666043e-05
117200,1.74501583323e-05,2.37184137163e-05
117300,1.74506059806e-05,2.3698395041e-05
117400,1.74510536326e-05,2.36784104945e-05
117500,1.74515012902e-05,2.36584599902e-05
117600,1.74519489515e-05,2.36385434405e-05
117700,1.74523966153e-05,2.36186607581e-05
117800,1.74528442819e-05,2.35988118568e-05
117900,1.74532919568e-05,2.35789966533e-05
118000,1.7453739651e-05,2.35592150672e-05
118100,1.74541873794e-05,2.35394670202e-05
118200,1.74546351594e-05,2.35197524355e-05
118300,1.74550830066e-05,2.3500071236e-05
118400,1.74555309331e-05,2.34804233426e-05
118500,1.74559789461e-05,2.34608086745e-05
118600,1.7456427048e-05,2.34412271488e-05
118700,1.74568752377e-05,2.3421678681e-05
118800,1.74573235136e-05,2.34021631869e-05
118900,1.74577718768e-05,2.33826805836e-05
119000,1.74582203321e-05,2.33632307907e-05
119100,1.74586688898e-05,2.33438137302e-05
119200,1.74591175644e-05,2.33244293266e-05
119300,1.74595663715e-05,2.33050775054e-05
119400,1.74600153267e-05,2.3285758192e-05
119500,1.74604644415e-05,2.32664713104e-05
119600,1.74609137236e-05,2.32472167826e-05
119700,1.74613631747e-05,2.32279945284e-05
119800,1.74618127948e-05,2.3208804467e-05
119900,1.74622625818e-05,2.31896465166e-05
120000,1.74627125367e-05,2.31705205974e-05
120100,1.74631626633e-05,2.31514266311e-05
120200,1.74636129717e-05,2.31323645428e-05
120300,1.74640634742e-05,2.31133342587e-05
120400,1.74645141861e-05,2.30943357068e-05
120500,1.74649651221e-05,2.3075368815e-05
120600,1.74654162929e-05,2.30564335095e-05
120700,1.74658677055e-05,2.30375297151e-05
120800,1.7466319362e-05,2.30186573545e-05
120900,1.74667712614e-05,2.29998163491e-05
121000,1.74672234025e-05,2.29810066205e-05
121100,1.74676757848e-05,2.2962228091e-05
121200,1.74681284122e-05,2.2943480685e-05
121300,1.74685812925e-05,2.29247643293e-05
121400,1.74690344377e-05,2.29060789527e-05
121500,1.74694878614e-05,2.2887424485e-05
121600,1.74699415767e-05,2.28688008561e-05
121700,1.74703955936e-05,2.28502079946e-05
121800,1.74708499186e-05,2.28316458276e-05
121900,1.74713045534e-05,2.28131142805e-05
122000,1.74717594966e-05,2.27946132771e-05
122100,1.74722147464e-05,2.27761427415e-05
122200,1.74726703017e-05,2.27577025983e-05
122300,1.7473126165e-05,2.2739292774e-05
122400,1.74735823434e-05,2.27209131976e-05
122500,1.74740388467e-05,2.27025637996e-05
122600,1.74744956871e-05,2.26842445117e-05
122700,1.74749528766e-05,2.26659552657e-05
122800,1.7475410424e-05,2.26476959925e-05
122900,1.74758683349e-05,2.26294666213e-05
123000,1.74763266101e-05,2.26112670794e-05
123100,1.74767852479e-05,2.25930972935e-05
123200,1.74772442457e-05,2.25749571896e-05
123300,1.74777036017e-05,2.25568466946e-05
123400,1.74781633169e-05,2.25387657371e-05
123500,1.74786233969e-05,2.25207142477e-05
123600,1.74790838501e-05,2.25026921588e-05
123700,1.74795446867e-05,2.24846994037e-05
123800,1.74800059173e-05,2.24667359162e-05
123900,1.74804675496e-05,2.24488016287e-05
124000,1.7480929588e-05,2.24308964728e-05
124100,1.74813920325e-05,2.2413020378e-05
124200,1.74818548809e-05,2.23951732728e-05
124300,1.74823181291e-05,2.23773550853e-05
124400,1.74827817747e-05,2.23595657448e-05
124500,1.74832458176e-05,2.23418051815e-05
124600,1.74837102616e-05,2.23240733278e-05
124700,1.74841751131e-05,2.23063701176e-05
124800,1.74846403811e-05,2.2288695486e-05
124900,1.74851060741e-05,2.22710493683e-05
125000,1.74855721989e-05,2.22534316989e-05
125100,1.74860387578e-05,2.22358424107e-05
125200,1.74865057509e-05,2.22182814358e-05
125300,1.74869731748e-05,2.22007487045e-05
125400,1.74874410245e-05,2.21832441471e-05
125500,1.74879092964e-05,2.21657676944e-05
125600,1.74883779888e-05,2.21483192786e-05
125700,1.74888471042e-05,2.21308988337e-05
125800,1.74893166474e-05,2.21135062952e-05
125900,1.74897866252e-05,2.20961415995e-05
126000,1.7490257045e-05,2.20788046838e-05
126100,1.74907279114e-05,2.20614954839e-05
126200,1.74911992263e-05,2.20442139347e-05
126300,1.74916709884e-05,2.20269599698e-05
126400,1.74921431933e-05,2.20097335219e-05
126500,1.7492615835e-05,2.19925345228e-05
126600,1.74930889091e-05,2.19753629054e-05
126700,1.74935624126e-05,2.19582186035e-05
126800,1.7494036346e-05,2.19411015525e-05
126900,1.74945107126e-05,2.19240116896e-05
127000,1.74949855176e-05,2.19069489527e-05
127100,1.74954607665e-05,2.18899132803e-05
127200,1.74959364625e-05,2.18729046098e-05
127300,1.74964126065e-05,2.1855922878e-05
127400,1.74968891962e-05,2.18389680204e-05
127500,1.74973662258e-05,2.1822039971e-05
127600,1.74978436892e-05,2.1805138664e-05
127700,1.74983215804e-05,2.17882640339e-05
127800,1.7498799895e-05,2.17714160159e-05
127900,1.74992786321e-05,2.17545945473e-05
128000,1.74997577934e-05,2.17377995664e-05
128100,1.75002373827e-05,2.17210310129e-05
128200,1.75007174035e-05,2.17042888264e-05
128300,1.75011978582e-05,2.16875729463e-05
128400,1.75016787462e-05,2.16708833107e-05
128500,1.75021600638e-05,2.16542198568e-05
128600,1.75026418054e-05,2.16375825208e-05
128700,1.75031239631e-05,2.16209712384e-05
128800,1.75036065303e-05,2.16043859458e-05
128900,1.75040895016e-05,2.15878265801e-05
129000,1.75045728745e-05,2.15712930798e-05
129100,1.75050566495e-05,2.15547853851e-05
129200,1.75055408284e-05,2.15383034366e-05
129300,1.75060254135e-05,2.15218471756e-05
129400,1.75065104059e-05,2.15054165431e-05
129500,1.75069958043e-05,2.14890114789e-05
129600,1.7507481604e-05,2.14726319218e-05
129700,1.75079677982e-05,2.14562778098e-05
129800,1.75084543788e-05,2.14399490803e-05
129900,1.75089413384e-05,2.14236456715e-05
130000,1.75094286703e-05,2.14073675218e-05
130100,1.75099163711e-05,2.13911145716e-05
130200,1.75104044398e-05,2.13748867622e-05
130300,1.75108928767e-05,2.13586840359e-05
130400,1.75113816833e-05,2.13425063355e-05
130500,1.75118708596e-05,2.13263536034e-05
130600,1.75123604029e-05,2.13102257811e-05
130700,1.75128503083e-05,2.12941228091e-05
130800,1.75133405686e-05,2.12780446274e-05
130900,1.75138311749e-05,2.12619911751e-05
131000,1.7514322119e-05,2.12459623919e-05
131100,1.75148133937e-05,2.12299582182e-05
131200,1.75153049946e-05,2.12139785959e-05
131300,1.75157969195e-05,2.11980234677e-05
131400,1.75162891678e-05,2.11820927773e-05
131500,1.75167817402e-05,2.11661864695e-05
131600,1.75172746349e-05,2.11503044876e-05
131700,1.75177678499e-05,2.11344467754e-05
131800,1.7518261379e-05,2.11186132749e-05
131900,1.75187552147e-05,2.11028039277e-05
132000,1.75192493484e-05,2.10870186752e-05
132100,1.75197437706e-05,2.10712574585e-05
132200,1.75202384743e-05,2.10555202199e-05
132300,1.75207334541e-05,2.10398069027e-05
132400,1.75212287072e-05,2.10241174514e-05
132500,1.75217242321e-05,2.10084518114e-05
132600,1.75222200286e-05,2.09928099285e-05
132700,1.75227160951e-05,2.09771917484e-05
132800,1.7523212428e-05,2.09615972159e-05
132900,1.75237090219e-05,2.09460262752e-05
133000,1.75242058688e-05,2.09304788697e-05
133100,1.75247029601e-05,2.09149549426e-05
133200,1.75252002864e-05,2.08994544369e-05
133300,1.75256978402e-05,2.08839772966e-05
133400,1.75261956158e-05,2.08685234668e-05
133500,1.75266936101e-05,2.08530928935e-05
133600,1.7527191821e-05,2.08376855238e-05
133700,1.75276902477e-05,2.08223013051e-05
133800,1.75281888883e-05,2.08069401847e-05
133900,1.75286877398e-05,2.07916021095e-05
134000,1.7529186796e-05,2.07762870251e-05
134100,1.75296860494e-05,2.0760994877e-05
134200,1.75301854914e-05,2.07457256102e-05
134300,1.75306851135e-05,2.07304791699e-05
134400,1.75311849078e-05,2.07152555017e-05
134500,1.75316848685e-05,2.07000545523e-05
134600,1.7532184992e-05,2.06848762696e-05
134700,1.75326852769e-05,2.06697206024e-05
134800,1.75331857215e-05,2.06545874996e-05
134900,1.75336863239e-05,2.06394769102e-05
135000,1.75341870817e-05,2.06243887831e-05
135100,1.7534687989e-05,2.0609323066e-05
135200,1.7535189039e-05,2.0594279706e-05
135300,1.75356902228e-05,2.057925865e-05
135400,1.75361915326e-05,2.05642598451e-05
135500,1.7536692961e-05,2.05492832389e-05
135600,1.75371945023e-05,2.05343287799e-05
135700,1.75376961535e-05,2.05193964178e-05
135800,1.75381979122e-05,2.05044861027e-05
135900,1.75386997779e-05,2.04895977858e-05
136000,1.75392017489e-05,2.04747314177e-05
136100,1.75397038221e-05,2.04598869488e-05
136200,1.75402059933e-05,2.04450643289e-05
136300,1.75407082557e-05,2.04302635071e-05
136400,1.75412106016e-05,2.04154844323e-05
136500,1.75417130236e-05,2.04007270534e-05
136600,1.75422155144e-05,2.03859913199e-05
136700,1.75427180698e-05,2.03712771822e-05
136800,1.7543220686e-05,2.03565845916e-05
136900,1.75437233619e-05,2.03419135002e-05
137000,1.75442260962e-05,2.03272638605e-05
137100,1.75447288884e-05,2.03126356251e-05
137200,1.75452317361e-05,2.02980287464e-05
137300,1.75457346352e-05,2.02834431759e-05
137400,1.75462375801e-05,2.02688788646e-05
137500,1.75467405639e-05,2.02543357634e-05
137600,1.754724358e-05,2.02398138232e-05
137700,1.75477466219e-05,2.02253129952e-05
137800,1.75482496856e-05,2.02108332317e-05
137900,1.75487527681e-05,2.01963744857e-05
138000,1.75492558684e-05,2.01819367109e-05
138100,1.75497589863e-05,2.01675198618e-05
138200,1.75502621212e-05,2.01531238926e-05
138300,1.75507652716e-05,2.01387487573e-05
138400,1.75512684341e-05,2.01243944095e-05
138500,1.7551771604e-05,2.0110060802e-05
138600,1.75522747756e-05,2.00957478876e-05
138700,1.75527779426e-05,2.0081455619e-05
138800,1.75532810998e-05,2.00671839493e-05
138900,1.75537842435e-05,2.00529328326e-05
139000,1.75542873715e-05,2.00387022234e-05
139100,1.7554790483e-05,2.00244920773e-05
139200,1.75552935786e-05,2.00103023503e-05
139300,1.75557966581e-05,1.99961329983e-05
139400,1.75562997206e-05,1.99819839772e-05
139500,1.7556802764e-05,1.99678552423e-05
139600,1.75573057841e-05,1.99537467481e-05
139700,1.75578087758e-05,1.99396584493e-05
139800,1.75583117341e-05,1.99255903004e-05
139900,1.75588146547e-05,1.99115422563e-05
140000,1.75593175341e-05,1.98975142726e-05
140100,1.75598203709e-05,1.98835063056e-05
140200,1.75603231648e-05,1.98695183125e-05
140300,1.75608259167e-05,1.98555502508e-05
140400,1.75613286274e-05,1.98416020783e-05
140500,1.75618312962e-05,1.98276737521e-05
140600,1.7562333922e-05,1.98137652294e-05
140700,1.75628365009e-05,1.97998764665e-05
140800,1.75633390296e-05,1.97860074198e-05
140900,1.75638415032e-05,1.97721580453e-05
141000,1.75643439184e-05,1.97583282999e-05
141100,1.75648462721e-05,1.97445181405e-05
141200,1.75653485637e-05,1.97307275253e-05
141300,1.75658507932e-05,1.97169564127e-05
141400,1.7566352962e-05,1.97032047619e-05
141500,1.7566855071e-05,1.96894725319e-05
141600,1.75673571209e-05,1.96757596819e-05
141700,1.75678591103e-05,1.96620661702e-05
141800,1.75683610372e-05,1.96483919551e-05
141900,1.75688628978e-05,1.96347369943e-05
142000,1.75693646887e-05,1.96211012457e-05
142100,1.75698664068e-05,1.96074846674e-05
142200,1.75703680502e-05,1.95938872182e-05
142300,1.7570869618e-05,1.95803088575e-05
142400,1.75713711113e-05,1.95667495454e-05
142500,1.75718725313e-05,1.95532092422e-05
142600,1.75723738796e-05,1.95396879086e-05
142700,1.75728751569e-05,1.9526185505e-05
142800,1.75733763629e-05,1.95127019914e-05
142900,1.75738774959e-05,1.94992373276e-05
143000,1.75743785531e-05,1.94857914727e-05
143100,1.75748795319e-05,1.94723643863e-05
143200,1.75753804292e-05,1.94589560279e-05
143300,1.75758812435e-05,1.94455663575e-05
143400,1.75763819747e-05,1.94321953362e-05
143500,1.75768826241e-05,1.94188429252e-05
143600,1.75773831928e-05,1.94055090863e-05
143700,1.75778836832e-05,1.93921937815e-05
143800,1.7578384096e-05,1.93788969724e-05
143900,1.75788844318e-05,1.93656186207e-05
144000,1.75793846891e-05,1.93523586873e-05
144100,1.75798848656e-05,1.9339117133e-05
144200,1.75803849594e-05,1.93258939187e-05
144300,1.75808849677e-05,1.93126890051e-05
144400,1.75813848898e-05,1.92995023539e-05
144500,1.75818847251e-05,1.92863339271e-05
144600,1.75823844757e-05,1.92731836875e-05
144700,1.7582884143e-05,1.9260051598e-05
144800,1.75833837291e-05,1.92469376218e-05
144900,1.75838832355e-05,1.9233841722e-05
145000,1.75843826625e-05,1.92207638611e-05
145100,1.75848820095e-05,1.92077040018e-05
145200,1.7585381275e-05,1.91946621061e-05
145300,1.75858804567e-05,1.91816381362e-05
145400,1.75863795526e-05,1.91686320541e-05
145500,1.75868785623e-05,1.91556438229e-05
145600,1.75873774859e-05,1.91426734056e-05
145700,1.75878763245e-05,1.91297207663e-05
145800,1.75883750801e-05,1.91167858688e-05
145900,1.75888737553e-05,1.91038686778e-05
146000,1.75893723517e-05,1.90909691576e-05
146100,1.75898708695e-05,1.90780872718e-05
146200,1.75903693091e-05,1.90652229844e-05
146300,1.75908676684e-05,1.90523762584e-05
146400,1.75913659461e-05,1.90395470575e-05
146500,1.75918641406e-05,1.9026735345e-05
146600,1.75923622512e-05,1.90139410849e-05
146700,1.75928602786e-05,1.90011642417e-05
146800,1.75933582237e-05,1.89884047802e-05
146900,1.75938560886e-05,1.89756626656e-05
147000,1.75943538761e-05,1.89629378636e-05
147100,1.75948515875e-05,1.89502303394e-05
147200,1.75953492239e-05,1.89375400582e-05
147300,1.75958467854e-05,1.89248669849e-05
147400,1.75963442704e-05,1.89122110838e-05
147500,1.75968416776e-05,1.88995723195e-05
147600,1.75973390064e-05,1.88869506568e-05
147700,1.75978362557e-05,1.88743460607e-05
147800,1.7598333426e-05,1.88617584965e-05
147900,1.75988305185e-05,1.88491879304e-05
148000,1.75993275357e-05,1.88366343286e-05
148100,1.75998244797e-05,1.88240976576e-05
148200,1.76003213524e-05,1.8811577884e-05
148300,1.76008181549e-05,1.87990749738e-05
148400,1.7601314887e-05,1.8786588893e-05
148500,1.76018115483e-05,1.87741196072e-05
148600,1.76023081374e-05,1.87616670822e-05
148700,1.76028046529e-05,1.87492312834e-05
148800,1.76033010951e-05,1.87368121773e-05
148900,1.76037974638e-05,1.87244097301e-05
149000,1.76042937607e-05,1.8712023909e-05
149100,1.76047899877e-05,1.86996546811e-05
149200,1.7605286147e-05,1.8687302014e-05
149300,1.76057822408e-05,1.86749658752e-05
149400,1.760627827e-05,1.86626462318e-05
149500,1.7606774235e-05,1.86503430508e-05
149600,1.76072701351e-05,1.8638056299e-05
149700,1.76077659692e-05,1.86257859429e-05
149800,1.76082617364e-05,1.86135319494e-05
149900,1.76087574363e-05,1.86012942856e-05
150000,1.76092530692e-05,1.85890729189e-05
150100,1.76097486368e-05,1.85768678173e-05
150200,1.76102441409e-05,1.85646789491e-05
150300,1.76107395835e-05,1.85525062825e-05
150400,1.76112349668e-05,1.85403497861e-05
150500,1.76117302919e-05,1.8528209428e-05
150600,1.76122255592e-05,1.85160851763e-05
150700,1.7612720768e-05,1.85039769984e-05
150800,1.76132159176e-05,1.84918848623e-05
150900,1.7613711007e-05,1.84798087356e-05
151000,1.76142060363e-05,1.84677485865e-05
151100,1.76147010051e-05,1.84557043831e-05
151200,1.76151959153e-05,1.84436760946e-05
151300,1.76156907687e-05,1.84316636899e-05
151400,1.76161855674e-05,1.84196671384e-05
151500,1.76166803132e-05,1.84076864093e-05
151600,1.76171750073e-05,1.83957214718e-05
151700,1.76176696501e-05,1.83837722948e-05
151800,1.76181642414e-05,1.8371838847e-05
151900,1.76186587804e-05,1.83599210971e-05
152000,1.76191532662e-05,1.83480190136e-05
152100,1.76196476982e-05,1.83361325656e-05
152200,1.76201420775e-05,1.83242617224e-05
152300,1.76206364046e-05,1.83124064536e-05
152400,1.76211306816e-05,1.83005667294e-05
152500,1.76216249105e-05,1.82887425197e-05
152600,1.76221190931e-05,1.82769337948e-05
152700,1.76226132305e-05,1.82651405247e-05
152800,1.76231073236e-05,1.82533626792e-05
152900,1.76236013718e-05,1.8241600228e-05
153000,1.76240953741e-05,1.82298531404e-05
153100,1.76245893304e-05,1.82181213863e-05
153200,1.76250832398e-05,1.82064049353e-05
153300,1.76255771031e-05,1.81947037577e-05
153400,1.76260709211e-05,1.8183017824e-05
153500,1.76265646955e-05,1.81713471049e-05
153600,1.76270584284e-05,1.81596915715e-05
153700,1.76275521214e-05,1.81480511948e-05
153800,1.76280457759e-05,1.81364259455e-05
153900,1.76285393922e-05,1.81248157945e-05
154000,1.76290329702e-05,1.81132207122e-05
154100,1.76295265093e-05,1.8101640669e-05
154200,1.76300200085e-05,1.80900756353e-05
154300,1.76305134678e-05,1.80785255819e-05
154400,1.76310068874e-05,1.80669904797e-05
154500,1.7631500268e-05,1.80554703e-05
154600,1.7631993612e-05,1.80439650146e-05
154700,1.76324869204e-05,1.80324745951e-05
154800,1.76329801951e-05,1.80209990132e-05
154900,1.76334734376e-05,1.80095382408e-05
155000,1.7633966648e-05,1.79980922492e-05
155100,1.76344598264e-05,1.79866610099e-05
155200,1.7634952972e-05,1.7975244494e-05
155300,1.76354460843e-05,1.7963842673e-05
155400,1.7635939163e-05,1.79524555182e-05
155500,1.76364322083e-05,1.79410830015e-05
155600,1.76369252208e-05,1.79297250949e-05
155700,1.76374182027e-05,1.79183817709e-05
155800,1.7637911155e-05,1.79070530019e-05
155900,1.76384040794e-05,1.78957387605e-05
156000,1.76388969772e-05,1.78844390191e-05
156100,1.7639389849e-05,1.787315375e-05
156200,1.76398826949e-05,1.78618829256e-05
156300,1.76403755137e-05,1.78506265177e-05
156400,1.76408683051e-05,1.78393844984e-05
156500,1.7641361069e-05,1.78281568401e-05
156600,1.76418538053e-05,1.78169435153e-05
156700,1.76423465151e-05,1.78057444969e-05
156800,1.76428391993e-05,1.77945597578e-05
156900,1.76433318596e-05,1.77833892714e-05
157000,1.7643824498e-05,1.77722330111e-05
157100,1.7644317115e-05,1.77610909499e-05
157200,1.76448097115e-05,1.7749963061e-05
157300,1.76453022873e-05,1.77388493173e-05
157400,1.7645794842e-05,1.77277496916e-05
157500,1.76462873747e-05,1.77166641569e-05
157600,1.76467798855e-05,1.77055926862e-05
157700,1.76472723742e-05,1.76945352526e-05
157800,1.76477648415e-05,1.76834918299e-05
157900,1.76482572889e-05,1.76724623917e-05
158000,1.76487497176e-05,1.76614469121e-05
158100,1.76492421292e-05,1.76504453651e-05
158200,1.76497345248e-05,1.76394577246e-05
158300,1.76502269049e-05,1.76284839645e-05
158400,1.76507192694e-05,1.76175240584e-05
158500,1.76512116178e-05,1.76065779798e-05
158600,1.76517039495e-05,1.75956457025e-05
158700,1.76521962643e-05,1.75847272003e-05
158800,1.76526885623e-05,1.7573822447e-05
158900,1.76531808439e-05,1.75629314169e-05
159000,1.76536731105e-05,1.75520540847e-05
159100,1.76541653632e-05,1.75411904247e-05
159200,1.76546576034e-05,1.75303404119e-05
159300,1.76551498323e-05,1.75195040208e-05
159400,1.76556420503e-05,1.75086812259e-05
159500,1.76561342576e-05,1.74978720018e-05
159600,1.76566264535e-05,1.74870763227e-05
159700,1.76571186375e-05,1.74762941628e-05
159800,1.76576108092e-05,1.74655254968e-05
159900,1.76581029689e-05,1.74547702993e-05
160000,1.76585951167e-05,1.74440285452e-05
160100,1.76590872539e-05,1.74333002097e-05
160200,1.76595793821e-05,1.74225852681e-05
160300,1.76600715018e-05,1.74118836957e-05
160400,1.76605636146e-05,1.74011954679e-05
160500,1.76610557209e-05,1.739052056e-05
160600,1.76615478206e-05,1.73798589469e-05
160700,1.76620399134e-05,1.73692106038e-05
160800,1.76625319985e-05,1.73585755056e-05
160900,1.76630240756e-05,1.73479536275e-05
161000,1.7663516145e-05,1.7337344945e-05
161100,1.76640082071e-05,1.73267494335e-05
161200,1.76645002626e-05,1.73161670689e-05
161300,1.76649923128e-05,1.73055978271e-05
161400,1.76654843588e-05,1.72950416841e-05
161500,1.76659764018e-05,1.72844986159e-05
161600,1.76664684423e-05,1.72739685985e-05
161700,1.76669604798e-05,1.72634516074e-05
161800,1.76674525147e-05,1.72529476187e-05
161900,1.76679445457e-05,1.72424566077e-05
162000,1.7668436573e-05,1.72319785505e-05
162100,1.76689285961e-05,1.72215134229e-05
162200,1.76694206158e-05,1.72110612013e-05
162300,1.76699126328e-05,1.7200621862e-05
162400,1.76704046482e-05,1.71901953817e-05
162500,1.76708966633e-05,1.7179781737e-05
162600,1.76713886786e-05,1.71693809043e-05
162700,1.76718806951e-05,1.71589928604e-05
162800,1.76723727124e-05,1.71486175817e-05
162900,1.76728647303e-05,1.71382550444e-05
163000,1.76733567481e-05,1.71279052249e-05
163100,1.76738487657e-05,1.71175680998e-05
163200,1.76743407833e-05,1.71072436457e-05
163300,1.76748328006e-05,1.70969318392e-05
163400,1.76753248186e-05,1.70866326576e-05
163500,1.76758168385e-05,1.7076346078e-05
163600,1.76763088613e-05,1.70660720776e-05
163700,1.76768008877e-05,1.70558106336e-05
163800,1.76772929183e-05,1.70455617232e-05
163900,1.7677784953e-05,1.70353253234e-05
164000,1.76782769917e-05,1.70251014114e-05
164100,1.7678769034e-05,1.7014889964e-05
164200,1.7679261079e-05,1.70046909582e-05
164300,1.7679753127e-05,1.69945043714e-05
164400,1.7680245178e-05,1.6984330181e-05
164500,1.76807372334e-05,1.69741683646e-05
164600,1.76812292932e-05,1.69640188999e-05
164700,1.76817213591e-05,1.69538817649e-05
164800,1.76822134317e-05,1.69437569372e-05
164900,1.76827055113e-05,1.69336443947e-05
165000,1.76831975982e-05,1.6923544115e-05
165100,1.76836896918e-05,1.69134560757e-05
165200,1.76841817918e-05,1.69033802544e-05
165300,1.76846738978e-05,1.68933166289e-05
165400,1.76851660099e-05,1.68832651769e-05
165500,1.7685658128e-05,1.68732258764e-05
165600,1.76861502531e-05,1.68631987057e-05
165700,1.76866423855e-05,1.6853183643e-05
165800,1.76871345267e-05,1.68431806667e-05
165900,1.76876266773e-05,1.68331897553e-05
166000,1.76881188376e-05,1.6823210887e-05
166100,1.76886110076e-05,1.68132440401e-05
166200,1.76891031873e-05,1.68032891929e-05
166300,1.7689595376e-05,1.67933463235e-05
166400,1.76900875737e-05,1.67834154102e-05
166500,1.76905797798e-05,1.67734964312e-05
166600,1.76910719947e-05,1.67635893653e-05
166700,1.76915642195e-05,1.67536941914e-05
166800,1.76920564542e-05,1.6743810888e-05
166900,1.76925486997e-05,1.67339394341e-05
167000,1.76930409572e-05,1.67240798088e-05
167100,1.76935332269e-05,1.6714231991e-05
167200,1.76940255087e-05,1.67043959593e-05
167300,1.76945178028e-05,1.66945716928e-05
167400,1.76950101082e-05,1.66847591699e-05
167500,1.76955024248e-05,1.66749583696e-05
167600,1.76959947528e-05,1.66651692711e-05
167700,1.7696487092e-05,1.66553918531e-05
167800,1.76969794427e-05,1.66456260951e-05
167900,1.76974718061e-05,1.66358719764e-05
168000,1.76979641828e-05,1.66261294766e-05
168100,1.76984565734e-05,1.66163985751e-05
168200,1.76989489786e-05,1.66066792514e-05
168300,1.76994413981e-05,1.65969714847e-05
168400,1.76999338315e-05,1.65872752544e-05
168500,1.77004262793e-05,1.65775905401e-05
168600,1.77009187404e-05,1.65679173208e-05
168700,1.77014112146e-05,1.65582555761e-05
168800,1.77019037025e-05,1.65486052857e-05
168900,1.77023962043e-05,1.65389664294e-05
169000,1.77028887206e-05,1.6529338987e-05
169100,1.77033812524e-05,1.65197229386e-05
169200,1.77038737999e-05,1.65101182642e-05
169300,1.77043663637e-05,1.65005249436e-05
169400,1.77048589442e-05,1.64909429569e-05
169500,1.77053515408e-05,1.64813722839e-05
169600,1.77058441534e-05,1.64718129046e-05
169700,1.77063367814e-05,1.64622647986e-05
169800,1.77068294247e-05,1.64527279461e-05
169900,1.77073220835e-05,1.64432023272e-05
170000,1.77078147582e-05,1.64336879222e-05
170100,1.77083074492e-05,1.64241847116e-05
170200,1.77088001574e-05,1.64146926757e-05
170300,1.77092928834e-05,1.64052117952e-05
170400,1.77097856275e-05,1.63957420505e-05
170500,1.77102783898e-05,1.6386283422e-05
170600,1.77107711704e-05,1.63768358902e-05
170700,1.77112639684e-05,1.63673994352e-05
170800,1.77117567835e-05,1.63579740376e-05
170900,1.77122496162e-05,1.6348559678e-05
171000,1.7712742466e-05,1.63391563369e-05
171100,1.77132353333e-05,1.63297639952e-05
171200,1.77137282188e-05,1.63203826337e-05
171300,1.77142211232e-05,1.63110122334e-05
171400,1.77147140465e-05,1.63016527752e-05
171500,1.77152069898e-05,1.62923042402e-05
171600,1.7715699953e-05,1.62829666093e-05
171700,1.77161929356e-05,1.62736398634e-05
171800,1.77166859379e-05,1.62643239834e-05
171900,1.77171789589e-05,1.62550189501e-05
172000,1.77176719988e-05,1.62457247445e-05
172100,1.77181650574e-05,1.62364413479e-05
172200,1.77186581352e-05,1.62271687413e-05
172300,1.77191512326e-05,1.62179069063e-05
172400,1.77196443501e-05,1.62086558243e-05
172500,1.77201374885e-05,1.61994154767e-05
172600,1.77206306481e-05,1.61901858449e-05
172700,1.77211238287e-05,1.61809669104e-05
172800,1.77216170305e-05,1.61717586545e-05
172900,1.7722110253e-05,1.61625610587e-05
173000,1.7722603496e-05,1.61533741042e-05
173100,1.77230967592e-05,1.61441977726e-05
173200,1.77235900424e-05,1.61350320455e-05
173300,1.77240833463e-05,1.61258769045e-05
173400,1.77245766711e-05,1.61167323316e-05
173500,1.77250700176e-05,1.61075983086e-05
173600,1.77255633858e-05,1.60984748173e-05
173700,1.77260567764e-05,1.60893618398e-05
173800,1.77265501896e-05,1.6080259358e-05
173900,1.77270436249e-05,1.60711673535e-05
174000,1.77275370824e-05,1.60620858084e-05
174100,1.77280305612e-05,1.60530147043e-05
174200,1.77285240619e-05,1.60439540233e-05
174300,1.77290175837e-05,1.60349037474e-05
174400,1.77295111274e-05,1.60258638589e-05
174500,1.77300046932e-05,1.60168343399e-05
174600,1.77304982816e-05,1.60078151727e-05
174700,1.7730991893e-05,1.59988063399e-05
174800,1.77314855279e-05,1.59898078236e-05
174900,1.77319791861e-05,1.59808196062e-05
175000,1.77324728679e-05,1.59718416701e-05
175100,1.77329665726e-05,1.59628739974e-05
175200,1.77334603e-05,1.59539165706e-05
175300,1.77339540502e-05,1.5944969372e-05
175400,1.77344478228e-05,1.59360323841e-05
175500,1.77349416179e-05,1.59271055894e-05
175600,1.77354354362e-05,1.59181889708e-05
175700,1.77359292781e-05,1.59092825109e-05
175800,1.77364231438e-05,1.59003861925e-05
175900,1.7736917034e-05,1.58914999984e-05
176000,1.77374109484e-05,1.58826239115e-05
176100,1.77379048869e-05,1.58737579143e-05
176200,1.77383988497e-05,1.58649019897e-05
176300,1.77388928359e-05,1.58560561204e-05
176400,1.77393868457e-05,1.58472202892e-05
176500,1.77398808788e-05,1.58383944791e-05
176600,1.77403749354e-05,1.58295786729e-05
176700,1.77408690159e-05,1.58207728539e-05
176800,1.77413631207e-05,1.58119770053e-05
176900,1.77418572503e-05,1.58031911102e-05
177000,1.77423514047e-05,1.57944151518e-05
177100,1.77428455842e-05,1.57856491134e-05
177200,1.77433397889e-05,1.57768929781e-05
177300,1.77438340178e-05,1.5768146729e-05
177400,1.77443282712e-05,1.57594103493e-05
177500,1.77448225489e-05,1.57506838223e-05
177600,1.77453168509e-05,1.57419671313e-05
177700,1.77458111766e-05,1.57332602596e-05
177800,1.7746305527e-05,1.57245631909e-05
177900,1.77467999023e-05,1.57158759086e-05
178000,1.77472943028e-05,1.57071983965e-05
178100,1.77477887289e-05,1.56985306382e-05
178200,1.77482831805e-05,1.56898726171e-05
178300,1.77487776577e-05,1.56812243169e-05
178400,1.77492721598e-05,1.56725857212e-05
178500,1.77497666871e-05,1.56639568135e-05
178600,1.7750261239e-05,1.56553375775e-05
178700,1.77507558155e-05,1.56467279969e-05
178800,1.77512504168e-05,1.56381280556e-05
178900,1.77517450428e-05,1.56295377374e-05
179000,1.77522396941e-05,1.56209570262e-05
179100,1.77527343713e-05,1.56123859063e-05
179200,1.77532290741e-05,1.56038243614e-05
179300,1.77537238029e-05,1.55952723756e-05
179400,1.77542185577e-05,1.5586729933e-05
179500,1.77547133376e-05,1.55781970173e-05
179600,1.77552081433e-05,1.55696736128e-05
179700,1.77557029737e-05,1.55611597032e-05
179800,1.77561978291e-05,1.55526552728e-05
179900,1.77566927096e-05,1.55441603059e-05
180000,1.77571876153e-05,1.55356747866e-05
180100,1.77576825465e-05,1.55271986994e-05
180200,1.77581775035e-05,1.55187320285e-05
180300,1.77586724864e-05,1.55102747584e-05
180400,1.77591674956e-05,1.55018268735e-05
180500,1.77596625306e-05,1.54933883581e-05
180600,1.77601575914e-05,1.54849591967e-05
180700,1.77606526778e-05,1.54765393735e-05
180800,1.77611477893e-05,1.54681288729e-05
180900,1.7761642926e-05,1.54597276795e-05
181000,1.77621380878e-05,1.54513357779e-05
181100,1.77626332748e-05,1.54429531527e-05
181200,1.77631284875e-05,1.54345797886e-05
181300,1.77636237261e-05,1.54262156703e-05
181400,1.77641189906e-05,1.54178607827e-05
181500,1.77646142813e-05,1.54095151105e-05
181600,1.77651095977e-05,1.54011786382e-05
181700,1.77656049404e-05,1.5392851351e-05
181800,1.77661003081e-05,1.53845332333e-05
181900,1.77665957013e-05,1.537622427e-05
182000,1.77670911195e-05,1.53679244459e-05
182100,1.77675865626e-05,1.53596337459e-05
182200,1.77680820312e-05,1.53513521552e-05
182300,1.77685775252e-05,1.53430796587e-05
182400,1.7769073045e-05,1.53348162416e-05
182500,1.77695685906e-05,1.5326561889e-05
182600,1.7770064162e-05,1.53183165859e-05
182700,1.77705597593e-05,1.53100803176e-05
182800,1.77710553822e-05,1.53018530691e-05
182900,1.77715510303e-05,1.52936348254e-05
183000,1.77720467037e-05,1.52854255719e-05
183100,1.7772542402e-05,1.52772252936e-05
183200,1.7773038125e-05,1.52690339758e-05
183300,1.77735338731e-05,1.5260851604e-05
183400,1.77740296462e-05,1.52526781634e-05
183500,1.7774525445e-05,1.52445136397e-05
183600,1.77750212692e-05,1.52363580183e-05
183700,1.77755171191e-05,1.52282112845e-05
183800,1.77760129944e-05,1.5220073424e-05
183900,1.7776508895e-05,1.52119444221e-05
184000,1.77770048206e-05,1.52038242642e-05
184100,1.77775007707e-05,1.51957129359e-05
184200,1.77779967456e-05,1.51876104228e-05
184300,1.7778492745e-05,1.51795167105e-05
184400,1.77789887689e-05,1.51714317847e-05
184500,1.77794848175e-05,1.5163355631e-05
184600,1.77799808913e-05,1.51552882354e-05
184700,1.778047699e-05,1.51472295836e-05
184800,1.77809731139e-05,1.51391796615e-05
184900,1.77814692627e-05,1.51311384548e-05
185000,1.77819654366e-05,1.51231059494e-05
185100,1.77824616346e-05,1.51150821309e-05
185200,1.7782957857e-05,1.51070669854e-05
185300,1.77834541035e-05,1.50990604986e-05
185400,1.77839503741e-05,1.50910626566e-05
185500,1.77844466686e-05,1.50830734452e-05
185600,1.77849429873e-05,1.50750928507e-05
185700,1.77854393304e-05,1.50671208593e-05
185800,1.77859356979e-05,1.50591574568e-05
185900,1.77864320898e-05,1.50512026296e-05
186000,1.77869285065e-05,1.50432563639e-05
186100,1.7787424947e-05,1.50353186455e-05
186200,1.77879214114e-05,1.50273894608e-05
186300,1.77884178996e-05,1.50194687959e-05
186400,1.77889144111e-05,1.5011556637e-05
186500,1.77894109459e-05,1.50036529704e-05
186600,1.77899075042e-05,1.49957577825e-05
186700,1.7790404086e-05,1.49878710596e-05
186800,1.77909006912e-05,1.49799927882e-05
186900,1.77913973205e-05,1.49721229548e-05
187000,1.77918939733e-05,1.49642615458e-05
187100,1.77923906497e-05,1.49564085476e-05
187200,1.77928873496e-05,1.49485639467e-05
187300,1.77933840726e-05,1.49407277296e-05
187400,1.77938808185e-05,1.49328998827e-05
187500,1.7794377587e-05,1.49250803927e-05
187600,1.77948743783e-05,1.49172692461e-05
187700,1.77953711919e-05,1.49094664295e-05
187800,1.77958680284e-05,1.49016719297e-05
187900,1.77963648876e-05,1.48938857334e-05
188000,1.77968617698e-05,1.48861078274e-05
188100,1.77973586747e-05,1.48783381985e-05
188200,1.77978556025e-05,1.48705768333e-05
188300,1.77983525529e-05,1.48628237188e-05
188400,1.77988495254e-05,1.48550788417e-05
188500,1.77993465201e-05,1.48473421887e-05
188600,1.77998435365e-05,1.48396137467e-05
188700,1.78003405748e-05,1.48318935027e-05
188800,1.78008376344e-05,1.48241814435e-05
188900,1.78013347162e-05,1.48164775563e-05
189000,1.78018318197e-05,1.4808781828e-05
189100,1.78023289452e-05,1.48010942457e-05
189200,1.78028260926e-05,1.47934147965e-05
189300,1.78033232618e-05,1.47857434675e-05
189400,1.78038204525e-05,1.47780802457e-05
189500,1.78043176646e-05,1.47704251182e-05
189600,1.78048148981e-05,1.47627780723e-05
189700,1.78053121523e-05,1.47551390948e-05
189800,1.78058094272e-05,1.47475081732e-05
189900,1.7806306723e-05,1.47398852946e-05
190000,1.78068040394e-05,1.47322704463e-05
190100,1.78073013768e-05,1.47246636157e-05
190200,1.7807798735e-05,1.47170647902e-05
190300,1.78082961143e-05,1.47094739571e-05
190400,1.78087935142e-05,1.47018911038e-05
190500,1.78092909349e-05,1.46943162177e-05
190600,1.78097883758e-05,1.4686749286e-05
190700,1.78102858369e-05,1.46791902964e-05
190800,1.7810783318e-05,1.46716392362e-05
190900,1.78112808186e-05,1.46640960927e-05
191000,1.78117783392e-05,1.46565608539e-05
191100,1.78122758795e-05,1.46490335069e-05
191200,1.78127734396e-05,1.46415140397e-05
191300,1.78132710196e-05,1.46340024398e-05
191400,1.78137686193e-05,1.46264986948e-05
191500,1.7814266239e-05,1.46190027924e-05
191600,1.78147638781e-05,1.46115147203e-05
191700,1.78152615368e-05,1.46040344663e-05
191800,1.78157592142e-05,1.45965620178e-05
191900,1.78162569107e-05,1.45890973627e-05
192000,1.78167546258e-05,1.45816404887e-05
192100,1.78172523597e-05,1.45741913837e-05
192200,1.78177501122e-05,1.45667500355e-05
192300,1.78182478837e-05,1.45593164322e-05
192400,1.78187456738e-05,1.45518905615e-05
192500,1.78192434827e-05,1.45444724114e-05
192600,1.78197413102e-05,1.45370619699e-05
192700,1.78202391565e-05,1.45296592249e-05
192800,1.78207370209e-05,1.45222641643e-05
192900,1.78212349036e-05,1.45148767763e-05
193000,1.78217328039e-05,1.45074970486e-05
193100,1.78222307219e-05,1.45001249694e-05
193200,1.78227286576e-05,1.44927605268e-05
193300,1.7823226611e-05,1.4485403709e-05
193400,1.78237245818e-05,1.44780545039e-05
193500,1.78242225708e-05,1.44707129002e-05
193600,1.7824720577e-05,1.44633788856e-05
193700,1.78252186012e-05,1.44560524486e-05
193800,1.78257166428e-05,1.44487335774e-05
193900,1.78262147016e-05,1.44414222601e-05
194000,1.78267127774e-05,1.44341184851e-05
194100,1.782721087e-05,1.44268222406e-05
194200,1.78277089794e-05,1.44195335149e-05
194300,1.78282071053e-05,1.44122522964e-05
194400,1.78287052478e-05,1.44049785735e-05
194500,1.78292034069e-05,1.43977123345e-05
194600,1.78297015829e-05,1.43904535682e-05
194700,1.78301997753e-05,1.43832022628e-05
194800,1.78306979847e-05,1.4375958407e-05
194900,1.78311962102e-05,1.4368721989e-05
195000,1.78316944521e-05,1.43614929975e-05
195100,1.78321927099e-05,1.43542714209e-05
195200,1.78326909836e-05,1.43470572479e-05
195300,1.78331892729e-05,1.43398504669e-05
195400,1.7833687578e-05,1.43326510666e-05
195500,1.78341858987e-05,1.43254590357e-05
195600,1.78346842349e-05,1.43182743628e-05
195700,1.78351825868e-05,1.43110970368e-05
195800,1.78356809545e-05,1.43039270463e-05
195900,1.78361793378e-05,1.42967643801e-05
196000,1.78366777364e-05,1.42896090268e-05
196100,1.78371761505e-05,1.42824609754e-05
196200,1.78376745796e-05,1.42753202145e-05
196300,1.78381730238e-05,1.4268186733e-05
196400,1.78386714824e-05,1.42610605195e-05
196500,1.78391699558e-05,1.42539415632e-05
196600,1.78396684438e-05,1.42468298528e-05
196700,1.78401669468e-05,1.42397253774e-05
196800,1.78406654644e-05,1.42326281258e-05
196900,1.78411639965e-05,1.42255380871e-05
197000,1.78416625436e-05,1.42184552504e-05
197100,1.78421611053e-05,1.42113796045e-05
197200,1.78426596813e-05,1.42043111385e-05
197300,1.78431582715e-05,1.41972498414e-05
197400,1.78436568756e-05,1.41901957022e-05
197500,1.78441554938e-05,1.41831487101e-05
197600,1.78446541259e-05,1.41761088542e-05
197700,1.78451527715e-05,1.41690761236e-05
197800,1.78456514312e-05,1.41620505075e-05
197900,1.78461501049e-05,1.41550319952e-05
198000,1.78466487924e-05,1.41480205758e-05
198100,1.78471474939e-05,1.41410162388e-05
198200,1.78476462088e-05,1.4134018973e-05
198300,1.78481449376e-05,1.41270287681e-05
198400,1.78486436797e-05,1.41200456132e-05
198500,1.78491424349e-05,1.41130694974e-05
198600,1.78496412035e-05,1.41061004104e-05
198700,1.78501399849e-05,1.40991383412e-05
198800,1.78506387795e-05,1.40921832795e-05
198900,1.78511375872e-05,1.40852352145e-05
199000,1.78516364081e-05,1.40782941359e-05
199100,1.78521352421e-05,1.4071360033e-05
199200,1.78526340893e-05,1.40644328953e-05
199300,1.78531329494e-05,1.40575127122e-05
199400,1.78536318223e-05,1.40505994734e-05
199500,1.78541307082e-05,1.40436931683e-05
199600,1.78546296066e-05,1.40367937864e-05
199700,1.78551285172e-05,1.40299013173e-05
199800,1.78556274404e-05,1.40230157506e-05
199900,1.78561263759e-05,1.40161370759e-05
200000,1.78566253241e-05,1.40092652829e-05
200100,1.78571242846e-05,1.40024003613e-05
200200,1.78576232573e-05,1.39955423007e-05
200300,1.78581222431e-05,1.39886910911e-05
200400,1.78586212409e-05,1.39818467219e-05
200500,1.7859120251e-05,1.39750091829e-05
200600,1.78596192733e-05,1.39681784639e-05
200700,1.78601183075e-05,1.39613545547e-05
200800,1.78606173537e-05,1.3954537445e-05
200900,1.78611164118e-05,1.39477271247e-05
201000,1.78616154816e-05,1.39409235836e-05
201100,1.78621145631e-05,1.39341268115e-05
201200,1.78626136569e-05,1.39273367986e-05
201300,1.78631127625e-05,1.39205535346e-05
201400,1.78636118801e-05,1.39137770095e-05
201500,1.78641110097e-05,1.39070072133e-05
201600,1.7864610151e-05,1.39002441359e-05
201700,1.78651093037e-05,1.38934877672e-05
201800,1.7865608468e-05,1.38867380972e-05
201900,1.78661076438e-05,1.3879995116e-05
202000,1.78666068309e-05,1.38732588136e-05
202100,1.78671060295e-05,1.38665291802e-05
202200,1.78676052396e-05,1.38598062057e-05
202300,1.78681044611e-05,1.38530898804e-05
202400,1.78686036942e-05,1.38463801944e-05
202500,1.7869102939e-05,1.3839677138e-05
202600,1.78696021948e-05,1.38329807009e-05
202700,1.78701014622e-05,1.38262908738e-05
202800,1.78706007408e-05,1.38196076466e-05
202900,1.78711000307e-05,1.38129310097e-05
203000,1.78715993315e-05,1.38062609531e-05
203100,1.78720986435e-05,1.37995974672e-05
203200,1.78725979665e-05,1.37929405423e-05
203300,1.78730973006e-05,1.37862901687e-05
203400,1.78735966457e-05,1.37796463367e-05
203500,1.78740960023e-05,1.37730090368e-05
203600,1.78745953699e-05,1.37663782593e-05
203700,1.78750947488e-05,1.37597539945e-05
203800,1.78755941386e-05,1.37531362329e-05
203900,1.78760935396e-05,1.37465249648e-05
204000,1.78765929514e-05,1.37399201807e-05
204100,1.78770923739e-05,1.37333218711e-05
204200,1.78775918073e-05,1.37267300263e-05
204300,1.78780912514e-05,1.37201446369e-05
204400,1.78785907065e-05,1.37135656935e-05
204500,1.78790901726e-05,1.37069931866e-05
204600,1.78795896496e-05,1.37004271067e-05
204700,1.78800891375e-05,1.36938674445e-05
204800,1.78805886365e-05,1.36873141905e-05
204900,1.78810881463e-05,1.36807673353e-05
205000,1.78815876669e-05,1.36742268696e-05
205100,1.78820871982e-05,1.36676927839e-05
205200,1.78825867402e-05,1.36611650689e-05
205300,1.7883086293e-05,1.36546437154e-05
205400,1.78835858562e-05,1.36481287139e-05
205500,1.78840854304e-05,1.36416200553e-05
205600,1.78845850153e-05,1.36351177303e-05
205700,1.7885084611e-05,1.36286217297e-05
205800,1.78855842175e-05,1.36221320442e-05
205900,1.78860838348e-05,1.36156486646e-05
206000,1.78865834632e-05,1.36091715818e-05
206100,1.7887083102e-05,1.36027007865e-05
206200,1.78875827517e-05,1.35962362697e-05
206300,1.78880824118e-05,1.35897780221e-05
206400,1.78885820826e-05,1.35833260345e-05
206500,1.78890817642e-05,1.35768802981e-05
206600,1.78895814561e-05,1.35704408035e-05
206700,1.78900811589e-05,1.35640075418e-05
206800,1.78905808725e-05,1.35575805041e-05
206900,1.78910805971e-05,1.35511596812e-05
207000,1.78915803323e-05,1.35447450641e-05
207100,1.78920800782e-05,1.35383366439e-05
207200,1.7892579835e-05,1.35319344115e-05
207300,1.78930796024e-05,1.3525538358e-05
207400,1.78935793806e-05,1.35191484745e-05
207500,1.78940791692e-05,1.35127647519e-05
207600,1.78945789684e-05,1.35063871814e-05
207700,1.78950787782e-05,1.3500015754e-05
207800,1.78955785992e-05,1.34936504612e-05
207900,1.78960784306e-05,1.34872912937e-05
208000,1.78965782732e-05,1.34809382431e-05
208100,1.78970781265e-05,1.34745913002e-05
208200,1.78975779905e-05,1.34682504564e-05
208300,1.78980778655e-05,1.34619157029e-05
208400,1.78985777511e-05,1.34555870309e-05
208500,1.78990776475e-05,1.34492644315e-05
208600,1.78995775544e-05,1.34429478961e-05
208700,1.7900077472e-05,1.34366374159e-05
208800,1.79005774007e-05,1.34303329824e-05
208900,1.790107734e-05,1.34240345867e-05
209000,1.79015772903e-05,1.34177422203e-05
209100,1.79020772514e-05,1.34114558745e-05
209200,1.79025772238e-05,1.34051755406e-05
209300,1.7903077207e-05,1.33989012101e-05
209400,1.79035772012e-05,1.33926328744e-05
209500,1.79040772062e-05,1.33863705247e-05
209600,1.79045772219e-05,1.33801141526e-05
209700,1.79050772486e-05,1.33738637495e-05
209800,1.7905577286e-05,1.33676193067e-05
209900,1.79060773342e-05,1.33613808159e-05
210000,1.7906577394e-05,1.33551482688e-05
210100,1.79070774646e-05,1.33489216565e-05
210200,1.79075775459e-05,1.33427009707e-05
210300,1.79080776386e-05,1.3336486203e-05
210400,1.79085777425e-05,1.33302773449e-05
210500,1.79090778574e-05,1.33240743881e-05
210600,1.79095779833e-05,1.33178773239e-05
210700,1.79100781201e-05,1.33116861442e-05
210800,1.79105782682e-05,1.33055008404e-05
210900,1.79110784274e-05,1.32993214044e-05
211000,1.79115785975e-05,1.32931478276e-05
211100,1.79120787788e-05,1.32869801018e-05
211200,1.79125789714e-05,1.32808182187e-05
211300,1.79130791754e-05,1.327466217e-05
211400,1.79135793906e-05,1.32685119474e-05
211500,1.79140796171e-05,1.32623675427e-05
211600,1.79145798548e-05,1.32562289476e-05
211700,1.79150801037e-05,1.32500961538e-05
211800,1.79155803639e-05,1.32439691532e-05
211900,1.79160806354e-05,1.32378479375e-05
212000,1.79165809183e-05,1.32317324986e-05
212100,1.79170812125e-05,1.32256228283e-05
212200,1.79175815179e-05,1.32195189184e-05
212300,1.79180818349e-05,1.32134207608e-05
212400,1.79185821634e-05,1.32073283474e-05
212500,1.79190825035e-05,1.32012416701e-05
212600,1.79195828552e-05,1.31951607209e-05
212700,1.79200832183e-05,1.31890854915e-05
212800,1.79205835928e-05,1.3183015974e-05
212900,1.79210839788e-05,1.31769521602e-05
213000,1.79215843763e-05,1.31708940422e-05
213100,1.79220847854e-05,1.31648416119e-05
213200,1.7922585206e-05,1.31587948613e-05
213300,1.79230856383e-05,1.31527537826e-05
213400,1.79235860823e-05,1.31467183676e-05
213500,1.7924086538e-05,1.31406886085e-05
213600,1.79245870055e-05,1.31346644972e-05
213700,1.79250874849e-05,1.3128646026e-05
213800,1.79255879761e-05,1.31226331869e-05
213900,1.79260884789e-05,1.31166259719e-05
214000,1.79265889932e-05,1.31106243731e-05
214100,1.79270895195e-05,1.31046283827e-05
214200,1.79275900576e-05,1.30986379929e-05
214300,1.79280906074e-05,1.30926531958e-05
214400,1.79285911695e-05,1.30866739836e-05
214500,1.7929091743e-05,1.30807003484e-05
214600,1.7929592329e-05,1.30747322827e-05
214700,1.79300929265e-05,1.30687697783e-05
214800,1.79305935363e-05,1.30628128278e-05
214900,1.79310941583e-05,1.30568614233e-05
215000,1.79315947922e-05,1.3050915557e-05
215100,1.7932095438e-05,1.30449752213e-05
215200,1.79325960957e-05,1.30390404083e-05
215300,1.79330967657e-05,1.30331111106e-05
215400,1.79335974476e-05,1.30271873202e-05
215500,1.79340981419e-05,1.30212690297e-05
215600,1.79345988481e-05,1.30153562312e-05
215700,1.79350995668e-05,1.30094489174e-05
215800,1.79356002977e-05,1.30035470804e-05
215900,1.79361010411e-05,1.29976507128e-05
216000,1.79366017965e-05,1.29917598068e-05
216100,1.79371025644e-05,1.29858743549e-05
216200,1.79376033445e-05,1.29799943496e-05
216300,1.79381041366e-05,1.29741197832e-05
216400,1.79386049414e-05,1.29682506483e-05
216500,1.79391057581e-05,1.29623869372e-05
216600,1.79396065876e-05,1.29565286426e-05
216700,1.79401074295e-05,1.2950675757e-05
216800,1.79406082838e-05,1.29448282728e-05
216900,1.79411091506e-05,1.29389861825e-05
217000,1.79416100302e-05,1.29331494788e-05
217100,1.79421109223e-05,1.29273181543e-05
217200,1.79426118269e-05,1.29214922013e-05
217300,1.7943112744e-05,1.29156716125e-05
217400,1.79436136738e-05,1.29098563807e-05
217500,1.79441146158e-05,1.29040464982e-05
217600,1.79446155705e-05,1.28982419577e-05
217700,1.7945116538e-05,1.2892442752e-05
217800,1.79456175182e-05,1.28866488737e-05
217900,1.79461185112e-05,1.28808603155e-05
218000,1.79466195167e-05,1.28750770699e-05
218100,1.79471205355e-05,1.28692991298e-05
218200,1.79476215668e-05,1.28635264878e-05
218300,1.7948122611e-05,1.28577591367e-05
218400,1.79486236678e-05,1.28519970691e-05
218500,1.79491247375e-05,1.28462402779e-05
218600,1.79496258199e-05,1.28404887557e-05
218700,1.79501269156e-05,1.28347424954e-05
218800,1.79506280238e-05,1.28290014897e-05
218900,1.79511291452e-05,1.28232657315e-05
219000,1.79516302793e-05,1.28175352136e-05
219100,1.79521314266e-05,1.28118099287e-05
219200,1.79526325871e-05,1.28060898699e-05
219300,1.79531337603e-05,1.28003750298e-05
219400,1.79536349467e-05,1.27946654013e-05
219500,1.79541361463e-05,1.27889609774e-05
219600,1.79546373585e-05,1.27832617509e-05
219700,1.79551385841e-05,1.27775677147e-05
219800,1.79556398226e-05,1.27718788617e-05
219900,1.79561410745e-05,1.27661951849e-05
220000,1.79566423393e-05,1.27605166772e-05
220100,1.79571436175e-05,1.27548433317e-05
220200,1.79576449089e-05,1.27491751411e-05
220300,1.79581462137e-05,1.27435120987e-05
220400,1.79586475316e-05,1.27378541972e-05
220500,1.79591488628e-05,1.27322014298e-05
220600,1.79596502073e-05,1.27265537894e-05
220700,1.7960151565e-05,1.2720911269e-05
220800,1.79606529361e-05,1.27152738619e-05
220900,1.79611543203e-05,1.27096415608e-05
221000,1.79616557179e-05,1.2704014359e-05
221100,1.79621571291e-05,1.26983922496e-05
221200,1.79626585536e-05,1.26927752256e-05
221300,1.79631599915e-05,1.26871632801e-05
221400,1.79636614428e-05,1.26815564063e-05
221500,1.79641629079e-05,1.26759545973e-05
221600,1.79646643864e-05,1.26703578463e-05
221700,1.79651658783e-05,1.26647661463e-05
221800,1.79656673835e-05,1.26591794906e-05
221900,1.79661689023e-05,1.26535978722e-05
222000,1.79666704345e-05,1.26480212846e-05
222100,1.79671719804e-05,1.26424497207e-05
222200,1.796767354e-05,1.2636883174e-05
222300,1.7968175113e-05,1.26313216375e-05
222400,1.79686766998e-05,1.26257651046e-05
222500,1.79691783001e-05,1.26202135685e-05
222600,1.79696799144e-05,1.26146670225e-05
222700,1.79701815421e-05,1.26091254597e-05
222800,1.79706831836e-05,1.26035888736e-05
222900,1.79711848385e-05,1.25980572574e-05
223000,1.79716865071e-05,1.25925306045e-05
223100,1.79721881897e-05,1.25870089081e-05
223200,1.79726898858e-05,1.25814921616e-05
223300,1.79731915958e-05,1.25759803584e-05
223400,1.79736933195e-05,1.25704734918e-05
223500,1.79741950572e-05,1.25649715553e-05
223600,1.79746968086e-05,1.25594745421e-05
223700,1.79751985738e-05,1.25539824457e-05
223800,1.7975700353e-05,1.25484952595e-05
223900,1.79762021459e-05,1.25430129769e-05
224000,1.79767039526e-05,1.25375355913e-05
224100,1.79772057732e-05,1.25320630962e-05
224200,1.79777076077e-05,1.25265954851e-05
224300,1.79782094562e-05,1.25211327514e-05
224400,1.79787113183e-05,1.25156748885e-05
224500,1.79792131946e-05,1.25102218901e-05
224600,1.79797150849e-05,1.25047737496e-05
224700,1.79802169891e-05,1.24993304604e-05
224800,1.79807189074e-05,1.24938920163e-05
224900,1.79812208396e-05,1.24884584105e-05
225000,1.79817227858e-05,1.24830296368e-05
225100,1.7982224746e-05,1.24776056887e-05
225200,1.79827267202e-05,1.24721865597e-05
225300,1.79832287084e-05,1.24667722434e-05
225400,1.79837307105e-05,1.24613627335e-05
225500,1.79842327268e-05,1.24559580234e-05
225600,1.79847347572e-05,1.2450558107e-05
225700,1.79852368019e-05,1.24451629777e-05
225800,1.79857388607e-05,1.24397726293e-05
225900,1.79862409334e-05,1.24343870553e-05
226000,1.79867430204e-05,1.24290062495e-05
226100,1.79872451214e-05,1.24236302055e-05
226200,1.79877472366e-05,1.24182589169e-05
226300,1.79882493658e-05,1.24128923775e-05
226400,1.79887515094e-05,1.24075305811e-05
226500,1.79892536669e-05,1.24021735212e-05
226600,1.79897558387e-05,1.23968211916e-05
226700,1.79902580248e-05,1.23914735862e-05
226800,1.79907602251e-05,1.23861306985e-05
226900,1.79912624396e-05,1.23807925225e-05
227000,1.79917646684e-05,1.23754590518e-05
227100,1.79922669115e-05,1.23701302803e-05
227200,1.79927691686e-05,1.23648062017e-05
227300,1.79932714402e-05,1.23594868099e-05
227400,1.7993773726e-05,1.23541720987e-05
227500,1.79942760259e-05,1.23488620618e-05
227600,1.79947783401e-05,1.23435566931e-05
227700,1.79952806687e-05,1.23382559865e-05
227800,1.79957830116e-05,1.23329599359e-05
227900,1.79962853688e-05,1.2327668535e-05
228000,1.79967877405e-05,1.23223817779e-05
228100,1.79972901263e-05,1.23170996584e-05
228200,1.79977925266e-05,1.23118221703e-05
228300,1.79982949414e-05,1.23065493077e-05
228400,1.79987973705e-05,1.23012810644e-05
228500,1.79992998138e-05,1.22960174343e-05
228600,1.79998022712e-05,1.22907584113e-05
228700,1.80003047433e-05,1.22855039896e-05
228800,1.80008072297e-05,1.2280254163e-05
228900,1.80013097305e-05,1.22750089254e-05
229000,1.80018122459e-05,1.2269768271e-05
229100,1.80023147756e-05,1.22645321937e-05
229200,1.80028173197e-05,1.22593006874e-05
229300,1.80033198783e-05,1.22540737463e-05
229400,1.80038224513e-05,1.22488513643e-05
229500,1.80043250388e-05,1.22436335355e-05
229600,1.80048276405e-05,1.22384202539e-05
229700,1.80053302568e-05,1.22332115136e-05
229800,1.80058328874e-05,1.22280073086e-05
229900,1.80063355327e-05,1.22228076331e-05
230000,1.80068381924e-05,1.22176124811e-05
230100,1.80073408664e-05,1.22124218468e-05
230200,1.80078435551e-05,1.22072357242e-05
230300,1.80083462583e-05,1.22020541074e-05
230400,1.8008848976e-05,1.21968769907e-05
230500,1.80093517081e-05,1.21917043681e-05
230600,1.80098544549e-05,1.21865362338e-05
230700,1.80103572158e-05,1.21813725819e-05
230800,1.80108599915e-05,1.21762134066e-05
230900,1.80113627817e-05,1.21710587022e-05
231000,1.80118655861e-05,1.21659084627e-05
231100,1.80123684052e-05,1.21607626824e-05
231200,1.80128712392e-05,1.21556213556e-05
231300,1.80133740875e-05,1.21504844764e-05
231400,1.80138769503e-05,1.21453520391e-05
231500,1.80143798276e-05,1.21402240378e-05
231600,1.80148827196e-05,1.2135100467e-05
231700,1.80153856261e-05,1.21299813208e-05
231800,1.80158885473e-05,1.21248665935e-05
231900,1.8016391483e-05,1.21197562793e-05
232000,1.8016894433e-05,1.21146503726e-05
232100,1.80173973975e-05,1.21095488676e-05
232200,1.80179003769e-05,1.21044517588e-05
232300,1.80184033708e-05,1.20993590403e-05
232400,1.80189063792e-05,1.20942707066e-05
232500,1.80194094024e-05,1.2089186752e-05
232600,1.80199124401e-05,1.20841071708e-05
232700,1.80204154923e-05,1.20790319574e-05
232800,1.80209185592e-05,1.20739611061e-05
232900,1.80214216405e-05,1.20688946113e-05
233000,1.80219247364e-05,1.20638324675e-05
233100,1.8022427847e-05,1.2058774669e-05
233200,1.80229309722e-05,1.20537212102e-05
233300,1.80234341119e-05,1.20486720856e-05
233400,1.80239372663e-05,1.20436272895e-05
233500,1.80244404353e-05,1.20385868165e-05
233600,1.8024943619e-05,1.20335506609e-05
233700,1.80254468174e-05,1.20285188172e-05
233800,1.80259500304e-05,1.202349128e-05
233900,1.80264532579e-05,1.20184680435e-05
234000,1.80269565002e-05,1.20134491025e-05
234100,1.80274597566e-05,1.20084344511e-05
234200,1.80279630278e-05,1.20034240841e-05
234300,1.80284663138e-05,1.1998417996e-05
234400,1.80289696142e-05,1.19934161812e-05
234500,1.80294729297e-05,1.19884186344e-05
234600,1.80299762596e-05,1.198342535e-05
234700,1.8030479604e-05,1.19784363226e-05
234800,1.80309829632e-05,1.19734515467e-05
234900,1.80314863371e-05,1.1968471017e-05
235000,1.80319897253e-05,1.19634947279e-05
235100,1.80324931285e-05,1.19585226741e-05
235200,1.8032996546e-05,1.19535548502e-05
235300,1.80334999783e-05,1.19485912507e-05
235400,1.80340034253e-05,1.19436318704e-05
235500,1.80345068866e-05,1.19386767037e-05
235600,1.80350103629e-05,1.19337257454e-05
235700,1.80355138537e-05,1.19287789901e-05
235800,1.80360173592e-05,1.19238364324e-05
235900,1.80365208792e-05,1.1918898067e-05
236000,1.80370244141e-05,1.19139638886e-05
236100,1.80375279636e-05,1.19090338919e-05
236200,1.80380315274e-05,1.19041080714e-05
236300,1.80385351062e-05,1.1899186422e-05
236400,1.80390386994e-05,1.18942689383e-05
236500,1.80395423072e-05,1.18893556151e-05
236600,1.80400459296e-05,1.18844464469e-05
236700,1.80405495669e-05,1.18795414288e-05
236800,1.80410532188e-05,1.18746405553e-05
236900,1.80415568852e-05,1.18697438211e-05
237000,1.80420605665e-05,1.18648512211e-05
237100,1.80425642623e-05,1.185996275e-05
237200,1.80430679724e-05,1.18550784026e-05
237300,1.80435716973e-05,1.18501981736e-05
237400,1.80440754371e-05,1.1845322058e-05
237500,1.80445791913e-05,1.18404500503e-05
237600,1.80450829601e-05,1.18355821456e-05
237700,1.80455867436e-05,1.18307183385e-05
237800,1.80460905417e-05,1.1825858624e-05
237900,1.80465943545e-05,1.18210029968e-05
238000,1.8047098182e-05,1.18161514519e-05
238100,1.80476020239e-05,1.18113039839e-05
238200,1.80481058808e-05,1.1806460588e-05
238300,1.80486097519e-05,1.18016212588e-05
238400,1.80491136379e-05,1.17967859913e-05
238500,1.80496175384e-05,1.17919547803e-05
238600,1.80501214535e-05,1.17871276208e-05
238700,1.80506253831e-05,1.17823045076e-05
238800,1.80511293276e-05,1.17774854358e-05
238900,1.80516332865e-05,1.17726704002e-05
239000,1.80521372601e-05,1.17678593956e-05
239100,1.80526412483e-05,1.17630524172e-05
239200,1.8053145251e-05,1.17582494597e-05
239300,1.80536492686e-05,1.17534505183e-05
239400,1.80541533005e-05,1.17486555877e-05
239500,1.80546573471e-05,1.17438646631e-05
239600,1.80551614083e-05,1.17390777394e-05
239700,1.8055665484e-05,1.17342948115e-05
239800,1.80561695744e-05,1.17295158746e-05
239900,1.80566736793e-05,1.17247409235e-05
240000,1.8057177799e-05,1.17199699534e-05
240100,1.8057681933e-05,1.17152029591e-05
240200,1.80581860819e-05,1.17104399358e-05
240300,1.80586902453e-05,1.17056808786e-05
240400,1.80591944234e-05,1.17009257824e-05
240500,1.80596986159e-05,1.16961746423e-05
240600,1.80602028229e-05,1.16914274533e-05
240700,1.80607070444e-05,1.16866842105e-05
240800,1.80612112807e-05,1.16819449091e-05
240900,1.80617155315e-05,1.16772095441e-05
241000,1.80622197969e-05,1.16724781107e-05
241100,1.8062724077e-05,1.16677506038e-05
241200,1.80632283714e-05,1.16630270187e-05
241300,1.80637326805e-05,1.16583073504e-05
241400,1.8064237004e-05,1.16535915941e-05
241500,1.80647413424e-05,1.16488797449e-05
241600,1.8065245695e-05,1.16441717979e-05
241700,1.80657500623e-05,1.16394677484e-05
241800,1.80662544441e-05,1.16347675914e-05
241900,1.80667588405e-05,1.16300713223e-05
242000,1.80672632514e-05,1.1625378936e-05
242100,1.80677676768e-05,1.16206904278e-05
242200,1.80682721168e-05,1.16160057929e-05
242300,1.80687765714e-05,1.16113250266e-05
242400,1.80692810404e-05,1.16066481239e-05
242500,1.80697855241e-05,1.16019750802e-05
242600,1.80702900222e-05,1.15973058907e-05
242700,1.80707945348e-05,1.15926405505e-05
242800,1.80712990619e-05,1.15879790549e-05
242900,1.80718036036e-05,1.15833213993e-05
243000,1.80723081598e-05,1.15786675788e-05
243100,1.80728127303e-05,1.15740175886e-05
243200,1.80733173156e-05,1.15693714242e-05
243300,1.80738219152e-05,1.15647290807e-05
243400,1.80743265295e-05,1.15600905535e-05
243500,1.80748311582e-05,1.15554558377e-05
243600,1.80753358013e-05,1.15508249289e-05
243700,1.80758404591e-05,1.15461978221e-05
243800,1.80763451312e-05,1.15415745129e-05
243900,1.80768498179e-05,1.15369549964e-05
244000,1.8077354519e-05,1.15323392681e-05
244100,1.80778592347e-05,1.15277273233e-05
244200,1.80783639644e-05,1.15231191571e-05
244300,1.8078868709e-05,1.15185147653e-05
244400,1.8079373468e-05,1.1513914143e-05
244500,1.80798782416e-05,1.15093172856e-05
244600,1.80803830297e-05,1.15047241885e-05
244700,1.8080887832e-05,1.15001348471e-05
244800,1.80813926489e-05,1.14955492567e-05
244900,1.80818974801e-05,1.14909674128e-05
245000,1.80824023259e-05,1.14863893109e-05
245100,1.80829071862e-05,1.14818149462e-05
245200,1.80834120609e-05,1.14772443143e-05
245300,1.80839169499e-05,1.14726774105e-05
245400,1.80844218532e-05,1.14681142302e-05
245500,1.80849267713e-05,1.14635547691e-05
245600,1.80854317037e-05,1.14589990225e-05
245700,1.80859366504e-05,1.14544469858e-05
245800,1.80864416117e-05,1.14498986546e-05
245900,1.80869465873e-05,1.14453540242e-05
246000,1.80874515775e-05,1.14408130903e-05
246100,1.80879565818e-05,1.14362758483e-05
246200,1.80884616005e-05,1.14317422936e-05
246300,1.80889666339e-05,1.14272124218e-05
246400,1.80894716815e-05,1.14226862284e-05
246500,1.80899767437e-05,1.1418163709e-05
246600,1.80904818202e-05,1.1413644859e-05
246700,1.80909869109e-05,1.1409129674e-05
246800,1.80914920162e-05,1.14046181495e-05
246900,1.80919971358e-05,1.14001102812e-05
247000,1.80925022699e-05,1.13956060644e-05
247100,1.80930074181e-05,1.13911054948e-05
247200,1.8093512581e-05,1.13866085681e-05
247300,1.80940177579e-05,1.13821152796e-05
247400,1.80945229494e-05,1.13776256251e-05
247500,1.80950281554e-05,1.13731396001e-05
247600,1.80955333755e-05,1.13686572003e-05
247700,1.809603861e-05,1.13641784212e-05
247800,1.8096543859e-05,1.13597032584e-05
247900,1.80970491224e-05,1.13552317076e-05
248000,1.80975544e-05,1.13507637644e-05
248100,1.80980596918e-05,1.13462994244e-05
248200,1.80985649982e-05,1.13418386834e-05
248300,1.80990703189e-05,1.13373815368e-05
248400,1.80995756538e-05,1.13329279804e-05
248500,1.8100081003e-05,1.13284780099e-05
248600,1.81005863667e-05,1.13240316208e-05
248700,1.81010917445e-05,1.1319588809e-05
248800,1.81015971368e-05,1.131514957e-05
248900,1.81021025434e-05,1.13107138996e-05
249000,1.81026079643e-05,1.13062817935e-05
249100,1.81031133996e-05,1.13018532474e-05
249200,1.81036188488e-05,1.12974282568e-05
249300,1.81041243128e-05,1.12930068177e-05
249400,1.81046297908e-05,1.12885889258e-05
249500,1.81051352833e-05,1.12841745767e-05
249600,1.81056407899e-05,1.12797637661e-05
249700,1.81061463108e-05,1.127535649e-05
249800,1.81066518461e-05,1.12709527439e-05
249900,1.81071573957e-05,1.12665525237e-05
250000,1.81076629596e-05,1.12621558251e-05
250100,1.81081685375e-05,1.12577626438e-05
250200,1.810867413e-05,1.12533729759e-05
250300,1.81091797365e-05,1.12489868167e-05
250400,1.81096853574e-05,1.12446041624e-05
250500,1.81101909927e-05,1.12402250087e-05
250600,1.81106966423e-05,1.12358493513e-05
250700,1.81112023059e-05,1.12314771861e-05
250800,1.81117079836e-05,1.12271085088e-05
250900,1.81122136759e-05,1.12227433154e-05
251000,1.81127193824e-05,1.12183816017e-05
251100,1.81132251033e-05,1.12140233635e-05
251200,1.81137308381e-05,1.12096685966e-05
251300,1.81142365873e-05,1.12053172969e-05
251400,1.81147423508e-05,1.12009694602e-05
251500,1.81152481284e-05,1.11966250825e-05
251600,1.81157539202e-05,1.11922841595e-05
251700,1.81162597264e-05,1.11879466873e-05
251800,1.81167655467e-05,1.11836126616e-05
251900,1.81172713813e-05,1.11792820784e-05
252000,1.811777723e-05,1.11749549335e-05
252100,1.8118283093e-05,1.11706312229e-05
252200,1.81187889704e-05,1.11663109425e-05
252300,1.81192948617e-05,1.11619940881e-05
252400,1.81198007672e-05,1.11576806558e-05
252500,1.81203066871e-05,1.11533706414e-05
252600,1.81208126212e-05,1.11490640409e-05
252700,1.81213185695e-05,1.11447608503e-05
252800,1.81218245318e-05,1.11404610654e-05
252900,1.81223305084e-05,1.11361646823e-05
253000,1.81228364994e-05,1.11318716969e-05
253100,1.81233425042e-05,1.11275821051e-05
253200,1.81238485234e-05,1.1123295903e-05
253300,1.81243545569e-05,1.11190130866e-05
253400,1.81248606045e-05,1.11147336518e-05
253500,1.81253666662e-05,1.11104575946e-05
253600,1.81258727422e-05,1.11061849111e-05
253700,1.81263788321e-05,1.11019155971e-05
253800,1.81268849365e-05,1.10976496489e-05
253900,1.81273910551e-05,1.10933870623e-05
254000,1.81278971875e-05,1.10891278333e-05
254100,1.81284033344e-05,1.10848719582e-05
254200,1.81289094954e-05,1.10806194328e-05
254300,1.81294156706e-05,1.10763702532e-05
254400,1.81299218599e-05,1.10721244155e-05
254500,1.81304280631e-05,1.10678819156e-05
254600,1.81309342809e-05,1.10636427499e-05
254700,1.81314405126e-05,1.10594069141e-05
254800,1.81319467584e-05,1.10551744045e-05
254900,1.81324530184e-05,1.10509452171e-05
255000,1.81329592925e-05,1.1046719348e-05
255100,1.81334655809e-05,1.10424967934e-05
255200,1.81339718834e-05,1.10382775492e-05
255300,1.81344782e-05,1.10340616117e-05
255400,1.81349845306e-05,1.10298489769e-05
255500,1.81354908755e-05,1.1025639641e-05
255600,1.81359972346e-05,1.10214336e-05
255700,1.81365036076e-05,1.10172308502e-05
255800,1.81370099949e-05,1.10130313875e-05
255900,1.81375163963e-05,1.10088352083e-05
256000,1.81380228117e-05,1.10046423086e-05
256100,1.81385292415e-05,1.10004526847e-05
256200,1.81390356852e-05,1.09962663326e-05
256300,1.8139542143e-05,1.09920832485e-05
256400,1.81400486151e-05,1.09879034286e-05
256500,1.81405551011e-05,1.09837268691e-05
256600,1.81410616014e-05,1.09795535662e-05
256700,1.81415681156e-05,1.0975383516e-05
256800,1.81420746442e-05,1.09712167149e-05
256900,1.81425811868e-05,1.09670531588e-05
257000,1.81430877434e-05,1.09628928442e-05
257100,1.81435943141e-05,1.09587357671e-05
257200,1.81441008989e-05,1.09545819238e-05
257300,1.81446074981e-05,1.09504313107e-05
257400,1.81451141111e-05,1.09462839237e-05
257500,1.81456207384e-05,1.09421397593e-05
257600,1.81461273796e-05,1.09379988136e-05
257700,1.8146634035e-05,1.0933861083e-05
257800,1.81471407045e-05,1.09297265636e-05
257900,1.81476473881e-05,1.09255952518e-05
258000,1.81481540856e-05,1.09214671437e-05
258100,1.81486607975e-05,1.09173422357e-05
258200,1.81491675235e-05,1.09132205241e-05
258300,1.81496742633e-05,1.09091020051e-05
258400,1.81501810174e-05,1.0904986675e-05
258500,1.81506877855e-05,1.09008745302e-05
258600,1.81511945677e-05,1.08967655668e-05
258700,1.81517013639e-05,1.08926597813e-05
258800,1.81522081743e-05,1.088855717e-05
258900,1.81527149987e-05,1.08844577292e-05
259000,1.81532218374e-05,1.08803614552e-05
259100,1.81537286898e-05,1.08762683442e-05
259200,1.81542355566e-05,1.08721783928e-05
259300,1.81547424373e-05,1.08680915971e-05
259400,1.81552493321e-05,1.08640079536e-05
259500,1.81557562411e-05,1.08599274587e-05
259600,1.81562631643e-05,1.08558501086e-05
259700,1.81567701013e-05,1.08517758998e-05
259800,1.81572770524e-05,1.08477048285e-05
259900,1.81577840175e-05,1.08436368912e-05
260000,1.81582909971e-05,1.08395720844e-05
260100,1.81587979904e-05,1.08355104043e-05
260200,1.81593049978e-05,1.08314518473e-05
260300,1.81598120192e-05,1.08273964098e-05
260400,1.81603190549e-05,1.08233440884e-05
260500,1.81608261046e-05,1.08192948793e-05
260600,1.81613331684e-05,1.08152487789e-05
260700,1.81618402462e-05,1.08112057838e-05
260800,1.81623473381e-05,1.08071658903e-05
260900,1.81628544439e-05,1.08031290949e-05
261000,1.81633615639e-05,1.07990953939e-05
261100,1.8163868698e-05,1.07950647839e-05
261200,1.81643758461e-05,1.07910372613e-05
261300,1.81648830083e-05,1.07870128225e-05
261400,1.81653901845e-05,1.0782991464e-05
261500,1.81658973748e-05,1.07789731823e-05
261600,1.81664045794e-05,1.07749579738e-05
261700,1.81669117977e-05,1.0770945835e-05
261800,1.81674190302e-05,1.07669367625e-05
261900,1.81679262768e-05,1.07629307526e-05
262000,1.81684335375e-05,1.07589278018e-05
262100,1.81689408121e-05,1.07549279067e-05
262200,1.81694481008e-05,1.07509310638e-05
262300,1.81699554039e-05,1.07469372697e-05
262400,1.81704627206e-05,1.07429465206e-05
262500,1.81709700516e-05,1.07389588133e-05
262600,1.81714773966e-05,1.07349741442e-05
262700,1.81719847556e-05,1.07309925099e-05
262800,1.81724921287e-05,1.07270139068e-05
262900,1.81729995158e-05,1.07230383316e-05
263000,1.81735069173e-05,1.07190657808e-05
263100,1.81740143326e-05,1.07150962509e-05
263200,1.8174521762e-05,1.07111297385e-05
263300,1.81750292053e-05,1.07071662401e-05
263400,1.8175536663e-05,1.07032057524e-05
263500,1.81760441346e-05,1.06992482718e-05
263600,1.81765516202e-05,1.0695293795e-05
263700,1.81770591196e-05,1.06913423185e-05
263800,1.81775666336e-05,1.0687393839e-05
263900,1.81780741613e-05,1.06834483529e-05
264000,1.81785817034e-05,1.0679505857e-05
264100,1.81790892592e-05,1.06755663478e-05
264200,1.81795968291e-05,1.06716298219e-05
264300,1.81801044134e-05,1.0667696276e-05
264400,1.81806120115e-05,1.06637657066e-05
264500,1.81811196236e-05,1.06598381104e-05
264600,1.81816272499e-05,1.0655913484e-05
264700,1.81821348903e-05,1.06519918241e-05
264800,1.81826425446e-05,1.06480731272e-05
264900,1.8183150213e-05,1.064415739e-05
265000,1.81836578956e-05,1.06402446092e-05
265100,1.81841655921e-05,1.06363347814e-05
265200,1.81846733029e-05,1.06324279033e-05
265300,1.81851810276e-05,1.06285239715e-05
265400,1.81856887665e-05,1.06246229828e-05
265500,1.81861965193e-05,1.06207249337e-05
265600,1.81867042862e-05,1.0616829821e-05
265700,1.8187212067e-05,1.06129376413e-05
265800,1.81877198621e-05,1.06090483913e-05
265900,1.81882276713e-05,1.06051620678e-05
266000,1.81887354946e-05,1.06012786675e-05
266100,1.81892433318e-05,1.05973981869e-05
266200,1.81897511831e-05,1.05935206229e-05
266300,1.81902590485e-05,1.05896459721e-05
266400,1.8190766928e-05,1.05857742313e-05
266500,1.81912748218e-05,1.05819053972e-05
266600,1.81917827293e-05,1.05780394665e-05
266700,1.8192290651e-05,1.05741764359e-05
266800,1.81927985869e-05,1.05703163023e-05
266900,1.81933065368e-05,1.05664590623e-05
267000,1.81938145006e-05,1.05626047126e-05
267100,1.81943224787e-05,1.05587532501e-05
267200,1.81948304707e-05,1.05549046715e-05
267300,1.8195338477e-05,1.05510589735e-05
267400,1.81958464973e-05,1.0547216153e-05
267500,1.81963545318e-05,1.05433762066e-05
267600,1.819686258e-05,1.05395391312e-05
267700,1.81973706426e-05,1.05357049235e-05
267800,1.81978787192e-05,1.05318735804e-05
267900,1.81983868099e-05,1.05280450986e-05
268000,1.81988949147e-05,1.0524219475e-05
268100,1.81994030334e-05,1.05203967062e-05
268200,1.81999111664e-05,1.05165767892e-05
268300,1.82004193134e-05,1.05127597207e-05
268400,1.82009274746e-05,1.05089454976e-05
268500,1.82014356498e-05,1.05051341167e-05
268600,1.8201943839e-05,1.05013255747e-05
268700,1.82024520425e-05,1.04975198686e-05
268800,1.820296026e-05,1.04937169951e-05
268900,1.82034684915e-05,1.04899169511e-05
269000,1.82039767371e-05,1.04861197335e-05
269100,1.82044849969e-05,1.04823253391e-05
269200,1.82049932708e-05,1.04785337647e-05
269300,1.82055015587e-05,1.04747450072e-05
269400,1.82060098607e-05,1.04709590634e-05
269500,1.8206518177e-05,1.04671759304e-05
269600,1.82070265074e-05,1.04633956048e-05
269700,1.82075348518e-05,1.04596180836e-05
269800,1.82080432103e-05,1.04558433636e-05
269900,1.82085515827e-05,1.04520714418e-05
270000,1.82090599694e-05,1.0448302315e-05
270100,1.82095683701e-05,1.04445359801e-05
270200,1.82100767852e-05,1.04407724342e-05
270300,1.82105852141e-05,1.04370116738e-05
270400,1.82110936572e-05,1.04332536962e-05
270500,1.82116021146e-05,1.04294984981e-05
270600,1.82121105861e-05,1.04257460765e-05
270700,1.82126190715e-05,1.04219964282e-05
270800,1.8213127571e-05,1.04182495503e-05
270900,1.82136360848e-05,1.04145054396e-05
271000,1.82141446125e-05,1.04107640931e-05
271100,1.82146531545e-05,1.04070255078e-05
271200,1.82151617106e-05,1.04032896805e-05
271300,1.82156702808e-05,1.03995566082e-05
271400,1.82161788649e-05,1.03958262879e-05
271500,1.82166874633e-05,1.03920987165e-05
271600,1.8217196076e-05,1.03883738911e-05
271700,1.82177047026e-05,1.03846518085e-05
271800,1.82182133434e-05,1.03809324657e-05
271900,1.82187219984e-05,1.03772158597e-05
272000,1.82192306674e-05,1.03735019875e-05
272100,1.82197393505e-05,1.03697908461e-05
272200,1.8220248048e-05,1.03660824325e-05
272300,1.82207567593e-05,1.03623767435e-05
272400,1.82212654849e-05,1.03586737764e-05
272500,1.82217742246e-05,1.0354973528e-05
272600,1.82222829784e-05,1.03512759954e-05
272700,1.82227917464e-05,1.03475811756e-05
272800,1.82233005286e-05,1.03438890655e-05
272900,1.8223809325e-05,1.03401996623e-05
273000,1.82243181353e-05,1.03365129629e-05
273100,1.82248269601e-05,1.03328289644e-05
273200,1.82253357986e-05,1.03291476638e-05
273300,1.82258446515e-05,1.03254690581e-05
273400,1.82263535186e-05,1.03217931444e-05
273500,1.82268623996e-05,1.03181199197e-05
273600,1.82273712951e-05,1.03144493811e-05
273700,1.82278802044e-05,1.03107815256e-05
273800,1.82283891281e-05,1.03071163503e-05
273900,1.82288980658e-05,1.03034538523e-05
274000,1.82294070177e-05,1.02997940285e-05
274100,1.8229915984e-05,1.02961368763e-05
274200,1.82304249641e-05,1.02924823924e-05
274300,1.82309339584e-05,1.02888305741e-05
274400,1.82314429672e-05,1.02851814184e-05
274500,1.82319519898e-05,1.02815349225e-05
274600,1.82324610266e-05,1.02778910833e-05
274700,1.82329700776e-05,1.02742498981e-05
274800,1.82334791428e-05,1.02706113639e-05
274900,1.82339882222e-05,1.02669754779e-05
275000,1.82344973157e-05,1.0263342237e-05
275100,1.82350064234e-05,1.02597116385e-05
275200,1.82355155452e-05,1.02560836795e-05
275300,1.82360246813e-05,1.02524583571e-05
275400,1.82365338316e-05,1.02488356684e-05
275500,1.82370429959e-05,1.02452156105e-05
275600,1.82375521746e-05,1.02415981806e-05
275700,1.82380613673e-05,1.02379833759e-05
275800,1.82385705743e-05,1.02343711934e-05
275900,1.82390797953e-05,1.02307616303e-05
276000,1.82395890308e-05,1.02271546838e-05
276100,1.82400982802e-05,1.0223550351e-05
276200,1.82406075439e-05,1.02199486291e-05
276300,1.82411168217e-05,1.02163495152e-05
276400,1.82416261137e-05,1.02127530066e-05
276500,1.82421354199e-05,1.02091591004e-05
276600,1.82426447404e-05,1.02055677937e-05
276700,1.82431540749e-05,1.02019790837e-05
276800,1.82436634237e-05,1.01983929677e-05
276900,1.82441727867e-05,1.01948094428e-05
277000,1.82446821639e-05,1.01912285062e-05
277100,1.82451915552e-05,1.01876501551e-05
277200,1.82457009608e-05,1.01840743868e-05
277300,1.82462103807e-05,1.01805011983e-05
277400,1.82467198148e-05,1.0176930587e-05
277500,1.82472292629e-05,1.017336255e-05
277600,1.82477387252e-05,1.01697970846e-05
277700,1.82482482017e-05,1.01662341879e-05
277800,1.82487576925e-05,1.01626738572e-05
277900,1.82492671975e-05,1.01591160898e-05
278000,1.82497767167e-05,1.01555608828e-05
278100,1.825028625e-05,1.01520082335e-05
278200,1.82507957975e-05,1.01484581392e-05
278300,1.82513053596e-05,1.01449105971e-05
278400,1.82518149356e-05,1.01413656044e-05
278500,1.82523245258e-05,1.01378231583e-05
278600,1.82528341302e-05,1.01342832562e-05
278700,1.82533437489e-05,1.01307458954e-05
278800,1.82538533818e-05,1.0127211073e-05
278900,1.82543630289e-05,1.01236787863e-05
279000,1.82548726901e-05,1.01201490326e-05
279100,1.82553823657e-05,1.01166218092e-05
279200,1.82558920554e-05,1.01130971134e-05
279300,1.82564017596e-05,1.01095749425e-05
279400,1.82569114777e-05,1.01060552937e-05
279500,1.82574212101e-05,1.01025381643e-05
279600,1.82579309568e-05,1.00990235517e-05
279700,1.82584407177e-05,1.0095511453e-05
279800,1.82589504928e-05,1.00920018657e-05
279900,1.82594602825e-05,1.00884947872e-05
280000,1.82599700859e-05,1.00849902144e-05
280100,1.82604799034e-05,1.00814881449e-05
280200,1.82609897355e-05,1.00779885761e-05
280300,1.8261499582e-05,1.00744915052e-05
280400,1.82620094423e-05,1.00709969294e-05
280500,1.82625193172e-05,1.00675048463e-05
280600,1.82630292062e-05,1.00640152531e-05
280700,1.82635391095e-05,1.00605281471e-05
280800,1.82640490268e-05,1.00570435256e-05
280900,1.82645589586e-05,1.00535613862e-05
281000,1.82650689043e-05,1.00500817259e-05
281100,1.82655788646e-05,1.00466045423e-05
281200,1.82660888391e-05,1.00431298327e-05
281300,1.82665988276e-05,1.00396575944e-05
281400,1.82671088305e-05,1.00361878248e-05
281500,1.82676188478e-05,1.00327205214e-05
281600,1.82681288789e-05,1.00292556813e-05
281700,1.82686389247e-05,1.00257933021e-05
281800,1.82691489847e-05,1.00223333811e-05
281900,1.82696590587e-05,1.00188759157e-05
282000,1.82701691473e-05,1.00154209033e-05
282100,1.82706792499e-05,1.00119683412e-05
282200,1.82711893669e-05,1.00085182269e-05
282300,1.82716994981e-05,1.00050705577e-05
282400,1.82722096436e-05,1.00016253311e-05
282500,1.82727198032e-05,9.99818254449e-06
282600,1.8273229977e-05,9.9947421952e-06
282700,1.82737401653e-05,9.99130428074e-06
282800,1.82742503677e-05,9.98786879846e-06
282900,1.82747605846e-05,9.98443574585e-06
283000,1.82752708155e-05,9.98100512024e-06
283100,1.82757810609e-05,9.97757691913e-06
283200,1.82762913203e-05,9.97415113989e-06
283300,1.82768015939e-05,9.97072777997e-06
283400,1.82773118821e-05,9.96730683689e-06
283500,1.82778221844e-05,9.96388830802e-06
283600,1.82783325009e-05,9.96047219078e-06
283700,1.82788428318e-05,9.95705848268e-06
283800,1.82793531769e-05,9.95364718113e-06
283900,1.82798635361e-05,9.95023828358e-06
284000,1.82803739099e-05,9.94683178757e-06
284100,1.82808842978e-05,9.94342769046e-06
284200,1.82813947001e-05,9.9400259898e-06
284300,1.82819051164e-05,9.93662668298e-06
284400,1.82824155471e-05,9.93322976752e-06
284500,1.82829259922e-05,9.92983524092e-06
284600,1.82834364514e-05,9.92644310061e-06
284700,1.82839469251e-05,9.92305334414e-06
284800,1.82844574128e-05,9.91966596891e-06
284900,1.8284967915e-05,9.9162809725e-06
285000,1.82854784314e-05,9.91289835235e-06
285100,1.82859889622e-05,9.90951810598e-06
285200,1.82864995072e-05,9.90614023088e-06
285300,1.82870100664e-05,9.90276472456e-06
285400,1.82875206398e-05,9.8993915845e-06
285500,1.82880312279e-05,9.89602080833e-06
285600,1.82885418299e-05,9.8926523934e-06
285700,1.82890524462e-05,9.88928633731e-06
285800,1.82895630769e-05,9.88592263763e-06
285900,1.82900737218e-05,9.88256129179e-06
286000,1.82905843811e-05,9.87920229741e-06
286100,1.82910950546e-05,9.87584565196e-06
286200,1.82916057425e-05,9.87249135303e-06
286300,1.82921164446e-05,9.86913939809e-06
286400,1.8292627161e-05,9.86578978474e-06
286500,1.82931378918e-05,9.86244251054e-06
286600,1.82936486367e-05,9.85909757297e-06
286700,1.8294159396e-05,9.85575496964e-06
286800,1.82946701696e-05,9.8524146981e-06
286900,1.82951809575e-05,9.84907675591e-06
287000,1.82956917595e-05,9.84574114059e-06
287100,1.8296202576e-05,9.84240784978e-06
287200,1.82967134067e-05,9.83907688102e-06
287300,1.8297224252e-05,9.83574823192e-06
287400,1.82977351111e-05,9.83242189994e-06
287500,1.82982459849e-05,9.8290978828e-06
287600,1.82987568728e-05,9.825776178e-06
287700,1.8299267775e-05,9.82245678316e-06
287800,1.82997786915e-05,9.81913969586e-06
287900,1.83002896222e-05,9.81582491368e-06
288000,1.83008005675e-05,9.81251243429e-06
288100,1.83013115269e-05,9.80920225521e-06
288200,1.83018225007e-05,9.80589437408e-06
288300,1.83023334886e-05,9.80258878848e-06
288400,1.83028444911e-05,9.7992854961e-06
288500,1.83033555078e-05,9.79598449446e-06
288600,1.83038665389e-05,9.79268578125e-06
288700,1.83043775841e-05,9.78938935401e-06
288800,1.83048886436e-05,9.78609521043e-06
288900,1.83053997176e-05,9.78280334814e-06
289000,1.83059108056e-05,9.7795137647e-06
289100,1.83064219081e-05,9.77622645782e-06
289200,1.83069330251e-05,9.77294142516e-06
289300,1.83074441561e-05,9.76965866425e-06
289400,1.83079553017e-05,9.76637817286e-06
289500,1.83084664614e-05,9.76309994853e-06
289600,1.83089776353e-05,9.75982398894e-06
289700,1.83094888238e-05,9.75655029181e-06
289800,1.83100000264e-05,9.75327885471e-06
289900,1.83105112434e-05,9.75000967537e-06
290000,1.83110224748e-05,9.74674275141e-06
290100,1.83115337206e-05,9.74347808053e-06
290200,1.83120449804e-05,9.74021566034e-06
290300,1.83125562544e-05,9.73695548853e-06
290400,1.83130675432e-05,9.73369756286e-06
290500,1.83135788459e-05,9.7304418809e-06
290600,1.83140901631e-05,9.7271884404e-06
290700,1.83146014946e-05,9.72393723902e-06
290800,1.83151128405e-05,9.72068827448e-06
290900,1.83156242006e-05,9.71744154444e-06
291000,1.8316135575e-05,9.71419704658e-06
291100,1.83166469639e-05,9.71095477866e-06
291200,1.83171583668e-05,9.70771473829e-06
291300,1.83176697842e-05,9.70447692325e-06
291400,1.83181812162e-05,9.7012413313e-06
291500,1.83186926621e-05,9.69800796e-06
291600,1.83192041225e-05,9.69477680717e-06
291700,1.83197155973e-05,9.69154787051e-06
291800,1.83202270864e-05,9.68832114774e-06
291900,1.83207385897e-05,9.68509663655e-06
292000,1.83212501072e-05,9.68187433468e-06
292100,1.83217616393e-05,9.67865423992e-06
292200,1.83222731855e-05,9.67543634991e-06
292300,1.83227847462e-05,9.67222066247e-06
292400,1.83232963213e-05,9.66900717532e-06
292500,1.83238079106e-05,9.66579588616e-06
292600,1.83243195141e-05,9.66258679274e-06
292700,1.8324831132e-05,9.65937989284e-06
292800,1.83253427642e-05,9.65617518419e-06
292900,1.83258544109e-05,9.6529726646e-06
293000,1.83263660718e-05,9.64977233175e-06
293100,1.83268777471e-05,9.64657418345e-06
293200,1.83273894366e-05,9.64337821744e-06
293300,1.83279011406e-05,9.64018443151e-06
293400,1.83284128588e-05,9.6369928234e-06
293500,1.83289245914e-05,9.63380339092e-06
293600,1.83294363381e-05,9.63061613178e-06
293700,1.83299480992e-05,9.62743104382e-06
293800,1.83304598751e-05,9.62424812488e-06
293900,1.83309716649e-05,9.6210673726e-06
294000,1.8331483469e-05,9.61788878485e-06
294100,1.83319952876e-05,9.61471235942e-06
294200,1.83325071204e-05,9.61153809409e-06
294300,1.83330189676e-05,9.60836598668e-06
294400,1.83335308292e-05,9.60519603496e-06
294500,1.8334042705e-05,9.60202823675e-06
294600,1.83345545951e-05,9.59886258983e-06
294700,1.83350665e-05,9.59569909213e-06
294800,1.83355784185e-05,9.59253774123e-06
294900,1.8336090352e-05,9.5893785352e-06
295000,1.83366022994e-05,9.58622147167e-06
295100,1.83371142612e-05,9.58306654852e-06
295200,1.83376262374e-05,9.57991376361e-06
295300,1.8338138228e-05,9.57676311475e-06
295400,1.83386502329e-05,9.57361459975e-06
295500,1.83391622521e-05,9.57046821645e-06
295600,1.83396742857e-05,9.56732396271e-06
295700,1.83401863336e-05,9.56418183633e-06
295800,1.83406983958e-05,9.56104183516e-06
295900,1.83412104725e-05,9.55790395708e-06
296000,1.83417225633e-05,9.55476819989e-06
296100,1.83422346686e-05,9.55163456147e-06
296200,1.83427467882e-05,9.54850303967e-06
296300,1.83432589222e-05,9.54537363235e-06
296400,1.83437710703e-05,9.54224633732e-06
296500,1.83442832328e-05,9.53912115248e-06
296600,1.83447954097e-05,9.53599807573e-06
296700,1.8345307601e-05,9.5328771049e-06
296800,1.83458198066e-05,9.52975823787e-06
296900,1.83463320266e-05,9.52664147252e-06
297000,1.83468442609e-05,9.52352680671e-06
297100,1.83473565095e-05,9.5204142383e-06
297200,1.83478687725e-05,9.51730376523e-06
297300,1.83483810497e-05,9.51419538532e-06
297400,1.83488933414e-05,9.51108909652e-06
297500,1.83494056474e-05,9.50798489667e-06
297600,1.83499179677e-05,9.5048827837e-06
297700,1.83504303025e-05,9.50178275549e-06
297800,1.83509426514e-05,9.49868480992e-06
297900,1.83514550148e-05,9.49558894493e-06
298000,1.83519673926e-05,9.49249515841e-06
298100,1.83524797847e-05,9.48940344826e-06
298200,1.83529921911e-05,9.4863138124e-06
298300,1.83535046119e-05,9.48322624873e-06
298400,1.83540170469e-05,9.48014075516e-06
298500,1.83545294964e-05,9.47705732964e-06
298600,1.835504196e-05,9.47397597004e-06
298700,1.83555544382e-05,9.47089667436e-06
298800,1.83560669307e-05,9.46781944046e-06
298900,1.83565794375e-05,9.4647442663e-06
299000,1.83570919586e-05,9.4616711498e-06
299100,1.83576044941e-05,9.45860008892e-06
299200,1.83581170439e-05,9.45553108157e-06
299300,1.83586296081e-05,9.45246412569e-06
299400,1.83591421868e-05,9.44939921929e-06
299500,1.83596547797e-05,9.44633636022e-06
299600,1.83601673869e-05,9.44327554647e-06
299700,1.83606800083e-05,9.44021677596e-06
299800,1.83611926444e-05,9.43716004675e-06
299900,1.83617052946e-05,9.43410535668e-06
300000,1.83622179593e-05,9.43105270377e-06
300100,1.83627306382e-05,9.42800208596e-06
300200,1.83632433313e-05,9.42495350119e-06
300300,1.83637560392e-05,9.42190694754e-06
300400,1.83642687611e-05,9.41886242284e-06
300500,1.83647814976e-05,9.41581992517e-06
300600,1.83652942484e-05,9.41277945246e-06
300700,1.83658070133e-05,9.40974100265e-06
300800,1.83663197928e-05,9.4067045738e-06
300900,1.83668325866e-05,9.40367016385e-06
301000,1.83673453948e-05,9.4006377708e-06
301100,1.83678582171e-05,9.3976073926e-06
301200,1.83683710538e-05,9.39457902728e-06
301300,1.83688839051e-05,9.39155267288e-06
301400,1.83693967706e-05,9.38852832733e-06
301500,1.83699096506e-05,9.38550598867e-06
301600,1.83704225447e-05,9.38248565484e-06
301700,1.83709354534e-05,9.37946732393e-06
301800,1.83714483763e-05,9.37645099388e-06
301900,1.83719613135e-05,9.37343666274e-06
302000,1.83724742652e-05,9.37042432852e-06
302100,1.83729872312e-05,9.36741398921e-06
302200,1.83735002117e-05,9.3644056429e-06
302300,1.83740132063e-05,9.36139928749e-06
302400,1.83745262153e-05,9.35839492109e-06
302500,1.83750392389e-05,9.35539254177e-06
302600,1.83755522766e-05,9.35239214743e-06
302700,1.83760653287e-05,9.34939373619e-06
302800,1.83765783949e-05,9.34639730604e-06
302900,1.83770914759e-05,9.34340285509e-06
303000,1.83776045711e-05,9.34041038133e-06
303100,1.83781176805e-05,9.33741988277e-06
303200,1.83786308045e-05,9.33443135752e-06
303300,1.83791439427e-05,9.33144480358e-06
303400,1.83796570951e-05,9.328460219e-06
303500,1.83801702622e-05,9.3254776019e-06
303600,1.83806834436e-05,9.32249695029e-06
303700,1.83811966393e-05,9.31951826219e-06
303800,1.83817098493e-05,9.31654153571e-06
303900,1.83822230737e-05,9.31356676889e-06
304000,1.83827363124e-05,9.31059395979e-06
304100,1.83832495656e-05,9.30762310652e-06
304200,1.8383762833e-05,9.30465420709e-06
304300,1.83842761147e-05,9.30168725959e-06
304400,1.83847894108e-05,9.29872226214e-06
304500,1.83853027214e-05,9.29575921279e-06
304600,1.83858160463e-05,9.29279810961e-06
304700,1.83863293857e-05,9.28983895073e-06
304800,1.83868427391e-05,9.28688173412e-06
304900,1.83873561073e-05,9.28392645803e-06
305000,1.83878694897e-05,9.28097312043e-06
305100,1.83883828864e-05,9.27802171946e-06
305200,1.83888962973e-05,9.27507225316e-06
305300,1.83894097228e-05,9.27212471972e-06
305400,1.83899231626e-05,9.26917911717e-06
305500,1.83904366166e-05,9.26623544363e-06
305600,1.83909500851e-05,9.26329369722e-06
305700,1.8391463568e-05,9.26035387607e-06
305800,1.83919770652e-05,9.25741597824e-06
305900,1.83924905768e-05,9.25448000186e-06
306000,1.83930041029e-05,9.25154594509e-06
306100,1.83935176431e-05,9.24861380594e-06
306200,1.83940311977e-05,9.24568358264e-06
306300,1.83945447666e-05,9.24275527322e-06
306400,1.83950583501e-05,9.23982887593e-06
306500,1.83955719478e-05,9.23690438878e-06
306600,1.83960855599e-05,9.23398180997e-06
306700,1.83965991866e-05,9.23106113763e-06
306800,1.83971128272e-05,9.22814236982e-06
306900,1.83976264826e-05,9.22522550477e-06
307000,1.83981401522e-05,9.22231054059e-06
307100,1.83986538361e-05,9.21939747538e-06
307200,1.83991675343e-05,9.2164863073e-06
307300,1.8399681247e-05,9.21357703456e-06
307400,1.8400194974e-05,9.21066965524e-06
307500,1.84007087153e-05,9.20776416752e-06
307600,1.84012224711e-05,9.20486056955e-06
307700,1.84017362413e-05,9.20195885952e-06
307800,1.84022500257e-05,9.19905903552e-06
307900,1.84027638246e-05,9.19616109577e-06
308000,1.8403277638e-05,9.19326503843e-06
308100,1.84037914656e-05,9.19037086164e-06
308200,1.84043053075e-05,9.18747856356e-06
308300,1.84048191638e-05,9.18458814238e-06
308400,1.84053330345e-05,9.18169959629e-06
308500,1.84058469197e-05,9.17881292345e-06
308600,1.84063608193e-05,9.17592812207e-06
308700,1.84068747327e-05,9.1730451902e-06
308800,1.84073886611e-05,9.17016412623e-06
308900,1.84079026036e-05,9.16728492818e-06
309000,1.84084165606e-05,9.16440759431e-06
309100,1.84089305318e-05,9.16153212279e-06
309200,1.84094445176e-05,9.15865851184e-06
309300,1.84099585174e-05,9.15578675958e-06
309400,1.84104725318e-05,9.15291686429e-06
309500,1.84109865606e-05,9.15004882415e-06
309600,1.84115006038e-05,9.14718263735e-06
309700,1.84120146612e-05,9.14431830208e-06
309800,1.84125287332e-05,9.14145581659e-06
309900,1.84130428194e-05,9.13859517904e-06
310000,1.84135569202e-05,9.13573638768e-06
310100,1.8414071035e-05,9.13287944066e-06
310200,1.84145851644e-05,9.13002433628e-06
310300,1.84150993082e-05,9.12717107271e-06
310400,1.84156134663e-05,9.12431964817e-06
310500,1.84161276389e-05,9.12147006092e-06
310600,1.84166418258e-05,9.11862230913e-06
310700,1.84171560269e-05,9.11577639103e-06
310800,1.84176702425e-05,9.1129323049e-06
310900,1.84181844726e-05,9.11009004896e-06
311000,1.84186987168e-05,9.10724962139e-06
311100,1.84192129758e-05,9.10441102052e-06
311200,1.84197272489e-05,9.1015742445e-06
311300,1.84202415363e-05,9.09873929159e-06
311400,1.84207558382e-05,9.09590616006e-06
311500,1.84212701544e-05,9.09307484814e-06
311600,1.8421784485e-05,9.09024535409e-06
311700,1.84222988299e-05,9.08741767612e-06
311800,1.84228131894e-05,9.08459181255e-06
311900,1.84233275633e-05,9.0817677616e-06
312000,1.84238419513e-05,9.07894552148e-06
312100,1.84243563537e-05,9.07612509049e-06
312200,1.84248707705e-05,9.0733064669e-06
312300,1.84253852018e-05,9.07048964898e-06
312400,1.84258996475e-05,9.067674635e-06
312500,1.84264141075e-05,9.06486142319e-06
312600,1.8426928582e-05,9.06205001185e-06
312700,1.84274430708e-05,9.05924039922e-06
312800,1.8427957574e-05,9.05643258362e-06
312900,1.84284720914e-05,9.05362656325e-06
313000,1.84289866234e-05,9.05082233649e-06
313100,1.84295011697e-05,9.04801990155e-06
313200,1.84300157304e-05,9.04521925673e-06
313300,1.84305303054e-05,9.04242040032e-06
313400,1.84310448949e-05,9.03962333063e-06
313500,1.84315594988e-05,9.03682804591e-06
313600,1.8432074117e-05,9.03403454447e-06
313700,1.84325887494e-05,9.03124282457e-06
313800,1.84331033965e-05,9.02845288459e-06
313900,1.84336180578e-05,9.02566472275e-06
314000,1.84341327336e-05,9.02287833738e-06
314100,1.84346474238e-05,9.0200937268e-06
314200,1.84351621283e-05,9.01731088928e-06
314300,1.84356768473e-05,9.01452982315e-06
314400,1.84361915804e-05,9.01175052667e-06
314500,1.84367063283e-05,9.00897299827e-06
314600,1.84372210903e-05,9.00619723613e-06
314700,1.84377358667e-05,9.00342323862e-06
314800,1.84382506575e-05,9.00065100407e-06
314900,1.84387654629e-05,8.99788053082e-06
315000,1.84392802824e-05,8.99511181713e-06
315100,1.84397951163e-05,8.99234486134e-06
315200,1.84403099648e-05,8.98957966182e-06
315300,1.84408248276e-05,8.98681621687e-06
315400,1.84413397047e-05,8.98405452481e-06
315500,1.84418545962e-05,8.98129458398e-06
315600,1.84423695021e-05,8.97853639272e-06
315700,1.84428844225e-05,8.97577994938e-06
315800,1.84433993572e-05,8.97302525227e-06
315900,1.84439143063e-05,8.97027229976e-06
316000,1.84444292698e-05,8.96752109016e-06
316100,1.84449442478e-05,8.96477162186e-06
316200,1.844545924e-05,8.96202389315e-06
316300,1.84459742467e-05,8.95927790243e-06
316400,1.84464892678e-05,8.95653364805e-06
316500,1.84470043032e-05,8.95379112831e-06
316600,1.84475193532e-05,8.95105034164e-06
316700,1.84480344171e-05,8.94831128628e-06
316800,1.8448549496e-05,8.94557396077e-06
316900,1.84490645889e-05,8.94283836331e-06
317000,1.84495796965e-05,8.94010449237e-06
317100,1.84500948183e-05,8.93737234624e-06
317200,1.84506099545e-05,8.93464192334e-06
317300,1.84511251052e-05,8.93191322201e-06
317400,1.84516402701e-05,8.92918624061e-06
317500,1.84521554494e-05,8.92646097755e-06
317600,1.84526706435e-05,8.92373743124e-06
317700,1.84531858515e-05,8.92101559994e-06
317800,1.84537010741e-05,8.91829548214e-06
317900,1.84542163113e-05,8.9155770762e-06
318000,1.84547315626e-05,8.91286038045e-06
318100,1.84552468285e-05,8.91014539336e-06
318200,1.84557621086e-05,8.90743211324e-06
318300,1.84562774031e-05,8.9047205385e-06
318400,1.8456792712e-05,8.90201066757e-06
318500,1.84573080354e-05,8.89930249881e-06
318600,1.84578233732e-05,8.89659603065e-06
318700,1.84583387255e-05,8.89389126147e-06
318800,1.84588540919e-05,8.89118818963e-06
318900,1.8459369473e-05,8.88848681363e-06
319000,1.84598848685e-05,8.88578713179e-06
319100,1.84604002784e-05,8.88308914255e-06
319200,1.84609157025e-05,8.88039284428e-06
319300,1.8461431141e-05,8.87769823543e-06
319400,1.84619465941e-05,8.87500531444e-06
319500,1.84624620614e-05,8.87231407965e-06
319600,1.84629775432e-05,8.86962452953e-06
319700,1.84634930393e-05,8.86693666245e-06
319800,1.84640085502e-05,8.86425047695e-06
319900,1.84645240751e-05,8.8615659713e-06
320000,1.84650396147e-05,8.85888314405e-06
320100,1.84655551683e-05,8.85620199348e-06
320200,1.84660707365e-05,8.85352251816e-06
320300,1.84665863193e-05,8.85084471648e-06
320400,1.84671019163e-05,8.84816858684e-06
320500,1.8467617528e-05,8.84549412774e-06
320600,1.84681331536e-05,8.8428213375e-06
320700,1.84686487939e-05,8.84015021465e-06
320800,1.84691644484e-05,8.8374807576e-06
320900,1.84696801178e-05,8.83481296487e-06
321000,1.84701958014e-05,8.8321468348e-06
321100,1.84707114993e-05,8.82948236586e-06
321200,1.84712272116e-05,8.82681955652e-06
321300,1.84717429383e-05,8.8241584052e-06
321400,1.84722586793e-05,8.82149891035e-06
321500,1.84727744351e-05,8.81884107053e-06
321600,1.84732902049e-05,8.81618488403e-06
321700,1.84738059892e-05,8.8135303494e-06
321800,1.8474321788e-05,8.81087746512e-06
321900,1.84748376012e-05,8.80822622961e-06
322000,1.84753534289e-05,8.80557664134e-06
322100,1.84758692709e-05,8.80292869878e-06
322200,1.84763851274e-05,8.80028240041e-06
322300,1.84769009983e-05,8.79763774468e-06
322400,1.84774168836e-05,8.79499473007e-06
322500,1.84779327835e-05,8.79235335506e-06
322600,1.84784486973e-05,8.78971361806e-06
322700,1.8478964626e-05,8.78707551765e-06
322800,1.84794805687e-05,8.78443905221e-06
322900,1.8479996526e-05,8.78180422029e-06
323000,1.8480512498e-05,8.7791710204e-06
323100,1.8481028484e-05,8.77653945092e-06
323200,1.84815444847e-05,8.77390951042e-06
323300,1.84820604997e-05,8.77128119735e-06
323400,1.84825765294e-05,8.76865451025e-06
323500,1.84830925731e-05,8.76602944751e-06
323600,1.84836086315e-05,8.76340600773e-06
323700,1.84841247043e-05,8.76078418936e-06
323800,1.84846407913e-05,8.75816399086e-06
323900,1.84851568928e-05,8.75554541077e-06
324000,1.84856730088e-05,8.75292844762e-06
324100,1.84861891391e-05,8.75031309985e-06
324200,1.84867052841e-05,8.74769936604e-06
324300,1.84872214432e-05,8.74508724461e-06
324400,1.8487737617e-05,8.74247673415e-06
324500,1.84882538049e-05,8.73986783307e-06
324600,1.84887700074e-05,8.73726053999e-06
324700,1.84892862245e-05,8.73465485339e-06
324800,1.84898024557e-05,8.73205077173e-06
324900,1.84903187015e-05,8.72944829359e-06
325000,1.84908349617e-05,8.72684741748e-06
325100,1.84913512363e-05,8.72424814188e-06
325200,1.84918675254e-05,8.72165046539e-06
325300,1.84923838288e-05,8.71905438645e-06
325400,1.84929001467e-05,8.71645990364e-06
325500,1.84934164792e-05,8.7138670155e-06
325600,1.8493932826e-05,8.71127572051e-06
325700,1.84944491873e-05,8.70868601724e-06
325800,1.8494965563e-05,8.70609790422e-06
325900,1.84954819529e-05,8.70351137993e-06
326000,1.84959983574e-05,8.70092644298e-06
326100,1.84965147763e-05,8.69834309186e-06
326200,1.84970312096e-05,8.69576132515e-06
326300,1.84975476574e-05,8.69318114138e-06
326400,1.84980641195e-05,8.69060253909e-06
326500,1.84985805963e-05,8.68802551685e-06
326600,1.84990970875e-05,8.68545007319e-06
326700,1.8499613593e-05,8.68287620663e-06
326800,1.85001301129e-05,8.68030391574e-06
326900,1.85006466473e-05,8.6777331991e-06
327000,1.85011631962e-05,8.67516405525e-06
327100,1.85016797594e-05,8.67259648273e-06
327200,1.85021963371e-05,8.67003048011e-06
327300,1.85027129291e-05,8.66746604594e-06
327400,1.85032295357e-05,8.66490317882e-06
327500,1.85037461566e-05,8.66234187727e-06
327600,1.85042627919e-05,8.65978213988e-06
327700,1.8504779442e-05,8.65722396526e-06
327800,1.85052961063e-05,8.6546673519e-06
327900,1.85058127851e-05,8.6521122984e-06
328000,1.85063294783e-05,8.64955880333e-06
328100,1.8506846186e-05,8.6470068653e-06
328200,1.85073629079e-05,8.64445648281e-06
328300,1.85078796445e-05,8.64190765453e-06
328400,1.85083963955e-05,8.63936037898e-06
328500,1.85089131608e-05,8.63681465475e-06
328600,1.85094299406e-05,8.63427048043e-06
328700,1.85099467348e-05,8.63172785459e-06
328800,1.85104635435e-05,8.62918677585e-06
328900,1.85109803668e-05,8.62664724281e-06
329000,1.85114972043e-05,8.62410925399e-06
329100,1.85120140565e-05,8.62157280806e-06
329200,1.85125309229e-05,8.61903790353e-06
329300,1.85130478036e-05,8.61650453904e-06
329400,1.85135646991e-05,8.61397271323e-06
329500,1.85140816089e-05,8.61144242463e-06
329600,1.85145985332e-05,8.60891367189e-06
329700,1.85151154719e-05,8.60638645358e-06
329800,1.85156324251e-05,8.6038607683e-06
329900,1.85161493926e-05,8.60133661467e-06
330000,1.85166663747e-05,8.59881399132e-06
330100,1.85171833714e-05,8.59629289684e-06
330200,1.85177003824e-05,8.59377332982e-06
330300,1.85182174077e-05,8.59125528887e-06
330400,1.85187344475e-05,8.58873877263e-06
330500,1.85192515019e-05,8.58622377972e-06
330600,1.85197685704e-05,8.58371030869e-06
330700,1.85202856536e-05,8.58119835827e-06
330800,1.85208027514e-05,8.57868792703e-06
330900,1.85213198634e-05,8.57617901355e-06
331000,1.852183699e-05,8.57367161652e-06
331100,1.85223541312e-05,8.57116573455e-06
331200,1.85228712865e-05,8.5686613662e-06
331300,1.85233884564e-05,8.5661585102e-06
331400,1.85239056407e-05,8.5636571651e-06
331500,1.85244228397e-05,8.56115732959e-06
331600,1.85249400528e-05,8.55865900224e-06
331700,1.85254572807e-05,8.55616218178e-06
331800,1.85259745226e-05,8.55366686672e-06
331900,1.85264917794e-05,8.55117305583e-06
332000,1.85270090504e-05,8.54868074766e-06
332100,1.8527526336e-05,8.54618994091e-06
332200,1.8528043636e-05,8.54370063418e-06
332300,1.85285609505e-05,8.54121282614e-06
332400,1.85290782795e-05,8.53872651543e-06
332500,1.85295956227e-05,8.53624170066e-06
332600,1.85301129807e-05,8.53375838057e-06
332700,1.8530630353e-05,8.53127655373e-06
332800,1.85311477396e-05,8.52879621882e-06
332900,1.85316651409e-05,8.52631737452e-06
333000,1.85321825568e-05,8.52384001948e-06
333100,1.85326999867e-05,8.52136415228e-06
333200,1.85332174314e-05,8.5188897717e-06
333300,1.85337348903e-05,8.5164168763e-06
333400,1.85342523642e-05,8.51394546486e-06
333500,1.8534769852e-05,8.5114755359e-06
333600,1.85352873544e-05,8.50900708818e-06
333700,1.85358048715e-05,8.50654012036e-06
333800,1.85363224027e-05,8.50407463108e-06
333900,1.85368399485e-05,8.50161061902e-06
334000,1.85373575089e-05,8.49914808289e-06
334100,1.85378750835e-05,8.4966870213e-06
334200,1.85383926729e-05,8.49422743301e-06
334300,1.85389102766e-05,8.49176931661e-06
334400,1.85394278948e-05,8.48931267083e-06
334500,1.85399455274e-05,8.48685749433e-06
334600,1.85404631746e-05,8.48440378582e-06
334700,1.85409808364e-05,8.48195154399e-06
334800,1.85414985123e-05,8.47950076743e-06
334900,1.85420162028e-05,8.47705145493e-06
335000,1.85425339077e-05,8.47460360513e-06
335100,1.85430516271e-05,8.47215721674e-06
335200,1.85435693611e-05,8.46971228847e-06
335300,1.85440871095e-05,8.46726881897e-06
335400,1.85446048725e-05,8.46482680698e-06
335500,1.85451226497e-05,8.46238625113e-06
335600,1.85456404416e-05,8.45994715019e-06
335700,1.85461582481e-05,8.45750950286e-06
335800,1.85466760688e-05,8.45507330775e-06
335900,1.85471939038e-05,8.45263856361e-06
336000,1.85477117535e-05,8.4502052692e-06
336100,1.85482296177e-05,8.44777342316e-06
336200,1.85487474964e-05,8.44534302423e-06
336300,1.85492653896e-05,8.44291407113e-06
336400,1.85497832972e-05,8.44048656252e-06
336500,1.85503012193e-05,8.43806049715e-06
336600,1.85508191559e-05,8.43563587372e-06
336700,1.85513371067e-05,8.43321269092e-06
336800,1.85518550724e-05,8.43079094755e-06
336900,1.85523730525e-05,8.42837064226e-06
337000,1.8552891047e-05,8.42595177377e-06
337100,1.85534090559e-05,8.4235343408e-06
337200,1.85539270792e-05,8.42111834207e-06
337300,1.8554445117e-05,8.41870377633e-06
337400,1.85549631697e-05,8.41629064236e-06
337500,1.85554812364e-05,8.41387893874e-06
337600,1.85559993177e-05,8.41146866431e-06
337700,1.85565174137e-05,8.4090598178e-06
337800,1.85570355241e-05,8.40665239789e-06
337900,1.85575536488e-05,8.40424640332e-06
338000,1.85580717881e-05,8.40184183284e-06
338100,1.85585899418e-05,8.39943868518e-06
338200,1.85591081101e-05,8.3970369591e-06
338300,1.85596262926e-05,8.39463665328e-06
338400,1.856014449e-05,8.39223776657e-06
338500,1.85606627016e-05,8.3898402976e-06
338600,1.85611809277e-05,8.38744424516e-06
338700,1.85616991685e-05,8.38504960802e-06
338800,1.85622174237e-05,8.3826563849e-06
338900,1.85627356933e-05,8.38026457453e-06
339000,1.85632539776e-05,8.3778741757e-06
339100,1.85637722763e-05,8.37548518713e-06
339200,1.85642905893e-05,8.37309760754e-06
339300,1.85648089169e-05,8.37071143574e-06
339400,1.85653272589e-05,8.36832667048e-06
339500,1.85658456155e-05,8.3659433105e-06
339600,1.85663639866e-05,8.36356135457e-06
339700,1.85668823719e-05,8.36118080141e-06
339800,1.85674007721e-05,8.35880164987e-06
339900,1.85679191865e-05,8.3564238986e-06
340000,1.85684376158e-05,8.35404754651e-06
340100,1.85689560594e-05,8.35167259223e-06
340200,1.85694745175e-05,8.34929903457e-06
340300,1.85699929898e-05,8.34692687227e-06
340400,1.85705114767e-05,8.34455610414e-06
340500,1.85710299782e-05,8.34218672896e-06
340600,1.85715484943e-05,8.33981874551e-06
340700,1.85720670247e-05,8.33745215251e-06
340800,1.85725855696e-05,8.33508694876e-06
340900,1.85731041292e-05,8.33272313309e-06
341000,1.85736227031e-05,8.33036070418e-06
341100,1.85741412917e-05,8.3279996609e-06
341200,1.85746598946e-05,8.32564000198e-06
341300,1.85751785121e-05,8.32328172621e-06
341400,1.85756971439e-05,8.32092483236e-06
341500,1.85762157903e-05,8.31856931924e-06
341600,1.85767344514e-05,8.31621518567e-06
341700,1.85772531268e-05,8.31386243037e-06
341800,1.85777718167e-05,8.31151105217e-06
341900,1.85782905211e-05,8.30916104985e-06
342000,1.85788092401e-05,8.3068124222e-06
342100,1.85793279737e-05,8.30446516806e-06
342200,1.85798467216e-05,8.30211928614e-06
342300,1.85803654842e-05,8.29977477533e-06
342400,1.85808842611e-05,8.29743163433e-06
342500,1.85814030524e-05,8.29508986197e-06
342600,1.85819218585e-05,8.29274945714e-06
342700,1.85824406789e-05,8.29041041852e-06
342800,1.85829595137e-05,8.28807274496e-06
342900,1.85834783632e-05,8.2857364353e-06
343000,1.85839972272e-05,8.28340148833e-06
343100,1.85845161057e-05,8.28106790284e-06
343200,1.85850349986e-05,8.27873567763e-06
343300,1.85855539061e-05,8.27640481154e-06
343400,1.85860728282e-05,8.2740753034e-06
343500,1.85865917646e-05,8.27174715195e-06
343600,1.85871107157e-05,8.26942035607e-06
343700,1.85876296812e-05,8.26709491455e-06
343800,1.85881486611e-05,8.2647708262e-06
343900,1.85886676556e-05,8.26244808987e-06
344000,1.85891866646e-05,8.26012670436e-06
344100,1.8589705688e-05,8.25780666847e-06
344200,1.85902247263e-05,8.25548798111e-06
344300,1.85907437788e-05,8.25317064101e-06
344400,1.85912628459e-05,8.25085464704e-06
344500,1.85917819275e-05,8.248539998e-06
344600,1.85923010236e-05,8.24622669274e-06
344700,1.85928201344e-05,8.24391473012e-06
344800,1.85933392593e-05,8.24160410888e-06
344900,1.8593858399e-05,8.23929482794e-06
345000,1.85943775532e-05,8.23698688611e-06
345100,1.8594896722e-05,8.23468028223e-06
345200,1.85954159051e-05,8.2323750151e-06
345300,1.85959351027e-05,8.23007108358e-06
345400,1.8596454315e-05,8.22776848655e-06
345500,1.85969735415e-05,8.22546722276e-06
345600,1.85974927829e-05,8.22316729117e-06
345700,1.85980120386e-05,8.22086869052e-06
345800,1.85985313088e-05,8.21857141971e-06
345900,1.85990505937e-05,8.21627547759e-06
346000,1.85995698928e-05,8.21398086294e-06
346100,1.86000892067e-05,8.21168757471e-06
346200,1.86006085349e-05,8.20939561166e-06
346300,1.86011278778e-05,8.20710497272e-06
346400,1.86016472352e-05,8.20481565669e-06
346500,1.8602166607e-05,8.20252766244e-06
346600,1.86026859936e-05,8.20024098884e-06
346700,1.86032053944e-05,8.19795563471e-06
346800,1.860372481e-05,8.19567159895e-06
346900,1.86042442397e-05,8.19338888034e-06
347000,1.86047636843e-05,8.19110747787e-06
347100,1.86052831432e-05,8.18882739029e-06
347200,1.86058026167e-05,8.18654861651e-06
347300,1.86063221048e-05,8.1842711554e-06
347400,1.86068416073e-05,8.18199500582e-06
347500,1.86073611245e-05,8.17972016664e-06
347600,1.86078806561e-05,8.17744663672e-06
347700,1.86084002023e-05,8.17517441493e-06
347800,1.86089197632e-05,8.17290350018e-06
347900,1.86094393382e-05,8.17063389124e-06
348000,1.86099589279e-05,8.16836558707e-06
348100,1.86104785322e-05,8.16609858655e-06
348200,1.8610998151e-05,8.16383288852e-06
348300,1.86115177841e-05,8.16156849185e-06
348400,1.8612037432e-05,8.15930539547e-06
348500,1.86125570944e-05,8.15704359821e-06
348600,1.86130767712e-05,8.15478309897e-06
348700,1.86135964627e-05,8.15252389666e-06
348800,1.86141161685e-05,8.1502659901e-06
348900,1.8614635889e-05,8.14800937823e-06
349000,1.86151556241e-05,8.14575405995e-06
349100,1.86156753736e-05,8.14350003409e-06
349200,1.86161951374e-05,8.14124729954e-06
349300,1.86167149162e-05,8.13899585529e-06
349400,1.86172347092e-05,8.1367457001e-06
349500,1.86177545169e-05,8.13449683295e-06
349600,1.86182743391e-05,8.13224925271e-06
349700,1.86187941759e-05,8.13000295828e-06
349800,1.8619314027e-05,8.12775794852e-06
349900,1.86198338927e-05,8.12551422238e-06
350000,1.86203537731e-05,8.12327177874e-06
350100,1.8620873668e-05,8.12103061651e-06
350200,1.86213935773e-05,8.11879073455e-06
350300,1.86219135012e-05,8.11655213181e-06
350400,1.86224334396e-05,8.11431480717e-06
350500,1.86229533927e-05,8.11207875957e-06
350600,1.862347336e-05,8.10984398785e-06
350700,1.86239933422e-05,8.10761049101e-06
350800,1.86245133387e-05,8.10537826786e-06
350900,1.862503335e-05,8.10314731742e-06
351000,1.86255533756e-05,8.1009176385e-06
351100,1.86260734159e-05,8.09868923008e-06
351200,1.86265934706e-05,8.09646209102e-06
351300,1.862711354e-05,8.09423622029e-06
351400,1.86276336237e-05,8.09201161675e-06
351500,1.86281537219e-05,8.08978827936e-06
351600,1.86286738347e-05,8.08756620702e-06
351700,1.86291939622e-05,8.08534539869e-06
351800,1.86297141042e-05,8.08312585326e-06
351900,1.86302342607e-05,8.08090756963e-06
352000,1.86307544318e-05,8.07869054678e-06
352100,1.86312746175e-05,8.0764747836e-06
352200,1.86317948176e-05,8.07426027901e-06
352300,1.86323150323e-05,8.07204703195e-06
352400,1.86328352615e-05,8.06983504135e-06
352500,1.86333555053e-05,8.06762430614e-06
352600,1.86338757636e-05,8.06541482524e-06
352700,1.86343960362e-05,8.06320659758e-06
352800,1.86349163238e-05,8.06099962215e-06
352900,1.86354366257e-05,8.05879389782e-06
353000,1.86359569422e-05,8.05658942355e-06
353100,1.86364772733e-05,8.05438619829e-06
353200,1.86369976189e-05,8.05218422095e-06
353300,1.8637517979e-05,8.04998349048e-06
353400,1.86380383537e-05,8.04778400585e-06
353500,1.86385587429e-05,8.04558576596e-06
353600,1.86390791468e-05,8.0433887698e-06
353700,1.86395995649e-05,8.04119301623e-06
353800,1.86401199977e-05,8.03899850429e-06
353900,1.86406404451e-05,8.03680523288e-06
354000,1.86411609072e-05,8.03461320099e-06
354100,1.86416813837e-05,8.03242240752e-06
354200,1.8642201875e-05,8.03023285147e-06
354300,1.86427223805e-05,8.02804453171e-06
354400,1.86432429006e-05,8.02585744726e-06
354500,1.86437634355e-05,8.02367159709e-06
354600,1.86442839848e-05,8.02148698009e-06
354700,1.86448045486e-05,8.01930359526e-06
354800,1.86453251268e-05,8.01712144153e-06
354900,1.86458457198e-05,8.01494051791e-06
355000,1.86463663271e-05,8.01276082328e-06
355100,1.86468869492e-05,8.01058235669e-06
355200,1.86474075858e-05,8.00840511706e-06
355300,1.8647928237e-05,8.00622910336e-06
355400,1.86484489026e-05,8.00405431453e-06
355500,1.8648969583e-05,8.00188074959e-06
355600,1.86494902777e-05,7.99970840744e-06
355700,1.86500109873e-05,7.99753728712e-06
355800,1.86505317111e-05,7.99536738754e-06
355900,1.86510524497e-05,7.99319870769e-06
356000,1.86515732026e-05,7.99103124653e-06
356100,1.86520939701e-05,7.98886500306e-06
356200,1.86526147523e-05,7.98669997624e-06
356300,1.86531355489e-05,7.98453616504e-06
356400,1.86536563603e-05,7.98237356847e-06
356500,1.86541771863e-05,7.9802121855e-06
356600,1.86546980267e-05,7.97805201505e-06
356700,1.86552188817e-05,7.97589305616e-06
356800,1.86557397511e-05,7.97373530775e-06
356900,1.86562606353e-05,7.97157876889e-06
357000,1.86567815338e-05,7.96942343848e-06
357100,1.8657302447e-05,7.96726931556e-06
357200,1.86578233748e-05,7.9651163991e-06
357300,1.8658344317e-05,7.96296468806e-06
357400,1.8658865274e-05,7.96081418148e-06
357500,1.86593862454e-05,7.9586648783e-06
357600,1.86599072316e-05,7.95651677756e-06
357700,1.8660428232e-05,7.95436987818e-06
357800,1.86609492472e-05,7.95222417922e-06
357900,1.86614702771e-05,7.95007967966e-06
358000,1.86619913213e-05,7.94793637845e-06
358100,1.86625123801e-05,7.94579427463e-06
358200,1.86630334533e-05,7.94365336715e-06
358300,1.86635545414e-05,7.94151365509e-06
358400,1.86640756439e-05,7.93937513738e-06
358500,1.8664596761e-05,7.93723781305e-06
358600,1.86651178927e-05,7.93510168109e-06
358700,1.8665639039e-05,7.93296674053e-06
358800,1.86661601998e-05,7.93083299033e-06
358900,1.86666813752e-05,7.9287004295e-06
359000,1.86672025651e-05,7.92656905707e-06
359100,1.86677237698e-05,7.92443887207e-06
359200,1.86682449888e-05,7.92230987343e-06
359300,1.86687662224e-05,7.92018206021e-06
359400,1.86692874707e-05,7.91805543142e-06
359500,1.86698087335e-05,7.91592998607e-06
359600,1.86703300109e-05,7.91380572316e-06
359700,1.86708513028e-05,7.91168264171e-06
359800,1.86713726095e-05,7.90956074078e-06
359900,1.86718939304e-05,7.90744001927e-06
360000,1.86724152663e-05,7.90532047634e-06
360100,1.86729366164e-05,7.90320211088e-06
360200,1.86734579814e-05,7.90108492201e-06
360300,1.86739793606e-05,7.89896890866e-06
360400,1.86745007546e-05,7.89685406992e-06
360500,1.8675022163e-05,7.89474040476e-06
360600,1.86755435863e-05,7.89262791228e-06
360700,1.86760650237e-05,7.8905165914e-06
360800,1.86765864762e-05,7.88840644127e-06
360900,1.86771079432e-05,7.88629746083e-06
361000,1.86776294245e-05,7.8841896491e-06
361100,1.86781509206e-05,7.88208300516e-06
361200,1.86786724312e-05,7.87997752801e-06
361300,1.86791939563e-05,7.87787321667e-06
361400,1.86797154961e-05,7.87577007021e-06
361500,1.86802370504e-05,7.87366808763e-06
361600,1.86807586193e-05,7.87156726797e-06
361700,1.86812802028e-05,7.86946761028e-06
361800,1.86818018009e-05,7.86736911358e-06
361900,1.86823234134e-05,7.8652717769e-06
362000,1.86828450407e-05,7.86317559931e-06
362100,1.86833666826e-05,7.86108057984e-06
362200,1.86838883389e-05,7.85898671751e-06
362300,1.868441001e-05,7.85689401139e-06
362400,1.86849316955e-05,7.85480246049e-06
362500,1.86854533957e-05,7.85271206387e-06
362600,1.86859751103e-05,7.85062282057e-06
362700,1.86864968397e-05,7.84853472966e-06
362800,1.86870185836e-05,7.84644779015e-06
362900,1.86875403422e-05,7.84436200114e-06
363000,1.86880621152e-05,7.8422773616e-06
363100,1.86885839028e-05,7.84019387063e-06
363200,1.86891057051e-05,7.83811152729e-06
363300,1.8689627522e-05,7.83603033062e-06
363400,1.86901493533e-05,7.83395027965e-06
363500,1.86906711994e-05,7.83187137348e-06
363600,1.86911930599e-05,7.82979361112e-06
363700,1.86917149351e-05,7.82771699167e-06
363800,1.86922368248e-05,7.82564151413e-06
363900,1.86927587292e-05,7.82356717761e-06
364000,1.86932806483e-05,7.82149398118e-06
364100,1.86938025817e-05,7.81942192382e-06
364200,1.86943245298e-05,7.81735100466e-06
364300,1.86948464925e-05,7.81528122274e-06
364400,1.86953684699e-05,7.81321257716e-06
364500,1.86958904618e-05,7.81114506693e-06
364600,1.86964124684e-05,7.80907869117e-06
364700,1.86969344895e-05,7.80701344888e-06
364800,1.86974565249e-05,7.80494933913e-06
364900,1.86979785753e-05,7.80288636109e-06
365000,1.86985006401e-05,7.80082451372e-06
365100,1.86990227196e-05,7.79876379614e-06
365200,1.86995448137e-05,7.79670420743e-06
365300,1.87000669223e-05,7.79464574663e-06
365400,1.87005890456e-05,7.79258841285e-06
365500,1.87011111835e-05,7.79053220513e-06
365600,1.87016333359e-05,7.78847712256e-06
365700,1.87021555029e-05,7.78642316421e-06
365800,1.87026776846e-05,7.78437032918e-06
365900,1.87031998809e-05,7.78231861653e-06
366000,1.87037220916e-05,7.78026802533e-06
366100,1.8704244317e-05,7.77821855468e-06
366200,1.87047665571e-05,7.77617020368e-06
366300,1.87052888118e-05,7.77412297138e-06
366400,1.8705811081e-05,7.77207685685e-06
366500,1.87063333649e-05,7.77003185922e-06
366600,1.87068556632e-05,7.76798797752e-06
366700,1.87073779764e-05,7.76594521092e-06
366800,1.87079003038e-05,7.7639035584e-06
366900,1.8708422646e-05,7.76186301914e-06
367000,1.8708945003e-05,7.75982359221e-06
367100,1.87094673744e-05,7.75778527667e-06
367200,1.87099897604e-05,7.75574807161e-06
367300,1.87105121609e-05,7.75371197615e-06
367400,1.87110345762e-05,7.75167698939e-06
367500,1.8711557006e-05,7.74964311039e-06
367600,1.87120794505e-05,7.74761033829e-06
367700,1.87126019095e-05,7.74557867215e-06
367800,1.87131243831e-05,7.74354811107e-06
367900,1.87136468714e-05,7.74151865417e-06
368000,1.87141693743e-05,7.73949030054e-06
368100,1.87146918918e-05,7.73746304927e-06
368200,1.87152144239e-05,7.73543689949e-06
368300,1.87157369705e-05,7.73341185026e-06
368400,1.87162595319e-05,7.73138790073e-06
368500,1.87167821079e-05,7.72936504997e-06
368600,1.87173046983e-05,7.72734329708e-06
368700,1.87178273034e-05,7.72532264119e-06
368800,1.87183499232e-05,7.72330308142e-06
368900,1.87188725575e-05,7.72128461684e-06
369000,1.87193952064e-05,7.71926724657e-06
369100,1.87199178701e-05,7.71725096976e-06
369200,1.87204405484e-05,7.71523578548e-06
369300,1.8720963241e-05,7.71322169283e-06
369400,1.87214859485e-05,7.71120869097e-06
369500,1.87220086704e-05,7.70919677896e-06
369600,1.8722531407e-05,7.70718595595e-06
369700,1.87230541581e-05,7.70517622104e-06
369800,1.8723576924e-05,7.70316757339e-06
369900,1.87240997047e-05,7.7011600121e-06
370000,1.87246224998e-05,7.69915353624e-06
370100,1.87251453092e-05,7.69714814495e-06
370200,1.87256681335e-05,7.69514383738e-06
370300,1.87261909725e-05,7.69314061264e-06
370400,1.87267138261e-05,7.69113846987e-06
370500,1.87272366942e-05,7.68913740814e-06
370600,1.87277595769e-05,7.68713742661e-06
370700,1.87282824743e-05,7.68513852442e-06
370800,1.87288053863e-05,7.68314070067e-06
370900,1.87293283129e-05,7.6811439545e-06
371000,1.87298512542e-05,7.67914828506e-06
371100,1.87303742101e-05,7.67715369144e-06
371200,1.87308971806e-05,7.67516017277e-06
371300,1.87314201655e-05,7.67316772819e-06
371400,1.87319431653e-05,7.67117635687e-06
371500,1.87324661796e-05,7.66918605789e-06
371600,1.87329892086e-05,7.66719683041e-06
371700,1.87335122522e-05,7.66520867357e-06
371800,1.87340353103e-05,7.66322158648e-06
371900,1.87345583831e-05,7.6612355683e-06
372000,1.87350814707e-05,7.65925061818e-06
372100,1.87356045727e-05,7.65726673521e-06
372200,1.87361276894e-05,7.65528391859e-06
372300,1.87366508206e-05,7.65330216739e-06
372400,1.87371739665e-05,7.65132148081e-06
372500,1.8737697127e-05,7.64934185798e-06
372600,1.87382203024e-05,7.64736329806e-06
372700,1.8738743492e-05,7.64538580013e-06
372800,1.87392666965e-05,7.6434093634e-06
372900,1.87397899154e-05,7.64143398696e-06
373000,1.87403131492e-05,7.63945967003e-06
373100,1.87408363974e-05,7.6374864117e-06
373200,1.87413596604e-05,7.63551421114e-06
373300,1.87418829381e-05,7.63354306753e-06
373400,1.87424062303e-05,7.63157297995e-06
373500,1.8742929537e-05,7.62960394757e-06
373600,1.87434528586e-05,7.6276359696e-06
373700,1.87439761945e-05,7.62566904512e-06
373800,1.87444995451e-05,7.62370317332e-06
373900,1.87450229105e-05,7.62173835337e-06
374000,1.87455462905e-05,7.61977458441e-06
374100,1.8746069685e-05,7.61781186559e-06
374200,1.87465930943e-05,7.61585019607e-06
374300,1.87471165183e-05,7.61388957505e-06
374400,1.87476399567e-05,7.6119300016e-06
374500,1.874816341e-05,7.60997147499e-06
374600,1.87486868776e-05,7.60801399426e-06
374700,1.87492103599e-05,7.60605755866e-06
374800,1.87497338568e-05,7.60410216732e-06
374900,1.87502573686e-05,7.60214781945e-06
375000,1.87507808949e-05,7.60019451416e-06
375100,1.87513044358e-05,7.59824225063e-06
375200,1.87518279914e-05,7.59629102806e-06
375300,1.87523515616e-05,7.59434084555e-06
375400,1.87528751465e-05,7.59239170234e-06
375500,1.8753398746e-05,7.59044359757e-06
375600,1.875392236e-05,7.58849653037e-06
375700,1.87544459886e-05,7.58655049995e-06
375800,1.87549696321e-05,7.58460550553e-06
375900,1.87554932902e-05,7.58266154622e-06
376000,1.87560169628e-05,7.58071862118e-06
376100,1.87565406498e-05,7.5787767296e-06
376200,1.8757064352e-05,7.57683587073e-06
376300,1.87575880684e-05,7.57489604363e-06
376400,1.87581117999e-05,7.57295724759e-06
376500,1.87586355456e-05,7.57101948168e-06
376600,1.8759159306e-05,7.56908274514e-06
376700,1.87596830812e-05,7.56714703715e-06
376800,1.87602068709e-05,7.56521235687e-06
376900,1.87607306755e-05,7.56327870353e-06
377000,1.87612544944e-05,7.56134607622e-06
377100,1.87617783282e-05,7.55941447422e-06
377200,1.87623021765e-05,7.55748389666e-06
377300,1.87628260397e-05,7.55555434276e-06
377400,1.87633499171e-05,7.55362581164e-06
377500,1.87638738094e-05,7.55169830256e-06
377600,1.87643977164e-05,7.54977181468e-06
377700,1.87649216379e-05,7.54784634716e-06
377800,1.87654455742e-05,7.54592189926e-06
377900,1.87659695249e-05,7.54399847008e-06
378000,1.87664934907e-05,7.54207605892e-06
378100,1.87670174707e-05,7.54015466487e-06
378200,1.87675414655e-05,7.53823428716e-06
378300,1.87680654748e-05,7.53631492498e-06
378400,1.8768589499e-05,7.53439657757e-06
378500,1.87691135377e-05,7.53247924407e-06
378600,1.87696375912e-05,7.5305629237e-06
378700,1.87701616592e-05,7.52864761564e-06
378800,1.87706857419e-05,7.52673331911e-06
378900,1.87712098394e-05,7.52482003331e-06
379000,1.87717339512e-05,7.5229077574e-06
379100,1.87722580778e-05,7.5209964906e-06
379200,1.87727822192e-05,7.51908623216e-06
379300,1.87733063751e-05,7.51717698122e-06
379400,1.87738305457e-05,7.51526873701e-06
379500,1.87743547309e-05,7.51336149872e-06
379600,1.87748789309e-05,7.51145526559e-06
379700,1.87754031456e-05,7.5095500368e-06
379800,1.87759273747e-05,7.50764581153e-06
379900,1.87764516185e-05,7.50574258902e-06
380000,1.87769758771e-05,7.50384036848e-06
380100,1.87775001503e-05,7.50193914912e-06
380200,1.8778024438e-05,7.50003893011e-06
380300,1.87785487406e-05,7.49813971073e-06
380400,1.87790730578e-05,7.49624149014e-06
380500,1.87795973896e-05,7.49434426755e-06
380600,1.8780121736e-05,7.4924480422e-06
380700,1.8780646097e-05,7.49055281327e-06
380800,1.87811704729e-05,7.48865858004e-06
380900,1.87816948633e-05,7.48676534166e-06
381000,1.87822192685e-05,7.48487309738e-06
381100,1.87827436881e-05,7.48298184638e-06
381200,1.87832681226e-05,7.48109158794e-06
381300,1.87837925715e-05,7.4792023212e-06
381400,1.87843170355e-05,7.47731404548e-06
381500,1.87848415137e-05,7.47542675989e-06
381600,1.87853660069e-05,7.47354046374e-06
381700,1.87858905144e-05,7.47165515617e-06
381800,1.87864150369e-05,7.46977083651e-06
381900,1.8786939574e-05,7.4678875039e-06
382000,1.87874641256e-05,7.46600515757e-06
382100,1.8787988692e-05,7.4641237968e-06
382200,1.87885132731e-05,7.46224342076e-06
382300,1.87890378687e-05,7.46036402868e-06
382400,1.87895624791e-05,7.45848561983e-06
382500,1.87900871041e-05,7.45660819342e-06
382600,1.87906117439e-05,7.45473174867e-06
382700,1.87911363982e-05,7.45285628479e-06
382800,1.87916610672e-05,7.45098180104e-06
382900,1.8792185751e-05,7.44910829668e-06
383000,1.87927104493e-05,7.44723577087e-06
383100,1.87932351623e-05,7.4453642229e-06
383200,1.879375989e-05,7.44349365199e-06
383300,1.87942846324e-05,7.44162405737e-06
383400,1.87948093894e-05,7.43975543827e-06
383500,1.87953341612e-05,7.43788779395e-06
383600,1.87958589474e-05,7.4360211236e-06
383700,1.87963837484e-05,7.43415542651e-06
383800,1.87969085643e-05,7.43229070193e-06
383900,1.87974333948e-05,7.43042694904e-06
384000,1.87979582396e-05,7.42856416709e-06
384100,1.87984830994e-05,7.42670235537e-06
384200,1.87990079739e-05,7.42484151309e-06
384300,1.87995328629e-05,7.42298163949e-06
384400,1.88000577667e-05,7.42112273383e-06
384500,1.88005826851e-05,7.41926479533e-06
384600,1.88011076181e-05,7.41740782325e-06
384700,1.8801632566e-05,7.41555181686e-06
384800,1.88021575283e-05,7.41369677536e-06
384900,1.88026825055e-05,7.41184269803e-06
385000,1.88032074972e-05,7.4099895841e-06
385100,1.88037325035e-05,7.40813743281e-06
385200,1.88042575248e-05,7.40628624348e-06
385300,1.88047825608e-05,7.40443601531e-06
385400,1.88053076112e-05,7.40258674752e-06
385500,1.88058326762e-05,7.40073843938e-06
385600,1.88063577561e-05,7.39889109018e-06
385700,1.88068828507e-05,7.39704469916e-06
385800,1.880740796e-05,7.39519926557e-06
385900,1.88079330838e-05,7.39335478864e-06
386000,1.88084582224e-05,7.39151126766e-06
386100,1.88089833757e-05,7.38966870187e-06
386200,1.88095085433e-05,7.38782709049e-06
386300,1.88100337262e-05,7.3859864329e-06
386400,1.88105589234e-05,7.38414672824e-06
386500,1.88110841354e-05,7.38230797582e-06
386600,1.8811609362e-05,7.38047017487e-06
386700,1.88121346036e-05,7.37863332472e-06
386800,1.88126598595e-05,7.37679742454e-06
386900,1.88131851303e-05,7.37496247367e-06
387000,1.88137104155e-05,7.3731284713e-06
387100,1.88142357157e-05,7.37129541677e-06
387200,1.88147610303e-05,7.3694633093e-06
387300,1.88152863597e-05,7.36763214816e-06
387400,1.88158117039e-05,7.36580193266e-06
387500,1.88163370627e-05,7.36397266201e-06
387600,1.88168624363e-05,7.36214433551e-06
387700,1.88173878244e-05,7.3603169524e-06
387800,1.88179132273e-05,7.358490512e-06
387900,1.88184386448e-05,7.35666501353e-06
388000,1.88189640771e-05,7.3548404563e-06
388100,1.88194895242e-05,7.35301683958e-06
388200,1.88200149856e-05,7.35119416259e-06
388300,1.88205404618e-05,7.34937242464e-06
388400,1.88210659528e-05,7.34755162503e-06
388500,1.88215914587e-05,7.34573176303e-06
388600,1.88221169789e-05,7.34391283786e-06
388700,1.88226425141e-05,7.34209484888e-06
388800,1.88231680638e-05,7.34027779528e-06
388900,1.88236936283e-05,7.33846167641e-06
389000,1.88242192074e-05,7.33664649149e-06
389100,1.88247448013e-05,7.33483223986e-06
389200,1.88252704096e-05,7.33301892073e-06
389300,1.8825796033e-05,7.33120653347e-06
389400,1.8826321671e-05,7.32939507729e-06
389500,1.88268473235e-05,7.32758455149e-06
389600,1.88273729907e-05,7.32577495534e-06
389700,1.8827898673e-05,7.32396628821e-06
389800,1.88284243697e-05,7.32215854928e-06
389900,1.8828950081e-05,7.32035173785e-06
390000,1.8829475807e-05,7.31854585325e-06
390100,1.88300015479e-05,7.31674089476e-06
390200,1.88305273033e-05,7.31493686163e-06
390300,1.88310530735e-05,7.31313375319e-06
390400,1.88315788585e-05,7.31133156872e-06
390500,1.8832104658e-05,7.30953030748e-06
390600,1.88326304721e-05,7.30772996877e-06
390700,1.88331563012e-05,7.30593055194e-06
390800,1.8833682145e-05,7.30413205623e-06
390900,1.88342080033e-05,7.30233448092e-06
391000,1.88347338763e-05,7.30053782531e-06
391100,1.88352597642e-05,7.29874208875e-06
391200,1.88357856665e-05,7.29694727044e-06
391300,1.88363115838e-05,7.29515336977e-06
391400,1.88368375156e-05,7.29336038598e-06
391500,1.88373634621e-05,7.29156831838e-06
391600,1.88378894233e-05,7.28977716627e-06
391700,1.88384153994e-05,7.28798692896e-06
391800,1.88389413901e-05,7.28619760574e-06
391900,1.88394673955e-05,7.2844091959e-06
392000,1.88399934156e-05,7.28262169875e-06
392100,1.88405194505e-05,7.2808351136e-06
392200,1.88410455e-05,7.27904943974e-06
392300,1.88415715641e-05,7.27726467646e-06
392400,1.88420976432e-05,7.2754808231e-06
392500,1.88426237367e-05,7.27369787893e-06
392600,1.88431498451e-05,7.27191584328e-06
392700,1.88436759681e-05,7.27013471543e-06
392800,1.88442021059e-05,7.26835449471e-06
392900,1.88447282583e-05,7.26657518042e-06
393000,1.88452544255e-05,7.26479677187e-06
393100,1.88457806075e-05,7.26301926837e-06
393200,1.88463068039e-05,7.26124266919e-06
393300,1.88468330153e-05,7.25946697371e-06
393400,1.88473592413e-05,7.2576921812e-06
393500,1.8847885482e-05,7.25591829096e-06
393600,1.88484117372e-05,7.25414530229e-06
393700,1.88489380075e-05,7.25237321459e-06
393800,1.88494642922e-05,7.25060202708e-06
393900,1.88499905918e-05,7.24883173913e-06
394000,1.8850516906e-05,7.24706235001e-06
394100,1.88510432352e-05,7.24529385911e-06
394200,1.88515695788e-05,7.24352626565e-06
394300,1.88520959373e-05,7.24175956901e-06
394400,1.88526223104e-05,7.23999376849e-06
394500,1.88531486983e-05,7.2382288634e-06
394600,1.88536751009e-05,7.23646485307e-06
394700,1.88542015182e-05,7.23470173682e-06
394800,1.88547279501e-05,7.23293951396e-06
394900,1.88552543968e-05,7.23117818383e-06
395000,1.88557808583e-05,7.22941774574e-06
395100,1.88563073342e-05,7.22765819898e-06
395200,1.88568338251e-05,7.22589954295e-06
395300,1.88573603307e-05,7.22414177691e-06
395400,1.8857886851e-05,7.22238490021e-06
395500,1.88584133859e-05,7.22062891216e-06
395600,1.88589399358e-05,7.21887381213e-06
395700,1.88594665004e-05,7.21711959941e-06
395800,1.88599930795e-05,7.21536627331e-06
395900,1.88605196733e-05,7.21361383316e-06
396000,1.88610462818e-05,7.21186227831e-06
396100,1.88615729052e-05,7.21011160812e-06
396200,1.88620995433e-05,7.20836182187e-06
396300,1.88626261961e-05,7.20661291891e-06
396400,1.88631528637e-05,7.20486489857e-06
396500,1.88636795457e-05,7.20311776015e-06
396600,1.88642062425e-05,7.20137150302e-06
396700,1.88647329542e-05,7.19962612652e-06
396800,1.88652596808e-05,7.19788163e-06
396900,1.8865786422e-05,7.19613801274e-06
397000,1.88663131778e-05,7.1943952741e-06
397100,1.88668399484e-05,7.19265341342e-06
397200,1.88673667335e-05,7.19091243e-06
397300,1.88678935335e-05,7.18917232323e-06
397400,1.88684203484e-05,7.18743309246e-06
397500,1.88689471779e-05,7.18569473697e-06
397600,1.88694740221e-05,7.18395725613e-06
397700,1.88700008812e-05,7.1822206493e-06
397800,1.88705277547e-05,7.18048491576e-06
397900,1.88710546432e-05,7.17875005491e-06
398000,1.88715815461e-05,7.17701606604e-06
398100,1.8872108464e-05,7.17528294855e-06
398200,1.88726353967e-05,7.17355070176e-06
398300,1.88731623439e-05,7.171819325e-06
398400,1.88736893059e-05,7.17008881762e-06
398500,1.88742162828e-05,7.168359179e-06
398600,1.88747432743e-05,7.16663040844e-06
398700,1.88752702804e-05,7.16490250529e-06
398800,1.88757973013e-05,7.16317546891e-06
398900,1.88763243371e-05,7.16144929868e-06
399000,1.88768513875e-05,7.15972399388e-06
399100,1.88773784527e-05,7.15799955393e-06
399200,1.88779055328e-05,7.15627597816e-06
399300,1.88784326272e-05,7.15455326585e-06
399400,1.88789597365e-05,7.15283141643e-06
399500,1.88794868607e-05,7.15111042925e-06
399600,1.88800139996e-05,7.14939030364e-06
399700,1.88805411531e-05,7.14767103894e-06
399800,1.88810683214e-05,7.14595263453e-06
399900,1.88815955045e-05,7.14423508976e-06
400000,1.88821227022e-05,7.14251840395e-06
400100,1.88826499148e-05,7.14080257652e-06
400200,1.88831771421e-05,7.13908760678e-06
400300,1.88837043841e-05,7.1373734941e-06
400400,1.88842316408e-05,7.13566023783e-06
400500,1.88847589122e-05,7.13394783733e-06
400600,1.88852861985e-05,7.13223629197e-06
400700,1.88858134995e-05,7.13052560112e-06
400800,1.88863408153e-05,7.12881576412e-06
400900,1.88868681457e-05,7.12710678032e-06
401000,1.88873954908e-05,7.12539864909e-06
401100,1.88879228508e-05,7.12369136981e-06
401200,1.88884502255e-05,7.12198494184e-06
401300,1.88889776149e-05,7.12027936452e-06
401400,1.8889505019e-05,7.11857463723e-06
401500,1.8890032438e-05,7.11687075935e-06
401600,1.88905598717e-05,7.11516773022e-06
401700,1.889108732e-05,7.11346554919e-06
401800,1.88916147832e-05,7.11176421567e-06
401900,1.88921422611e-05,7.11006372902e-06
402000,1.88926697536e-05,7.10836408856e-06
402100,1.8893197261e-05,7.10666529372e-06
402200,1.88937247832e-05,7.10496734386e-06
402300,1.889425232e-05,7.1032702383e-06
402400,1.88947798716e-05,7.10157397645e-06
402500,1.8895307438e-05,7.0998785577e-06
402600,1.88958350189e-05,7.09818398135e-06
402700,1.8896362615e-05,7.09649024688e-06
402800,1.88968902255e-05,7.09479735356e-06
402900,1.88974178509e-05,7.09310530082e-06
403000,1.88979454908e-05,7.09141408799e-06
403100,1.88984731459e-05,7.08972371453e-06
403200,1.88990008156e-05,7.08803417973e-06
403300,1.88995284997e-05,7.08634548297e-06
403400,1.89000561991e-05,7.0846576237e-06
403500,1.89005839128e-05,7.08297060122e-06
403600,1.89011116415e-05,7.08128441494e-06
403700,1.89016393848e-05,7.07959906424e-06
403800,1.8902167143e-05,7.07791454849e-06
403900,1.89026949158e-05,7.07623086707e-06
404000,1.89032227034e-05,7.07454801936e-06
404100,1.89037505058e-05,7.07286600476e-06
404200,1.89042783231e-05,7.07118482265e-06
404300,1.89048061548e-05,7.06950447235e-06
404400,1.89053340014e-05,7.06782495333e-06
404500,1.89058618627e-05,7.06614626491e-06
404600,1.89063897392e-05,7.06446840655e-06
404700,1.89069176301e-05,7.06279137755e-06
404800,1.89074455358e-05,7.06111517733e-06
404900,1.89079734561e-05,7.05943980525e-06
405000,1.89085013913e-05,7.05776526075e-06
405100,1.89090293414e-05,7.0560915432e-06
405200,1.89095573058e-05,7.05441865192e-06
405300,1.89100852854e-05,7.05274658641e-06
405400,1.89106132796e-05,7.05107534598e-06
405500,1.89111412885e-05,7.04940493003e-06
405600,1.89116693123e-05,7.04773533798e-06
405700,1.8912197351e-05,7.04606656923e-06
405800,1.89127254043e-05,7.04439862311e-06
405900,1.89132534724e-05,7.04273149906e-06
406000,1.89137815549e-05,7.04106519641e-06
406100,1.89143096526e-05,7.03939971466e-06
406200,1.89148377648e-05,7.0377350531e-06
406300,1.8915365892e-05,7.03607121121e-06
406400,1.89158940339e-05,7.03440818834e-06
406500,1.89164221906e-05,7.03274598387e-06
406600,1.89169503619e-05,7.03108459722e-06
406700,1.8917478548e-05,7.02942402777e-06
406800,1.89180067489e-05,7.02776427495e-06
406900,1.89185349646e-05,7.02610533812e-06
407000,1.89190631952e-05,7.02444721672e-06
407100,1.89195914403e-05,7.02278991009e-06
407200,1.89201197003e-05,7.02113341769e-06
407300,1.89206479751e-05,7.01947773889e-06
407400,1.89211762645e-05,7.01782287307e-06
407500,1.89217045689e-05,7.01616881969e-06
407600,1.89222328879e-05,7.01451557809e-06
407700,1.89227612216e-05,7.01286314771e-06
407800,1.89232895704e-05,7.01121152796e-06
407900,1.89238179337e-05,7.0095607182e-06
408000,1.89243463119e-05,7.00791071789e-06
408100,1.89248747046e-05,7.00626152636e-06
408200,1.89254031123e-05,7.0046131431e-06
408300,1.89259315348e-05,7.00296556747e-06
408400,1.89264599719e-05,7.00131879887e-06
408500,1.89269884239e-05,6.99967283674e-06
408600,1.89275168907e-05,6.99802768046e-06
408700,1.89280453724e-05,6.99638332947e-06
408800,1.89285738686e-05,6.99473978312e-06
408900,1.89291023797e-05,6.99309704087e-06
409000,1.89296309056e-05,6.99145510213e-06
409100,1.89301594462e-05,6.98981396627e-06
409200,1.89306880016e-05,6.98817363274e-06
409300,1.89312165718e-05,6.98653410094e-06
409400,1.89317451568e-05,6.9848953703e-06
409500,1.89322737566e-05,6.98325744019e-06
409600,1.89328023711e-05,6.98162031005e-06
409700,1.89333310003e-05,6.97998397929e-06
409800,1.89338596444e-05,6.97834844734e-06
409900,1.89343883033e-05,6.9767137136e-06
410000,1.89349169769e-05,6.97507977749e-06
410100,1.89354456652e-05,6.97344663839e-06
410200,1.89359743684e-05,6.97181429579e-06
410300,1.89365030867e-05,6.97018274909e-06
410400,1.89370318193e-05,6.96855199765e-06
410500,1.89375605667e-05,6.96692204091e-06
410600,1.89380893291e-05,6.96529287834e-06
410700,1.89386181063e-05,6.96366450932e-06
410800,1.8939146898e-05,6.96203693324e-06
410900,1.89396757048e-05,6.9604101496e-06
411000,1.89402045261e-05,6.95878415774e-06
411100,1.89407333625e-05,6.95715895716e-06
411200,1.89412622135e-05,6.95553454721e-06
411300,1.89417910792e-05,6.95391092734e-06
411400,1.89423199599e-05,6.95228809701e-06
411500,1.89428488553e-05,6.95066605561e-06
411600,1.89433777654e-05,6.94904480254e-06
411700,1.89439066901e-05,6.94742433724e-06
411800,1.89444356299e-05,6.94580465918e-06
411900,1.89449645843e-05,6.94418576774e-06
412000,1.89454935537e-05,6.94256766239e-06
412100,1.89460225379e-05,6.94095034253e-06
412200,1.89465515367e-05,6.93933380757e-06
412300,1.89470805505e-05,6.93771805696e-06
412400,1.89476095789e-05,6.93610309013e-06
412500,1.89481386221e-05,6.93448890651e-06
412600,1.89486676803e-05,6.93287550553e-06
412700,1.8949196753e-05,6.93126288659e-06
412800,1.89497258405e-05,6.92965104916e-06
412900,1.8950254943e-05,6.92803999268e-06
413000,1.89507840601e-05,6.92642971654e-06
413100,1.89513131922e-05,6.92482022022e-06
413200,1.8951842339e-05,6.92321150312e-06
413300,1.89523715005e-05,6.92160356468e-06
413400,1.89529006768e-05,6.91999640434e-06
413500,1.8953429868e-05,6.91839002154e-06
413600,1.89539590742e-05,6.91678441574e-06
413700,1.89544882948e-05,6.91517958631e-06
413800,1.89550175304e-05,6.91357553274e-06
413900,1.89555467807e-05,6.91197225444e-06
414000,1.89560760458e-05,6.91036975087e-06
414100,1.89566053256e-05,6.90876802143e-06
414200,1.89571346203e-05,6.90716706561e-06
414300,1.89576639299e-05,6.90556688284e-06
414400,1.89581932543e-05,6.90396747255e-06
414500,1.89587225934e-05,6.90236883416e-06
414600,1.89592519472e-05,6.90077096712e-06
414700,1.8959781316e-05,6.89917387091e-06
414800,1.89603106994e-05,6.89757754492e-06
414900,1.89608400978e-05,6.89598198864e-06
415000,1.89613695107e-05,6.89438720145e-06
415100,1.89618989388e-05,6.89279318288e-06
415200,1.89624283816e-05,6.89119993232e-06
415300,1.8962957839e-05,6.8896074492e-06
415400,1.89634873113e-05,6.88801573301e-06
415500,1.89640167984e-05,6.88642478316e-06
415600,1.89645463004e-05,6.88483459914e-06
415700,1.89650758172e-05,6.88324518036e-06
415800,1.89656053486e-05,6.88165652626e-06
415900,1.89661348949e-05,6.88006863631e-06
416000,1.89666644561e-05,6.87848150997e-06
416100,1.89671940321e-05,6.87689514667e-06
416200,1.89677236228e-05,6.87530954586e-06
416300,1.89682532282e-05,6.87372470698e-06
416400,1.89687828486e-05,6.8721406295e-06
416500,1.89693124839e-05,6.8705573129e-06
416600,1.89698421337e-05,6.86897475655e-06
416700,1.89703717985e-05,6.86739295998e-06
416800,1.89709014779e-05,6.86581192259e-06
416900,1.89714311724e-05,6.86423164388e-06
417000,1.89719608817e-05,6.86265212329e-06
417100,1.89724906056e-05,6.86107336024e-06
417200,1.89730203444e-05,6.85949535422e-06
417300,1.89735500982e-05,6.85791810471e-06
417400,1.89740798664e-05,6.85634161107e-06
417500,1.89746096498e-05,6.85476587288e-06
417600,1.89751394478e-05,6.8531908895e-06
417700,1.89756692607e-05,6.85161666044e-06
417800,1.89761990883e-05,6.85004318513e-06
417900,1.89767289309e-05,6.84847046306e-06
418000,1.89772587882e-05,6.84689849366e-06
418100,1.89777886602e-05,6.84532727638e-06
418200,1.89783185471e-05,6.84375681073e-06
418300,1.89788484489e-05,6.84218709614e-06
418400,1.89793783656e-05,6.84061813208e-06
418500,1.89799082969e-05,6.83904991799e-06
418600,1.8980438243e-05,6.83748245334e-06
418700,1.89809682039e-05,6.8359157376e-06
418800,1.89814981799e-05,6.83434977027e-06
418900,1.89820281703e-05,6.83278455073e-06
419000,1.89825581757e-05,6.8312200785e-06
419100,1.89830881962e-05,6.82965635308e-06
419200,1.89836182311e-05,6.82809337385e-06
419300,1.8984148281e-05,6.82653114033e-06
419400,1.89846783456e-05,6.82496965197e-06
419500,1.89852084252e-05,6.82340890826e-06
419600,1.89857385196e-05,6.82184890863e-06
419700,1.89862686288e-05,6.82028965258e-06
419800,1.89867987527e-05,6.81873113955e-06
419900,1.89873288915e-05,6.81717336905e-06
420000,1.89878590452e-05,6.81561634052e-06
420100,1.89883892135e-05,6.81406005341e-06
420200,1.89889193968e-05,6.81250450723e-06
420300,1.89894495949e-05,6.81094970143e-06
420400,1.89899798078e-05,6.8093956355e-06
420500,1.89905100357e-05,6.80784230891e-06
420600,1.89910402781e-05,6.80628972109e-06
420700,1.89915705355e-05,6.80473787157e-06
420800,1.89921008078e-05,6.80318675979e-06
420900,1.89926310948e-05,6.80163638524e-06
421000,1.89931613968e-05,6.80008674739e-06
421100,1.89936917133e-05,6.79853784568e-06
421200,1.89942220447e-05,6.79698967963e-06
421300,1.8994752391e-05,6.79544224871e-06
421400,1.89952827523e-05,6.7938955524e-06
421500,1.89958131283e-05,6.79234959017e-06
421600,1.8996343519e-05,6.79080436147e-06
421700,1.89968739248e-05,6.78925986584e-06
421800,1.89974043451e-05,6.78771610268e-06
421900,1.89979347804e-05,6.78617307154e-06
422000,1.89984652306e-05,6.78463077187e-06
422100,1.89989956954e-05,6.78308920312e-06
422200,1.89995261753e-05,6.78154836483e-06
422300,1.90000566699e-05,6.78000825645e-06
422400,1.90005871795e-05,6.77846887747e-06
422500,1.90011177036e-05,6.77693022733e-06
422600,1.90016482426e-05,6.77539230556e-06
422700,1.90021787965e-05,6.77385511163e-06
422800,1.90027093654e-05,6.77231864506e-06
422900,1.90032399491e-05,6.77078290527e-06
423000,1.90037705473e-05,6.76924789174e-06
423100,1.90043011607e-05,6.76771360404e-06
423200,1.9004831789e-05,6.7661800416e-06
423300,1.90053624317e-05,6.76464720387e-06
423400,1.90058930894e-05,6.76311509039e-06
423500,1.90064237619e-05,6.76158370062e-06
423600,1.90069544496e-05,6.7600530341e-06
423700,1.90074851518e-05,6.75852309024e-06
423800,1.90080158689e-05,6.75699386858e-06
423900,1.90085466008e-05,6.75546536858e-06
424000,1.90090773475e-05,6.75393758975e-06
424100,1.90096081093e-05,6.75241053159e-06
424200,1.90101388858e-05,6.75088419356e-06
424300,1.90106696771e-05,6.74935857516e-06
424400,1.9011200483e-05,6.74783367586e-06
424500,1.90117313041e-05,6.74630949522e-06
424600,1.90122621399e-05,6.74478603267e-06
424700,1.90127929905e-05,6.74326328772e-06
424800,1.9013323856e-05,6.74174125987e-06
424900,1.90138547364e-05,6.7402199486e-06
425000,1.90143856315e-05,6.73869935341e-06
425100,1.90149165416e-05,6.73717947381e-06
425200,1.90154474664e-05,6.73566030927e-06
425300,1.9015978406e-05,6.73414185929e-06
425400,1.90165093606e-05,6.73262412339e-06
425500,1.90170403301e-05,6.73110710106e-06
425600,1.90175713142e-05,6.72959079176e-06
425700,1.90181023133e-05,6.72807519502e-06
425800,1.90186333272e-05,6.72656031034e-06
425900,1.9019164356e-05,6.7250461372e-06
426000,1.90196953998e-05,6.72353267513e-06
426100,1.90202264581e-05,6.72201992358e-06
426200,1.90207575314e-05,6.72050788209e-06
426300,1.90212886196e-05,6.71899655014e-06
426400,1.90218197224e-05,6.71748592723e-06
426500,1.90223508405e-05,6.71597601292e-06
426600,1.90228819731e-05,6.71446680661e-06
426700,1.90234131205e-05,6.71295830785e-06
426800,1.90239442831e-05,6.71145051619e-06
426900,1.90244754601e-05,6.70994343104e-06
427000,1.90250066523e-05,6.70843705198e-06
427100,1.90255378592e-05,6.70693137848e-06
427200,1.90260690812e-05,6.70542641008e-06
427300,1.90266003177e-05,6.70392214621e-06
427400,1.90271315691e-05,6.70241858643e-06
427500,1.90276628356e-05,6.70091573026e-06
427600,1.90281941169e-05,6.69941357718e-06
427700,1.90287254129e-05,6.69791212669e-06
427800,1.90292567235e-05,6.69641137827e-06
427900,1.90297880495e-05,6.69491133152e-06
428000,1.903031939e-05,6.69341198586e-06
428100,1.90308507456e-05,6.69191334086e-06
428200,1.90313821158e-05,6.69041539597e-06
428300,1.90319135009e-05,6.68891815073e-06
428400,1.90324449011e-05,6.68742160469e-06
428500,1.90329763158e-05,6.68592575727e-06
428600,1.90335077458e-05,6.68443060807e-06
428700,1.90340391901e-05,6.68293615652e-06
428800,1.90345706496e-05,6.6814424022e-06
428900,1.9035102124e-05,6.67994934461e-06
429000,1.90356336131e-05,6.67845698322e-06
429100,1.90361651171e-05,6.67696531758e-06
429200,1.90366966362e-05,6.67547434722e-06
429300,1.90372281697e-05,6.67398407159e-06
429400,1.90377597184e-05,6.67249449027e-06
429500,1.90382912819e-05,6.67100560275e-06
429600,1.90388228603e-05,6.66951740854e-06
429700,1.90393544535e-05,6.66802990716e-06
429800,1.90398860614e-05,6.66654309811e-06
429900,1.90404176843e-05,6.66505698094e-06
430000,1.90409493221e-05,6.66357155515e-06
430100,1.90414809747e-05,6.66208682025e-06
430200,1.90420126421e-05,6.66060277575e-06
430300,1.90425443246e-05,6.65911942122e-06
430400,1.90430760218e-05,6.65763675613e-06
430500,1.90436077339e-05,6.65615478002e-06
430600,1.90441394607e-05,6.65467349238e-06
430700,1.90446712026e-05,6.65319289277e-06
430800,1.90452029593e-05,6.6517129807e-06
430900,1.90457347308e-05,6.65023375567e-06
431000,1.90462665173e-05,6.64875521723e-06
431100,1.90467983185e-05,6.64727736487e-06
431200,1.90473301346e-05,6.64580019814e-06
431300,1.90478619656e-05,6.64432371656e-06
431400,1.90483938116e-05,6.64284791966e-06
431500,1.90489256722e-05,6.64137280692e-06
431600,1.90494575479e-05,6.63989837792e-06
431700,1.90499894383e-05,6.63842463215e-06
431800,1.90505213438e-05,6.63695156916e-06
431900,1.90510532639e-05,6.63547918844e-06
432000,1.90515851992e-05,6.63400748958e-06
432100,1.90521171492e-05,6.63253647204e-06
432200,1.90526491139e-05,6.63106613535e-06
432300,1.90531810936e-05,6.62959647907e-06
432400,1.90537130882e-05,6.62812750273e-06
432500,1.90542450976e-05,6.62665920582e-06
432600,1.90547771219e-05,6.62519158791e-06
432700,1.9055309161e-05,6.6237246485e-06
432800,1.90558412152e-05,6.62225838716e-06
432900,1.90563732843e-05,6.62079280339e-06
433000,1.90569053681e-05,6.61932789671e-06
433100,1.90574374667e-05,6.61786366666e-06
433200,1.90579695802e-05,6.61640011277e-06
433300,1.90585017087e-05,6.61493723459e-06
433400,1.90590338519e-05,6.61347503162e-06
433500,1.90595660102e-05,6.61201350342e-06
433600,1.90600981833e-05,6.61055264953e-06
433700,1.90606303713e-05,6.60909246946e-06
433800,1.90611625741e-05,6.60763296274e-06
433900,1.9061694792e-05,6.60617412895e-06
434000,1.90622270245e-05,6.60471596755e-06
434100,1.90627592719e-05,6.60325847812e-06
434200,1.90632915342e-05,6.60180166021e-06
434300,1.90638238114e-05,6.60034551332e-06
434400,1.90643561036e-05,6.59889003702e-06
434500,1.90648884105e-05,6.59743523082e-06
434600,1.90654207324e-05,6.59598109427e-06
434700,1.90659530692e-05,6.59452762692e-06
434800,1.90664854209e-05,6.59307482829e-06
434900,1.90670177874e-05,6.59162269792e-06
435000,1.90675501688e-05,6.59017123534e-06
435100,1.90680825651e-05,6.58872044012e-06
435200,1.90686149762e-05,6.58727031176e-06
435300,1.90691474021e-05,6.58582084982e-06
435400,1.90696798431e-05,6.58437205386e-06
435500,1.90702122989e-05,6.5829239234e-06
435600,1.90707447698e-05,6.581476458e-06
435700,1.90712772552e-05,6.58002965715e-06
435800,1.90718097558e-05,6.57858352046e-06
435900,1.90723422712e-05,6.57713804743e-06
436000,1.90728748015e-05,6.57569323763e-06
436100,1.90734073466e-05,6.57424909057e-06
436200,1.90739399065e-05,6.5728056058e-06
436300,1.90744724815e-05,6.57136278291e-06
436400,1.90750050712e-05,6.56992062138e-06
436500,1.9075537676e-05,6.56847912082e-06
436600,1.90760702955e-05,6.56703828072e-06
436700,1.90766029301e-05,6.56559810067e-06
436800,1.90771355793e-05,6.56415858018e-06
436900,1.90776682436e-05,6.56271971881e-06
437000,1.90782009229e-05,6.56128151615e-06
437100,1.90787336169e-05,6.55984397167e-06
437200,1.90792663258e-05,6.55840708496e-06
437300,1.90797990496e-05,6.55697085557e-06
437400,1.90803317884e-05,6.55553528305e-06
437500,1.90808645421e-05,6.55410036695e-06
437600,1.90813973106e-05,6.55266610681e-06
437700,1.90819300938e-05,6.55123250216e-06
437800,1.90824628921e-05,6.54979955259e-06
437900,1.90829957053e-05,6.54836725764e-06
438000,1.90835285335e-05,6.54693561687e-06
438100,1.90840613762e-05,6.54550462977e-06
438200,1.90845942342e-05,6.544074296e-06
438300,1.90851271069e-05,6.54264461502e-06
438400,1.90856599948e-05,6.54121558646e-06
438500,1.90861928972e-05,6.53978720978e-06
438600,1.90867258147e-05,6.5383594846e-06
438700,1.90872587471e-05,6.53693241047e-06
438800,1.90877916944e-05,6.53550598694e-06
438900,1.90883246567e-05,6.53408021357e-06
439000,1.90888576335e-05,6.53265508985e-06
439100,1.90893906254e-05,6.53123061542e-06
439200,1.90899236323e-05,6.52980678982e-06
439300,1.90904566542e-05,6.52838361261e-06
439400,1.90909896908e-05,6.5269610833e-06
439500,1.90915227424e-05,6.52553920149e-06
439600,1.9092055809e-05,6.52411796674e-06
439700,1.90925888902e-05,6.52269737857e-06
439800,1.90931219865e-05,6.52127743658e-06
439900,1.90936550978e-05,6.51985814032e-06
440000,1.90941882237e-05,6.51843948932e-06
440100,1.90947213647e-05,6.51702148318e-06
440200,1.90952545206e-05,6.51560412144e-06
440300,1.90957876915e-05,6.51418740369e-06
440400,1.90963208771e-05,6.51277132943e-06
440500,1.90968540777e-05,6.51135589826e-06
440600,1.90973872933e-05,6.50994110977e-06
440700,1.90979205237e-05,6.50852696347e-06
440800,1.9098453769e-05,6.50711345894e-06
440900,1.90989870293e-05,6.50570059576e-06
441000,1.90995203045e-05,6.50428837349e-06
441100,1.91000535945e-05,6.50287679167e-06
441200,1.91005868993e-05,6.50146584987e-06
441300,1.91011202192e-05,6.50005554768e-06
441400,1.9101653554e-05,6.49864588464e-06
441500,1.91021869037e-05,6.49723686034e-06
441600,1.91027202682e-05,6.49582847433e-06
441700,1.9103253648e-05,6.4944207262e-06
441800,1.91037870423e-05,6.49301361546e-06
441900,1.91043204516e-05,6.49160714172e-06
442000,1.91048538757e-05,6.49020130452e-06
442100,1.91053873149e-05,6.48879610347e-06
442200,1.91059207691e-05,6.48739153814e-06
442300,1.9106454238e-05,6.48598760803e-06
442400,1.91069877218e-05,6.48458431277e-06
442500,1.91075212207e-05,6.48318165193e-06
442600,1.91080547344e-05,6.48177962504e-06
442700,1.9108588263e-05,6.48037823171e-06
442800,1.91091218067e-05,6.4789774715e-06
442900,1.91096553651e-05,6.47757734396e-06
443000,1.91101889387e-05,6.47617784869e-06
443100,1.91107225268e-05,6.47477898522e-06
443200,1.91112561301e-05,6.47338075318e-06
443300,1.91117897482e-05,6.4719831521e-06
443400,1.91123233811e-05,6.47058618154e-06
443500,1.91128570292e-05,6.46918984115e-06
443600,1.91133906921e-05,6.46779413044e-06
443700,1.91139243697e-05,6.46639904896e-06
443800,1.91144580626e-05,6.46500459637e-06
443900,1.91149917703e-05,6.46361077219e-06
444000,1.9115525493e-05,6.462217576e-06
444100,1.91160592303e-05,6.46082500735e-06
444200,1.91165929829e-05,6.45943306588e-06
444300,1.91171267502e-05,6.45804175111e-06
444400,1.91176605325e-05,6.45665106264e-06
444500,1.91181943297e-05,6.45526100005e-06
444600,1.91187281418e-05,6.45387156291e-06
444700,1.91192619687e-05,6.45248275078e-06
444800,1.91197958106e-05,6.45109456327e-06
444900,1.91203296674e-05,6.44970699995e-06
445000,1.91208635394e-05,6.44832006042e-06
445100,1.91213974261e-05,6.44693374422e-06
445200,1.91219313277e-05,6.44554805093e-06
445300,1.91224652443e-05,6.44416298016e-06
445400,1.91229991758e-05,6.44277853147e-06
445500,1.91235331223e-05,6.44139470445e-06
445600,1.91240670837e-05,6.44001149869e-06
445700,1.912460106e-05,6.43862891375e-06
445800,1.91251350511e-05,6.43724694922e-06
445900,1.91256690573e-05,6.43586560469e-06
446000,1.91262030784e-05,6.43448487974e-06
446100,1.91267371143e-05,6.43310477394e-06
446200,1.91272711653e-05,6.4317252869e-06
446300,1.91278052314e-05,6.43034641821e-06
446400,1.91283393121e-05,6.4289681674e-06
446500,1.91288734078e-05,6.42759053409e-06
446600,1.91294075184e-05,6.42621351786e-06
446700,1.91299416441e-05,6.42483711831e-06
446800,1.91304757843e-05,6.42346133498e-06
446900,1.91310099399e-05,6.42208616754e-06
447000,1.91315441102e-05,6.42071161549e-06
447100,1.91320782956e-05,6.41933767848e-06
447200,1.91326124959e-05,6.41796435607e-06
447300,1.9133146711e-05,6.41659164784e-06
447400,1.91336809412e-05,6.4152195534e-06
447500,1.91342151863e-05,6.41384807231e-06
447600,1.91347494463e-05,6.41247720418e-06
447700,1.91352837211e-05,6.41110694859e-06
447800,1.91358180112e-05,6.40973730516e-06
447900,1.91363523159e-05,6.40836827342e-06
448000,1.91368866356e-05,6.406999853e-06
448100,1.91374209702e-05,6.40563204348e-06
448200,1.91379553197e-05,6.40426484446e-06
448300,1.91384896842e-05,6.40289825552e-06
448400,1.91390240639e-05,6.40153227629e-06
448500,1.91395584582e-05,6.4001669063e-06
448600,1.91400928677e-05,6.3988021452e-06
448700,1.91406272921e-05,6.39743799254e-06
448800,1.91411617313e-05,6.39607444792e-06
448900,1.91416961854e-05,6.39471151093e-06
449000,1.91422306546e-05,6.39334918121e-06
449100,1.91427651388e-05,6.39198745832e-06
449200,1.91432996377e-05,6.39062634183e-06
449300,1.91438341519e-05,6.38926583139e-06
449400,1.91443686806e-05,6.38790592653e-06
449500,1.91449032244e-05,6.38654662689e-06
449600,1.91454377832e-05,6.38518793206e-06
449700,1.91459723572e-05,6.38382984167e-06
449800,1.91465069456e-05,6.38247235522e-06
449900,1.91470415494e-05,6.38111547241e-06
450000,1.91475761678e-05,6.37975919277e-06
450100,1.91481108015e-05,6.37840351595e-06
450200,1.91486454498e-05,6.3770484415e-06
450300,1.91491801133e-05,6.37569396905e-06
450400,1.91497147916e-05,6.37434009818e-06
450500,1.91502494849e-05,6.3729868285e-06
450600,1.91507841932e-05,6.37163415962e-06
450700,1.91513189164e-05,6.37028209112e-06
450800,1.91518536546e-05,6.36893062261e-06
450900,1.91523884077e-05,6.36757975368e-06
451000,1.91529231758e-05,6.36622948396e-06
451100,1.91534579588e-05,6.36487981302e-06
451200,1.91539927566e-05,6.36353074045e-06
451300,1.91545275695e-05,6.36218226589e-06
451400,1.91550623974e-05,6.36083438894e-06
451500,1.91555972403e-05,6.35948710919e-06
451600,1.91561320981e-05,6.35814042625e-06
451700,1.91566669707e-05,6.3567943397e-06
451800,1.91572018584e-05,6.35544884917e-06
451900,1.91577367612e-05,6.35410395426e-06
452000,1.91582716788e-05,6.35275965458e-06
452100,1.91588066111e-05,6.35141594967e-06
452200,1.91593415587e-05,6.35007283924e-06
452300,1.91598765211e-05,6.34873032284e-06
452400,1.91604114983e-05,6.34738840005e-06
452500,1.91609464908e-05,6.34604707055e-06
452600,1.91614814981e-05,6.34470633389e-06
452700,1.91620165203e-05,6.34336618968e-06
452800,1.91625515577e-05,6.34202663757e-06
452900,1.91630866098e-05,6.34068767711e-06
453000,1.91636216771e-05,6.33934930797e-06
453100,1.9164156759e-05,6.33801152967e-06
453200,1.91646918563e-05,6.33667434192e-06
453300,1.91652269681e-05,6.33533774423e-06
453400,1.9165762095e-05,6.33400173629e-06
453500,1.91662972371e-05,6.3326663177e-06
453600,1.91668323938e-05,6.33133148801e-06
453700,1.91673675658e-05,6.32999724692e-06
453800,1.91679027526e-05,6.32866359396e-06
453900,1.91684379544e-05,6.32733052878e-06
454000,1.91689731711e-05,6.32599805098e-06
454100,1.91695084029e-05,6.32466616019e-06
454200,1.91700436496e-05,6.323334856e-06
454300,1.91705789113e-05,6.32200413805e-06
454400,1.91711141878e-05,6.3206740059e-06
454500,1.91716494794e-05,6.31934445922e-06
454600,1.91721847858e-05,6.31801549758e-06
454700,1.91727201075e-05,6.31668712066e-06
454800,1.91732554439e-05,6.31535932798e-06
454900,1.91737907953e-05,6.31403211923e-06
455000,1.91743261616e-05,6.31270549398e-06
455100,1.9174861543e-05,6.31137945188e-06
455200,1.91753969395e-05,6.31005399255e-06
455300,1.91759323506e-05,6.30872911554e-06
455400,1.9176467777e-05,6.30740482055e-06
455500,1.91770032183e-05,6.30608110715e-06
455600,1.91775386742e-05,6.30475797493e-06
455700,1.91780741453e-05,6.30343542356e-06
455800,1.91786096316e-05,6.30211345266e-06
455900,1.91791451329e-05,6.30079206184e-06
456000,1.91796806489e-05,6.29947125068e-06
456100,1.918021618e-05,6.29815101884e-06
456200,1.91807517259e-05,6.29683136591e-06
456300,1.91812872869e-05,6.29551229152e-06
456400,1.9181822863e-05,6.29419379532e-06
456500,1.91823584539e-05,6.29287587688e-06
456600,1.91828940598e-05,6.29155853584e-06
456700,1.91834296806e-05,6.29024177182e-06
456800,1.91839653165e-05,6.28892558447e-06
456900,1.91845009672e-05,6.28760997336e-06
457000,1.91850366331e-05,6.28629493816e-06
457100,1.9185572314e-05,6.28498047848e-06
457200,1.91861080097e-05,6.2836665939e-06
457300,1.91866437205e-05,6.2823532841e-06
457400,1.91871794462e-05,6.28104054866e-06
457500,1.9187715187e-05,6.27972838724e-06
457600,1.91882509427e-05,6.27841679943e-06
457700,1.91887867133e-05,6.27710578488e-06
457800,1.91893224989e-05,6.27579534318e-06
457900,1.91898582995e-05,6.27448547399e-06
458000,1.9190394115e-05,6.27317617692e-06
458100,1.91909299456e-05,6.27186745161e-06
458200,1.9191465791e-05,6.27055929764e-06
458300,1.91920016516e-05,6.2692517147e-06
458400,1.91925375273e-05,6.2679447024e-06
458500,1.91930734177e-05,6.26663826033e-06
458600,1.91936093232e-05,6.26533238813e-06
458700,1.91941452437e-05,6.26402708545e-06
458800,1.91946811792e-05,6.26272235192e-06
458900,1.91952171296e-05,6.26141818713e-06
459000,1.9195753095e-05,6.26011459072e-06
459100,1.91962890753e-05,6.25881156233e-06
459200,1.91968250706e-05,6.25750910159e-06
459300,1.9197361081e-05,6.25620720813e-06
459400,1.91978971062e-05,6.25490588156e-06
459500,1.91984331468e-05,6.25360512157e-06
459600,1.9198969202e-05,6.25230492771e-06
459700,1.91995052723e-05,6.25100529965e-06
459800,1.92000413576e-05,6.24970623701e-06
459900,1.92005774579e-05,6.24840773944e-06
460000,1.92011135731e-05,6.24710980655e-06
460100,1.92016497033e-05,6.24581243799e-06
460200,1.92021858486e-05,6.24451563338e-06
460300,1.92027220088e-05,6.24321939235e-06
460400,1.92032581842e-05,6.24192371456e-06
460500,1.92037943744e-05,6.2406285996e-06
460600,1.92043305795e-05,6.23933404713e-06
460700,1.92048667998e-05,6.23804005678e-06
460800,1.92054030348e-05,6.23674662815e-06
460900,1.92059392851e-05,6.23545376095e-06
461000,1.92064755501e-05,6.23416145474e-06
461100,1.92070118303e-05,6.23286970921e-06
461200,1.92075481255e-05,6.23157852396e-06
461300,1.92080844357e-05,6.23028789864e-06
461400,1.92086207609e-05,6.22899783289e-06
461500,1.92091571009e-05,6.22770832631e-06
461600,1.9209693456e-05,6.22641937858e-06
461700,1.92102298262e-05,6.22513098933e-06
461800,1.92107662113e-05,6.22384315819e-06
461900,1.92113026113e-05,6.22255588477e-06
462000,1.92118390264e-05,6.22126916875e-06
462100,1.92123754566e-05,6.21998300976e-06
462200,1.92129119017e-05,6.21869740743e-06
462300,1.92134483618e-05,6.2174123614e-06
462400,1.9213984837e-05,6.21612787131e-06
462500,1.9214521327e-05,6.21484393678e-06
462600,1.92150578322e-05,6.21356055748e-06
462700,1.92155943522e-05,6.21227773304e-06
462800,1.92161308873e-05,6.21099546308e-06
462900,1.92166674374e-05,6.20971374727e-06
463000,1.92172040024e-05,6.20843258523e-06
463100,1.92177405826e-05,6.20715197663e-06
463200,1.92182771777e-05,6.20587192108e-06
463300,1.92188137879e-05,6.20459241824e-06
463400,1.9219350413e-05,6.20331346773e-06
463500,1.9219887053e-05,6.20203506921e-06
463600,1.92204237081e-05,6.20075722233e-06
463700,1.92209603782e-05,6.19947992672e-06
463800,1.92214970633e-05,6.19820318201e-06
463900,1.92220337632e-05,6.19692698787e-06
464000,1.92225704785e-05,6.19565134396e-06
464100,1.92231072086e-05,6.19437624987e-06
464200,1.92236439536e-05,6.19310170527e-06
464300,1.92241807139e-05,6.19182770984e-06
464400,1.9224717489e-05,6.19055426316e-06
464500,1.92252542792e-05,6.18928136493e-06
464600,1.92257910844e-05,6.18800901477e-06
464700,1.92263279045e-05,6.18673721233e-06
464800,1.92268647396e-05,6.18546595724e-06
464900,1.92274015898e-05,6.18419524918e-06
465000,1.92279384549e-05,6.18292508777e-06
465100,1.92284753351e-05,6.18165547268e-06
465200,1.92290122304e-05,6.18038640355e-06
465300,1.92295491406e-05,6.17911788002e-06
465400,1.92300860658e-05,6.17784990172e-06
465500,1.92306230061e-05,6.17658246836e-06
465600,1.92311599612e-05,6.17531557951e-06
465700,1.92316969316e-05,6.17404923488e-06
465800,1.92322339168e-05,6.1727834341e-06
465900,1.92327709172e-05,6.17151817682e-06
466000,1.92333079324e-05,6.17025346267e-06
466100,1.92338449627e-05,6.16898929132e-06
466200,1.9234382008e-05,6.16772566242e-06
466300,1.92349190684e-05,6.16646257564e-06
466400,1.92354561436e-05,6.16520003057e-06
466500,1.92359932341e-05,6.16393802694e-06
466600,1.92365303395e-05,6.16267656436e-06
466700,1.92370674598e-05,6.16141564247e-06
466800,1.92376045954e-05,6.16015526096e-06
466900,1.92381417456e-05,6.15889541942e-06
467000,1.92386789112e-05,6.15763611759e-06
467100,1.92392160916e-05,6.15637735506e-06
467200,1.92397532872e-05,6.15511913151e-06
467300,1.92402904976e-05,6.15386144656e-06
467400,1.92408277233e-05,6.15260429993e-06
467500,1.92413649637e-05,6.15134769119e-06
467600,1.9241902219e-05,6.15009162003e-06
467700,1.92424394896e-05,6.14883608615e-06
467800,1.92429767754e-05,6.14758108917e-06
467900,1.9243514076e-05,6.14632662874e-06
468000,1.92440513916e-05,6.14507270451e-06
468100,1.92445887224e-05,6.14381931617e-06
468200,1.9245126068e-05,6.14256646333e-06
468300,1.92456634287e-05,6.14131414568e-06
468400,1.92462008045e-05,6.14006236287e-06
468500,1.92467381953e-05,6.13881111456e-06
468600,1.92472756011e-05,6.1375604004e-06
468700,1.92478130217e-05,6.13631022001e-06
468800,1.92483504578e-05,6.13506057316e-06
468900,1.92488879084e-05,6.13381145938e-06
469000,1.92494253744e-05,6.13256287842e-06
469100,1.92499628554e-05,6.1313148299e-06
469200,1.92505003514e-05,6.13006731349e-06
469300,1.92510378623e-05,6.12882032883e-06
469400,1.92515753881e-05,6.12757387558e-06
469500,1.92521129291e-05,6.12632795344e-06
469600,1.92526504852e-05,6.12508256204e-06
469700,1.92531880563e-05,6.12383770106e-06
469800,1.92537256423e-05,6.12259337013e-06
469900,1.92542632436e-05,6.12134956896e-06
470000,1.92548008598e-05,6.12010629716e-06
470100,1.92553384909e-05,6.11886355441e-06
470200,1.92558761371e-05,6.11762134038e-06
470300,1.92564137985e-05,6.11637965474e-06
470400,1.92569514746e-05,6.11513849711e-06
470500,1.92574891659e-05,6.11389786721e-06
470600,1.92580268723e-05,6.11265776469e-06
470700,1.92585645936e-05,6.11141818917e-06
470800,1.925910233e-05,6.11017914037e-06
470900,1.92596400815e-05,6.10894061793e-06
471000,1.92601778481e-05,6.10770262152e-06
471100,1.92607156295e-05,6.10646515079e-06
471200,1.92612534261e-05,6.10522820541e-06
471300,1.92617912376e-05,6.10399178505e-06
471400,1.92623290645e-05,6.10275588942e-06
471500,1.92628669059e-05,6.10152051809e-06
471600,1.92634047626e-05,6.1002856708e-06
471700,1.92639426343e-05,6.09905134719e-06
471800,1.9264480521e-05,6.09781754693e-06
471900,1.92650184229e-05,6.09658426971e-06
472000,1.92655563397e-05,6.09535151516e-06
472100,1.92660942716e-05,6.09411928297e-06
472200,1.92666322185e-05,6.09288757282e-06
472300,1.92671701804e-05,6.09165638434e-06
472400,1.92677081576e-05,6.09042571725e-06
472500,1.92682461497e-05,6.08919557117e-06
472600,1.92687841566e-05,6.08796594577e-06
472700,1.92693221787e-05,6.08673684076e-06
472800,1.92698602161e-05,6.0855082558e-06
472900,1.92703982681e-05,6.08428019051e-06
473000,1.92709363353e-05,6.08305264462e-06
473100,1.92714744175e-05,6.08182561777e-06
473200,1.9272012515e-05,6.08059910967e-06
473300,1.92725506272e-05,6.07937311992e-06
473400,1.92730887548e-05,6.07814764827e-06
473500,1.92736268973e-05,6.07692269434e-06
473600,1.92741650548e-05,6.07569825781e-06
473700,1.92747032273e-05,6.07447433836e-06
473800,1.92752414151e-05,6.07325093568e-06
473900,1.92757796176e-05,6.07202804939e-06
474000,1.92763178352e-05,6.0708056792e-06
474100,1.9276856068e-05,6.0695838248e-06
474200,1.92773943159e-05,6.06836248585e-06
474300,1.92779325786e-05,6.06714166199e-06
474400,1.92784708567e-05,6.06592135295e-06
474500,1.92790091496e-05,6.06470155836e-06
474600,1.92795474575e-05,6.06348227791e-06
474700,1.92800857806e-05,6.06226351129e-06
474800,1.92806241186e-05,6.06104525814e-06
474900,1.92811624718e-05,6.05982751817e-06
475000,1.92817008399e-05,6.05861029103e-06
475100,1.92822392231e-05,6.05739357642e-06
475200,1.92827776216e-05,6.05617737402e-06
475300,1.92833160347e-05,6.05496168346e-06
475400,1.92838544632e-05,6.05374650447e-06
475500,1.92843929068e-05,6.05253183672e-06
475600,1.92849313652e-05,6.05131767984e-06
475700,1.92854698389e-05,6.05010403357e-06
475800,1.92860083275e-05,6.04889089754e-06
475900,1.92865468309e-05,6.04767827142e-06
476000,1.92870853494e-05,6.04646615493e-06
476100,1.92876238835e-05,6.04525454779e-06
476200,1.92881624321e-05,6.04404344956e-06
476300,1.9288700996e-05,6.04283286001e-06
476400,1.92892395751e-05,6.0416227788e-06
476500,1.92897781692e-05,6.04041320561e-06
476600,1.92903167782e-05,6.03920414009e-06
476700,1.92908554022e-05,6.03799558194e-06
476800,1.92913940415e-05,6.03678753087e-06
476900,1.92919326957e-05,6.03557998651e-06
477000,1.9292471365e-05,6.03437294857e-06
477100,1.92930100494e-05,6.03316641674e-06
477200,1.92935487488e-05,6.03196039068e-06
477300,1.92940874632e-05,6.03075487008e-06
477400,1.92946261928e-05,6.02954985464e-06
477500,1.92951649374e-05,6.02834534401e-06
477600,1.92957036971e-05,6.02714133789e-06
477700,1.92962424718e-05,6.02593783597e-06
477800,1.92967812616e-05,6.02473483792e-06
477900,1.92973200664e-05,6.02353234342e-06
478000,1.92978588863e-05,6.02233035217e-06
478100,1.92983977214e-05,6.02112886387e-06
478200,1.92989365714e-05,6.01992787817e-06
478300,1.92994754364e-05,6.01872739474e-06
478400,1.93000143166e-05,6.01752741331e-06
478500,1.93005532117e-05,6.01632793353e-06
478600,1.93010921221e-05,6.01512895513e-06
478700,1.93016310475e-05,6.01393047776e-06
478800,1.93021699879e-05,6.01273250111e-06
478900,1.93027089434e-05,6.01153502486e-06
479000,1.93032479139e-05,6.01033804872e-06
479100,1.93037868995e-05,6.00914157235e-06
479200,1.93043259005e-05,6.00794559549e-06
479300,1.9304864916e-05,6.00675011773e-06
479400,1.93054039468e-05,6.00555513884e-06
479500,1.93059429928e-05,6.0043606585e-06
479600,1.93064820538e-05,6.00316667636e-06
479700,1.93070211299e-05,6.00197319214e-06
479800,1.9307560221e-05,6.00078020552e-06
479900,1.93080993273e-05,5.99958771619e-06
480000,1.93086384487e-05,5.99839572384e-06
480100,1.93091775849e-05,5.99720422813e-06
480200,1.93097167363e-05,5.99601322879e-06
480300,1.93102559027e-05,5.99482272548e-06
480400,1.93107950843e-05,5.99363271793e-06
480500,1.93113342809e-05,5.99244320578e-06
480600,1.93118734925e-05,5.99125418875e-06
480700,1.93124127194e-05,5.99006566655e-06
480800,1.93129519613e-05,5.98887763885e-06
480900,1.9313491218e-05,5.9876901053e-06
481000,1.93140304904e-05,5.9865030657e-06
481100,1.93145697774e-05,5.98531651962e-06
481200,1.93151090797e-05,5.98413046683e-06
481300,1.93156483969e-05,5.98294490698e-06
481400,1.93161877291e-05,5.98175983978e-06
481500,1.93167270765e-05,5.98057526493e-06
481600,1.9317266439e-05,5.97939118213e-06
481700,1.93178058164e-05,5.97820759103e-06
481800,1.93183452091e-05,5.97702449138e-06
481900,1.93188846168e-05,5.97584188284e-06
482000,1.93194240397e-05,5.97465976512e-06
482100,1.93199634777e-05,5.97347813792e-06
482200,1.93205029306e-05,5.9722970009e-06
482300,1.93210423986e-05,5.97111635378e-06
482400,1.93215818819e-05,5.96993619627e-06
482500,1.93221213799e-05,5.96875652801e-06
482600,1.93226608933e-05,5.96757734876e-06
482700,1.93232004217e-05,5.9663986582e-06
482800,1.93237399651e-05,5.96522045599e-06
482900,1.93242795235e-05,5.96404274185e-06
483000,1.93248190972e-05,5.9628655155e-06
483100,1.93253586859e-05,5.96168877661e-06
483200,1.93258982899e-05,5.96051252491e-06
483300,1.93264379088e-05,5.95933676004e-06
483400,1.93269775427e-05,5.95816148173e-06
483500,1.93275171919e-05,5.9569866897e-06
483600,1.9328056856e-05,5.9558123836e-06
483700,1.93285965351e-05,5.95463856315e-06
483800,1.93291362293e-05,5.95346522804e-06
483900,1.93296759388e-05,5.95229237802e-06
484000,1.93302156631e-05,5.95112001271e-06
484100,1.93307554028e-05,5.94994813189e-06
484200,1.93312951574e-05,5.94877673521e-06
484300,1.93318349271e-05,5.94760582236e-06
484400,1.9332374712e-05,5.94643539309e-06
484500,1.93329145121e-05,5.94526544707e-06
484600,1.93334543272e-05,5.944095984e-06
484700,1.93339941573e-05,5.94292700357e-06
484800,1.93345340025e-05,5.94175850549e-06
484900,1.93350738628e-05,5.94059048947e-06
485000,1.93356137381e-05,5.9394229552e-06
485100,1.93361536286e-05,5.9382559024e-06
485200,1.93366935344e-05,5.93708933078e-06
485300,1.9337233455e-05,5.93592324e-06
485400,1.93377733909e-05,5.9347576298e-06
485500,1.93383133418e-05,5.93359249987e-06
485600,1.93388533078e-05,5.93242784991e-06
485700,1.93393932887e-05,5.9312636796e-06
485800,1.9339933285e-05,5.93009998871e-06
485900,1.93404732963e-05,5.92893677689e-06
486000,1.93410133227e-05,5.92777404386e-06
486100,1.93415533641e-05,5.92661178931e-06
486200,1.93420934206e-05,5.92545001296e-06
486300,1.93426334923e-05,5.92428871452e-06
486400,1.93431735791e-05,5.9231278937e-06
486500,1.9343713681e-05,5.92196755018e-06
486600,1.93442537979e-05,5.92080768368e-06
486700,1.934479393e-05,5.9196482939e-06
486800,1.93453340771e-05,5.91848938056e-06
486900,1.93458742394e-05,5.91733094335e-06
487000,1.93464144168e-05,5.91617298199e-06
487100,1.93469546091e-05,5.91501549616e-06
487200,1.93474948166e-05,5.9138584856e-06
487300,1.93480350393e-05,5.91270195001e-06
487400,1.93485752772e-05,5.91154588911e-06
487500,1.934911553e-05,5.91039030257e-06
487600,1.93496557981e-05,5.90923519013e-06
487700,1.93501960812e-05,5.90808055148e-06
487800,1.93507363796e-05,5.90692638636e-06
487900,1.93512766927e-05,5.90577269441e-06
488000,1.93518170212e-05,5.90461947541e-06
488100,1.93523573646e-05,5.90346672903e-06
488200,1.93528977232e-05,5.902314455e-06
488300,1.93534380969e-05,5.90116265302e-06
488400,1.93539784857e-05,5.9000113228e-06
488500,1.93545188897e-05,5.89886046406e-06
488600,1.93550593089e-05,5.89771007651e-06
488700,1.93555997429e-05,5.89656015982e-06
488800,1.93561401923e-05,5.89541071377e-06
488900,1.93566806566e-05,5.89426173802e-06
489000,1.93572211361e-05,5.8931132323e-06
489100,1.93577616308e-05,5.89196519633e-06
489200,1.93583021404e-05,5.89081762978e-06
489300,1.93588426651e-05,5.8896705324e-06
489400,1.93593832053e-05,5.88852390393e-06
489500,1.93599237601e-05,5.88737774399e-06
489600,1.93604643304e-05,5.88623205241e-06
489700,1.93610049154e-05,5.88508682878e-06
489800,1.93615455161e-05,5.88394207294e-06
489900,1.93620861314e-05,5.8827977845e-06
490000,1.93626267621e-05,5.88165396323e-06
490100,1.93631674079e-05,5.88051060883e-06
490200,1.93637080686e-05,5.87936772099e-06
490300,1.93642487446e-05,5.87822529948e-06
490400,1.93647894358e-05,5.87708334397e-06
490500,1.93653301417e-05,5.87594185415e-06
490600,1.93658708632e-05,5.87480082982e-06
490700,1.93664115996e-05,5.87366027063e-06
490800,1.93669523512e-05,5.87252017631e-06
490900,1.93674931178e-05,5.87138054658e-06
491000,1.93680338998e-05,5.87024138117e-06
491100,1.93685746966e-05,5.86910267975e-06
491200,1.93691155085e-05,5.86796444207e-06
491300,1.93696563357e-05,5.86682666786e-06
491400,1.93701971779e-05,5.86568935681e-06
491500,1.93707380355e-05,5.86455250867e-06
491600,1.93712789077e-05,5.86341612309e-06
491700,1.93718197953e-05,5.86228019987e-06
491800,1.93723606981e-05,5.86114473869e-06
491900,1.93729016161e-05,5.86000973927e-06
492000,1.9373442549e-05,5.85887520131e-06
492100,1.93739834972e-05,5.85774112456e-06
492200,1.93745244606e-05,5.85660750874e-06
492300,1.93750654389e-05,5.85547435353e-06
492400,1.93756064323e-05,5.85434165867e-06
492500,1.9376147441e-05,5.85320942391e-06
492600,1.93766884647e-05,5.85207764891e-06
492700,1.93772295033e-05,5.85094633342e-06
492800,1.93777705575e-05,5.84981547719e-06
492900,1.93783116264e-05,5.84868507988e-06
493000,1.93788527107e-05,5.84755514129e-06
493100,1.937939381e-05,5.84642566106e-06
493200,1.93799349247e-05,5.84529663898e-06
493300,1.93804760544e-05,5.84416807472e-06
493400,1.93810171991e-05,5.84303996801e-06
493500,1.9381558359e-05,5.84191231859e-06
493600,1.93820995339e-05,5.84078512616e-06
493700,1.93826407241e-05,5.83965839047e-06
493800,1.93831819294e-05,5.83853211122e-06
493900,1.93837231498e-05,5.83740628815e-06
494000,1.93842643851e-05,5.83628092094e-06
494100,1.9384805636e-05,5.83515600939e-06
494200,1.93853469018e-05,5.83403155317e-06
494300,1.93858881827e-05,5.83290755199e-06
494400,1.93864294788e-05,5.83178400562e-06
494500,1.93869707901e-05,5.83066091376e-06
494600,1.93875121164e-05,5.82953827613e-06
494700,1.93880534578e-05,5.82841609245e-06
494800,1.93885948145e-05,5.82729436247e-06
494900,1.93891361862e-05,5.82617308589e-06
495000,1.93896775731e-05,5.82505226244e-06
495100,1.9390218975e-05,5.82393189185e-06
495200,1.9390760392e-05,5.82281197384e-06
495300,1.93913018246e-05,5.82169250818e-06
495400,1.93918432719e-05,5.82057349452e-06
495500,1.93923847346e-05,5.81945493265e-06
495600,1.93929262121e-05,5.81833682223e-06
495700,1.9393467705e-05,5.81721916307e-06
495800,1.93940092129e-05,5.81610195482e-06
495900,1.9394550736e-05,5.81498519725e-06
496000,1.93950922742e-05,5.81386889008e-06
496100,1.93956338276e-05,5.81275303304e-06
496200,1.93961753961e-05,5.81163762585e-06
496300,1.93967169799e-05,5.81052266826e-06
496400,1.93972585787e-05,5.80940815997e-06
496500,1.93978001927e-05,5.80829410071e-06
496600,1.93983418219e-05,5.80718049024e-06
496700,1.93988834661e-05,5.80606732824e-06
496800,1.93994251256e-05,5.80495461448e-06
496900,1.93999668001e-05,5.80384234867e-06
497000,1.94005084894e-05,5.8027305305e-06
497100,1.94010501945e-05,5.80161915981e-06
497200,1.94015919143e-05,5.80050823622e-06
497300,1.94021336495e-05,5.79939775953e-06
497400,1.94026753998e-05,5.79828772944e-06
497500,1.94032171651e-05,5.79717814567e-06
497600,1.94037589456e-05,5.79606900797e-06
497700,1.94043007415e-05,5.79496031609e-06
497800,1.94048425523e-05,5.79385206972e-06
497900,1.94053843783e-05,5.79274426862e-06
498000,1.94059262194e-05,5.7916369125e-06
498100,1.94064680755e-05,5.79053000109e-06
498200,1.9407009947e-05,5.78942353415e-06
498300,1.94075518336e-05,5.7883175114e-06
498400,1.94080937354e-05,5.78721193258e-06
498500,1.94086356522e-05,5.78610679739e-06
498600,1.94091775843e-05,5.78500210561e-06
498700,1.94097195316e-05,5.78389785695e-06
498800,1.94102614939e-05,5.78279405113e-06
498900,1.94108034715e-05,5.78169068791e-06
499000,1.9411345464e-05,5.78058776697e-06
499100,1.9411887472e-05,5.77948528814e-06
499200,1.94124294948e-05,5.77838325105e-06
499300,1.94129715328e-05,5.77728165551e-06
499400,1.9413513586e-05,5.77618050121e-06
499500,1.94140556545e-05,5.77507978792e-06
499600,1.94145977382e-05,5.77397951537e-06
499700,1.94151398368e-05,5.77287968326e-06
499800,1.94156819507e-05,5.77178029136e-06
499900,1.94162240799e-05,5.7706813394e-06
500000,1.9416766224e-05,5.76958282709e-06
500100,1.94173083834e-05,5.76848475421e-06
500200,1.94178505579e-05,5.76738712046e-06
500300,1.94183927475e-05,5.76628992558e-06
500400,1.94189349523e-05,5.76519316933e-06
500500,1.94194771723e-05,5.76409685144e-06
500600,1.94200194074e-05,5.76300097162e-06
500700,1.94205616578e-05,5.76190552965e-06
500800,1.94211039233e-05,5.76081052525e-06
500900,1.94216462038e-05,5.75971595813e-06
501000,1.94221884998e-05,5.75862182808e-06
501100,1.94227308106e-05,5.75752813479e-06
501200,1.94232731368e-05,5.75643487802e-06
501300,1.9423815478e-05,5.75534205751e-06
501400,1.94243578344e-05,5.75424967299e-06
501500,1.94249002061e-05,5.75315772423e-06
501600,1.94254425927e-05,5.75206621091e-06
501700,1.94259849947e-05,5.75097513283e-06
501800,1.94265274118e-05,5.7498844897e-06
501900,1.94270698441e-05,5.74879428127e-06
502000,1.94276122916e-05,5.74770450727e-06
502100,1.94281547542e-05,5.74661516745e-06
502200,1.9428697232e-05,5.74552626154e-06
502300,1.94292397248e-05,5.74443778927e-06
502400,1.94297822329e-05,5.74334975041e-06
502500,1.94303247561e-05,5.74226214469e-06
502600,1.94308672946e-05,5.74117497185e-06
502700,1.94314098481e-05,5.74008823163e-06
502800,1.94319524168e-05,5.73900192377e-06
502900,1.94324950009e-05,5.73791604803e-06
503000,1.94330376e-05,5.73683060413e-06
503100,1.94335802142e-05,5.73574559181e-06
503200,1.94341228436e-05,5.73466101083e-06
503300,1.94346654883e-05,5.73357686093e-06
503400,1.94352081481e-05,5.73249314185e-06
503500,1.94357508232e-05,5.73140985333e-06
503600,1.94362935131e-05,5.73032699509e-06
503700,1.94368362183e-05,5.72924456691e-06
503800,1.94373789387e-05,5.72816256854e-06
503900,1.94379216743e-05,5.72708099969e-06
504000,1.94384644253e-05,5.72599986014e-06
504100,1.94390071913e-05,5.72491914961e-06
504200,1.94395499724e-05,5.72383886784e-06
504300,1.94400927687e-05,5.72275901459e-06
504400,1.94406355804e-05,5.72167958962e-06
504500,1.94411784071e-05,5.72060059264e-06
504600,1.9441721249e-05,5.71952202341e-06
504700,1.94422641061e-05,5.71844388168e-06
504800,1.94428069781e-05,5.71736616717e-06
504900,1.94433498657e-05,5.71628887968e-06
505000,1.94438927682e-05,5.7152120189e-06
505100,1.94444356859e-05,5.71413558462e-06
505200,1.9444978619e-05,5.71305957657e-06
505300,1.9445521567e-05,5.71198399448e-06
505400,1.94460645303e-05,5.71090883811e-06
505500,1.94466075088e-05,5.70983410723e-06
505600,1.94471505026e-05,5.70875980157e-06
505700,1.94476935114e-05,5.70768592085e-06
505800,1.94482365353e-05,5.70661246485e-06
505900,1.94487795745e-05,5.70553943331e-06
506000,1.9449322629e-05,5.70446682599e-06
506100,1.94498656986e-05,5.70339464262e-06
506200,1.94504087833e-05,5.70232288295e-06
506300,1.94509518832e-05,5.70125154674e-06
506400,1.94514949983e-05,5.70018063373e-06
506500,1.94520381285e-05,5.69911014368e-06
506600,1.9452581274e-05,5.69804007633e-06
506700,1.94531244347e-05,5.69697043143e-06
506800,1.94536676106e-05,5.69590120874e-06
506900,1.94542108016e-05,5.694832408e-06
507000,1.94547540078e-05,5.69376402895e-06
507100,1.94552972292e-05,5.69269607137e-06
507200,1.94558404659e-05,5.691628535e-06
507300,1.94563837178e-05,5.69056141958e-06
507400,1.94569269847e-05,5.68949472485e-06
507500,1.9457470267e-05,5.6884284506e-06
507600,1.94580135645e-05,5.68736259655e-06
507700,1.94585568769e-05,5.68629716244e-06
507800,1.94591002046e-05,5.68523214806e-06
507900,1.94596435476e-05,5.68416755315e-06
508000,1.94601869056e-05,5.68310337744e-06
508100,1.94607302789e-05,5.6820396207e-06
508200,1.94612736675e-05,5.68097628269e-06
508300,1.94618170711e-05,5.67991336315e-06
508400,1.94623604899e-05,5.67885086183e-06
508500,1.94629039242e-05,5.67778877852e-06
508600,1.94634473734e-05,5.67672711292e-06
508700,1.94639908379e-05,5.67566586481e-06
508800,1.94645343175e-05,5.67460503394e-06
508900,1.94650778125e-05,5.67354462008e-06
509000,1.94656213225e-05,5.67248462295e-06
509100,1.94661648476e-05,5.67142504232e-06
509200,1.94667083881e-05,5.67036587797e-06
509300,1.94672519437e-05,5.66930712962e-06
509400,1.94677955145e-05,5.66824879702e-06
509500,1.94683391007e-05,5.66719087998e-06
509600,1.94688827019e-05,5.6661333782e-06
509700,1.94694263184e-05,5.66507629147e-06
509800,1.946996995e-05,5.66401961951e-06
509900,1.9470513597e-05,5.66296336212e-06
510000,1.9471057259e-05,5.66190751901e-06
510100,1.94716009361e-05,5.66085208995e-06
510200,1.94721446284e-05,5.65979707471e-06
510300,1.94726883362e-05,5.65874247306e-06
510400,1.94732320588e-05,5.6576882847e-06
510500,1.94737757969e-05,5.65663450946e-06
510600,1.94743195502e-05,5.65558114706e-06
510700,1.94748633187e-05,5.65452819726e-06
510800,1.94754071025e-05,5.65347565983e-06
510900,1.94759509013e-05,5.65242353449e-06
511000,1.94764947153e-05,5.65137182102e-06
511100,1.94770385447e-05,5.6503205192e-06
511200,1.9477582389e-05,5.64926962875e-06
511300,1.94781262487e-05,5.64821914946e-06
511400,1.94786701236e-05,5.64716908108e-06
511500,1.94792140135e-05,5.64611942335e-06
511600,1.94797579189e-05,5.64507017607e-06
511700,1.94803018392e-05,5.64402133894e-06
511800,1.94808457749e-05,5.64297291178e-06
511900,1.9481389726e-05,5.64192489434e-06
512000,1.94819336921e-05,5.64087728634e-06
512100,1.94824776734e-05,5.63983008757e-06
512200,1.948302167e-05,5.63878329779e-06
512300,1.94835656816e-05,5.63773691673e-06
512400,1.94841097085e-05,5.63669094419e-06
512500,1.94846537507e-05,5.63564537992e-06
512600,1.94851978081e-05,5.63460022368e-06
512700,1.94857418808e-05,5.63355547524e-06
512800,1.94862859683e-05,5.6325111343e-06
512900,1.94868300715e-05,5.63146720073e-06
513000,1.94873741898e-05,5.63042367421e-06
513100,1.94879183233e-05,5.62938055453e-06
513200,1.94884624719e-05,5.62833784144e-06
513300,1.94890066355e-05,5.62729553468e-06
513400,1.94895508148e-05,5.62625363409e-06
513500,1.94900950092e-05,5.62521213937e-06
513600,1.94906392186e-05,5.62417105029e-06
513700,1.94911834432e-05,5.62313036661e-06
513800,1.94917276833e-05,5.62209008813e-06
513900,1.94922719384e-05,5.62105021457e-06
514000,1.94928162087e-05,5.62001074571e-06
514100,1.94933604943e-05,5.61897168132e-06
514200,1.9493904795e-05,5.61793302115e-06
514300,1.94944491111e-05,5.616894765e-06
514400,1.94949934423e-05,5.61585691258e-06
514500,1.94955377887e-05,5.61481946369e-06
514600,1.94960821504e-05,5.61378241808e-06
514700,1.94966265273e-05,5.61274577552e-06
514800,1.94971709194e-05,5.61170953579e-06
514900,1.94977153269e-05,5.61067369865e-06
515000,1.94982597494e-05,5.60963826384e-06
515100,1.94988041869e-05,5.60860323112e-06
515200,1.949934864e-05,5.60756860031e-06
515300,1.94998931082e-05,5.60653437113e-06
515400,1.95004375916e-05,5.60550054337e-06
515500,1.95009820905e-05,5.6044671168e-06
515600,1.95015266044e-05,5.60343409117e-06
515700,1.95020711334e-05,5.60240146622e-06
515800,1.95026156778e-05,5.60136924177e-06
515900,1.95031602372e-05,5.60033741754e-06
516000,1.9503704812e-05,5.59930599335e-06
516100,1.95042494019e-05,5.59827496891e-06
516200,1.95047940074e-05,5.59724434406e-06
516300,1.95053386278e-05,5.59621411849e-06
516400,1.95058832634e-05,5.595184292e-06
516500,1.95064279143e-05,5.59415486438e-06
516600,1.95069725806e-05,5.59312583538e-06
516700,1.95075172619e-05,5.59209720475e-06
516800,1.95080619584e-05,5.59106897228e-06
516900,1.95086066703e-05,5.59004113775e-06
517000,1.95091513973e-05,5.58901370089e-06
517100,1.95096961396e-05,5.58798666151e-06
517200,1.95102408971e-05,5.58696001936e-06
517300,1.95107856699e-05,5.58593377421e-06
517400,1.95113304579e-05,5.58490792583e-06
517500,1.9511875261e-05,5.58388247398e-06
517600,1.95124200794e-05,5.58285741845e-06
517700,1.95129649131e-05,5.58183275902e-06
517800,1.9513509762e-05,5.58080849542e-06
517900,1.95140546262e-05,5.57978462746e-06
518000,1.95145995057e-05,5.5787611549e-06
518100,1.95151444001e-05,5.57773807747e-06
518200,1.95156893101e-05,5.57671539502e-06
518300,1.95162342349e-05,5.57569310723e-06
518400,1.95167791755e-05,5.57467121397e-06
518500,1.9517324131e-05,5.57364971493e-06
518600,1.95178691019e-05,5.57262860993e-06
518700,1.95184140877e-05,5.57160789869e-06
518800,1.9518959089e-05,5.57058758104e-06
518900,1.95195041056e-05,5.56956765674e-06
519000,1.95200491372e-05,5.56854812554e-06
519100,1.95205941843e-05,5.56752898724e-06
519200,1.95211392464e-05,5.56651024157e-06
519300,1.95216843239e-05,5.56549188835e-06
519400,1.95222294168e-05,5.56447392735e-06
519500,1.95227745247e-05,5.5634563583e-06
519600,1.95233196477e-05,5.562439181e-06
519700,1.95238647863e-05,5.56142239525e-06
519800,1.95244099399e-05,5.56040600078e-06
519900,1.95249551088e-05,5.55938999738e-06
520000,1.95255002929e-05,5.55837438484e-06
520100,1.95260454922e-05,5.55735916291e-06
520200,1.95265907068e-05,5.55634433138e-06
520300,1.95271359364e-05,5.55532989e-06
520400,1.95276811816e-05,5.5543158386e-06
520500,1.95282264421e-05,5.55330217692e-06
520600,1.95287717177e-05,5.55228890474e-06
520700,1.95293170085e-05,5.55127602182e-06
520800,1.95298623147e-05,5.55026352796e-06
520900,1.95304076361e-05,5.54925142292e-06
521000,1.95309529725e-05,5.54823970647e-06
521100,1.95314983244e-05,5.5472283784e-06
521200,1.95320436915e-05,5.5462174385e-06
521300,1.95325890738e-05,5.54520688651e-06
521400,1.95331344714e-05,5.54419672224e-06
521500,1.9533679884e-05,5.54318694543e-06
521600,1.95342253123e-05,5.54217755591e-06
521700,1.95347707555e-05,5.54116855341e-06
521800,1.95353162143e-05,5.54015993775e-06
521900,1.95358616882e-05,5.53915170867e-06
522000,1.95364071773e-05,5.53814386595e-06
522100,1.95369526814e-05,5.53713640937e-06
522200,1.95374982009e-05,5.53612933872e-06
522300,1.95380437359e-05,5.5351226538e-06
522400,1.9538589286e-05,5.53411635435e-06
522500,1.95391348512e-05,5.53311044015e-06
522600,1.95396804317e-05,5.53210491099e-06
522700,1.95402260275e-05,5.53109976666e-06
522800,1.95407716387e-05,5.53009500694e-06
522900,1.95413172651e-05,5.52909063159e-06
523000,1.95418629066e-05,5.52808664039e-06
523100,1.95424085636e-05,5.52708303314e-06
523200,1.95429542356e-05,5.5260798096e-06
523300,1.95434999229e-05,5.52507696955e-06
523400,1.95440456256e-05,5.52407451278e-06
523500,1.95445913434e-05,5.52307243908e-06
523600,1.95451370765e-05,5.5220707482e-06
523700,1.95456828251e-05,5.52106943997e-06
523800,1.95462285887e-05,5.52006851412e-06
523900,1.95467743677e-05,5.51906797045e-06
524000,1.95473201619e-05,5.51806780874e-06
524100,1.95478659714e-05,5.51706802878e-06
524200,1.9548411796e-05,5.51606863034e-06
524300,1.95489576359e-05,5.51506961319e-06
524400,1.95495034912e-05,5.51407097716e-06
524500,1.95500493616e-05,5.51307272197e-06
524600,1.95505952472e-05,5.51207484743e-06
524700,1.95511411483e-05,5.51107735335e-06
524800,1.95516870645e-05,5.51008023947e-06
524900,1.95522329961e-05,5.50908350561e-06
525000,1.9552778943e-05,5.50808715152e-06
525100,1.95533249051e-05,5.507091177e-06
525200,1.95538708824e-05,5.50609558182e-06
525300,1.9554416875e-05,5.50510036578e-06
525400,1.95549628825e-05,5.50410552862e-06
525500,1.95555089058e-05,5.5031110702e-06
525600,1.95560549441e-05,5.50211699024e-06
525700,1.95566009978e-05,5.50112328857e-06
525800,1.95571470665e-05,5.50012996491e-06
525900,1.95576931509e-05,5.49913701914e-06
526000,1.95582392504e-05,5.49814445097e-06
526100,1.9558785365e-05,5.49715226018e-06
526200,1.9559331495e-05,5.49616044661e-06
526300,1.95598776404e-05,5.49516901001e-06
526400,1.9560423801e-05,5.49417795017e-06
526500,1.95609699768e-05,5.49318726686e-06
526600,1.95615161679e-05,5.49219695989e-06
526700,1.95620623741e-05,5.49120702902e-06
526800,1.95626085956e-05,5.49021747405e-06
526900,1.95631548325e-05,5.48922829478e-06
527000,1.95637010845e-05,5.48823949097e-06
527100,1.95642473522e-05,5.48725106245e-06
527200,1.95647936349e-05,5.48626300896e-06
527300,1.9565339933e-05,5.48527533031e-06
527400,1.95658862461e-05,5.48428802626e-06
527500,1.95664325747e-05,5.48330109663e-06
527600,1.95669789186e-05,5.48231454119e-06
527700,1.95675252775e-05,5.48132835972e-06
527800,1.95680716518e-05,5.48034255202e-06
527900,1.95686180415e-05,5.4793571179e-06
528000,1.95691644463e-05,5.47837205709e-06
528100,1.95697108664e-05,5.47738736942e-06
528200,1.95702573022e-05,5.4764030547e-06
528300,1.95708037527e-05,5.47541911265e-06
528400,1.95713502187e-05,5.47443554311e-06
528500,1.95718967001e-05,5.47345234586e-06
528600,1.95724431966e-05,5.47246952067e-06
528700,1.95729897086e-05,5.47148706736e-06
528800,1.95735362355e-05,5.47050498567e-06
528900,1.95740827779e-05,5.46952327544e-06
529000,1.95746293355e-05,5.46854193642e-06
529100,1.95751759087e-05,5.46756096846e-06
529200,1.95757224968e-05,5.46658037127e-06
529300,1.95762691003e-05,5.46560014469e-06
529400,1.95768157192e-05,5.4646202885e-06
529500,1.95773623534e-05,5.46364080251e-06
529600,1.95779090027e-05,5.46266168645e-06
529700,1.95784556674e-05,5.46168294017e-06
529800,1.95790023474e-05,5.46070456344e-06
529900,1.95795490425e-05,5.45972655603e-06
530000,1.95800957531e-05,5.45874891777e-06
530100,1.95806424788e-05,5.45777164842e-06
530200,1.95811892199e-05,5.45679474778e-06
530300,1.95817359763e-05,5.45581821566e-06
530400,1.95822827478e-05,5.45484205181e-06
530500,1.9582829535e-05,5.4538662561e-06
530600,1.95833763371e-05,5.45289082823e-06
530700,1.95839231547e-05,5.45191576804e-06
530800,1.95844699876e-05,5.45094107533e-06
530900,1.95850168356e-05,5.44996674985e-06
531000,1.95855636989e-05,5.44899279142e-06
531100,1.95861105775e-05,5.44801919982e-06
531200,1.95866574717e-05,5.4470459749e-06
531300,1.95872043808e-05,5.44607311637e-06
531400,1.95877513053e-05,5.44510062406e-06
531500,1.95882982452e-05,5.44412849779e-06
531600,1.95888452003e-05,5.4431567373e-06
531700,1.95893921707e-05,5.44218534241e-06
531800,1.95899391566e-05,5.44121431295e-06
531900,1.95904861577e-05,5.44024364866e-06
532000,1.95910331738e-05,5.43927334932e-06
532100,1.95915802054e-05,5.43830341478e-06
532200,1.95921272525e-05,5.43733384484e-06
532300,1.95926743146e-05,5.43636463922e-06
532400,1.95932213921e-05,5.43539579779e-06
532500,1.95937684848e-05,5.43442732028e-06
532600,1.95943155928e-05,5.43345920654e-06
532700,1.95948627162e-05,5.43249145634e-06
532800,1.95954098549e-05,5.43152406949e-06
532900,1.95959570089e-05,5.43055704577e-06
533000,1.95965041783e-05,5.42959038499e-06
533100,1.95970513627e-05,5.42862408692e-06
533200,1.95975985627e-05,5.42765815139e-06
533300,1.95981457779e-05,5.42669257816e-06
533400,1.95986930082e-05,5.42572736704e-06
533500,1.9599240254e-05,5.42476251784e-06
533600,1.95997875149e-05,5.42379803034e-06
533700,1.96003347914e-05,5.42283390436e-06
533800,1.9600882083e-05,5.42187013967e-06
533900,1.960142939e-05,5.42090673608e-06
534000,1.96019767124e-05,5.41994369341e-06
534100,1.96025240498e-05,5.41898101139e-06
534200,1.96030714027e-05,5.41801868987e-06
534300,1.96036187708e-05,5.41705672864e-06
534400,1.96041661544e-05,5.41609512751e-06
534500,1.96047135532e-05,5.41513388626e-06
534600,1.96052609673e-05,5.41417300468e-06
534700,1.96058083967e-05,5.41321248258e-06
534800,1.96063558414e-05,5.41225231976e-06
534900,1.96069033013e-05,5.41129251601e-06
535000,1.96074507768e-05,5.41033307115e-06
535100,1.96079982674e-05,5.40937398495e-06
535200,1.96085457734e-05,5.40841525723e-06
535300,1.96090932946e-05,5.40745688777e-06
535400,1.96096408313e-05,5.4064988764e-06
535500,1.96101883831e-05,5.40554122287e-06
535600,1.96107359501e-05,5.40458392701e-06
535700,1.96112835325e-05,5.40362698862e-06
535800,1.96118311302e-05,5.4026704075e-06
535900,1.96123787435e-05,5.40171418348e-06
536000,1.96129263719e-05,5.40075831631e-06
536100,1.96134740157e-05,5.39980280581e-06
536200,1.96140216745e-05,5.39884765176e-06
536300,1.96145693491e-05,5.39789285401e-06
536400,1.96151170386e-05,5.39693841231e-06
536500,1.96156647434e-05,5.39598432646e-06
536600,1.96162124639e-05,5.39503059633e-06
536700,1.96167601995e-05,5.39407722165e-06
536800,1.96173079503e-05,5.39312420224e-06
536900,1.96178557165e-05,5.39217153791e-06
537000,1.9618403498e-05,5.39121922846e-06
537100,1.96189512948e-05,5.39026727368e-06
537200,1.96194991069e-05,5.38931567339e-06
537300,1.96200469346e-05,5.3883644274e-06
537400,1.96205947775e-05,5.38741353548e-06
537500,1.96211426357e-05,5.38646299747e-06
537600,1.96216905089e-05,5.3855128131e-06
537700,1.96222383978e-05,5.38456298227e-06
537800,1.96227863018e-05,5.38361350471e-06
537900,1.9623334221e-05,5.38266438024e-06
538000,1.96238821559e-05,5.3817156087e-06
538100,1.96244301058e-05,5.38076718984e-06
538200,1.96249780711e-05,5.3798191235e-06
538300,1.96255260519e-05,5.37887140949e-06
538400,1.96260740479e-05,5.37792404758e-06
538500,1.96266220593e-05,5.37697703759e-06
538600,1.9627170086e-05,5.37603037933e-06
538700,1.96277181279e-05,5.37508407258e-06
538800,1.96282661849e-05,5.37413811715e-06
538900,1.96288142575e-05,5.37319251287e-06
539000,1.96293623456e-05,5.37224725955e-06
539100,1.96299104488e-05,5.37130235697e-06
539200,1.96304585674e-05,5.37035780493e-06
539300,1.96310067014e-05,5.36941360326e-06
539400,1.96315548505e-05,5.36846975172e-06
539500,1.9632103015e-05,5.36752625016e-06
539600,1.9632651195e-05,5.36658309839e-06
539700,1.96331993902e-05,5.36564029618e-06
539800,1.96337476006e-05,5.36469784334e-06
539900,1.96342958267e-05,5.36375573972e-06
540000,1.96348440677e-05,5.36281398505e-06
540100,1.9635392324e-05,5.36187257919e-06
540200,1.96359405962e-05,5.36093152199e-06
540300,1.96364888832e-05,5.35999081314e-06
540400,1.96370371858e-05,5.35905045254e-06
540500,1.96375855037e-05,5.35811043996e-06
540600,1.96381338367e-05,5.3571707752e-06
540700,1.96386821854e-05,5.35623145811e-06
540800,1.96392305492e-05,5.35529248844e-06
540900,1.96397789282e-05,5.35435386602e-06
541000,1.96403273227e-05,5.35341559067e-06
541100,1.96408757326e-05,5.35247766221e-06
541200,1.96414241576e-05,5.35154008039e-06
541300,1.96419725985e-05,5.3506028451e-06
541400,1.96425210541e-05,5.34966595606e-06
541500,1.96430695251e-05,5.34872941311e-06
541600,1.96436180117e-05,5.34779321611e-06
541700,1.96441665135e-05,5.34685736481e-06
541800,1.96447150307e-05,5.34592185904e-06
541900,1.96452635631e-05,5.34498669859e-06
542000,1.9645812111e-05,5.3440518833e-06
542100,1.96463606741e-05,5.34311741296e-06
542200,1.96469092526e-05,5.34218328737e-06
542300,1.96474578464e-05,5.34124950635e-06
542400,1.96480064556e-05,5.34031606972e-06
542500,1.96485550802e-05,5.33938297728e-06
542600,1.964910372e-05,5.33845022884e-06
542700,1.96496523754e-05,5.33751782422e-06
542800,1.9650201046e-05,5.33658576321e-06
542900,1.96507497317e-05,5.33565404561e-06
543000,1.96512984331e-05,5.33472267127e-06
543100,1.96518471495e-05,5.33379163996e-06
543200,1.96523958814e-05,5.33286095153e-06
543300,1.96529446288e-05,5.33193060577e-06
543400,1.96534933914e-05,5.33100060248e-06
543500,1.96540421691e-05,5.33007094147e-06
543600,1.96545909624e-05,5.32914162258e-06
543700,1.96551397712e-05,5.32821264562e-06
543800,1.96556885949e-05,5.32728401035e-06
543900,1.96562374344e-05,5.32635571665e-06
544000,1.96567862891e-05,5.3254277643e-06
544100,1.96573351591e-05,5.32450015309e-06
544200,1.96578840444e-05,5.32357288286e-06
544300,1.9658432945e-05,5.3226459534e-06
544400,1.96589818612e-05,5.32171936457e-06
544500,1.96595307924e-05,5.32079311611e-06
544600,1.96600797393e-05,5.31986720791e-06
544700,1.96606287014e-05,5.31894163973e-06
544800,1.96611776788e-05,5.31801641139e-06
544900,1.96617266716e-05,5.31709152272e-06
545000,1.96622756797e-05,5.31616697352e-06
545100,1.96628247031e-05,5.31524276359e-06
545200,1.9663373742e-05,5.31431889278e-06
545300,1.96639227964e-05,5.31339536089e-06
545400,1.96644718657e-05,5.3124721677e-06
545500,1.96650209506e-05,5.31154931306e-06
545600,1.96655700509e-05,5.31062679678e-06
545700,1.96661191665e-05,5.30970461866e-06
545800,1.96666682974e-05,5.30878277852e-06
545900,1.96672174439e-05,5.3078612762e-06
546000,1.96677666054e-05,5.30694011146e-06
546100,1.96683157824e-05,5.30601928415e-06
546200,1.96688649748e-05,5.30509879409e-06
546300,1.96694141824e-05,5.30417864107e-06
546400,1.96699634056e-05,5.30325882494e-06
546500,1.96705126439e-05,5.30233934548e-06
546600,1.96710618979e-05,5.30142020253e-06
546700,1.96716111669e-05,5.30050139588e-06
546800,1.96721604514e-05,5.29958292537e-06
546900,1.96727097513e-05,5.2986647908e-06
547000,1.96732590663e-05,5.29774699198e-06
547100,1.96738083971e-05,5.29682952877e-06
547200,1.96743577429e-05,5.29591240092e-06
547300,1.96749071042e-05,5.2949956083e-06
547400,1.96754564809e-05,5.2940791507e-06
547500,1.96760058728e-05,5.29316302793e-06
547600,1.96765552804e-05,5.29224723985e-06
547700,1.9677104703e-05,5.29133178622e-06
547800,1.9677654141e-05,5.29041666688e-06
547900,1.96782035945e-05,5.28950188166e-06
548000,1.96787530634e-05,5.28858743037e-06
548100,1.96793025475e-05,5.28767331281e-06
548200,1.96798520474e-05,5.28675952885e-06
548300,1.9680401562e-05,5.28584607821e-06
548400,1.96809510924e-05,5.2849329608e-06
548500,1.9681500638e-05,5.28402017638e-06
548600,1.9682050199e-05,5.28310772481e-06
548700,1.96825997754e-05,5.28219560589e-06
548800,1.96831493671e-05,5.28128381943e-06
548900,1.96836989743e-05,5.28037236526e-06
549000,1.96842485967e-05,5.27946124319e-06
549100,1.96847982344e-05,5.27855045303e-06
549200,1.96853478878e-05,5.27763999464e-06
549300,1.96858975563e-05,5.27672986779e-06
549400,1.96864472403e-05,5.27582007233e-06
549500,1.96869969395e-05,5.27491060805e-06
549600,1.96875466541e-05,5.27400147479e-06
549700,1.96880963843e-05,5.27309267239e-06
549800,1.96886461296e-05,5.27218420062e-06
549900,1.96891958905e-05,5.27127605935e-06
550000,1.96897456666e-05,5.27036824835e-06
550100,1.96902954582e-05,5.26946076749e-06
550200,1.9690845265e-05,5.26855361654e-06
550300,1.96913950874e-05,5.26764679536e-06
550400,1.9691944925e-05,5.26674030375e-06
550500,1.9692494778e-05,5.26583414153e-06
550600,1.96930446464e-05,5.26492830854e-06
550700,1.96935945301e-05,5.26402280457e-06
550800,1.96941444292e-05,5.26311762946e-06
550900,1.96946943439e-05,5.26221278306e-06
551000,1.96952442737e-05,5.26130826513e-06
551100,1.9695794219e-05,5.26040407552e-06
551200,1.96963441797e-05,5.25950021406e-06
551300,1.96968941556e-05,5.25859668056e-06
551400,1.9697444147e-05,5.25769347484e-06
551500,1.96979941539e-05,5.25679059674e-06
551600,1.96985441759e-05,5.25588804605e-06
551700,1.96990942133e-05,5.25498582261e-06
551800,1.96996442664e-05,5.25408392626e-06
551900,1.97001943347e-05,5.2531823568e-06
552000,1.97007444184e-05,5.25228111406e-06
552100,1.97012945174e-05,5.25138019784e-06
552200,1.97018446319e-05,5.25047960801e-06
552300,1.97023947617e-05,5.24957934434e-06
552400,1.97029449067e-05,5.24867940668e-06
552500,1.97034950676e-05,5.24777979488e-06
552600,1.97040452433e-05,5.24688050868e-06
552700,1.97045954347e-05,5.245981548e-06
552800,1.97051456413e-05,5.24508291259e-06
552900,1.97056958636e-05,5.24418460233e-06
553000,1.9706246101e-05,5.243286617e-06
553100,1.97067963539e-05,5.24238895644e-06
553200,1.97073466222e-05,5.24149162049e-06
553300,1.97078969058e-05,5.24059460894e-06
553400,1.97084472049e-05,5.23969792165e-06
553500,1.97089975192e-05,5.23880155841e-06
553600,1.97095478491e-05,5.23790551907e-06
553700,1.97100981943e-05,5.23700980344e-06
553800,1.97106485549e-05,5.23611441137e-06
553900,1.97111989307e-05,5.23521934262e-06
554000,1.97117493221e-05,5.2343245971e-06
554100,1.97122997289e-05,5.23343017459e-06
554200,1.97128501511e-05,5.23253607491e-06
554300,1.97134005888e-05,5.23164229792e-06
554400,1.97139510414e-05,5.23074884337e-06
554500,1.971450151e-05,5.22985571119e-06
554600,1.97150519936e-05,5.22896290112e-06
554700,1.97156024928e-05,5.22807041303e-06
554800,1.97161530072e-05,5.22717824672e-06
554900,1.9716703537e-05,5.22628640203e-06
555000,1.97172540822e-05,5.22539487878e-06
555100,1.97178046428e-05,5.22450367681e-06
555200,1.97183552189e-05,5.22361279594e-06
555300,1.97189058102e-05,5.22272223599e-06
555400,1.97194564172e-05,5.22183199681e-06
555500,1.97200070393e-05,5.22094207818e-06
555600,1.97205576771e-05,5.22005247998e-06
555700,1.97211083299e-05,5.21916320198e-06
555800,1.97216589985e-05,5.21827424407e-06
555900,1.97222096821e-05,5.21738560602e-06
556000,1.97227603814e-05,5.2164972877e-06
556100,1.97233110961e-05,5.21560928893e-06
556200,1.97238618261e-05,5.21472160952e-06
556300,1.97244125717e-05,5.21383424931e-06
556400,1.97249633323e-05,5.21294720811e-06
556500,1.97255141086e-05,5.21206048577e-06
556600,1.97260649002e-05,5.21117408211e-06
556700,1.97266157072e-05,5.21028799696e-06
556800,1.97271665297e-05,5.20940223015e-06
556900,1.97277173673e-05,5.20851678148e-06
557000,1.97282682206e-05,5.20763165083e-06
557100,1.97288190892e-05,5.206746838e-06
557200,1.97293699733e-05,5.20586234282e-06
557300,1.97299208726e-05,5.2049781651e-06
557400,1.97304717874e-05,5.20409430472e-06
557500,1.97310227177e-05,5.20321076146e-06
557600,1.97315736631e-05,5.20232753516e-06
557700,1.97321246242e-05,5.20144462568e-06
557800,1.97326756007e-05,5.20056203282e-06
557900,1.97332265925e-05,5.19967975642e-06
558000,1.97337775998e-05,5.1987977963e-06
558100,1.97343286225e-05,5.1979161523e-06
558200,1.97348796605e-05,5.19703482424e-06
558300,1.97354307139e-05,5.19615381196e-06
558400,1.97359817827e-05,5.19527311528e-06
558500,1.9736532867e-05,5.19439273405e-06
558600,1.97370839668e-05,5.19351266809e-06
558700,1.97376350819e-05,5.19263291723e-06
558800,1.97381862125e-05,5.19175348129e-06
558900,1.97387373583e-05,5.19087436011e-06
559000,1.97392885196e-05,5.18999555353e-06
559100,1.97398396962e-05,5.18911706135e-06
559200,1.97403908885e-05,5.18823888346e-06
559300,1.97409420961e-05,5.18736101964e-06
559400,1.97414933191e-05,5.18648346974e-06
559500,1.97420445574e-05,5.18560623357e-06
559600,1.97425958114e-05,5.18472931101e-06
559700,1.97431470805e-05,5.18385270184e-06
559800,1.97436983651e-05,5.18297640592e-06
559900,1.97442496652e-05,5.18210042308e-06
560000,1.97448009805e-05,5.18122475314e-06
560100,1.97453523114e-05,5.18034939595e-06
560200,1.97459036578e-05,5.17947435134e-06
560300,1.97464550193e-05,5.17859961911e-06
560400,1.97470063963e-05,5.17772519913e-06
560500,1.97475577886e-05,5.17685109121e-06
560600,1.97481091969e-05,5.17597729523e-06
560700,1.97486606202e-05,5.17510381098e-06
560800,1.9749212059e-05,5.17423063828e-06
560900,1.97497635133e-05,5.17335777701e-06
561000,1.97503149829e-05,5.17248522697e-06
561100,1.97508664679e-05,5.17161298798e-06
561200,1.97514179683e-05,5.17074105991e-06
561300,1.97519694841e-05,5.16986944258e-06
561400,1.97525210154e-05,5.16899813581e-06
561500,1.97530725623e-05,5.16812713948e-06
561600,1.97536241244e-05,5.16725645336e-06
561700,1.97541757018e-05,5.16638607732e-06
561800,1.97547272949e-05,5.1655160112e-06
561900,1.97552789033e-05,5.16464625482e-06
562000,1.97558305271e-05,5.16377680801e-06
562100,1.97563821664e-05,5.16290767064e-06
562200,1.9756933821e-05,5.16203884249e-06
562300,1.97574854912e-05,5.16117032343e-06
562400,1.97580371766e-05,5.16030211328e-06
562500,1.97585888775e-05,5.1594342119e-06
562600,1.97591405939e-05,5.1585666191e-06
562700,1.97596923258e-05,5.15769933474e-06
562800,1.9760244073e-05,5.15683235863e-06
562900,1.97607958358e-05,5.15596569062e-06
563000,1.97613476137e-05,5.15509933052e-06
563100,1.97618994071e-05,5.15423327819e-06
563200,1.97624512161e-05,5.15336753349e-06
563300,1.97630030404e-05,5.15250209621e-06
563400,1.97635548803e-05,5.15163696622e-06
563500,1.97641067354e-05,5.15077214332e-06
563600,1.97646586059e-05,5.14990762738e-06
563700,1.97652104921e-05,5.14904341823e-06
563800,1.97657623936e-05,5.14817951569e-06
563900,1.97663143106e-05,5.14731591963e-06
564000,1.9766866243e-05,5.14645262986e-06
564100,1.97674181909e-05,5.14558964622e-06
564200,1.97679701541e-05,5.14472696855e-06
564300,1.97685221328e-05,5.14386459669e-06
564400,1.9769074127e-05,5.14300253047e-06
564500,1.97696261365e-05,5.14214076974e-06
564600,1.97701781614e-05,5.14127931432e-06
564700,1.97707302018e-05,5.14041816405e-06
564800,1.97712822576e-05,5.13955731878e-06
564900,1.97718343289e-05,5.13869677836e-06
565000,1.97723864157e-05,5.1378365426e-06
565100,1.97729385177e-05,5.13697661135e-06
565200,1.97734906352e-05,5.13611698444e-06
565300,1.97740427684e-05,5.13525766174e-06
565400,1.97745949168e-05,5.13439864305e-06
565500,1.97751470807e-05,5.13353992823e-06
565600,1.977569926e-05,5.13268151711e-06
565700,1.97762514548e-05,5.13182340952e-06
565800,1.9776803665e-05,5.13096560533e-06
565900,1.97773558907e-05,5.13010810435e-06
566000,1.97779081317e-05,5.12925090643e-06
566100,1.97784603881e-05,5.12839401139e-06
566200,1.97790126603e-05,5.12753741913e-06
566300,1.97795649478e-05,5.12668112943e-06
566400,1.97801172507e-05,5.12582514215e-06
566500,1.97806695689e-05,5.12496945711e-06
566600,1.97812219025e-05,5.12411407417e-06
566700,1.9781774252e-05,5.1232589932e-06
566800,1.97823266164e-05,5.12240421396e-06
566900,1.97828789965e-05,5.12154973636e-06
567000,1.97834313921e-05,5.12069556023e-06
567100,1.97839838028e-05,5.11984168536e-06
567200,1.97845362294e-05,5.11898811168e-06
567300,1.97850886715e-05,5.11813483897e-06
567400,1.97856411285e-05,5.11728186704e-06
567500,1.97861936013e-05,5.1164291958e-06
567600,1.97867460896e-05,5.11557682507e-06
567700,1.97872985931e-05,5.11472475467e-06
567800,1.97878511123e-05,5.11387298446e-06
567900,1.97884036467e-05,5.11302151427e-06
568000,1.97889561968e-05,5.11217034396e-06
568100,1.97895087622e-05,5.11131947335e-06
568200,1.97900613431e-05,5.1104689023e-06
568300,1.97906139396e-05,5.10961863065e-06
568400,1.97911665512e-05,5.1087686582e-06
568500,1.97917191784e-05,5.10791898485e-06
568600,1.97922718211e-05,5.10706961042e-06
568700,1.97928244791e-05,5.10622053475e-06
568800,1.97933771528e-05,5.10537175769e-06
568900,1.97939298421e-05,5.10452327909e-06
569000,1.97944825465e-05,5.10367509876e-06
569100,1.97950352664e-05,5.10282721656e-06
569200,1.97955880017e-05,5.10197963233e-06
569300,1.97961407527e-05,5.10113234593e-06
569400,1.97966935188e-05,5.10028535718e-06
569500,1.97972463007e-05,5.09943866595e-06
569600,1.97977990979e-05,5.09859227206e-06
569700,1.97983519107e-05,5.09774617536e-06
569800,1.97989047389e-05,5.0969003757e-06
569900,1.97994575826e-05,5.09605487292e-06
570000,1.98000104414e-05,5.09520966683e-06
570100,1.9800563316e-05,5.09436475734e-06
570200,1.98011162061e-05,5.09352014426e-06
570300,1.98016691114e-05,5.09267582741e-06
570400,1.98022220322e-05,5.09183180665e-06
570500,1.98027749686e-05,5.09098808186e-06
570600,1.98033279205e-05,5.09014465286e-06
570700,1.98038808878e-05,5.08930151947e-06
570800,1.98044338706e-05,5.08845868157e-06
570900,1.98049868687e-05,5.08761613898e-06
571000,1.98055398824e-05,5.08677389156e-06
571100,1.98060929115e-05,5.08593193914e-06
571200,1.98066459561e-05,5.08509028159e-06
571300,1.9807199016e-05,5.08424891872e-06
571400,1.98077520917e-05,5.08340785041e-06
571500,1.98083051827e-05,5.0825670765e-06
571600,1.9808858289e-05,5.0817265968e-06
571700,1.98094114109e-05,5.08088641119e-06
571800,1.98099645484e-05,5.08004651952e-06
571900,1.98105177011e-05,5.07920692161e-06
572000,1.98110708693e-05,5.07836761731e-06
572100,1.98116240533e-05,5.07752860651e-06
572200,1.98121772524e-05,5.07668988898e-06
572300,1.98127304671e-05,5.07585146463e-06
572400,1.98132836973e-05,5.07501333328e-06
572500,1.9813836943e-05,5.07417549478e-06
572600,1.98143902041e-05,5.07333794899e-06
572700,1.98149434805e-05,5.07250069571e-06
572800,1.98154967727e-05,5.07166373485e-06
572900,1.98160500804e-05,5.07082706623e-06
573000,1.98166034034e-05,5.06999068968e-06
573100,1.98171567419e-05,5.06915460507e-06
573200,1.98177100957e-05,5.06831881222e-06
573300,1.9818263465e-05,5.06748331099e-06
573400,1.98188168499e-05,5.06664810124e-06
573500,1.98193702501e-05,5.06581318282e-06
573600,1.98199236661e-05,5.06497855557e-06
573700,1.98204770974e-05,5.06414421934e-06
573800,1.98210305441e-05,5.06331017395e-06
573900,1.98215840063e-05,5.06247641928e-06
574000,1.98221374841e-05,5.06164295518e-06
574100,1.98226909772e-05,5.06080978148e-06
574200,1.98232444859e-05,5.05997689804e-06
574300,1.98237980101e-05,5.0591443047e-06
574400,1.98243515499e-05,5.05831200132e-06
574500,1.98249051049e-05,5.05747998773e-06
574600,1.98254586754e-05,5.05664826379e-06
574700,1.98260122615e-05,5.05581682936e-06
574800,1.98265658631e-05,5.05498568428e-06
574900,1.98271194801e-05,5.05415482838e-06
575000,1.98276731126e-05,5.05332426153e-06
575100,1.98282267604e-05,5.05249398357e-06
575200,1.9828780424e-05,5.05166399436e-06
575300,1.98293341031e-05,5.05083429376e-06
575400,1.98298877973e-05,5.05000488157e-06
575500,1.98304415074e-05,5.04917575771e-06
575600,1.98309952327e-05,5.04834692197e-06
575700,1.98315489734e-05,5.0475183742e-06
575800,1.98321027298e-05,5.04669011431e-06
575900,1.98326565016e-05,5.04586214209e-06
576000,1.9833210289e-05,5.04503445742e-06
576100,1.98337640917e-05,5.04420706014e-06
576200,1.983431791e-05,5.0433799501e-06
576300,1.98348717437e-05,5.04255312716e-06
576400,1.98354255931e-05,5.04172659117e-06
576500,1.98359794577e-05,5.04090034195e-06
576600,1.98365333378e-05,5.04007437938e-06
576700,1.98370872335e-05,5.03924870332e-06
576800,1.98376411449e-05,5.03842331362e-06
576900,1.98381950713e-05,5.03759821008e-06
577000,1.98387490138e-05,5.03677339264e-06
577100,1.98393029713e-05,5.03594886105e-06
577200,1.98398569445e-05,5.03512461524e-06
577300,1.98404109331e-05,5.03430065503e-06
577400,1.98409649372e-05,5.03347698026e-06
577500,1.98415189569e-05,5.03265359081e-06
577600,1.98420729922e-05,5.03183048654e-06
577700,1.98426270425e-05,5.03100766723e-06
577800,1.98431811086e-05,5.03018513281e-06
577900,1.98437351902e-05,5.0293628831e-06
578000,1.98442892874e-05,5.02854091797e-06
578100,1.98448433998e-05,5.02771923723e-06
578200,1.98453975279e-05,5.02689784079e-06
578300,1.98459516715e-05,5.02607672846e-06
578400,1.98465058305e-05,5.02525590011e-06
578500,1.98470600051e-05,5.02443535559e-06
578600,1.98476141949e-05,5.02361509473e-06
578700,1.98481684008e-05,5.02279511746e-06
578800,1.98487226216e-05,5.02197542352e-06
578900,1.98492768581e-05,5.02115601284e-06
579000,1.98498311103e-05,5.02033688527e-06
579100,1.98503853777e-05,5.01951804062e-06
579200,1.98509396608e-05,5.0186994788e-06
579300,1.98514939593e-05,5.01788119961e-06
579400,1.98520482733e-05,5.01706320294e-06
579500,1.98526026028e-05,5.01624548863e-06
579600,1.98531569476e-05,5.01542805652e-06
579700,1.98537113083e-05,5.01461090651e-06
579800,1.98542656844e-05,5.01379403841e-06
579900,1.98548200757e-05,5.01297745208e-06
580000,1.98553744828e-05,5.01216114739e-06
580100,1.98559289054e-05,5.01134512419e-06
580200,1.98564833434e-05,5.01052938232e-06
580300,1.98570377971e-05,5.00971392166e-06
580400,1.9857592266e-05,5.00889874204e-06
580500,1.98581467505e-05,5.00808384332e-06
580600,1.98587012505e-05,5.00726922536e-06
580700,1.9859255766e-05,5.00645488802e-06
580800,1.9859810297e-05,5.00564083114e-06
580900,1.98603648437e-05,5.0048270546e-06
581000,1.98609194057e-05,5.00401355823e-06
581100,1.98614739832e-05,5.00320034189e-06
581200,1.98620285762e-05,5.00238740544e-06
581300,1.98625831849e-05,5.00157474876e-06
581400,1.98631378089e-05,5.00076237165e-06
581500,1.98636924485e-05,4.99995027402e-06
581600,1.98642471036e-05,4.99913845569e-06
581700,1.98648017742e-05,4.99832691653e-06
581800,1.98653564602e-05,4.99751565639e-06
581900,1.98659111619e-05,4.99670467514e-06
582000,1.98664658791e-05,4.99589397264e-06
582100,1.98670206115e-05,4.9950835487e-06
582200,1.98675753597e-05,4.99427340324e-06
582300,1.98681301233e-05,4.99346353607e-06
582400,1.98686849026e-05,4.99265394708e-06
582500,1.98692396973e-05,4.9918446361e-06
582600,1.98697945075e-05,4.991035603e-06
582700,1.98703493333e-05,4.99022684764e-06
582800,1.98709041743e-05,4.98941836984e-06
582900,1.98714590311e-05,4.98861016952e-06
583000,1.98720139035e-05,4.9878022465e-06
583100,1.9872568791e-05,4.98699460062e-06
583200,1.98731236944e-05,4.98618723179e-06
583300,1.98736786133e-05,4.98538013983e-06
583400,1.98742335475e-05,4.98457332459e-06
583500,1.98747884972e-05,4.98376678594e-06
583600,1.98753434626e-05,4.98296052375e-06
583700,1.98758984436e-05,4.98215453789e-06
583800,1.987645344e-05,4.98134882818e-06
583900,1.98770084518e-05,4.98054339448e-06
584000,1.98775634792e-05,4.97973823667e-06
584100,1.9878118522e-05,4.97893335459e-06
584200,1.98786735805e-05,4.97812874813e-06
584300,1.98792286545e-05,4.97732441712e-06
584400,1.98797837441e-05,4.97652036144e-06
584500,1.9880338849e-05,4.97571658091e-06
584600,1.98808939696e-05,4.97491307543e-06
584700,1.98814491055e-05,4.97410984482e-06
584800,1.98820042572e-05,4.973306889e-06
584900,1.98825594241e-05,4.97250420775e-06
585000,1.98831146069e-05,4.971701801e-06
585100,1.98836698051e-05,4.97089966857e-06
585200,1.98842250186e-05,4.97009781032e-06
585300,1.98847802479e-05,4.96929622614e-06
585400,1.98853354927e-05,4.96849491585e-06
585500,1.9885890753e-05,4.96769387933e-06
585600,1.98864460286e-05,4.96689311643e-06
585700,1.988700132e-05,4.96609262702e-06
585800,1.98875566266e-05,4.96529241094e-06
585900,1.9888111949e-05,4.96449246809e-06
586000,1.98886672869e-05,4.96369279831e-06
586100,1.98892226403e-05,4.96289340144e-06
586200,1.98897780092e-05,4.96209427736e-06
586300,1.98903333937e-05,4.96129542593e-06
586400,1.98908887938e-05,4.96049684702e-06
586500,1.98914442093e-05,4.95969854047e-06
586600,1.98919996402e-05,4.95890050614e-06
586700,1.98925550867e-05,4.9581027439e-06
586800,1.98931105488e-05,4.95730525361e-06
586900,1.98936660265e-05,4.95650803514e-06
587000,1.98942215197e-05,4.95571108835e-06
587100,1.98947770284e-05,4.95491441308e-06
587200,1.98953325525e-05,4.95411800921e-06
587300,1.98958880925e-05,4.95332187661e-06
587400,1.98964436477e-05,4.9525260151e-06
587500,1.98969992185e-05,4.95173042459e-06
587600,1.9897554805e-05,4.95093510492e-06
587700,1.98981104067e-05,4.95014005594e-06
587800,1.98986660241e-05,4.94934527753e-06
587900,1.98992216571e-05,4.94855076955e-06
588000,1.98997773057e-05,4.94775653186e-06
588100,1.99003329698e-05,4.94696256432e-06
588200,1.99008886492e-05,4.94616886678e-06
588300,1.99014443445e-05,4.94537543915e-06
588400,1.9902000055e-05,4.94458228122e-06
588500,1.99025557813e-05,4.94378939291e-06
588600,1.9903111523e-05,4.94299677405e-06
588700,1.99036672803e-05,4.94220442453e-06
588800,1.99042230531e-05,4.94141234419e-06
588900,1.99047788415e-05,4.94062053291e-06
589000,1.99053346452e-05,4.93982899051e-06
589100,1.99058904647e-05,4.93903771691e-06
589200,1.99064462998e-05,4.93824671197e-06
589300,1.99070021503e-05,4.93745597551e-06
589400,1.99075580161e-05,4.9366655074e-06
589500,1.9908113898e-05,4.93587530757e-06
589600,1.99086697948e-05,4.93508537578e-06
589700,1.99092257078e-05,4.93429571199e-06
589800,1.9909781636e-05,4.933506316e-06
589900,1.99103375796e-05,4.93271718768e-06
590000,1.9910893539e-05,4.93192832693e-06
590100,1.99114495138e-05,4.93113973358e-06
590200,1.99120055043e-05,4.93035140752e-06
590300,1.99125615103e-05,4.9295633486e-06
590400,1.99131175318e-05,4.92877555668e-06
590500,1.99136735687e-05,4.92798803161e-06
590600,1.99142296213e-05,4.9272007733e-06
590700,1.99147856896e-05,4.92641378158e-06
590800,1.99153417732e-05,4.92562705632e-06
590900,1.99158978724e-05,4.92484059738e-06
591000,1.99164539871e-05,4.92405440464e-06
591100,1.99170101175e-05,4.92326847796e-06
591200,1.99175662634e-05,4.9224828172e-06
591300,1.9918122425e-05,4.92169742223e-06
591400,1.9918678602e-05,4.92091229291e-06
591500,1.99192347944e-05,4.92012742909e-06
591600,1.99197910026e-05,4.91934283068e-06
591700,1.99203472263e-05,4.91855849751e-06
591800,1.99209034653e-05,4.91777442944e-06
591900,1.992145972e-05,4.91699062635e-06
592000,1.99220159905e-05,4.91620708812e-06
592100,1.9922572276e-05,4.91542381457e-06
592200,1.99231285776e-05,4.91464080564e-06
592300,1.99236848944e-05,4.91385806111e-06
592400,1.99242412273e-05,4.91307558094e-06
592500,1.99247975752e-05,4.91229336491e-06
592600,1.99253539388e-05,4.91151141292e-06
592700,1.9925910318e-05,4.91072972485e-06
592800,1.99264667128e-05,4.90994830054e-06
592900,1.9927023123e-05,4.90916713988e-06
593000,1.9927579549e-05,4.90838624273e-06
593100,1.99281359902e-05,4.90760560893e-06
593200,1.99286924471e-05,4.90682523838e-06
593300,1.99292489197e-05,4.90604513096e-06
593400,1.99298054079e-05,4.9052652865e-06
593500,1.99303619114e-05,4.90448570487e-06
593600,1.99309184309e-05,4.90370638598e-06
593700,1.99314749656e-05,4.90292732964e-06
593800,1.99320315158e-05,4.90214853573e-06
593900,1.99325880818e-05,4.90137000416e-06
594000,1.99331446631e-05,4.90059173475e-06
594100,1.99337012603e-05,4.8998137274e-06
594200,1.99342578727e-05,4.89903598194e-06
594300,1.99348145011e-05,4.8982584983e-06
594400,1.99353711447e-05,4.89748127627e-06
594500,1.99359278039e-05,4.89670431576e-06
594600,1.99364844789e-05,4.89592761665e-06
594700,1.99370411691e-05,4.89515117878e-06
594800,1.99375978749e-05,4.89437500202e-06
594900,1.99381545966e-05,4.89359908629e-06
595000,1.99387113337e-05,4.89282343139e-06
595100,1.99392680863e-05,4.89204803722e-06
595200,1.99398248547e-05,4.89127290365e-06
595300,1.99403816385e-05,4.89049803054e-06
595400,1.9940938438e-05,4.88972341777e-06
595500,1.99414952528e-05,4.88894906518e-06
595600,1.99420520833e-05,4.88817497267e-06
595700,1.99426089294e-05,4.8874011401e-06
595800,1.99431657911e-05,4.88662756735e-06
595900,1.99437226683e-05,4.88585425426e-06
596000,1.99442795611e-05,4.88508120072e-06
596100,1.99448364693e-05,4.88430840659e-06
596200,1.99453933931e-05,4.88353587174e-06
596300,1.99459503327e-05,4.88276359606e-06
596400,1.99465072877e-05,4.88199157939e-06
596500,1.99470642585e-05,4.88121982164e-06
596600,1.99476212449e-05,4.88044832266e-06
596700,1.99481782466e-05,4.87967708228e-06
596800,1.99487352641e-05,4.87890610043e-06
596900,1.9949292297e-05,4.87813537693e-06
597000,1.99498493453e-05,4.87736491167e-06
597100,1.99504064095e-05,4.87659470455e-06
597200,1.99509634892e-05,4.8758247554e-06
597300,1.99515205845e-05,4.87505506412e-06
597400,1.99520776952e-05,4.87428563053e-06
597500,1.99526348214e-05,4.87351645455e-06
597600,1.99531919637e-05,4.87274753607e-06
597700,1.9953749121e-05,4.87197887488e-06
597800,1.99543062943e-05,4.87121047094e-06
597900,1.99548634829e-05,4.87044232405e-06
598000,1.99554206873e-05,4.86967443412e-06
598100,1.99559779073e-05,4.86890680102e-06
598200,1.99565351428e-05,4.86813942461e-06
598300,1.99570923939e-05,4.86737230476e-06
598400,1.99576496602e-05,4.86660544131e-06
598500,1.99582069425e-05,4.86583883421e-06
598600,1.99587642404e-05,4.86507248329e-06
598700,1.99593215536e-05,4.86430638839e-06
598800,1.99598788828e-05,4.86354054944e-06
598900,1.99604362272e-05,4.86277496626e-06
599000,1.99609935873e-05,4.86200963876e-06
599100,1.99615509632e-05,4.8612445668e-06
599200,1.99621083542e-05,4.86047975022e-06
599300,1.99626657613e-05,4.85971518896e-06
599400,1.99632231836e-05,4.85895088282e-06
599500,1.99637806216e-05,4.85818683171e-06
599600,1.99643380753e-05,4.85742303552e-06
599700,1.99648955445e-05,4.85665949409e-06
599800,1.99654530293e-05,4.85589620729e-06
599900,1.99660105297e-05,4.85513317502e-06
600000,1.99665680457e-05,4.85437039714e-06
