step,max_abs_u,growth_rate_estimate
100,1.0879662959e-06,0
200,1.79164943039e-06,0.00498826495131
300,2.18514925739e-06,0.00348686983155
400,2.74299074811e-06,0.00308246223039
500,3.41098283658e-06,0.00285672575429
600,4.17736809733e-06,0.00269074247304
700,4.91234145298e-06,0.00251240088758
800,5.44589088539e-06,0.00230078741199
900,5.84904180342e-06,0.00210245960452
1000,6.25909611226e-06,0.00194413957083
1100,6.7129594213e-06,0.00181972973022
1200,7.27910659954e-06,0.00172790724083
1300,7.85890909235e-06,0.00164778136214
1400,8.31093814542e-06,0.00156404794317
1500,8.58124612154e-06,0.00147519212046
1600,8.83944412096e-06,0.001396609215
1700,9.24113499059e-06,0.00133709658917
1800,9.70196866453e-06,0.00128706979418
1900,1.01105268722e-05,0.00123848165318
2000,1.04182754962e-05,0.00118907965963
2100,1.0635805583e-05,0.00113995801207
2200,1.08746694021e-05,0.00109625047942
2300,1.11790145786e-05,0.00105896734203
2400,1.15035726955e-05,0.00102536847234
2500,1.18020554937e-05,0.000993318141982
2600,1.20491382688e-05,0.000961873189797
2700,1.22455344603e-05,0.000931096602598
2800,1.24136778829e-05,0.000901662499943
2900,1.26237290062e-05,0.00087545290264
3000,1.28882040016e-05,0.000852414587804
3100,1.31324694513e-05,0.000830259192578
3200,1.33131910443e-05,0.000807885542462
3300,1.34494903506e-05,0.000785822201017
3400,1.35875040229e-05,0.00076510314503
3500,1.37665810987e-05,0.000746451125226
3600,1.39684703474e-05,0.000729283571947
3700,1.41451171946e-05,0.000712516477786
3800,1.4279269423e-05,0.000695810439143
3900,1.43956415246e-05,0.000679635610249
4000,1.45180033824e-05,0.000664379313313
4100,1.46504111649e-05,0.000650039557752
4200,1.47953056258e-05,0.000636585310509
4300,1.49383551193e-05,0.000623719501098
4400,1.50538920226e-05,0.000611006138138
4500,1.51444845638e-05,0.000598483236489
4600,1.52343581377e-05,0.00058649846908
4700,1.53411890673e-05,0.000575267638517
4800,1.54620751876e-05,0.000564697892277
4900,1.55747470637e-05,0.000554445969735
5000,1.56620834315e-05,0.000544271949673
5100,1.57329721009e-05,0.000534289694809
5200,1.58110487552e-05,0.000524784081182
5300,1.59027263127e-05,0.00051580392131
5400,1.59952391711e-05,0.000507166218157
5500,1.60794959801e-05,0.000498747175707
5600,1.6153166199e-05,0.000490510165456
5700,1.62177567456e-05,0.000482463672759
5800,1.62815917827e-05,0.000474688589689
5900,1.63518959169e-05,0.00046724718602
6000,1.64271008377e-05,0.000460105473077
6100,1.64992262995e-05,0.000453167219824
6200,1.65610702631e-05,0.000446351574813
6300,1.66133647343e-05,0.000439660855806
6400,1.66656717981e-05,0.000433181087769
6500,1.67263392601e-05,0.000426980391911
6600,1.67909804808e-05,0.000421004876334
6700,1.68491391274e-05,0.000415149908365
6800,1.68987131204e-05,0.000409392134685
6900,1.69450883713e-05,0.000403774683869
7000,1.69931096163e-05,0.00039833301091
7100,1.70441596767e-05,0.000393071062025
7200,1.70960800444e-05,0.000387963243681
7300,1.71452844157e-05,0.00038297402843
7400,1.7190010832e-05,0.000378084695837
7500,1.72314104794e-05,0.000373300505284
7600,1.72722735049e-05,0.00036863898111
7700,1.73154008144e-05,0.000364116599481
7800,1.73609225312e-05,0.000359728789493
7900,1.74047812317e-05,0.000355440356664
8000,1.7443538744e-05,0.000351222675646
8100,1.74792680504e-05,0.000347088165735
8200,1.75162789929e-05,0.000343064260096
8300,1.75557398328e-05,0.000339154973477
8400,1.75954552714e-05,0.000335341021152
8500,1.76329108845e-05,0.000331602014594
8600,1.7667618133e-05,0.000327932154129
8700,1.77011286955e-05,0.000324339329736
8800,1.77351329157e-05,0.00032083188653
8900,1.77699229049e-05,0.000317408765197
9000,1.78048566819e-05,0.000314063044658
9100,1.78390548593e-05,0.000310786664121
9200,1.78715013326e-05,0.000307571117566
9300,1.79022206975e-05,0.000304414630059
9400,1.79328986266e-05,0.000301325458938
9500,1.79648628577e-05,0.000298309320931
9600,1.79973495231e-05,0.000295359402991
9700,1.80286420416e-05,0.000292463702901
9800,1.80581485729e-05,0.000289617201801
9900,1.80868424091e-05,0.000286823935233
10000,1.81160255852e-05,0.000284089572532
10100,1.81459380697e-05,0.000281413656793
10200,1.817570376e-05,0.000278789660799
10300,1.82045742538e-05,0.000276212031883
10400,1.823261581e-05,0.000273679795901
10500,1.82602095288e-05,0.000271193671146
10600,1.82877233667e-05,0.000268754267669
10700,1.83155107896e-05,0.000266362086326
10800,1.83435124063e-05,0.000264015494834
10900,1.83711144229e-05,0.000261710128967
11000,1.83978502273e-05,0.000259442536917
11100,1.84240066325e-05,0.000257213122962
11200,1.84502888022e-05,0.000255024311142
11300,1.84770255142e-05,0.000252876600563
11400,1.85038296166e-05,0.000250767039561
11500,1.85300812081e-05,0.00024869168885
11600,1.8555684615e-05,0.000246649219168
11700,1.85810955743e-05,0.000244640907498
11800,1.8606666598e-05,0.000242667501353
11900,1.86323465866e-05,0.00024072787832
12000,1.86579390403e-05,0.000238820300117
12100,1.86832967408e-05,0.00023694331103
12200,1.8708341852e-05,0.000235095813455
12300,1.87331453808e-05,0.000233277398787
12400,1.87579310689e-05,0.000231488331984
12500,1.8782863891e-05,0.000229728612023
12600,1.8807857936e-05,0.000227997167032
12700,1.8832647505e-05,0.000226292203431
12800,1.88570807536e-05,0.000224612465373
12900,1.88813220504e-05,0.000222958047828
13000,1.89056601421e-05,0.000221329549281
13100,1.89301472065e-05,0.000219726582433
13200,1.89545837239e-05,0.000218147757063
13300,1.89788158199e-05,0.000216591911392
13400,1.90028819639e-05,0.000215058682711
13500,1.90269003861e-05,0.000213548031174
13600,1.90509456405e-05,0.000212059745951
13700,1.90750236608e-05,0.000210593356445
13800,1.90990868718e-05,0.000209148201184
13900,1.91230646995e-05,0.000207723551629
14000,1.91469130798e-05,0.000206318801139
14100,1.91706664555e-05,0.00020493365372
14200,1.91944333833e-05,0.000203568094973
14300,1.9218287573e-05,0.000202221981236
14400,1.92421691419e-05,0.00020089468603
14500,1.92659590198e-05,0.00019958538801
14600,1.92896362363e-05,0.000198293641323
14700,1.93132916977e-05,0.000197019409449
14800,1.93370019726e-05,0.000195762604841
14900,1.93607529584e-05,0.000194522824571
15000,1.93844829564e-05,0.000193299511979
15100,1.94081563942e-05,0.000192092216032
15200,1.94317866533e-05,0.000190900665071
15300,1.94554090108e-05,0.000189724668403
15400,1.94790528779e-05,0.000188564020057
15500,1.95027341436e-05,0.000187418473916
15600,1.95264441266e-05,0.000186287708775
15700,1.95501451202e-05,0.000185171316635
15800,1.95738086497e-05,0.000184068930528
15900,1.95974577934e-05,0.000182980359714
16000,1.9621142037e-05,0.000181905502536
16100,1.96448739702e-05,0.000180844141732
16200,1.96686182311e-05,0.000179795913819
16300,1.96923415175e-05,0.000178760471283
16400,1.97160521302e-05,0.00017773760509
16500,1.97397855779e-05,0.000176727195226
16600,1.97635640493e-05,0.000175729083212
16700,1.97873811133e-05,0.000174743026934
16800,1.9811220426e-05,0.000173768760207
16900,1.98350730181e-05,0.000172806045554
17000,1.98589364764e-05,0.000171854670782
17100,1.98828145479e-05,0.000170914446949
17200,1.9906720003e-05,0.000169985215988
17300,1.99306636841e-05,0.000169066817704
17400,1.9954639527e-05,0.000168159046481
17500,1.99786320163e-05,0.000167261674328
17600,2.00026391078e-05,0.000166374517161
17700,2.00266784519e-05,0.000165497450985
17800,2.00507681267e-05,0.000164630355574
17900,2.00749068893e-05,0.000163773059087
18000,2.00990784042e-05,0.000162925351595
18100,2.01232718211e-05,0.000162087043192
18200,2.01474909328e-05,0.000161257988467
18300,2.0171744369e-05,0.000160438058332
18400,2.01960359526e-05,0.000159627113402
18500,2.02203660732e-05,0.000158825008044
18600,2.02447347393e-05,0.000158031598754
18700,2.02691410721e-05,0.000157246742758
18800,2.02935851125e-05,0.000156470302774
18900,2.03180715258e-05,0.000155702156546
19000,2.03426073338e-05,0.000154942190475
19100,2.03671938957e-05,0.000154190278637
19200,2.03918235994e-05,0.000153446274693
19300,2.04164873318e-05,0.000152710031617
19400,2.04411844016e-05,0.000151981426892
19500,2.04659222769e-05,0.000151260361086
19600,2.04907073709e-05,0.000150546734075
19700,2.0515540023e-05,0.000149840432599
19800,2.05404185436e-05,0.000149141340679
19900,2.05653438331e-05,0.000148449351058
20000,2.05903185099e-05,0.000147764362822
20100,2.06153441772e-05,0.000147086274578
20200,2.06404208005e-05,0.00014641498299
20300,2.06655470274e-05,0.000145750383609
20400,2.06907200151e-05,0.000145092370511
20500,2.07159363398e-05,0.000144440838512
20600,2.07411950045e-05,0.000143795690223
20700,2.07664995095e-05,0.000143156840673
20800,2.07918554276e-05,0.00014252421131
20900,2.08172657231e-05,0.000141897719005
21000,2.08427297237e-05,0.000141277273838
21100,2.08682463824e-05,0.000140662786756
21200,2.0893816427e-05,0.000140054174433
21300,2.09194406839e-05,0.000139451355329
21400,2.09451179221e-05,0.000138854244814
21500,2.09708454245e-05,0.000138262756546
21600,2.09966211397e-05,0.00013767680729
21700,2.10224448289e-05,0.000137096319371
21800,2.10483178596e-05,0.000136521220062
21900,2.10742427785e-05,0.000135951440526
22000,2.1100222763e-05,0.00013538691452
22100,2.11262602479e-05,0.000134827575375
22200,2.11523555239e-05,0.000134273353016
22300,2.11785071001e-05,0.000133724174841
22400,2.12047134785e-05,0.000133179969549
22500,2.12309739218e-05,0.000132640668729
22600,2.12572875543e-05,0.000132106204906
22700,2.12836527948e-05,0.000131576510341
22800,2.13100684474e-05,0.000131051519303
22900,2.13365351425e-05,0.000130531170979
23000,2.13630553049e-05,0.000130015409282
23100,2.13896317556e-05,0.000129504179882
23200,2.14162664429e-05,0.000128997427598
23300,2.1442960067e-05,0.000128495095671
23400,2.14697121273e-05,0.000127997125912
23500,2.14965210722e-05,0.000127503459039
23600,2.15233848845e-05,0.00012701403588
23700,2.15503019767e-05,0.000126528799126
23800,2.15772715985e-05,0.000126047694091
23900,2.16042936019e-05,0.000125570668188
24000,2.16313683438e-05,0.000125097670687
24100,2.16584970454e-05,0.000124628653365
24200,2.16856818495e-05,0.00012416357055
24300,2.17129249733e-05,0.000123702377446
24400,2.17402275156e-05,0.000123245027861
24500,2.17675889925e-05,0.000122791473365
24600,2.17950078305e-05,0.000122341664288
24700,2.18224821363e-05,0.000121895551184
24800,2.18500101973e-05,0.000121453085762
24900,2.18775908288e-05,0.0001210142215
25000,2.19052237321e-05,0.000120578914259
25100,2.19329096142e-05,0.000120147122442
25200,2.19606499029e-05,0.00011971880642
25300,2.19884462898e-05,0.000119293927652
25400,2.20163003242e-05,0.000118872447941
25500,2.20442129895e-05,0.000118454328664
25600,2.20721842468e-05,0.00011803952998
25700,2.21002128713e-05,0.000117628010576
25800,2.21282968796e-05,0.000117219728458
25900,2.21564343505e-05,0.000116814642413
26000,2.21846240764e-05,0.000116412713121
26100,2.22128657641e-05,0.000116013903462
26200,2.22411599677e-05,0.000115618178349
26300,2.22695079464e-05,0.000115225504435
26400,2.22979113564e-05,0.000114835849544
26500,2.23263717095e-05,0.000114449181731
26600,2.23548898227e-05,0.000114065468348
26700,2.23834655382e-05,0.000113684675592
26800,2.2412097781e-05,0.000113306768639
26900,2.24407848619e-05,0.000112931712169
27000,2.24695249524e-05,0.000112559471176
27100,2.24983166595e-05,0.000112190011902
27200,2.25271594928e-05,0.00011182330258
27300,2.25560539791e-05,0.000111459313571
27400,2.25850013869e-05,0.000111098016872
27500,2.26140032551e-05,0.000110739385311
27600,2.26430609346e-05,0.000110383391802
27700,2.26721751944e-05,0.000110030008708
27800,2.2701345944e-05,0.000109679207418
27900,2.27305721904e-05,0.000109330958309
28000,2.27598523214e-05,0.000108985231211
28100,2.27891846111e-05,0.000108641996226
28200,2.28185677348e-05,0.000108301224518
28300,2.28480011304e-05,0.000107962888855
28400,2.28774851392e-05,0.000107626963792
28500,2.29070208846e-05,0.00010729342544
28600,2.2936609882e-05,0.000106962250839
28700,2.29662534952e-05,0.000106633417106
28800,2.29959524633e-05,0.00010630690072
28900,2.30257066719e-05,0.000105982677196
29000,2.3055515195e-05,0.000105660721171
29100,2.30853765533e-05,0.00010534100681
29200,2.31152891197e-05,0.00010502350843
29300,2.31452515906e-05,0.000104708201188
29400,2.31752633731e-05,0.000104395061638
29500,2.32053247425e-05,0.000104084067931
29600,2.32354367138e-05,0.000103775199592
29700,2.32656006827e-05,0.000103468436966
29800,2.32958179569e-05,0.000103163760529
29900,2.33260893112e-05,0.00010286115024
30000,2.33564147113e-05,0.000102560585165
30100,2.33867933016e-05,0.000102262043476
30200,2.34172236685e-05,0.000101965502854
30300,2.34477042651e-05,0.000101670941094
30400,2.34782338517e-05,0.000101378336731
30500,2.35088118298e-05,0.000101087669488
30600,2.3539438401e-05,0.000100798920472
30700,2.35701144823e-05,0.000100512072031
30800,2.36008413959e-05,0.000100227107291
30900,2.36316204078e-05,9.99440095163e-05
31000,2.36624522919e-05,9.96627615023e-05
31100,2.3693337065e-05,9.93833452321e-05
31200,2.372427397e-05,9.91057418716e-05
31300,2.37552616991e-05,9.88299320912e-05
31400,2.37862987782e-05,9.85558965942e-05
31500,2.38173839997e-05,9.82836166969e-05
31600,2.38485167662e-05,9.80130747741e-05
31700,2.38796972397e-05,9.7744254434e-05
31800,2.39109262612e-05,9.74771403875e-05
31900,2.39422050631e-05,9.72117180461e-05
32000,2.39735348599e-05,9.69479729724e-05
32100,2.40049164368e-05,9.66858903431e-05
32200,2.40363498719e-05,9.64254545983e-05
32300,2.4067834494e-05,9.61666494041e-05
32400,2.40993690864e-05,9.59094579332e-05
32500,2.41309522521e-05,9.5653863344e-05
32600,2.41625828277e-05,9.53998493093e-05
32700,2.41942602097e-05,9.51474004199e-05
32800,2.42259845142e-05,9.48965023684e-05
32900,2.42577565135e-05,9.46471418458e-05
33000,2.42895773718e-05,9.43993061906e-05
33100,2.43214482526e-05,9.41529828868e-05
33200,2.435336993e-05,9.39081590789e-05
33300,2.43853425242e-05,9.36648212547e-05
33400,2.44173654497e-05,9.34229551951e-05
33500,2.4449437583e-05,9.31825461974e-05
33600,2.44815575995e-05,9.29435794963e-05
33700,2.45137243683e-05,9.27060407466e-05
33800,2.45459372776e-05,9.2469916408e-05
33900,2.45781963973e-05,9.22351939255e-05
34000,2.46105024279e-05,9.20018616482e-05
34100,2.46428564569e-05,9.17699085194e-05
34200,2.46752595953e-05,9.15393236341e-05
34300,2.47077126042e-05,9.1310095794e-05
34400,2.4740215634e-05,9.10822132073e-05
34500,2.47727681597e-05,9.08556634263e-05
34600,2.48053691336e-05,9.06304335402e-05
34700,2.48380172953e-05,9.04065105471e-05
34800,2.48707115433e-05,9.01838817864e-05
34900,2.49034512498e-05,8.99625352975e-05
35000,2.49362364279e-05,8.97424599967e-05
35100,2.49690676975e-05,8.95236456219e-05
35200,2.50019460633e-05,8.93060824629e-05
35300,2.50348725707e-05,8.90897609603e-05
35400,2.50678479503e-05,8.88746713012e-05
35500,2.51008723639e-05,8.86608031397e-05
35600,2.51339453324e-05,8.84481455273e-05
35700,2.51670658643e-05,8.82366870701e-05
35800,2.52002327428e-05,8.8026416257e-05
35900,2.52334448783e-05,8.78173218543e-05
36000,2.52667016148e-05,8.76093932375e-05
36100,2.5300002897e-05,8.74026205643e-05
36200,2.533334925e-05,8.71969947364e-05
36300,2.53667415789e-05,8.6992507167e-05
36400,2.54001808463e-05,8.67891494218e-05
36500,2.54336677334e-05,8.65869128493e-05
36600,2.54672023899e-05,8.63857883182e-05
36700,2.5500784353e-05,8.61857661396e-05
36800,2.55344126625e-05,8.59868362027e-05
36900,2.55680861223e-05,8.57889882613e-05
37000,2.56018036341e-05,8.5592212291e-05
37100,2.56355644926e-05,8.53964987961e-05
37200,2.5669368554e-05,8.52018389773e-05
37300,2.57032162296e-05,8.50082247115e-05
37400,2.57371083027e-05,8.48156483481e-05
37500,2.57710456285e-05,8.46241023886e-05
37600,2.58050288108e-05,8.44335791509e-05
37700,2.58390579583e-05,8.42440705214e-05
37800,2.58731325956e-05,8.40555678738e-05
37900,2.59072517605e-05,8.38680621784e-05
38000,2.5941414247e-05,8.36815442588e-05
38100,2.5975618918e-05,8.34960051113e-05
38200,2.60098649931e-05,8.33114361929e-05
38300,2.60441522148e-05,8.31278295801e-05
38400,2.60784808546e-05,8.29451779634e-05
38500,2.61128515458e-05,8.2763474469e-05
38600,2.61472650065e-05,8.25827123755e-05
38700,2.61817217301e-05,8.24028848054e-05
38800,2.62162217472e-05,8.22239844937e-05
38900,2.62507645331e-05,8.20460037052e-05
39000,2.62853490866e-05,8.18689343211e-05
39100,2.63199741554e-05,8.16927680666e-05
39200,2.63546385307e-05,8.15174968003e-05
39300,2.63893413219e-05,8.13431127781e-05
39400,2.6424082127e-05,8.11696088094e-05
39500,2.64588610445e-05,8.09969782592e-05
39600,2.64936785257e-05,8.08252148965e-05
39700,2.65285351155e-05,8.06543126402e-05
39800,2.65634311581e-05,8.04842652774e-05
39900,2.65983665663e-05,8.03150662486e-05
40000,2.66333407231e-05,8.01467085625e-05
40100,2.6668352547e-05,7.99791848649e-05
40200,2.67034006972e-05,7.98124876387e-05
40300,2.67384838536e-05,7.96466094671e-05
40400,2.67736009791e-05,7.94815432763e-05
40500,2.68087514896e-05,7.93172824853e-05
40600,2.68439352744e-05,7.91538210171e-05
40700,2.68791525649e-05,7.89911531683e-05
40800,2.69144036934e-05,7.88292733825e-05
40900,2.69496888138e-05,7.86681759943e-05
41000,2.69850076763e-05,7.85078550272e-05
41100,2.70203595269e-05,7.83483041091e-05
41200,2.70557431583e-05,7.81895165261e-05
41300,2.70911570987e-05,7.80314853979e-05
41400,2.71265998737e-05,7.78742039157e-05
41500,2.71620702599e-05,7.77176655666e-05
41600,2.71975674523e-05,7.75618642766e-05
41700,2.72330910935e-05,7.74067944293e-05
41800,2.72686411566e-05,7.72524507543e-05
41900,2.73042177212e-05,7.70988281248e-05
42000,2.73398207085e-05,7.69459213247e-05
42100,2.73754496642e-05,7.67937248611e-05
42200,2.74111036516e-05,7.66422328775e-05
42300,2.74467812947e-05,7.64914391975e-05
42400,2.74824809481e-05,7.63413374778e-05
42500,2.75182009441e-05,7.6191921423e-05
42600,2.75539398345e-05,7.60431849917e-05
42700,2.75896965571e-05,7.58951225341e-05
42800,2.76254704732e-05,7.57477288167e-05
42900,2.76612612621e-05,7.56009989264e-05
43000,2.76970687142e-05,7.54549280904e-05
43100,2.77328924818e-05,7.53095114656e-05
43200,2.77687318647e-05,7.51647439604e-05
43300,2.78045857071e-05,7.50206201542e-05
43400,2.78404524243e-05,7.48771343253e-05
43500,2.78763301604e-05,7.47342805871e-05
43600,2.79122170197e-05,7.45920530821e-05
43700,2.79481112991e-05,7.44504461726e-05
43800,2.79840116514e-05,7.43094545701e-05
43900,2.8019917129e-05,7.41690733656e-05
44000,2.80558328857e-05,7.40293026525e-05
44100,2.80917904567e-05,7.38901638447e-05
44200,2.81277524806e-05,7.37516224896e-05
44300,2.81637180121e-05,7.36136738537e-05
44400,2.81996856748e-05,7.34763129046e-05
44500,2.82356536821e-05,7.33395343337e-05
44600,2.82716199789e-05,7.32033326732e-05
44700,2.83075824606e-05,7.30677024733e-05
44800,2.83435391935e-05,7.29326384759e-05
44900,2.83794885792e-05,7.27981357407e-05
45000,2.84154294017e-05,7.26641896773e-05
45100,2.84513607523e-05,7.25307959803e-05
45200,2.84872818533e-05,7.23979504876e-05
45300,2.8523191835e-05,7.22656490052e-05
45400,2.85590895431e-05,7.21338871589e-05
45500,2.85949734286e-05,7.20026603131e-05
45600,2.86308415648e-05,7.18719635882e-05
45700,2.86666917745e-05,7.17417919631e-05
45800,2.87025218362e-05,7.16121404342e-05
45900,2.87383297001e-05,7.14830041798e-05
46000,2.87741136463e-05,7.13543786776e-05
46100,2.88098723411e-05,7.12262597413e-05
46200,2.88456047736e-05,7.10986434683e-05
46300,2.88813100927e-05,7.09715261124e-05
46400,2.89169874019e-05,7.08449039283e-05
46500,2.89526355692e-05,7.07187730305e-05
46600,2.89882531235e-05,7.05931293182e-05
46700,2.90238382582e-05,7.04679684829e-05
46800,2.90593889515e-05,7.03432860999e-05
46900,2.90949031573e-05,7.02190777709e-05
47000,2.91303790105e-05,7.00953392743e-05
47100,2.91658149839e-05,6.99720666765e-05
47200,2.92012099476e-05,6.98492563706e-05
47300,2.92365631144e-05,6.97269050319e-05
47400,2.92718738906e-05,6.96050095051e-05
47500,2.93071416803e-05,6.94835666615e-05
47600,2.93423657038e-05,6.93625732675e-05
47700,2.93775448896e-05,6.92420259102e-05
47800,2.9412677873e-05,6.91219209988e-05
47900,2.94477631012e-05,6.90022548426e-05
48000,2.948279901e-05,6.88830237778e-05
48100,2.9517784219e-05,6.87642243054e-05
48200,2.95527176825e-05,6.86458531944e-05
48300,2.95875987499e-05,6.852790752e-05
48400,2.96224271197e-05,6.84103846269e-05
48500,2.96572027013e-05,6.82932820284e-05
48600,2.96919254268e-05,6.81765972736e-05
48700,2.97265950767e-05,6.80603278258e-05
48800,2.97612111696e-05,6.79444709881e-05
48900,2.97957729527e-05,6.78290238997e-05
49000,2.98302794939e-05,6.77139836016e-05
49100,2.98647298456e-05,6.75993471503e-05
49200,2.98991232285e-05,6.7485111743e-05
49300,2.99334591758e-05,6.7371274813e-05
49400,2.99677375968e-05,6.72578340695e-05
49500,3.00019587375e-05,6.71447874667e-05
49600,3.00361230509e-05,6.70321331129e-05
49700,3.0070231022e-05,6.69198691503e-05
49800,3.01042829958e-05,6.68079936404e-05
49900,3.01382790688e-05,6.66965044925e-05
50000,3.01722190723e-05,6.65853994554e-05
50100,3.02061026536e-05,6.64746761733e-05
50200,3.02399294264e-05,6.63643322875e-05
50300,3.02736991459e-05,6.62543655511e-05
50400,3.03074118485e-05,6.61447739193e-05
50500,3.03410679156e-05,6.60355555883e-05
50600,3.0374668043e-05,6.59267089713e-05
50700,3.04082186399e-05,6.58182362045e-05
50800,3.04417564011e-05,6.57101590106e-05
50900,3.04752390643e-05,6.5602447835e-05
51000,3.05086671454e-05,6.54951010221e-05
51100,3.0542040898e-05,6.53881167584e-05
51200,3.05753603855e-05,6.52814931216e-05
51300,3.06086256211e-05,6.5175228171e-05
51400,3.06418367319e-05,6.50693200529e-05
51500,3.06749940958e-05,6.49637670856e-05
51600,3.07080984065e-05,6.48585677986e-05
51700,3.07411506497e-05,6.4753720914e-05
51800,3.07741519952e-05,6.46492252762e-05
51900,3.08071036416e-05,6.45450797525e-05
52000,3.0840006659e-05,6.44412831347e-05
52100,3.0872861883e-05,6.43378340745e-05
52200,3.09056698891e-05,6.42347310692e-05
52300,3.09384310545e-05,6.41319725028e-05
52400,3.09711456901e-05,6.40295567289e-05
52500,3.10038141941e-05,6.39274821663e-05
52600,3.10364371866e-05,6.38257473799e-05
52700,3.10690155766e-05,6.37243511204e-05
52800,3.11015505434e-05,6.36232923097e-05
52900,3.11340434414e-05,6.35225699809e-05
53000,3.11664956514e-05,6.34221831866e-05
53100,3.11989084344e-05,6.33221309095e-05
53200,3.12312828248e-05,6.32224120002e-05
53300,3.12636196022e-05,6.31230251614e-05
53400,3.12959193466e-05,6.30239689833e-05
53500,3.13281825588e-05,6.29252420177e-05
53600,3.13604098086e-05,6.28268428664e-05
53700,3.13926018634e-05,6.27287702572e-05
53800,3.14247597572e-05,6.26310230832e-05
53900,3.145688478e-05,6.25336003938e-05
54000,3.14889783881e-05,6.24365013403e-05
54100,3.152104207e-05,6.23397250947e-05
54200,3.15530772022e-05,6.22432707662e-05
54300,3.15850849492e-05,6.21471373426e-05
54400,3.16170662289e-05,6.20513236725e-05
54500,3.16490217623e-05,6.19558284964e-05
54600,3.16809521846e-05,6.1860650512e-05
54700,3.17128581847e-05,6.17657884558e-05
54800,3.17447406324e-05,6.16712411759e-05
54900,3.17766006446e-05,6.15770076683e-05
55000,3.18084395823e-05,6.14830870732e-05
55100,3.18402589703e-05,6.13894786275e-05
55200,3.18720603703e-05,6.12961815903e-05
55300,3.19038452454e-05,6.12031951669e-05
55400,3.19356148603e-05,6.1110518452e-05
55500,3.19673702461e-05,6.10181504123e-05
55600,3.19991122421e-05,6.09260899109e-05
55700,3.20308415975e-05,6.08343357669e-05
55800,3.2062559106e-05,6.07428868307e-05
55900,3.20942657248e-05,6.06517420502e-05
56000,3.21259626452e-05,6.0560900509e-05
56100,3.21576783433e-05,6.04703764458e-05
56200,3.2189403059e-05,6.03801627614e-05
56300,3.22211238138e-05,6.02902506513e-05
56400,3.22528421261e-05,6.0200639385e-05
56500,3.2284559331e-05,6.01113281334e-05
56600,3.23162765429e-05,6.0022315949e-05
56700,3.23479946897e-05,5.99336017871e-05
56800,3.23797146097e-05,5.98451845592e-05
56900,3.24114371751e-05,5.9757063201e-05
57000,3.24431634098e-05,5.96692367361e-05
57100,3.24748945584e-05,5.95817043118e-05
57200,3.25066320911e-05,5.94944652003e-05
57300,3.25383776387e-05,5.94075187619e-05
57400,3.25701328829e-05,5.93208643852e-05
57500,3.2601899432e-05,5.92345014205e-05
57600,3.26336787278e-05,5.91484291302e-05
57700,3.2665472004e-05,5.90626466685e-05
57800,3.26972803164e-05,5.89771530982e-05
57900,3.27291046301e-05,5.88919474389e-05
58000,3.27609459378e-05,5.88070287293e-05
58100,3.27928053705e-05,5.87223960853e-05
58200,3.28246842692e-05,5.86380487368e-05
58300,3.2856584191e-05,5.85539860295e-05
58400,3.28885068527e-05,5.84702073934e-05
58500,3.29204540285e-05,5.83867122888e-05
58600,3.29524274311e-05,5.83035001445e-05
58700,3.29844286214e-05,5.8220570311e-05
58800,3.30164589658e-05,5.813792204e-05
58900,3.30485196594e-05,5.80555544971e-05
59000,3.30806118075e-05,5.79734668055e-05
59100,3.31127365363e-05,5.78916581028e-05
59200,3.31448950987e-05,5.78101275947e-05
59300,3.31770889455e-05,5.77288745908e-05
59400,3.32093197354e-05,5.7647898508e-05
59500,3.32415892851e-05,5.75671988443e-05
59600,3.32738994722e-05,5.74867751277e-05
59700,3.33062521261e-05,5.7406626862e-05
59800,3.33386489354e-05,5.73267534798e-05
59900,3.33710914074e-05,5.72471543236e-05
60000,3.34035808854e-05,5.71678286553e-05
60100,3.34361186219e-05,5.7088775694e-05
60200,3.34687058836e-05,5.70099946687e-05
60300,3.35013440526e-05,5.69314848684e-05
60400,3.35340346973e-05,5.68532456763e-05
60500,3.35667795833e-05,5.67752765742e-05
60600,3.35995806317e-05,5.66975771202e-05
60700,3.36324398275e-05,5.66201469032e-05
60800,3.36653591155e-05,5.65429854917e-05
60900,3.36983403126e-05,5.64660923904e-05
61000,3.37313850634e-05,5.63894670206e-05
61100,3.37644948538e-05,5.6313108727e-05
61200,3.3797671079e-05,5.62370168119e-05
61300,3.38309151384e-05,5.61611905816e-05
61400,3.38642285365e-05,5.60856293953e-05
61500,3.38976129488e-05,5.60103326954e-05
61600,3.39310702385e-05,5.5935300015e-05
61700,3.39646024167e-05,5.58605309574e-05
61800,3.39982115604e-05,5.57860251563e-05
61900,3.40318997112e-05,5.57117822271e-05
62000,3.40656687907e-05,5.56378017269e-05
62100,3.40995205553e-05,5.5564083134e-05
62200,3.41334566064e-05,5.54906258538e-05
62300,3.41674784481e-05,5.5417429247e-05
62400,3.42015875804e-05,5.53444926733e-05
62500,3.42357855914e-05,5.52718155354e-05
62600,3.42700742222e-05,5.51993973083e-05
62700,3.43044553871e-05,5.51272375476e-05
62800,3.43389311363e-05,5.50553358717e-05
62900,3.43735035788e-05,5.49836919246e-05
63000,3.44081747876e-05,5.49123053322e-05
63100,3.44429467144e-05,5.48411756633e-05
63200,3.44778211444e-05,5.4770302409e-05
63300,3.45127996993e-05,5.46996849855e-05
63400,3.45478838905e-05,5.46293227594e-05
63500,3.45830752019e-05,5.4559215086e-05
63600,3.46183751785e-05,5.44893613495e-05
63700,3.46537854869e-05,5.44197609907e-05
63800,3.46893079353e-05,5.43504135146e-05
63900,3.47249444399e-05,5.42813184751e-05
64000,3.47606969509e-05,5.42124754404e-05
64100,3.479656736e-05,5.41438839518e-05
64200,3.48325574174e-05,5.40755434862e-05
64300,3.48686686819e-05,5.40074534356e-05
64400,3.490490252e-05,5.39396131069e-05
64500,3.49412601505e-05,5.38720217432e-05
64600,3.49777427209e-05,5.38046785585e-05
64700,3.5014351387e-05,5.37375827733e-05
64800,3.50510873746e-05,5.36707336414e-05
64900,3.50879519956e-05,5.36041304574e-05
65000,3.51249466194e-05,5.35377725423e-05
65100,3.51620726022e-05,5.34716592137e-05
65200,3.51993312009e-05,5.34057897469e-05
65300,3.52367234896e-05,5.33401633404e-05
65400,3.52742503113e-05,5.32747790949e-05
65500,3.53119122731e-05,5.3209636013e-05
65600,3.53497230955e-05,5.31447387659e-05
65700,3.53876761492e-05,5.30800832047e-05
65800,3.54257640672e-05,5.30156649012e-05
65900,3.54639871088e-05,5.29514827358e-05
66000,3.55023455725e-05,5.28875356121e-05
66100,3.55408397718e-05,5.28238224461e-05
66200,3.55794699746e-05,5.27603421404e-05
66300,3.56182363236e-05,5.26970935507e-05
66400,3.56571387605e-05,5.26340754544e-05
66500,3.56961769819e-05,5.25712865329e-05
66600,3.5735350436e-05,5.25087253717e-05
66700,3.57746583636e-05,5.24463904788e-05
66800,3.58140998685e-05,5.23842803151e-05
66900,3.58536739986e-05,5.23223933293e-05
67000,3.58933798073e-05,5.22607279833e-05
67100,3.59332163846e-05,5.21992827653e-05
67200,3.59731828392e-05,5.21380561819e-05
67300,3.601327825e-05,5.20770467382e-05
67400,3.6053501594e-05,5.20162529077e-05
67500,3.60938516806e-05,5.19556731062e-05
67600,3.61343271086e-05,5.18953056747e-05
67700,3.61749262685e-05,5.18351488817e-05
67800,3.62156473813e-05,5.17752009397e-05
67900,3.6256488568e-05,5.17154600345e-05
68000,3.62974479314e-05,5.16559243587e-05
68100,3.63385236182e-05,5.15965921369e-05
68200,3.63797138525e-05,5.15374616391e-05
68300,3.64210169276e-05,5.14785311762e-05
68400,3.64624311614e-05,5.14197990826e-05
68500,3.65039548306e-05,5.13612636889e-05
68600,3.65455861096e-05,5.13029232979e-05
68700,3.65873230309e-05,5.12447761693e-05
68800,3.66291634826e-05,5.1186820519e-05
68900,3.66711052446e-05,5.11290545349e-05
69000,3.67131460564e-05,5.1071476403e-05
69100,3.67552836894e-05,5.10140843371e-05
69200,3.6797516011e-05,5.09568766031e-05
69300,3.68398410167e-05,5.0899851531e-05
69400,3.68822568238e-05,5.08430075122e-05
69500,3.69247616281e-05,5.07863429813e-05
69600,3.69673665855e-05,5.07298614298e-05
69700,3.7010059391e-05,5.06735572012e-05
69800,3.70528359794e-05,5.06174278844e-05
69900,3.70956943184e-05,5.05614718746e-05
70000,3.71386323171e-05,5.05056875574e-05
70100,3.71816478839e-05,5.0450073331e-05
70200,3.72247389955e-05,5.03946276332e-05
70300,3.72679037551e-05,5.03393489623e-05
70400,3.7311140422e-05,5.02842358885e-05
70500,3.73544474068e-05,5.02292870508e-05
70600,3.73978232293e-05,5.01745011401e-05
70700,3.74412664597e-05,5.01198768767e-05
70800,3.74847756561e-05,5.00654129861e-05
70900,3.75283493233e-05,5.00111081836e-05
71000,3.75719859013e-05,4.99569611701e-05
71100,3.76156837901e-05,4.99029706419e-05
71200,3.76594414027e-05,4.98491353102e-05
71300,3.77032572279e-05,4.97954539244e-05
71400,3.77471298834e-05,4.97419252918e-05
71500,3.77910581457e-05,4.96885482875e-05
71600,3.78350409439e-05,4.96353218517e-05
71700,3.78790773209e-05,4.95822449742e-05
71800,3.79231663761e-05,4.95293166731e-05
71900,3.79673072048e-05,4.94765359719e-05
72000,3.8011498854e-05,4.94239018839e-05
72100,3.80557403106e-05,4.93714134071e-05
72200,3.81000305208e-05,4.93190695323e-05
72300,3.81443684364e-05,4.92668692599e-05
72400,3.81887530752e-05,4.92148116214e-05
72500,3.82331835707e-05,4.91628956971e-05
72600,3.82776591997e-05,4.91111206257e-05
72700,3.832217938e-05,4.90594856024e-05
72800,3.83667436332e-05,4.90079898654e-05
72900,3.84113515303e-05,4.89566326752e-05
73000,3.84560026333e-05,4.89054132942e-05
73100,3.85006964528e-05,4.88543309711e-05
73200,3.85454324324e-05,4.8803384936e-05
73300,3.85902099648e-05,4.87525744061e-05
73400,3.86350284376e-05,4.87018986019e-05
73500,3.86798872847e-05,4.86513567658e-05
73600,3.87247860384e-05,4.86009481797e-05
73700,3.87697243563e-05,4.85506721742e-05
73800,3.88147020187e-05,4.85005281268e-05
73900,3.88597188969e-05,4.84505154507e-05
74000,3.89047749023e-05,4.84006335765e-05
74100,3.89498699301e-05,4.83508819322e-05
74200,3.89950038177e-05,4.83012599293e-05
74300,3.90401763283e-05,4.82517669571e-05
74400,3.90853871664e-05,4.82024023883e-05
74500,3.91306360159e-05,4.81531655926e-05
74600,3.91759225934e-05,4.81040559544e-05
74700,3.9221246695e-05,4.80550728896e-05
74800,3.92666082254e-05,4.80062158542e-05
74900,3.93120071975e-05,4.79574843442e-05
75000,3.9357443703e-05,4.79088778849e-05
75100,3.94029178657e-05,4.78603960153e-05
75200,3.94484297883e-05,4.78120382689e-05
75300,3.94939795117e-05,4.77638041615e-05
75400,3.95395669987e-05,4.77156931845e-05
75500,3.95851921457e-05,4.76677048102e-05
75600,3.96308548198e-05,4.76198385042e-05
75700,3.96765549082e-05,4.75720937415e-05
75800,3.97222923633e-05,4.7524470022e-05
75900,3.97680672321e-05,4.74769668796e-05
76000,3.98138796586e-05,4.74295838829e-05
76100,3.98597298571e-05,4.73823206256e-05
76200,3.9905618068e-05,4.73351767118e-05
76300,3.99515445096e-05,4.72881517403e-05
76400,3.99975093366e-05,4.72412452905e-05
76500,4.00435126244e-05,4.71944569183e-05
76600,4.00895543786e-05,4.71477861588e-05
76700,4.01356345692e-05,4.71012325379e-05
76800,4.01817531766e-05,4.70547955877e-05
76900,4.02279102369e-05,4.70084748607e-05
77000,4.027410587e-05,4.69622699385e-05
77100,4.03203402825e-05,4.69161804331e-05
77200,4.03666137471e-05,4.68702059792e-05
77300,4.04129265601e-05,4.68243462205e-05
77400,4.04592789942e-05,4.67786007949e-05
77500,4.05056712607e-05,4.67329693219e-05
77600,4.05521034929e-05,4.6687451398e-05
77700,4.05985757533e-05,4.66420465992e-05
77800,4.06450880639e-05,4.65967544908e-05
77900,4.06916404515e-05,4.65515746416e-05
78000,4.0738232991e-05,4.65065066381e-05
78100,4.07848658318e-05,4.6461550092e-05
78200,4.08315392042e-05,4.64167046424e-05
78300,4.08782534004e-05,4.63719699491e-05
78400,4.09250087344e-05,4.63273456802e-05
78500,4.09718054992e-05,4.62828314984e-05
78600,4.10186439294e-05,4.62384270498e-05
78700,4.1065524183e-05,4.6194131958e-05
78800,4.11124463478e-05,4.6149945827e-05
78900,4.115941047e-05,4.61058682494e-05
79000,4.12064165961e-05,4.60618988204e-05
79100,4.1253464813e-05,4.60180371493e-05
79200,4.13005552766e-05,4.59742828686e-05
79300,4.13476882186e-05,4.59306356355e-05
79400,4.13948639287e-05,4.58870951263e-05
79500,4.14420827192e-05,4.58436610256e-05
79600,4.14893448835e-05,4.58003330132e-05
79700,4.15366506602e-05,4.57571107539e-05
79800,4.15840002149e-05,4.57139938914e-05
79900,4.16313936445e-05,4.56709820508e-05
80000,4.16788310032e-05,4.56280748458e-05
80100,4.17263123413e-05,4.55852718911e-05
80200,4.17738377463e-05,4.55425728142e-05
80300,4.18214073675e-05,4.5499977263e-05
80400,4.18690214266e-05,4.54574849082e-05
80500,4.19166801998e-05,4.54150954384e-05
80600,4.1964383988e-05,4.53728085505e-05
80700,4.20121330749e-05,4.53306239377e-05
80800,4.20599276935e-05,4.52885412791e-05
80900,4.21077680076e-05,4.5246560235e-05
81000,4.21556541143e-05,4.52046804477e-05
81100,4.22035860686e-05,4.51629015486e-05
81200,4.22515639186e-05,4.51212231692e-05
81300,4.22995877439e-05,4.50796449517e-05
81400,4.23476576826e-05,4.5038166557e-05
81500,4.23957739409e-05,4.49967876676e-05
81600,4.24439367779e-05,4.49555079822e-05
81700,4.24921464774e-05,4.49143272079e-05
81800,4.25404033092e-05,4.48732450491e-05
81900,4.25887074968e-05,4.48322611978e-05
82000,4.26370591976e-05,4.47913753284e-05
82100,4.26854585054e-05,4.47505870986e-05
82200,4.27339054718e-05,4.47098961557e-05
82300,4.27824001392e-05,4.46693021459e-05
82400,4.28309425785e-05,4.46288047254e-05
82500,4.28795329145e-05,4.45884035671e-05
82600,4.29281713354e-05,4.45480983634e-05
82700,4.2976858082e-05,4.45078888227e-05
82800,4.30255934197e-05,4.44677746617e-05
82900,4.30743776031e-05,4.44277555947e-05
83000,4.31232108439e-05,4.43878313256e-05
83100,4.31720932923e-05,4.43480015419e-05
83200,4.32210250372e-05,4.43082659159e-05
83300,4.32700061253e-05,4.42686241091e-05
83400,4.33190365938e-05,4.42290757823e-05
83500,4.33681165031e-05,4.41896206045e-05
83600,4.34172459647e-05,4.415025826e-05
83700,4.34664251499e-05,4.41109884512e-05
83800,4.35156542807e-05,4.40718108955e-05
83900,4.35649336046e-05,4.40327253187e-05
84000,4.36142633609e-05,4.3993731445e-05
84100,4.366364375e-05,4.39548289895e-05
84200,4.37130749139e-05,4.39160176521e-05
84300,4.37625569367e-05,4.38772971187e-05
84400,4.38120898609e-05,4.38386670652e-05
84500,4.38616737169e-05,4.38001271656e-05
84600,4.39113085573e-05,4.37616771018e-05
84700,4.396099448e-05,4.3723316569e-05
84800,4.40107316407e-05,4.36850452796e-05
84900,4.40605202441e-05,4.364686296e-05
85000,4.41103605205e-05,4.36087693448e-05
85100,4.41602526946e-05,4.3570764168e-05
85200,4.42101969554e-05,4.35328471551e-05
85300,4.42601934381e-05,4.34950180186e-05
85400,4.43102422219e-05,4.34572764572e-05
85500,4.43603433457e-05,4.34196221606e-05
85600,4.44104968347e-05,4.3382054816e-05
85700,4.44607027331e-05,4.33445741174e-05
85800,4.4510961128e-05,4.33071797713e-05
85900,4.45612721602e-05,4.32698714996e-05
86000,4.46116360179e-05,4.32326490377e-05
86100,4.46620529164e-05,4.31955121292e-05
86200,4.47125230661e-05,4.31584605173e-05
86300,4.47630466463e-05,4.31214939382e-05
86400,4.48136237856e-05,4.30846121162e-05
86500,4.48642545587e-05,4.30478147625e-05
86600,4.49149390014e-05,4.301110158e-05
86700,4.49656771353e-05,4.2974472269e-05
86800,4.50164689974e-05,4.29379265353e-05
86900,4.50673146643e-05,4.29014640963e-05
87000,4.51182142645e-05,4.28650846837e-05
87100,4.51691679709e-05,4.28287880417e-05
87200,4.5220175984e-05,4.27925739225e-05
87300,4.52712385026e-05,4.27564420789e-05
87400,4.53223556962e-05,4.27203922573e-05
87500,4.53735276876e-05,4.26844241931e-05
87600,4.54247545482e-05,4.26485376102e-05
87700,4.54760363111e-05,4.26127322239e-05
87800,4.55273729946e-05,4.25770077471e-05
87900,4.55787646303e-05,4.25413638975e-05
88000,4.56302112857e-05,4.25058004029e-05
88100,4.56817130775e-05,4.24703170047e-05
88200,4.57332701657e-05,4.24349134561e-05
88300,4.57848827372e-05,4.23995895178e-05
88400,4.58365509793e-05,4.23643449517e-05
88500,4.58882750534e-05,4.23291795142e-05
88600,4.59400550763e-05,4.22940929515e-05
88700,4.59918911177e-05,4.22590849997e-05
88800,4.60437832083e-05,4.22241553862e-05
88900,4.60957313641e-05,4.21893038362e-05
89000,4.61477356118e-05,4.21545300786e-05
89100,4.61997960113e-05,4.21198338519e-05
89200,4.62519126689e-05,4.20852149067e-05
89300,4.63040857323e-05,4.20506730049e-05
89400,4.63563153764e-05,4.20162079158e-05
89500,4.64086017787e-05,4.19818194104e-05
89600,4.64609450918e-05,4.19475072544e-05
89700,4.65133454285e-05,4.19132712049e-05
89800,4.65658028564e-05,4.18791110092e-05
89900,4.66183174047e-05,4.18450264068e-05
90000,4.66708890876e-05,4.18110171343e-05
90100,4.67235179279e-05,4.1777082932e-05
90200,4.67762039793e-05,4.17432235484e-05
90300,4.68289473382e-05,4.17094387434e-05
90400,4.6881748142e-05,4.16757282876e-05
90500,4.69346065544e-05,4.16420919586e-05
90600,4.69875227427e-05,4.16085295357e-05
90700,4.70404968532e-05,4.15750407943e-05
90800,4.70935289947e-05,4.15416255018e-05
90900,4.71466192322e-05,4.15082834162e-05
91000,4.71997675947e-05,4.14750142884e-05
91100,4.72529740952e-05,4.14418178665e-05
91200,4.73062387536e-05,4.14086939014e-05
91300,4.73595616175e-05,4.13756421516e-05
91400,4.74129427754e-05,4.1342662386e-05
91500,4.74663823549e-05,4.13097543835e-05
91600,4.75198805094e-05,4.127691793e-05
91700,4.75734373971e-05,4.12441528131e-05
91800,4.76270531587e-05,4.12114588172e-05
91900,4.76807278985e-05,4.11788357194e-05
92000,4.77344616807e-05,4.11462832886e-05
92100,4.77882545338e-05,4.11138012862e-05
92200,4.78421064701e-05,4.10813894714e-05
92300,4.78960175073e-05,4.10490476055e-05
92400,4.79499876883e-05,4.10167754566e-05
92500,4.80040170938e-05,4.09845728023e-05
92600,4.80581058426e-05,4.09524394299e-05
92700,4.81122540792e-05,4.09203751329e-05
92800,4.8166461954e-05,4.08883797072e-05
92900,4.82207296009e-05,4.0856452946e-05
93000,4.8275057122e-05,4.08245946357e-05
93100,4.83294445797e-05,4.07928045551e-05
93200,4.83838920032e-05,4.07610824764e-05
93300,4.84383994042e-05,4.07294281691e-05
93400,4.84929667986e-05,4.06978414045e-05
93500,4.85475942254e-05,4.06663219601e-05
93600,4.86022817589e-05,4.0634869622e-05
93700,4.865702951e-05,4.06034841853e-05
93800,4.87118376149e-05,4.05721654515e-05
93900,4.87667062161e-05,4.05409132242e-05
94000,4.88216354429e-05,4.05097273048e-05
94100,4.88766253941e-05,4.04786074891e-05
94200,4.89316761315e-05,4.04475535653e-05
94300,4.89867876849e-05,4.04165653158e-05
94400,4.90419600659e-05,4.03856425199e-05
94500,4.90971932894e-05,4.03547849586e-05
94600,4.91524873913e-05,4.03239924186e-05
94700,4.92078424402e-05,4.02932646941e-05
94800,4.92632585396e-05,4.02626015881e-05
94900,4.93187358182e-05,4.02320029094e-05
95000,4.93742744123e-05,4.02014684694e-05
95100,4.94298744459e-05,4.01709980774e-05
95200,4.94855360155e-05,4.01405915378e-05
95300,4.95412591824e-05,4.01102486482e-05
95400,4.95970439773e-05,4.00799692004e-05
95500,4.96528904126e-05,4.00497529836e-05
95600,4.97087985024e-05,4.0019599788e-05
95700,4.976476828e-05,3.99895094088e-05
95800,4.98207998092e-05,3.99594816485e-05
95900,4.98768931873e-05,3.99295163174e-05
96000,4.9933048536e-05,3.98996132317e-05
96100,4.99892659857e-05,3.98697722101e-05
96200,5.00455456564e-05,3.98399930698e-05
96300,5.01018876423e-05,3.98102756232e-05
96400,5.01582920046e-05,3.97806196768e-05
96500,5.02147587752e-05,3.97510250319e-05
96600,5.02712879673e-05,3.97214914865e-05
96700,5.03278795957e-05,3.96920188401e-05
96800,5.03845336905e-05,3.9662606896e-05
96900,5.04412503127e-05,3.96332554647e-05
97000,5.04980295538e-05,3.96039643639e-05
97100,5.05548715295e-05,3.95747334167e-05
97200,5.06117763647e-05,3.95455624487e-05
97300,5.06687441755e-05,3.95164512847e-05
97400,5.07257750546e-05,3.94873997452e-05
97500,5.0782869064e-05,3.94584076452e-05
97600,5.08400262363e-05,3.94294747944e-05
97700,5.08972465868e-05,3.94006010001e-05
97800,5.09545301303e-05,3.93717860701e-05
97900,5.10118768963e-05,3.9343029816e-05
98000,5.10692869421e-05,3.93143320559e-05
98100,5.11267603546e-05,3.92856926144e-05
98200,5.11842972443e-05,3.92571113215e-05
98300,5.12418977315e-05,3.92285880097e-05
98400,5.12995619291e-05,3.92001225109e-05
98500,5.1357289929e-05,3.91717146533e-05
98600,5.14150817931e-05,3.91433642599e-05
98700,5.14729375565e-05,3.9115071149e-05
98800,5.15308572366e-05,3.90868351364e-05
98900,5.15888408483e-05,3.90586560379e-05
99000,5.16468884218e-05,3.90305336734e-05
99100,5.17050000111e-05,3.9002467868e-05
99200,5.17631756993e-05,3.89744584531e-05
99300,5.1821415593e-05,3.89465052655e-05
99400,5.18797198081e-05,3.89186081444e-05
99500,5.19380884554e-05,3.88907669285e-05
99600,5.19965216257e-05,3.88629814533e-05
99700,5.20550193825e-05,3.88352515497e-05
99800,5.21135817624e-05,3.8807577044e-05
99900,5.2172208786e-05,3.87799577601e-05
100000,5.22309004693e-05,3.87523935219e-05
100100,5.22896568431e-05,3.87248841568e-05
100200,5.23484779592e-05,3.8697429497e-05
100300,5.24073638985e-05,3.86700293807e-05
100400,5.24663147632e-05,3.86426836509e-05
100500,5.25253306669e-05,3.86153921535e-05
100600,5.25844117177e-05,3.85881547335e-05
100700,5.26435580064e-05,3.85609712338e-05
100800,5.27027695982e-05,3.85338414924e-05
100900,5.27620465329e-05,3.85067653438e-05
101000,5.2821388833e-05,3.84797426194e-05
101100,5.28807965179e-05,3.8452773151e-05
101200,5.29402696179e-05,3.84258567731e-05
101300,5.29998081852e-05,3.83989933249e-05
101400,5.30594122981e-05,3.8372182651e-05
101500,5.31190820563e-05,3.83454246009e-05
101600,5.31788175707e-05,3.83187190263e-05
101700,5.32386189482e-05,3.8292065779e-05
101800,5.32984862802e-05,3.82654647085e-05
101900,5.33584196335e-05,3.82389156599e-05
102000,5.34184190512e-05,3.82124184752e-05
102100,5.34784845599e-05,3.81859729935e-05
102200,5.35386161812e-05,3.81595790538e-05
102300,5.35988139472e-05,3.81332364976e-05
102400,5.36590779106e-05,3.81069451711e-05
102500,5.37194081476e-05,3.80807049249e-05
102600,5.37798047564e-05,3.80545156146e-05
102700,5.38402678461e-05,3.8028377098e-05
102800,5.39007975235e-05,3.80022892331e-05
102900,5.39613938806e-05,3.79762518757e-05
103000,5.40220569865e-05,3.79502648781e-05
103100,5.40827868889e-05,3.79243280893e-05
103200,5.41435836175e-05,3.78984413555e-05
103300,5.42044471978e-05,3.7872604523e-05
103400,5.42653776645e-05,3.78468174403e-05
103500,5.43263750704e-05,3.78210799596e-05
103600,5.43874394919e-05,3.7795391938e-05
103700,5.44485710261e-05,3.77697532368e-05
103800,5.45097697813e-05,3.77441637196e-05
103900,5.45710358638e-05,3.77186232504e-05
104000,5.46323693679e-05,3.76931316913e-05
104100,5.4693770366e-05,3.76676889014e-05
104200,5.4755238909e-05,3.76422947361e-05
104300,5.4816775032e-05,3.7616949049e-05
104400,5.48783787645e-05,3.75916516931e-05
104500,5.49400501439e-05,3.75664025234e-05
104600,5.50017892252e-05,3.75412013985e-05
104700,5.5063596085e-05,3.75160481814e-05
104800,5.51254708198e-05,3.74909427388e-05
104900,5.51874135383e-05,3.74658849404e-05
105000,5.52494243479e-05,3.74408746556e-05
105100,5.53115033443e-05,3.74159117528e-05
105200,5.53736506042e-05,3.73909960973e-05
105300,5.54358661832e-05,3.73661275512e-05
105400,5.54981501209e-05,3.73413059745e-05
105500,5.5560502452e-05,3.73165312271e-05
105600,5.56229232178e-05,3.72918031702e-05
105700,5.56854124755e-05,3.72671216685e-05
105800,5.5747970303e-05,3.72424865907e-05
105900,5.58105967976e-05,3.72178978091e-05
106000,5.58732920682e-05,3.71933551986e-05
106100,5.59360562243e-05,3.71688586346e-05
106200,5.59988893641e-05,3.71444079909e-05
106300,5.60617915687e-05,3.7120003139e-05
106400,5.61247628983e-05,3.70956439473e-05
106500,5.61878033989e-05,3.70713302824e-05
106600,5.62509131106e-05,3.70470620104e-05
106700,5.63140920783e-05,3.70228389986e-05
106800,5.63773403626e-05,3.69986611174e-05
106900,5.64406580438e-05,3.69745282413e-05
107000,5.65040452205e-05,3.69504402478e-05
107100,5.65675020031e-05,3.69263970171e-05
107200,5.66310285026e-05,3.69023984298e-05
107300,5.66946248213e-05,3.68784443656e-05
107400,5.67582910445e-05,3.68545347015e-05
107500,5.68220272384e-05,3.68306693121e-05
107600,5.68858334549e-05,3.68068480701e-05
107700,5.69497097399e-05,3.67830708476e-05
107800,5.70136561436e-05,3.67593375179e-05
107900,5.707767273e-05,3.67356479571e-05
108000,5.71417595826e-05,3.67120020449e-05
108100,5.72059168017e-05,3.66883996639e-05
108200,5.72701445001e-05,3.66648406995e-05
108300,5.73344427913e-05,3.66413250374e-05
108400,5.73988117816e-05,3.66178525625e-05
108500,5.74632515609e-05,3.65944231575e-05
108600,5.75277622019e-05,3.65710367029e-05
108700,5.75923437631e-05,3.6547693077e-05
108800,5.76569962962e-05,3.65243921579e-05
108900,5.77217198571e-05,3.65011338244e-05
109000,5.77865145146e-05,3.64779179581e-05
109100,5.7851380355e-05,3.64547444437e-05
109200,5.79163174817e-05,3.6431613169e-05
109300,5.79813260096e-05,3.64085240241e-05
109400,5.80464060561e-05,3.63854768996e-05
109500,5.8111557731e-05,3.63624716855e-05
109600,5.817678113e-05,3.63395082699e-05
109700,5.82420763322e-05,3.63165865387e-05
109800,5.83074434024e-05,3.62937063758e-05
109900,5.83728823994e-05,3.62708676648e-05
110000,5.84383933848e-05,3.62480702901e-05
110100,5.85039764323e-05,3.62253141382e-05
110200,5.85696316316e-05,3.62025990989e-05
110300,5.863535909e-05,3.61799250647e-05
110400,5.87011589248e-05,3.61572919302e-05
110500,5.87670312571e-05,3.61346995908e-05
110600,5.88329762015e-05,3.61121479415e-05
110700,5.88989938589e-05,3.60896368752e-05
110800,5.89650843147e-05,3.6067166283e-05
110900,5.90312476411e-05,3.60447360543e-05
111000,5.90974839031e-05,3.60223460778e-05
111100,5.91637931691e-05,3.59999962431e-05
111200,5.92301755175e-05,3.59776864418e-05
111300,5.92966310423e-05,3.5955416568e-05
111400,5.93631598541e-05,3.5933186519e-05
111500,5.94297620735e-05,3.59109961936e-05
111600,5.94964378254e-05,3.5888845492e-05
111700,5.95631872286e-05,3.58667343133e-05
111800,5.96300103901e-05,3.58446625556e-05
111900,5.96969074016e-05,3.58226301146e-05
112000,5.97638783416e-05,3.58006368849e-05
112100,5.98309232829e-05,3.57786827601e-05
112200,5.98980422993e-05,3.57567676347e-05
112300,5.99652354745e-05,3.57348914048e-05
112400,6.0032502907e-05,3.57130539692e-05
112500,6.00998447107e-05,3.56912552292e-05
112600,6.01672610093e-05,3.5669495088e-05
112700,6.02347519319e-05,3.56477734498e-05
112800,6.03023176018e-05,3.56260902182e-05
112900,6.03699581307e-05,3.56044452956e-05
113000,6.04376736171e-05,3.55828385825e-05
113100,6.05054641462e-05,3.55612699779e-05
113200,6.05733297968e-05,3.55397393803e-05
113300,6.06412706491e-05,3.55182466888e-05
113400,6.0709286792e-05,3.54967918038e-05
113500,6.07773783276e-05,3.54753746282e-05
113600,6.08455453734e-05,3.54539950674e-05
113700,6.09137880566e-05,3.54326530285e-05
113800,6.09821065095e-05,3.54113484196e-05
113900,6.1050500859e-05,3.53900811483e-05
114000,6.11189712226e-05,3.53688511212e-05
114100,6.11875177041e-05,3.53476582431e-05
114200,6.12561403953e-05,3.53265024174e-05
114300,6.13248393808e-05,3.5305383547e-05
114400,6.13936147463e-05,3.52843015351e-05
114500,6.14624665856e-05,3.52632562864e-05
114600,6.15313950043e-05,3.52422477075e-05
114700,6.1600400123e-05,3.52212757077e-05
114800,6.1669482072e-05,3.52003401976e-05
114900,6.17386409857e-05,3.5179441089e-05
115000,6.18078769957e-05,3.51585782933e-05
115100,6.18771902233e-05,3.51377517208e-05
115200,6.19465807773e-05,3.51169612803e-05
115300,6.20160487551e-05,3.50962068795e-05
115400,6.20855942468e-05,3.5075488425e-05
115500,6.2155217343e-05,3.50548058241e-05
115600,6.22249181415e-05,3.50341589853e-05
115700,6.22946967513e-05,3.50135478189e-05
115800,6.23645532953e-05,3.49929722375e-05
115900,6.24344879055e-05,3.49724321552e-05
116000,6.25045007195e-05,3.4951927487e-05
116100,6.25745918708e-05,3.49314581477e-05
116200,6.26447614848e-05,3.49110240513e-05
116300,6.27150096745e-05,3.48906251103e-05
116400,6.27853365419e-05,3.48702612359e-05
116500,6.28557421816e-05,3.48499323386e-05
116600,6.29262266883e-05,3.48296383293e-05
116700,6.29967901626e-05,3.48093791198e-05
116800,6.30674327169e-05,3.4789154624e-05
116900,6.31381544749e-05,3.47689647576e-05
117000,6.32089555706e-05,3.47488094376e-05
117100,6.32798361421e-05,3.47286885822e-05
117200,6.3350796326e-05,3.47086021095e-05
117300,6.34218362496e-05,3.46885499365e-05
117400,6.34929560289e-05,3.46685319791e-05
117500,6.35641557703e-05,3.46485481519e-05
117600,6.36354355712e-05,3.46285983688e-05
117700,6.37067955298e-05,3.46086825441e-05
117800,6.37782357491e-05,3.45888005928e-05
117900,6.38497563426e-05,3.45689524317e-05
118000,6.3921357435e-05,3.45491379795e-05
118100,6.39930391606e-05,3.4529357156e-05
118200,6.40648016587e-05,3.45096098823e-05
118300,6.41366450656e-05,3.44898960791e-05
118400,6.4208569511e-05,3.44702156665e-05
118500,6.42805751131e-05,3.44505685634e-05
118600,6.43526619799e-05,3.44309546875e-05
118700,6.44248302124e-05,3.4411373956e-05
118800,6.44970799101e-05,3.4391826286e-05
118900,6.45694111777e-05,3.43723115955e-05
119000,6.46418241289e-05,3.43528298041e-05
119100,6.47143188886e-05,3.4333380833e-05
119200,6.47868955905e-05,3.43139646049e-05
119300,6.48595543731e-05,3.42945810431e-05
119400,6.49322953731e-05,3.42752300711e-05
119500,6.500511872e-05,3.42559116115e-05
119600,6.50780245336e-05,3.42366255861e-05
119700,6.51510129229e-05,3.42173719154e-05
119800,6.52240839907e-05,3.41981505193e-05
119900,6.52972378374e-05,3.41789613179e-05
120000,6.53704745677e-05,3.41598042318e-05
120100,6.54437942951e-05,3.41406791831e-05
120200,6.55171971432e-05,3.41215860954e-05
120300,6.55906832449e-05,3.41025248938e-05
120400,6.56642527366e-05,3.40834955039e-05
120500,6.57379057539e-05,3.40644978514e-05
120600,6.58116424261e-05,3.40455318616e-05
120700,6.58854628727e-05,3.40265974587e-05
120800,6.59593672032e-05,3.40076945657e-05
120900,6.60333555208e-05,3.39888231053e-05
121000,6.61074279255e-05,3.39699829999e-05
121100,6.61815845219e-05,3.39511741727e-05
121200,6.62558254218e-05,3.39323965481e-05
121300,6.63301507477e-05,3.3913650052e-05
121400,6.64045606291e-05,3.38949346115e-05
121500,6.64790552005e-05,3.38762501543e-05
121600,6.65536345955e-05,3.38575966085e-05
121700,6.6628298942e-05,3.38389739014e-05
121800,6.67030483582e-05,3.38203819595e-05
121900,6.67778829535e-05,3.38018207084e-05
122000,6.68528028299e-05,3.3783290073e-05
122100,6.69278080873e-05,3.37647899781e-05
122200,6.70028988284e-05,3.37463203491e-05
122300,6.70780751631e-05,3.37278811127e-05
122400,6.71533372107e-05,3.37094721968e-05
122500,6.72286850983e-05,3.36910935303e-05
122600,6.73041189569e-05,3.36727450431e-05
122700,6.73796389176e-05,3.36544266651e-05
122800,6.7455245106e-05,3.36361383259e-05
122900,6.75309376384e-05,3.36178799539e-05
123000,6.76067166227e-05,3.35996514769e-05
123100,6.76825821593e-05,3.35814528221e-05
123200,6.77585343473e-05,3.35632839166e-05
123300,6.78345732866e-05,3.35451446878e-05
123400,6.79106990847e-05,3.35270350643e-05
123500,6.79869118574e-05,3.3508954976e-05
123600,6.80632117282e-05,3.34909043538e-05
123700,6.81395988247e-05,3.34728831293e-05
123800,6.82160732742e-05,3.34548912342e-05
123900,6.82926351995e-05,3.34369285999e-05
124000,6.83692847145e-05,3.34189951571e-05
124100,6.84460219249e-05,3.34010908356e-05
124200,6.85228469295e-05,3.33832155645e-05
124300,6.85997598246e-05,3.3365369273e-05
124400,6.86767607078e-05,3.33475518905e-05
124500,6.87538496838e-05,3.33297633477e-05
124600,6.88310268641e-05,3.33120035761e-05
124700,6.89082923682e-05,3.32942725083e-05
124800,6.89856463199e-05,3.32765700777e-05
124900,6.90630888422e-05,3.32588962177e-05
125000,6.91406200544e-05,3.32412508617e-05
125100,6.9218240068e-05,3.32236339421e-05
125200,6.92959489862e-05,3.32060453907e-05
125300,6.93737469048e-05,3.31884851386e-05
125400,6.94516339177e-05,3.31709531168e-05
125500,6.952961012e-05,3.31534492568e-05
125600,6.96076756122e-05,3.3135973491e-05
125700,6.96858305023e-05,3.31185257526e-05
125800,6.97640749051e-05,3.31011059759e-05
125900,6.98424089399e-05,3.3083714096e-05
126000,6.99208327263e-05,3.30663500481e-05
126100,6.99993463791e-05,3.3049013767e-05
126200,7.0077950007e-05,3.30317051871e-05
126300,7.01566437099e-05,3.3014424242e-05
126400,7.02354275818e-05,3.29971708647e-05
126500,7.0314301713e-05,3.29799449882e-05
126600,7.03932661959e-05,3.29627465458e-05
126700,7.0472321127e-05,3.29455754714e-05
126800,7.05514666101e-05,3.29284317001e-05
126900,7.06307027561e-05,3.29113151678e-05
127000,7.07100296795e-05,3.28942258111e-05
127100,7.07894474956e-05,3.28771635669e-05
127200,7.08689563157e-05,3.28601283717e-05
127300,7.09485562448e-05,3.28431201617e-05
127400,7.10282473801e-05,3.28261388721e-05
127500,7.11080298127e-05,3.2809184438e-05
127600,7.11879036305e-05,3.2792256794e-05
127700,7.12678689219e-05,3.27753558752e-05
127800,7.13479257808e-05,3.27584816173e-05
127900,7.14280743063e-05,3.2741633957e-05
128000,7.1508314605e-05,3.27248128319e-05
128100,7.15886467875e-05,3.27080181801e-05
128200,7.16690709648e-05,3.269124994e-05
128300,7.17495872443e-05,3.267450805e-05
128400,7.18301957281e-05,3.26577924477e-05
128500,7.19108965102e-05,3.26411030703e-05
128600,7.19916896793e-05,3.26244398546e-05
128700,7.20725753204e-05,3.2607802737e-05
128800,7.21535535197e-05,3.25911916544e-05
128900,7.22346243667e-05,3.25746065442e-05
129000,7.23157879575e-05,3.25580473447e-05
129100,7.23970443946e-05,3.2541513995e-05
129200,7.24783937843e-05,3.2525006435e-05
129300,7.25598362339e-05,3.25085246045e-05
129400,7.26413718477e-05,3.24920684436e-05
129500,7.27230007244e-05,3.24756378917e-05
129600,7.2804722956e-05,3.24592328876e-05
129700,7.28865386287e-05,3.24428533699e-05
129800,7.29684478252e-05,3.24264992769e-05
129900,7.30504506289e-05,3.24101705472e-05
130000,7.3132547127e-05,3.23938671199e-05
130100,7.32147374117e-05,3.23775889349e-05
130200,7.32970215827e-05,3.23613359331e-05
130300,7.33793997423e-05,3.23451080556e-05
130400,7.34618719949e-05,3.23289052443e-05
130500,7.35444384417e-05,3.23127274405e-05
130600,7.36270991794e-05,3.22965745856e-05
130700,7.37098542976e-05,3.228044662e-05
130800,7.37927038806e-05,3.22643434842e-05
130900,7.38756480097e-05,3.22482651183e-05
131000,7.39586867663e-05,3.22322114625e-05
131100,7.40418202354e-05,3.22161824578e-05
131200,7.41250485071e-05,3.22001780457e-05
131300,7.42083716777e-05,3.21841981687e-05
131400,7.42917898471e-05,3.21682427697e-05
131500,7.43753031172e-05,3.21523117919e-05
131600,7.4458911587e-05,3.21364051787e-05
131700,7.45426153515e-05,3.21205228728e-05
131800,7.46264144987e-05,3.21046648168e-05
131900,7.47103091126e-05,3.20888309526e-05
132000,7.47942992735e-05,3.20730212224e-05
132100,7.48783850608e-05,3.20572355681e-05
132200,7.49625665592e-05,3.20414739324e-05
132300,7.50468438567e-05,3.20257362587e-05
132400,7.51312170479e-05,3.2010022491e-05
132500,7.52156862307e-05,3.19943325738e-05
132600,7.53002515055e-05,3.19786664523e-05
132700,7.53849129702e-05,3.19630240712e-05
132800,7.54696707186e-05,3.19474053752e-05
132900,7.55545248393e-05,3.19318103086e-05
133000,7.5639475415e-05,3.19162388153e-05
133100,7.57245225265e-05,3.19006908392e-05
133200,7.58096662536e-05,3.1885166324e-05
133300,7.58949066798e-05,3.18696652144e-05
133400,7.59802438933e-05,3.18541874554e-05
133500,7.60656779871e-05,3.18387329926e-05
133600,7.61512090591e-05,3.18233017725e-05
133700,7.62368372088e-05,3.18078937417e-05
133800,7.63225625339e-05,3.17925088469e-05
133900,7.64083851285e-05,3.17771470345e-05
134000,7.64943050814e-05,3.17618082506e-05
134100,7.65803224768e-05,3.1746492441e-05
134200,7.66664373963e-05,3.17311995514e-05
134300,7.67526499206e-05,3.17159295276e-05
134400,7.68389601344e-05,3.17006823158e-05
134500,7.69253681255e-05,3.1685457863e-05
134600,7.70118739879e-05,3.16702561166e-05
134700,7.70984778197e-05,3.16550770246e-05
134800,7.71851797207e-05,3.16399205356e-05
134900,7.72719797898e-05,3.1624786598e-05
135000,7.73588781219e-05,3.16096751599e-05
135100,7.74458748079e-05,3.15945861694e-05
135200,7.75329699341e-05,3.15795195742e-05
135300,7.76201635832e-05,3.15644753218e-05
135400,7.77074558389e-05,3.15494533599e-05
135500,7.77948467868e-05,3.15344536366e-05
135600,7.78823365171e-05,3.15194761006e-05
135700,7.79699251246e-05,3.15045207012e-05
135800,7.80576127089e-05,3.14895873883e-05
135900,7.81453993717e-05,3.1474676112e-05
136000,7.82332852128e-05,3.14597868225e-05
136100,7.83212703304e-05,3.14449194699e-05
136200,7.84093548172e-05,3.14300740041e-05
136300,7.84975387624e-05,3.14152503747e-05
136400,7.85858222525e-05,3.1400448531e-05
136500,7.8674205373e-05,3.13856684227e-05
136600,7.87626882124e-05,3.13709099997e-05
136700,7.88512708638e-05,3.13561732126e-05
136800,7.89399534242e-05,3.13414580124e-05
136900,7.90287359953e-05,3.13267643507e-05
137000,7.91176186806e-05,3.13120921795e-05
137100,7.92066015836e-05,3.12974414507e-05
137200,7.92956848046e-05,3.12828121164e-05
137300,7.93848684402e-05,3.1268204128e-05
137400,7.94741525831e-05,3.12536174372e-05
137500,7.95635373226e-05,3.12390519952e-05
137600,7.96530227488e-05,3.12245077535e-05
137700,7.9742608953e-05,3.12099846638e-05
137800,7.98322960318e-05,3.11954826786e-05
137900,7.99220840848e-05,3.11810017505e-05
138000,8.00119732171e-05,3.1166541833e-05
138100,8.01019635347e-05,3.11521028797e-05
138200,8.01920551442e-05,3.11376848443e-05
138300,8.02822481498e-05,3.11232876807e-05
138400,8.03725426516e-05,3.11089113422e-05
138500,8.04629387461e-05,3.10945557821e-05
138600,8.05534365273e-05,3.10802209536e-05
138700,8.06440360891e-05,3.10659068099e-05
138800,8.07347375268e-05,3.10516133047e-05
138900,8.08255409397e-05,3.10373403919e-05
139000,8.09164464317e-05,3.10230880261e-05
139100,8.10074541105e-05,3.10088561624e-05
139200,8.10985640858e-05,3.0994644756e-05
139300,8.11897764678e-05,3.09804537626e-05
139400,8.12810913643e-05,3.09662831374e-05
139500,8.13725088791e-05,3.09521328356e-05
139600,8.14640291136e-05,3.09380028124e-05
139700,8.15556521656e-05,3.09238930225e-05
139800,8.16473781333e-05,3.09098034211e-05
139900,8.17392071158e-05,3.08957339634e-05
140000,8.18311392169e-05,3.08816846052e-05
140100,8.19231745434e-05,3.08676553026e-05
140200,8.20153132059e-05,3.08536460123e-05
140300,8.21075553189e-05,3.08396566912e-05
140400,8.2199900995e-05,3.08256872965e-05
140500,8.22923503463e-05,3.08117377852e-05
140600,8.23849034807e-05,3.0797808114e-05
140700,8.24775605035e-05,3.07838982399e-05
140800,8.25703215172e-05,3.07700081192e-05
140900,8.26631866237e-05,3.07561377088e-05
141000,8.27561559267e-05,3.07422869654e-05
141100,8.28492295328e-05,3.07284558465e-05
141200,8.2942407553e-05,3.07146443099e-05
141300,8.30356901017e-05,3.07008523136e-05
141400,8.31290772957e-05,3.06870798162e-05
141500,8.32225692515e-05,3.06733267762e-05
141600,8.33161660849e-05,3.06595931524e-05
141700,8.34098679079e-05,3.06458789031e-05
141800,8.35036748298e-05,3.06321839866e-05
141900,8.35975869566e-05,3.0618508361e-05
142000,8.36916043954e-05,3.06048519847e-05
142100,8.37857272528e-05,3.05912148161e-05
142200,8.38799556389e-05,3.05775968138e-05
142300,8.39742896685e-05,3.05639979374e-05
142400,8.4068729459e-05,3.05504181463e-05
142500,8.41632751303e-05,3.05368574005e-05
142600,8.42579268023e-05,3.05233156601e-05
142700,8.43526845943e-05,3.0509792885e-05
142800,8.44475486217e-05,3.04962890353e-05
142900,8.45425189977e-05,3.04828040707e-05
143000,8.46375958327e-05,3.04693379507e-05
143100,8.47327792362e-05,3.04558906352e-05
143200,8.48280693196e-05,3.04424620841e-05
143300,8.49234661961e-05,3.04290522575e-05
143400,8.50189699833e-05,3.04156611161e-05
143500,8.51145808016e-05,3.0402288621e-05
143600,8.52102987738e-05,3.03889347333e-05
143700,8.53061240232e-05,3.03755994146e-05
143800,8.54020566714e-05,3.03622826262e-05
143900,8.54980968382e-05,3.03489843294e-05
144000,8.55942446396e-05,3.03357044854e-05
144100,8.56905001897e-05,3.03224430551e-05
144200,8.57868636017e-05,3.03091999998e-05
144300,8.58833349898e-05,3.02959752807e-05
144400,8.59799144709e-05,3.02827688592e-05
144500,8.60766021646e-05,3.02695806975e-05
144600,8.61733981946e-05,3.02564107577e-05
144700,8.62703026862e-05,3.02432590024e-05
144800,8.63673157652e-05,3.02301253944e-05
144900,8.64644375565e-05,3.02170098962e-05
145000,8.65616681825e-05,3.02039124705e-05
145100,8.66590077628e-05,3.01908330797e-05
145200,8.67564564143e-05,3.01777716861e-05
145300,8.68540142536e-05,3.01647282523e-05
145400,8.69516813981e-05,3.01517027407e-05
145500,8.70494579668e-05,3.01386951141e-05
145600,8.71473440828e-05,3.01257053357e-05
145700,8.72453398716e-05,3.0112733369e-05
145800,8.73434454608e-05,3.00997791777e-05
145900,8.74416609793e-05,3.00868427257e-05
146000,8.75399865541e-05,3.0073923977e-05
146100,8.76384223104e-05,3.00610228953e-05
146200,8.77369683707e-05,3.00481394442e-05
146300,8.78356248548e-05,3.00352735874e-05
146400,8.79343918824e-05,3.00224252885e-05
146500,8.80332695733e-05,3.00095945112e-05
146600,8.81322580496e-05,2.99967812196e-05
146700,8.82313574361e-05,2.99839853778e-05
146800,8.83305678609e-05,2.99712069507e-05
146900,8.84298894539e-05,2.9958445903e-05
147000,8.85293223456e-05,2.99457021998e-05
147100,8.86288666657e-05,2.99329758061e-05
147200,8.87285225422e-05,2.99202666868e-05
147300,8.88282900996e-05,2.99075748067e-05
147400,8.89281694611e-05,2.98949001306e-05
147500,8.90281607485e-05,2.98822426232e-05
147600,8.91282640845e-05,2.98696022496e-05
147700,8.92284795932e-05,2.98569789746e-05
147800,8.93288074018e-05,2.98443727639e-05
147900,8.94292476401e-05,2.9831783583e-05
148000,8.95298004404e-05,2.98192113979e-05
148100,8.96304659348e-05,2.98066561747e-05
148200,8.97312442556e-05,2.97941178795e-05
148300,8.98321355324e-05,2.97815964783e-05
148400,8.9933139893e-05,2.9769091937e-05
148500,9.00342574625e-05,2.97566042214e-05
148600,9.01354883656e-05,2.97441332975e-05
148700,9.02368327265e-05,2.97316791311e-05
148800,9.03382906723e-05,2.97192416885e-05
148900,9.04398623317e-05,2.9706820936e-05
149000,9.05415478367e-05,2.96944168405e-05
149100,9.0643347321e-05,2.96820293688e-05
149200,9.07452609192e-05,2.96696584881e-05
149300,9.0847288765e-05,2.96573041655e-05
149400,9.09494309904e-05,2.96449663679e-05
149500,9.10516877252e-05,2.96326450624e-05
149600,9.1154059097e-05,2.96203402158e-05
149700,9.12565452326e-05,2.96080517951e-05
149800,9.13591462587e-05,2.95957797671e-05
149900,9.14618623043e-05,2.95835240992e-05
150000,9.15646935002e-05,2.95712847586e-05
150100,9.16676399797e-05,2.95590617132e-05
150200,9.17707018785e-05,2.95468549308e-05
150300,9.18738793327e-05,2.95346643795e-05
150400,9.19771724778e-05,2.95224900273e-05
150500,9.20805814483e-05,2.95103318422e-05
150600,9.21841063755e-05,2.94981897923e-05
150700,9.22877473895e-05,2.94860638453e-05
150800,9.23915046191e-05,2.94739539691e-05
150900,9.24953781938e-05,2.94618601318e-05
151000,9.25993682434e-05,2.94497823014e-05
151100,9.27034749011e-05,2.94377204463e-05
151200,9.28076983019e-05,2.94256745352e-05
151300,9.29120385831e-05,2.94136445368e-05
151400,9.30164958818e-05,2.94016304202e-05
151500,9.31210703363e-05,2.93896321543e-05
151600,9.3225762082e-05,2.9377649708e-05
151700,9.33305712529e-05,2.93656830503e-05
151800,9.3435497981e-05,2.93537321499e-05
151900,9.35405423973e-05,2.93417969757e-05
152000,9.36457046326e-05,2.93298774966e-05
152100,9.37509848195e-05,2.93179736817e-05
152200,9.38563830923e-05,2.93060855001e-05
152300,9.3961899588e-05,2.92942129215e-05
152400,9.40675344447e-05,2.92823559155e-05
152500,9.41732878024e-05,2.92705144519e-05
152600,9.42791597997e-05,2.92586885007e-05
152700,9.43851505746e-05,2.92468780316e-05
152800,9.44912602632e-05,2.92350830145e-05
152900,9.45974889987e-05,2.9223303419e-05
153000,9.47038369146e-05,2.9211539215e-05
153100,9.48103041438e-05,2.91997903721e-05
153200,9.49168908205e-05,2.91880568603e-05
153300,9.50235970803e-05,2.91763386498e-05
153400,9.51304230624e-05,2.91646357109e-05
153500,9.52373689063e-05,2.91529480142e-05
153600,9.53444347531e-05,2.91412755303e-05
153700,9.54516207436e-05,2.912961823e-05
153800,9.55589270173e-05,2.9117976084e-05
153900,9.56663537117e-05,2.91063490628e-05
154000,9.57739009628e-05,2.90947371371e-05
154100,9.58815689058e-05,2.90831402775e-05
154200,9.59893576747e-05,2.90715584545e-05
154300,9.60972674069e-05,2.90599916391e-05
154400,9.62052982387e-05,2.90484398022e-05
154500,9.63134503112e-05,2.90369029149e-05
154600,9.64217237649e-05,2.90253809486e-05
154700,9.65301187431e-05,2.90138738749e-05
154800,9.66386353878e-05,2.90023816651e-05
154900,9.67472738401e-05,2.89909042909e-05
155000,9.68560342397e-05,2.89794417237e-05
155100,9.69649167244e-05,2.89679939349e-05
155200,9.70739214311e-05,2.89565608959e-05
155300,9.71830484964e-05,2.89451425783e-05
155400,9.72922980582e-05,2.89337389536e-05
155500,9.74016702556e-05,2.89223499935e-05
155600,9.75111652304e-05,2.89109756702e-05
155700,9.76207831257e-05,2.88996159556e-05
155800,9.7730524085e-05,2.88882708221e-05
155900,9.78403882527e-05,2.88769402419e-05
156000,9.79503757717e-05,2.88656241874e-05
156100,9.80604867832e-05,2.88543226309e-05
156200,9.81707214267e-05,2.88430355445e-05
156300,9.82810798413e-05,2.88317629006e-05
156400,9.83915621656e-05,2.88205046712e-05
156500,9.85021685388e-05,2.88092608289e-05
156600,9.86128991023e-05,2.87980313461e-05
156700,9.8723753999e-05,2.87868161957e-05
156800,9.88347333731e-05,2.87756153504e-05
156900,9.89458373707e-05,2.87644287834e-05
157000,9.90570661369e-05,2.87532564676e-05
157100,9.91684198165e-05,2.87420983762e-05
157200,9.92798985526e-05,2.87309544821e-05
157300,9.9391502487e-05,2.87198247584e-05
157400,9.95032317599e-05,2.87087091781e-05
157500,9.96150865123e-05,2.86976077141e-05
157600,9.9727066885e-05,2.86865203397e-05
157700,9.98391730211e-05,2.86754470281e-05
157800,9.99514050648e-05,2.86643877527e-05
157900,0.000100063763162,2.86533424873e-05
158000,0.000100176247461,2.86423112054e-05
158100,0.000100288858108,2.86312938811e-05
158200,0.000100401595249,2.86202904879e-05
158300,0.000100514459029,2.86093009998e-05
158400,0.000100627449592,2.85983253904e-05
158500,0.000100740567081,2.85873636334e-05
158600,0.000100853811637,2.85764157027e-05
158700,0.000100967183404,2.85654815721e-05
158800,0.000101080682527,2.85545612156e-05
158900,0.00010119430915,2.85436546074e-05
159000,0.000101308063423,2.85327617218e-05
159100,0.000101421945493,2.85218825333e-05
159200,0.000101535955509,2.85110170163e-05
159300,0.00010165009362,2.85001651454e-05
159400,0.000101764359972,2.84893268951e-05
159500,0.00010187875471,2.84785022397e-05
159600,0.000101993277979,2.84676911538e-05
159700,0.000102107929923,2.84568936117e-05
159800,0.000102222710688,2.84461095882e-05
159900,0.000102337620418,2.84353390579e-05
160000,0.000102452659262,2.84245819957e-05
160100,0.00010256782737,2.84138383765e-05
160200,0.000102683124891,2.84031081756e-05
160300,0.000102798551975,2.8392391368e-05
160400,0.000102914108773,2.8381687929e-05
160500,0.000103029795433,2.83709978337e-05
160600,0.000103145612102,2.83603210572e-05
160700,0.000103261558927,2.83496575748e-05
160800,0.000103377636053,2.83390073616e-05
160900,0.000103493843628,2.83283703928e-05
161000,0.000103610181799,2.83177466438e-05
161100,0.000103726650716,2.83071360902e-05
161200,0.00010384325053,2.82965387076e-05
161300,0.000103959981392,2.82859544718e-05
161400,0.000104076843454,2.82753833586e-05
161500,0.000104193836868,2.82648253439e-05
161600,0.000104310961784,2.82542804035e-05
161700,0.000104428218352,2.82437485132e-05
161800,0.00010454560672,2.82332296488e-05
161900,0.000104663127035,2.82227237862e-05
162000,0.000104780779447,2.82122309013e-05
162100,0.000104898564104,2.82017509701e-05
162200,0.000105016481159,2.81912839688e-05
162300,0.000105134530763,2.81808298736e-05
162400,0.00010525271307,2.81703886611e-05
162500,0.000105371028234,2.81599603076e-05
162600,0.000105489476408,2.81495447897e-05
162700,0.000105608057743,2.81391420838e-05
162800,0.000105726772393,2.81287521664e-05
162900,0.000105845620505,2.81183750139e-05
163000,0.000105964602232,2.81080106029e-05
163100,0.000106083717722,2.80976589098e-05
163200,0.000106202967127,2.80873199114e-05
163300,0.0001063223506,2.80769935844e-05
163400,0.000106441868296,2.80666799057e-05
163500,0.000106561520369,2.80563788525e-05
163600,0.000106681306975,2.80460904017e-05
163700,0.000106801228269,2.80358145305e-05
163800,0.000106921284405,2.80255512159e-05
163900,0.000107041475536,2.80153004351e-05
164000,0.000107161801814,2.80050621651e-05
164100,0.000107282263392,2.7994836383e-05
164200,0.000107402860421,2.7984623066e-05
164300,0.000107523593054,2.79744221915e-05
164400,0.000107644461447,2.79642337366e-05
164500,0.000107765465755,2.79540576791e-05
164600,0.000107886606135,2.79438939965e-05
164700,0.000108007882744,2.79337426665e-05
164800,0.000108129295739,2.79236036668e-05
164900,0.000108250845276,2.7913476975e-05
165000,0.00010837253151,2.79033625689e-05
165100,0.000108494354595,2.78932604262e-05
165200,0.000108616314686,2.78831705246e-05
165300,0.000108738411935,2.78730928417e-05
165400,0.0001088606465,2.78630273556e-05
165500,0.000108983018534,2.78529740442e-05
165600,0.000109105528197,2.78429328855e-05
165700,0.000109228175648,2.78329038578e-05
165800,0.000109350961044,2.78228869394e-05
165900,0.000109473884544,2.78128821084e-05
166000,0.000109596946308,2.78028893433e-05
166100,0.00010972014649,2.77929086221e-05
166200,0.000109843485248,2.77829399233e-05
166300,0.000109966962738,2.77729832251e-05
166400,0.000110090579115,2.77630385059e-05
166500,0.000110214334537,2.7753105744e-05
166600,0.000110338229162,2.77431849182e-05
166700,0.000110462263149,2.77332760069e-05
166800,0.00011058643666,2.7723378989e-05
166900,0.000110710749853,2.77134938432e-05
167000,0.00011083520289,2.77036205485e-05
167100,0.000110959795931,2.76937590836e-05
167200,0.000111084529134,2.76839094273e-05
167300,0.000111209402658,2.76740715586e-05
167400,0.000111334416661,2.76642454562e-05
167500,0.000111459571302,2.76544310992e-05
167600,0.000111584866737,2.76446284664e-05
167700,0.000111710303129,2.7634837537e-05
167800,0.000111835880638,2.76250582901e-05
167900,0.000111961599427,2.76152907051e-05
168000,0.000112087459656,2.76055347613e-05
168100,0.000112213461491,2.75957904381e-05
168200,0.000112339605091,2.75860577149e-05
168300,0.000112465890618,2.7576336571e-05
168400,0.000112592318232,2.75666269858e-05
168500,0.000112718888093,2.75569289388e-05
168600,0.000112845600362,2.75472424094e-05
168700,0.000112972455199,2.75375673771e-05
168800,0.000113099452766,2.75279038215e-05
168900,0.000113226593226,2.75182517224e-05
169000,0.000113353876743,2.75086110596e-05
169100,0.000113481303482,2.7498981813e-05
169200,0.000113608873606,2.74893639624e-05
169300,0.00011373658728,2.74797574878e-05
169400,0.000113864444666,2.7470162369e-05
169500,0.000113992445928,2.74605785861e-05
169600,0.000114120591226,2.74510061189e-05
169700,0.000114248880723,2.74414449473e-05
169800,0.000114377314582,2.74318950516e-05
169900,0.000114505892967,2.74223564117e-05
170000,0.000114634616042,2.7412829008e-05
170100,0.000114763483974,2.74033128207e-05
170200,0.000114892496928,2.73938078302e-05
170300,0.000115021655071,2.73843140169e-05
170400,0.00011515095857,2.73748313614e-05
170500,0.000115280407587,2.73653598438e-05
170600,0.000115410002289,2.73558994448e-05
170700,0.000115539742839,2.73464501447e-05
170800,0.000115669629401,2.73370119241e-05
170900,0.00011579966214,2.73275847635e-05
171000,0.000115929841223,2.73181686434e-05
171100,0.000116060166815,2.73087635448e-05
171200,0.000116190639085,2.72993694483e-05
171300,0.0001163212582,2.72899863348e-05
171400,0.000116452024329,2.72806141853e-05
171500,0.00011658293764,2.72712529805e-05
171600,0.000116713998299,2.72619027016e-05
171700,0.000116845206474,2.72525633293e-05
171800,0.00011697656233,2.72432348447e-05
171900,0.000117108066033,2.72339172287e-05
172000,0.00011723971775,2.72246104623e-05
172100,0.00011737151765,2.72153145267e-05
172200,0.000117503465901,2.7206029403e-05
172300,0.000117635562673,2.71967550726e-05
172400,0.000117767808135,2.71874915168e-05
172500,0.000117900202458,2.7178238717e-05
172600,0.000118032745811,2.71689966546e-05
172700,0.000118165438364,2.71597653109e-05
172800,0.000118298280285,2.71505446674e-05
172900,0.000118431271742,2.71413347054e-05
173000,0.000118564412905,2.71321354065e-05
173100,0.000118697703941,2.71229467522e-05
173200,0.000118831145021,2.7113768724e-05
173300,0.000118964736315,2.71046013036e-05
173400,0.000119098477995,2.70954444728e-05
173500,0.000119232370232,2.70862982133e-05
173600,0.0001193664132,2.70771625071e-05
173700,0.000119500607069,2.70680373359e-05
173800,0.000119634952011,2.70589226816e-05
173900,0.000119769448197,2.70498185261e-05
174000,0.000119904095797,2.70407248513e-05
174100,0.000120038894981,2.7031641639e-05
174200,0.000120173845921,2.70225688713e-05
174300,0.000120308948788,2.70135065302e-05
174400,0.000120444203755,2.70044545978e-05
174500,0.000120579610995,2.69954130563e-05
174600,0.000120715170682,2.6986381888e-05
174700,0.000120850882992,2.69773610751e-05
174800,0.000120986748096,2.69683505999e-05
174900,0.00012112276617,2.69593504449e-05
175000,0.000121258937384,2.69503605921e-05
175100,0.000121395261913,2.69413810241e-05
175200,0.000121531739929,2.69324117231e-05
175300,0.000121668371604,2.69234526717e-05
175400,0.000121805157113,2.69145038522e-05
175500,0.000121942096629,2.69055652472e-05
175600,0.00012207919033,2.68966368393e-05
175700,0.00012221643839,2.68877186113e-05
175800,0.000122353840986,2.68788105458e-05
175900,0.000122491398294,2.68699126257e-05
176000,0.000122629110489,2.68610248335e-05
176100,0.000122766977746,2.68521471521e-05
176200,0.00012290500024,2.68432795642e-05
176300,0.000123043178146,2.68344220527e-05
176400,0.000123181511638,2.68255746004e-05
176500,0.000123320000893,2.68167371901e-05
176600,0.000123458646087,2.68079098049e-05
176700,0.000123597447398,2.67990924279e-05
176800,0.000123736405004,2.67902850421e-05
176900,0.000123875519082,2.67814876306e-05
177000,0.000124014789812,2.67727001766e-05
177100,0.000124154217371,2.67639226634e-05
177200,0.000124293801934,2.67551550739e-05
177300,0.000124433543681,2.67463973915e-05
177400,0.000124573442787,2.67376495993e-05
177500,0.00012471349943,2.67289116807e-05
177600,0.000124853713787,2.67201836189e-05
177700,0.000124994086038,2.67114653973e-05
177800,0.000125134616362,2.67027569994e-05
177900,0.000125275304939,2.66940584087e-05
178000,0.000125416151949,2.66853696088e-05
178100,0.000125557157573,2.66766905831e-05
178200,0.000125698321989,2.66680213153e-05
178300,0.000125839645378,2.66593617889e-05
178400,0.000125981127919,2.66507119876e-05
178500,0.00012612276979,2.66420718949e-05
178600,0.000126264571171,2.66334414946e-05
178700,0.000126406532242,2.66248207703e-05
178800,0.000126548653184,2.66162097059e-05
178900,0.000126690934178,2.66076082852e-05
179000,0.000126833375407,2.65990164921e-05
179100,0.000126975977053,2.65904343105e-05
179200,0.000127118739298,2.65818617244e-05
179300,0.000127261662324,2.65732987177e-05
179400,0.000127404746312,2.65647452745e-05
179500,0.000127547991445,2.65562013787e-05
179600,0.000127691397902,2.65476670144e-05
179700,0.000127834965866,2.65391421655e-05
179800,0.000127978695519,2.65306268163e-05
179900,0.000128122587043,2.65221209508e-05
180000,0.000128266640623,2.65136245534e-05
180100,0.000128410856443,2.65051376083e-05
180200,0.000128555234687,2.64966600998e-05
180300,0.000128699775539,2.64881920123e-05
180400,0.000128844479184,2.64797333301e-05
180500,0.000128989345805,2.64712840375e-05
180600,0.000129134375586,2.6462844119e-05
180700,0.00012927956871,2.6454413559e-05
180800,0.000129424925361,2.64459923418e-05
180900,0.000129570445724,2.64375804521e-05
181000,0.000129716129983,2.64291778742e-05
181100,0.000129861978324,2.6420784593e-05
181200,0.000130007990934,2.64124005929e-05
181300,0.000130154167999,2.64040258586e-05
181400,0.000130300509706,2.6395660375e-05
181500,0.000130447016241,2.63873041267e-05
181600,0.000130593687789,2.63789570984e-05
181700,0.000130740524538,2.63706192749e-05
181800,0.000130887526671,2.6362290641e-05
181900,0.000131034694376,2.63539711814e-05
182000,0.000131182027839,2.63456608811e-05
182100,0.000131329527248,2.63373597249e-05
182200,0.000131477192789,2.63290676979e-05
182300,0.000131625024652,2.6320784785e-05
182400,0.000131773023025,2.63125109712e-05
182500,0.000131921188098,2.63042462417e-05
182600,0.000132069520058,2.62959905815e-05
182700,0.000132218019094,2.62877439758e-05
182800,0.000132366685393,2.62795064095e-05
182900,0.000132515519145,2.6271277868e-05
183000,0.000132664520536,2.62630583362e-05
183100,0.000132813689756,2.62548477996e-05
183200,0.000132963026995,2.62466462432e-05
183300,0.000133112532442,2.62384536525e-05
183400,0.000133262206288,2.62302700127e-05
183500,0.000133412048724,2.62220953094e-05
183600,0.000133562059941,2.62139295279e-05
183700,0.000133712240129,2.62057726536e-05
183800,0.00013386258948,2.6197624672e-05
183900,0.000134013108183,2.61894855686e-05
184000,0.000134163796429,2.61813553288e-05
184100,0.000134314654408,2.61732339381e-05
184200,0.000134465682312,2.61651213822e-05
184300,0.000134616880332,2.61570176466e-05
184400,0.00013476824866,2.6148922717e-05
184500,0.000134919787489,2.61408365791e-05
184600,0.000135071497013,2.61327592186e-05
184700,0.000135223377424,2.61246906212e-05
184800,0.000135375428916,2.61166307729e-05
184900,0.000135527651682,2.61085796592e-05
185000,0.000135680045913,2.61005372662e-05
185100,0.000135832611803,2.60925035795e-05
185200,0.000135985349545,2.6084478585e-05
185300,0.000136138259332,2.60764622686e-05
185400,0.000136291341357,2.60684546163e-05
185500,0.000136444595816,2.60604556141e-05
185600,0.000136598022903,2.60524652479e-05
185700,0.000136751622815,2.60444835039e-05
185800,0.000136905395746,2.60365103682e-05
185900,0.000137059341891,2.60285458268e-05
186000,0.000137213461447,2.60205898658e-05
186100,0.000137367754607,2.60126424715e-05
186200,0.000137522221568,2.60047036299e-05
186300,0.000137676862524,2.59967733273e-05
186400,0.00013783167767,2.59888515498e-05
186500,0.000137986667204,2.59809382838e-05
186600,0.000138141831321,2.59730335155e-05
186700,0.00013829717022,2.59651372313e-05
186800,0.000138452684098,2.59572494176e-05
186900,0.000138608373153,2.59493700609e-05
187000,0.000138764237583,2.59414991474e-05
187100,0.000138920277585,2.59336366637e-05
187200,0.000139076493356,2.59257825962e-05
187300,0.000139232885094,2.59179369315e-05
187400,0.000139389452997,2.59100996559e-05
187500,0.000139546197262,2.59022707561e-05
187600,0.000139703118089,2.58944502186e-05
187700,0.000139860215676,2.588663803e-05
187800,0.000140017490223,2.58788341771e-05
187900,0.000140174941931,2.58710386466e-05
188000,0.000140332570999,2.5863251425e-05
188100,0.000140490377627,2.58554724993e-05
188200,0.000140648362016,2.58477018561e-05
188300,0.000140806524365,2.58399394822e-05
188400,0.000140964864875,2.58321853644e-05
188500,0.000141123383744,2.58244394895e-05
188600,0.000141282081175,2.58167018444e-05
188700,0.000141440957367,2.5808972416e-05
188800,0.000141600012522,2.58012511911e-05
188900,0.000141759246842,2.57935381569e-05
189000,0.000141918660531,2.57858333001e-05
189100,0.00014207825379,2.5778136608e-05
189200,0.000142238026822,2.57704480675e-05
189300,0.00014239797983,2.57627676658e-05
189400,0.000142558113015,2.57550953898e-05
189500,0.00014271842658,2.57474312266e-05
189600,0.000142878920728,2.57397751635e-05
189700,0.000143039595661,2.57321271875e-05
189800,0.000143200451583,2.57244872858e-05
189900,0.000143361488699,2.57168554457e-05
190000,0.000143522707212,2.57092316544e-05
190100,0.000143684107327,2.57016158992e-05
190200,0.00014384568925,2.56940081675e-05
190300,0.000144007453185,2.56864084466e-05
190400,0.000144169399338,2.56788167238e-05
190500,0.000144331527913,2.56712329866e-05
190600,0.000144493839116,2.56636572223e-05
190700,0.00014465633315,2.56560894183e-05
190800,0.000144819010223,2.5648529562e-05
190900,0.000144981870539,2.56409776411e-05
191000,0.000145144914305,2.56334336428e-05
191100,0.000145308141728,2.5625897555e-05
191200,0.000145471553016,2.5618369365e-05
191300,0.000145635148376,2.56108490606e-05
191400,0.000145798928015,2.56033366293e-05
191500,0.000145962892142,2.55958320589e-05
191600,0.000146127040963,2.55883353369e-05
191700,0.000146291374687,2.5580846451e-05
191800,0.00014645589352,2.5573365389e-05
191900,0.00014662059767,2.55658921386e-05
192000,0.000146785487347,2.55584266875e-05
192100,0.000146950562759,2.55509690236e-05
192200,0.000147115824116,2.55435191347e-05
192300,0.000147281271628,2.55360770086e-05
192400,0.000147446905504,2.55286426332e-05
192500,0.000147612725956,2.55212159966e-05
192600,0.000147778733192,2.55137970865e-05
192700,0.000147944927424,2.55063858909e-05
192800,0.00014811130886,2.54989823978e-05
192900,0.000148277877712,2.54915865952e-05
193000,0.00014844463419,2.5484198471e-05
193100,0.000148611578506,2.54768180134e-05
193200,0.00014877871087,2.54694452104e-05
193300,0.000148946031495,2.54620800501e-05
193400,0.000149113540593,2.54547225206e-05
193500,0.000149281238378,2.54473726102e-05
193600,0.000149449125061,2.5440030307e-05
193700,0.000149617200857,2.54326955992e-05
193800,0.000149785465976,2.5425368475e-05
193900,0.000149953920633,2.54180489226e-05
194000,0.00015012256504,2.54107369303e-05
194100,0.00015029139941,2.54034324865e-05
194200,0.000150460423958,2.53961355793e-05
194300,0.000150629638896,2.53888461972e-05
194400,0.000150799044441,2.53815643285e-05
194500,0.000150968640808,2.53742899617e-05
194600,0.000151138428211,2.53670230851e-05
194700,0.000151308406866,2.53597636873e-05
194800,0.000151478576989,2.53525117566e-05
194900,0.000151648938795,2.53452672816e-05
195000,0.0001518194925,2.53380302508e-05
195100,0.000151990238319,2.53308006527e-05
195200,0.000152161176468,2.53235784758e-05
195300,0.000152332307163,2.53163637087e-05
195400,0.000152503630623,2.530915634e-05
195500,0.000152675147063,2.53019563584e-05
195600,0.000152846856703,2.52947637525e-05
195700,0.000153018759759,2.5287578511e-05
195800,0.000153190856451,2.52804006227e-05
195900,0.000153363146997,2.52732300762e-05
196000,0.000153535631614,2.52660668604e-05
196100,0.000153708310521,2.52589109638e-05
196200,0.000153881183936,2.52517623755e-05
196300,0.000154054252079,2.5244621084e-05
196400,0.000154227515168,2.52374870783e-05
196500,0.000154400973423,2.52303603473e-05
196600,0.000154574627065,2.52232408797e-05
196700,0.000154748476313,2.52161286647e-05
196800,0.000154922521389,2.5209023691e-05
196900,0.000155096762515,2.52019259477e-05
197000,0.000155271199909,2.51948354237e-05
197100,0.000155445833795,2.51877521081e-05
197200,0.000155620664392,2.51806759898e-05
197300,0.000155795691923,2.51736070578e-05
197400,0.000155970916608,2.51665453013e-05
197500,0.000156146338671,2.51594907093e-05
197600,0.000156321958332,2.51524432709e-05
197700,0.000156497775816,2.51454029753e-05
197800,0.000156673791345,2.51383698116e-05
197900,0.000156850005144,2.5131343769e-05
198000,0.000157026417437,2.51243248368e-05
198100,0.000157203028445,2.51173130041e-05
198200,0.000157379838396,2.51103082602e-05
198300,0.000157556847511,2.51033105943e-05
198400,0.000157734056015,2.50963199958e-05
198500,0.000157911464133,2.50893364539e-05
198600,0.000158089072089,2.5082359958e-05
198700,0.000158266880109,2.50753904973e-05
198800,0.000158444888418,2.50684280614e-05
198900,0.000158623097244,2.50614726395e-05
199000,0.000158801506812,2.50545242211e-05
199100,0.000158980117349,2.50475827958e-05
199200,0.000159158929082,2.50406483528e-05
199300,0.000159337942237,2.50337208818e-05
199400,0.000159517157043,2.50268003722e-05
199500,0.000159696573724,2.50198868135e-05
199600,0.00015987619251,2.50129801953e-05
199700,0.000160056013628,2.50060805071e-05
199800,0.000160236037306,2.49991877385e-05
199900,0.000160416263773,2.49923018792e-05
200000,0.000160596693257,2.49854229187e-05
200100,0.00016077732599,2.49785508468e-05
200200,0.000160958162199,2.4971685653e-05
200300,0.000161139202115,2.49648273272e-05
200400,0.000161320445967,2.4957975859e-05
200500,0.000161501893986,2.49511312382e-05
200600,0.000161683546401,2.49442934545e-05
200700,0.000161865403443,2.49374624976e-05
200800,0.000162047465342,2.49306383574e-05
200900,0.000162229732331,2.49238210237e-05
201000,0.000162412204639,2.49170104863e-05
201100,0.0001625948825,2.49102067351e-05
201200,0.000162777766146,2.490340976e-05
201300,0.00016296085581,2.48966195509e-05
201400,0.000163144151723,2.48898360977e-05
201500,0.00016332765412,2.48830593903e-05
201600,0.000163511363232,2.48762894188e-05
201700,0.000163695279294,2.48695261731e-05
201800,0.000163879402537,2.48627696431e-05
201900,0.000164063733196,2.48560198189e-05
202000,0.000164248271506,2.48492766906e-05
202100,0.0001644330177,2.48425402481e-05
202200,0.000164617972014,2.48358104817e-05
202300,0.000164803134684,2.48290873814e-05
202400,0.000164988505944,2.48223709373e-05
202500,0.000165174086031,2.48156611395e-05
202600,0.000165359875181,2.48089579784e-05
202700,0.000165545873628,2.48022614439e-05
202800,0.000165732081611,2.47955715263e-05
202900,0.000165918499364,2.47888882159e-05
203000,0.000166105127124,2.47822115028e-05
203100,0.000166291965129,2.47755413773e-05
203200,0.000166479013617,2.47688778297e-05
203300,0.000166666272826,2.47622208503e-05
203400,0.000166853742994,2.47555704295e-05
203500,0.000167041424359,2.47489265575e-05
203600,0.000167229317161,2.47422892247e-05
203700,0.000167417421638,2.47356584216e-05
203800,0.00016760573803,2.47290341384e-05
203900,0.000167794266575,2.47224163656e-05
204000,0.000167983007513,2.47158050937e-05
204100,0.000168171961084,2.4709200313e-05
204200,0.000168361127528,2.47026020141e-05
204300,0.000168550507086,2.46960101874e-05
204400,0.0001687401,2.46894248235e-05
204500,0.00016892990651,2.46828459129e-05
204600,0.000169119926859,2.46762734461e-05
204700,0.000169310161288,2.46697074137e-05
204800,0.000169500610039,2.46631478063e-05
204900,0.000169691273354,2.46565946144e-05
205000,0.000169882151476,2.46500478288e-05
205100,0.000170073244648,2.464350744e-05
205200,0.000170264553112,2.46369734387e-05
205300,0.000170456077112,2.46304458156e-05
205400,0.000170647816891,2.46239245613e-05
205500,0.000170839772694,2.46174096667e-05
205600,0.000171031944766,2.46109011223e-05
205700,0.000171224333351,2.4604398919e-05
205800,0.000171416938694,2.45979030475e-05
205900,0.000171609761041,2.45914134987e-05
206000,0.000171802800637,2.45849302633e-05
206100,0.000171996057727,2.45784533322e-05
206200,0.000172189532557,2.45719826962e-05
206300,0.000172383225373,2.4565518346e-05
206400,0.000172577136423,2.45590602727e-05
206500,0.000172771265952,2.45526084671e-05
206600,0.000172965614208,2.45461629202e-05
206700,0.000173160181439,2.45397236227e-05
206800,0.000173354967893,2.45332905659e-05
206900,0.000173549973818,2.45268637404e-05
207000,0.000173745199463,2.45204431375e-05
207100,0.000173940645076,2.4514028748e-05
207200,0.000174136310905,2.4507620563e-05
207300,0.0001743321972,2.45012185735e-05
207400,0.000174528304211,2.44948227706e-05
207500,0.000174724632185,2.44884331453e-05
207600,0.000174921181375,2.44820496887e-05
207700,0.00017511795203,2.44756723919e-05
207800,0.000175314944402,2.44693012461e-05
207900,0.000175512158742,2.44629362424e-05
208000,0.0001757095953,2.44565773719e-05
208100,0.000175907254329,2.44502246259e-05
208200,0.000176105136081,2.44438779955e-05
208300,0.000176303240807,2.44375374719e-05
208400,0.000176501568759,2.44312030464e-05
208500,0.00017670012019,2.44248747101e-05
208600,0.000176898895353,2.44185524545e-05
208700,0.000177097894502,2.44122362706e-05
208800,0.00017729711789,2.44059261498e-05
208900,0.000177496565771,2.43996220835e-05
209000,0.0001776962384,2.4393324063e-05
209100,0.000177896136031,2.43870320795e-05
209200,0.00017809625892,2.43807461246e-05
209300,0.000178296607321,2.43744661895e-05
209400,0.000178497181489,2.43681922656e-05
209500,0.000178697981681,2.43619243444e-05
209600,0.00017889900815,2.43556624173e-05
209700,0.000179100261155,2.43494064757e-05
209800,0.000179301740952,2.4343156511e-05
209900,0.000179503447797,2.43369125148e-05
210000,0.000179705381948,2.43306744785e-05
210100,0.000179907543663,2.43244423938e-05
210200,0.0001801099332,2.4318216252e-05
210300,0.000180312550816,2.43119960447e-05
210400,0.00018051539677,2.43057817636e-05
210500,0.000180718471321,2.42995734001e-05
210600,0.000180921774727,2.42933709458e-05
210700,0.000181125307248,2.42871743924e-05
210800,0.000181329069142,2.42809837315e-05
210900,0.00018153306067,2.42747989547e-05
211000,0.000181737282093,2.42686200536e-05
211100,0.00018194173367,2.426244702e-05
211200,0.000182146415664,2.42562798456e-05
211300,0.000182351328334,2.42501185219e-05
211400,0.000182556471943,2.42439630409e-05
211500,0.000182761846752,2.42378133941e-05
211600,0.000182967453023,2.42316695734e-05
211700,0.000183173291019,2.42255315704e-05
211800,0.000183379361,2.42193993771e-05
211900,0.000183585663231,2.42132729851e-05
212000,0.000183792197975,2.42071523863e-05
212100,0.000183998965495,2.42010375725e-05
212200,0.000184205966055,2.41949285355e-05
212300,0.00018441319992,2.41888252673e-05
212400,0.000184620667354,2.41827277597e-05
212500,0.000184828368622,2.41766360045e-05
212600,0.000185036303989,2.41705499938e-05
212700,0.000185244473721,2.41644697194e-05
212800,0.000185452878082,2.41583951732e-05
212900,0.000185661517338,2.41523263472e-05
213000,0.000185870391756,2.41462632334e-05
213100,0.000186079501602,2.41402058236e-05
213200,0.000186288847143,2.41341541101e-05
213300,0.000186498428648,2.41281080846e-05
213400,0.000186708246382,2.41220677394e-05
213500,0.000186918300615,2.41160330663e-05
213600,0.000187128591614,2.41100040576e-05
213700,0.000187339119648,2.41039807052e-05
213800,0.000187549884986,2.40979630012e-05
213900,0.000187760887896,2.40919509378e-05
214000,0.000187972128648,2.4085944507e-05
214100,0.00018818360751,2.40799437009e-05
214200,0.000188395324754,2.40739485118e-05
214300,0.00018860728065,2.40679589318e-05
214400,0.000188819475467,2.4061974953e-05
214500,0.000189031909479,2.40559965677e-05
214600,0.000189244582955,2.4050023768e-05
214700,0.000189457496168,2.40440565462e-05
214800,0.000189670649389,2.40380948945e-05
214900,0.00018988404289,2.40321388052e-05
215000,0.000190097676944,2.40261882704e-05
215100,0.000190311551823,2.40202432826e-05
215200,0.000190525667801,2.40143038339e-05
215300,0.00019074002515,2.40083699167e-05
215400,0.000190954624145,2.40024415234e-05
215500,0.00019116946506,2.39965186461e-05
215600,0.00019138454817,2.39906012774e-05
215700,0.000191599873748,2.39846894095e-05
215800,0.000191815442071,2.39787830348e-05
215900,0.000192031253414,2.39728821458e-05
216000,0.000192247308052,2.39669867348e-05
216100,0.000192463606261,2.39610967942e-05
216200,0.000192680148316,2.39552123165e-05
216300,0.000192896934496,2.39493332941e-05
216400,0.000193113965075,2.39434597195e-05
216500,0.000193331240333,2.39375915852e-05
216600,0.000193548760547,2.39317288836e-05
216700,0.000193766525994,2.39258716072e-05
216800,0.000193984536953,2.39200197487e-05
216900,0.000194202793703,2.39141733004e-05
217000,0.000194421296522,2.3908332255e-05
217100,0.000194640045689,2.3902496605e-05
217200,0.000194859041484,2.3896666343e-05
217300,0.000195078284186,2.38908414615e-05
217400,0.000195297774076,2.38850219532e-05
217500,0.000195517511434,2.38792078107e-05
217600,0.00019573749654,2.38733990265e-05
217700,0.000195957729676,2.38675955934e-05
217800,0.000196178211124,2.3861797504e-05
217900,0.000196398941166,2.3856004751e-05
218000,0.000196619920083,2.3850217327e-05
218100,0.000196841148157,2.38444352248e-05
218200,0.000197062625673,2.3838658437e-05
218300,0.000197284352911,2.38328869564e-05
218400,0.000197506330156,2.38271207757e-05
218500,0.000197728557692,2.38213598876e-05
218600,0.000197951035801,2.38156042849e-05
218700,0.000198173764769,2.38098539604e-05
218800,0.000198396744881,2.38041089069e-05
218900,0.000198619976422,2.37983691172e-05
219000,0.000198843459676,2.3792634584e-05
219100,0.00019906719493,2.37869053003e-05
219200,0.00019929118247,2.37811812589e-05
219300,0.000199515422582,2.37754624525e-05
219400,0.000199739915552,2.37697488741e-05
219500,0.000199964661667,2.37640405166e-05
219600,0.000200189661215,2.37583373729e-05
219700,0.000200414914483,2.37526394357e-05
219800,0.000200640421759,2.37469466982e-05
219900,0.000200866183332,2.37412591531e-05
220000,0.000201092199489,2.37355767935e-05
220100,0.000201318470522,2.37298996123e-05
220200,0.000201544996718,2.37242276025e-05
220300,0.000201771778367,2.3718560757e-05
220400,0.000201998815759,2.37128990689e-05
220500,0.000202226109185,2.37072425312e-05
220600,0.000202453658935,2.37015911368e-05
220700,0.000202681465298,2.36959448788e-05
220800,0.000202909528569,2.36903037504e-05
220900,0.000203137849036,2.36846677444e-05
221000,0.000203366426994,2.3679036854e-05
221100,0.000203595262733,2.36734110722e-05
221200,0.000203824356548,2.36677903923e-05
221300,0.00020405370873,2.36621748072e-05
221400,0.000204283319574,2.36565643102e-05
221500,0.000204513189372,2.36509588942e-05
221600,0.000204743318419,2.36453585526e-05
221700,0.000204973707008,2.36397632784e-05
221800,0.000205204355435,2.36341730648e-05
221900,0.000205435263994,2.3628587905e-05
222000,0.00020566643298,2.36230077921e-05
222100,0.00020589786269,2.36174327195e-05
222200,0.00020612955342,2.36118626803e-05
222300,0.000206361505466,2.36062976677e-05
222400,0.000206593719125,2.3600737675e-05
222500,0.000206826194693,2.35951826955e-05
222600,0.000207058932469,2.35896327224e-05
222700,0.000207291932749,2.3584087749e-05
222800,0.000207525195831,2.35785477686e-05
222900,0.000207758722015,2.35730127745e-05
223000,0.000207992511598,2.356748276e-05
223100,0.00020822656488,2.35619577184e-05
223200,0.000208460882161,2.35564376431e-05
223300,0.000208695463739,2.35509225275e-05
223400,0.000208930309916,2.35454123648e-05
223500,0.000209165420992,2.35399071485e-05
223600,0.000209400797268,2.3534406872e-05
223700,0.000209636439044,2.35289115287e-05
223800,0.000209872346623,2.35234211119e-05
223900,0.000210108520305,2.35179356152e-05
224000,0.000210344960394,2.35124550319e-05
224100,0.000210581667191,2.35069793554e-05
224200,0.000210818640999,2.35015085793e-05
224300,0.000211055882122,2.3496042697e-05
224400,0.000211293390864,2.3490581702e-05
224500,0.000211531167528,2.34851255878e-05
224600,0.00021176921242,2.34796743479e-05
224700,0.000212007525842,2.34742279758e-05
224800,0.000212246108101,2.34687864651e-05
224900,0.000212484959502,2.34633498093e-05
225000,0.00021272408035,2.34579180018e-05
225100,0.00021296347095,2.34524910364e-05
225200,0.000213203131611,2.34470689066e-05
225300,0.000213443062637,2.34416516059e-05
225400,0.000213683264337,2.34362391279e-05
225500,0.000213923737018,2.34308314663e-05
225600,0.000214164480988,2.34254286147e-05
225700,0.000214405496555,2.34200305668e-05
225800,0.000214646784028,2.34146373161e-05
225900,0.000214888343715,2.34092488563e-05
226000,0.000215130175926,2.34038651811e-05
226100,0.000215372280969,2.33984862841e-05
226200,0.000215614659156,2.33931121591e-05
226300,0.000215857310795,2.33877427997e-05
226400,0.000216100236198,2.33823781997e-05
226500,0.000216343435676,2.33770183528e-05
226600,0.00021658690954,2.33716632526e-05
226700,0.000216830658103,2.3366312893e-05
226800,0.000217074681676,2.33609672677e-05
226900,0.000217318980571,2.33556263705e-05
227000,0.000217563555101,2.33502901952e-05
227100,0.000217808405581,2.33449587355e-05
227200,0.000218053532321,2.33396319852e-05
227300,0.000218298935638,2.33343099381e-05
227400,0.000218544615844,2.33289925881e-05
227500,0.000218790573255,2.3323679929e-05
227600,0.000219036808186,2.33183719546e-05
227700,0.000219283320951,2.33130686588e-05
227800,0.000219530111867,2.33077700355e-05
227900,0.00021977718125,2.33024760785e-05
228000,0.000220024529416,2.32971867817e-05
228100,0.000220272156682,2.32919021391e-05
228200,0.000220520063365,2.32866221444e-05
228300,0.000220768249782,2.32813467917e-05
228400,0.000221016716252,2.32760760748e-05
228500,0.000221265463092,2.32708099878e-05
228600,0.00022151449062,2.32655485244e-05
228700,0.000221763799157,2.32602916788e-05
228800,0.000222013389022,2.32550394449e-05
228900,0.000222263260533,2.32497918166e-05
229000,0.000222513414013,2.3244548788e-05
229100,0.00022276384978,2.3239310353e-05
229200,0.000223014568155,2.32340765057e-05
229300,0.00022326556946,2.32288472401e-05
229400,0.000223516854017,2.32236225502e-05
229500,0.000223768422146,2.32184024301e-05
229600,0.000224020274171,2.32131868738e-05
229700,0.000224272410413,2.32079758753e-05
229800,0.000224524831197,2.32027694289e-05
229900,0.000224777536845,2.31975675284e-05
230000,0.000225030527682,2.31923701682e-05
230100,0.000225283804031,2.31871773422e-05
230200,0.000225537366217,2.31819890445e-05
230300,0.000225791214566,2.31768052693e-05
230400,0.000226045349401,2.31716260108e-05
230500,0.00022629977105,2.3166451263e-05
230600,0.000226554479837,2.31612810202e-05
230700,0.000226809476089,2.31561152765e-05
230800,0.000227064760133,2.3150954026e-05
230900,0.000227320332296,2.3145797263e-05
231000,0.000227576192906,2.31406449817e-05
231100,0.00022783234229,2.31354971762e-05
231200,0.000228088780778,2.31303538408e-05
231300,0.000228345508698,2.31252149698e-05
231400,0.000228602526378,2.31200805573e-05
231500,0.000228859834148,2.31149505976e-05
231600,0.000229117432338,2.31098250849e-05
231700,0.000229375321278,2.31047040136e-05
231800,0.000229633501298,2.30995873779e-05
231900,0.00022989197273,2.3094475172e-05
232000,0.000230150735904,2.30893673904e-05
232100,0.000230409791154,2.30842640273e-05
232200,0.000230669138809,2.30791650769e-05
232300,0.000230928779205,2.30740705337e-05
232400,0.000231188712672,2.3068980392e-05
232500,0.000231448939545,2.30638946461e-05
232600,0.000231709460157,2.30588132904e-05
232700,0.000231970274842,2.30537363192e-05
232800,0.000232231383934,2.3048663727e-05
232900,0.000232492787768,2.3043595508e-05
233000,0.000232754486679,2.30385316568e-05
233100,0.000233016481003,2.30334721676e-05
233200,0.000233278771076,2.3028417035e-05
233300,0.000233541357234,2.30233662533e-05
233400,0.000233804239814,2.3018319817e-05
233500,0.000234067419154,2.30132777206e-05
233600,0.000234330895589,2.30082399584e-05
233700,0.00023459466946,2.30032065249e-05
233800,0.000234858741103,2.29981774146e-05
233900,0.000235123110857,2.2993152622e-05
234000,0.000235387779062,2.29881321416e-05
234100,0.000235652746057,2.29831159679e-05
234200,0.000235918012181,2.29781040954e-05
234300,0.000236183577775,2.29730965186e-05
234400,0.00023644944318,2.2968093232e-05
234500,0.000236715608737,2.29630942301e-05
234600,0.000236982074787,2.29580995076e-05
234700,0.000237248841672,2.2953109059e-05
234800,0.000237515909735,2.29481228788e-05
234900,0.000237783279317,2.29431409617e-05
235000,0.000238050950762,2.29381633021e-05
235100,0.000238318924413,2.29331898948e-05
235200,0.000238587200614,2.29282207342e-05
235300,0.000238855779709,2.2923255815e-05
235400,0.000239124662043,2.29182951319e-05
235500,0.000239393847961,2.29133386794e-05
235600,0.000239663337808,2.29083864522e-05
235700,0.00023993313193,2.2903438445e-05
235800,0.000240203230674,2.28984946524e-05
235900,0.000240473634386,2.2893555069e-05
236000,0.000240744343412,2.28886196896e-05
236100,0.000241015358101,2.28836885089e-05
236200,0.0002412866788,2.28787615215e-05
236300,0.000241558305856,2.2873838722e-05
236400,0.00024183023962,2.28689201054e-05
236500,0.000242102480439,2.28640056662e-05
236600,0.000242375028664,2.28590953992e-05
236700,0.000242647884644,2.28541892991e-05
236800,0.00024292104873,2.28492873607e-05
236900,0.000243194521272,2.28443895788e-05
237000,0.000243468302621,2.2839495948e-05
237100,0.000243742393128,2.28346064632e-05
237200,0.000244016793146,2.28297211192e-05
237300,0.000244291503026,2.28248399108e-05
237400,0.000244566523122,2.28199628327e-05
237500,0.000244841853785,2.28150898797e-05
237600,0.000245117495371,2.28102210468e-05
237700,0.000245393448233,2.28053563286e-05
237800,0.000245669712725,2.28004957201e-05
237900,0.000245946289201,2.27956392161e-05
238000,0.000246223178018,2.27907868114e-05
238100,0.000246500379531,2.2785938501e-05
238200,0.000246777894095,2.27810942796e-05
238300,0.000247055722066,2.27762541422e-05
238400,0.000247333863802,2.27714180836e-05
238500,0.00024761231966,2.27665860988e-05
238600,0.000247891089997,2.27617581826e-05
238700,0.000248170175172,2.275693433e-05
238800,0.000248449575543,2.27521145358e-05
238900,0.000248729291469,2.27472987951e-05
239000,0.000249009323309,2.27424871028e-05
239100,0.000249289671422,2.27376794537e-05
239200,0.00024957033617,2.27328758429e-05
239300,0.000249851317912,2.27280762653e-05
239400,0.000250132617009,2.2723280716e-05
239500,0.000250414233823,2.27184891898e-05
239600,0.000250696168716,2.27137016817e-05
239700,0.000250978422049,2.27089181869e-05
239800,0.000251260994185,2.27041387002e-05
239900,0.000251543885488,2.26993632167e-05
240000,0.000251827096321,2.26945917315e-05
240100,0.000252110627048,2.26898242395e-05
240200,0.000252394478032,2.26850607358e-05
240300,0.00025267864964,2.26803012154e-05
240400,0.000252963142236,2.26755456734e-05
240500,0.000253247956185,2.26707941049e-05
240600,0.000253533091854,2.2666046505e-05
240700,0.000253818549609,2.26613028686e-05
240800,0.000254104329816,2.2656563191e-05
240900,0.000254390432844,2.26518274672e-05
241000,0.00025467685906,2.26470956922e-05
241100,0.000254963608832,2.26423678614e-05
241200,0.000255250682528,2.26376439696e-05
241300,0.000255538080519,2.26329240122e-05
241400,0.000255825803172,2.26282079842e-05
241500,0.000256113850858,2.26234958807e-05
241600,0.000256402223948,2.2618787697e-05
241700,0.000256690922811,2.26140834282e-05
241800,0.00025697994782,2.26093830694e-05
241900,0.000257269299345,2.26046866159e-05
242000,0.000257558977758,2.25999940628e-05
242100,0.000257848983433,2.25953054053e-05
242200,0.000258139316743,2.25906206387e-05
242300,0.000258429978059,2.25859397581e-05
242400,0.000258720967757,2.25812627588e-05
242500,0.00025901228621,2.2576589636e-05
242600,0.000259303933793,2.25719203848e-05
242700,0.000259595910881,2.25672550007e-05
242800,0.00025988821785,2.25625934788e-05
242900,0.000260180855075,2.25579358143e-05
243000,0.000260473822932,2.25532820026e-05
243100,0.0002607671218,2.25486320389e-05
243200,0.000261060752054,2.25439859186e-05
243300,0.000261354714073,2.25393436368e-05
243400,0.000261649008234,2.25347051889e-05
243500,0.000261943634917,2.25300705702e-05
243600,0.000262238594501,2.2525439776e-05
243700,0.000262533887364,2.25208128017e-05
243800,0.000262829513886,2.25161896425e-05
243900,0.000263125474449,2.25115702939e-05
244000,0.000263421769432,2.2506954751e-05
244100,0.000263718399218,2.25023430094e-05
244200,0.000264015364186,2.24977350643e-05
244300,0.000264312664721,2.24931309112e-05
244400,0.000264610301204,2.24885305454e-05
244500,0.000264908274019,2.24839339622e-05
244600,0.000265206583548,2.24793411571e-05
244700,0.000265505230177,2.24747521256e-05
244800,0.000265804214288,2.24701668628e-05
244900,0.000266103536267,2.24655853644e-05
245000,0.000266403196499,2.24610076257e-05
245100,0.00026670319537,2.24564336422e-05
245200,0.000267003533266,2.24518634092e-05
245300,0.000267304210574,2.24472969223e-05
245400,0.00026760522768,2.24427341768e-05
245500,0.000267906584972,2.24381751682e-05
245600,0.000268208282839,2.24336198921e-05
245700,0.000268510321668,2.24290683439e-05
245800,0.000268812701848,2.2424520519e-05
245900,0.00026911542377,2.24199764129e-05
246000,0.000269418487821,2.24154360212e-05
246100,0.000269721894393,2.24108993393e-05
246200,0.000270025643877,2.24063663628e-05
246300,0.000270329736663,2.24018370872e-05
246400,0.000270634173143,2.23973115079e-05
246500,0.000270938953709,2.23927896206e-05
246600,0.000271244078754,2.23882714207e-05
246700,0.00027154954867,2.23837569039e-05
246800,0.000271855363852,2.23792460657e-05
246900,0.000272161524693,2.23747389015e-05
247000,0.000272468031587,2.23702354071e-05
247100,0.000272774884929,2.2365735578e-05
247200,0.000273082085114,2.23612394097e-05
247300,0.000273389632539,2.23567468979e-05
247400,0.000273697527599,2.23522580381e-05
247500,0.000274005770691,2.2347772826e-05
247600,0.000274314362212,2.23432912572e-05
247700,0.000274623302559,2.23388133272e-05
247800,0.000274932592132,2.23343390318e-05
247900,0.000275242231328,2.23298683665e-05
248000,0.000275552220546,2.2325401327e-05
248100,0.000275862560186,2.2320937909e-05
248200,0.000276173250647,2.2316478108e-05
248300,0.000276484292331,2.23120219198e-05
248400,0.000276795685638,2.230756934e-05
248500,0.000277107430968,2.23031203644e-05
248600,0.000277419528725,2.22986749885e-05
248700,0.00027773197931,2.2294233208e-05
248800,0.000278044783126,2.22897950188e-05
248900,0.000278357940576,2.22853604164e-05
249000,0.000278671452065,2.22809293967e-05
249100,0.000278985317995,2.22765019552e-05
249200,0.000279299538772,2.22720780877e-05
249300,0.000279614114801,2.22676577901e-05
249400,0.000279929046488,2.22632410579e-05
249500,0.000280244334238,2.2258827887e-05
249600,0.000280559978458,2.22544182731e-05
249700,0.000280875979554,2.22500122119e-05
249800,0.000281192337936,2.22456096993e-05
249900,0.00028150905401,2.22412107309e-05
250000,0.000281826128185,2.22368153027e-05
250100,0.00028214356087,2.22324234103e-05
250200,0.000282461352474,2.22280350496e-05
250300,0.000282779503407,2.22236502163e-05
250400,0.000283098014079,2.22192689064e-05
250500,0.000283416884902,2.22148911155e-05
250600,0.000283736116287,2.22105168395e-05
250700,0.000284055708645,2.22061460742e-05
250800,0.000284375662388,2.22017788155e-05
250900,0.00028469597793,2.21974150593e-05
251000,0.000285016655684,2.21930548013e-05
251100,0.000285337696063,2.21886980374e-05
251200,0.000285659099483,2.21843447634e-05
251300,0.000285980866357,2.21799949753e-05
251400,0.0002863029971,2.2175648669e-05
251500,0.000286625492129,2.21713058402e-05
251600,0.000286948351859,2.21669664849e-05
251700,0.000287271576708,2.2162630599e-05
251800,0.000287595167091,2.21582981784e-05
251900,0.000287919123428,2.2153969219e-05
252000,0.000288243446136,2.21496437167e-05
252100,0.000288568135633,2.21453216674e-05
252200,0.00028889319234,2.2141003067e-05
252300,0.000289218616675,2.21366879116e-05
252400,0.000289544409059,2.2132376197e-05
252500,0.000289870569912,2.21280679191e-05
252600,0.000290197099655,2.2123763074e-05
252700,0.00029052399871,2.21194616575e-05
252800,0.000290851267499,2.21151636658e-05
252900,0.000291178906445,2.21108690946e-05
253000,0.00029150691597,2.21065779401e-05
253100,0.000291835296498,2.21022901981e-05
253200,0.000292164048454,2.20980058647e-05
253300,0.000292493172262,2.20937249359e-05
253400,0.000292822668346,2.20894474077e-05
253500,0.000293152537133,2.20851732762e-05
253600,0.000293482779049,2.20809025372e-05
253700,0.00029381339452,2.20766351868e-05
253800,0.000294144383973,2.20723712212e-05
253900,0.000294475747835,2.20681106362e-05
254000,0.000294807486536,2.2063853428e-05
254100,0.000295139600503,2.20595995926e-05
254200,0.000295472090165,2.20553491261e-05
254300,0.000295804955953,2.20511020245e-05
254400,0.000296138198296,2.20468582838e-05
254500,0.000296471817625,2.20426179003e-05
254600,0.000296805814371,2.20383808699e-05
254700,0.000297140188966,2.20341471887e-05
254800,0.000297474941841,2.20299168528e-05
254900,0.00029781007343,2.20256898584e-05
255000,0.000298145584165,2.20214662015e-05
255100,0.00029848147448,2.20172458782e-05
255200,0.000298817744809,2.20130288847e-05
255300,0.000299154395588,2.20088152171e-05
255400,0.000299491427251,2.20046048715e-05
255500,0.000299828840233,2.2000397844e-05
255600,0.000300166634973,2.19961941309e-05
255700,0.000300504811904,2.19919937282e-05
255800,0.000300843371467,2.19877966321e-05
255900,0.000301182314097,2.19836028387e-05
256000,0.000301521640233,2.19794123443e-05
256100,0.000301861350314,2.1975225145e-05
256200,0.000302201444779,2.19710412369e-05
256300,0.000302541924069,2.19668606163e-05
256400,0.000302882788623,2.19626832794e-05
256500,0.000303224038882,2.19585092224e-05
256600,0.000303565675288,2.19543384414e-05
256700,0.000303907698283,2.19501709326e-05
256800,0.000304250108309,2.19460066924e-05
256900,0.00030459290581,2.19418457168e-05
257000,0.000304936091227,2.19376880022e-05
257100,0.000305279665007,2.19335335448e-05
257200,0.000305623627592,2.19293823407e-05
257300,0.000305967979428,2.19252343863e-05
257400,0.000306312720962,2.19210896778e-05
257500,0.000306657852637,2.19169482115e-05
257600,0.000307003374903,2.19128099836e-05
257700,0.000307349288205,2.19086749904e-05
257800,0.000307695592991,2.19045432281e-05
257900,0.000308042289711,2.19004146931e-05
258000,0.000308389378811,2.18962893816e-05
258100,0.000308736860742,2.189216729e-05
258200,0.000309084735953,2.18880484144e-05
258300,0.000309433004895,2.18839327513e-05
258400,0.000309781668019,2.1879820297e-05
258500,0.000310130725775,2.18757110477e-05
258600,0.000310480178616,2.18716049997e-05
258700,0.000310830026995,2.18675021495e-05
258800,0.000311180271364,2.18634024933e-05
258900,0.000311530912177,2.18593060275e-05
259000,0.000311881949889,2.18552127483e-05
259100,0.000312233384953,2.18511226523e-05
259200,0.000312585217825,2.18470357357e-05
259300,0.00031293744896,2.18429519949e-05
259400,0.000313290078815,2.18388714262e-05
259500,0.000313643107846,2.1834794026e-05
259600,0.000313996536512,2.18307197908e-05
259700,0.000314350365269,2.18266487168e-05
259800,0.000314704594575,2.18225808005e-05
259900,0.000315059224891,2.18185160383e-05
260000,0.000315414256676,2.18144544266e-05
260100,0.000315769690389,2.18103959618e-05
260200,0.000316125526491,2.18063406402e-05
260300,0.000316481765444,2.18022884584e-05
260400,0.000316838407708,2.17982394127e-05
260500,0.000317195453746,2.17941934996e-05
260600,0.000317552904022,2.17901507154e-05
260700,0.000317910758997,2.17861110567e-05
260800,0.000318269019136,2.17820745199e-05
260900,0.000318627684903,2.17780411015e-05
261000,0.000318986756765,2.17740107978e-05
261100,0.000319346235185,2.17699836054e-05
261200,0.00031970612063,2.17659595208e-05
261300,0.000320066413566,2.17619385403e-05
261400,0.000320427114461,2.17579206605e-05
261500,0.000320788223783,2.17539058779e-05
261600,0.000321149741999,2.1749894189e-05
261700,0.000321511669579,2.17458855902e-05
261800,0.000321874006991,2.1741880078e-05
261900,0.000322236754707,2.1737877649e-05
262000,0.000322599913195,2.17338782997e-05
262100,0.000322963482929,2.17298820266e-05
262200,0.000323327464378,2.17258888261e-05
262300,0.000323691858015,2.1721898695e-05
262400,0.000324056664313,2.17179116296e-05
262500,0.000324421883746,2.17139276265e-05
262600,0.000324787516786,2.17099466822e-05
262700,0.000325153563909,2.17059687934e-05
262800,0.00032552002559,2.17019939565e-05
262900,0.000325886902303,2.16980221682e-05
263000,0.000326254194526,2.16940534249e-05
263100,0.000326621902734,2.16900877233e-05
263200,0.000326990027405,2.168612506e-05
263300,0.000327358569018,2.16821654314e-05
263400,0.000327727528049,2.16782088343e-05
263500,0.000328096904979,2.16742552651e-05
263600,0.000328466700286,2.16703047206e-05
263700,0.000328836914452,2.16663571972e-05
263800,0.000329207547955,2.16624126917e-05
263900,0.000329578601278,2.16584712005e-05
264000,0.000329950074902,2.16545327204e-05
264100,0.000330321969311,2.1650597248e-05
264200,0.000330694284986,2.16466647798e-05
264300,0.000331067022411,2.16427353126e-05
264400,0.000331440182071,2.16388088429e-05
264500,0.00033181376445,2.16348853674e-05
264600,0.000332187770033,2.16309648828e-05
264700,0.000332562199306,2.16270473857e-05
264800,0.000332937052756,2.16231328728e-05
264900,0.00033331233087,2.16192213407e-05
265000,0.000333688034134,2.16153127861e-05
265100,0.000334064163037,2.16114072057e-05
265200,0.000334440718068,2.16075045961e-05
265300,0.000334817699717,2.16036049541e-05
265400,0.000335195108472,2.15997082764e-05
265500,0.000335572944826,2.15958145595e-05
265600,0.000335951209267,2.15919238003e-05
265700,0.00033632990229,2.15880359954e-05
265800,0.000336709024384,2.15841511416e-05
265900,0.000337088576044,2.15802692356e-05
266000,0.000337468557762,2.1576390274e-05
266100,0.000337848970033,2.15725142537e-05
266200,0.000338229813352,2.15686411713e-05
266300,0.000338611088212,2.15647710236e-05
266400,0.000338992795111,2.15609038073e-05
266500,0.000339374934544,2.15570395191e-05
266600,0.000339757507009,2.15531781559e-05
266700,0.000340140513002,2.15493197144e-05
266800,0.000340523953023,2.15454641913e-05
266900,0.000340907827569,2.15416115834e-05
267000,0.00034129213714,2.15377618874e-05
267100,0.000341676882237,2.15339151002e-05
267200,0.000342062063358,2.15300712186e-05
267300,0.000342447681007,2.15262302392e-05
267400,0.000342833735683,2.1522392159e-05
267500,0.00034322022789,2.15185569747e-05
267600,0.000343607158131,2.1514724683e-05
267700,0.000343994526908,2.15108952809e-05
267800,0.000344382334727,2.15070687651e-05
267900,0.000344770582091,2.15032451324e-05
268000,0.000345159269506,2.14994243797e-05
268100,0.000345548397478,2.14956065037e-05
268200,0.000345937966513,2.14917915014e-05
268300,0.000346327977119,2.14879793695e-05
268400,0.000346718429803,2.14841701049e-05
268500,0.000347109325073,2.14803637044e-05
268600,0.000347500663439,2.14765601648e-05
268700,0.00034789244541,2.14727594831e-05
268800,0.000348284671496,2.14689616561e-05
268900,0.000348677342208,2.14651666806e-05
269000,0.000349070458057,2.14613745536e-05
269100,0.000349464019555,2.14575852718e-05
269200,0.000349858027215,2.14537988322e-05
269300,0.00035025248155,2.14500152316e-05
269400,0.000350647383074,2.1446234467e-05
269500,0.000351042732301,2.14424565352e-05
269600,0.000351438529747,2.14386814331e-05
269700,0.000351834775926,2.14349091577e-05
269800,0.000352231471355,2.14311397057e-05
269900,0.000352628616552,2.14273730742e-05
270000,0.000353026212033,2.14236092601e-05
270100,0.000353424258317,2.14198482603e-05
270200,0.000353822755922,2.14160900716e-05
270300,0.000354221705368,2.14123346911e-05
270400,0.000354621107175,2.14085821156e-05
270500,0.000355020961864,2.14048323421e-05
270600,0.000355421269955,2.14010853676e-05
270700,0.00035582203197,2.1397341189e-05
270800,0.000356223248433,2.13935998032e-05
270900,0.000356624919865,2.13898612072e-05
271000,0.000357027046792,2.1386125398e-05
271100,0.000357429629737,2.13823923725e-05
271200,0.000357832669225,2.13786621277e-05
271300,0.000358236165782,2.13749346605e-05
271400,0.000358640119934,2.13712099681e-05
271500,0.000359044532208,2.13674880472e-05
271600,0.000359449403131,2.1363768895e-05
271700,0.000359854733232,2.13600525084e-05
271800,0.000360260523039,2.13563388845e-05
271900,0.000360666773082,2.13526280201e-05
272000,0.000361073483892,2.13489199124e-05
272100,0.000361480655997,2.13452145583e-05
272200,0.000361888289931,2.13415119549e-05
272300,0.000362296386224,2.13378120991e-05
272400,0.00036270494541,2.13341149881e-05
272500,0.000363113968021,2.13304206188e-05
272600,0.000363523454592,2.13267289882e-05
272700,0.000363933405657,2.13230400935e-05
272800,0.000364343821751,2.13193539316e-05
272900,0.00036475470341,2.13156704996e-05
273000,0.00036516605117,2.13119897945e-05
273100,0.000365577865569,2.13083118134e-05
273200,0.000365990147145,2.13046365534e-05
273300,0.000366402896434,2.13009640116e-05
273400,0.000366816113978,2.12972941849e-05
273500,0.000367229800315,2.12936270705e-05
273600,0.000367643955985,2.12899626654e-05
273700,0.00036805858153,2.12863009668e-05
273800,0.000368473677491,2.12826419717e-05
273900,0.000368889244411,2.12789856772e-05
274000,0.000369305282832,2.12753320804e-05
274100,0.000369721793298,2.12716811784e-05
274200,0.000370138776353,2.12680329683e-05
274300,0.000370556232542,2.12643874473e-05
274400,0.000370974162411,2.12607446123e-05
274500,0.000371392566505,2.12571044606e-05
274600,0.000371811445373,2.12534669893e-05
274700,0.00037223079956,2.12498321955e-05
274800,0.000372650629616,2.12462000763e-05
274900,0.000373070936089,2.12425706289e-05
275000,0.000373491719528,2.12389438504e-05
275100,0.000373912980484,2.12353197379e-05
275200,0.000374334719508,2.12316982886e-05
275300,0.00037475693715,2.12280794996e-05
275400,0.000375179633964,2.12244633682e-05
275500,0.000375602810502,2.12208498914e-05
275600,0.000376026467317,2.12172390664e-05
275700,0.000376450604964,2.12136308904e-05
275800,0.000376875223997,2.12100253606e-05
275900,0.000377300324972,2.12064224741e-05
276000,0.000377725908445,2.12028222281e-05
276100,0.000378151974973,2.11992246199e-05
276200,0.000378578525113,2.11956296465e-05
276300,0.000379005559423,2.11920373053e-05
276400,0.000379433078463,2.11884475933e-05
276500,0.000379861082791,2.11848605078e-05
276600,0.000380289572968,2.1181276046e-05
276700,0.000380718549555,2.11776942051e-05
276800,0.000381148013113,2.11741149824e-05
276900,0.000381577964204,2.1170538375e-05
277000,0.000382008403392,2.11669643801e-05
277100,0.00038243933124,2.1163392995e-05
277200,0.000382870748312,2.1159824217e-05
277300,0.000383302655173,2.11562580432e-05
277400,0.000383735052388,2.11526944709e-05
277500,0.000384167940525,2.11491334974e-05
277600,0.000384601320149,2.11455751198e-05
277700,0.000385035191829,2.11420193355e-05
277800,0.000385469556133,2.11384661417e-05
277900,0.000385904413629,2.11349155356e-05
278000,0.000386339764889,2.11313675146e-05
278100,0.000386775610481,2.11278220758e-05
278200,0.000387211950978,2.11242792166e-05
278300,0.00038764878695,2.11207389342e-05
278400,0.00038808611897,2.11172012259e-05
278500,0.000388523947612,2.11136660891e-05
278600,0.00038896227345,2.11101335209e-05
278700,0.000389401097057,2.11066035187e-05
278800,0.000389840419009,2.11030760798e-05
278900,0.000390280239883,2.10995512014e-05
279000,0.000390720560254,2.1096028881e-05
279100,0.000391161380701,2.10925091157e-05
279200,0.0003916027018,2.10889919029e-05
279300,0.000392044524132,2.10854772399e-05
279400,0.000392486848274,2.10819651241e-05
279500,0.000392929674808,2.10784555527e-05
279600,0.000393373004314,2.10749485231e-05
279700,0.000393816837374,2.10714440326e-05
279800,0.00039426117457,2.10679420786e-05
279900,0.000394706016485,2.10644426584e-05
280000,0.000395151363702,2.10609457693e-05
280100,0.000395597216806,2.10574514087e-05
280200,0.000396043576383,2.10539595739e-05
280300,0.000396490443017,2.10504702623e-05
280400,0.000396937817296,2.10469834713e-05
280500,0.000397385699806,2.10434991982e-05
280600,0.000397834091135,2.10400174403e-05
280700,0.000398282991872,2.10365381951e-05
280800,0.000398732402607,2.103306146e-05
280900,0.00039918232393,2.10295872322e-05
281000,0.00039963275643,2.10261155092e-05
281100,0.0004000837007,2.10226462884e-05
281200,0.000400535157332,2.10191795672e-05
281300,0.000400987126919,2.10157153429e-05
281400,0.000401439610054,2.1012253613e-05
281500,0.000401892607333,2.10087943748e-05
281600,0.000402346119348,2.10053376258e-05
281700,0.000402800146698,2.10018833633e-05
281800,0.000403254689978,2.09984315849e-05
281900,0.000403709749785,2.09949822878e-05
282000,0.000404165326718,2.09915354696e-05
282100,0.000404621421375,2.09880911276e-05
282200,0.000405078034355,2.09846492593e-05
282300,0.00040553516626,2.09812098621e-05
282400,0.000405992817688,2.09777729334e-05
282500,0.000406450989244,2.09743384707e-05
282600,0.000406909681527,2.09709064714e-05
282700,0.000407368895143,2.09674769331e-05
282800,0.000407828630694,2.0964049853e-05
282900,0.000408288888785,2.09606252287e-05
283000,0.000408749670021,2.09572030576e-05
283100,0.000409210975009,2.09537833373e-05
283200,0.000409672804355,2.0950366065e-05
283300,0.000410135158667,2.09469512385e-05
283400,0.000410598038552,2.0943538855e-05
283500,0.000411061444621,2.09401289121e-05
283600,0.000411525377482,2.09367214073e-05
283700,0.000411989837746,2.0933316338e-05
283800,0.000412454826025,2.09299137018e-05
283900,0.000412920342929,2.0926513496e-05
284000,0.000413386389073,2.09231157183e-05
284100,0.000413852965069,2.09197203661e-05
284200,0.000414320071531,2.0916327437e-05
284300,0.000414787709075,2.09129369283e-05
284400,0.000415255878317,2.09095488377e-05
284500,0.000415724579872,2.09061631627e-05
284600,0.000416193814357,2.09027799007e-05
284700,0.000416663582392,2.08993990493e-05
284800,0.000417133884594,2.0896020606e-05
284900,0.000417604721583,2.08926445683e-05
285000,0.000418076093979,2.08892709338e-05
285100,0.000418548002403,2.08858997e-05
285200,0.000419020447477,2.08825308645e-05
285300,0.000419493429824,2.08791644248e-05
285400,0.000419966950066,2.08758003783e-05
285500,0.000420441008828,2.08724387228e-05
285600,0.000420915606734,2.08690794557e-05
285700,0.00042139074441,2.08657225746e-05
285800,0.000421866422482,2.0862368077e-05
285900,0.000422342641578,2.08590159606e-05
286000,0.000422819402324,2.08556662228e-05
286100,0.000423296705351,2.08523188613e-05
286200,0.000423774551286,2.08489738736e-05
286300,0.00042425294076,2.08456312573e-05
286400,0.000424731874405,2.084229101e-05
286500,0.000425211352852,2.08389531292e-05
286600,0.000425691376732,2.08356176127e-05
286700,0.00042617194668,2.08322844578e-05
286800,0.00042665306333,2.08289536623e-05
286900,0.000427134727316,2.08256252238e-05
287000,0.000427616939273,2.08222991398e-05
287100,0.000428099699839,2.08189754079e-05
287200,0.000428583009649,2.08156540259e-05
287300,0.000429066869343,2.08123349911e-05
287400,0.000429551279559,2.08090183014e-05
287500,0.000430036240936,2.08057039543e-05
287600,0.000430521754114,2.08023919474e-05
287700,0.000431007819735,2.07990822783e-05
287800,0.00043149443844,2.07957749448e-05
287900,0.000431981610873,2.07924699444e-05
288000,0.000432469337675,2.07891672747e-05
288100,0.000432957619492,2.07858669334e-05
288200,0.000433446456968,2.07825689182e-05
288300,0.000433935850749,2.07792732266e-05
288400,0.000434425801482,2.07759798564e-05
288500,0.000434916309814,2.07726888052e-05
288600,0.000435407376393,2.07694000706e-05
288700,0.000435899001869,2.07661136504e-05
288800,0.00043639118689,2.07628295421e-05
288900,0.000436883932107,2.07595477435e-05
289000,0.000437377238172,2.07562682521e-05
289100,0.000437871105738,2.07529910658e-05
289200,0.000438365535455,2.07497161821e-05
289300,0.000438860527979,2.07464435987e-05
289400,0.000439356083964,2.07431733134e-05
289500,0.000439852204065,2.07399053238e-05
289600,0.000440348888939,2.07366396276e-05
289700,0.000440846139242,2.07333762225e-05
289800,0.000441343955633,2.07301151062e-05
289900,0.000441842338769,2.07268562764e-05
290000,0.00044234128931,2.07235997308e-05
290100,0.000442840807917,2.07203454671e-05
290200,0.000443340895249,2.0717093483e-05
290300,0.00044384155197,2.07138437763e-05
290400,0.000444342778741,2.07105963446e-05
290500,0.000444844576227,2.07073511857e-05
290600,0.000445346945091,2.07041082973e-05
290700,0.000445849885998,2.07008676771e-05
290800,0.000446353399615,2.06976293228e-05
290900,0.000446857486608,2.06943932323e-05
291000,0.000447362147644,2.06911594032e-05
291100,0.000447867383393,2.06879278332e-05
291200,0.000448373194523,2.06846985201e-05
291300,0.000448879581704,2.06814714617e-05
291400,0.000449386545607,2.06782466557e-05
291500,0.000449894086903,2.06750240999e-05
291600,0.000450402206266,2.06718037919e-05
291700,0.000450910904368,2.06685857297e-05
291800,0.000451420181884,2.06653699109e-05
291900,0.000451930039489,2.06621563332e-05
292000,0.000452440477858,2.06589449946e-05
292100,0.000452951497668,2.06557358927e-05
292200,0.000453463099597,2.06525290253e-05
292300,0.000453975284323,2.06493243902e-05
292400,0.000454488052525,2.06461219852e-05
292500,0.000455001404882,2.06429218081e-05
292600,0.000455515342077,2.06397238566e-05
292700,0.000456029864791,2.06365281285e-05
292800,0.000456544973706,2.06333346217e-05
292900,0.000457060669505,2.0630143334e-05
293000,0.000457576952873,2.06269542631e-05
293100,0.000458093824495,2.06237674068e-05
293200,0.000458611285056,2.0620582763e-05
293300,0.000459129335244,2.06174003294e-05
293400,0.000459647975747,2.06142201039e-05
293500,0.000460167207251,2.06110420843e-05
293600,0.000460687030448,2.06078662684e-05
293700,0.000461207446027,2.06046926541e-05
293800,0.000461728454678,2.06015212391e-05
293900,0.000462250057095,2.05983520213e-05
294000,0.000462772253969,2.05951849985e-05
294100,0.000463295045995,2.05920201686e-05
294200,0.000463818433866,2.05888575294e-05
294300,0.000464342418279,2.05856970787e-05
294400,0.000464866999929,2.05825388145e-05
294500,0.000465392179513,2.05793827344e-05
294600,0.000465917957729,2.05762288364e-05
294700,0.000466444335276,2.05730771184e-05
294800,0.000466971312854,2.05699275781e-05
294900,0.000467498891163,2.05667802136e-05
295000,0.000468027070904,2.05636350225e-05
295100,0.00046855585278,2.05604920028e-05
295200,0.000469085237494,2.05573511524e-05
295300,0.000469615225749,2.05542124691e-05
295400,0.000470145818252,2.05510759508e-05
295500,0.000470677015707,2.05479415953e-05
295600,0.000471208818821,2.05448094007e-05
295700,0.000471741228301,2.05416793647e-05
295800,0.000472274244857,2.05385514852e-05
295900,0.000472807869196,2.05354257601e-05
296000,0.00047334210203,2.05323021874e-05
296100,0.00047387694407,2.05291807649e-05
296200,0.000474412396027,2.05260614905e-05
296300,0.000474948458613,2.05229443621e-05
296400,0.000475485132544,2.05198293776e-05
296500,0.000476022418533,2.05167165349e-05
296600,0.000476560317296,2.0513605832e-05
296700,0.000477098829549,2.05104972668e-05
296800,0.000477637956009,2.05073908371e-05
296900,0.000478177697395,2.0504286541e-05
297000,0.000478718054425,2.05011843762e-05
297100,0.00047925902782,2.04980843408e-05
297200,0.0004798006183,2.04949864327e-05
297300,0.000480342826587,2.04918906497e-05
297400,0.000480885653404,2.04887969899e-05
297500,0.000481429099474,2.04857054512e-05
297600,0.000481973165522,2.04826160316e-05
297700,0.000482517852273,2.04795287288e-05
297800,0.000483063160453,2.0476443541e-05
297900,0.000483609090789,2.04733604661e-05
298000,0.00048415564401,2.0470279502e-05
298100,0.000484702820844,2.04672006466e-05
298200,0.000485250622022,2.0464123898e-05
298300,0.000485799048273,2.0461049254e-05
298400,0.00048634810033,2.04579767127e-05
298500,0.000486897778926,2.04549062721e-05
298600,0.000487448084793,2.045183793e-05
298700,0.000487999018667,2.04487716845e-05
298800,0.000488550581282,2.04457075336e-05
298900,0.000489102773376,2.04426454751e-05
299000,0.000489655595684,2.04395855072e-05
299100,0.000490209048946,2.04365276278e-05
299200,0.0004907631339,2.04334718348e-05
299300,0.000491317851287,2.04304181263e-05
299400,0.000491873201847,2.04273665003e-05
299500,0.000492429186321,2.04243169547e-05
299600,0.000492985805454,2.04212694876e-05
299700,0.000493543059988,2.04182240969e-05
299800,0.000494100950669,2.04151807807e-05
299900,0.00049465947824,2.04121395369e-05
300000,0.000495218643451,2.04091003637e-05
300100,0.000495778447046,2.04060632589e-05
300200,0.000496338889776,2.04030282206e-05
300300,0.000496899972389,2.03999952469e-05
300400,0.000497461695636,2.03969643357e-05
300500,0.000498024060267,2.03939354851e-05
300600,0.000498587067035,2.03909086931e-05
300700,0.000499150716693,2.03878839577e-05
300800,0.000499715009995,2.0384861277e-05
300900,0.000500279947696,2.0381840649e-05
301000,0.000500845530552,2.03788220717e-05
301100,0.000501411759319,2.03758055432e-05
301200,0.000501978634756,2.03727910615e-05
301300,0.000502546157621,2.03697786247e-05
301400,0.000503114328674,2.03667682308e-05
301500,0.000503683148676,2.03637598779e-05
301600,0.000504252618387,2.0360753564e-05
301700,0.000504822738572,2.03577492872e-05
301800,0.000505393509993,2.03547470455e-05
301900,0.000505964933416,2.0351746837e-05
302000,0.000506537009604,2.03487486598e-05
302100,0.000507109739325,2.0345752512e-05
302200,0.000507683123347,2.03427583916e-05
302300,0.000508257162437,2.03397662966e-05
302400,0.000508831857366,2.03367762252e-05
302500,0.000509407208902,2.03337881755e-05
302600,0.000509983217818,2.03308021455e-05
302700,0.000510559884886,2.03278181333e-05
302800,0.000511137210878,2.0324836137e-05
302900,0.00051171519657,2.03218561547e-05
303000,0.000512293842737,2.03188781845e-05
303100,0.000512873150154,2.03159022245e-05
303200,0.000513453119598,2.03129282727e-05
303300,0.000514033751848,2.03099563273e-05
303400,0.000514615047683,2.03069863865e-05
303500,0.000515197007884,2.03040184482e-05
303600,0.00051577963323,2.03010525106e-05
303700,0.000516362924504,2.02980885718e-05
303800,0.000516946882489,2.02951266299e-05
303900,0.00051753150797,2.02921666831e-05
304000,0.00051811680173,2.02892087295e-05
304100,0.000518702764557,2.02862527671e-05
304200,0.000519289397237,2.02832987942e-05
304300,0.000519876700559,2.02803468088e-05
304400,0.00052046467531,2.0277396809e-05
304500,0.000521053322282,2.02744487931e-05
304600,0.000521642642265,2.02715027591e-05
304700,0.00052223263605,2.02685587052e-05
304800,0.000522823304433,2.02656166296e-05
304900,0.000523414648205,2.02626765302e-05
305000,0.000524006668163,2.02597384054e-05
305100,0.000524599365102,2.02568022533e-05
305200,0.000525192739819,2.0253868072e-05
305300,0.000525786793113,2.02509358596e-05
305400,0.000526381525782,2.02480056144e-05
305500,0.000526976938626,2.02450773344e-05
305600,0.000527573032447,2.02421510179e-05
305700,0.000528169808047,2.02392266631e-05
305800,0.000528767266228,2.02363042679e-05
305900,0.000529365407795,2.02333838308e-05
306000,0.000529964233554,2.02304653497e-05
306100,0.000530563744309,2.0227548823e-05
306200,0.000531163940869,2.02246342487e-05
306300,0.000531764824042,2.02217216251e-05
306400,0.000532366394636,2.02188109503e-05
306500,0.000532968653463,2.02159022226e-05
306600,0.000533571601334,2.021299544e-05
306700,0.00053417523906,2.02100906009e-05
306800,0.000534779567455,2.02071877034e-05
306900,0.000535384587335,2.02042867456e-05
307000,0.000535990299513,2.02013877258e-05
307100,0.000536596704807,2.01984906423e-05
307200,0.000537203804034,2.01955954931e-05
307300,0.000537811598013,2.01927022765e-05
307400,0.000538420087563,2.01898109907e-05
307500,0.000539029273506,2.0186921634e-05
307600,0.000539639156662,2.01840342044e-05
307700,0.000540249737854,2.01811487004e-05
307800,0.000540861017907,2.017826512e-05
307900,0.000541472997645,2.01753834614e-05
308000,0.000542085677894,2.0172503723e-05
308100,0.000542699059481,2.01696259029e-05
308200,0.000543313143234,2.01667499994e-05
308300,0.000543927929983,2.01638760107e-05
308400,0.000544543420556,2.0161003935e-05
308500,0.000545159615786,2.01581337706e-05
308600,0.000545776516504,2.01552655157e-05
308700,0.000546394123545,2.01523991686e-05
308800,0.000547012437742,2.01495347274e-05
308900,0.000547631459931,2.01466721904e-05
309000,0.000548251190948,2.0143811556e-05
309100,0.000548871631631,2.01409528223e-05
309200,0.000549492782818,2.01380959875e-05
309300,0.00055011464535,2.013524105e-05
309400,0.000550737220068,2.01323880081e-05
309500,0.000551360507812,2.01295368598e-05
309600,0.000551984509426,2.01266876036e-05
309700,0.000552609225754,2.01238402377e-05
309800,0.000553234657642,2.01209947604e-05
309900,0.000553860805934,2.01181511699e-05
310000,0.00055448767148,2.01153094645e-05
310100,0.000555115255126,2.01124696424e-05
310200,0.000555743557723,2.01096317021e-05
310300,0.000556372580121,2.01067956416e-05
310400,0.000557002323172,2.01039614594e-05
310500,0.000557632787728,2.01011291537e-05
310600,0.000558263974643,2.00982987228e-05
310700,0.000558895884773,2.0095470165e-05
310800,0.000559528518972,2.00926434785e-05
310900,0.0005601618781,2.00898186617e-05
311000,0.000560795963012,2.00869957129e-05
311100,0.00056143077457,2.00841746304e-05
311200,0.000562066313633,2.00813554124e-05
311300,0.000562702581063,2.00785380573e-05
311400,0.000563339577722,2.00757225634e-05
311500,0.000563977304475,2.00729089289e-05
311600,0.000564615762186,2.00700971523e-05
311700,0.000565254951721,2.00672872318e-05
311800,0.000565894873947,2.00644791657e-05
311900,0.000566535529733,2.00616729524e-05
312000,0.000567176919948,2.00588685901e-05
312100,0.000567819045462,2.00560660773e-05
312200,0.000568461907146,2.00532654121e-05
312300,0.000569105505875,2.0050466593e-05
312400,0.00056974984252,2.00476696183e-05
312500,0.000570394917958,2.00448744863e-05
312600,0.000571040733065,2.00420811954e-05
312700,0.000571687288717,2.00392897438e-05
312800,0.000572334585793,2.003650013e-05
312900,0.000572982625173,2.00337123522e-05
313000,0.000573631407736,2.00309264089e-05
313100,0.000574280934365,2.00281422983e-05
313200,0.000574931205943,2.00253600188e-05
313300,0.000575582223354,2.00225795688e-05
313400,0.000576233987483,2.00198009465e-05
313500,0.000576886499216,2.00170241505e-05
313600,0.000577539759441,2.0014249179e-05
313700,0.000578193769046,2.00114760304e-05
313800,0.000578848528921,2.0008704703e-05
313900,0.000579504039957,2.00059351953e-05
314000,0.000580160303046,2.00031675056e-05
314100,0.000580817319081,2.00004016322e-05
314200,0.000581475088957,1.99976375735e-05
314300,0.00058213361357,1.99948753279e-05
314400,0.000582792893815,1.99921148939e-05
314500,0.000583452930591,1.99893562697e-05
314600,0.000584113724797,1.99865994537e-05
314700,0.000584775277332,1.99838444444e-05
314800,0.000585437589099,1.998109124e-05
314900,0.000586100661,1.99783398391e-05
315000,0.000586764493938,1.997559024e-05
315100,0.00058742908882,1.9972842441e-05
315200,0.000588094446549,1.99700964407e-05
315300,0.000588760568034,1.99673522373e-05
315400,0.000589427454184,1.99646098293e-05
315500,0.000590095105907,1.99618692151e-05
315600,0.000590763524114,1.99591303931e-05
315700,0.000591432709718,1.99563933616e-05
315800,0.000592102663631,1.99536581192e-05
315900,0.000592773386769,1.99509246641e-05
316000,0.000593444880046,1.99481929949e-05
316100,0.000594117144379,1.994546311e-05
316200,0.000594790180686,1.99427350077e-05
316300,0.000595463989886,1.99400086865e-05
316400,0.0005961385729,1.99372841447e-05
316500,0.000596813930648,1.9934561381e-05
316600,0.000597490064054,1.99318403935e-05
316700,0.000598166974042,1.99291211809e-05
316800,0.000598844661536,1.99264037414e-05
316900,0.000599523127463,1.99236880736e-05
317000,0.000600202372751,1.99209741759e-05
317100,0.000600882398328,1.99182620467e-05
317200,0.000601563205124,1.99155516845e-05
317300,0.00060224479407,1.99128430876e-05
317400,0.000602927166099,1.99101362547e-05
317500,0.000603610322144,1.9907431184e-05
317600,0.000604294263141,1.9904727874e-05
317700,0.000604978990024,1.99020263233e-05
317800,0.000605664503732,1.98993265302e-05
317900,0.000606350805202,1.98966284932e-05
318000,0.000607037895375,1.98939322107e-05
318100,0.000607725775192,1.98912376813e-05
318200,0.000608414445594,1.98885449034e-05
318300,0.000609103907525,1.98858538754e-05
318400,0.000609794161931,1.98831645958e-05
318500,0.000610485209755,1.98804770631e-05
318600,0.000611177051946,1.98777912757e-05
318700,0.000611869689453,1.98751072322e-05
318800,0.000612563123224,1.9872424931e-05
318900,0.000613257354211,1.98697443706e-05
319000,0.000613952383365,1.98670655494e-05
319100,0.00061464821164,1.98643884659e-05
319200,0.000615344839991,1.98617131187e-05
319300,0.000616042269373,1.98590395062e-05
319400,0.000616740500745,1.98563676268e-05
319500,0.000617439535062,1.98536974792e-05
319600,0.000618139373287,1.98510290617e-05
319700,0.000618840016379,1.98483623729e-05
319800,0.0006195414653,1.98456974113e-05
319900,0.000620243721014,1.98430341754e-05
320000,0.000620946784486,1.98403726636e-05
320100,0.000621650656682,1.98377128745e-05
320200,0.000622355338569,1.98350548065e-05
320300,0.000623060831115,1.98323984583e-05
320400,0.00062376713529,1.98297438282e-05
320500,0.000624474252065,1.98270909148e-05
320600,0.000625182182413,1.98244397167e-05
320700,0.000625890927307,1.98217902323e-05
320800,0.000626600487722,1.98191424601e-05
320900,0.000627310864634,1.98164963987e-05
321000,0.000628022059021,1.98138520466e-05
321100,0.000628734071862,1.98112094023e-05
321200,0.000629446904136,1.98085684644e-05
321300,0.000630160556825,1.98059292313e-05
321400,0.000630875030911,1.98032917016e-05
321500,0.000631590327379,1.98006558739e-05
321600,0.000632306447213,1.97980217466e-05
321700,0.000633023391401,1.97953893183e-05
321800,0.00063374116093,1.97927585876e-05
321900,0.000634459756789,1.9790129553e-05
322000,0.000635179179969,1.97875022129e-05
322100,0.000635899431461,1.97848765661e-05
322200,0.00063662051226,1.9782252611e-05
322300,0.000637342423357,1.97796303461e-05
322400,0.000638065165751,1.977700977e-05
322500,0.000638788740438,1.97743908814e-05
322600,0.000639513148416,1.97717736786e-05
322700,0.000640238390684,1.97691581603e-05
322800,0.000640964468245,1.97665443251e-05
322900,0.000641691382099,1.97639321715e-05
323000,0.000642419133252,1.9761321698e-05
323100,0.000643147722707,1.97587129033e-05
323200,0.000643877151472,1.97561057858e-05
323300,0.000644607420553,1.97535003443e-05
323400,0.000645338530961,1.97508965771e-05
323500,0.000646070483704,1.9748294483e-05
323600,0.000646803279796,1.97456940605e-05
323700,0.000647536920249,1.97430953081e-05
323800,0.000648271406077,1.97404982245e-05
323900,0.000649006738296,1.97379028082e-05
324000,0.000649742917924,1.97353090579e-05
324100,0.000650479945978,1.9732716972e-05
324200,0.000651217823479,1.97301265492e-05
324300,0.000651956551448,1.97275377881e-05
324400,0.000652696130907,1.97249506872e-05
324500,0.000653436562879,1.97223652453e-05
324600,0.000654177848392,1.97197814607e-05
324700,0.00065491998847,1.97171993322e-05
324800,0.000655662984142,1.97146188584e-05
324900,0.000656406836438,1.97120400378e-05
325000,0.000657151546387,1.97094628691e-05
325100,0.000657897115023,1.97068873509e-05
325200,0.000658643543379,1.97043134817e-05
325300,0.000659390832489,1.97017412602e-05
325400,0.00066013898339,1.9699170685e-05
325500,0.00066088799712,1.96966017547e-05
325600,0.000661637874717,1.96940344679e-05
325700,0.000662388617222,1.96914688233e-05
325800,0.000663140225677,1.96889048194e-05
325900,0.000663892701125,1.96863424549e-05
326000,0.00066464604461,1.96837817284e-05
326100,0.000665400257179,1.96812226385e-05
326200,0.000666155339879,1.96786651839e-05
326300,0.000666911293759,1.96761093632e-05
326400,0.000667668119869,1.9673555175e-05
326500,0.00066842581926,1.9671002618e-05
326600,0.000669184392986,1.96684516907e-05
326700,0.000669943842102,1.96659023919e-05
326800,0.000670704167662,1.96633547201e-05
326900,0.000671465370725,1.96608086741e-05
327000,0.000672227452349,1.96582642523e-05
327100,0.000672990413594,1.96557214536e-05
327200,0.000673754255522,1.96531802765e-05
327300,0.000674518979195,1.96506407197e-05
327400,0.000675284585679,1.96481027819e-05
327500,0.000676051076038,1.96455664616e-05
327600,0.000676818451341,1.96430317576e-05
327700,0.000677586712655,1.96404986685e-05
327800,0.000678355861052,1.9637967193e-05
327900,0.000679125897603,1.96354373296e-05
328000,0.00067989682338,1.96329090772e-05
328100,0.000680668639459,1.96303824343e-05
328200,0.000681441346914,1.96278573996e-05
328300,0.000682214946825,1.96253339719e-05
328400,0.000682989440269,1.96228121496e-05
328500,0.000683764828326,1.96202919316e-05
328600,0.000684541112079,1.96177733165e-05
328700,0.000685318292611,1.9615256303e-05
328800,0.000686096371006,1.96127408897e-05
328900,0.00068687534835,1.96102270754e-05
329000,0.000687655225732,1.96077148587e-05
329100,0.00068843600424,1.96052042382e-05
329200,0.000689217684965,1.96026952128e-05
329300,0.000690000268999,1.9600187781e-05
329400,0.000690783757435,1.95976819416e-05
329500,0.000691568151368,1.95951776933e-05
329600,0.000692353451895,1.95926750347e-05
329700,0.000693139660114,1.95901739645e-05
329800,0.000693926777125,1.95876744815e-05
329900,0.000694714804027,1.95851765843e-05
330000,0.000695503741924,1.95826802717e-05
330100,0.00069629359192,1.95801855422e-05
330200,0.00069708435512,1.95776923948e-05
330300,0.00069787603263,1.95752008279e-05
330400,0.000698668625561,1.95727108405e-05
330500,0.00069946213502,1.95702224311e-05
330600,0.00070025656212,1.95677355984e-05
330700,0.000701051907974,1.95652503413e-05
330800,0.000701848173697,1.95627666584e-05
330900,0.000702645360403,1.95602845484e-05
331000,0.000703443469211,1.955780401e-05
331100,0.00070424250124,1.9555325042e-05
331200,0.00070504245761,1.95528476431e-05
331300,0.000705843339444,1.9550371812e-05
331400,0.000706645147865,1.95478975475e-05
331500,0.000707447883998,1.95454248482e-05
331600,0.00070825154897,1.95429537129e-05
331700,0.000709056143909,1.95404841403e-05
331800,0.000709861669944,1.95380161292e-05
331900,0.000710668128208,1.95355496783e-05
332000,0.000711475519833,1.95330847864e-05
332100,0.000712283845953,1.95306214521e-05
332200,0.000713093107704,1.95281596742e-05
332300,0.000713903306225,1.95256994515e-05
332400,0.000714714442653,1.95232407827e-05
332500,0.000715526518129,1.95207836666e-05
332600,0.000716339533797,1.95183281018e-05
332700,0.000717153490798,1.95158740872e-05
332800,0.000717968390279,1.95134216215e-05
332900,0.000718784233387,1.95109707035e-05
333000,0.00071960102127,1.95085213318e-05
333100,0.000720418755077,1.95060735054e-05
333200,0.000721237435961,1.95036272229e-05
333300,0.000722057065075,1.9501182483e-05
333400,0.000722877643574,1.94987392847e-05
333500,0.000723699172613,1.94962976265e-05
333600,0.000724521653351,1.94938575073e-05
333700,0.000725345086947,1.94914189259e-05
333800,0.000726169474562,1.9488981881e-05
333900,0.000726994817359,1.94865463714e-05
334000,0.000727821116503,1.94841123959e-05
334100,0.000728648373159,1.94816799532e-05
334200,0.000729476588495,1.94792490422e-05
334300,0.00073030576368,1.94768196615e-05
334400,0.000731135899884,1.94743918101e-05
334500,0.00073196699828,1.94719654866e-05
334600,0.000732799060042,1.94695406898e-05
334700,0.000733632086346,1.94671174186e-05
334800,0.000734466078368,1.94646956717e-05
334900,0.000735301037287,1.9462275448e-05
335000,0.000736136964285,1.94598567461e-05
335100,0.000736973860542,1.9457439565e-05
335200,0.000737811727243,1.94550239033e-05
335300,0.000738650565573,1.94526097599e-05
335400,0.000739490376719,1.94501971337e-05
335500,0.000740331161869,1.94477860233e-05
335600,0.000741172922214,1.94453764276e-05
335700,0.000742015658946,1.94429683454e-05
335800,0.000742859373258,1.94405617755e-05
335900,0.000743704066346,1.94381567168e-05
336000,0.000744549739406,1.94357531679e-05
336100,0.000745396393637,1.94333511278e-05
336200,0.000746244030239,1.94309505953e-05
336300,0.000747092650413,1.94285515691e-05
336400,0.000747942255365,1.94261540481e-05
336500,0.000748792846297,1.9423758031e-05
336600,0.000749644424418,1.94213635168e-05
336700,0.000750496990936,1.94189705042e-05
336800,0.000751350547061,1.94165789921e-05
336900,0.000752205094005,1.94141889793e-05
337000,0.000753060632981,1.94118004646e-05
337100,0.000753917165206,1.94094134468e-05
337200,0.000754774691895,1.94070279248e-05
337300,0.000755633214267,1.94046438974e-05
337400,0.000756492733543,1.94022613635e-05
337500,0.000757353250946,1.93998803218e-05
337600,0.000758214767697,1.93975007712e-05
337700,0.000759077285023,1.93951227106e-05
337800,0.000759940804152,1.93927461387e-05
337900,0.000760805326311,1.93903710545e-05
338000,0.000761670852732,1.93879974568e-05
338100,0.000762537384647,1.93856253444e-05
338200,0.000763404923289,1.93832547161e-05
338300,0.000764273469895,1.93808855709e-05
338400,0.000765143025702,1.93785179076e-05
338500,0.000766013591949,1.93761517249e-05
338600,0.000766885169877,1.93737870219e-05
338700,0.000767757760729,1.93714237973e-05
338800,0.000768631365749,1.93690620499e-05
338900,0.000769505986184,1.93667017788e-05
339000,0.00077038162328,1.93643429826e-05
339100,0.000771258278288,1.93619856603e-05
339200,0.000772135952459,1.93596298107e-05
339300,0.000773014647047,1.93572754328e-05
339400,0.000773894363305,1.93549225253e-05
339500,0.000774775102491,1.93525710872e-05
339600,0.000775656865864,1.93502211172e-05
339700,0.000776539654683,1.93478726144e-05
339800,0.00077742347021,1.93455255775e-05
339900,0.000778308313709,1.93431800055e-05
340000,0.000779194186445,1.93408358972e-05
340100,0.000780081089687,1.93384932515e-05
340200,0.000780969024702,1.93361520672e-05
340300,0.000781857992762,1.93338123433e-05
340400,0.000782747995139,1.93314740787e-05
340500,0.000783639033108,1.93291372722e-05
340600,0.000784531107944,1.93268019227e-05
340700,0.000785424220927,1.93244680291e-05
340800,0.000786318373335,1.93221355903e-05
340900,0.00078721356645,1.93198046053e-05
341000,0.000788109801557,1.93174750728e-05
341100,0.000789007079938,1.93151469918e-05
341200,0.000789905402884,1.93128203611e-05
341300,0.000790804771681,1.93104951798e-05
341400,0.00079170518762,1.93081714466e-05
341500,0.000792606651995,1.93058491606e-05
341600,0.000793509166099,1.93035283205e-05
341700,0.000794412731229,1.93012089253e-05
341800,0.000795317348682,1.9298890974e-05
341900,0.000796223019758,1.92965744653e-05
342000,0.00079712974576,1.92942593983e-05
342100,0.00079803752799,1.92919457719e-05
342200,0.000798946367754,1.92896335849e-05
342300,0.00079985626636,1.92873228362e-05
342400,0.000800767225115,1.92850135249e-05
342500,0.000801679245332,1.92827056497e-05
342600,0.000802592328323,1.92803992097e-05
342700,0.000803506475402,1.92780942038e-05
342800,0.000804421687886,1.92757906308e-05
342900,0.000805337967094,1.92734884898e-05
343000,0.000806255314346,1.92711877795e-05
343100,0.000807173730963,1.92688884991e-05
343200,0.000808093218271,1.92665906473e-05
343300,0.000809013777594,1.92642942232e-05
343400,0.000809935410261,1.92619992256e-05
343500,0.000810858117601,1.92597056535e-05
343600,0.000811781900946,1.92574135059e-05
343700,0.000812706761629,1.92551227816e-05
343800,0.000813632700986,1.92528334797e-05
343900,0.000814559720354,1.9250545599e-05
344000,0.000815487821073,1.92482591385e-05
344100,0.000816417004482,1.92459740971e-05
344200,0.000817347271926,1.92436904739e-05
344300,0.000818278624749,1.92414082677e-05
344400,0.000819211064298,1.92391274775e-05
344500,0.000820144591922,1.92368481022e-05
344600,0.000821079208972,1.92345701409e-05
344700,0.0008220149168,1.92322935924e-05
344800,0.00082295171676,1.92300184557e-05
344900,0.00082388961021,1.92277447298e-05
345000,0.000824828598508,1.92254724136e-05
345100,0.000825768683014,1.92232015061e-05
345200,0.00082670986509,1.92209320063e-05
345300,0.000827652146102,1.92186639131e-05
345400,0.000828595527414,1.92163972254e-05
345500,0.000829540010396,1.92141319424e-05
345600,0.000830485596417,1.92118680628e-05
345700,0.00083143228685,1.92096055858e-05
345800,0.000832380083069,1.92073445103e-05
345900,0.00083332898645,1.92050848351e-05
346000,0.000834278998371,1.92028265595e-05
346100,0.000835230120212,1.92005696822e-05
346200,0.000836182353356,1.91983142023e-05
346300,0.000837135699185,1.91960601187e-05
346400,0.000838090159087,1.91938074305e-05
346500,0.00083904573445,1.91915561366e-05
346600,0.000840002426662,1.91893062361e-05
346700,0.000840960237118,1.91870577278e-05
346800,0.000841919167209,1.91848106108e-05
346900,0.000842879218334,1.91825648841e-05
347000,0.000843840391889,1.91803205467e-05
347100,0.000844802689274,1.91780775976e-05
347200,0.000845766111893,1.91758360357e-05
347300,0.000846730661149,1.917359586e-05
347400,0.000847696338448,1.91713570696e-05
347500,0.000848663145198,1.91691196635e-05
347600,0.000849631082811,1.91668836406e-05
347700,0.000850600152697,1.9164649e-05
347800,0.000851570356272,1.91624157407e-05
347900,0.000852541694951,1.91601838616e-05
348000,0.000853514170154,1.91579533618e-05
348100,0.000854487783301,1.91557242403e-05
348200,0.000855462535814,1.91534964961e-05
348300,0.000856438429118,1.91512701282e-05
348400,0.00085741546464,1.91490451357e-05
348500,0.000858393643808,1.91468215174e-05
348600,0.000859372968054,1.91445992725e-05
348700,0.000860353438811,1.91423784001e-05
348800,0.000861335057512,1.9140158899e-05
348900,0.000862317825596,1.91379407683e-05
349000,0.000863301744502,1.9135724007e-05
349100,0.000864286815671,1.91335086143e-05
349200,0.000865273040546,1.9131294589e-05
349300,0.000866260420573,1.91290819302e-05
349400,0.0008672489572,1.9126870637e-05
349500,0.000868238651876,1.91246607084e-05
349600,0.000869229506053,1.91224521434e-05
349700,0.000870221521185,1.9120244941e-05
349800,0.000871214698729,1.91180391003e-05
349900,0.000872209040142,1.91158346203e-05
350000,0.000873204546885,1.91136315001e-05
350100,0.00087420122042,1.91114297387e-05
350200,0.000875199062212,1.91092293351e-05
350300,0.000876198073728,1.91070302885e-05
350400,0.000877198256437,1.91048325977e-05
350500,0.000878199611809,1.91026362619e-05
350600,0.000879202141319,1.91004412802e-05
350700,0.000880205846441,1.90982476515e-05
350800,0.000881210728652,1.90960553749e-05
350900,0.000882216789434,1.90938644495e-05
351000,0.000883224030267,1.90916748744e-05
351100,0.000884232452636,1.90894866485e-05
351200,0.000885242058027,1.9087299771e-05
351300,0.000886252847928,1.90851142408e-05
351400,0.00088726482383,1.90829300572e-05
351500,0.000888277987226,1.9080747219e-05
351600,0.000889292339612,1.90785657254e-05
351700,0.000890307882483,1.90763855755e-05
351800,0.00089132461734,1.90742067683e-05
351900,0.000892342545684,1.90720293029e-05
352000,0.00089336166902,1.90698531784e-05
352100,0.000894381988853,1.90676783937e-05
352200,0.000895403506691,1.90655049481e-05
352300,0.000896426224045,1.90633328405e-05
352400,0.000897450142429,1.90611620701e-05
352500,0.000898475263356,1.90589926359e-05
352600,0.000899501588344,1.90568245369e-05
352700,0.000900529118914,1.90546577724e-05
352800,0.000901557856585,1.90524923413e-05
352900,0.000902587802883,1.90503282428e-05
353000,0.000903618959334,1.90481654759e-05
353100,0.000904651327466,1.90460040397e-05
353200,0.00090568490881,1.90438439333e-05
353300,0.000906719704898,1.90416851558e-05
353400,0.000907755717268,1.90395277063e-05
353500,0.000908792947455,1.90373715838e-05
353600,0.000909831397,1.90352167876e-05
353700,0.000910871067445,1.90330633165e-05
353800,0.000911911960335,1.90309111698e-05
353900,0.000912954077216,1.90287603466e-05
354000,0.000913997419638,1.90266108459e-05
354100,0.000915041989151,1.90244626669e-05
354200,0.00091608778731,1.90223158086e-05
354300,0.00091713481567,1.90201702702e-05
354400,0.000918183075791,1.90180260507e-05
354500,0.000919232569232,1.90158831494e-05
354600,0.000920283297556,1.90137415651e-05
354700,0.000921335262329,1.90116012972e-05
354800,0.000922388465119,1.90094623447e-05
354900,0.000923442907494,1.90073247067e-05
355000,0.000924498591029,1.90051883823e-05
355100,0.000925555517298,1.90030533706e-05
355200,0.000926613687876,1.90009196708e-05
355300,0.000927673104345,1.8998787282e-05
355400,0.000928733768286,1.89966562032e-05
355500,0.000929795681282,1.89945264337e-05
355600,0.000930858844922,1.89923979725e-05
355700,0.000931923260792,1.89902708188e-05
355800,0.000932988930485,1.89881449717e-05
355900,0.000934055855594,1.89860204302e-05
356000,0.000935124037716,1.89838971937e-05
356100,0.000936193478448,1.89817752611e-05
356200,0.000937264179392,1.89796546316e-05
356300,0.000938336142151,1.89775353043e-05
356400,0.000939409368331,1.89754172784e-05
356500,0.00094048385954,1.8973300553e-05
356600,0.000941559617388,1.89711851273e-05
356700,0.000942636643487,1.89690710003e-05
356800,0.000943714939455,1.89669581713e-05
356900,0.000944794506908,1.89648466393e-05
357000,0.000945875347467,1.89627364036e-05
357100,0.000946957462754,1.89606274632e-05
357200,0.000948040854395,1.89585198173e-05
357300,0.000949125524017,1.89564134651e-05
357400,0.000950211473251,1.89543084056e-05
357500,0.000951298703728,1.89522046381e-05
357600,0.000952387217084,1.89501021617e-05
357700,0.000953477014955,1.89480009755e-05
357800,0.000954568098984,1.89459010788e-05
357900,0.000955660470811,1.89438024706e-05
358000,0.000956754132081,1.89417051502e-05
358100,0.000957849084443,1.89396091166e-05
358200,0.000958945329545,1.89375143691e-05
358300,0.000960042869041,1.89354209067e-05
358400,0.000961141704586,1.89333287288e-05
358500,0.000962241837835,1.89312378343e-05
358600,0.000963343270451,1.89291482226e-05
358700,0.000964446004095,1.89270598928e-05
358800,0.000965550040432,1.89249728439e-05
358900,0.00096665538113,1.89228870753e-05
359000,0.000967762027859,1.89208025861e-05
359100,0.000968869982291,1.89187193754e-05
359200,0.000969979246103,1.89166374424e-05
359300,0.00097108982097,1.89145567864e-05
359400,0.000972201708575,1.89124774064e-05
359500,0.000973314910598,1.89103993017e-05
359600,0.000974429428727,1.89083224714e-05
359700,0.00097554526465,1.89062469148e-05
359800,0.000976662420055,1.89041726309e-05
359900,0.000977780896638,1.89020996191e-05
360000,0.000978900696093,1.89000278784e-05
360100,0.000980021820119,1.88979574081e-05
360200,0.000981144270418,1.88958882074e-05
360300,0.000982268048691,1.88938202754e-05
360400,0.000983393156646,1.88917536113e-05
360500,0.000984519595992,1.88896882144e-05
360600,0.00098564736844,1.88876240838e-05
360700,0.000986776475704,1.88855612187e-05
360800,0.0009879069195,1.88834996184e-05
360900,0.000989038701548,1.8881439282e-05
361000,0.00099017182357,1.88793802087e-05
361100,0.00099130628729,1.88773223977e-05
361200,0.000992442094437,1.88752658482e-05
361300,0.000993579246739,1.88732105595e-05
361400,0.000994717745929,1.88711565307e-05
361500,0.000995857593742,1.88691037611e-05
361600,0.000996998791917,1.88670522498e-05
361700,0.000998141342195,1.88650019961e-05
361800,0.000999285246317,1.88629529992e-05
361900,0.00100043050603,1.88609052583e-05
362000,0.00100157712308,1.88588587726e-05
362100,0.00100272509923,1.88568135413e-05
362200,0.00100387443622,1.88547695636e-05
362300,0.00100502513581,1.88527268388e-05
362400,0.00100617719977,1.88506853661e-05
362500,0.00100733062984,1.88486451447e-05
362600,0.00100848542781,1.88466061738e-05
362700,0.00100964159544,1.88445684527e-05
362800,0.00101079913449,1.88425319805e-05
362900,0.00101195804674,1.88404967565e-05
363000,0.00101311833397,1.883846278e-05
363100,0.00101427999795,1.88364300502e-05
363200,0.00101544304047,1.88343985662e-05
363300,0.00101660746331,1.88323683274e-05
363400,0.00101777326825,1.88303393329e-05
363500,0.0010189404571,1.8828311582e-05
363600,0.00102010903163,1.8826285074e-05
363700,0.00102127899366,1.88242598081e-05
363800,0.00102245034496,1.88222357834e-05
363900,0.00102362308735,1.88202129993e-05
364000,0.00102479722262,1.8818191455e-05
364100,0.0010259727526,1.88161711498e-05
364200,0.00102714967907,1.88141520829e-05
364300,0.00102832800387,1.88121342535e-05
364400,0.00102950772879,1.88101176608e-05
364500,0.00103068885566,1.88081023042e-05
364600,0.00103187138631,1.88060881829e-05
364700,0.00103305532255,1.88040752962e-05
364800,0.0010342406662,1.88020636432e-05
364900,0.00103542741911,1.88000532233e-05
365000,0.0010366155831,1.87980440357e-05
365100,0.00103780516001,1.87960360796e-05
365200,0.00103899615167,1.87940293544e-05
365300,0.00104018855993,1.87920238593e-05
365400,0.00104138238663,1.87900195935e-05
365500,0.00104257763361,1.87880165563e-05
365600,0.00104377430273,1.8786014747e-05
365700,0.00104497239583,1.87840141648e-05
365800,0.00104617191478,1.87820148091e-05
365900,0.00104737286144,1.8780016679e-05
366000,0.00104857523765,1.87780197739e-05
366100,0.00104977904529,1.8776024093e-05
366200,0.00105098428623,1.87740296356e-05
366300,0.00105219096232,1.87720364009e-05
366400,0.00105339907546,1.87700443884e-05
366500,0.00105460862751,1.87680535971e-05
366600,0.00105581962035,1.87660640264e-05
366700,0.00105703205586,1.87640756757e-05
366800,0.00105824593593,1.87620885441e-05
366900,0.00105946126245,1.87601026309e-05
367000,0.00106067803731,1.87581179355e-05
367100,0.00106189626239,1.87561344571e-05
367200,0.0010631159396,1.8754152195e-05
367300,0.00106433707084,1.87521711485e-05
367400,0.00106555965802,1.87501913168e-05
367500,0.00106678370302,1.87482126994e-05
367600,0.00106800920777,1.87462352954e-05
367700,0.00106923617418,1.87442591042e-05
367800,0.00107046460416,1.87422841251e-05
367900,0.00107169449963,1.87403103573e-05
368000,0.00107292586251,1.87383378001e-05
368100,0.00107415869472,1.87363664529e-05
368200,0.0010753929982,1.8734396315e-05
368300,0.00107662877486,1.87324273856e-05
368400,0.00107786602666,1.87304596641e-05
368500,0.00107910475551,1.87284931497e-05
368600,0.00108034496337,1.87265278418e-05
368700,0.00108158665217,1.87245637397e-05
368800,0.00108282982386,1.87226008427e-05
368900,0.00108407448038,1.87206391501e-05
369000,0.0010853206237,1.87186786612e-05
369100,0.00108656825576,1.87167193753e-05
369200,0.00108781737853,1.87147612918e-05
369300,0.00108906799396,1.87128044099e-05
369400,0.00109032010402,1.87108487289e-05
369500,0.00109157371067,1.87088942483e-05
369600,0.0010928288159,1.87069409673e-05
369700,0.00109408542166,1.87049888852e-05
369800,0.00109534352994,1.87030380014e-05
369900,0.00109660314272,1.87010883151e-05
370000,0.00109786426199,1.86991398257e-05
370100,0.00109912688972,1.86971925326e-05
370200,0.00110039102791,1.8695246435e-05
370300,0.00110165667855,1.86933015324e-05
370400,0.00110292384363,1.86913578239e-05
370500,0.00110419252517,1.8689415309e-05
370600,0.00110546272515,1.8687473987e-05
370700,0.00110673444559,1.86855338572e-05
370800,0.0011080076885,1.86835949189e-05
370900,0.00110928245588,1.86816571715e-05
371000,0.00111055874976,1.86797206144e-05
371100,0.00111183657214,1.86777852469e-05
371200,0.00111311592506,1.86758510682e-05
371300,0.00111439681054,1.86739180778e-05
371400,0.00111567923061,1.86719862751e-05
371500,0.00111696318729,1.86700556592e-05
371600,0.00111824868264,1.86681262297e-05
371700,0.00111953571867,1.86661979858e-05
371800,0.00112082429744,1.86642709269e-05
371900,0.001122114421,1.86623450523e-05
372000,0.00112340609138,1.86604203615e-05
372100,0.00112469931064,1.86584968537e-05
372200,0.00112599408084,1.86565745282e-05
372300,0.00112729040404,1.86546533846e-05
372400,0.00112858828229,1.86527334221e-05
372500,0.00112988771766,1.865081464e-05
372600,0.00113118871223,1.86488970378e-05
372700,0.00113249126805,1.86469806148e-05
372800,0.00113379538722,1.86450653704e-05
372900,0.0011351010718,1.86431513038e-05
373000,0.00113640832388,1.86412384146e-05
373100,0.00113771714555,1.86393267021e-05
373200,0.00113902753889,1.86374161655e-05
373300,0.00114033950599,1.86355068044e-05
373400,0.00114165304896,1.8633598618e-05
373500,0.00114296816989,1.86316916058e-05
373600,0.00114428487088,1.86297857671e-05
373700,0.00114560315404,1.86278811013e-05
373800,0.00114692302149,1.86259776078e-05
373900,0.00114824447532,1.86240752859e-05
374000,0.00114956751766,1.86221741351e-05
374100,0.00115089215063,1.86202741546e-05
374200,0.00115221837636,1.8618375344e-05
374300,0.00115354619696,1.86164777025e-05
374400,0.00115487561457,1.86145812296e-05
374500,0.00115620663133,1.86126859246e-05
374600,0.00115753924937,1.86107917869e-05
374700,0.00115887347083,1.8608898816e-05
374800,0.00116020929785,1.86070070112e-05
374900,0.00116154673259,1.86051163718e-05
375000,0.0011628857772,1.86032268974e-05
375100,0.00116422643383,1.86013385873e-05
375200,0.00116556870464,1.85994514408e-05
375300,0.00116691259179,1.85975654575e-05
375400,0.00116825809745,1.85956806366e-05
375500,0.00116960522379,1.85937969775e-05
375600,0.00117095397298,1.85919144798e-05
375700,0.0011723043472,1.85900331427e-05
375800,0.00117365634862,1.85881529658e-05
375900,0.00117500997944,1.85862739483e-05
376000,0.00117636524183,1.85843960897e-05
376100,0.001177722138,1.85825193894e-05
376200,0.00117908067013,1.85806438468e-05
376300,0.00118044084042,1.85787694613e-05
376400,0.00118180265108,1.85768962324e-05
376500,0.00118316610431,1.85750241594e-05
376600,0.00118453120232,1.85731532418e-05
376700,0.00118589794733,1.85712834789e-05
376800,0.00118726634154,1.85694148702e-05
376900,0.00118863638719,1.85675474152e-05
377000,0.00119000808649,1.85656811131e-05
377100,0.00119138144168,1.85638159635e-05
377200,0.00119275645498,1.85619519658e-05
377300,0.00119413312862,1.85600891194e-05
377400,0.00119551146486,1.85582274237e-05
377500,0.00119689146593,1.85563668781e-05
377600,0.00119827313408,1.85545074821e-05
377700,0.00119965647156,1.85526492351e-05
377800,0.00120104148062,1.85507921365e-05
377900,0.00120242816352,1.85489361858e-05
378000,0.00120381652252,1.85470813824e-05
378100,0.00120520655989,1.85452277257e-05
378200,0.00120659827789,1.85433752151e-05
378300,0.00120799167881,1.85415238502e-05
378400,0.00120938676492,1.85396736303e-05
378500,0.00121078353849,1.85378245549e-05
378600,0.00121218200181,1.85359766234e-05
378700,0.00121358215718,1.85341298352e-05
378800,0.00121498400687,1.85322841899e-05
378900,0.0012163875532,1.85304396867e-05
379000,0.00121779279845,1.85285963253e-05
379100,0.00121919974494,1.8526754105e-05
379200,0.00122060839497,1.85249130253e-05
379300,0.00122201875085,1.85230730857e-05
379400,0.0012234308149,1.85212342855e-05
379500,0.00122484458944,1.85193966243e-05
379600,0.00122626007679,1.85175601014e-05
379700,0.00122767727927,1.85157247164e-05
379800,0.00122909619923,1.85138904687e-05
379900,0.00123051683899,1.85120573578e-05
380000,0.00123193920089,1.85102253831e-05
380100,0.00123336328728,1.8508394544e-05
380200,0.00123478910051,1.85065648401e-05
380300,0.00123621664292,1.85047362709e-05
380400,0.00123764591687,1.85029088356e-05
380500,0.00123907692472,1.8501082534e-05
380600,0.00124050966884,1.84992573653e-05
380700,0.00124194415158,1.84974333291e-05
380800,0.00124338037533,1.84956104248e-05
380900,0.00124481834245,1.84937886519e-05
381000,0.00124625805533,1.84919680099e-05
381100,0.00124769951634,1.84901484983e-05
381200,0.00124914272789,1.84883301165e-05
381300,0.00125058769235,1.8486512864e-05
381400,0.00125203441212,1.84846967403e-05
381500,0.00125348288961,1.84828817449e-05
381600,0.00125493312721,1.84810678772e-05
381700,0.00125638512735,1.84792551367e-05
381800,0.00125783889241,1.84774435229e-05
381900,0.00125929442483,1.84756330353e-05
382000,0.00126075172703,1.84738236734e-05
382100,0.00126221080142,1.84720154367e-05
382200,0.00126367165044,1.84702083246e-05
382300,0.00126513427652,1.84684023366e-05
382400,0.00126659868209,1.84665974723e-05
382500,0.0012680648696,1.84647937311e-05
382600,0.0012695328415,1.84629911125e-05
382700,0.00127100260023,1.8461189616e-05
382800,0.00127247414824,1.84593892411e-05
382900,0.001273947488,1.84575899873e-05
383000,0.00127542262196,1.84557918541e-05
383100,0.0012768995526,1.84539948411e-05
383200,0.00127837828238,1.84521989476e-05
383300,0.00127985881378,1.84504041732e-05
383400,0.00128134114928,1.84486105174e-05
383500,0.00128282529136,1.84468179798e-05
383600,0.00128431124251,1.84450265598e-05
383700,0.00128579900523,1.84432362568e-05
383800,0.001287288582,1.84414470706e-05
383900,0.00128877997533,1.84396590004e-05
384000,0.00129027318772,1.84378720459e-05
384100,0.00129176822169,1.84360862066e-05
384200,0.00129326507975,1.8434301482e-05
384300,0.00129476376441,1.84325178716e-05
384400,0.0012962642782,1.84307353749e-05
384500,0.00129776662365,1.84289539914e-05
384600,0.00129927080328,1.84271737207e-05
384700,0.00130077681964,1.84253945622e-05
384800,0.00130228467526,1.84236165156e-05
384900,0.00130379437269,1.84218395802e-05
385000,0.00130530591447,1.84200637557e-05
385100,0.00130681930317,1.84182890416e-05
385200,0.00130833454133,1.84165154374e-05
385300,0.00130985163153,1.84147429426e-05
385400,0.00131137057632,1.84129715567e-05
385500,0.00131289137828,1.84112012794e-05
385600,0.00131441403999,1.840943211e-05
385700,0.00131593856403,1.84076640482e-05
385800,0.00131746495297,1.84058970935e-05
385900,0.00131899320942,1.84041312455e-05
386000,0.00132052333596,1.84023665035e-05
386100,0.00132205533519,1.84006028673e-05
386200,0.00132358920972,1.83988403364e-05
386300,0.00132512496215,1.83970789102e-05
386400,0.0013266625951,1.83953185883e-05
386500,0.00132820211118,1.83935593703e-05
386600,0.00132974351301,1.83918012557e-05
386700,0.00133128680323,1.83900442441e-05
386800,0.00133283198446,1.8388288335e-05
386900,0.00133437905933,1.83865335279e-05
387000,0.00133592803049,1.83847798225e-05
387100,0.00133747890058,1.83830272182e-05
387200,0.00133903167226,1.83812757147e-05
387300,0.00134058634816,1.83795253114e-05
387400,0.00134214293097,1.83777760079e-05
387500,0.00134370142333,1.83760278039e-05
387600,0.00134526182791,1.83742806987e-05
387700,0.00134682414739,1.83725346921e-05
387800,0.00134838838445,1.83707897835e-05
387900,0.00134995454177,1.83690459726e-05
388000,0.00135152262203,1.83673032589e-05
388100,0.00135309262792,1.83655616419e-05
388200,0.00135466456216,1.83638211212e-05
388300,0.00135623842742,1.83620816964e-05
388400,0.00135781422643,1.83603433671e-05
388500,0.00135939196189,1.83586061328e-05
388600,0.00136097163652,1.83568699931e-05
388700,0.00136255325304,1.83551349476e-05
388800,0.00136413681417,1.83534009959e-05
388900,0.00136572232265,1.83516681374e-05
389000,0.00136730978121,1.83499363719e-05
389100,0.00136889919259,1.83482056989e-05
389200,0.00137049055953,1.83464761179e-05
389300,0.0013720838848,1.83447476285e-05
389400,0.00137367917113,1.83430202304e-05
389500,0.00137527642129,1.83412939231e-05
389600,0.00137687563805,1.83395687061e-05
389700,0.00137847682417,1.83378445792e-05
389800,0.00138007998243,1.83361215418e-05
389900,0.00138168511561,1.83343995935e-05
390000,0.0013832922265,1.8332678734e-05
390100,0.00138490131787,1.83309589629e-05
390200,0.00138651239254,1.83292402797e-05
390300,0.0013881254533,1.8327522684e-05
390400,0.00138974050294,1.83258061754e-05
390500,0.00139135754429,1.83240907535e-05
390600,0.00139297658016,1.83223764179e-05
390700,0.00139459761336,1.83206631683e-05
390800,0.00139622064673,1.83189510041e-05
390900,0.00139784568309,1.83172399251e-05
391000,0.00139947272528,1.83155299308e-05
391100,0.00140110177613,1.83138210208e-05
391200,0.0014027328385,1.83121131947e-05
391300,0.00140436591523,1.83104064522e-05
391400,0.00140600100918,1.83087007928e-05
391500,0.00140763812321,1.83069962161e-05
391600,0.00140927726018,1.83052927218e-05
391700,0.00141091842298,1.83035903095e-05
391800,0.00141256161446,1.83018889788e-05
391900,0.00141420683753,1.83001887293e-05
392000,0.00141585409505,1.82984895606e-05
392100,0.00141750338994,1.82967914724e-05
392200,0.00141915472507,1.82950944642e-05
392300,0.00142080810336,1.82933985356e-05
392400,0.00142246352771,1.82917036864e-05
392500,0.00142412100104,1.82900099161e-05
392600,0.00142578052626,1.82883172243e-05
392700,0.0014274421063,1.82866256107e-05
392800,0.00142910574409,1.82849350749e-05
392900,0.00143077144256,1.82832456166e-05
393000,0.00143243920465,1.82815572353e-05
393100,0.00143410903331,1.82798699306e-05
393200,0.00143578093149,1.82781837023e-05
393300,0.00143745490214,1.82764985499e-05
393400,0.00143913094823,1.82748144732e-05
393500,0.00144080907272,1.82731314716e-05
393600,0.00144248927859,1.82714495449e-05
393700,0.00144417156881,1.82697686927e-05
393800,0.00144585594636,1.82680889146e-05
393900,0.00144754241424,1.82664102103e-05
394000,0.00144923097544,1.82647325794e-05
394100,0.00145092163295,1.82630560216e-05
394200,0.00145261438979,1.82613805365e-05
394300,0.00145430924897,1.82597061237e-05
394400,0.00145600621349,1.8258032783e-05
394500,0.00145770528639,1.82563605139e-05
394600,0.00145940647068,1.82546893161e-05
394700,0.00146110976941,1.82530191892e-05
394800,0.00146281518561,1.8251350133e-05
394900,0.00146452272233,1.8249682147e-05
395000,0.00146623238261,1.82480152309e-05
395100,0.00146794416951,1.82463493844e-05
395200,0.00146965808609,1.82446846072e-05
395300,0.00147137413542,1.82430208988e-05
395400,0.00147309232057,1.8241358259e-05
395500,0.00147481264462,1.82396966874e-05
395600,0.00147653511066,1.82380361836e-05
395700,0.00147825972176,1.82363767474e-05
395800,0.00147998648103,1.82347183785e-05
395900,0.00148171539158,1.82330610763e-05
396000,0.00148344645649,1.82314048408e-05
396100,0.00148517967889,1.82297496714e-05
396200,0.0014869150619,1.82280955679e-05
396300,0.00148865260864,1.822644253e-05
396400,0.00149039232224,1.82247905573e-05
396500,0.00149213420584,1.82231396496e-05
396600,0.00149387826257,1.82214898064e-05
396700,0.00149562449559,1.82198410274e-05
396800,0.00149737290804,1.82181933124e-05
396900,0.00149912350309,1.82165466611e-05
397000,0.00150087628391,1.8214901073e-05
397100,0.00150263125366,1.82132565479e-05
397200,0.00150438841552,1.82116130855e-05
397300,0.00150614777267,1.82099706854e-05
397400,0.0015079093283,1.82083293474e-05
397500,0.00150967308561,1.82066890711e-05
397600,0.0015114390478,1.82050498562e-05
397700,0.00151320721807,1.82034117025e-05
397800,0.00151497759964,1.82017746095e-05
397900,0.00151675019573,1.8200138577e-05
398000,0.00151852500955,1.81985036048e-05
398100,0.00152030204435,1.81968696924e-05
398200,0.00152208130336,1.81952368396e-05
398300,0.00152386278982,1.81936050461e-05
398400,0.00152564650698,1.81919743115e-05
398500,0.0015274324581,1.81903446357e-05
398600,0.00152922064644,1.81887160182e-05
398700,0.00153101107526,1.81870884589e-05
398800,0.00153280374784,1.81854619573e-05
398900,0.00153459866747,1.81838365133e-05
399000,0.00153639583742,1.81822121264e-05
399100,0.00153819526098,1.81805887965e-05
399200,0.00153999694147,1.81789665232e-05
399300,0.00154180088218,1.81773453063e-05
399400,0.00154360708642,1.81757251454e-05
399500,0.00154541555751,1.81741060403e-05
399600,0.00154722629877,1.81724879907e-05
399700,0.00154903931354,1.81708709963e-05
399800,0.00155085460515,1.81692550568e-05
399900,0.00155267217694,1.8167640172e-05
400000,0.00155449203227,1.81660263415e-05
400100,0.00155631417448,1.81644135651e-05
400200,0.00155813860694,1.81628018426e-05
400300,0.00155996533302,1.81611911735e-05
400400,0.0015617943561,1.81595815578e-05
400500,0.00156362567954,1.8157972995e-05
400600,0.00156545930675,1.8156365485e-05
400700,0.00156729524111,1.81547590274e-05
400800,0.00156913348603,1.8153153622e-05
400900,0.00157097404491,1.81515492685e-05
401000,0.00157281692116,1.81499459667e-05
401100,0.00157466211821,1.81483437162e-05
401200,0.00157650963948,1.81467425169e-05
401300,0.00157835948841,1.81451423684e-05
401400,0.00158021166843,1.81435432706e-05
401500,0.00158206618299,1.81419452231e-05
401600,0.00158392303555,1.81403482257e-05
401700,0.00158578222956,1.81387522781e-05
401800,0.00158764376849,1.81371573801e-05
401900,0.00158950765581,1.81355635314e-05
402000,0.001591373895,1.81339707317e-05
402100,0.00159324248955,1.81323789809e-05
402200,0.00159511344295,1.81307882787e-05
402300,0.00159698675869,1.81291986248e-05
402400,0.0015988624403,1.8127610019e-05
402500,0.00160074049127,1.8126022461e-05
402600,0.00160262091514,1.81244359505e-05
402700,0.00160450371542,1.81228504875e-05
402800,0.00160638889565,1.81212660715e-05
402900,0.00160827645936,1.81196827023e-05
403000,0.00161016641012,1.81181003798e-05
403100,0.00161205875146,1.81165191037e-05
403200,0.00161395348696,1.81149388737e-05
403300,0.00161585062018,1.81133596897e-05
403400,0.00161775015469,1.81117815513e-05
403500,0.00161965209407,1.81102044583e-05
403600,0.00162155644192,1.81086284106e-05
403700,0.00162346320183,1.81070534079e-05
403800,0.0016253723774,1.81054794499e-05
403900,0.00162728397224,1.81039065364e-05
404000,0.00162919798997,1.81023346672e-05
404100,0.00163111443421,1.81007638422e-05
404200,0.00163303330859,1.80991940609e-05
404300,0.00163495461676,1.80976253233e-05
404400,0.00163687836234,1.80960576291e-05
404500,0.00163880454901,1.80944909781e-05
404600,0.0016407331804,1.80929253701e-05
404700,0.0016426642602,1.80913608049e-05
404800,0.00164459779208,1.80897972821e-05
404900,0.00164653377971,1.80882348018e-05
405000,0.00164847222678,1.80866733635e-05
405100,0.00165041313699,1.80851129671e-05
405200,0.00165235651404,1.80835536125e-05
405300,0.00165430236164,1.80819952993e-05
405400,0.00165625068351,1.80804380274e-05
405500,0.00165820148336,1.80788817966e-05
405600,0.00166015476494,1.80773266066e-05
405700,0.00166211053198,1.80757724573e-05
405800,0.00166406878822,1.80742193485e-05
405900,0.00166602953742,1.80726672799e-05
406000,0.00166799278334,1.80711162514e-05
406100,0.00166995852974,1.80695662628e-05
406200,0.00167192678041,1.80680173138e-05
406300,0.00167389753913,1.80664694043e-05
406400,0.00167587080968,1.80649225341e-05
406500,0.00167784659586,1.8063376703e-05
406600,0.00167982490149,1.80618319108e-05
406700,0.00168180573036,1.80602881573e-05
406800,0.00168378908631,1.80587454423e-05
406900,0.00168577497316,1.80572037656e-05
407000,0.00168776339475,1.80556631271e-05
407100,0.00168975435491,1.80541235265e-05
407200,0.0016917478575,1.80525849638e-05
407300,0.00169374390638,1.80510474386e-05
407400,0.00169574250542,1.80495109508e-05
407500,0.00169774365848,1.80479755003e-05
407600,0.00169974736945,1.80464410868e-05
407700,0.00170175364222,1.80449077102e-05
407800,0.00170376248068,1.80433753703e-05
407900,0.00170577388874,1.8041844067e-05
408000,0.00170778787031,1.80403138e-05
408100,0.00170980442932,1.80387845691e-05
408200,0.00171182356968,1.80372563744e-05
408300,0.00171384529534,1.80357292154e-05
408400,0.00171586961023,1.80342030921e-05
408500,0.00171789651832,1.80326780044e-05
408600,0.00171992602355,1.8031153952e-05
408700,0.0017219581299,1.80296309348e-05
408800,0.00172399284134,1.80281089526e-05
408900,0.00172603016185,1.80265880053e-05
409000,0.00172807009543,1.80250680927e-05
409100,0.00173011264608,1.80235492146e-05
409200,0.00173215781779,1.8022031371e-05
409300,0.00173420561459,1.80205145615e-05
409400,0.0017362560405,1.80189987862e-05
409500,0.00173830909955,1.80174840448e-05
409600,0.00174036479578,1.80159703371e-05
409700,0.00174242313323,1.80144576631e-05
409800,0.00174448411597,1.80129460226e-05
409900,0.00174654774805,1.80114354154e-05
410000,0.00174861403355,1.80099258414e-05
410100,0.00175068297655,1.80084173004e-05
410200,0.00175275458113,1.80069097923e-05
410300,0.00175482885139,1.8005403317e-05
410400,0.00175690579144,1.80038978743e-05
410500,0.00175898540539,1.80023934641e-05
410600,0.00176106769737,1.80008900862e-05
410700,0.00176315267149,1.79993877406e-05
410800,0.0017652403319,1.7997886427e-05
410900,0.00176733068274,1.79963861453e-05
411000,0.00176942372817,1.79948868954e-05
411100,0.00177151947236,1.79933886772e-05
411200,0.00177361791946,1.79918914906e-05
411300,0.00177571907368,1.79903953353e-05
411400,0.00177782293918,1.79889002113e-05
411500,0.00177992952017,1.79874061185e-05
411600,0.00178203882085,1.79859130568e-05
411700,0.00178415084545,1.79844210259e-05
411800,0.00178626559817,1.79829300258e-05
411900,0.00178838308326,1.79814400564e-05
412000,0.00179050330494,1.79799511176e-05
412100,0.00179262626748,1.79784632092e-05
412200,0.00179475197512,1.79769763311e-05
412300,0.00179688043213,1.79754904832e-05
412400,0.00179901164279,1.79740056653e-05
412500,0.00180114561138,1.79725218775e-05
412600,0.00180328234219,1.79710391195e-05
412700,0.00180542183952,1.79695573913e-05
412800,0.00180756410768,1.79680766927e-05
412900,0.00180970915099,1.79665970237e-05
413000,0.00181185697378,1.7965118384e-05
413100,0.00181400758037,1.79636407738e-05
413200,0.00181616097513,1.79621641927e-05
413300,0.00181831716239,1.79606886407e-05
413400,0.00182047614652,1.79592141178e-05
413500,0.0018226379319,1.79577406238e-05
413600,0.0018248025229,1.79562681587e-05
413700,0.00182696992391,1.79547967222e-05
413800,0.00182914013933,1.79533263144e-05
413900,0.00183131317357,1.79518569351e-05
414000,0.00183348903105,1.79503885843e-05
414100,0.00183566771618,1.79489212619e-05
414200,0.00183784923342,1.79474549677e-05
414300,0.00184003358718,1.79459897016e-05
414400,0.00184222078195,1.79445254637e-05
414500,0.00184441082216,1.79430622538e-05
414600,0.0018466037123,1.79416000718e-05
414700,0.00184879945684,1.79401389176e-05
414800,0.00185099806028,1.79386787912e-05
414900,0.00185319952711,1.79372196925e-05
415000,0.00185540386184,1.79357616214e-05
415100,0.001857611069,1.79343045777e-05
415200,0.0018598211531,1.79328485616e-05
415300,0.00186203411868,1.79313935728e-05
415400,0.00186424997029,1.79299396113e-05
415500,0.00186646871248,1.7928486677e-05
415600,0.00186869034982,1.79270347699e-05
415700,0.00187091488689,1.79255838898e-05
415800,0.00187314232826,1.79241340368e-05
415900,0.00187537267852,1.79226852107e-05
416000,0.00187760594229,1.79212374115e-05
416100,0.00187984212417,1.79197906391e-05
416200,0.00188208122878,1.79183448935e-05
416300,0.00188432326076,1.79169001745e-05
416400,0.00188656822475,1.79154564822e-05
416500,0.00188881612539,1.79140138165e-05
416600,0.00189106696736,1.79125721773e-05
416700,0.0018933207553,1.79111315645e-05
416800,0.00189557749392,1.79096919782e-05
416900,0.00189783718789,1.79082534182e-05
417000,0.00190009984192,1.79068158845e-05
417100,0.00190236546071,1.7905379377e-05
417200,0.00190463404899,1.79039438957e-05
417300,0.00190690561148,1.79025094406e-05
417400,0.00190918015292,1.79010760116e-05
417500,0.00191145767806,1.78996436087e-05
417600,0.00191373819165,1.78982122318e-05
417700,0.00191602169848,1.78967818808e-05
417800,0.00191830820331,1.78953525558e-05
417900,0.00192059771093,1.78939242567e-05
418000,0.00192289022614,1.78924969834e-05
418100,0.00192518575376,1.78910707359e-05
418200,0.00192748429859,1.78896455142e-05
418300,0.00192978586547,1.78882213182e-05
418400,0.00193209045924,1.7886798148e-05
418500,0.00193439808475,1.78853760034e-05
418600,0.00193670874685,1.78839548845e-05
418700,0.00193902245041,1.78825347912e-05
418800,0.00194133920032,1.78811157235e-05
418900,0.00194365900147,1.78796976813e-05
419000,0.00194598185875,1.78782806647e-05
419100,0.00194830777707,1.78768646736e-05
419200,0.00195063676136,1.7875449708e-05
419300,0.00195296881656,1.78740357678e-05
419400,0.00195530394759,1.78726228531e-05
419500,0.00195764215941,1.78712109639e-05
419600,0.00195998345699,1.78698001e-05
419700,0.0019623278453,1.78683902615e-05
419800,0.00196467532932,1.78669814485e-05
419900,0.00196702591405,1.78655736607e-05
420000,0.00196937960449,1.78641668984e-05
420100,0.00197173640565,1.78627611614e-05
420200,0.00197409632257,1.78613564497e-05
420300,0.00197645936029,1.78599527633e-05
420400,0.00197882552383,1.78585501023e-05
420500,0.00198119481828,1.78571484666e-05
420600,0.00198356724869,1.78557478562e-05
420700,0.00198594282015,1.7854348271e-05
420800,0.00198832153774,1.78529497112e-05
420900,0.00199070340657,1.78515521768e-05
421000,0.00199308843175,1.78501556676e-05
421100,0.0019954766184,1.78487601837e-05
421200,0.00199786797166,1.78473657251e-05
421300,0.00200026249667,1.78459722919e-05
421400,0.00200266019858,1.7844579884e-05
421500,0.00200506108257,1.78431885014e-05
421600,0.00200746515382,1.78417981441e-05
421700,0.0020098724175,1.78404088122e-05
421800,0.00201228287883,1.78390205057e-05
421900,0.00201469654301,1.78376332246e-05
422000,0.00201711341527,1.78362469688e-05
422100,0.00201953350084,1.78348617384e-05
422200,0.00202195680496,1.78334775335e-05
422300,0.00202438333289,1.7832094354e-05
422400,0.00202681308989,1.78307122e-05
422500,0.00202924608125,1.78293310715e-05
422600,0.00203168231226,1.78279509684e-05
422700,0.00203412178822,1.78265718909e-05
422800,0.00203656451443,1.7825193839e-05
422900,0.00203901049623,1.78238168126e-05
423000,0.00204145973895,1.78224408119e-05
423100,0.00204391224793,1.78210658367e-05
423200,0.00204636802854,1.78196918873e-05
423300,0.00204882708614,1.78183189635e-05
423400,0.00205128942612,1.78169470655e-05
423500,0.00205375505387,1.78155761933e-05
423600,0.00205622397479,1.78142063468e-05
423700,0.0020586961943,1.78128375262e-05
423800,0.00206117171783,1.78114697315e-05
423900,0.00206365055081,1.78101029626e-05
424000,0.00206613269871,1.78087372198e-05
424100,0.00206861816698,1.78073725029e-05
424200,0.00207110696109,1.78060088121e-05
424300,0.00207359908654,1.78046461474e-05
424400,0.00207609454883,1.78032845088e-05
424500,0.00207859335345,1.78019238964e-05
424600,0.00208109550595,1.78005643102e-05
424700,0.00208360101184,1.77992057503e-05
424800,0.00208610987668,1.77978482167e-05
424900,0.00208862210603,1.77964917095e-05
425000,0.00209113770546,1.77951362288e-05
425100,0.00209365668054,1.77937817745e-05
425200,0.00209617903688,1.77924283468e-05
425300,0.00209870478008,1.77910759457e-05
425400,0.00210123391575,1.77897245713e-05
425500,0.00210376644954,1.77883742236e-05
425600,0.00210630238709,1.77870249026e-05
425700,0.00210884173404,1.77856766086e-05
425800,0.00211138449607,1.77843293414e-05
425900,0.00211393067886,1.77829831013e-05
426000,0.00211648028811,1.77816378881e-05
426100,0.00211903332951,1.77802937021e-05
426200,0.00212158980878,1.77789505433e-05
426300,0.00212414973166,1.77776084117e-05
426400,0.00212671310388,1.77762673075e-05
426500,0.00212927993121,1.77749272307e-05
426600,0.0021318502194,1.77735881813e-05
426700,0.00213442397425,1.77722501595e-05
426800,0.00213700120154,1.77709131653e-05
426900,0.00213958190707,1.77695771989e-05
427000,0.00214216609668,1.77682422602e-05
427100,0.00214475377617,1.77669083494e-05
427200,0.00214734495141,1.77655754665e-05
427300,0.00214993962825,1.77642436117e-05
427400,0.00215253781255,1.7762912785e-05
427500,0.00215513951021,1.77615829865e-05
427600,0.0021577447271,1.77602542163e-05
427700,0.00216035346915,1.77589264745e-05
427800,0.00216296574227,1.77575997611e-05
427900,0.00216558155239,1.77562740764e-05
428000,0.00216820090547,1.77549494202e-05
428100,0.00217082380746,1.77536257929e-05
428200,0.00217345026434,1.77523031943e-05
428300,0.00217608028208,1.77509816247e-05
428400,0.0021787138667,1.77496610842e-05
428500,0.0021813510242,1.77483415728e-05
428600,0.00218399176062,1.77470230906e-05
428700,0.00218663608198,1.77457056378e-05
428800,0.00218928399434,1.77443892144e-05
428900,0.00219193550376,1.77430738205e-05
429000,0.00219459061633,1.77417594563e-05
429100,0.00219724933814,1.77404461219e-05
429200,0.00219991167529,1.77391338173e-05
429300,0.00220257763391,1.77378225428e-05
429400,0.00220524722012,1.77365122983e-05
429500,0.00220792044006,1.77352030839e-05
429600,0.00221059729991,1.77338948999e-05
429700,0.00221327780584,1.77325877464e-05
429800,0.00221596196402,1.77312816233e-05
429900,0.00221864978067,1.7729976531e-05
430000,0.00222134126199,1.77286724694e-05
430100,0.00222403641422,1.77273694386e-05
430200,0.00222673524359,1.77260674389e-05
430300,0.00222943775637,1.77247664704e-05
430400,0.00223214395881,1.77234665331e-05
430500,0.00223485385722,1.77221676271e-05
430600,0.00223756745787,1.77208697527e-05
430700,0.00224028476709,1.77195729099e-05
430800,0.00224300579119,1.77182770989e-05
430900,0.00224573053653,1.77169823197e-05
431000,0.00224845900945,1.77156885726e-05
431100,0.00225119121631,1.77143958577e-05
431200,0.00225392716351,1.7713104175e-05
431300,0.00225666685743,1.77118135247e-05
431400,0.00225941030449,1.7710523907e-05
431500,0.00226215751111,1.77092353219e-05
431600,0.00226490848373,1.77079477697e-05
431700,0.0022676632288,1.77066612505e-05
431800,0.00227042175279,1.77053757644e-05
431900,0.00227318406218,1.77040913115e-05
432000,0.00227595016347,1.7702807892e-05
432100,0.00227872006317,1.7701525506e-05
432200,0.00228149376779,1.77002441537e-05
432300,0.00228427128389,1.76989638352e-05
432400,0.00228705261802,1.76976845507e-05
432500,0.00228983777674,1.76964063003e-05
432600,0.00229262676663,1.76951290842e-05
432700,0.00229541959431,1.76938529025e-05
432800,0.00229821626637,1.76925777554e-05
432900,0.00230101678944,1.7691303643e-05
433000,0.00230382117018,1.76900305654e-05
433100,0.00230662941523,1.76887585229e-05
433200,0.00230944153126,1.76874875156e-05
433300,0.00231225752497,1.76862175436e-05
433400,0.00231507740306,1.76849486072e-05
433500,0.00231790117224,1.76836807064e-05
433600,0.00232072883924,1.76824138414e-05
433700,0.00232356041081,1.76811480124e-05
433800,0.00232639589372,1.76798832196e-05
433900,0.00232923529473,1.76786194631e-05
434000,0.00233207862065,1.7677356743e-05
434100,0.00233492587827,1.76760950597e-05
434200,0.00233777707443,1.76748344131e-05
434300,0.00234063221596,1.76735748035e-05
434400,0.00234349130971,1.76723162311e-05
434500,0.00234635436256,1.76710586961e-05
434600,0.00234922138138,1.76698021985e-05
434700,0.00235209237308,1.76685467386e-05
434800,0.00235496734456,1.76672923165e-05
434900,0.00235784630277,1.76660389325e-05
435000,0.00236072925465,1.76647865867e-05
435100,0.00236361620715,1.76635352793e-05
435200,0.00236650716726,1.76622850105e-05
435300,0.00236940214197,1.76610357804e-05
435400,0.00237230113828,1.76597875892e-05
435500,0.00237520416323,1.76585404371e-05
435600,0.00237811122385,1.76572943243e-05
435700,0.0023810223272,1.7656049251e-05
435800,0.00238393748035,1.76548052174e-05
435900,0.00238685669038,1.76535622237e-05
436000,0.00238977996441,1.76523202699e-05
436100,0.00239270730954,1.76510793564e-05
436200,0.00239563873293,1.76498394834e-05
436300,0.00239857424171,1.76486006509e-05
436400,0.00240151384306,1.76473628593e-05
436500,0.00240445754416,1.76461261086e-05
436600,0.00240740535221,1.76448903992e-05
436700,0.00241035727443,1.76436557312e-05
436800,0.00241331331804,1.76424221047e-05
436900,0.00241627349031,1.764118952e-05
437000,0.00241923779849,1.76399579774e-05
437100,0.00242220624986,1.76387274769e-05
437200,0.00242517885173,1.76374980188e-05
437300,0.00242815561141,1.76362696033e-05
437400,0.00243113653622,1.76350422306e-05
437500,0.00243412163353,1.76338159009e-05
437600,0.00243711091068,1.76325906144e-05
437700,0.00244010437507,1.76313663714e-05
437800,0.00244310203408,1.76301431719e-05
437900,0.00244610389514,1.76289210163e-05
438000,0.00244910996568,1.76276999048e-05
438100,0.00245212025314,1.76264798375e-05
438200,0.00245513476498,1.76252608146e-05
438300,0.0024581535087,1.76240428365e-05
438400,0.00246117649178,1.76228259032e-05
438500,0.00246420372174,1.7621610015e-05
438600,0.00246723520611,1.76203951722e-05
438700,0.00247027095246,1.76191813749e-05
438800,0.00247331096833,1.76179686234e-05
438900,0.00247635526131,1.76167569178e-05
439000,0.00247940383901,1.76155462585e-05
439100,0.00248245670904,1.76143366455e-05
439200,0.00248551387904,1.76131280792e-05
439300,0.00248857535665,1.76119205598e-05
439400,0.00249164114956,1.76107140875e-05
439500,0.00249471126544,1.76095086625e-05
439600,0.002497785712,1.7608304285e-05
439700,0.00250086449697,1.76071009553e-05
439800,0.00250394762807,1.76058986736e-05
439900,0.00250703511308,1.76046974401e-05
440000,0.00251012695976,1.76034972551e-05
440100,0.0025132231759,1.76022981187e-05
440200,0.00251632376932,1.76011000313e-05
440300,0.00251942874784,1.7599902993e-05
440400,0.00252253811931,1.75987070041e-05
440500,0.00252565189158,1.75975120648e-05
440600,0.00252877007255,1.75963181754e-05
440700,0.00253189267011,1.75951253361e-05
440800,0.00253501969217,1.75939335471e-05
440900,0.00253815114668,1.75927428086e-05
441000,0.00254128704157,1.7591553121e-05
441100,0.00254442738483,1.75903644844e-05
441200,0.00254757218444,1.75891768991e-05
441300,0.00255072144841,1.75879903653e-05
441400,0.00255387518477,1.75868048833e-05
441500,0.00255703340154,1.75856204533e-05
441600,0.00256019610681,1.75844370755e-05
441700,0.00256336330864,1.75832547503e-05
441800,0.00256653501514,1.75820734778e-05
441900,0.00256971123441,1.75808932583e-05
442000,0.00257289197461,1.7579714092e-05
442100,0.00257607724387,1.75785359792e-05
442200,0.00257926705037,1.75773589202e-05
442300,0.00258246140229,1.75761829152e-05
442400,0.00258566030786,1.75750079644e-05
442500,0.00258886377529,1.75738340681e-05
442600,0.00259207181284,1.75726612265e-05
442700,0.00259528442876,1.757148944e-05
442800,0.00259850163134,1.75703187087e-05
442900,0.00260172342888,1.75691490329e-05
443000,0.0026049498297,1.75679804128e-05
443100,0.00260818084214,1.75668128488e-05
443200,0.00261141647457,1.75656463411e-05
443300,0.00261465673535,1.75644808899e-05
443400,0.00261790163289,1.75633164955e-05
443500,0.00262115117559,1.75621531582e-05
443600,0.00262440537191,1.75609908781e-05
443700,0.00262766423028,1.75598296557e-05
443800,0.00263092775919,1.75586694911e-05
443900,0.00263419596712,1.75575103846e-05
444000,0.00263746886259,1.75563523364e-05
444100,0.00264074645412,1.75551953469e-05
444200,0.00264402875028,1.75540394163e-05
444300,0.00264731575962,1.75528845448e-05
444400,0.00265060749073,1.75517307328e-05
444500,0.00265390395223,1.75505779804e-05
444600,0.00265720515275,1.7549426288e-05
444700,0.00266051110092,1.75482756559e-05
444800,0.00266382180542,1.75471260842e-05
444900,0.00266713727493,1.75459775733e-05
445000,0.00267045751817,1.75448301234e-05
445100,0.00267378254385,1.75436837349e-05
445200,0.00267711236073,1.75425384079e-05
445300,0.00268044697756,1.75413941427e-05
445400,0.00268378640314,1.75402509397e-05
445500,0.00268713064627,1.75391087991e-05
445600,0.00269047971577,1.75379677212e-05
445700,0.00269383362049,1.75368277061e-05
445800,0.0026971923693,1.75356887543e-05
445900,0.00270055597108,1.75345508661e-05
446000,0.00270392443473,1.75334140415e-05
446100,0.00270729776919,1.7532278281e-05
446200,0.0027106759834,1.75311435849e-05
446300,0.00271405908632,1.75300099533e-05
446400,0.00271744708695,1.75288773866e-05
446500,0.00272083999428,1.75277458851e-05
446600,0.00272423781735,1.7526615449e-05
446700,0.0027276405652,1.75254860787e-05
446800,0.0027310482469,1.75243577743e-05
446900,0.00273446087154,1.75232305362e-05
447000,0.00273787844823,1.75221043647e-05
447100,0.00274130098609,1.752097926e-05
447200,0.00274472849429,1.75198552224e-05
447300,0.00274816098198,1.75187322523e-05
447400,0.00275159845836,1.75176103498e-05
447500,0.00275504093265,1.75164895153e-05
447600,0.00275848841407,1.7515369749e-05
447700,0.00276194091188,1.75142510513e-05
447800,0.00276539843535,1.75131334225e-05
447900,0.00276886099379,1.75120168627e-05
448000,0.0027723285965,1.75109013723e-05
448100,0.00277580125282,1.75097869516e-05
448200,0.00277927897212,1.75086736009e-05
448300,0.00278276176377,1.75075613205e-05
448400,0.00278624963717,1.75064501105e-05
448500,0.00278974260175,1.75053399714e-05
448600,0.00279324066694,1.75042309035e-05
448700,0.00279674384222,1.75031229069e-05
448800,0.00280025213706,1.7502015982e-05
448900,0.00280376556098,1.75009101291e-05
449000,0.00280728412351,1.74998053485e-05
449100,0.00281080783419,1.74987016405e-05
449200,0.00281433670259,1.74975990052e-05
449300,0.0028178707383,1.74964974432e-05
449400,0.00282140995095,1.74953969545e-05
449500,0.00282495435017,1.74942975396e-05
449600,0.00282850394561,1.74931991987e-05
449700,0.00283205874695,1.74921019321e-05
449800,0.0028356187639,1.749100574e-05
449900,0.00283918400617,1.74899106229e-05
450000,0.00284275448351,1.74888165809e-05
450100,0.00284633020569,1.74877236144e-05
450200,0.00284991118249,1.74866317237e-05
450300,0.00285349742373,1.74855409089e-05
450400,0.00285708893923,1.74844511706e-05
450500,0.00286068573885,1.74833625088e-05
450600,0.00286428783246,1.7482274924e-05
450700,0.00286789522997,1.74811884164e-05
450800,0.00287150794129,1.74801029863e-05
450900,0.00287512597636,1.7479018634e-05
451000,0.00287874934515,1.74779353598e-05
451100,0.00288237805764,1.7476853164e-05
451200,0.00288601212384,1.74757720468e-05
451300,0.00288965155379,1.74746920086e-05
451400,0.00289329635753,1.74736130497e-05
451500,0.00289694654514,1.74725351703e-05
451600,0.00290060212673,1.74714583708e-05
451700,0.0029042631124,1.74703826514e-05
451800,0.0029079295123,1.74693080124e-05
451900,0.00291160133659,1.74682344541e-05
452000,0.00291527859548,1.74671619769e-05
452100,0.00291896129915,1.74660905809e-05
452200,0.00292264945785,1.74650202666e-05
452300,0.00292634308184,1.74639510341e-05
452400,0.00293004218138,1.74628828838e-05
452500,0.00293374676679,1.7461815816e-05
452600,0.00293745684838,1.7460749831e-05
452700,0.00294117243651,1.74596849289e-05
452800,0.00294489354153,1.74586211103e-05
452900,0.00294862017385,1.74575583752e-05
453000,0.00295235234387,1.74564967241e-05
453100,0.00295609006204,1.74554361572e-05
453200,0.00295983333882,1.74543766748e-05
453300,0.00296358218469,1.74533182772e-05
453400,0.00296733661016,1.74522609647e-05
453500,0.00297109662575,1.74512047375e-05
453600,0.00297486224202,1.7450149596e-05
453700,0.00297863346956,1.74490955404e-05
453800,0.00298241031894,1.74480425711e-05
453900,0.00298619280081,1.74469906883e-05
454000,0.00298998092581,1.74459398923e-05
454100,0.00299377470459,1.74448901834e-05
454200,0.00299757414787,1.74438415619e-05
454300,0.00300137926635,1.7442794028e-05
454400,0.00300519007077,1.74417475821e-05
454500,0.00300900657189,1.74407022244e-05
454600,0.00301282878051,1.74396579553e-05
454700,0.00301665670742,1.74386147749e-05
454800,0.00302049036347,1.74375726837e-05
454900,0.00302432975951,1.74365316818e-05
455000,0.00302817490642,1.74354917696e-05
455100,0.00303202581511,1.74344529473e-05
455200,0.0030358824965,1.74334152152e-05
455300,0.00303974496154,1.74323785737e-05
455400,0.0030436132212,1.74313430229e-05
455500,0.00304748728649,1.74303085631e-05
455600,0.00305136716844,1.74292751947e-05
455700,0.00305525287807,1.74282429179e-05
455800,0.00305914442647,1.7427211733e-05
455900,0.00306304182473,1.74261816403e-05
456000,0.00306694508396,1.742515264e-05
456100,0.00307085421531,1.74241247324e-05
456200,0.00307476922994,1.74230979178e-05
456300,0.00307869013904,1.74220721965e-05
456400,0.00308261695382,1.74210475687e-05
456500,0.00308654968553,1.74200240348e-05
456600,0.00309048834542,1.74190015949e-05
456700,0.00309443294477,1.74179802494e-05
456800,0.00309838349491,1.74169599984e-05
456900,0.00310234000715,1.74159408424e-05
457000,0.00310630249286,1.74149227816e-05
457100,0.00311027096343,1.74139058161e-05
457200,0.00311424543024,1.74128899463e-05
457300,0.00311822590475,1.74118751725e-05
457400,0.00312221239839,1.74108614949e-05
457500,0.00312620492265,1.74098489138e-05
457600,0.00313020348903,1.74088374294e-05
457700,0.00313420810906,1.74078270421e-05
457800,0.00313821879429,1.74068177519e-05
457900,0.0031422355563,1.74058095593e-05
458000,0.00314625840668,1.74048024645e-05
458100,0.00315028735706,1.74037964677e-05
458200,0.00315432241908,1.74027915692e-05
458300,0.00315836360443,1.74017877692e-05
458400,0.0031624109248,1.7400785068e-05
458500,0.00316646439191,1.73997834658e-05
458600,0.0031705240175,1.73987829629e-05
458700,0.00317458981336,1.73977835596e-05
458800,0.00317866179127,1.7396785256e-05
458900,0.00318273996305,1.73957880525e-05
459000,0.00318682434055,1.73947919492e-05
459100,0.00319091493563,1.73937969464e-05
459200,0.0031950117602,1.73928030444e-05
459300,0.00319911482616,1.73918102434e-05
459400,0.00320322414547,1.73908185436e-05
459500,0.00320733973008,1.73898279453e-05
459600,0.003211461592,1.73888384487e-05
459700,0.00321558974323,1.7387850054e-05
459800,0.00321972419582,1.73868627615e-05
459900,0.00322386496183,1.73858765714e-05
460000,0.00322801205336,1.73848914839e-05
460100,0.00323216548251,1.73839074993e-05
460200,0.00323632526144,1.73829246178e-05
460300,0.00324049140229,1.73819428395e-05
460400,0.00324466391727,1.73809621648e-05
460500,0.00324884281859,1.73799825938e-05
460600,0.00325302811848,1.73790041268e-05
460700,0.00325721982921,1.73780267639e-05
460800,0.00326141796306,1.73770505055e-05
460900,0.00326562253235,1.73760753516e-05
461000,0.00326983354942,1.73751013026e-05
461100,0.00327405102663,1.73741283586e-05
461200,0.00327827497636,1.73731565198e-05
461300,0.00328250541102,1.73721857864e-05
461400,0.00328674234306,1.73712161587e-05
461500,0.00329098578493,1.73702476368e-05
461600,0.00329523574912,1.7369280221e-05
461700,0.00329949224814,1.73683139114e-05
461800,0.00330375529452,1.73673487082e-05
461900,0.00330802490083,1.73663846116e-05
462000,0.00331230107965,1.73654216219e-05
462100,0.00331658384358,1.73644597391e-05
462200,0.00332087320527,1.73634989635e-05
462300,0.00332516917737,1.73625392953e-05
462400,0.00332947177257,1.73615807346e-05
462500,0.00333378100356,1.73606232817e-05
462600,0.0033380968831,1.73596669366e-05
462700,0.00334241942393,1.73587116996e-05
462800,0.00334674863883,1.73577575708e-05
462900,0.00335108454062,1.73568045505e-05
463000,0.00335542714212,1.73558526387e-05
463100,0.00335977645619,1.73549018357e-05
463200,0.00336413249571,1.73539521416e-05
463300,0.0033684952736,1.73530035565e-05
463400,0.00337286480276,1.73520560806e-05
463500,0.00337724109618,1.73511097141e-05
463600,0.00338162416681,1.73501644571e-05
463700,0.00338601402767,1.73492203098e-05
463800,0.00339041069178,1.73482772722e-05
463900,0.0033948141722,1.73473353446e-05
464000,0.003399224482,1.73463945271e-05
464100,0.00340364163429,1.73454548198e-05
464200,0.00340806564219,1.73445162229e-05
464300,0.00341249651886,1.73435787364e-05
464400,0.00341693427747,1.73426423606e-05
464500,0.00342137893121,1.73417070955e-05
464600,0.00342583049332,1.73407729412e-05
464700,0.00343028897703,1.73398398979e-05
464800,0.00343475439564,1.73389079656e-05
464900,0.00343922676242,1.73379771446e-05
465000,0.0034437060907,1.73370474349e-05
465100,0.00344819239384,1.73361188365e-05
465200,0.00345268568519,1.73351913497e-05
465300,0.00345718597815,1.73342649744e-05
465400,0.00346169328614,1.73333397109e-05
465500,0.00346620762261,1.73324155591e-05
465600,0.00347072900101,1.73314925192e-05
465700,0.00347525743484,1.73305705913e-05
465800,0.00347979293762,1.73296497754e-05
465900,0.00348433552287,1.73287300716e-05
466000,0.00348888520417,1.73278114799e-05
466100,0.00349344199509,1.73268940006e-05
466200,0.00349800590926,1.73259776335e-05
466300,0.0035025769603,1.73250623788e-05
466400,0.00350715516186,1.73241482366e-05
466500,0.00351174052764,1.73232352068e-05
466600,0.00351633307134,1.73223232896e-05
466700,0.00352093280668,1.73214124849e-05
466800,0.00352553974741,1.73205027929e-05
466900,0.00353015390732,1.73195942135e-05
467000,0.00353477530019,1.73186867468e-05
467100,0.00353940393986,1.73177803928e-05
467200,0.00354403984017,1.73168751516e-05
467300,0.00354868301498,1.73159710232e-05
467400,0.00355333347819,1.73150680075e-05
467500,0.00355799124371,1.73141661046e-05
467600,0.00356265632549,1.73132653145e-05
467700,0.00356732873748,1.73123656372e-05
467800,0.00357200849366,1.73114670727e-05
467900,0.00357669560806,1.7310569621e-05
468000,0.00358139009468,1.73096732821e-05
468100,0.0035860919676,1.7308778056e-05
468200,0.00359080124088,1.73078839426e-05
468300,0.00359551792861,1.73069909419e-05
468400,0.00360024204494,1.7306099054e-05
468500,0.00360497360398,1.73052082786e-05
468600,0.00360971261992,1.73043186159e-05
468700,0.00361445910694,1.73034300658e-05
468800,0.00361921307924,1.73025426282e-05
468900,0.00362397455107,1.73016563031e-05
469000,0.00362874353667,1.73007710904e-05
469100,0.00363352005032,1.729988699e-05
469200,0.00363830410633,1.72990040019e-05
469300,0.003643095719,1.7298122126e-05
469400,0.00364789490269,1.72972413622e-05
469500,0.00365270167176,1.72963617105e-05
469600,0.00365751604058,1.72954831707e-05
469700,0.00366233802358,1.72946057427e-05
469800,0.00366716763517,1.72937294265e-05
469900,0.00367200488981,1.72928542219e-05
470000,0.00367684980196,1.72919801289e-05
470100,0.00368170238612,1.72911071472e-05
470200,0.0036865626568,1.72902352768e-05
470300,0.00369143062853,1.72893645176e-05
470400,0.00369630631587,1.72884948694e-05
470500,0.00370118973339,1.7287626332e-05
470600,0.00370608089569,1.72867589054e-05
470700,0.00371097981738,1.72858925893e-05
470800,0.0037158865131,1.72850273836e-05
470900,0.00372080099751,1.72841632882e-05
471000,0.00372572328527,1.72833003028e-05
471100,0.0037306533911,1.72824384273e-05
471200,0.0037355913297,1.72815776615e-05
471300,0.0037405371158,1.72807180051e-05
471400,0.00374549076418,1.72798594581e-05
471500,0.00375045228959,1.72790020202e-05
471600,0.00375542170683,1.72781456912e-05
471700,0.00376039903072,1.72772904708e-05
471800,0.00376538427609,1.72764363588e-05
471900,0.00377037745779,1.72755833551e-05
472000,0.00377537859069,1.72747314593e-05
472100,0.00378038768967,1.72738806713e-05
472200,0.00378540476965,1.72730309907e-05
472300,0.00379042984556,1.72721824173e-05
472400,0.00379546293232,1.72713349508e-05
472500,0.00380050404492,1.7270488591e-05
472600,0.00380555319831,1.72696433376e-05
472700,0.00381061040751,1.72687991902e-05
472800,0.00381567568753,1.72679561487e-05
472900,0.00382074905339,1.72671142126e-05
473000,0.00382583052015,1.72662733817e-05
473100,0.00383092010288,1.72654336557e-05
473200,0.00383601781665,1.72645950342e-05
473300,0.00384112367657,1.72637575168e-05
473400,0.00384623769776,1.72629211033e-05
473500,0.00385135989534,1.72620857933e-05
473600,0.00385649028446,1.72612515865e-05
473700,0.0038616288803,1.72604184823e-05
473800,0.00386677569803,1.72595864806e-05
473900,0.00387193075284,1.72587555809e-05
474000,0.00387709405996,1.72579257828e-05
474100,0.0038822656346,1.72570970859e-05
474200,0.00388744549201,1.72562694898e-05
474300,0.00389263364744,1.72554429941e-05
474400,0.00389783011618,1.72546175983e-05
474500,0.00390303491349,1.72537933021e-05
474600,0.00390824805469,1.72529701049e-05
474700,0.00391346955509,1.72521480064e-05
474800,0.00391869943002,1.7251327006e-05
474900,0.00392393769481,1.72505071033e-05
475000,0.00392918436482,1.72496882978e-05
475100,0.00393443945543,1.72488705891e-05
475200,0.003939702982,1.72480539765e-05
475300,0.00394497495995,1.72472384597e-05
475400,0.00395025540466,1.72464240381e-05
475500,0.00395554433157,1.72456107111e-05
475600,0.00396084175609,1.72447984782e-05
475700,0.00396614769368,1.7243987339e-05
475800,0.00397146215979,1.72431772928e-05
475900,0.00397678516988,1.7242368339e-05
476000,0.00398211673942,1.72415604771e-05
476100,0.00398745688391,1.72407537065e-05
476200,0.00399280561884,1.72399480266e-05
476300,0.00399816295972,1.72391434368e-05
476400,0.00400352892207,1.72383399365e-05
476500,0.00400890352141,1.7237537525e-05
476600,0.00401428677327,1.72367362018e-05
476700,0.00401967869322,1.72359359661e-05
476800,0.00402507929679,1.72351368173e-05
476900,0.00403048859955,1.72343387547e-05
477000,0.00403590661707,1.72335417777e-05
477100,0.00404133336494,1.72327458856e-05
477200,0.00404676885874,1.72319510775e-05
477300,0.00405221311406,1.7231157353e-05
477400,0.0040576661465,1.72303647111e-05
477500,0.00406312797167,1.72295731513e-05
477600,0.0040685986052,1.72287826726e-05
477700,0.00407407806268,1.72279932744e-05
477800,0.00407956635977,1.72272049559e-05
477900,0.00408506351207,1.72264177164e-05
478000,0.00409056953524,1.72256315549e-05
478100,0.00409608444492,1.72248464708e-05
478200,0.00410160825675,1.72240624631e-05
478300,0.00410714098638,1.72232795311e-05
478400,0.00411268264946,1.72224976739e-05
478500,0.00411823326166,1.72217168906e-05
478600,0.00412379283863,1.72209371804e-05
478700,0.00412936139605,1.72201585425e-05
478800,0.00413493894957,1.72193809758e-05
478900,0.00414052551486,1.72186044795e-05
479000,0.0041461211076,1.72178290527e-05
479100,0.00415172574345,1.72170546945e-05
479200,0.00415733943809,1.72162814038e-05
479300,0.0041629622072,1.72155091798e-05
479400,0.00416859406643,1.72147380215e-05
479500,0.00417423503147,1.72139679278e-05
479600,0.00417988511799,1.72131988978e-05
479700,0.00418554434166,1.72124309304e-05
479800,0.00419121271814,1.72116640247e-05
479900,0.00419689026312,1.72108981796e-05
480000,0.00420257699224,1.7210133394e-05
480100,0.00420827292118,1.72093696668e-05
480200,0.00421397806559,1.72086069971e-05
480300,0.00421969244113,1.72078453836e-05
480400,0.00422541606346,1.72070848253e-05
480500,0.00423114894821,1.7206325321e-05
480600,0.00423689111104,1.72055668696e-05
480700,0.00424264256757,1.72048094699e-05
480800,0.00424840333345,1.72040531208e-05
480900,0.00425417342429,1.7203297821e-05
481000,0.00425995285572,1.72025435694e-05
481100,0.00426574164335,1.72017903648e-05
481200,0.00427153980277,1.72010382059e-05
481300,0.00427734734959,1.72002870914e-05
481400,0.0042831642994,1.71995370201e-05
481500,0.00428899066776,1.71987879907e-05
481600,0.00429482647025,1.7198040002e-05
481700,0.00430067172243,1.71972930525e-05
481800,0.00430652643984,1.7196547141e-05
481900,0.00431239063803,1.71958022661e-05
482000,0.0043182643325,1.71950584264e-05
482100,0.00432414753878,1.71943156207e-05
482200,0.00433004027237,1.71935738474e-05
482300,0.00433594254875,1.71928331051e-05
482400,0.00434185438339,1.71920933925e-05
482500,0.00434777579175,1.7191354708e-05
482600,0.00435370678928,1.71906170503e-05
482700,0.00435964739139,1.71898804178e-05
482800,0.00436559761351,1.7189144809e-05
482900,0.00437155747103,1.71884102224e-05
483000,0.00437752697931,1.71876766564e-05
483100,0.00438350615373,1.71869441096e-05
483200,0.00438949500963,1.71862125803e-05
483300,0.00439549356231,1.7185482067e-05
483400,0.0044015018271,1.71847525679e-05
483500,0.00440751981926,1.71840240816e-05
483600,0.00441354755406,1.71832966063e-05
483700,0.00441958504673,1.71825701404e-05
483800,0.0044256323125,1.71818446822e-05
483900,0.00443168936656,1.718112023e-05
484000,0.00443775622408,1.7180396782e-05
484100,0.0044438329002,1.71796743366e-05
484200,0.00444991941005,1.71789528919e-05
484300,0.00445601576872,1.71782324462e-05
484400,0.00446212199128,1.71775129976e-05
484500,0.00446823809278,1.71767945444e-05
484600,0.00447436408822,1.71760770846e-05
484700,0.0044804999926,1.71753606165e-05
484800,0.00448664582088,1.71746451381e-05
484900,0.00449280158798,1.71739306475e-05
485000,0.0044989673088,1.71732171428e-05
485100,0.00450514299821,1.71725046221e-05
485200,0.00451132867104,1.71717930834e-05
485300,0.00451752434209,1.71710825246e-05
485400,0.00452373002614,1.71703729438e-05
485500,0.00452994573791,1.71696643389e-05
485600,0.00453617149212,1.71689567079e-05
485700,0.00454240730341,1.71682500487e-05
485800,0.00454865318642,1.71675443591e-05
485900,0.00455490915574,1.71668396371e-05
486000,0.00456117522592,1.71661358806e-05
486100,0.00456745141148,1.71654330872e-05
486200,0.00457373772688,1.71647312549e-05
486300,0.00458003418657,1.71640303815e-05
486400,0.00458634080492,1.71633304646e-05
486500,0.0045926575963,1.7162631502e-05
486600,0.004598984575,1.71619334915e-05
486700,0.00460532175529,1.71612364307e-05
486800,0.00461166915139,1.71605403173e-05
486900,0.00461802677746,1.71598451489e-05
487000,0.00462439464764,1.71591509231e-05
487100,0.004630772776,1.71584576376e-05
487200,0.00463716117657,1.71577652898e-05
487300,0.00464355986334,1.71570738774e-05
487400,0.00464996885022,1.71563833978e-05
487500,0.00465638815109,1.71556938486e-05
487600,0.0046628177798,1.71550052271e-05
487700,0.0046692577501,1.71543175309e-05
487800,0.00467570807572,1.71536307574e-05
487900,0.00468216877032,1.71529449039e-05
488000,0.00468863984752,1.71522599678e-05
488100,0.00469512132085,1.71515759464e-05
488200,0.00470161320382,1.7150892837e-05
488300,0.00470811550987,1.7150210637e-05
488400,0.00471463181183,1.71495308896e-05
488500,0.00472115868585,1.71488520942e-05
488600,0.00472769605048,1.71481742067e-05
488700,0.00473424391906,1.71474972242e-05
488800,0.00474080230489,1.7146821144e-05
488900,0.0047473712212,1.71461459632e-05
489000,0.00475395068113,1.71454716788e-05
489100,0.00476054069779,1.7144798288e-05
489200,0.0047671412842,1.71441257878e-05
489300,0.00477375245331,1.71434541753e-05
489400,0.00478037421801,1.71427834473e-05
489500,0.00478700659111,1.7142113601e-05
489600,0.00479364958536,1.71414446333e-05
489700,0.00480030321343,1.71407765409e-05
489800,0.00480696748792,1.71401093209e-05
489900,0.00481364242133,1.71394429701e-05
490000,0.00482032802612,1.71387774852e-05
490100,0.00482702431465,1.71381128631e-05
490200,0.00483373129921,1.71374491006e-05
490300,0.00484044899199,1.71367861943e-05
490400,0.00484717740513,1.71361241409e-05
490500,0.00485391655066,1.71354629371e-05
490600,0.00486066644055,1.71348025795e-05
490700,0.00486742708666,1.71341430648e-05
490800,0.00487419850077,1.71334843894e-05
490900,0.00488098069459,1.713282655e-05
491000,0.00488777367972,1.7132169543e-05
491100,0.00489457746768,1.71315133649e-05
491200,0.00490139206989,1.71308580121e-05
491300,0.00490821749769,1.7130203481e-05
491400,0.00491505376231,1.7129549768e-05
491500,0.0049219008749,1.71288968694e-05
491600,0.00492875884649,1.71282447816e-05
491700,0.00493562768804,1.71275935007e-05
491800,0.0049425074104,1.71269430231e-05
491900,0.0049493980243,1.71262933448e-05
492000,0.00495629954038,1.71256444622e-05
492100,0.00496321196919,1.71249963712e-05
492200,0.00497013532117,1.71243490681e-05
492300,0.00497706960662,1.71237025488e-05
492400,0.00498401483577,1.71230568093e-05
492500,0.00499097101873,1.71224118457e-05
492600,0.0049979381655,1.71217676539e-05
492700,0.00500491628594,1.71211242298e-05
492800,0.00501190538984,1.71204815693e-05
492900,0.00501890548684,1.71198396682e-05
493000,0.00502591658648,1.71191985223e-05
493100,0.00503293869818,1.71185581274e-05
493200,0.00503997183122,1.71179184792e-05
493300,0.00504701599478,1.71172795734e-05
493400,0.00505407119791,1.71166414056e-05
493500,0.00506113744953,1.71160039714e-05
493600,0.00506821475844,1.71153672665e-05
493700,0.00507530313331,1.71147312863e-05
493800,0.00508240258267,1.71140960263e-05
493900,0.00508951311493,1.7113461482e-05
494000,0.00509663473836,1.71128276488e-05
494100,0.0051037674611,1.71121945221e-05
494200,0.00511091129115,1.71115620972e-05
494300,0.00511806623636,1.71109303694e-05
494400,0.00512523230446,1.71102993339e-05
494500,0.00513240950303,1.7109668986e-05
494600,0.00513959783951,1.71090393208e-05
494700,0.00514679732117,1.71084103334e-05
494800,0.00515400795517,1.7107782019e-05
494900,0.0051612297485,1.71071543725e-05
495000,0.00516846270799,1.7106527389e-05
495100,0.00517570684034,1.71059010634e-05
495200,0.00518296215208,1.71052753907e-05
495300,0.00519022864959,1.71046503656e-05
495400,0.00519750633909,1.71040259831e-05
495500,0.00520479522664,1.7103402238e-05
495600,0.00521209531814,1.71027791248e-05
495700,0.00521940661931,1.71021566385e-05
495800,0.00522672913573,1.71015347735e-05
495900,0.00523406287279,1.71009135246e-05
496000,0.00524140783574,1.71002928862e-05
496100,0.00524876402961,1.70996728529e-05
496200,0.00525613145931,1.70990534191e-05
496300,0.00526351012953,1.70984345793e-05
496400,0.00527090004481,1.70978163279e-05
496500,0.0052783012095,1.70971986591e-05
496600,0.00528571362777,1.70965815673e-05
496700,0.00529313730361,1.70959650467e-05
496800,0.00530057224082,1.70953490915e-05
496900,0.005308018443,1.70947336958e-05
497000,0.00531547591359,1.70941188538e-05
497100,0.0053229446558,1.70935045594e-05
497200,0.00533042467269,1.70928908067e-05
497300,0.00533791596708,1.70922775895e-05
497400,0.00534541854162,1.70916649019e-05
497500,0.00535293239875,1.70910527377e-05
497600,0.00536045754071,1.70904410906e-05
497700,0.00536799396953,1.70898299544e-05
497800,0.00537554168703,1.70892193228e-05
497900,0.00538310069483,1.70886091895e-05
498000,0.00539067099434,1.70879995481e-05
498100,0.00539825258675,1.7087390392e-05
498200,0.00540584547303,1.70867817148e-05
498300,0.00541344965393,1.708617351e-05
498400,0.00542106513,1.70855657709e-05
498500,0.00542869190154,1.70849584909e-05
498600,0.00543632996864,1.70843516633e-05
498700,0.00544397933116,1.70837452812e-05
498800,0.00545163998873,1.70831393379e-05
498900,0.00545931194075,1.70825338266e-05
499000,0.00546699518636,1.70819287402e-05
499100,0.00547468972451,1.70813240718e-05
499200,0.00548239555388,1.70807198144e-05
499300,0.00549011267289,1.70801159609e-05
499400,0.00549784107977,1.70795125041e-05
499500,0.00550558077244,1.70789094368e-05
499600,0.00551333174863,1.70783067519e-05
499700,0.00552109400577,1.70777044419e-05
499800,0.00552886754105,1.70771024995e-05
499900,0.00553665235143,1.70765009173e-05
500000,0.00554444843357,1.70758996879e-05
500100,0.00555225578389,1.70752988036e-05
500200,0.00556007439855,1.70746982569e-05
500300,0.00556790427343,1.70740980401e-05
500400,0.00557574540413,1.70734981456e-05
500500,0.00558359778601,1.70728985655e-05
500600,0.00559146141413,1.70722992921e-05
500700,0.00559933628328,1.70717003175e-05
500800,0.00560722238796,1.70711016337e-05
500900,0.00561511972242,1.70705032327e-05
501000,0.00562302828057,1.70699051064e-05
501100,0.00563094805608,1.70693072468e-05
501200,0.00563887904231,1.70687096457e-05
501300,0.00564682123232,1.70681122948e-05
501400,0.00565477634241,1.70675157938e-05
501500,0.0056627487861,1.70669216885e-05
501600,0.00567073246438,1.70663278183e-05
501700,0.00567872736935,1.70657341746e-05
501800,0.00568673349281,1.7065140749e-05
501900,0.00569475082623,1.70645475327e-05
502000,0.00570277936079,1.70639545173e-05
502100,0.00571081908733,1.70633616938e-05
502200,0.00571886999639,1.70627690537e-05
502300,0.00572693207818,1.7062176588e-05
502400,0.00573500532258,1.70615842877e-05
502500,0.00574308971915,1.7060992144e-05
502600,0.00575118525712,1.70604001479e-05
502700,0.00575929192538,1.70598082901e-05
502800,0.00576740971249,1.70592165615e-05
502900,0.00577553860667,1.70586249529e-05
503000,0.00578367859578,1.70580334551e-05
503100,0.00579182966736,1.70574420586e-05
503200,0.0057999918086,1.70568507539e-05
503300,0.00580816500631,1.70562595317e-05
503400,0.00581634924697,1.70556683823e-05
503500,0.0058245445167,1.70550772962e-05
503600,0.00583275080126,1.70544862635e-05
503700,0.00584096808604,1.70538952747e-05
503800,0.00584919635606,1.70533043197e-05
503900,0.00585743559598,1.70527133888e-05
504000,0.00586568579008,1.70521224719e-05
504100,0.00587394692227,1.7051531559e-05
504200,0.00588221897608,1.70509406401e-05
504300,0.00589050193465,1.70503497049e-05
504400,0.00589879578074,1.70497587432e-05
504500,0.00590710049672,1.70491677446e-05
504600,0.00591541606458,1.70485766989e-05
504700,0.00592374246589,1.70479855955e-05
504800,0.00593207968185,1.7047394424e-05
504900,0.00594042769324,1.70468031737e-05
505000,0.00594878648044,1.70462118339e-05
505100,0.00595715602342,1.7045620394e-05
505200,0.00596553630175,1.70450288431e-05
505300,0.00597392729457,1.70444371704e-05
505400,0.00598232898063,1.70438453648e-05
505500,0.00599074133822,1.70432534155e-05
505600,0.00599916434523,1.70426613112e-05
505700,0.00600759797913,1.70420690408e-05
505800,0.00601604221694,1.70414765931e-05
505900,0.00602449703526,1.70408839568e-05
506000,0.00603296241025,1.70402911204e-05
506100,0.00604143831762,1.70396980726e-05
506200,0.00604992473266,1.70391048017e-05
506300,0.0060584216302,1.70385112962e-05
506400,0.0060669289846,1.70379175445e-05
506500,0.0060754467698,1.70373235346e-05
506600,0.00608397495927,1.70367292549e-05
506700,0.00609251352601,1.70361346934e-05
506800,0.00610106244257,1.70355398381e-05
506900,0.00610962168103,1.7034944677e-05
507000,0.00611819121301,1.7034349198e-05
507100,0.00612677100962,1.70337533888e-05
507200,0.00613536104155,1.70331572372e-05
507300,0.00614396127896,1.70325607307e-05
507400,0.00615257169155,1.70319638571e-05
507500,0.00616119224853,1.70313666037e-05
507600,0.00616982291862,1.7030768958e-05
507700,0.00617846367006,1.70301709073e-05
507800,0.00618711447056,1.70295724389e-05
507900,0.00619577528736,1.70289735399e-05
508000,0.00620444608718,1.70283741976e-05
508100,0.00621312683625,1.70277743988e-05
508200,0.00622181750027,1.70271741306e-05
508300,0.00623051804444,1.70265733798e-05
508400,0.00623922843345,1.70259721332e-05
508500,0.00624794863145,1.70253703776e-05
508600,0.00625667860207,1.70247680995e-05
508700,0.00626541830843,1.70241652856e-05
508800,0.00627416771311,1.70235619224e-05
508900,0.00628292677815,1.70229579962e-05
509000,0.00629169546506,1.70223534933e-05
509100,0.00630047373481,1.70217484001e-05
509200,0.00630926154783,1.70211427026e-05
509300,0.006318058864,1.7020536387e-05
509400,0.00632686564263,1.70199294393e-05
509500,0.00633568184252,1.70193218454e-05
509600,0.00634450742188,1.70187135912e-05
509700,0.00635334233836,1.70181046625e-05
509800,0.0063621911951,1.70174964775e-05
509900,0.00637105668091,1.70168898565e-05
510000,0.00637993144326,1.70162825275e-05
510100,0.00638881543768,1.7015674476e-05
510200,0.00639770861911,1.70150656872e-05
510300,0.0064066109419,1.70144561465e-05
510400,0.00641552235983,1.70138458391e-05
510500,0.00642444282607,1.701323475e-05
510600,0.00643337229322,1.70126228643e-05
510700,0.00644231071328,1.70120101669e-05
510800,0.00645125803764,1.70113966427e-05
510900,0.00646021421709,1.70107822765e-05
511000,0.00646917920182,1.7010167053e-05
511100,0.00647815294142,1.70095509567e-05
511200,0.00648713538485,1.70089339723e-05
511300,0.00649612648046,1.70083160842e-05
511400,0.00650512617599,1.70076972768e-05
511500,0.00651413441855,1.70070775343e-05
511600,0.00652315115463,1.7006456841e-05
511700,0.0065321763301,1.7005835181e-05
511800,0.00654120989018,1.70052125384e-05
511900,0.00655025177948,1.70045888972e-05
512000,0.00655930194195,1.70039642412e-05
512100,0.00656836032092,1.70033385542e-05
512200,0.00657742685906,1.70027118201e-05
512300,0.00658650149841,1.70020840223e-05
512400,0.00659558418035,1.70014551446e-05
512500,0.00660467484561,1.70008251704e-05
512600,0.00661377343428,1.7000194083e-05
512700,0.00662287988577,1.69995618659e-05
512800,0.00663199413883,1.69989285023e-05
512900,0.00664111613158,1.69982939753e-05
513000,0.00665024580143,1.6997658268e-05
513100,0.00665938308514,1.69970213635e-05
513200,0.00666852791882,1.69963832446e-05
513300,0.00667768023786,1.69957438942e-05
513400,0.00668683997702,1.69951032951e-05
513500,0.00669600707034,1.699446143e-05
513600,0.0067051814512,1.69938182814e-05
513700,0.00671436305229,1.69931738319e-05
513800,0.00672355180561,1.6992528064e-05
513900,0.00673274764247,1.699188096e-05
514000,0.0067419504935,1.69912325021e-05
514100,0.0067511602886,1.69905826727e-05
514200,0.006760376957,1.69899314539e-05
514300,0.00676960042724,1.69892788276e-05
514400,0.00677883062711,1.69886247759e-05
514500,0.00678806748375,1.69879692807e-05
514600,0.00679731092356,1.69873123238e-05
514700,0.00680656087223,1.6986653887e-05
514800,0.00681581725475,1.69859939518e-05
514900,0.00682507999538,1.69853325e-05
515000,0.00683434901768,1.6984669513e-05
515100,0.00684362424447,1.69840049722e-05
515200,0.00685290559788,1.6983338859e-05
515300,0.00686219299929,1.69826711547e-05
515400,0.00687148636936,1.69820018405e-05
515500,0.00688078562802,1.69813308976e-05
515600,0.00689009069448,1.69806583069e-05
515700,0.00689940148722,1.69799840495e-05
515800,0.00690871792397,1.69793081063e-05
515900,0.00691803992174,1.69786304581e-05
516000,0.0069273673968,1.69779510856e-05
516100,0.00693670026468,1.69772699696e-05
516200,0.00694603844015,1.69765870907e-05
516300,0.00695538231974,1.69759025638e-05
516400,0.0069647464452,1.69752204367e-05
516500,0.00697411568908,1.69745364946e-05
516600,0.00698348996307,1.69738507175e-05
516700,0.00699286917807,1.69731630857e-05
516800,0.00700225324425,1.69724735792e-05
516900,0.00701164207101,1.6971782178e-05
517000,0.00702103556699,1.69710888622e-05
517100,0.0070304336401,1.69703936116e-05
517200,0.00703983619744,1.6969696406e-05
517300,0.00704924314538,1.69689972252e-05
517400,0.00705865438951,1.69682960487e-05
517500,0.00706806983468,1.69675928563e-05
517600,0.00707748938495,1.69668876275e-05
517700,0.00708691294361,1.69661803417e-05
517800,0.00709634041321,1.69654709783e-05
517900,0.0071057716955,1.69647595167e-05
518000,0.00711520669148,1.69640459361e-05
518100,0.00712464530138,1.69633302157e-05
518200,0.00713408742464,1.69626123346e-05
518300,0.00714353295995,1.6961892272e-05
518400,0.00715298180522,1.69611700068e-05
518500,0.00716243385758,1.6960445518e-05
518600,0.00717188901339,1.69597187844e-05
518700,0.00718134716824,1.69589897848e-05
518800,0.00719080821696,1.69582584981e-05
518900,0.00720027205357,1.69575249028e-05
519000,0.00720973857134,1.69567889777e-05
519100,0.00721920766276,1.69560507012e-05
519200,0.00722867921955,1.6955310052e-05
519300,0.00723815313265,1.69545670084e-05
519400,0.00724762929222,1.69538215488e-05
519500,0.00725710758766,1.69530736515e-05
519600,0.00726658790757,1.69523232949e-05
519700,0.0072760701398,1.69515704572e-05
519800,0.00728555417141,1.69508151164e-05
519900,0.0072950398887,1.69500572508e-05
520000,0.00730452717718,1.69492968383e-05
520100,0.0073140159216,1.6948533857e-05
520200,0.00732381413622,1.69478491794e-05
520300,0.00733505094018,1.69475383803e-05
520400,0.00734630509681,1.69472277301e-05
520500,0.00735757659324,1.69469172182e-05
520600,0.00736886541621,1.69466068341e-05
520700,0.00738017155199,1.69462965673e-05
520800,0.00739149498644,1.6945986407e-05
520900,0.00740283570499,1.69456763426e-05
521000,0.00741419369261,1.69453663634e-05
521100,0.00742556893383,1.69450564585e-05
521200,0.00743696141276,1.69447466172e-05
521300,0.00744837111305,1.69444368285e-05
521400,0.00745979801789,1.69441270814e-05
521500,0.00747124211004,1.69438173651e-05
521600,0.0074827033718,1.69435076684e-05
521700,0.00749418178501,1.69431979803e-05
521800,0.00750567733107,1.69428882897e-05
521900,0.00751718999091,1.69425785852e-05
522000,0.007528719745,1.69422688558e-05
522100,0.00754026657335,1.69419590901e-05
522200,0.00755183045549,1.69416492767e-05
522300,0.00756341137052,1.69413394044e-05
522400,0.00757500929703,1.69410294616e-05
522500,0.00758662421316,1.69407194369e-05
522600,0.00759825609659,1.69404093187e-05
522700,0.0076099049245,1.69400990956e-05
522800,0.0076215706736,1.69397887558e-05
522900,0.00763325332013,1.69394782877e-05
523000,0.00764495283985,1.69391676796e-05
523100,0.00765666920803,1.69388569197e-05
523200,0.00766840239945,1.69385459962e-05
523300,0.00768015238843,1.69382348973e-05
523400,0.00769193381847,1.69379272555e-05
523500,0.00770373667006,1.69376205618e-05
523600,0.00771555632943,1.69373136626e-05
523700,0.00772739276902,1.69370065459e-05
523800,0.00773924596082,1.69366991996e-05
523900,0.00775111587629,1.69363916115e-05
524000,0.00776300248639,1.69360837694e-05
524100,0.00777490576158,1.6935775661e-05
524200,0.00778682567184,1.6935467274e-05
524300,0.0077987621866,1.69351585962e-05
524400,0.00781071527482,1.69348496151e-05
524500,0.00782268490493,1.69345403183e-05
524600,0.00783467104486,1.69342306933e-05
524700,0.00784667366203,1.69339207277e-05
524800,0.00785869272334,1.69336104088e-05
524900,0.00787072819517,1.69332997241e-05
525000,0.0078827800434,1.69329886609e-05
525100,0.00789484823339,1.69326772066e-05
525200,0.00790693272997,1.69323653484e-05
525300,0.00791903349745,1.69320530737e-05
525400,0.00793115049963,1.69317403695e-05
525500,0.00794328369979,1.69314272231e-05
525600,0.00795543306067,1.69311136216e-05
525700,0.0079675985445,1.69307995521e-05
525800,0.00797978011298,1.69304850017e-05
525900,0.00799197772728,1.69301699573e-05
526000,0.00800419134805,1.69298544059e-05
526100,0.0080164209354,1.69295383345e-05
526200,0.00802866644893,1.69292217299e-05
526300,0.00804092784768,1.69289045791e-05
526400,0.00805320509018,1.69285868689e-05
526500,0.00806549813443,1.6928268586e-05
526600,0.00807780693789,1.69279497173e-05
526700,0.00809013145748,1.69276302495e-05
526800,0.00810247164959,1.69273101692e-05
526900,0.00811482747007,1.69269894631e-05
527000,0.00812719887426,1.69266681179e-05
527100,0.00813958581693,1.69263461202e-05
527200,0.00815198825233,1.69260234565e-05
527300,0.00816440613416,1.69257001133e-05
527400,0.00817683941561,1.69253760772e-05
527500,0.00818928804929,1.69250513346e-05
527600,0.00820175198731,1.6924725872e-05
527700,0.00821423118122,1.69243996758e-05
527800,0.00822672558204,1.69240727325e-05
527900,0.00823923514023,1.69237450282e-05
528000,0.00825175980573,1.69234165494e-05
528100,0.00826429952794,1.69230872824e-05
528200,0.0082768542557,1.69227572135e-05
528300,0.00828942393734,1.69224263289e-05
528400,0.00830200852062,1.69220946148e-05
528500,0.00831460795278,1.69217620575e-05
528600,0.0083272221805,1.69214286431e-05
528700,0.00833985114993,1.69210943578e-05
528800,0.00835249480669,1.69207591877e-05
528900,0.00836515309583,1.69204231189e-05
529000,0.0083778259619,1.69200861375e-05
529100,0.00839051334887,1.69197482296e-05
529200,0.00840323605906,1.69194140727e-05
529300,0.00841597504192,1.69190793641e-05
529400,0.00842872846343,1.69187436898e-05
529500,0.00844149626529,1.69184070355e-05
529600,0.00845427838869,1.69180693871e-05
529700,0.00846707477424,1.69177307306e-05
529800,0.00847988536203,1.69173910518e-05
529900,0.00849271009159,1.69170503365e-05
530000,0.00850554890194,1.69167085706e-05
530100,0.00851840173153,1.69163657398e-05
530200,0.00853126851827,1.691602183e-05
530300,0.00854414919955,1.69156768269e-05
530400,0.0085570437122,1.69153307163e-05
530500,0.00856995199252,1.69149834839e-05
530600,0.00858287397628,1.69146351154e-05
530700,0.0085958095987,1.69142855967e-05
530800,0.00860875879447,1.69139349133e-05
530900,0.00862172149775,1.69135830511e-05
531000,0.00863469764216,1.69132299956e-05
531100,0.00864768716079,1.69128757326e-05
531200,0.0086606899862,1.69125202477e-05
531300,0.00867370605041,1.69121635266e-05
531400,0.00868673528493,1.69118055549e-05
531500,0.00869977762072,1.69114463183e-05
531600,0.00871283298823,1.69110858025e-05
531700,0.00872590131738,1.6910723993e-05
531800,0.00873898253755,1.69103608755e-05
531900,0.00875207657762,1.69099964356e-05
532000,0.00876518336595,1.69096306589e-05
532100,0.00877830283035,1.6909263531e-05
532200,0.00879143489814,1.69088950377e-05
532300,0.00880457949611,1.69085251644e-05
532400,0.00881773655055,1.69081538967e-05
532500,0.00883090598722,1.69077812204e-05
532600,0.00884408773137,1.69074071209e-05
532700,0.00885728170775,1.69070315839e-05
532800,0.00887048784059,1.69066545951e-05
532900,0.00888370605363,1.690627614e-05
533000,0.00889693627008,1.69058962042e-05
533100,0.00891017841266,1.69055147734e-05
533200,0.0089234324036,1.69051318331e-05
533300,0.00893669816461,1.69047473691e-05
533400,0.00894997561693,1.69043613669e-05
533500,0.00896326468127,1.69039738122e-05
533600,0.00897656527788,1.69035846906e-05
533700,0.00898987732649,1.69031939878e-05
533800,0.00900320074636,1.69028016894e-05
533900,0.00901653545626,1.69024077812e-05
534000,0.00902988137448,1.69020122487e-05
534100,0.00904323841882,1.69016150777e-05
534200,0.00905660650659,1.69012162538e-05
534300,0.00906998555464,1.69008157629e-05
534400,0.00908337547934,1.69004135905e-05
534500,0.00909677619659,1.69000097225e-05
534600,0.0091101876218,1.68996041446e-05
534700,0.00912363120014,1.68992012567e-05
534800,0.00913708903403,1.68987973768e-05
534900,0.00915055739167,1.6898391742e-05
535000,0.00916403618617,1.6897984338e-05
535100,0.00917752533017,1.68975751504e-05
535200,0.00919102473584,1.68971641651e-05
535300,0.00920453431492,1.68967513677e-05
535400,0.00921805397865,1.68963367441e-05
535500,0.00923158363785,1.689592028e-05
535600,0.00924512320286,1.68955019612e-05
535700,0.0092586725836,1.68950817736e-05
535800,0.00927223168951,1.68946597029e-05
535900,0.00928580042961,1.68942357351e-05
536000,0.00929937871245,1.68938098561e-05
536100,0.00931296644618,1.68933820517e-05
536200,0.00932656353848,1.68929523078e-05
536300,0.00934016989661,1.68925206105e-05
536400,0.00935378542739,1.68920869457e-05
536500,0.00936741003723,1.68916512994e-05
536600,0.00938104363208,1.68912136576e-05
536700,0.00939468611751,1.68907740064e-05
536800,0.00940833739863,1.68903323319e-05
536900,0.00942199738017,1.68898886201e-05
537000,0.00943566596641,1.68894428573e-05
537100,0.00944934306125,1.68889950295e-05
537200,0.00946302856816,1.68885451229e-05
537300,0.0094767223902,1.68880931238e-05
537400,0.00949042443006,1.68876390184e-05
537500,0.00950413458999,1.6887182793e-05
537600,0.00951785277187,1.6886724434e-05
537700,0.00953157887717,1.68862639275e-05
537800,0.00954531280699,1.688580126e-05
537900,0.00955905446202,1.6885336418e-05
538000,0.00957280374257,1.68848693878e-05
538100,0.00958656054857,1.68844001558e-05
538200,0.00960032477957,1.68839287087e-05
538300,0.00961409633475,1.6883455033e-05
538400,0.00962787511291,1.68829791151e-05
538500,0.00964166101247,1.68825009417e-05
538600,0.00965545393151,1.68820204996e-05
538700,0.00966925376771,1.68815377752e-05
538800,0.00968306041842,1.68810527554e-05
538900,0.0096968737806,1.68805654268e-05
539000,0.00971069375089,1.68800757763e-05
539100,0.00972452022554,1.68795837907e-05
539200,0.00973835310048,1.68790894569e-05
539300,0.00975219227127,1.68785927617e-05
539400,0.00976603763314,1.68780936922e-05
539500,0.00977988908098,1.68775922351e-05
539600,0.00979374650933,1.68770883777e-05
539700,0.0098076098124,1.68765821069e-05
539800,0.00982147888406,1.68760734098e-05
539900,0.00983535361787,1.68755622736e-05
540000,0.00984923390703,1.68750486855e-05
540100,0.00986311964444,1.68745326326e-05
540200,0.00987702328669,1.68740164574e-05
540300,0.0098909458358,1.68735003437e-05
540400,0.00990487354515,1.68729817182e-05
540500,0.0099188063055,1.68724605681e-05
540600,0.00993274400726,1.68719368807e-05
540700,0.00994668654055,1.68714106433e-05
540800,0.00996063379517,1.68708818433e-05
540900,0.00997458566061,1.68703504682e-05
541000,0.00998854202603,1.68698165053e-05
541100,0.0100025027803,1.68692799423e-05
541200,0.010016467812,1.68687407666e-05
541300,0.0100304370095,1.68681989659e-05
541400,0.0100444102605,1.68676545277e-05
541500,0.0100583874529,1.68671074398e-05
541600,0.0100723684741,1.686655769e-05
541700,0.010086353211,1.68660052659e-05
541800,0.0101003415505,1.68654501555e-05
541900,0.010114333379,1.68648923465e-05
542000,0.010128328583,1.68643318268e-05
542100,0.0101423270481,1.68637685845e-05
542200,0.0101563286602,1.68632026076e-05
542300,0.0101703333046,1.6862633884e-05
542400,0.0101843408664,1.68620624019e-05
542500,0.0101983512304,1.68614881494e-05
542600,0.0102123642813,1.68609111146e-05
542700,0.0102263799032,1.68603312859e-05
542800,0.0102403979803,1.68597486515e-05
542900,0.0102544183962,1.68591631997e-05
543000,0.0102684410345,1.68585749189e-05
543100,0.0102824657783,1.68579837975e-05
543200,0.0102964925108,1.68573898239e-05
543300,0.0103105211145,1.68567929867e-05
543400,0.010324551472,1.68561932744e-05
543500,0.0103385834654,1.68555906756e-05
543600,0.0103526169767,1.6854985179e-05
543700,0.0103666518876,1.68543767732e-05
543800,0.0103806880795,1.68537654471e-05
543900,0.0103947254336,1.68531511892e-05
544000,0.0104087638309,1.68525339886e-05
544100,0.0104228031521,1.6851913834e-05
544200,0.0104368432776,1.68512907145e-05
544300,0.0104508840877,1.68506646189e-05
544400,0.0104649254624,1.68500355362e-05
544500,0.0104789672813,1.68494034556e-05
544600,0.010493009424,1.68487683661e-05
544700,0.0105070517698,1.68481302569e-05
544800,0.0105210941976,1.68474891172e-05
544900,0.0105351365863,1.68468449362e-05
545000,0.0105491788144,1.68461977032e-05
545100,0.0105632207602,1.68455474075e-05
545200,0.0105772623018,1.68448940385e-05
545300,0.0105913033172,1.68442375856e-05
545400,0.0106053436838,1.68435780383e-05
545500,0.0106193832792,1.6842915386e-05
545600,0.0106334219804,1.68422496184e-05
545700,0.0106474596645,1.68415807251e-05
545800,0.0106614962081,1.68409086956e-05
545900,0.0106755314877,1.68402335196e-05
546000,0.0106895653796,1.68395551869e-05
546100,0.0107035977599,1.68388736873e-05
546200,0.0107176285043,1.68381890105e-05
546300,0.0107316782859,1.68375046944e-05
546400,0.010745729722,1.68368177733e-05
546500,0.0107597791146,1.68361276267e-05
546600,0.0107738263374,1.68354342443e-05
546700,0.0107878712637,1.68347376161e-05
546800,0.0108019137665,1.6834037732e-05
546900,0.0108159537186,1.68333345819e-05
547000,0.0108299909926,1.68326281557e-05
547100,0.010844025461,1.68319184436e-05
547200,0.0108580569959,1.68312054355e-05
547300,0.0108720854692,1.68304891215e-05
547400,0.0108861107525,1.68297694918e-05
547500,0.0109001327174,1.68290465366e-05
547600,0.010914151235,1.6828320246e-05
547700,0.0109281661764,1.68275906104e-05
547800,0.0109421774123,1.682685762e-05
547900,0.0109561848132,1.6826121265e-05
548000,0.0109701882495,1.6825381536e-05
548100,0.0109841875912,1.68246384233e-05
548200,0.0109981827082,1.68238919173e-05
548300,0.0110121734701,1.68231420085e-05
548400,0.0110261597462,1.68223886873e-05
548500,0.0110401414058,1.68216319444e-05
548600,0.0110541183178,1.68208717703e-05
548700,0.0110680903507,1.68201081556e-05
548800,0.0110820573732,1.6819341091e-05
548900,0.0110960192534,1.68185705671e-05
549000,0.0111099758593,1.68177965747e-05
549100,0.0111239270587,1.68170191044e-05
549200,0.0111378727191,1.6816238147e-05
549300,0.0111518127079,1.68154536935e-05
549400,0.011165746892,1.68146657345e-05
549500,0.0111796751383,1.6813874261e-05
549600,0.0111935973135,1.68130792638e-05
549700,0.0112075132838,1.68122807339e-05
549800,0.0112214229155,1.68114786623e-05
549900,0.0112353260744,1.68106730399e-05
550000,0.0112492226261,1.68098638578e-05
550100,0.0112631124361,1.6809051107e-05
550200,0.0112769953696,1.68082347786e-05
550300,0.0112908712915,1.68074148637e-05
550400,0.0113047400666,1.68065913533e-05
550500,0.0113186015594,1.68057642388e-05
550600,0.011332455634,1.68049335113e-05
550700,0.0113463021545,1.68040991619e-05
550800,0.0113601409848,1.6803261182e-05
550900,0.0113739719882,1.68024195627e-05
551000,0.0113877950281,1.68015742955e-05
551100,0.0114016099676,1.68007253715e-05
551200,0.0114154166694,1.67998727822e-05
551300,0.0114292149963,1.6799016519e-05
551400,0.0114430048105,1.67981565732e-05
551500,0.0114567859741,1.67972929362e-05
551600,0.011470558349,1.67964255994e-05
551700,0.0114843217969,1.67955545545e-05
551800,0.0114980761791,1.67946797928e-05
551900,0.0115118213569,1.67938013058e-05
552000,0.0115255571911,1.67929190851e-05
552100,0.0115392835425,1.67920331223e-05
552200,0.0115530002714,1.67911434089e-05
552300,0.0115667072381,1.67902499365e-05
552400,0.0115804043027,1.67893526969e-05
552500,0.0115940913248,1.67884516815e-05
552600,0.011607768164,1.67875468821e-05
552700,0.0116214346795,1.67866382904e-05
552800,0.0116350907304,1.6785725898e-05
552900,0.0116487361755,1.67848096968e-05
553000,0.0116623708735,1.67838896785e-05
553100,0.0116759946826,1.67829658348e-05
553200,0.011689607461,1.67820381575e-05
553300,0.0117032090666,1.67811066386e-05
553400,0.0117167993571,1.67801712697e-05
553500,0.01173037819,1.67792320428e-05
553600,0.0117439454224,1.67782889497e-05
553700,0.0117575009113,1.67773419823e-05
553800,0.0117710445137,1.67763911326e-05
553900,0.0117845760859,1.67754363925e-05
554000,0.0117980954844,1.67744777539e-05
554100,0.0118116025654,1.67735152088e-05
554200,0.0118250971846,1.67725487493e-05
554300,0.011838579198,1.67715783673e-05
554400,0.0118520484608,1.67706040548e-05
554500,0.0118655048285,1.6769625804e-05
554600,0.0118789481562,1.67686436069e-05
554700,0.0118923782987,1.67676574556e-05
554800,0.0119058049121,1.67666688264e-05
554900,0.0119192217538,1.67656767834e-05
555000,0.0119326247912,1.67646807299e-05
555100,0.0119460138763,1.67636806576e-05
555200,0.0119593888609,1.67626765586e-05
555300,0.0119727495966,1.6761668425e-05
555400,0.011986095935,1.67606562488e-05
555500,0.0119994277272,1.67596400222e-05
555600,0.0120127448244,1.67586197371e-05
555700,0.0120260470774,1.67575953857e-05
555800,0.0120393343371,1.67565669602e-05
555900,0.012052606454,1.67555344528e-05
556000,0.0120658632785,1.67544978555e-05
556100,0.0120791046609,1.67534571607e-05
556200,0.0120923304513,1.67524123605e-05
556300,0.0121055404998,1.67513634473e-05
556400,0.012118734656,1.67503104133e-05
556500,0.0121319127698,1.67492532508e-05
556600,0.0121450746907,1.67481919522e-05
556700,0.0121582202682,1.67471265098e-05
556800,0.0121713493516,1.6746056916e-05
556900,0.0121844617901,1.67449831632e-05
557000,0.0121975574329,1.67439052439e-05
557100,0.0122106361289,1.67428231505e-05
557200,0.0122236977272,1.67417368755e-05
557300,0.0122367420766,1.67406464115e-05
557400,0.0122497690258,1.6739551751e-05
557500,0.0122627784236,1.67384528866e-05
557600,0.0122757701187,1.67373498109e-05
557700,0.0122887439596,1.67362425165e-05
557800,0.0123016997948,1.67351309962e-05
557900,0.012314637473,1.67340152427e-05
558000,0.0123275568426,1.67328952486e-05
558100,0.012340457752,1.67317710069e-05
558200,0.0123533400498,1.67306425102e-05
558300,0.0123662035843,1.67295097515e-05
558400,0.0123790482041,1.67283727237e-05
558500,0.0123918737577,1.67272314196e-05
558600,0.0124046800935,1.67260858323e-05
558700,0.0124174670602,1.67249359548e-05
558800,0.0124302345062,1.67237817801e-05
558900,0.0124429822803,1.67226233013e-05
559000,0.0124557102312,1.67214605116e-05
559100,0.0124684182078,1.67202934041e-05
559200,0.0124811060587,1.67191219721e-05
559300,0.0124937736332,1.67179462087e-05
559400,0.0125064207803,1.67167661075e-05
559500,0.0125190473493,1.67155816616e-05
559600,0.0125316531894,1.67143928646e-05
559700,0.0125442381503,1.67131997099e-05
559800,0.0125568020816,1.67120021911e-05
559900,0.0125693448331,1.67108003016e-05
560000,0.012581866255,1.67095940352e-05
560100,0.0125943661975,1.67083833854e-05
560200,0.012606844511,1.67071683462e-05
560300,0.0126193010462,1.67059489112e-05
560400,0.0126317356541,1.67047250743e-05
560500,0.0126441481859,1.67034968294e-05
560600,0.012656538493,1.67022641706e-05
560700,0.0126689064271,1.67010270918e-05
560800,0.0126812518403,1.66997855873e-05
560900,0.012693574585,1.6698539651e-05
561000,0.0127058745138,1.66972892774e-05
561100,0.0127181514799,1.66960344608e-05
561200,0.0127304053365,1.66947751954e-05
561300,0.0127426359374,1.66935114759e-05
561400,0.0127548431369,1.66922432967e-05
561500,0.0127670267895,1.66909706524e-05
561600,0.0127791867503,1.66896935377e-05
561700,0.0127913228745,1.66884119474e-05
561800,0.0128034350183,1.66871258764e-05
561900,0.0128155230379,1.66858353196e-05
562000,0.0128275867902,1.6684540272e-05
562100,0.0128396261327,1.66832407287e-05
562200,0.0128516409232,1.66819366848e-05
562300,0.0128636310203,1.66806281358e-05
562400,0.012875596283,1.6679315077e-05
562500,0.012887536571,1.66779975037e-05
562600,0.0128994517443,1.66766754117e-05
562700,0.0129113416641,1.66753487965e-05
562800,0.0129232061917,1.66740176539e-05
562900,0.0129350451892,1.66726819798e-05
563000,0.0129468585197,1.66713417702e-05
563100,0.0129586460466,1.6669997021e-05
563200,0.0129704076342,1.66686477285e-05
563300,0.0129821431476,1.66672938889e-05
563400,0.0129938524524,1.66659354987e-05
563500,0.0130055354154,1.66645725543e-05
563600,0.0130171919038,1.66632050523e-05
563700,0.0130288217859,1.66618329896e-05
563800,0.0130404249307,1.66604563629e-05
563900,0.0130520012082,1.66590751691e-05
564000,0.0130635504891,1.66576894055e-05
564100,0.0130750726452,1.66562990692e-05
564200,0.0130865675491,1.66549041576e-05
564300,0.0130980350745,1.6653504668e-05
564400,0.0131094750958,1.66521005982e-05
564500,0.0131208874887,1.66506919459e-05
564600,0.0131322721298,1.66492787088e-05
564700,0.0131436288968,1.66478608851e-05
564800,0.0131549576683,1.66464384729e-05
564900,0.0131662583241,1.66450114704e-05
565000,0.0131775307452,1.6643579876e-05
565100,0.0131887748135,1.66421436884e-05
565200,0.0131999904124,1.66407029062e-05
565300,0.0132111774261,1.66392575284e-05
565400,0.0132223357403,1.66378075539e-05
565500,0.013233474618,1.6636354235e-05
565600,0.0132445932477,1.66348974738e-05
565700,0.0132556832342,1.66334361614e-05
565800,0.0132667444692,1.66319702973e-05
565900,0.0132777768454,1.66304998814e-05
566000,0.0132887802573,1.66290249136e-05
566100,0.0132997546002,1.6627545394e-05
566200,0.0133106997712,1.6626061323e-05
566300,0.0133216156684,1.66245727009e-05
566400,0.0133325021916,1.66230795284e-05
566500,0.0133433592418,1.66215818063e-05
566600,0.0133541867216,1.66200795355e-05
566700,0.0133649845348,1.66185727171e-05
566800,0.0133757525871,1.66170613525e-05
566900,0.0133864907853,1.66155454431e-05
567000,0.0133971990381,1.66140249906e-05
567100,0.0134078772553,1.66124999968e-05
567200,0.0134185253488,1.66109704637e-05
567300,0.0134291432316,1.66094363936e-05
567400,0.0134397308188,1.66078977888e-05
567500,0.0134502880267,1.66063546519e-05
567600,0.0134608147735,1.66048069857e-05
567700,0.0134713109791,1.66032547931e-05
567800,0.0134817765651,1.66016980774e-05
567900,0.0134922114547,1.66001368417e-05
568000,0.0135026155729,1.65985710898e-05
568100,0.0135129888466,1.65970008252e-05
568200,0.0135233312044,1.65954260521e-05
568300,0.0135336425767,1.65938467744e-05
568400,0.0135439228958,1.65922629967e-05
568500,0.0135541720957,1.65906747233e-05
568600,0.0135643901125,1.65890819592e-05
568700,0.013574576884,1.65874847092e-05
568800,0.01358473235,1.65858829785e-05
568900,0.0135948564524,1.65842767726e-05
569000,0.0136049491347,1.6582666097e-05
569100,0.0136150103426,1.65810509575e-05
569200,0.0136250400239,1.65794313603e-05
569300,0.0136350381281,1.65778073115e-05
569400,0.0136450046071,1.65761788176e-05
569500,0.0136549394145,1.65745458853e-05
569600,0.0136648425062,1.65729085216e-05
569700,0.01367471384,1.65712667334e-05
569800,0.0136845533761,1.65696205283e-05
569900,0.0136943610764,1.65679699138e-05
570000,0.0137041369053,1.65663148977e-05
570100,0.0137138808292,1.6564655488e-05
570200,0.0137235928167,1.6562991693e-05
570300,0.0137332728385,1.65613235212e-05
570400,0.0137429208675,1.65596509812e-05
570500,0.0137525368789,1.65579740821e-05
570600,0.0137621208501,1.6556292833e-05
570700,0.0137716727607,1.65546072433e-05
570800,0.0137811925926,1.65529173227e-05
570900,0.0137906803299,1.65512230811e-05
571000,0.013800135959,1.65495245284e-05
571100,0.0138095594685,1.65478216752e-05
571200,0.0138189508495,1.65461145319e-05
571300,0.0138283100953,1.65444031093e-05
571400,0.0138376372013,1.65426874186e-05
571500,0.0138469321657,1.65409674709e-05
571600,0.0138561949886,1.65392432778e-05
571700,0.0138654256726,1.65375148511e-05
571800,0.0138746242228,1.65357822027e-05
571900,0.0138837906463,1.65340453448e-05
572000,0.0138929249529,1.65323042899e-05
572100,0.0139020271547,1.65305590508e-05
572200,0.013911097266,1.65288096402e-05
572300,0.0139201386681,1.65270564937e-05
572400,0.0139291879003,1.6525304205e-05
572500,0.0139382054614,1.65235478216e-05
572600,0.0139471913729,1.65217873568e-05
572700,0.0139561456589,1.65200228246e-05
572800,0.0139650683457,1.65182542387e-05
572900,0.013973959462,1.65164816135e-05
573000,0.0139828190387,1.65147049634e-05
573100,0.0139916471094,1.65129243029e-05
573200,0.0140004437096,1.6511139647e-05
573300,0.0140092088774,1.65093510108e-05
573400,0.0140179426534,1.65075584096e-05
573500,0.0140266450801,1.65057618588e-05
573600,0.0140353162027,1.65039613744e-05
573700,0.0140439560687,1.65021569722e-05
573800,0.0140525647278,1.65003486684e-05
573900,0.0140611422321,1.64985364796e-05
574000,0.014069688636,1.64967204222e-05
574100,0.0140782039962,1.64949005132e-05
574200,0.0140866883718,1.64930767696e-05
574300,0.0140951418242,1.64912492086e-05
574400,0.0141035644169,1.64894178478e-05
574500,0.0141119562158,1.64875827049e-05
574600,0.0141203172893,1.64857437977e-05
574700,0.0141286477077,1.64839011444e-05
574800,0.0141369475438,1.64820547631e-05
574900,0.0141452168726,1.64802046726e-05
575000,0.0141534557712,1.64783508914e-05
575100,0.0141616643191,1.64764934384e-05
575200,0.0141698425978,1.64746323328e-05
575300,0.0141779906913,1.64727675938e-05
575400,0.0141861086855,1.64708992409e-05
575500,0.0141941966686,1.64690272938e-05
575600,0.014202254731,1.64671517723e-05
575700,0.0142102829649,1.64652726964e-05
575800,0.0142182814651,1.64633900864e-05
575900,0.0142262503281,1.64615039627e-05
576000,0.0142341896528,1.64596143458e-05
576100,0.0142420995398,1.64577212565e-05
576200,0.0142499800921,1.64558247157e-05
576300,0.0142578314145,1.64539247445e-05
576400,0.0142656536139,1.6452021364e-05
576500,0.014273446799,1.64501145958e-05
576600,0.0142812110808,1.64482044613e-05
576700,0.014288955051,1.64462920115e-05
576800,0.0142967170036,1.64443818966e-05
576900,0.0143044506215,1.64424684989e-05
577000,0.014312156019,1.644055184e-05
577100,0.0143198333124,1.64386319416e-05
577200,0.0143274826193,1.64367088259e-05
577300,0.0143351040596,1.64347825147e-05
577400,0.0143426977546,1.64328530304e-05
577500,0.0143502638275,1.64309203954e-05
577600,0.0143578024031,1.6428984632e-05
577700,0.0143653136078,1.64270457629e-05
577800,0.0143727975699,1.64251038108e-05
577900,0.014380254419,1.64231587985e-05
578000,0.0143876842864,1.64212107489e-05
578100,0.0143950873051,1.64192596852e-05
578200,0.0144024636094,1.64173056305e-05
578300,0.0144098133353,1.6415348608e-05
578400,0.0144171366201,1.64133886411e-05
578500,0.0144244336027,1.64114257533e-05
578600,0.0144317044232,1.6409459968e-05
578700,0.0144389492233,1.6407491309e-05
578800,0.0144461681459,1.64055198e-05
578900,0.0144533613353,1.64035454646e-05
579000,0.0144605289371,1.64015683269e-05
579100,0.014467671098,1.63995884108e-05
579200,0.0144747879662,1.63976057402e-05
579300,0.0144818796909,1.63956203393e-05
579400,0.0144889464224,1.63936322321e-05
579500,0.0144959883123,1.6391641443e-05
579600,0.0145030055133,1.63896479962e-05
579700,0.014509998179,1.63876519159e-05
579800,0.0145169664641,1.63856532265e-05
579900,0.0145239105244,1.63836519525e-05
580000,0.0145308305165,1.63816481182e-05
580100,0.0145377265981,1.63796417481e-05
580200,0.0145445989277,1.63776328668e-05
580300,0.0145514476647,1.63756214988e-05
580400,0.0145582729693,1.63736076685e-05
580500,0.0145650750025,1.63715914007e-05
580600,0.0145718953681,1.6369577619e-05
580700,0.0145787111455,1.63675636117e-05
580800,0.0145855042013,1.63655472389e-05
580900,0.0145922746949,1.63635285249e-05
581000,0.0145990227864,1.63615074937e-05
581100,0.0146057486365,1.63594841695e-05
581200,0.0146124524064,1.63574585765e-05
581300,0.014619134258,1.63554307387e-05
581400,0.0146257943535,1.63534006803e-05
581500,0.0146324328557,1.63513684254e-05
581600,0.0146390499279,1.6349333998e-05
581700,0.0146456457337,1.63472974223e-05
581800,0.0146522204371,1.63452587222e-05
581900,0.0146587742025,1.63432179218e-05
582000,0.0146653071946,1.63411750451e-05
582100,0.0146718195783,1.6339130116e-05
582200,0.0146783115189,1.63370831584e-05
582300,0.0146847831818,1.63350341962e-05
582400,0.0146912347327,1.63329832532e-05
582500,0.0146976663374,1.63309303532e-05
582600,0.0147040781616,1.63288755199e-05
582700,0.0147104703716,1.6326818777e-05
582800,0.0147168431333,1.63247601481e-05
582900,0.0147231966129,1.63226996568e-05
583000,0.0147295309765,1.63206373266e-05
583100,0.0147358463903,1.63185731808e-05
583200,0.0147421430201,1.63165072429e-05
583300,0.0147484210321,1.63144395361e-05
583400,0.0147546805921,1.63123700836e-05
583500,0.0147609218658,1.63102989087e-05
583600,0.0147671450187,1.63082260342e-05
583700,0.0147733502162,1.63061514833e-05
583800,0.0147795376235,1.63040752787e-05
583900,0.0147857074054,1.63019974433e-05
584000,0.0147918597265,1.62999179997e-05
584100,0.0147979947512,1.62978369707e-05
584200,0.0148041126433,1.62957543786e-05
584300,0.0148102135666,1.62936702459e-05
584400,0.0148163404012,1.62915895293e-05
584500,0.0148224663252,1.62895091269e-05
584600,0.0148285756789,1.62874272324e-05
584700,0.0148346686204,1.62853438674e-05
584800,0.0148407453077,1.62832590532e-05
584900,0.0148468058979,1.62811728114e-05
585000,0.0148528505478,1.62790851632e-05
585100,0.0148588794138,1.62769961298e-05
585200,0.0148648926515,1.62749057322e-05
585300,0.0148708904162,1.62728139914e-05
585400,0.0148768728624,1.62707209282e-05
585500,0.0148828401442,1.62686265633e-05
585600,0.0148887924149,1.62665309173e-05
585700,0.0148947298273,1.62644340106e-05
585800,0.0149006525335,1.62623358635e-05
585900,0.0149065606848,1.62602364963e-05
586000,0.0149124544319,1.6258135929e-05
586100,0.014918333925,1.62560341815e-05
586200,0.0149241993131,1.62539312737e-05
586300,0.0149300507448,1.62518272253e-05
586400,0.0149358883679,1.62497220557e-05
586500,0.0149417123293,1.62476157843e-05
586600,0.0149475227751,1.62455084305e-05
586700,0.0149533198508,1.62434000134e-05
586800,0.0149591037009,1.62412905518e-05
586900,0.0149648744689,1.62391800648e-05
587000,0.0149706322979,1.62370685709e-05
587100,0.0149763773296,1.62349560887e-05
587200,0.0149821097052,1.62328426367e-05
587300,0.0149878295648,1.62307282331e-05
587400,0.0149935370478,1.6228612896e-05
587500,0.0149992322925,1.62264966434e-05
587600,0.0150049154362,1.62243794932e-05
587700,0.0150105866155,1.62222614629e-05
587800,0.0150162459659,1.62201425701e-05
587900,0.015021893622,1.62180228323e-05
588000,0.0150275297173,1.62159022666e-05
588100,0.0150331543846,1.62137808901e-05
588200,0.0150387677553,1.62116587197e-05
588300,0.0150443699602,1.62095357723e-05
588400,0.0150499611288,1.62074120643e-05
588500,0.0150555615008,1.62052898826e-05
588600,0.0150611824251,1.62031705057e-05
588700,0.0150667924821,1.6201050387e-05
588800,0.015072391795,1.61989295421e-05
588900,0.015077980486,1.61968079868e-05
589000,0.0150835586761,1.61946857366e-05
589100,0.0150891264854,1.61925628068e-05
589200,0.0150946840332,1.61904392125e-05
589300,0.0151002314373,1.6188314969e-05
589400,0.015105768815,1.6186190091e-05
589500,0.0151112962822,1.61840645934e-05
589600,0.015116813954,1.61819384907e-05
589700,0.0151223219442,1.61798117974e-05
589800,0.0151278203659,1.61776845278e-05
589900,0.0151333093309,1.61755566961e-05
590000,0.0151387889501,1.61734283163e-05
590100,0.0151442593333,1.61712994022e-05
590200,0.0151497205893,1.61691699676e-05
590300,0.0151551728259,1.61670400261e-05
590400,0.0151606161496,1.6164909591e-05
590500,0.0151660506663,1.61627786757e-05
590600,0.0151714764804,1.61606472932e-05
590700,0.0151768936956,1.61585154567e-05
590800,0.0151823024143,1.61563831788e-05
590900,0.0151877027382,1.61542504724e-05
591000,0.0151930947676,1.61521173499e-05
591100,0.015198478602,1.61499838239e-05
591200,0.0152038543397,1.61478499065e-05
591300,0.0152092220782,1.61457156099e-05
591400,0.0152145819136,1.61435809462e-05
591500,0.0152199339415,1.6141445927e-05
591600,0.015225278256,1.61393105642e-05
591700,0.0152306149503,1.61371748694e-05
591800,0.0152359441169,1.61350388539e-05
591900,0.0152412658468,1.6132902529e-05
592000,0.0152465802303,1.6130765906e-05
592100,0.0152518873567,1.61286289959e-05
592200,0.0152571873141,1.61264918094e-05
592300,0.0152624801899,1.61243543575e-05
592400,0.0152677660702,1.61222166508e-05
592500,0.0152730450403,1.61200786996e-05
592600,0.0152783171846,1.61179405145e-05
592700,0.0152835825863,1.61158021056e-05
592800,0.0152888413277,1.6113663483e-05
592900,0.0152940934903,1.61115246568e-05
593000,0.0152993391544,1.61093856367e-05
593100,0.0153045783996,1.61072464325e-05
593200,0.0153098113044,1.61051070539e-05
593300,0.0153150379464,1.61029675102e-05
593400,0.0153202584023,1.61008278109e-05
593500,0.0153254727477,1.60986879652e-05
593600,0.0153306810576,1.60965479822e-05
593700,0.0153359084669,1.60944106238e-05
593800,0.0153411422724,1.6092274492e-05
593900,0.0153463699683,1.60901382132e-05
594000,0.0153515916252,1.6088001796e-05
594100,0.0153568073126,1.6085865249e-05
594200,0.0153620170995,1.60837285806e-05
594300,0.0153672210538,1.60815917991e-05
594400,0.0153724192428,1.60794549126e-05
594500,0.0153776117326,1.60773179292e-05
594600,0.015382798589,1.60751808569e-05
594700,0.0153879798765,1.60730437037e-05
594800,0.0153931556591,1.60709064772e-05
594900,0.015398326,1.60687691851e-05
595000,0.0154034909614,1.60666318349e-05
595100,0.015408650605,1.60644944342e-05
595200,0.0154138049916,1.60623569903e-05
595300,0.0154189541812,1.60602195105e-05
595400,0.0154240982331,1.60580820019e-05
595500,0.0154292372058,1.60559444717e-05
595600,0.0154343711572,1.60538069267e-05
595700,0.0154395001444,1.60516693739e-05
595800,0.0154446242237,1.604953182e-05
595900,0.0154497434508,1.60473942718e-05
596000,0.0154548578806,1.60452567359e-05
596100,0.0154599675674,1.60431192188e-05
596200,0.0154650725648,1.60409817269e-05
596300,0.0154701729256,1.60388442665e-05
596400,0.0154752687021,1.6036706844e-05
596500,0.0154803599459,1.60345694656e-05
596600,0.0154854467078,1.60324321372e-05
596700,0.015490529038,1.60302948649e-05
596800,0.0154956069863,1.60281576547e-05
596900,0.0155006806016,1.60260205124e-05
597000,0.0155057499322,1.60238834437e-05
597100,0.0155108150259,1.60217464544e-05
597200,0.0155158759298,1.601960955e-05
597300,0.0155209326905,1.60174727362e-05
597400,0.0155259853539,1.60153360183e-05
597500,0.0155310339654,1.60131994017e-05
597600,0.0155360785698,1.60110628918e-05
597700,0.0155411192112,1.60089264938e-05
597800,0.0155461559333,1.60067902129e-05
597900,0.0155511887793,1.60046540542e-05
598000,0.0155562177916,1.60025180226e-05
598100,0.0155612430123,1.60003821233e-05
598200,0.0155662644828,1.5998246361e-05
598300,0.0155712822442,1.59961107406e-05
598400,0.0155762963367,1.59939752669e-05
598500,0.0155813068005,1.59918399445e-05
598600,0.0155863136748,1.59897047781e-05
598700,0.0155913169986,1.59875697723e-05
598800,0.0155963168103,1.59854349316e-05
598900,0.015601313148,1.59833002604e-05
599000,0.0156063060489,1.59811657631e-05
599100,0.0156112955502,1.59790314441e-05
599200,0.0156162816884,1.59768973077e-05
599300,0.0156212644995,1.59747633579e-05
599400,0.0156262440192,1.59726295991e-05
599500,0.0156312202827,1.59704960353e-05
599600,0.0156361933247,1.59683626705e-05
599700,0.0156411631795,1.59662295088e-05
599800,0.015646129881,1.59640965541e-05
599900,0.0156510934627,1.59619638103e-05
600000,0.0156560539576,1.59598312812e-05
