step,max_abs_u,growth_rate_estimate
100,1.08299461275e-06,0
200,1.77430039024e-06,0.00493676205262
300,2.15786964985e-06,0.00344695734083
400,2.68582117452e-06,0.00302752175129
500,3.31507470705e-06,0.00279687541455
600,4.03265066466e-06,0.00262938779857
700,4.71790040804e-06,0.00245272313033
800,5.21037106608e-06,0.00224417297357
900,5.57250953497e-06,0.00204764437966
1000,5.93141612396e-06,0.00188948110846
1100,6.3278736578e-06,0.00176523427106
1200,6.81886878449e-06,0.00167269417918
1300,7.32131309371e-06,0.0015925497522
1400,7.70977663997e-06,0.0015098147872
1500,7.93540158172e-06,0.00142257426285
1600,8.14369479452e-06,0.00134500932624
1700,8.46303258036e-06,0.0012849859855
1800,8.8338103018e-06,0.00123462143863
1900,9.16524202449e-06,0.00118649349711
2000,9.41087597996e-06,0.00113796633998
2100,9.5788135177e-06,0.00108991187038
2200,9.75389376371e-06,0.00104663646288
2300,9.9775147339e-06,0.00100936547319
2400,1.02201724589e-05,0.000975927593764
2500,1.04436081263e-05,0.000944275056286
2600,1.06265589544e-05,0.000913450574217
2700,1.07652294563e-05,0.000883304404611
2800,1.08787853957e-05,0.000854475779684
2900,1.10200713083e-05,0.000828567243173
3000,1.12006968501e-05,0.000805602069482
3100,1.1370493221e-05,0.00078376389745
3200,1.14949014922e-05,0.000761991482237
3300,1.15826930754e-05,0.000740556879414
3400,1.16672440518e-05,0.000720319778219
3500,1.17775624493e-05,0.000701901835405
3600,1.19054047429e-05,0.000684932138131
3700,1.20186718494e-05,0.000668536509533
3800,1.21029246908e-05,0.000652355983717
3900,1.21715330812e-05,0.000636676283578
4000,1.22402257997e-05,0.000621794289994
4100,1.23150437464e-05,0.000607772897556
4200,1.23988085204e-05,0.000594602533489
4300,1.2482162965e-05,0.000582040635429
4400,1.25486514974e-05,0.000569740282738
4500,1.25975038865e-05,0.00055767470374
4600,1.26425862487e-05,0.000546075773877
4700,1.26969471781e-05,0.000535137302449
4800,1.27607056851e-05,0.000524817146221
4900,1.28211346365e-05,0.000514867699821
5000,1.28664707626e-05,0.00050508056497
5100,1.29002547251e-05,0.000495503412735
5200,1.29358040841e-05,0.000486327251671
5300,1.2978411869e-05,0.000477607184232
5400,1.30226864932e-05,0.000469238293915
5500,1.30630757611e-05,0.000461122150469
5600,1.30970871021e-05,0.000453210882407
5700,1.31250245338e-05,0.000445498336444
5800,1.31510877e-05,0.000438030609896
5900,1.3179849054e-05,0.000430855014264
6000,1.32116976521e-05,0.000423961462594
6100,1.32427237127e-05,0.000417286375701
6200,1.32683348582e-05,0.000410762354946
6300,1.32879457159e-05,0.000404375369915
6400,1.33063171338e-05,0.00039817601608
6500,1.33283292773e-05,0.000392212780809
6600,1.33527885915e-05,0.000386460808103
6700,1.33747794148e-05,0.000380854667677
6800,1.33923187095e-05,0.000375365868409
6900,1.34072947546e-05,0.000370010139687
7000,1.34222769016e-05,0.00036480953454
7100,1.34384599314e-05,0.000359770106638
7200,1.34552502697e-05,0.000354878787447
7300,1.34710548489e-05,0.000350112958988
7400,1.34846975965e-05,0.000345455553087
7500,1.3496227107e-05,0.000340902726919
7600,1.35068431118e-05,0.000336462194742
7700,1.35181758966e-05,0.000332145414341
7800,1.35307297058e-05,0.000327952386953
7900,1.35428450902e-05,0.000323862612387
8000,1.35527199299e-05,0.000319855350176
8100,1.35607366697e-05,0.00031593107676
8200,1.35686876827e-05,0.000312103057815
8300,1.35775024432e-05,0.000308376121616
8400,1.35865733816e-05,0.000304741212061
8500,1.35947999454e-05,0.000301185401076
8600,1.36017466266e-05,0.000297702143446
8700,1.36078508743e-05,0.000294292663108
8800,1.36137738666e-05,0.00029096000815
8900,1.36198240205e-05,0.000287704134812
9000,1.36259548563e-05,0.0002845220703
9100,1.36318385875e-05,0.000281408681742
9200,1.36369574049e-05,0.000278357535137
9300,1.3641156233e-05,0.000275365372067
9400,1.3644991467e-05,0.000272434681202
9500,1.36491007491e-05,0.000269568473048
9600,1.36534238376e-05,0.000266764244963
9700,1.36573573197e-05,0.00026401545631
9800,1.36605168405e-05,0.000261317494418
9900,1.36631187484e-05,0.000258670423156
10000,1.36656504293e-05,0.000256076305335
10100,1.36683162969e-05,0.000253535048178
10200,1.36709133255e-05,0.000251043610622
10300,1.36731757403e-05,0.00024859862203
10400,1.36750291352e-05,0.000246198202449
10500,1.36765350627e-05,0.000243841500153
10600,1.36778243391e-05,0.000241528177751
10700,1.36790665523e-05,0.000239258177525
10800,1.36803145733e-05,0.000237030646114
10900,1.36814035144e-05,0.000234843287906
11000,1.3682128709e-05,0.000232693625123
11100,1.36824979702e-05,0.000230580682005
11200,1.36827655757e-05,0.000228505140549
11300,1.36830715643e-05,0.000226466912761
11400,1.36833524793e-05,0.000224464597595
11500,1.36834135661e-05,0.000222496001502
11600,1.36831699566e-05,0.000220559705539
11700,1.36827125837e-05,0.000218655447172
11800,1.36821585542e-05,0.000216783136339
11900,1.36815394376e-05,0.00021494215629
12000,1.36808276618e-05,0.000213131547759
12100,1.3679981689e-05,0.000211350298337
12200,1.36789609607e-05,0.000209597434919
12300,1.36777579393e-05,0.000207872214083
12400,1.36764242216e-05,0.000206174268056
12500,1.36750297446e-05,0.000204503349176
12600,1.36735846352e-05,0.000202858867933
12700,1.36720214075e-05,0.000201239803014
12800,1.36702736399e-05,0.000199645171217
12900,1.3668359013e-05,0.000198074500544
13000,1.36663552334e-05,0.000196527674136
13100,1.36643045616e-05,0.000195004379424
13200,1.36621797013e-05,0.000193503924883
13300,1.36599382201e-05,0.000192025555895
13400,1.36575721555e-05,0.00019056873014
13500,1.36551010361e-05,0.000189133071677
13600,1.36525452366e-05,0.000187718220358
13700,1.36499149642e-05,0.00018632377193
13800,1.36472088014e-05,0.000184949271802
13900,1.36444126581e-05,0.000183594211241
14000,1.36415082093e-05,0.000182258073756
14100,1.36384942946e-05,0.00018094044741
14200,1.36353969683e-05,0.000179641073487
14300,1.36322455933e-05,0.000178359717763
14400,1.36290403083e-05,0.000177096002752
14500,1.36257561011e-05,0.000175849433267
14600,1.36223774548e-05,0.000174619575725
14700,1.36189150032e-05,0.000173406139856
14800,1.36153874297e-05,0.00017220888355
14900,1.36117996122e-05,0.000171027502804
15000,1.36081428805e-05,0.000169861634977
15100,1.36044089192e-05,0.000168710928788
15200,1.36005976656e-05,0.000167575082394
15300,1.35967153202e-05,0.000166453832196
15400,1.35927709022e-05,0.000165346935064
15500,1.3588773597e-05,0.000164254155027
15600,1.35847268133e-05,0.000163175234814
15700,1.35806238369e-05,0.000162109875985
15800,1.35764546461e-05,0.000161057772147
15900,1.35722179866e-05,0.000160018665485
16000,1.35679223232e-05,0.000158992349711
16100,1.35635746028e-05,0.000157978616745
16200,1.35591729039e-05,0.000156977223089
16300,1.3554711865e-05,0.000155987915578
16400,1.35501917967e-05,0.000155010472904
16500,1.3545619597e-05,0.000154044708809
16600,1.35410022301e-05,0.000153090441883
16700,1.35363420027e-05,0.000152147474402
16800,1.35316374896e-05,0.000151215596875
16900,1.35268859401e-05,0.000150294598954
17000,1.35220843864e-05,0.000149384274302
17100,1.35172312661e-05,0.00014848442753
17200,1.35123283118e-05,0.000147594882069
17300,1.35073794048e-05,0.000146715474712
17400,1.35023869871e-05,0.000145846039887
17500,1.34973510017e-05,0.000144986405199
17600,1.34922718446e-05,0.000144136404111
17700,1.34871527633e-05,0.000143295885884
17800,1.34819979204e-05,0.000142464707037
17900,1.34768085585e-05,0.000141642715169
18000,1.34715822301e-05,0.000140829745986
18100,1.34663156912e-05,0.000140025635544
18200,1.34610075674e-05,0.000139230231172
18300,1.34556584191e-05,0.000138443391443
18400,1.34502697579e-05,0.000137664981889
18500,1.34448572461e-05,0.000136894928175
18600,1.34394116026e-05,0.000136133057348
18700,1.34339329779e-05,0.000135379237861
18800,1.34284226683e-05,0.000134633345542
18900,1.34228816685e-05,0.000133895257674
19000,1.34173109032e-05,0.000133164853865
19100,1.34117103834e-05,0.000132442012679
19200,1.34060784797e-05,0.000131726608815
19300,1.34004128454e-05,0.000131018516782
19400,1.33947123925e-05,0.000130317618543
19500,1.33889782036e-05,0.000129623806843
19600,1.33832126617e-05,0.000128936981615
19700,1.33774181802e-05,0.000128257044966
19800,1.33715967476e-05,0.000127583899391
19900,1.3365749937e-05,0.000126917447798
20000,1.33598786755e-05,0.000126257592626
20100,1.33539829655e-05,0.00012560423481
20200,1.33480620386e-05,0.00012495727438
20300,1.3342114779e-05,0.000124316612052
20400,1.33361400399e-05,0.000123682150377
20500,1.3330136949e-05,0.000123053794817
20600,1.33241054769e-05,0.000122431455755
20700,1.33180469269e-05,0.000121815050176
20800,1.33119636712e-05,0.000121204500552
20900,1.33058581573e-05,0.000120599731134
21000,1.32997320199e-05,0.000120000664714
21100,1.32935858774e-05,0.000119407221924
21200,1.32874195503e-05,0.000118819322061
21300,1.32812322486e-05,0.00011823688377
21400,1.32750227495e-05,0.00011765982569
21500,1.32687898061e-05,0.000117088067889
21600,1.32625326927e-05,0.000116521533738
21700,1.32562515592e-05,0.00011596015108
21800,1.32499474523e-05,0.000115403852209
21900,1.32436221042e-05,0.000114852573041
22000,1.32372775376e-05,0.000114306251675
22100,1.32309154843e-05,0.000113764826351
22200,1.32245368082e-05,0.000113228233464
22300,1.32181412977e-05,0.000112696406899
22400,1.32117279479e-05,0.000112169279031
22500,1.32052954711e-05,0.000111646782481
22600,1.31988427208e-05,0.000111128851531
22700,1.31923689916e-05,0.000110615423102
22800,1.31858742809e-05,0.000110106437565
22900,1.31793594373e-05,0.000109601839173
23000,1.31728260156e-05,0.000109101575497
23100,1.31662758271e-05,0.000108605595876
23200,1.31597103858e-05,0.000108113849561
23300,1.31531304892e-05,0.00010762628434
23400,1.31465360401e-05,0.000107142845978
23500,1.31399261451e-05,0.000106663478581
23600,1.31332994715e-05,0.000106188125774
23700,1.31266547562e-05,0.000105716732355
23800,1.31199912543e-05,0.000105249245709
23900,1.3113308971e-05,0.000104785616506
24000,1.31066086584e-05,0.000104325798624
24100,1.30998916417e-05,0.000103869748538
24200,1.30931594952e-05,0.000103417424243
24300,1.30864136046e-05,0.000102968783842
24400,1.30796547373e-05,0.00010252378419
24500,1.30728828179e-05,0.000102082380215
24600,1.30660970116e-05,0.000101644525204
24700,1.30592960587e-05,0.000101210171878
24800,1.30524787134e-05,0.000100779273758
24900,1.30456441561e-05,0.000100351786423
25000,1.30387922674e-05,9.99276683153e-05
25100,1.30319236925e-05,9.95068808905e-05
25200,1.30250396568e-05,9.9089387995e-05
25300,1.3018141603e-05,9.867515472e-05
25400,1.30112307703e-05,9.82641460984e-05
25500,1.30043078446e-05,9.78563260475e-05
25600,1.29973727721e-05,9.74516568219e-05
25700,1.29904247974e-05,9.70500991561e-05
25800,1.29834627284e-05,9.66516130823e-05
25900,1.29764853464e-05,9.62561591642e-05
26000,1.2969491813e-05,9.5863699699e-05
26100,1.29624819403e-05,9.54741994886e-05
26200,1.29554562523e-05,9.50876259774e-05
26300,1.29484158319e-05,9.47039487579e-05
26400,1.29413620025e-05,9.43231385979e-05
26500,1.29342959269e-05,9.39451662464e-05
26600,1.29272182551e-05,9.35700014034e-05
26700,1.2920128938e-05,9.31976121955e-05
26800,1.2913027271e-05,9.28279653237e-05
26900,1.29059121368e-05,9.24610267884e-05
27000,1.289878237e-05,9.20967629505e-05
27100,1.28916371291e-05,9.17351415905e-05
27200,1.28844761651e-05,9.13761326576e-05
27300,1.28772999063e-05,9.10197084732e-05
27400,1.28701093268e-05,9.06658433204e-05
27500,1.28629056412e-05,9.03145125462e-05
27600,1.28556899322e-05,8.99656914905e-05
27700,1.28484628201e-05,8.9619354553e-05
27800,1.28412242827e-05,8.92754747007e-05
27900,1.28339736764e-05,8.89340235473e-05
28000,1.28267099542e-05,8.85949719822e-05
28100,1.28194320032e-05,8.825829112e-05
28200,1.28121389985e-05,8.79239532794e-05
28300,1.28048306575e-05,8.75919326673e-05
28400,1.27975073268e-05,8.72622055915e-05
28500,1.27901698751e-05,8.69347501318e-05
28600,1.27828194234e-05,8.66095453737e-05
28700,1.2775456994e-05,8.62865704317e-05
28800,1.27680831912e-05,8.59658035772e-05
28900,1.2760698021e-05,8.56472217582e-05
29000,1.27533009006e-05,8.53308006449e-05
29100,1.27458908583e-05,8.50165151865e-05
29200,1.27384668413e-05,8.47043404518e-05
29300,1.2731028048e-05,8.43942525196e-05
29400,1.27235741741e-05,8.40862291245e-05
29500,1.27161055074e-05,8.37802498846e-05
29600,1.27086228313e-05,8.34762960182e-05
29700,1.27011271831e-05,8.31743496783e-05
29800,1.26936195274e-05,8.287439307e-05
29900,1.26861004573e-05,8.25764076612e-05
30000,1.26785700137e-05,8.22803737151e-05
30100,1.2671027684e-05,8.19862703007e-05
30200,1.26634725718e-05,8.16940757558e-05
30300,1.26559036885e-05,8.14037684576e-05
30400,1.26483202634e-05,8.11153276312e-05
30500,1.26407219823e-05,8.08287339577e-05
30600,1.26331090835e-05,8.0543969803e-05
30700,1.2625482281e-05,8.02610189961e-05
30800,1.26178465678e-05,7.99798766274e-05
30900,1.26102126347e-05,7.97005525517e-05
31000,1.26025672498e-05,7.94229951315e-05
31100,1.25949104867e-05,7.91471873904e-05
31200,1.25872418987e-05,7.88731112423e-05
31300,1.25795606691e-05,7.86007478868e-05
31400,1.25718658769e-05,7.83300784937e-05
31500,1.25641567874e-05,7.80610849386e-05
31600,1.2556433084e-05,7.77937503795e-05
31700,1.25486949636e-05,7.75280594805e-05
31800,1.25409430775e-05,7.72639982428e-05
31900,1.25331783266e-05,7.70015534737e-05
32000,1.25254015844e-05,7.67407120832e-05
32100,1.25176134294e-05,7.64814604131e-05
32200,1.2509813971e-05,7.62237838106e-05
32300,1.25020028294e-05,7.59676665901e-05
32400,1.24941792672e-05,7.57130923718e-05
32500,1.2486342432e-05,7.54600446886e-05
32600,1.24784916308e-05,7.52085076644e-05
32700,1.24706265513e-05,7.49584665488e-05
32800,1.24627473616e-05,7.47099079492e-05
32900,1.24548546613e-05,7.44628196925e-05
33000,1.24469492982e-05,7.42171903637e-05
33100,1.2439032111e-05,7.39730086691e-05
33200,1.24311036742e-05,7.37302628134e-05
33300,1.24231641324e-05,7.34889401053e-05
33400,1.24152131691e-05,7.32490268909e-05
33500,1.24072501241e-05,7.30105088488e-05
33600,1.23992742135e-05,7.27733715255e-05
33700,1.23912847882e-05,7.25376009588e-05
33800,1.23832815444e-05,7.23031841754e-05
33900,1.23752646257e-05,7.2070109423e-05
34000,1.2367234587e-05,7.1838366069e-05
34100,1.23591922272e-05,7.16079441907e-05
34200,1.23511383518e-05,7.13788340009e-05
34300,1.23430735325e-05,7.11510252791e-05
34400,1.23349979452e-05,7.09245069903e-05
34500,1.23269113325e-05,7.06992672084e-05
34600,1.2318813106e-05,7.04752933635e-05
34700,1.23107025477e-05,7.02525727238e-05
34800,1.23025790507e-05,7.00310929594e-05
34900,1.22944423218e-05,6.98108426115e-05
35000,1.22862924837e-05,6.95918113206e-05
35100,1.22781300488e-05,6.93739897526e-05
35200,1.22699557701e-05,6.91573692413e-05
35300,1.22617704191e-05,6.89419412666e-05
35400,1.22535745621e-05,6.87276969345e-05
35500,1.22453684007e-05,6.85146266138e-05
35600,1.22371517303e-05,6.83027198481e-05
35700,1.22289240275e-05,6.8091965564e-05
35800,1.22206846345e-05,6.78823525009e-05
35900,1.22124329832e-05,6.76738697253e-05
36000,1.22041687894e-05,6.74665070694e-05
36100,1.21958921551e-05,6.7260255356e-05
36200,1.21876035509e-05,6.70551063476e-05
36300,1.21793036822e-05,6.6851052433e-05
36400,1.21709932859e-05,6.66480861603e-05
36500,1.21626729161e-05,6.64461997511e-05
36600,1.21543427932e-05,6.62453847625e-05
36700,1.21460027566e-05,6.60456319892e-05
36800,1.21376523382e-05,6.58469316335e-05
36900,1.21292909322e-05,6.56492736932e-05
37000,1.21209180035e-05,6.54526484285e-05
37100,1.21125332733e-05,6.52570467733e-05
37200,1.21041368194e-05,6.50624605512e-05
37300,1.20957290681e-05,6.48688824487e-05
37400,1.2087310675e-05,6.46763057414e-05
37500,1.20788823355e-05,6.44847238692e-05
37600,1.20704445855e-05,6.42941299928e-05
37700,1.20619976539e-05,6.41045166728e-05
37800,1.20535414122e-05,6.39158757629e-05
37900,1.20450754369e-05,6.3728198554e-05
38000,1.20365991638e-05,6.35414761182e-05
38100,1.20281120818e-05,6.33556997333e-05
38200,1.20196139097e-05,6.31708612678e-05
38300,1.20111046964e-05,6.29869533931e-05
38400,1.20025848188e-05,6.280396957e-05
38500,1.1994054876e-05,6.26219038123e-05
38600,1.19855155155e-05,6.24407503046e-05
38700,1.19769672444e-05,6.22605029912e-05
38800,1.19684102879e-05,6.20811552737e-05
38900,1.19598445365e-05,6.19026999019e-05
39000,1.19512695977e-05,6.17251290897e-05
39100,1.19426849355e-05,6.15484348212e-05
39200,1.19340900521e-05,6.13726092401e-05
39300,1.19254846544e-05,6.11976450051e-05
39400,1.1916868754e-05,6.10235354983e-05
39500,1.19082426709e-05,6.08502748257e-05
39600,1.18996069392e-05,6.06778576108e-05
39700,1.18909621482e-05,6.05062786513e-05
39800,1.18823087643e-05,6.03355325405e-05
39900,1.18736469957e-05,6.01656133818e-05
40000,1.18649767364e-05,5.9996514676e-05
40100,1.1856297609e-05,5.98282294147e-05
40200,1.18476090913e-05,5.96607503529e-05
40300,1.18389106849e-05,5.9494070364e-05
40400,1.18302020734e-05,5.93281827706e-05
40500,1.18214832203e-05,5.91630815454e-05
40600,1.18127543791e-05,5.8998761326e-05
40700,1.18040160091e-05,5.8835217234e-05
40800,1.17952686291e-05,5.86724445651e-05
40900,1.17865126517e-05,5.85104384438e-05
41000,1.17777482521e-05,5.83491935514e-05
41100,1.17689753114e-05,5.81887040123e-05
41200,1.17601934503e-05,5.80289634687e-05
41300,1.17514021444e-05,5.78699653225e-05
41400,1.17426008796e-05,5.77117030565e-05
41500,1.17337893035e-05,5.7554170547e-05
41600,1.17249673197e-05,5.73973622523e-05
41700,1.17161351037e-05,5.72412732411e-05
41800,1.17072930282e-05,5.70858990342e-05
41900,1.16984415291e-05,5.6931235327e-05
42000,1.16895809518e-05,5.67772776727e-05
42100,1.1680711422e-05,5.66240212222e-05
42200,1.16718327909e-05,5.64714606135e-05
42300,1.16629446607e-05,5.63195900287e-05
42400,1.16540464876e-05,5.61684034058e-05
42500,1.16451377279e-05,5.60178947371e-05
42600,1.16362179791e-05,5.58680583528e-05
42700,1.16272870738e-05,5.57188891086e-05
42800,1.16183450982e-05,5.55703824181e-05
42900,1.16093923273e-05,5.54225341182e-05
43000,1.16004291036e-05,5.52753402212e-05
43100,1.15914556891e-05,5.51287966175e-05
43200,1.15824721473e-05,5.49828988389e-05
43300,1.15734782836e-05,5.48376419426e-05
43400,1.15644736652e-05,5.46930205545e-05
43500,1.1555457715e-05,5.45490290593e-05
43600,1.15464374182e-05,5.44056769454e-05
43700,1.15374100843e-05,5.42629544227e-05
43800,1.15283702699e-05,5.41208463098e-05
43900,1.15193179699e-05,5.3979348308e-05
44000,1.15102533587e-05,5.38384565128e-05
44100,1.15011766805e-05,5.36981671944e-05
44200,1.14920881112e-05,5.35584765224e-05
44300,1.14829876455e-05,5.34193803455e-05
44400,1.14738750371e-05,5.32808740752e-05
44500,1.14647498141e-05,5.31429527194e-05
44600,1.14556113614e-05,5.30056110462e-05
44700,1.14464590457e-05,5.28688438317e-05
44800,1.14372923408e-05,5.27326461032e-05
44900,1.14281109177e-05,5.25970133143e-05
45000,1.14189146685e-05,5.24619413875e-05
45100,1.14097036587e-05,5.23274266187e-05
45200,1.14004780256e-05,5.2193465476e-05
45300,1.1391237852e-05,5.20600543533e-05
45400,1.13819830569e-05,5.1927189359e-05
45500,1.13727133374e-05,5.17948662052e-05
45600,1.13634281784e-05,5.16630802287e-05
45700,1.13541269288e-05,5.15318265411e-05
45800,1.13448089147e-05,5.14011002481e-05
45900,1.13354735607e-05,5.12708966831e-05
46000,1.13261204753e-05,5.114121157e-05
46100,1.131674948e-05,5.10120410762e-05
46200,1.1307360568e-05,5.08833817297e-05
46300,1.12979538132e-05,5.07552302427e-05
46400,1.12885292511e-05,5.06275832829e-05
46500,1.12790867773e-05,5.05004372781e-05
46600,1.126962609e-05,5.03737883099e-05
46700,1.12601466952e-05,5.02476321243e-05
46800,1.12506479742e-05,5.01219642628e-05
46900,1.12411292908e-05,4.99967802671e-05
47000,1.12315901035e-05,4.98720758924e-05
47100,1.12220300512e-05,4.97478472677e-05
47200,1.12124489804e-05,4.96240909449e-05
47300,1.12028469145e-05,4.95008038384e-05
47400,1.11932239679e-05,4.93779830596e-05
47500,1.11835802375e-05,4.9255625712e-05
47600,1.11739157053e-05,4.91337287066e-05
47700,1.11642301804e-05,4.90122886539e-05
47800,1.11545233013e-05,4.88913018712e-05
47900,1.11447945954e-05,4.87707644945e-05
48000,1.11350435761e-05,4.86506726621e-05
48100,1.11252698509e-05,4.85310227165e-05
48200,1.11154731994e-05,4.84118113499e-05
48300,1.11056536059e-05,4.82930356615e-05
48400,1.10958112297e-05,4.8174693101e-05
48500,1.10859463296e-05,4.8056781324e-05
48600,1.10760591607e-05,4.79392980003e-05
48700,1.10661498818e-05,4.782224064e-05
48800,1.10562184972e-05,4.77056064882e-05
48900,1.10462648554e-05,4.75893925216e-05
49000,1.10362887002e-05,4.74735955469e-05
49100,1.10262897607e-05,4.73582123666e-05
49200,1.10162678506e-05,4.72432399632e-05
49300,1.10062229433e-05,4.71286756367e-05
49400,1.09961552053e-05,4.70145170646e-05
49500,1.09860649707e-05,4.69007622516e-05
49600,1.09759526722e-05,4.67874094022e-05
49700,1.09658187448e-05,4.66744567417e-05
49800,1.09556635374e-05,4.65619023531e-05
49900,1.09454872551e-05,4.64497440737e-05
50000,1.09352899543e-05,4.63379794853e-05
50100,1.09250715879e-05,4.6226606e-05
50200,1.09148320865e-05,4.61156210084e-05
50300,1.09045714513e-05,4.60050220496e-05
50400,1.08942898271e-05,4.58948069436e-05
50500,1.08839875347e-05,4.57849738494e-05
50600,1.08736650505e-05,4.56755212245e-05
50700,1.08633229447e-05,4.55664477125e-05
50800,1.08529617894e-05,4.54577519742e-05
50900,1.08425820774e-05,4.53494325402e-05
51000,1.08321841641e-05,4.52414877063e-05
51100,1.08217682603e-05,4.51339155218e-05
51200,1.0811334471e-05,4.50267138597e-05
51300,1.08008828712e-05,4.49198805565e-05
51400,1.07904135908e-05,4.48134135642e-05
51500,1.07799268868e-05,4.47073110804e-05
51600,1.07694231749e-05,4.4601571604e-05
51700,1.07589030136e-05,4.4496193905e-05
51800,1.0748367048e-05,4.43911769226e-05
51900,1.07378159267e-05,4.42865196137e-05
52000,1.07272502221e-05,4.41822208111e-05
52100,1.0716670376e-05,4.40782791254e-05
52200,1.07060766896e-05,4.39746929281e-05
52300,1.06954693575e-05,4.38714604145e-05
52400,1.06848485361e-05,4.37685797259e-05
52500,1.06742144258e-05,4.36660490971e-05
52600,1.06635673364e-05,4.35638669728e-05
52700,1.06529077224e-05,4.34620320692e-05
52800,1.06422361698e-05,4.33605433499e-05
52900,1.06315533455e-05,4.32593999339e-05
53000,1.06208599213e-05,4.315860096e-05
53100,1.06101564981e-05,4.30581454519e-05
53200,1.05994435533e-05,4.29580322248e-05
53300,1.05887214288e-05,4.2858259866e-05
53400,1.05779903609e-05,4.27588267876e-05
53500,1.05672505437e-05,4.26597313401e-05
53600,1.05565022035e-05,4.25609719449e-05
53700,1.05457456653e-05,4.24625472108e-05
53800,1.05349813844e-05,4.23644559889e-05
53900,1.05242099394e-05,4.22666973604e-05
54000,1.0513431986e-05,4.21692705524e-05
54100,1.05026481866e-05,4.20721748145e-05
54200,1.04918591391e-05,4.19754092928e-05
54300,1.04810653271e-05,4.18789729419e-05
54400,1.04702671051e-05,4.17828645009e-05
54500,1.04594647247e-05,4.16870825397e-05
54600,1.04486583922e-05,4.159162556e-05
54700,1.04378483392e-05,4.14964921211e-05
54800,1.04270348852e-05,4.14016809476e-05
54900,1.04162184694e-05,4.13071909858e-05
55000,1.04053996471e-05,4.12130213957e-05
55100,1.03945790485e-05,4.1119171478e-05
55200,1.03837573129e-05,4.10256405591e-05
55300,1.0372935023e-05,4.0932427876e-05
55400,1.03621126559e-05,4.08395324905e-05
55500,1.03512905673e-05,4.07469532636e-05
55600,1.03404690137e-05,4.06546888934e-05
55700,1.03296482057e-05,4.05627380095e-05
55800,1.03188283732e-05,4.04710992864e-05
55900,1.03080098246e-05,4.0379771546e-05
56000,1.02971929806e-05,4.0288753816e-05
56100,1.02863783702e-05,4.01980453218e-05
56200,1.02755665962e-05,4.01076454263e-05
56300,1.02647582738e-05,4.00175535229e-05
56400,1.02539539693e-05,3.99277689286e-05
56500,1.02431541521e-05,3.98382908018e-05
56600,1.02323591778e-05,3.97491181136e-05
56700,1.02215693082e-05,3.96602496823e-05
56800,1.02107847586e-05,3.95716842567e-05
56900,1.02000057593e-05,3.94834206214e-05
57000,1.01892326108e-05,3.93954576926e-05
57100,1.01784657188e-05,3.93077945771e-05
57200,1.01677055915e-05,3.92204305678e-05
57300,1.01569528091e-05,3.91333650904e-05
57400,1.01462079678e-05,3.90465976061e-05
57500,1.01354716217e-05,3.89601275114e-05
57600,1.01247442366e-05,3.88739540603e-05
57700,1.01140261734e-05,3.87880763345e-05
57800,1.01033177029e-05,3.87024932706e-05
57900,1.00926190504e-05,3.86172037366e-05
58000,1.00819304519e-05,3.85322066281e-05
58100,1.00712522079e-05,3.84475009605e-05
58200,1.0060584715e-05,3.83630859229e-05
58300,1.00499284689e-05,3.8278960882e-05
58400,1.00392840344e-05,3.81951253308e-05
58500,1.00286519967e-05,3.81115788043e-05
58600,1.00180329036e-05,3.8028320782e-05
58700,1.00074272244e-05,3.79453506165e-05
58800,9.99683533023e-06,3.78626675009e-05
58900,9.98625750789e-06,3.77802704934e-05
59000,9.97569399792e-06,3.76981585816e-05
59100,9.96514504899e-06,3.76163307759e-05
59200,9.95461096826e-06,3.75347861945e-05
59300,9.94409215162e-06,3.74535241148e-05
59400,9.93358908925e-06,3.73725439819e-05
59500,9.92310233906e-06,3.72918453631e-05
59600,9.91263248044e-06,3.72114278695e-05
59700,9.90218006322e-06,3.71312910684e-05
59800,9.89174556457e-06,3.70514344115e-05
59900,9.88132937163e-06,3.69718572051e-05
60000,9.87093179111e-06,3.6892558627e-05
60100,9.8605530842e-06,3.68135377858e-05
60200,9.85019351779e-06,3.67347938077e-05
60300,9.83985340974e-06,3.66563259127e-05
60400,9.82953316217e-06,3.65781334705e-05
60500,9.81923326433e-06,3.6500216005e-05
60600,9.80895427202e-06,3.64225731588e-05
60700,9.79869676457e-06,3.63452046205e-05
60800,9.78846129548e-06,3.62681100415e-05
60900,9.77824835332e-06,3.61912889704e-05
61000,9.76805834273e-06,3.61147408211e-05
61100,9.75789159152e-06,3.60384648853e-05
61200,9.74774838287e-06,3.59624603866e-05
61300,9.73762900216e-06,3.58867265598e-05
61400,9.72753377989e-06,3.5811262722e-05
61500,9.71746312379e-06,3.57360683271e-05
61600,9.70743378739e-06,3.56611702147e-05
61700,9.69743027396e-06,3.55865411782e-05
61800,9.68745272631e-06,3.5512180246e-05
61900,9.6775016932e-06,3.54380871328e-05
62000,9.66757766381e-06,3.53642614594e-05
62100,9.65768104866e-06,3.5290702721e-05
62200,9.64781218365e-06,3.52174102947e-05
62300,9.63797136038e-06,3.51443834896e-05
62400,9.62815886814e-06,3.50716216179e-05
62500,9.61837503475e-06,3.49991240621e-05
62600,9.60862025778e-06,3.49268903273e-05
62700,9.59889501003e-06,3.48549200495e-05
62800,9.58919982305e-06,3.47832129682e-05
62900,9.57953525071e-06,3.47117688651e-05
63000,9.56990182698e-06,3.4640587494e-05
63100,9.56030002732e-06,3.45696685168e-05
63200,9.55073025001e-06,3.44990114725e-05
63300,9.54119281944e-06,3.44286157833e-05
63400,9.53168801014e-06,3.43584807944e-05
63500,9.52221608652e-06,3.42886058404e-05
63600,9.51277734092e-06,3.4218990308e-05
63700,9.50337212246e-06,3.41496336833e-05
63800,9.49400084252e-06,3.40805355611e-05
63900,9.48466396029e-06,3.40116956206e-05
64000,9.47536194941e-06,3.39431135693e-05
64100,9.46609525536e-06,3.38747890735e-05
64200,9.45686426091e-06,3.38067217006e-05
64300,9.44766926413e-06,3.37389108838e-05
64400,9.43851048083e-06,3.36713559259e-05
64500,9.42938806339e-06,3.36040560307e-05
64600,9.42030213959e-06,3.35370103677e-05
64700,9.41125284445e-06,3.34702181238e-05
64800,9.40224034904e-06,3.34036785511e-05
64900,9.39326486706e-06,3.33373909774e-05
65000,9.38432664092e-06,3.32713547828e-05
65100,9.375425911e-06,3.32055693493e-05
65200,9.36656287626e-06,3.31400339963e-05
65300,9.35773766048e-06,3.3074747925e-05
65400,9.34895029197e-06,3.30097101858e-05
65500,9.34020070256e-06,3.29449196771e-05
65600,9.33148874809e-06,3.28803751789e-05
65700,9.32281424004e-06,3.28160754051e-05
65800,9.31417698092e-06,3.27520190617e-05
65900,9.30557678903e-06,3.26882048867e-05
66000,9.29701350975e-06,3.26246316688e-05
66100,9.28848700261e-06,3.25612982261e-05
66200,9.27999711553e-06,3.24982033638e-05
66300,9.27154364998e-06,3.24353458176e-05
66400,9.26312632998e-06,3.23727242033e-05
66500,9.25474478343e-06,3.23103369871e-05
66600,9.24639854283e-06,3.22481824866e-05
66700,9.23808706321e-06,3.21862589009e-05
66800,9.22980975572e-06,3.21245643652e-05
66900,9.22156602057e-06,3.20630970046e-05
67000,9.21335527467e-06,3.20018549788e-05
67100,9.20517696321e-06,3.19408365009e-05
67200,9.19703055224e-06,3.18800398251e-05
67300,9.18891550652e-06,3.1819463211e-05
67400,9.18083125902e-06,3.17591048737e-05
67500,9.17277718242e-06,3.16989629379e-05
67600,9.1647525742e-06,3.16390354146e-05
67700,9.15675665528e-06,3.15793201986e-05
67800,9.14878859013e-06,3.15198151015e-05
67900,9.14084751587e-06,3.14605178992e-05
68000,9.13293257756e-06,3.14014263883e-05
68100,9.12504295227e-06,3.13425384254e-05
68200,9.11717786471e-06,3.12838519517e-05
68300,9.10933658083e-06,3.12253649826e-05
68400,9.10151838819e-06,3.11670755757e-05
68500,9.09372256812e-06,3.11089817862e-05
68600,9.0859483699e-06,3.1051081625e-05
68700,9.07819499427e-06,3.09933730328e-05
68800,9.0704615929e-06,3.09358538789e-05
68900,9.06274728556e-06,3.08785219893e-05
69000,9.0550511863e-06,3.08213751889e-05
69100,9.04737243583e-06,3.07644113528e-05
69200,9.0397102251e-06,3.07076284445e-05
69300,9.03206380994e-06,3.06510245386e-05
69400,9.02443250397e-06,3.05945978091e-05
69500,9.01681566268e-06,3.05383465039e-05
69600,9.00921265463e-06,3.04822688986e-05
69700,9.001622837e-06,3.04263632569e-05
69800,8.99404553895e-06,3.03706278044e-05
69900,8.9864800578e-06,3.03150607228e-05
70000,8.97892567408e-06,3.02596601735e-05
70100,8.97138167484e-06,3.0204424335e-05
70200,8.96384738186e-06,3.01493514478e-05
70300,8.95632217461e-06,3.00944398506e-05
70400,8.94880550194e-06,3.00396879983e-05
70500,8.94129687754e-06,2.99850944551e-05
70600,8.93379586179e-06,2.99306578646e-05
70700,8.92630203765e-06,2.98763769118e-05
70800,8.9188149833e-06,2.98222502791e-05
70900,8.91133425637e-06,2.9768276622e-05
71000,8.90385938936e-06,2.97144545609e-05
71100,8.89638990054e-06,2.96607826996e-05
71200,8.88892531536e-06,2.96072596579e-05
71300,8.88146519155e-06,2.95538841126e-05
71400,8.87400914082e-06,2.95006548303e-05
71500,8.86655683956e-06,2.94475706849e-05
71600,8.8591080248e-06,2.93946306506e-05
71700,8.85166247752e-06,2.93418337754e-05
71800,8.84421999955e-06,2.92891791441e-05
71900,8.83678038745e-06,2.92366658373e-05
72000,8.82934341697e-06,2.9184292907e-05
72100,8.82190883667e-06,2.91320593662e-05
72200,8.81447637785e-06,2.90799642052e-05
72300,8.80704577306e-06,2.90280064201e-05
72400,8.7996167802e-06,2.89761850512e-05
72500,8.79218920199e-06,2.89244992132e-05
72600,8.78476289695e-06,2.88729481119e-05
72700,8.7773377762e-06,2.88215310397e-05
72800,8.76991378886e-06,2.87702473518e-05
72900,8.76249089941e-06,2.87190964306e-05
73000,8.75506906399e-06,2.86680776488e-05
73100,8.74764821471e-06,2.86171903446e-05
73200,8.74022825381e-06,2.85664338125e-05
73300,8.73280906059e-06,2.85158073148e-05
73400,8.72539050975e-06,2.84653101095e-05
73500,8.71797249321e-06,2.84149414852e-05
73600,8.71055493887e-06,2.83647007898e-05
73700,8.70313782126e-06,2.83145874473e-05
73800,8.69572116035e-06,2.82646009552e-05
73900,8.68830500735e-06,2.8214740863e-05
74000,8.68088942439e-06,2.81650067394e-05
74100,8.6734744631e-06,2.81153981398e-05
74200,8.66606014848e-06,2.80659145804e-05
74300,8.65864647264e-06,2.80165555293e-05
74400,8.65123340226e-06,2.79673204174e-05
74500,8.6438208938e-06,2.79182086628e-05
74600,8.63640891469e-06,2.78692197036e-05
74700,8.62899746095e-06,2.78203530248e-05
74800,8.62158656911e-06,2.77716081774e-05
74900,8.61417631385e-06,2.77229847739e-05
75000,8.60676679718e-06,2.76744824716e-05
75100,8.59935812915e-06,2.76261009427e-05
75200,8.59195040784e-06,2.75778398432e-05
75300,8.58454370417e-06,2.75296987892e-05
75400,8.57713805515e-06,2.74816773469e-05
75500,8.56973347076e-06,2.74337750429e-05
75600,8.56232994746e-06,2.73859913856e-05
75700,8.55492748847e-06,2.73383258963e-05
75800,8.54752612039e-06,2.72907781349e-05
75900,8.54012590475e-06,2.72433477178e-05
76000,8.5327269369e-06,2.7196034316e-05
76100,8.52532933682e-06,2.71488376405e-05
76200,8.51793323092e-06,2.71017574147e-05
76300,8.51053873413e-06,2.7054793346e-05
76400,8.50314593323e-06,2.70079451007e-05
76500,8.49575488366e-06,2.69612122993e-05
76600,8.48836561223e-06,2.69145945199e-05
76700,8.48097813082e-06,2.68680913204e-05
76800,8.47359245482e-06,2.68217022662e-05
76900,8.46620861989e-06,2.67754269564e-05
77000,8.45882669195e-06,2.67292650387e-05
77100,8.45144676836e-06,2.66832162114e-05
77200,8.4440689685e-06,2.66372802085e-05
77300,8.4366934183e-06,2.65914567763e-05
77400,8.42932023214e-06,2.65457456453e-05
77500,8.42194949914e-06,2.65001465089e-05
77600,8.41458127693e-06,2.64546590148e-05
77700,8.40721559563e-06,2.64092827703e-05
77800,8.39985246958e-06,2.63640173607e-05
77900,8.39249191505e-06,2.63188623765e-05
78000,8.38513396512e-06,2.62738174362e-05
78100,8.37777868024e-06,2.62288822022e-05
78200,8.3704261506e-06,2.61840563845e-05
78300,8.36307648627e-06,2.61393397254e-05
78400,8.35572980444e-06,2.609473198e-05
78500,8.34838621169e-06,2.6050232889e-05
78600,8.34104579126e-06,2.60058421595e-05
78700,8.33370859664e-06,2.59615594549e-05
78800,8.32637465491e-06,2.59173844005e-05
78900,8.31904397704e-06,2.5873316599e-05
79000,8.31171657458e-06,2.58293556558e-05
79100,8.30439247356e-06,2.57855012009e-05
79200,8.29707172554e-06,2.57417529049e-05
79300,8.28975440838e-06,2.56981104803e-05
79400,8.28244062058e-06,2.56545736731e-05
79500,8.27513046729e-06,2.56111422412e-05
79600,8.26782404412e-06,2.55678159297e-05
79700,8.26052142629e-06,2.55245944546e-05
79800,8.25322266004e-06,2.54814774894e-05
79900,8.24592776704e-06,2.54384646725e-05
80000,8.23863675283e-06,2.53955556194e-05
80100,8.23134962216e-06,2.53527499466e-05
80200,8.22406639353e-06,2.53100472933e-05
80300,8.21678710748e-06,2.52674473341e-05
80400,8.20951183018e-06,2.52249497843e-05
80500,8.20224064714e-06,2.51825543902e-05
80600,8.19497365083e-06,2.51402609104e-05
80700,8.18771092614e-06,2.5098069094e-05
80800,8.18045253839e-06,2.50559786617e-05
80900,8.17319852765e-06,2.50139892981e-05
81000,8.16594890886e-06,2.49721006512e-05
81100,8.15870368212e-06,2.49303123487e-05
81200,8.15146284624e-06,2.4888624018e-05
81300,8.14422641047e-06,2.4847035304e-05
81400,8.13699440657e-06,2.48055458878e-05
81500,8.12976688879e-06,2.47641554859e-05
81600,8.1225439308e-06,2.4722863846e-05
81700,8.11532561291e-06,2.46816707274e-05
81800,8.10811200951e-06,2.4640575882e-05
81900,8.10090317802e-06,2.45995790378e-05
82000,8.09369915074e-06,2.45586798867e-05
82100,8.08649993785e-06,2.45178780886e-05
82200,8.07930553428e-06,2.44771732824e-05
82300,8.07211593277e-06,2.44365651053e-05
82400,8.06493113594e-06,2.43960532112e-05
82500,8.05775116636e-06,2.43556372857e-05
82600,8.05057606864e-06,2.43153170493e-05
82700,8.0434059044e-06,2.42750922496e-05
82800,8.03624074432e-06,2.42349626494e-05
82900,8.02908065329e-06,2.41949280045e-05
83000,8.02192568037e-06,2.41549880483e-05
83100,8.01477585243e-06,2.41151424823e-05
83200,8.00763117495e-06,2.40753909778e-05
83300,8.00049163867e-06,2.40357331851e-05
83400,7.99335723141e-06,2.39961687521e-05
83500,7.98622795035e-06,2.39566973424e-05
83600,7.97910380999e-06,2.39173186469e-05
83700,7.97198501316e-06,2.3878032641e-05
83800,7.96487155801e-06,2.38388389941e-05
83900,7.95776338116e-06,2.3799737285e-05
84000,7.9506605389e-06,2.37607272734e-05
84100,7.94356307409e-06,2.37218087007e-05
84200,7.93647100894e-06,2.36829812785e-05
84300,7.92938434546e-06,2.36442446897e-05
84400,7.92230307131e-06,2.36055985974e-05
84500,7.91522717084e-06,2.35670426611e-05
84600,7.90815663656e-06,2.35285765543e-05
84700,7.90109147695e-06,2.34901999757e-05
84800,7.8940317202e-06,2.34519126549e-05
84900,7.88697741065e-06,2.34137143474e-05
85000,7.87992860066e-06,2.33756048218e-05
85100,7.87288534034e-06,2.33375838449e-05
85200,7.86584766624e-06,2.32996511644e-05
85300,7.85881559622e-06,2.32618065018e-05
85400,7.85178912937e-06,2.32240495518e-05
85500,7.84476825083e-06,2.31863799897e-05
85600,7.83775294268e-06,2.31487974877e-05
85700,7.83074319245e-06,2.31113017277e-05
85800,7.82373900398e-06,2.30738924173e-05
85900,7.81674039882e-06,2.30365692918e-05
86000,7.80974741387e-06,2.29993321109e-05
86100,7.8027600946e-06,2.29621806484e-05
86200,7.79577848441e-06,2.29251146761e-05
86300,7.78880261538e-06,2.28881339505e-05
86400,7.78183250179e-06,2.28512382028e-05
86500,7.77486814044e-06,2.28144271397e-05
86600,7.76790951438e-06,2.27777004484e-05
86700,7.76095660387e-06,2.27410578137e-05
86800,7.75400939329e-06,2.27044989277e-05
86900,7.7470678819e-06,2.26680235061e-05
87000,7.74013208549e-06,2.26316312904e-05
87100,7.73320203555e-06,2.25953220468e-05
87200,7.7262777708e-06,2.25590955534e-05
87300,7.71935932924e-06,2.25229515886e-05
87400,7.71244673845e-06,2.24868899165e-05
87500,7.70554001005e-06,2.24509102787e-05
87600,7.69863913926e-06,2.24150123937e-05
87700,7.691744108e-06,2.23791959618e-05
87800,7.68485489413e-06,2.23434606783e-05
87900,7.67797148089e-06,2.23078062477e-05
88000,7.67109386342e-06,2.22722323938e-05
88100,7.66422205278e-06,2.22367388648e-05
88200,7.65735607475e-06,2.22013254324e-05
88300,7.65049596291e-06,2.21659918805e-05
88400,7.64364175054e-06,2.21307379943e-05
88500,7.63679346169e-06,2.20955635462e-05
88600,7.62995110529e-06,2.20604682874e-05
88700,7.62311467539e-06,2.20254519482e-05
88800,7.61628415336e-06,2.19905142415e-05
88900,7.60945951615e-06,2.19556548748e-05
89000,7.6026407445e-06,2.19208735624e-05
89100,7.59582783108e-06,2.18861700374e-05
89200,7.58902078294e-06,2.18515440556e-05
89300,7.58221962125e-06,2.18169953944e-05
89400,7.57542437481e-06,2.17825238441e-05
89500,7.56863507252e-06,2.17481291958e-05
89600,7.56185173539e-06,2.17138112303e-05
89700,7.5550743708e-06,2.16795697095e-05
89800,7.54830297135e-06,2.16454043742e-05
89900,7.54153751818e-06,2.16113149497e-05
90000,7.53477798744e-06,2.15773011551e-05
90100,7.52802435894e-06,2.15433627159e-05
90200,7.52127662264e-06,2.15094993738e-05
90300,7.51453478248e-06,2.14757108921e-05
90400,7.5077988551e-06,2.14419970542e-05
90500,7.50106886542e-06,2.14083576565e-05
90600,7.49434483891e-06,2.13747924975e-05
90700,7.48762679365e-06,2.13413013655e-05
90800,7.48091473523e-06,2.13078840318e-05
90900,7.47420865574e-06,2.12745402488e-05
91000,7.46750853633e-06,2.12412697537e-05
91100,7.46081435251e-06,2.12080722766e-05
91200,7.45412608321e-06,2.11749475535e-05
91300,7.44744371684e-06,2.11418953358e-05
91400,7.44076725412e-06,2.11089153938e-05
91500,7.43409670836e-06,2.10760075174e-05
91600,7.4274321007e-06,2.1043171509e-05
91700,7.4207734531e-06,2.10104071734e-05
91800,7.4141208032e-06,2.09777143391e-05
91900,7.40747425939e-06,2.094509294e-05
92000,7.40083368825e-06,2.09125425551e-05
92100,7.39419907081e-06,2.08800629328e-05
92200,7.38757038287e-06,2.08476538149e-05
92300,7.38094760261e-06,2.08153149477e-05
92400,7.37433071643e-06,2.07830460907e-05
92500,7.367719723e-06,2.0750847022e-05
92600,7.36111463195e-06,2.07187175374e-05
92700,7.35451546179e-06,2.06866574461e-05
92800,7.34792223113e-06,2.06546665587e-05
92900,7.341334954e-06,2.062274468e-05
93000,7.3347536338e-06,2.05908916001e-05
93100,7.32817826118e-06,2.05591070912e-05
93200,7.32160881768e-06,2.05273909134e-05
93300,7.31504527922e-06,2.04957428191e-05
93400,7.30848762332e-06,2.04641625644e-05
93500,7.30193583558e-06,2.04326499179e-05
93600,7.29538991229e-06,2.04012046649e-05
93700,7.28884986072e-06,2.03698266079e-05
93800,7.28231569612e-06,2.03385155617e-05
93900,7.27578743507e-06,2.0307271344e-05
94000,7.26926508954e-06,2.02760937669e-05
94100,7.26274866166e-06,2.02449826286e-05
94200,7.25623814258e-06,2.02139377124e-05
94300,7.24973351377e-06,2.01829587881e-05
94400,7.24323475144e-06,2.01520456189e-05
94500,7.23674183343e-06,2.01211979711e-05
94600,7.23025474415e-06,2.00904156216e-05
94700,7.22377347797e-06,2.00596983629e-05
94800,7.21729804027e-06,2.00290460041e-05
94900,7.21082844363e-06,1.9998458366e-05
95000,7.20436470211e-06,1.99679352724e-05
95100,7.19790682628e-06,1.99374765427e-05
95200,7.19145481776e-06,1.99070819841e-05
95300,7.18500866739e-06,1.98767513889e-05
95400,7.17856835681e-06,1.98464845367e-05
95500,7.17213386334e-06,1.98162812019e-05
95600,7.16570516466e-06,1.97861411599e-05
95700,7.159282244e-06,1.97560641953e-05
95800,7.1528650952e-06,1.9726050109e-05
95900,7.14645372122e-06,1.9696098716e-05
96000,7.14004813216e-06,1.96662098426e-05
96100,7.13364834049e-06,1.96363833192e-05
96200,7.12725435511e-06,1.96066189719e-05
96300,7.120866177e-06,1.95769166161e-05
96400,7.11448379712e-06,1.95472760533e-05
96500,7.10810719828e-06,1.95176970737e-05
96600,7.10173635734e-06,1.948817946e-05
96700,7.09537125258e-06,1.94587229975e-05
96800,7.08901186759e-06,1.94293274801e-05
96900,7.08265819381e-06,1.9399992714e-05
97000,7.07631023329e-06,1.93707185216e-05
97100,7.06996799395e-06,1.93415047345e-05
97200,7.06363148659e-06,1.93123511895e-05
97300,7.05730071849e-06,1.92832577189e-05
97400,7.05097569057e-06,1.92542241464e-05
97500,7.0446563938e-06,1.92252502821e-05
97600,7.03834281186e-06,1.91963359261e-05
97700,7.03203492199e-06,1.91674808698e-05
97800,7.02573270306e-06,1.91386849081e-05
97900,7.01943613775e-06,1.91099478418e-05
98000,7.01314521768e-06,1.90812694856e-05
98100,7.00685994272e-06,1.9052649667e-05
98200,7.00058031924e-06,1.90240882237e-05
98300,6.99430635644e-06,1.8995584998e-05
98400,6.98803806095e-06,1.89671398296e-05
98500,6.98177543273e-06,1.89387525487e-05
98600,6.97551846343e-06,1.89104229745e-05
98700,6.96926713679e-06,1.88821509153e-05
98800,6.96302143181e-06,1.88539361731e-05
98900,6.95678132687e-06,1.88257785498e-05
99000,6.95054680562e-06,1.87976778556e-05
99100,6.94431785801e-06,1.87696339108e-05
99200,6.93809448321e-06,1.87416465494e-05
99300,6.93187668612e-06,1.87137156148e-05
99400,6.92566447429e-06,1.86858409548e-05
99500,6.91945785373e-06,1.86580224155e-05
99600,6.91325682445e-06,1.8630259835e-05
99700,6.90706137751e-06,1.86025530393e-05
99800,6.90087149828e-06,1.85749018465e-05
99900,6.8946871659e-06,1.85473060665e-05
100000,6.88850836029e-06,1.85197655108e-05
100100,6.88233506411e-06,1.84922799959e-05
100200,6.87616726787e-06,1.846484935e-05
100300,6.87000496879e-06,1.84374734118e-05
100400,6.86384817097e-06,1.84101520309e-05
100500,6.85769688114e-06,1.8382885061e-05
100600,6.85155110419e-06,1.8355672354e-05
100700,6.8454108394e-06,1.83285137543e-05
100800,6.83927607972e-06,1.83014090974e-05
100900,6.83314680984e-06,1.82743582079e-05
101000,6.82702301082e-06,1.82473609055e-05
101100,6.82090466249e-06,1.82204170088e-05
101200,6.81479174862e-06,1.81935263428e-05
101300,6.80868425855e-06,1.81666887412e-05
101400,6.80258218923e-06,1.81399040492e-05
101500,6.796485544e-06,1.81131721222e-05
101600,6.79039432779e-06,1.80864928181e-05
101700,6.78430854544e-06,1.80598659958e-05
101800,6.77822819629e-06,1.80332915063e-05
101900,6.77215327326e-06,1.80067691922e-05
102000,6.76608376234e-06,1.79802988866e-05
102100,6.76001964534e-06,1.79538804171e-05
102200,6.75396090318e-06,1.79275136105e-05
102300,6.74790751938e-06,1.79011982981e-05
102400,6.74185948384e-06,1.78749343212e-05
102500,6.73581679289e-06,1.78487215306e-05
102600,6.72977944804e-06,1.78225597856e-05
102700,6.72374745505e-06,1.7796448952e-05
102800,6.71772081681e-06,1.77703888921e-05
102900,6.71169953346e-06,1.77443794646e-05
103000,6.70568359834e-06,1.77184205192e-05
103100,6.69967299828e-06,1.76925118966e-05
103200,6.69366771603e-06,1.76666534322e-05
103300,6.68766773342e-06,1.76408449604e-05
103400,6.68167303479e-06,1.76150863202e-05
103500,6.67568360958e-06,1.75893773582e-05
103600,6.66969945388e-06,1.75637179314e-05
103700,6.66372056919e-06,1.75381079051e-05
103800,6.65774695924e-06,1.75125471483e-05
103900,6.65177862792e-06,1.74870355311e-05
104000,6.6458155749e-06,1.74615729175e-05
104100,6.63985779392e-06,1.7436159164e-05
104200,6.63390527328e-06,1.74107941193e-05
104300,6.62795799656e-06,1.73854776262e-05
104400,6.62201594616e-06,1.73602095259e-05
104500,6.61607910763e-06,1.73349896651e-05
104600,6.6101474701e-06,1.73098178961e-05
104700,6.60422102987e-06,1.72846940818e-05
104800,6.59829978754e-06,1.72596180924e-05
104900,6.59238374692e-06,1.72345898027e-05
105000,6.58647291108e-06,1.72096090873e-05
105100,6.58056727991e-06,1.71846758166e-05
105200,6.5746668482e-06,1.71597898542e-05
105300,6.56877160449e-06,1.7134951055e-05
105400,6.56288153431e-06,1.71101592703e-05
105500,6.55699662058e-06,1.70854143479e-05
105600,6.55111684961e-06,1.7060716141e-05
105700,6.54524221133e-06,1.70360645088e-05
105800,6.53937270132e-06,1.7011459319e-05
105900,6.53350831994e-06,1.69869004466e-05
106000,6.52764907063e-06,1.69623877717e-05
106100,6.52179495682e-06,1.6937921175e-05
106200,6.51594597798e-06,1.69135005316e-05
106300,6.51010283721e-06,1.68891267352e-05
106400,6.50426687002e-06,1.68648015941e-05
106500,6.49843599645e-06,1.68405219774e-05
106600,6.49261021991e-06,1.68162877679e-05
106700,6.48678954217e-06,1.67920988468e-05
106800,6.4809739617e-06,1.67679550907e-05
106900,6.47516347106e-06,1.67438563683e-05
107000,6.46935805857e-06,1.67198025427e-05
107100,6.46355771022e-06,1.66957934739e-05
107200,6.45776241146e-06,1.66718290218e-05
107300,6.45197215092e-06,1.66479090511e-05
107400,6.44618692161e-06,1.66240334336e-05
107500,6.44040672153e-06,1.66002020485e-05
107600,6.43463155277e-06,1.65764147816e-05
107700,6.42886141864e-06,1.65526715208e-05
107800,6.42309632102e-06,1.65289721523e-05
107900,6.41733625876e-06,1.65053165585e-05
108000,6.41158122536e-06,1.64817046145e-05
108100,6.40583121056e-06,1.64581361904e-05
108200,6.40008620099e-06,1.64346111522e-05
108300,6.39434618338e-06,1.64111293665e-05
108400,6.38861114708e-06,1.63876907042e-05
108500,6.38288108539e-06,1.63642950422e-05
108600,6.37715599661e-06,1.63409422653e-05
108700,6.37143588218e-06,1.63176322631e-05
108800,6.36572074588e-06,1.62943649289e-05
108900,6.3600105894e-06,1.62711401537e-05
109000,6.35430541237e-06,1.62479578257e-05
109100,6.34860520903e-06,1.6224817826e-05
109200,6.34290997037e-06,1.6201720031e-05
109300,6.33721968393e-06,1.6178664313e-05
109400,6.33153433806e-06,1.61556505456e-05
109500,6.32585392224e-06,1.61326786046e-05
109600,6.32017843036e-06,1.61097483725e-05
109700,6.31450786062e-06,1.60868597384e-05
109800,6.30884221496e-06,1.60640125974e-05
109900,6.30318149653e-06,1.60412068465e-05
110000,6.29752570796e-06,1.60184423827e-05
110100,6.29187484885e-06,1.59957190987e-05
110200,6.28622891455e-06,1.59730368815e-05
110300,6.28058789699e-06,1.59503956138e-05
110400,6.27495178528e-06,1.59277951744e-05
110500,6.26932056804e-06,1.5905235442e-05
110600,6.26369423605e-06,1.58827162985e-05
110700,6.25807278352e-06,1.58602376314e-05
110800,6.25245620889e-06,1.58377993346e-05
110900,6.24684451411e-06,1.58154013076e-05
111000,6.2412377023e-06,1.57930434519e-05
111100,6.23563577628e-06,1.57707256688e-05
111200,6.23003873612e-06,1.57484478562e-05
111300,6.22444657804e-06,1.57262099069e-05
111400,6.21885929538e-06,1.57040117096e-05
111500,6.21327687784e-06,1.56818531484e-05
111600,6.2076993152e-06,1.56597341079e-05
111700,6.2021265991e-06,1.56376544755e-05
111800,6.19655872431e-06,1.56156141438e-05
111900,6.19099568921e-06,1.55936130108e-05
112000,6.18543749571e-06,1.55716509801e-05
112100,6.17988414718e-06,1.55497279576e-05
112200,6.17433564659e-06,1.55278438493e-05
112300,6.16879199474e-06,1.5505998558e-05
112400,6.16325318859e-06,1.54841919817e-05
112500,6.15771922177e-06,1.54624240138e-05
112600,6.15219008584e-06,1.54406945451e-05
112700,6.1466657712e-06,1.54190034649e-05
112800,6.14114627024e-06,1.53973506661e-05
112900,6.13563157791e-06,1.53757360454e-05
113000,6.13012169331e-06,1.53541595059e-05
113100,6.12461661795e-06,1.53326209545e-05
113200,6.11911635541e-06,1.53111203015e-05
113300,6.11362090888e-06,1.5289657457e-05
113400,6.10813027929e-06,1.52682323283e-05
113500,6.10264446475e-06,1.52468448185e-05
113600,6.09716345964e-06,1.52254948263e-05
113700,6.09168725612e-06,1.52041822471e-05
113800,6.08621584572e-06,1.51829069759e-05
113900,6.0807492215e-06,1.51616689102e-05
114000,6.07528737903e-06,1.51404679515e-05
114100,6.06983031691e-06,1.51193040059e-05
114200,6.06437803735e-06,1.50981769853e-05
114300,6.05893054366e-06,1.50770868033e-05
114400,6.05348783903e-06,1.50560333738e-05
114500,6.04804992495e-06,1.50350166084e-05
114600,6.0426167999e-06,1.5014036415e-05
114700,6.0371884591e-06,1.49930926967e-05
114800,6.03176489559e-06,1.49721853542e-05
114900,6.0263461019e-06,1.49513142874e-05
115000,6.02093207122e-06,1.49304793979e-05
115100,6.01552279955e-06,1.49096805912e-05
115200,6.01011828584e-06,1.48889177779e-05
115300,6.00471853207e-06,1.48681908728e-05
115400,5.99932354148e-06,1.48474997932e-05
115500,5.99393331738e-06,1.48268444568e-05
115600,5.98854786156e-06,1.48062247791e-05
115700,5.98316717254e-06,1.47856406717e-05
115800,5.97779124662e-06,1.47650920428e-05
115900,5.97242007754e-06,1.47445787976e-05
116000,5.96705365814e-06,1.472410084e-05
116100,5.9616919825e-06,1.47036580762e-05
116200,5.95633504638e-06,1.46832504152e-05
116300,5.95098284936e-06,1.46628777716e-05
116400,5.94563539284e-06,1.4642540063e-05
116500,5.94029267995e-06,1.46222372101e-05
116600,5.93495471396e-06,1.46019691337e-05
116700,5.92962149675e-06,1.4581735753e-05
116800,5.92429302771e-06,1.45615369842e-05
116900,5.91896930273e-06,1.45413727384e-05
117000,5.91365031653e-06,1.45212429254e-05
117100,5.9083360627e-06,1.45011474536e-05
117200,5.90302653536e-06,1.44810862328e-05
117300,5.89772173072e-06,1.44610591756e-05
117400,5.89242164786e-06,1.44410661994e-05
117500,5.88712628798e-06,1.44211072249e-05
117600,5.88183565428e-06,1.44011821759e-05
117700,5.87654975003e-06,1.43812909767e-05
117800,5.8712685765e-06,1.43614335489e-05
117900,5.86599213355e-06,1.43416098124e-05
118000,5.86072041756e-06,1.43218196824e-05
118100,5.85545342355e-06,1.43020630723e-05
118200,5.85019114527e-06,1.42823398941e-05
118300,5.8449335774e-06,1.42626500612e-05
118400,5.83968071605e-06,1.42429934895e-05
118500,5.83443256008e-06,1.42233700993e-05
118600,5.82918911042e-06,1.42037798138e-05
118700,5.82395037003e-06,1.41842225599e-05
118800,5.81871634168e-06,1.4164698264e-05
118900,5.81348702669e-06,1.41452068511e-05
119000,5.80826242475e-06,1.41257482439e-05
119100,5.80304253274e-06,1.41063223613e-05
119200,5.79782734553e-06,1.40869291196e-05
119300,5.79261685769e-06,1.40675684351e-05
119400,5.78741106339e-06,1.40482402234e-05
119500,5.78220995913e-06,1.40289444041e-05
119600,5.77701354329e-06,1.40096808997e-05
119700,5.77182181669e-06,1.39904496365e-05
119800,5.76663478123e-06,1.39712505424e-05
119900,5.76145243974e-06,1.39520835473e-05
120000,5.75627479319e-06,1.39329485785e-05
120100,5.75110184121e-06,1.39138455615e-05
120200,5.74593358083e-06,1.38947744185e-05
120300,5.74077000695e-06,1.38757350687e-05
120400,5.7356111141e-06,1.38567274312e-05
120500,5.73045689679e-06,1.38377514251e-05
120600,5.72530735093e-06,1.3818806972e-05
120700,5.72016247493e-06,1.37998939973e-05
120800,5.71502226893e-06,1.37810124291e-05
120900,5.70988673463e-06,1.37621621981e-05
121000,5.70475587361e-06,1.3743343235e-05
121100,5.6996296874e-06,1.37245554709e-05
121200,5.69450817474e-06,1.37057988328e-05
121300,5.68939133286e-06,1.3687073246e-05
121400,5.68427915695e-06,1.36683786329e-05
121500,5.67917164122e-06,1.36497149148e-05
121600,5.67406877996e-06,1.36310820135e-05
121700,5.66897056935e-06,1.36124798536e-05
121800,5.66387700686e-06,1.35939083619e-05
121900,5.65878809218e-06,1.35753674686e-05
122000,5.65370382652e-06,1.35568571064e-05
122100,5.64862421123e-06,1.35383772086e-05
122200,5.64354924674e-06,1.3519927707e-05
122300,5.638478932e-06,1.35015085319e-05
122400,5.63341326378e-06,1.34831196105e-05
122500,5.62835223725e-06,1.3464760868e-05
122600,5.62329584678e-06,1.34464322285e-05
122700,5.61824408654e-06,1.34281336162e-05
122800,5.6131969518e-06,1.3409864957e-05
122900,5.60815444014e-06,1.33916261806e-05
123000,5.60311655052e-06,1.33734172188e-05
123100,5.59808328335e-06,1.33552380057e-05
123200,5.59305463913e-06,1.33370884757e-05
123300,5.58803061856e-06,1.33189685641e-05
123400,5.58301121951e-06,1.33008782018e-05
123500,5.57799643922e-06,1.32828173194e-05
123600,5.57298627233e-06,1.32647858438e-05
123700,5.56798071262e-06,1.32467837009e-05
123800,5.56297975461e-06,1.32288108178e-05
123900,5.55798339313e-06,1.32108671225e-05
124000,5.55299162522e-06,1.31929525462e-05
124100,5.54800444898e-06,1.3175067022e-05
124200,5.5430218644e-06,1.3157210486e-05
124300,5.53804387162e-06,1.31393828745e-05
124400,5.53307047e-06,1.31215841232e-05
124500,5.52810165807e-06,1.31038141667e-05
124600,5.52313743161e-06,1.30860729357e-05
124700,5.5181777859e-06,1.30683603605e-05
124800,5.51322271447e-06,1.3050676369e-05
124900,5.50827221099e-06,1.30330208898e-05
125000,5.50332627064e-06,1.30153938534e-05
125100,5.49838488933e-06,1.2997795192e-05
125200,5.4934480651e-06,1.2980224841e-05
125300,5.48851579691e-06,1.29626827372e-05
125400,5.48358808433e-06,1.29451688187e-05
125500,5.47866492631e-06,1.29276830229e-05
125600,5.47374632032e-06,1.2910225285e-05
125700,5.46883226291e-06,1.28927955394e-05
125800,5.46392274833e-06,1.28753937171e-05
125900,5.45901777005e-06,1.28580197484e-05
126000,5.45411732172e-06,1.28406735639e-05
126100,5.44922139782e-06,1.28233550957e-05
126200,5.44432999383e-06,1.28060642774e-05
126300,5.4394431072e-06,1.2788801046e-05
126400,5.43456073637e-06,1.27715653397e-05
126500,5.42968288008e-06,1.27543570977e-05
126600,5.42480953683e-06,1.2737176259e-05
126700,5.41994070392e-06,1.27200227609e-05
126800,5.4150763769e-06,1.27028965384e-05
126900,5.41021655035e-06,1.26857975254e-05
127000,5.4053612176e-06,1.26687256541e-05
127100,5.40051037148e-06,1.2651680856e-05
127200,5.39566400646e-06,1.26346630656e-05
127300,5.39082211769e-06,1.26176722181e-05
127400,5.38598470192e-06,1.26007082515e-05
127500,5.38115175657e-06,1.2583771105e-05
127600,5.37632328041e-06,1.25668607199e-05
127700,5.37149927125e-06,1.25499770363e-05
127800,5.36667972533e-06,1.25331199921e-05
127900,5.36186463905e-06,1.25162895257e-05
128000,5.35705400579e-06,1.24994855713e-05
128100,5.35224781892e-06,1.24827080634e-05
128200,5.34744607156e-06,1.2465956936e-05
128300,5.34264875721e-06,1.24492321242e-05
128400,5.33785587084e-06,1.24325335651e-05
128500,5.33306740849e-06,1.24158611978e-05
128600,5.32828336757e-06,1.23992149634e-05
128700,5.32350374565e-06,1.23825948037e-05
128800,5.31872854023e-06,1.23660006602e-05
128900,5.31395774774e-06,1.23494324733e-05
129000,5.30919136333e-06,1.23328901816e-05
129100,5.30442938113e-06,1.23163737224e-05
129200,5.29967179378e-06,1.22998830311e-05
129300,5.29491859416e-06,1.22834180434e-05
129400,5.29016977581e-06,1.22669786965e-05
129500,5.28542533336e-06,1.2250564929e-05
129600,5.28068526229e-06,1.2234176681e-05
129700,5.27594955914e-06,1.22178138946e-05
129800,5.27121822165e-06,1.22014765136e-05
129900,5.26649124651e-06,1.21851644804e-05
130000,5.26176862997e-06,1.21688777371e-05
130100,5.25705036695e-06,1.21526162238e-05
130200,5.25233645124e-06,1.21363798794e-05
130300,5.2476268758e-06,1.21201686415e-05
130400,5.24292163329e-06,1.21039824477e-05
130500,5.23822071668e-06,1.20878212359e-05
130600,5.23352412035e-06,1.20716849465e-05
130700,5.22883183976e-06,1.20555735215e-05
130800,5.22414387112e-06,1.20394869042e-05
130900,5.21946021129e-06,1.20234250392e-05
131000,5.21478085691e-06,1.20073878706e-05
131100,5.21010580403e-06,1.1991375342e-05
131200,5.2054350475e-06,1.19753873956e-05
131300,5.20076858081e-06,1.19594239714e-05
131400,5.19610639699e-06,1.1943485009e-05
131500,5.19144848858e-06,1.19275704477e-05
131600,5.18679484873e-06,1.19116802275e-05
131700,5.18214547134e-06,1.18958142899e-05
131800,5.17750035172e-06,1.18799725785e-05
131900,5.17285948567e-06,1.18641550379e-05
132000,5.16822286986e-06,1.18483616141e-05
132100,5.16359050077e-06,1.18325922528e-05
132200,5.15896237414e-06,1.1816846899e-05
132300,5.15433848476e-06,1.18011254965e-05
132400,5.14971882618e-06,1.17854279872e-05
132500,5.14510339173e-06,1.17697543129e-05
132600,5.14049217359e-06,1.17541044141e-05
132700,5.13588516517e-06,1.17384782331e-05
132800,5.13128236038e-06,1.17228757129e-05
132900,5.1266837539e-06,1.17072967981e-05
133000,5.12208934184e-06,1.16917414354e-05
133100,5.11749912037e-06,1.16762095717e-05
133200,5.11291308602e-06,1.16607011548e-05
133300,5.10833123447e-06,1.16452161311e-05
133400,5.1037535604e-06,1.16297544458e-05
133500,5.09918005772e-06,1.16143160434e-05
133600,5.09461071947e-06,1.15989008667e-05
133700,5.09004553859e-06,1.15835088591e-05
133800,5.08548450799e-06,1.15681399637e-05
133900,5.08092762186e-06,1.15527941257e-05
134000,5.07637487488e-06,1.15374712914e-05
134100,5.07182626303e-06,1.15221714089e-05
134200,5.06728178254e-06,1.15068944268e-05
134300,5.06274142961e-06,1.14916402941e-05
134400,5.0582052002e-06,1.14764089593e-05
134500,5.05367308924e-06,1.14612003696e-05
134600,5.04914509044e-06,1.14460144707e-05
134700,5.04462119732e-06,1.14308512079e-05
134800,5.04010140291e-06,1.14157105262e-05
134900,5.03558570059e-06,1.1400592371e-05
135000,5.0310740843e-06,1.13854966889e-05
135100,5.02656654898e-06,1.1370423428e-05
135200,5.02206309075e-06,1.13553725381e-05
135300,5.01756370557e-06,1.13403439693e-05
135400,5.01306839001e-06,1.13253376725e-05
135500,5.00857713987e-06,1.13103535976e-05
135600,5.00408995052e-06,1.1295391694e-05
135700,4.99960681593e-06,1.12804519093e-05
135800,4.99512772965e-06,1.12655341905e-05
135900,4.99065268555e-06,1.12506384852e-05
136000,4.9861816765e-06,1.12357647398e-05
136100,4.98171469736e-06,1.12209129036e-05
136200,4.97725174309e-06,1.12060829263e-05
136300,4.97279280931e-06,1.11912747586e-05
136400,4.96833789276e-06,1.11764883531e-05
136500,4.96388698992e-06,1.11617236622e-05
136600,4.95944009665e-06,1.11469806373e-05
136700,4.95499720865e-06,1.113225923e-05
136800,4.95055832042e-06,1.11175593899e-05
136900,4.94612342586e-06,1.11028810661e-05
137000,4.94169251882e-06,1.10882242077e-05
137100,4.93726559291e-06,1.10735887636e-05
137200,4.93284264282e-06,1.10589746844e-05
137300,4.92842366377e-06,1.10443819216e-05
137400,4.9240086522e-06,1.10298104286e-05
137500,4.91959760432e-06,1.10152601586e-05
137600,4.91519051692e-06,1.10007310659e-05
137700,4.91078738628e-06,1.09862231041e-05
137800,4.90638820819e-06,1.09717362262e-05
137900,4.90199297726e-06,1.09572703835e-05
138000,4.89760168855e-06,1.09428255283e-05
138100,4.89321433572e-06,1.09284016107e-05
138200,4.88883091258e-06,1.09139985814e-05
138300,4.88445141473e-06,1.08996163937e-05
138400,4.88007583716e-06,1.08852550001e-05
138500,4.87570417634e-06,1.08709143556e-05
138600,4.87133642901e-06,1.08565944156e-05
138700,4.86697259195e-06,1.08422951357e-05
138800,4.862612662e-06,1.08280164716e-05
138900,4.85825663499e-06,1.08137583779e-05
139000,4.85390450607e-06,1.07995208081e-05
139100,4.84955627026e-06,1.07853037156e-05
139200,4.84521192182e-06,1.0771107053e-05
139300,4.84087145536e-06,1.07569307734e-05
139400,4.83653486603e-06,1.07427748308e-05
139500,4.83220214952e-06,1.07286391801e-05
139600,4.82787330225e-06,1.07145237776e-05
139700,4.8235483213e-06,1.07004285805e-05
139800,4.81922720379e-06,1.06863535463e-05
139900,4.81490994633e-06,1.06722986317e-05
140000,4.81059654526e-06,1.06582637933e-05
140100,4.80628699618e-06,1.06442489866e-05
140200,4.80198129456e-06,1.06302541672e-05
140300,4.79767943461e-06,1.06162792886e-05
140400,4.79338141176e-06,1.06023243066e-05
140500,4.789087221e-06,1.05883891763e-05
140600,4.78479685847e-06,1.05744738545e-05
140700,4.78051032074e-06,1.0560578299e-05
140800,4.77622760505e-06,1.05467024686e-05
140900,4.77194870852e-06,1.05328463219e-05
141000,4.76767362848e-06,1.05190098182e-05
141100,4.76340236073e-06,1.05051929145e-05
141200,4.75913490203e-06,1.04913955693e-05
141300,4.75487124737e-06,1.04776177386e-05
141400,4.75061139199e-06,1.04638593789e-05
141500,4.74635533089e-06,1.04501204465e-05
141600,4.74210305996e-06,1.04364008991e-05
141700,4.73785457523e-06,1.04227006946e-05
141800,4.73360987372e-06,1.04090197927e-05
141900,4.72936895224e-06,1.03953581528e-05
142000,4.72513180849e-06,1.03817157358e-05
142100,4.72089843963e-06,1.03680925017e-05
142200,4.71666884243e-06,1.03544884102e-05
142300,4.71244301303e-06,1.03409034202e-05
142400,4.70822094714e-06,1.03273374899e-05
142500,4.7040026402e-06,1.03137905775e-05
142600,4.69978808752e-06,1.03002626408e-05
142700,4.69557728525e-06,1.02867536391e-05
142800,4.69137022919e-06,1.02732635312e-05
142900,4.68716691682e-06,1.02597922787e-05
143000,4.68296734524e-06,1.02463398426e-05
143100,4.67877151189e-06,1.02329061845e-05
143200,4.67457941434e-06,1.02194912664e-05
143300,4.6703910493e-06,1.0206095049e-05
143400,4.66620641321e-06,1.01927174928e-05
143500,4.66202550218e-06,1.01793585578e-05
143600,4.65784831168e-06,1.01660182034e-05
143700,4.65367483748e-06,1.01526963892e-05
143800,4.64950507559e-06,1.01393930755e-05
143900,4.64533902227e-06,1.0126108223e-05
144000,4.64117667485e-06,1.01128417942e-05
144100,4.63701803057e-06,1.00995937513e-05
144200,4.63286308718e-06,1.00863640577e-05
144300,4.62871184177e-06,1.00731526757e-05
144400,4.62456429197e-06,1.00599595687e-05
144500,4.62042043383e-06,1.00467846975e-05
144600,4.61628026386e-06,1.00336280241e-05
144700,4.61214377767e-06,1.00204895089e-05
144800,4.60801097144e-06,1.00073691135e-05
144900,4.60388184089e-06,9.99426679874e-06
145000,4.59975638296e-06,9.98118252754e-06
145100,4.59563459453e-06,9.96811626271e-06
145200,4.59151647307e-06,9.95506796809e-06
145300,4.58740201649e-06,9.94203760828e-06
145400,4.58329122198e-06,9.9290251469e-06
145500,4.57918408675e-06,9.91603054767e-06
145600,4.57508060778e-06,9.90305377411e-06
145700,4.57098078126e-06,9.89009478861e-06
145800,4.56688460344e-06,9.87715355375e-06
145900,4.5627920697e-06,9.86423003093e-06
146000,4.55870317691e-06,9.85132418385e-06
146100,4.55461792142e-06,9.83843597555e-06
146200,4.55053630045e-06,9.82556537044e-06
146300,4.54645831171e-06,9.8127123338e-06
146400,4.54238395255e-06,9.79987683042e-06
146500,4.53831322076e-06,9.78705882591e-06
146600,4.53424611362e-06,9.77425828513e-06
146700,4.53018262784e-06,9.76147517226e-06
146800,4.52612275986e-06,9.74870945108e-06
146900,4.52206650613e-06,9.73596108556e-06
147000,4.51801386223e-06,9.72323003838e-06
147100,4.51396482517e-06,9.7105162745e-06
147200,4.50991939124e-06,9.69781975791e-06
147300,4.50587755775e-06,9.68514045419e-06
147400,4.50183932217e-06,9.67247832925e-06
147500,4.49780468242e-06,9.6598333498e-06
147600,4.4937736359e-06,9.64720548186e-06
147700,4.48974617972e-06,9.63459469106e-06
147800,4.48572231144e-06,9.62200094384e-06
147900,4.48170202681e-06,9.60942420399e-06
148000,4.47768532284e-06,9.59686443727e-06
148100,4.4736721955e-06,9.58432160798e-06
148200,4.4696626412e-06,9.57179568119e-06
148300,4.46565665684e-06,9.55928662274e-06
148400,4.46165423939e-06,9.54679439871e-06
148500,4.4576553863e-06,9.534318976e-06
148600,4.45366009587e-06,9.52186032285e-06
148700,4.44966836479e-06,9.50941840516e-06
148800,4.44568019131e-06,9.49699319132e-06
148900,4.44169557211e-06,9.48458464737e-06
149000,4.43771450378e-06,9.47219273934e-06
149100,4.43373698262e-06,9.45981743289e-06
149200,4.42976300518e-06,9.44745869414e-06
149300,4.42579256792e-06,9.4351164892e-06
149400,4.4218256676e-06,9.42279078467e-06
149500,4.4178623014e-06,9.41048154787e-06
149600,4.41390246689e-06,9.39818874685e-06
149700,4.40994616159e-06,9.38591234961e-06
149800,4.40599338342e-06,9.37365232486e-06
149900,4.40204412946e-06,9.36140864014e-06
150000,4.39809839719e-06,9.34918126367e-06
150100,4.39415618294e-06,9.33697016198e-06
150200,4.39021748354e-06,9.32477530248e-06
150300,4.3862822951e-06,9.31259665157e-06
150400,4.3823506143e-06,9.30043417656e-06
150500,4.37842243802e-06,9.28828784518e-06
150600,4.3744977634e-06,9.27615762562e-06
150700,4.37057658796e-06,9.26404348673e-06
150800,4.36665890937e-06,9.25194539768e-06
150900,4.36274472516e-06,9.2398633275e-06
151000,4.35883403293e-06,9.22779724539e-06
151100,4.35492682974e-06,9.21574711986e-06
151200,4.3510231124e-06,9.20371291908e-06
151300,4.34712287739e-06,9.19169461079e-06
151400,4.34322612127e-06,9.17969216296e-06
151500,4.33933284074e-06,9.16770554385e-06
151600,4.33544303223e-06,9.15573472135e-06
151700,4.33155669345e-06,9.14377966542e-06
151800,4.32767382169e-06,9.13184034544e-06
151900,4.32379441455e-06,9.11991673136e-06
152000,4.31991846964e-06,9.10800879318e-06
152100,4.31604598446e-06,9.09611650085e-06
152200,4.31217695608e-06,9.08423982374e-06
152300,4.30831138157e-06,9.07237873127e-06
152400,4.30444925744e-06,9.06053319213e-06
152500,4.30059058013e-06,9.04870317492e-06
152600,4.29673534652e-06,9.03688864903e-06
152700,4.29288355311e-06,9.02508958335e-06
152800,4.28903519752e-06,9.0133059485e-06
152900,4.28519027687e-06,9.0015377145e-06
153000,4.28134878885e-06,8.98978485222e-06
153100,4.2775107313e-06,8.97804733289e-06
153200,4.27367610143e-06,8.96632512687e-06
153300,4.26984489659e-06,8.95461820477e-06
153400,4.26601711351e-06,8.94292653633e-06
153500,4.26219274921e-06,8.93125009184e-06
153600,4.2583717999e-06,8.91958884038e-06
153700,4.2545542625e-06,8.90794275223e-06
153800,4.25074013388e-06,8.89631179763e-06
153900,4.2469294111e-06,8.88469594721e-06
154000,4.24312209167e-06,8.87309517236e-06
154100,4.23931817319e-06,8.86150944466e-06
154200,4.23551765332e-06,8.84993873586e-06
154300,4.2317205295e-06,8.83838301748e-06
154400,4.22792679866e-06,8.8268422603e-06
154500,4.2241364584e-06,8.81531643619e-06
154600,4.22034950501e-06,8.80380551511e-06
154700,4.21656593504e-06,8.79230946746e-06
154800,4.21278574563e-06,8.78082826466e-06
154900,4.20900893306e-06,8.76936187682e-06
155000,4.20523549509e-06,8.75791027643e-06
155100,4.20146542911e-06,8.74647343549e-06
155200,4.19769873234e-06,8.73505132578e-06
155300,4.19393540249e-06,8.72364391992e-06
155400,4.19017543725e-06,8.71225119057e-06
155500,4.18641883365e-06,8.70087310946e-06
155600,4.1826655887e-06,8.6895096483e-06
155700,4.17891569931e-06,8.6781607788e-06
155800,4.17516916206e-06,8.66682647216e-06
155900,4.17142597372e-06,8.65550669995e-06
156000,4.16768613138e-06,8.64420143436e-06
156100,4.16394963198e-06,8.63291064735e-06
156200,4.16021647296e-06,8.62163431174e-06
156300,4.15648665195e-06,8.61037240069e-06
156400,4.15276016666e-06,8.59912488761e-06
156500,4.14903701415e-06,8.58789174492e-06
156600,4.14531719224e-06,8.57667294629e-06
156700,4.14160069756e-06,8.56546846365e-06
156800,4.13788752695e-06,8.55427826927e-06
156900,4.13417767735e-06,8.54310233567e-06
157000,4.13047114545e-06,8.53194063507e-06
157100,4.12676792832e-06,8.5207931403e-06
157200,4.12306802287e-06,8.50965982403e-06
157300,4.1193714267e-06,8.49854066006e-06
157400,4.11567813711e-06,8.48743562178e-06
157500,4.11198815209e-06,8.47634468375e-06
157600,4.10830146878e-06,8.46526781921e-06
157700,4.1046180844e-06,8.45420500167e-06
157800,4.10093799643e-06,8.44315620503e-06
157900,4.0972612014e-06,8.43212140186e-06
158000,4.09358769603e-06,8.42110056503e-06
158100,4.08991747747e-06,8.41009366815e-06
158200,4.08625054253e-06,8.39910068437e-06
158300,4.0825868882e-06,8.3881215872e-06
158400,4.07892651211e-06,8.37715635119e-06
158500,4.07526941165e-06,8.36620495056e-06
158600,4.07161558433e-06,8.35526735982e-06
158700,4.06796502771e-06,8.34434355358e-06
158800,4.06431773927e-06,8.33343350642e-06
158900,4.06067371585e-06,8.32253719197e-06
159000,4.05703295439e-06,8.31165458409e-06
159100,4.05339545181e-06,8.30078565665e-06
159200,4.04976120511e-06,8.28993038374e-06
159300,4.04613021081e-06,8.27908873872e-06
159400,4.04250246646e-06,8.26826069664e-06
159500,4.03887796931e-06,8.25744623215e-06
159600,4.03525671704e-06,8.24664532058e-06
159700,4.03163870688e-06,8.23585793671e-06
159800,4.02802393653e-06,8.22508405602e-06
159900,4.02441240333e-06,8.21432365354e-06
160000,4.02080410439e-06,8.203576704e-06
160100,4.0171990365e-06,8.19284318167e-06
160200,4.01359719683e-06,8.18212306148e-06
160300,4.00999858175e-06,8.17141631719e-06
160400,4.0064031888e-06,8.16072292441e-06
160500,4.00281101506e-06,8.15004285812e-06
160600,3.99922205759e-06,8.1393760933e-06
160700,3.99563631424e-06,8.12872260626e-06
160800,3.99205378236e-06,8.11808237254e-06
160900,3.98847445941e-06,8.10745536794e-06
161000,3.98489834279e-06,8.09684156821e-06
161100,3.98132542976e-06,8.08624094897e-06
161200,3.9777557171e-06,8.0756534851e-06
161300,3.97418920199e-06,8.06507915219e-06
161400,3.97062588109e-06,8.05451792507e-06
161500,3.96706575157e-06,8.04396977944e-06
161600,3.96350881054e-06,8.03343469093e-06
161700,3.95995505537e-06,8.02291263564e-06
161800,3.95640448369e-06,8.01240359017e-06
161900,3.95285709282e-06,8.00190753065e-06
162000,3.94931288045e-06,7.99142443384e-06
162100,3.9457718437e-06,7.98095427569e-06
162200,3.94223397986e-06,7.97049703248e-06
162300,3.9386992861e-06,7.96005268031e-06
162400,3.93516775933e-06,7.94962119498e-06
162500,3.93163939644e-06,7.93920255229e-06
162600,3.92811419441e-06,7.92879672824e-06
162700,3.92459215043e-06,7.9184036992e-06
162800,3.92107326182e-06,7.90802344181e-06
162900,3.91755752651e-06,7.89765593372e-06
163000,3.91404494146e-06,7.8873011511e-06
163100,3.91053550438e-06,7.87695907137e-06
163200,3.90702921278e-06,7.86662967171e-06
163300,3.90352606374e-06,7.85631292861e-06
163400,3.90002605438e-06,7.84600881871e-06
163500,3.89652918143e-06,7.83571731815e-06
163600,3.8930354423e-06,7.82543840411e-06
163700,3.88954483386e-06,7.81517205297e-06
163800,3.88605735331e-06,7.80491824178e-06
163900,3.88257299796e-06,7.79467694768e-06
164000,3.87909176527e-06,7.78444814821e-06
164100,3.87561365296e-06,7.77423182131e-06
164200,3.8721386583e-06,7.76402794429e-06
164300,3.86866677884e-06,7.75383649495e-06
164400,3.8651980119e-06,7.74365745075e-06
164500,3.86173235419e-06,7.73349078828e-06
164600,3.85826980345e-06,7.7233364858e-06
164700,3.85481035602e-06,7.71319451938e-06
164800,3.85135400918e-06,7.70306486667e-06
164900,3.84790076037e-06,7.69294750558e-06
165000,3.84445060667e-06,7.68284241353e-06
165100,3.84100354576e-06,7.67274956892e-06
165200,3.83755957494e-06,7.6626689496e-06
165300,3.83411869181e-06,7.65260053399e-06
165400,3.83068089396e-06,7.64254430046e-06
165500,3.82724617865e-06,7.63250022699e-06
165600,3.82381454276e-06,7.62246829096e-06
165700,3.82038598363e-06,7.61244847054e-06
165800,3.81696049822e-06,7.60244074336e-06
165900,3.81353808354e-06,7.59244508716e-06
166000,3.81011873679e-06,7.58246148005e-06
166100,3.80670245538e-06,7.57248990047e-06
166200,3.80328923708e-06,7.56253032754e-06
166300,3.79987907906e-06,7.55258273947e-06
166400,3.79647197904e-06,7.54264711534e-06
166500,3.79306793446e-06,7.53272343391e-06
166600,3.78966694255e-06,7.52281167358e-06
166700,3.7862690004e-06,7.51291181263e-06
166800,3.7828741052e-06,7.50302382952e-06
166900,3.77948225411e-06,7.4931477027e-06
167000,3.77609344416e-06,7.48328341052e-06
167100,3.77270767245e-06,7.4734309314e-06
167200,3.76932493684e-06,7.46359024508e-06
167300,3.76594523432e-06,7.45376132995e-06
167400,3.76256856254e-06,7.44394416548e-06
167500,3.75919491918e-06,7.43413873124e-06
167600,3.7558243018e-06,7.42434500666e-06
167700,3.75245670734e-06,7.41456297026e-06
167800,3.74909213316e-06,7.4047926012e-06
167900,3.74573057664e-06,7.39503387879e-06
168000,3.74237203481e-06,7.3852867818e-06
168100,3.7390165044e-06,7.37555128857e-06
168200,3.73566398324e-06,7.36582737923e-06
168300,3.73231446841e-06,7.35611503278e-06
168400,3.72896795755e-06,7.34641422912e-06
168500,3.72562444798e-06,7.33672494773e-06
168600,3.72228393751e-06,7.32704716889e-06
168700,3.71894642344e-06,7.31738087211e-06
168800,3.71561190317e-06,7.30772603715e-06
168900,3.71228037407e-06,7.29808264368e-06
169000,3.70895183304e-06,7.28845067074e-06
169100,3.70562627751e-06,7.27883009823e-06
169200,3.70230370433e-06,7.26922090517e-06
169300,3.69898411125e-06,7.25962307208e-06
169400,3.6956674953e-06,7.25003657833e-06
169500,3.69235385411e-06,7.24046140434e-06
169600,3.68904318514e-06,7.23089753028e-06
169700,3.6857354861e-06,7.22134493675e-06
169800,3.68243075451e-06,7.2118036041e-06
169900,3.67912898742e-06,7.202273512e-06
170000,3.67583018239e-06,7.19275464095e-06
170100,3.67253433664e-06,7.18324697094e-06
170200,3.66924144718e-06,7.17375048169e-06
170300,3.66595151131e-06,7.16426515341e-06
170400,3.6626645262e-06,7.15479096617e-06
170500,3.65938048973e-06,7.14532790116e-06
170600,3.65609939884e-06,7.13587593819e-06
170700,3.65282125142e-06,7.12643505858e-06
170800,3.64954604504e-06,7.11700524318e-06
170900,3.64627377678e-06,7.10758647211e-06
171000,3.64300444472e-06,7.09817872715e-06
171100,3.63973804574e-06,7.08878198817e-06
171200,3.63647457713e-06,7.07939623573e-06
171300,3.63321403625e-06,7.0700214506e-06
171400,3.62995642012e-06,7.06065761297e-06
171500,3.62670172624e-06,7.0513047039e-06
171600,3.62344995193e-06,7.04196270417e-06
171700,3.62020109476e-06,7.03263159503e-06
171800,3.61695515223e-06,7.02331135762e-06
171900,3.61371212214e-06,7.01400197365e-06
172000,3.61047200177e-06,7.00470342399e-06
172100,3.60723478861e-06,6.99541568992e-06
172200,3.60400048014e-06,6.98613875272e-06
172300,3.60076907342e-06,6.97687259305e-06
172400,3.59754056595e-06,6.96761719233e-06
172500,3.59431495462e-06,6.95837253101e-06
172600,3.59109223714e-06,6.9491385909e-06
172700,3.58787241097e-06,6.93991535346e-06
172800,3.58465547326e-06,6.93070279971e-06
172900,3.58144142187e-06,6.9215009118e-06
173000,3.57823025441e-06,6.91230967158e-06
173100,3.57502196831e-06,6.9031290606e-06
173200,3.57181656108e-06,6.89395906059e-06
173300,3.56861402996e-06,6.8847996529e-06
173400,3.56541437253e-06,6.87565081946e-06
173500,3.56221758591e-06,6.86651254149e-06
173600,3.55902366752e-06,6.85738480073e-06
173700,3.55583261459e-06,6.84826757865e-06
173800,3.55264442442e-06,6.83916085688e-06
173900,3.54945909479e-06,6.83006461788e-06
174000,3.54627662325e-06,6.82097884372e-06
174100,3.54309700737e-06,6.81190351662e-06
174200,3.53992024478e-06,6.80283861885e-06
174300,3.53674633295e-06,6.79378413254e-06
174400,3.53357526918e-06,6.78474003953e-06
174500,3.53040705096e-06,6.77570632201e-06
174600,3.52724167547e-06,6.76668296171e-06
174700,3.52407914023e-06,6.75766994098e-06
174800,3.52091944217e-06,6.7486672412e-06
174900,3.51776257942e-06,6.73967484576e-06
175000,3.51460854887e-06,6.73069273606e-06
175100,3.51145734867e-06,6.72172089561e-06
175200,3.50830897624e-06,6.71275930674e-06
175300,3.50516342905e-06,6.70380795192e-06
175400,3.50202070471e-06,6.69486681388e-06
175500,3.4988808006e-06,6.685935875e-06
175600,3.4957437141e-06,6.6770151177e-06
175700,3.4926094426e-06,6.66810452447e-06
175800,3.48947798351e-06,6.65920407783e-06
175900,3.48634933427e-06,6.65031376044e-06
176000,3.48322349197e-06,6.64143355436e-06
176100,3.4801004546e-06,6.63256344323e-06
176200,3.47698021974e-06,6.62370340998e-06
176300,3.473862785e-06,6.61485343765e-06
176400,3.47074814762e-06,6.60601350876e-06
176500,3.46763630545e-06,6.5971836068e-06
176600,3.46452725609e-06,6.58836371489e-06
176700,3.46142099682e-06,6.5795538157e-06
176800,3.45831752477e-06,6.57075389168e-06
176900,3.45521683764e-06,6.56196392622e-06
177000,3.45211893297e-06,6.5531839025e-06
177100,3.44902380771e-06,6.54441380277e-06
177200,3.4459314599e-06,6.5356536111e-06
177300,3.44284188703e-06,6.52690331068e-06
177400,3.43975508681e-06,6.51816288511e-06
177500,3.43667105669e-06,6.50943231759e-06
177600,3.43358979444e-06,6.50071159189e-06
177700,3.4305112974e-06,6.49200069111e-06
177800,3.42743556312e-06,6.48329959868e-06
177900,3.42436258883e-06,6.47460829761e-06
178000,3.42129237205e-06,6.4659267714e-06
178100,3.41822491053e-06,6.4572550039e-06
178200,3.41516020139e-06,6.44859297805e-06
178300,3.41209824217e-06,6.43994067745e-06
178400,3.40903903082e-06,6.43129808643e-06
178500,3.40598256484e-06,6.42266518859e-06
178600,3.40292884188e-06,6.41404196788e-06
178700,3.39987785951e-06,6.40542840804e-06
178800,3.39682961531e-06,6.39682449298e-06
178900,3.39378410659e-06,6.38823020609e-06
179000,3.39074133079e-06,6.37964553106e-06
179100,3.38770128575e-06,6.3710704523e-06
179200,3.3846639684e-06,6.36250495269e-06
179300,3.38162937682e-06,6.35394901708e-06
179400,3.37859750795e-06,6.34540262845e-06
179500,3.37556836025e-06,6.33686577234e-06
179600,3.37254193072e-06,6.32833843188e-06
179700,3.3695182174e-06,6.31982059199e-06
179800,3.36649721755e-06,6.31131223631e-06
179900,3.36347892922e-06,6.30281334981e-06
180000,3.36046334922e-06,6.29432391547e-06
180100,3.35745047562e-06,6.28584391837e-06
180200,3.35444030561e-06,6.27737334214e-06
180300,3.35143283704e-06,6.26891217157e-06
180400,3.34842806686e-06,6.26046038998e-06
180500,3.34542599309e-06,6.25201798248e-06
180600,3.34242661333e-06,6.24358493354e-06
180700,3.33942992547e-06,6.23516122812e-06
180800,3.33643592674e-06,6.22674685012e-06
180900,3.33344461489e-06,6.21834178434e-06
181000,3.33045598803e-06,6.20994601621e-06
181100,3.32747004289e-06,6.20155952891e-06
181200,3.32448677739e-06,6.19318230758e-06
181300,3.32150618915e-06,6.18481433695e-06
181400,3.31852827518e-06,6.17645560072e-06
181500,3.31555303368e-06,6.16810608463e-06
181600,3.31258046194e-06,6.15976577293e-06
181700,3.30961055769e-06,6.15143465063e-06
181800,3.3066433187e-06,6.14311270281e-06
181900,3.30367874239e-06,6.13479991404e-06
182000,3.30071682687e-06,6.12649627004e-06
182100,3.29775756924e-06,6.1182017549e-06
182200,3.29480096737e-06,6.10991635401e-06
182300,3.29184701885e-06,6.1016400523e-06
182400,3.28889572109e-06,6.09337283447e-06
182500,3.28594707136e-06,6.08511468499e-06
182600,3.28300106764e-06,6.07686558957e-06
182700,3.28005770755e-06,6.0686255333e-06
182800,3.27711698863e-06,6.06039450121e-06
182900,3.27417890862e-06,6.05217247867e-06
183000,3.27124346551e-06,6.04395945152e-06
183100,3.26831065645e-06,6.03575540419e-06
183200,3.26538047936e-06,6.02756032245e-06
183300,3.26245293194e-06,6.01937419174e-06
183400,3.25952801148e-06,6.01119699682e-06
183500,3.25660571548e-06,6.00302872282e-06
183600,3.25368604218e-06,5.99486935617e-06
183700,3.25076898825e-06,5.9867188807e-06
183800,3.24785455194e-06,5.97857728288e-06
183900,3.24494273099e-06,5.97044454837e-06
184000,3.24203352278e-06,5.96232066225e-06
184100,3.2391269252e-06,5.95420561052e-06
184200,3.23622293621e-06,5.94609937926e-06
184300,3.23332155317e-06,5.93800195362e-06
184400,3.23042277321e-06,5.9299133184e-06
184500,3.22752659514e-06,5.92183346121e-06
184600,3.22463301548e-06,5.91376236583e-06
184700,3.22174203233e-06,5.90570001879e-06
184800,3.21885364294e-06,5.89764640516e-06
184900,3.21596784556e-06,5.88960151173e-06
185000,3.21308463728e-06,5.88156532339e-06
185100,3.2102040163e-06,5.87353782689e-06
185200,3.20732598018e-06,5.86551900796e-06
185300,3.20445052672e-06,5.85750885274e-06
185400,3.20157765348e-06,5.84950734699e-06
185500,3.19870735818e-06,5.8415144768e-06
185600,3.19583963835e-06,5.83353022795e-06
185700,3.19297449177e-06,5.82555458662e-06
185800,3.19011191577e-06,5.81758753833e-06
185900,3.18725190829e-06,5.80962906961e-06
186000,3.18439446701e-06,5.80167916661e-06
186100,3.18153958936e-06,5.79373781507e-06
186200,3.17868727343e-06,5.78580500183e-06
186300,3.17583751707e-06,5.77788071341e-06
186400,3.17299031745e-06,5.76996493519e-06
186500,3.17014567293e-06,5.76205765457e-06
186600,3.16730358048e-06,5.75415885666e-06
186700,3.16446403827e-06,5.74626852857e-06
186800,3.16162704396e-06,5.73838665663e-06
186900,3.15879259486e-06,5.73051322657e-06
187000,3.15596068897e-06,5.72264822532e-06
187100,3.15313132358e-06,5.71479163865e-06
187200,3.15030449703e-06,5.70694345411e-06
187300,3.14748020659e-06,5.69910365745e-06
187400,3.14465845022e-06,5.69127223569e-06
187500,3.14183922582e-06,5.68344917567e-06
187600,3.13902253083e-06,5.67563446356e-06
187700,3.13620836304e-06,5.66782808609e-06
187800,3.13339672025e-06,5.66003003006e-06
187900,3.13058760019e-06,5.6522402822e-06
188000,3.12778100017e-06,5.64445882848e-06
188100,3.12497691794e-06,5.63668565572e-06
188200,3.12217535161e-06,5.62892075132e-06
188300,3.11937629862e-06,5.62116410161e-06
188400,3.11657975685e-06,5.61341569364e-06
188500,3.11378572405e-06,5.60567551434e-06
188600,3.11099419822e-06,5.59794355099e-06
188700,3.10820517676e-06,5.59021978997e-06
188800,3.10541865755e-06,5.58250421844e-06
188900,3.10263463837e-06,5.57479682342e-06
189000,3.09985311672e-06,5.56709759153e-06
189100,3.09707409057e-06,5.55940651012e-06
189200,3.09429755746e-06,5.55172356594e-06
189300,3.0915235149e-06,5.5440487456e-06
189400,3.08875196083e-06,5.53638203657e-06
189500,3.0859828937e-06,5.52872342716e-06
189600,3.08321631047e-06,5.52107290316e-06
189700,3.08045220919e-06,5.51343045225e-06
189800,3.07769058786e-06,5.50579606208e-06
189900,3.07493144376e-06,5.49816971903e-06
190000,3.07217477507e-06,5.49055141109e-06
190100,3.06942057928e-06,5.4829411251e-06
190200,3.06666885415e-06,5.47533884834e-06
190300,3.06391959744e-06,5.46774456815e-06
190400,3.06117280681e-06,5.46015827172e-06
190500,3.05842848022e-06,5.45257994674e-06
190600,3.05568661542e-06,5.44500958063e-06
190700,3.05294721019e-06,5.4374471608e-06
190800,3.05021026257e-06,5.42989267522e-06
190900,3.04747577015e-06,5.42234611103e-06
191000,3.04474373071e-06,5.41480745577e-06
191100,3.04201414196e-06,5.40727669686e-06
191200,3.03928700165e-06,5.39975382183e-06
191300,3.03656230772e-06,5.39223881854e-06
191400,3.03384005755e-06,5.38473167389e-06
191500,3.03112024924e-06,5.37723237611e-06
191600,3.0284028806e-06,5.36974091288e-06
191700,3.02568794939e-06,5.36225727185e-06
191800,3.02297545348e-06,5.35478144089e-06
191900,3.02026539071e-06,5.34731340781e-06
192000,3.01755775871e-06,5.33985316012e-06
192100,3.01485255583e-06,5.33240068654e-06
192200,3.01214977929e-06,5.32495597394e-06
192300,3.00944942685e-06,5.31751901006e-06
192400,3.00675149647e-06,5.31008978307e-06
192500,3.00405598597e-06,5.30266828088e-06
192600,3.00136289308e-06,5.29525449129e-06
192700,2.99867221576e-06,5.2878484025e-06
192800,2.99598395171e-06,5.2804500023e-06
192900,2.99329809883e-06,5.27305927882e-06
193000,2.99061465513e-06,5.26567622046e-06
193100,2.9879336182e-06,5.25830081485e-06
193200,2.98525498613e-06,5.25093305054e-06
193300,2.98257875623e-06,5.24357291473e-06
193400,2.97990492677e-06,5.23622039634e-06
193500,2.97723349555e-06,5.22887548347e-06
193600,2.97456446009e-06,5.22153816374e-06
193700,2.97189781853e-06,5.2142084259e-06
193800,2.96923356829e-06,5.20688625746e-06
193900,2.96657170769e-06,5.19957164751e-06
194000,2.96391223451e-06,5.19226458421e-06
194100,2.96125514642e-06,5.18496505559e-06
194200,2.95860044142e-06,5.17767305022e-06
194300,2.95594811748e-06,5.17038855669e-06
194400,2.95329817201e-06,5.16311156259e-06
194500,2.95065060342e-06,5.1558420573e-06
194600,2.94800540901e-06,5.1485800283e-06
194700,2.94536258685e-06,5.14132546441e-06
194800,2.94272213468e-06,5.13407835385e-06
194900,2.94008405039e-06,5.12683868524e-06
195000,2.93744833226e-06,5.11960644778e-06
195100,2.93481497757e-06,5.112381629e-06
195200,2.93218398475e-06,5.10516421849e-06
195300,2.92955535126e-06,5.09795420408e-06
195400,2.9269290752e-06,5.09075157482e-06
195500,2.92430515455e-06,5.08355631953e-06
195600,2.92168358673e-06,5.07636842608e-06
195700,2.91906436986e-06,5.06918788357e-06
195800,2.9164475019e-06,5.06201468086e-06
195900,2.91383298048e-06,5.05484880625e-06
196000,2.91122080374e-06,5.04769024895e-06
196100,2.90861096909e-06,5.04053899687e-06
196200,2.90600347516e-06,5.03339504018e-06
196300,2.9033983194e-06,5.02625836687e-06
196400,2.90079549988e-06,5.01912896615e-06
196500,2.89819501457e-06,5.01200682699e-06
196600,2.89559686098e-06,5.00489193763e-06
196700,2.89300103756e-06,4.99778428795e-06
196800,2.89040754152e-06,4.9906838657e-06
196900,2.88781637102e-06,4.98359066027e-06
197000,2.88522752423e-06,4.97650466111e-06
197100,2.88264099869e-06,4.96942585662e-06
197200,2.88005679238e-06,4.96235423594e-06
197300,2.87747490349e-06,4.9552897886e-06
197400,2.87489532959e-06,4.94823250309e-06
197500,2.87231806891e-06,4.94118236907e-06
197600,2.86974311939e-06,4.9341393757e-06
197700,2.86717047873e-06,4.92710351173e-06
197800,2.86460014497e-06,4.92007476653e-06
197900,2.86203211586e-06,4.91305312901e-06
198000,2.85946638932e-06,4.90603858837e-06
198100,2.85690296316e-06,4.8990311336e-06
198200,2.85434183576e-06,4.89203075479e-06
198300,2.85178300458e-06,4.88503744037e-06
198400,2.8492264678e-06,4.87805118006e-06
198500,2.84667222355e-06,4.87107196356e-06
198600,2.84412026945e-06,4.86409977963e-06
198700,2.84157060366e-06,4.85713461803e-06
198800,2.83902322393e-06,4.8501764678e-06
198900,2.83647812821e-06,4.84322531837e-06
199000,2.83393531461e-06,4.83628115946e-06
199100,2.83139478092e-06,4.82934398023e-06
199200,2.82885652483e-06,4.8224137697e-06
199300,2.8263205448e-06,4.81549051827e-06
199400,2.82378683842e-06,4.8085742148e-06
199500,2.82125540368e-06,4.8016648489e-06
199600,2.81872623899e-06,4.79476241093e-06
199700,2.81619934177e-06,4.7878668895e-06
199800,2.81367471019e-06,4.7809782746e-06
199900,2.81115234233e-06,4.77409655603e-06
200000,2.80863223582e-06,4.76722172287e-06
200100,2.80611438906e-06,4.76035376551e-06
200200,2.80359879953e-06,4.75349267281e-06
200300,2.80108546551e-06,4.74663843499e-06
200400,2.79857438474e-06,4.73979104138e-06
200500,2.79606555546e-06,4.73295048218e-06
200600,2.79355897543e-06,4.72611674678e-06
200700,2.79105464272e-06,4.71928982514e-06
200800,2.78855255549e-06,4.71246970737e-06
200900,2.78605271151e-06,4.70565638292e-06
201000,2.7835551089e-06,4.6988498419e-06
201100,2.78105974545e-06,4.69205007381e-06
201200,2.77856661922e-06,4.68525706867e-06
201300,2.77607572835e-06,4.67847081665e-06
201400,2.77358707039e-06,4.6716913069e-06
201500,2.77110064388e-06,4.66491853035e-06
201600,2.76861644633e-06,4.6581524761e-06
201700,2.76613447596e-06,4.65139313452e-06
201800,2.76365473097e-06,4.64464049599e-06
201900,2.76117720924e-06,4.63789455031e-06
202000,2.75870190861e-06,4.63115528727e-06
202100,2.75622882742e-06,4.62442269751e-06
202200,2.75375796328e-06,4.61769677041e-06
202300,2.75128931443e-06,4.6109774965e-06
202400,2.74882287861e-06,4.60426486541e-06
202500,2.74635865427e-06,4.5975588681e-06
202600,2.74389663889e-06,4.59085949374e-06
202700,2.74143683062e-06,4.5841667328e-06
202800,2.73897922781e-06,4.57748057606e-06
202900,2.73652382849e-06,4.57080101375e-06
203000,2.73407063047e-06,4.56412803576e-06
203100,2.73161963168e-06,4.55746163217e-06
203200,2.7291708305e-06,4.55080179393e-06
203300,2.72672422452e-06,4.5441485105e-06
203400,2.72427981202e-06,4.5375017727e-06
203500,2.72183759092e-06,4.53086157068e-06
203600,2.71939755917e-06,4.5242278946e-06
203700,2.7169597151e-06,4.5176007354e-06
203800,2.71452405654e-06,4.51098008312e-06
203900,2.71209058146e-06,4.50436592805e-06
204000,2.70965928818e-06,4.49775826111e-06
204100,2.70723017462e-06,4.49115707256e-06
204200,2.70480323874e-06,4.48456235271e-06
204300,2.70237847864e-06,4.47797409215e-06
204400,2.69995589231e-06,4.4713922813e-06
204500,2.69753547803e-06,4.46481691108e-06
204600,2.69511723339e-06,4.45824797123e-06
204700,2.69270115686e-06,4.45168545309e-06
204800,2.69028724609e-06,4.44512934645e-06
204900,2.68787549956e-06,4.43857964274e-06
205000,2.68546591531e-06,4.43203633253e-06
205100,2.68305849105e-06,4.42549940583e-06
205200,2.68065322528e-06,4.41896885408e-06
205300,2.67825011568e-06,4.41244466728e-06
205400,2.67584916063e-06,4.4059268367e-06
205500,2.67345035804e-06,4.39941535274e-06
205600,2.67105370602e-06,4.39291020623e-06
205700,2.66865920233e-06,4.38641138737e-06
205800,2.66626684551e-06,4.37991888775e-06
205900,2.66387663335e-06,4.37343269766e-06
206000,2.66148856383e-06,4.36695280771e-06
206100,2.65910263535e-06,4.36047920931e-06
206200,2.65671884589e-06,4.35401189314e-06
206300,2.65433719349e-06,4.34755084998e-06
206400,2.65195767641e-06,4.341096071e-06
206500,2.64958029238e-06,4.33464754648e-06
206600,2.64720503989e-06,4.32820526806e-06
206700,2.64483191667e-06,4.321769226e-06
206800,2.64246092104e-06,4.31533941168e-06
206900,2.64009205088e-06,4.30891581567e-06
207000,2.6377253044e-06,4.30249842918e-06
207100,2.63536067968e-06,4.29608724316e-06
207200,2.63299817484e-06,4.28968224867e-06
207300,2.63063778794e-06,4.2832834367e-06
207400,2.62827951738e-06,4.27689079882e-06
207500,2.6259233609e-06,4.27050432544e-06
207600,2.6235693169e-06,4.26412400822e-06
207700,2.6212173832e-06,4.2577498377e-06
207800,2.61886755807e-06,4.25138180532e-06
207900,2.61651983959e-06,4.24501990216e-06
208000,2.61417422567e-06,4.23866411899e-06
208100,2.6118307146e-06,4.23231444732e-06
208200,2.60948930463e-06,4.22597087861e-06
208300,2.60714999353e-06,4.21963340339e-06
208400,2.60481277984e-06,4.21330201369e-06
208500,2.60247766143e-06,4.20697670028e-06
208600,2.6001446368e-06,4.20065745511e-06
208700,2.59781370342e-06,4.19434426827e-06
208800,2.59548485991e-06,4.18803713193e-06
208900,2.5931581042e-06,4.18173603706e-06
209000,2.59083343438e-06,4.17544097491e-06
209100,2.58851084872e-06,4.16915193706e-06
209200,2.58619034522e-06,4.16286891466e-06
209300,2.58387192213e-06,4.15659189927e-06
209400,2.58155557742e-06,4.15032088198e-06
209500,2.5792413096e-06,4.14405585489e-06
209600,2.57692911638e-06,4.13779680864e-06
209700,2.57461899615e-06,4.13154373513e-06
209800,2.57231094707e-06,4.12529662582e-06
209900,2.57000496722e-06,4.11905547212e-06
210000,2.56770105484e-06,4.11282026565e-06
210100,2.56539920786e-06,4.10659099752e-06
210200,2.56309942454e-06,4.10036765946e-06
210300,2.56080170301e-06,4.09415024298e-06
210400,2.55850604139e-06,4.08793873958e-06
210500,2.55621243791e-06,4.08173314097e-06
210600,2.55392089063e-06,4.07553343852e-06
210700,2.55163139811e-06,4.06933962463e-06
210800,2.54934395807e-06,4.06315169007e-06
210900,2.54705856882e-06,4.05696962677e-06
211000,2.54477522857e-06,4.05079342646e-06
211100,2.5424939355e-06,4.04462308085e-06
211200,2.54021468744e-06,4.03845858099e-06
211300,2.53793748283e-06,4.03229991907e-06
211400,2.53566232005e-06,4.02614708721e-06
211500,2.53338919672e-06,4.02000007611e-06
211600,2.53111811153e-06,4.0138588785e-06
211700,2.52884906242e-06,4.00772348567e-06
211800,2.52658204769e-06,4.00159388964e-06
211900,2.52431706551e-06,3.99547008221e-06
212000,2.52205411403e-06,3.98935205511e-06
212100,2.51979319144e-06,3.98323980019e-06
212200,2.51753429582e-06,3.97713330909e-06
212300,2.51527742532e-06,3.97103257361e-06
212400,2.51302257841e-06,3.96493758614e-06
212500,2.5107697529e-06,3.95884833787e-06
212600,2.50851894723e-06,3.95276482118e-06
212700,2.50627015944e-06,3.94668702766e-06
212800,2.50402338823e-06,3.94061495024e-06
212900,2.50177863101e-06,3.93454857936e-06
213000,2.49953588652e-06,3.92848790804e-06
213100,2.49729515273e-06,3.92243292779e-06
213200,2.49505642827e-06,3.91638363144e-06
213300,2.49281971057e-06,3.91034000955e-06
213400,2.49058499858e-06,3.90430205553e-06
213500,2.48835228999e-06,3.89826976045e-06
213600,2.48612158307e-06,3.8922431165e-06
213700,2.48389287624e-06,3.88622211615e-06
213800,2.48166616762e-06,3.88020675128e-06
213900,2.47944145537e-06,3.87419701392e-06
214000,2.47721873787e-06,3.8681928965e-06
214100,2.47499801323e-06,3.86219439092e-06
214200,2.47277927955e-06,3.85620148915e-06
214300,2.47056253547e-06,3.85021418411e-06
214400,2.46834777868e-06,3.84423246698e-06
214500,2.46613500763e-06,3.83825633039e-06
214600,2.46392422066e-06,3.83228576676e-06
214700,2.46171541557e-06,3.82632076748e-06
214800,2.45950859083e-06,3.82036132528e-06
214900,2.457303745e-06,3.81440743301e-06
215000,2.45510087583e-06,3.80845908203e-06
215100,2.4528999819e-06,3.80251626526e-06
215200,2.45070106125e-06,3.79657897465e-06
215300,2.4485041123e-06,3.79064720283e-06
215400,2.44630913306e-06,3.78472094172e-06
215500,2.4441161219e-06,3.77880018388e-06
215600,2.44192507697e-06,3.77288492148e-06
215700,2.43973599645e-06,3.76697514679e-06
215800,2.43754887882e-06,3.76107085262e-06
215900,2.43536372209e-06,3.75517203094e-06
216000,2.43318052472e-06,3.74927867451e-06
216100,2.4309992844e-06,3.74339077473e-06
216200,2.42882000036e-06,3.7375083259e-06
216300,2.42664267003e-06,3.73163131888e-06
216400,2.42446729222e-06,3.7257597472e-06
216500,2.42229386464e-06,3.71989360231e-06
216600,2.42012238588e-06,3.71403287733e-06
216700,2.41795285431e-06,3.70817756497e-06
216800,2.41578526774e-06,3.70232765689e-06
216900,2.41361962479e-06,3.69648314632e-06
217000,2.41145592337e-06,3.69064402514e-06
217100,2.40929416233e-06,3.684810287e-06
217200,2.4071343395e-06,3.67898192365e-06
217300,2.40497645318e-06,3.67315892774e-06
217400,2.40282050181e-06,3.66734129221e-06
217500,2.4006664835e-06,3.66152900936e-06
217600,2.39851439663e-06,3.65572207202e-06
217700,2.39636423923e-06,3.64992047236e-06
217800,2.3942160099e-06,3.64412420366e-06
217900,2.39206970662e-06,3.63833325804e-06
218000,2.389925328e-06,3.63254762879e-06
218100,2.38778287194e-06,3.6267673079e-06
218200,2.38564233692e-06,3.62099228844e-06
218300,2.38350372134e-06,3.61522256338e-06
218400,2.3813670233e-06,3.60945812506e-06
218500,2.37923224104e-06,3.60369896619e-06
218600,2.37709937322e-06,3.59794508023e-06
218700,2.37496841763e-06,3.59219645897e-06
218800,2.372839373e-06,3.58645309608e-06
218900,2.37071223723e-06,3.5807149836e-06
219000,2.36858700874e-06,3.57498211456e-06
219100,2.3664636859e-06,3.56925448198e-06
219200,2.36434226681e-06,3.56353207828e-06
219300,2.36222275011e-06,3.557814897e-06
219400,2.36010513386e-06,3.55210293052e-06
219500,2.35798941628e-06,3.5463961716e-06
219600,2.35587559584e-06,3.54069461342e-06
219700,2.35376367084e-06,3.5349982489e-06
219800,2.35165363966e-06,3.52930707108e-06
219900,2.34954550055e-06,3.52362107281e-06
220000,2.34743925146e-06,3.51794024633e-06
220100,2.34533489128e-06,3.51226458571e-06
220200,2.3432324177e-06,3.50659408273e-06
220300,2.34113182961e-06,3.50092873148e-06
220400,2.33903312494e-06,3.49526852422e-06
220500,2.3369363021e-06,3.48961345414e-06
220600,2.33484135941e-06,3.48396351424e-06
220700,2.3327482954e-06,3.47831869801e-06
220800,2.33065710828e-06,3.47267899824e-06
220900,2.32856779606e-06,3.46704440741e-06
221000,2.32648035739e-06,3.46141491921e-06
221100,2.32439479063e-06,3.4557905268e-06
221200,2.32231109385e-06,3.45017122277e-06
221300,2.32022926547e-06,3.44455700042e-06
221400,2.31814930379e-06,3.4389478528e-06
221500,2.31607120717e-06,3.43334377311e-06
221600,2.31399497403e-06,3.42774475467e-06
221700,2.3119206028e-06,3.42215079081e-06
221800,2.30984809138e-06,3.41656187387e-06
221900,2.30777743862e-06,3.41097799802e-06
222000,2.30570864236e-06,3.40539915551e-06
222100,2.30364170139e-06,3.39982534039e-06
222200,2.30157661394e-06,3.39425654566e-06
222300,2.29951337808e-06,3.38869276406e-06
222400,2.29745199223e-06,3.38313398897e-06
222500,2.29539245488e-06,3.37758021391e-06
222600,2.29333476437e-06,3.37203143212e-06
222700,2.29127891901e-06,3.36648763687e-06
222800,2.28922491721e-06,3.3609488215e-06
222900,2.28717275714e-06,3.35541497899e-06
223000,2.28512243727e-06,3.3498861029e-06
223100,2.28307395605e-06,3.34436218671e-06
223200,2.28102731154e-06,3.3388432232e-06
223300,2.2789825025e-06,3.33332920653e-06
223400,2.27693952691e-06,3.3278201293e-06
223500,2.27489838332e-06,3.32231598527e-06
223600,2.27285906999e-06,3.31681676759e-06
223700,2.2708215853e-06,3.31132246975e-06
223800,2.26878592767e-06,3.30583308523e-06
223900,2.26675209546e-06,3.30034860747e-06
224000,2.26472008716e-06,3.29486903012e-06
224100,2.262689901e-06,3.28939434637e-06
224200,2.26066153519e-06,3.28392454936e-06
224300,2.25863498842e-06,3.27845963317e-06
224400,2.2566102588e-06,3.27299959081e-06
224500,2.25458734484e-06,3.26754441598e-06
224600,2.25256624479e-06,3.26209410198e-06
224700,2.25054695715e-06,3.25664864254e-06
224800,2.24852948022e-06,3.25120803105e-06
224900,2.24651381235e-06,3.24577226097e-06
225000,2.24449995222e-06,3.24034132649e-06
225100,2.24248789792e-06,3.23491522052e-06
225200,2.24047764782e-06,3.22949393667e-06
225300,2.23846920042e-06,3.2240774687e-06
225400,2.23646255394e-06,3.2186658099e-06
225500,2.23445770706e-06,3.21325895445e-06
225600,2.23245465768e-06,3.20785689501e-06
225700,2.23045340477e-06,3.20245962635e-06
225800,2.22845394623e-06,3.19706714111e-06
225900,2.2264562807e-06,3.19167943345e-06
226000,2.22446040661e-06,3.18629649712e-06
226100,2.22246632226e-06,3.18091832555e-06
226200,2.22047402611e-06,3.17554491261e-06
226300,2.21848351655e-06,3.17017625193e-06
226400,2.21649479205e-06,3.16481233737e-06
226500,2.21450785077e-06,3.15945316216e-06
226600,2.21252269128e-06,3.15409872038e-06
226700,2.21053931201e-06,3.14874900581e-06
226800,2.20855771121e-06,3.14340401189e-06
226900,2.20657788743e-06,3.13806373264e-06
227000,2.20459983917e-06,3.13272816204e-06
227100,2.20262356433e-06,3.12739729286e-06
227200,2.20064906202e-06,3.12207112028e-06
227300,2.19867633033e-06,3.11674963745e-06
227400,2.19670536747e-06,3.1114328378e-06
227500,2.19473617229e-06,3.10612071602e-06
227600,2.19276874291e-06,3.10081326532e-06
227700,2.19080307776e-06,3.09551047959e-06
227800,2.18883917527e-06,3.09021235274e-06
227900,2.18687703392e-06,3.08491887871e-06
228000,2.18491665203e-06,3.07963005121e-06
228100,2.18295802824e-06,3.07434586454e-06
228200,2.18100116092e-06,3.0690663125e-06
228300,2.17904604817e-06,3.06379138834e-06
228400,2.17709268886e-06,3.05852108689e-06
228500,2.1751410812e-06,3.05325540163e-06
228600,2.17319122353e-06,3.04799432629e-06
228700,2.1712431145e-06,3.04273785532e-06
228800,2.16929675241e-06,3.03748598238e-06
228900,2.16735213571e-06,3.03223870149e-06
229000,2.16540926285e-06,3.02699600665e-06
229100,2.16346813235e-06,3.02175789203e-06
229200,2.16152874236e-06,3.01652435105e-06
229300,2.15959109151e-06,3.01129537811e-06
229400,2.15765517839e-06,3.00607096754e-06
229500,2.15572100134e-06,3.00085111316e-06
229600,2.1537885587e-06,2.99563580883e-06
229700,2.151857849e-06,2.99042504876e-06
229800,2.14992887066e-06,2.98521882696e-06
229900,2.14800162223e-06,2.98001713771e-06
230000,2.14607610192e-06,2.97481997465e-06
230100,2.14415230837e-06,2.96962733222e-06
230200,2.14223024e-06,2.96443920448e-06
230300,2.14030989525e-06,2.95925558551e-06
230400,2.13839127265e-06,2.95407646964e-06
230500,2.13647437039e-06,2.94890185039e-06
230600,2.13455918724e-06,2.9437317226e-06
230700,2.1326457217e-06,2.9385660805e-06
230800,2.13073397181e-06,2.9334049174e-06
230900,2.12882393644e-06,2.9282482283e-06
231000,2.12691561402e-06,2.92309600733e-06
231100,2.12500900277e-06,2.91794824822e-06
231200,2.12310410138e-06,2.91280494559e-06
231300,2.12120090802e-06,2.90766609309e-06
231400,2.11929942142e-06,2.90253168546e-06
231500,2.11739963995e-06,2.89740171676e-06
231600,2.11550156228e-06,2.89227618161e-06
231700,2.11360518667e-06,2.88715507387e-06
231800,2.11171051156e-06,2.88203838771e-06
231900,2.10981753578e-06,2.87692611815e-06
232000,2.10792625738e-06,2.87181825862e-06
232100,2.10603667515e-06,2.86671480403e-06
232200,2.10414878709e-06,2.86161574772e-06
232300,2.1022625924e-06,2.85652108549e-06
232400,2.10037808892e-06,2.85143081033e-06
232500,2.09849527548e-06,2.84634491732e-06
232600,2.0966141503e-06,2.84126340022e-06
232700,2.0947347122e-06,2.83618625412e-06
232800,2.0928569594e-06,2.8311134728e-06
232900,2.09098089074e-06,2.82604505138e-06
233000,2.0891065043e-06,2.82098098341e-06
233100,2.08723379885e-06,2.81592126384e-06
233200,2.08536277256e-06,2.81086588643e-06
233300,2.08349342432e-06,2.80581484638e-06
233400,2.08162575228e-06,2.80076813743e-06
233500,2.07975975517e-06,2.79572575448e-06
233600,2.07789543141e-06,2.7906876918e-06
233700,2.07603277948e-06,2.78565394386e-06
233800,2.07417179796e-06,2.78062450522e-06
233900,2.07231248529e-06,2.77559937024e-06
234000,2.07045484008e-06,2.77057853365e-06
234100,2.06859886059e-06,2.76556198942e-06
234200,2.06674454547e-06,2.76054973234e-06
234300,2.06489189331e-06,2.75554175708e-06
234400,2.06304090272e-06,2.75053805839e-06
234500,2.06119157172e-06,2.74553862979e-06
234600,2.05934389919e-06,2.74054346655e-06
234700,2.05749788368e-06,2.73555256332e-06
234800,2.05565352357e-06,2.73056591436e-06
234900,2.05381081728e-06,2.72558351406e-06
235000,2.05196976362e-06,2.72060535759e-06
235100,2.05013036104e-06,2.71563143938e-06
235200,2.04829260777e-06,2.71066175343e-06
235300,2.04645650255e-06,2.70569629481e-06
235400,2.04462204399e-06,2.70073505833e-06
235500,2.04278923056e-06,2.69577803845e-06
235600,2.04095806058e-06,2.6908252294e-06
235700,2.03912853283e-06,2.68587662636e-06
235800,2.0373006455e-06,2.68093222325e-06
235900,2.03547439758e-06,2.6759920157e-06
236000,2.03364978715e-06,2.67105599746e-06
236100,2.03182681342e-06,2.66612416459e-06
236200,2.03000547405e-06,2.66119650996e-06
236300,2.02818576825e-06,2.65627302966e-06
236400,2.02636769418e-06,2.65135371766e-06
236500,2.02455125042e-06,2.64643856872e-06
236600,2.02273643573e-06,2.64152757802e-06
236700,2.0209232484e-06,2.63662073979e-06
236800,2.01911168697e-06,2.63171804875e-06
236900,2.01730175017e-06,2.62681950004e-06
237000,2.01549343653e-06,2.62192508842e-06
237100,2.01368674451e-06,2.61703480845e-06
237200,2.0118816725e-06,2.61214865457e-06
237300,2.01007821955e-06,2.60726662263e-06
237400,2.00827638357e-06,2.60238870607e-06
237500,2.00647616359e-06,2.59751490072e-06
237600,2.00467755791e-06,2.59264520086e-06
237700,2.00288056498e-06,2.58777960106e-06
237800,2.00108518375e-06,2.582918097e-06
237900,1.99929141256e-06,2.57806068308e-06
238000,1.99749924982e-06,2.57320735382e-06
238100,1.99570869423e-06,2.56835810435e-06
238200,1.99391974451e-06,2.56351292991e-06
238300,1.99213239891e-06,2.5586718247e-06
238400,1.99034665619e-06,2.55383478401e-06
238500,1.9885625148e-06,2.5490018025e-06
238600,1.98677997345e-06,2.54417287534e-06
238700,1.98499903057e-06,2.53934799722e-06
238800,1.9832196847e-06,2.53452716291e-06
238900,1.98144193468e-06,2.52971036799e-06
239000,1.97966577868e-06,2.52489760646e-06
239100,1.97789121562e-06,2.52008887406e-06
239200,1.97611824377e-06,2.51528416509e-06
239300,1.97434686185e-06,2.5104834748e-06
239400,1.97257706866e-06,2.50568679864e-06
239500,1.97080886227e-06,2.50089413048e-06
239600,1.96904224181e-06,2.49610546653e-06
239700,1.96727720531e-06,2.49132080057e-06
239800,1.96551375191e-06,2.4865401288e-06
239900,1.96375187967e-06,2.48176344514e-06
240000,1.96199158757e-06,2.47699074543e-06
240100,1.96023287398e-06,2.47222202421e-06
240200,1.95847573744e-06,2.46745727647e-06
240300,1.9567201768e-06,2.46269649778e-06
240400,1.95496619027e-06,2.45793968241e-06
240500,1.95321377698e-06,2.45318682652e-06
240600,1.95146293473e-06,2.44843792354e-06
240700,1.94971366285e-06,2.4436929701e-06
240800,1.9479659596e-06,2.43895196054e-06
240900,1.94621982376e-06,2.43421489041e-06
241000,1.94447525354e-06,2.42948175391e-06
241100,1.94273224793e-06,2.42475254705e-06
241200,1.94099080534e-06,2.42002726451e-06
241300,1.93925092426e-06,2.4153059012e-06
241400,1.93751260363e-06,2.41058845295e-06
241500,1.93577584187e-06,2.40587491452e-06
241600,1.93404063748e-06,2.40116528084e-06
241700,1.93230698909e-06,2.39645954712e-06
241800,1.93057489546e-06,2.39175770886e-06
241900,1.92884435523e-06,2.38705976128e-06
242000,1.92711536676e-06,2.38236569904e-06
242100,1.92538792853e-06,2.37767551704e-06
242200,1.92366203966e-06,2.37298921159e-06
242300,1.92193769843e-06,2.36830677715e-06
242400,1.92021490357e-06,2.36362820922e-06
242500,1.91849365354e-06,2.35895350264e-06
242600,1.91677394721e-06,2.35428265321e-06
242700,1.91505578292e-06,2.34961565559e-06
242800,1.91333915945e-06,2.34495250532e-06
242900,1.91162407531e-06,2.34029319744e-06
243000,1.90991052924e-06,2.33563772749e-06
243100,1.90819851972e-06,2.33098609038e-06
243200,1.90648804553e-06,2.32633828176e-06
243300,1.90477910526e-06,2.32169429682e-06
243400,1.90307169736e-06,2.31705413047e-06
243500,1.9013658206e-06,2.31241777831e-06
243600,1.89966147376e-06,2.307785236e-06
243700,1.89795865527e-06,2.30315649839e-06
243800,1.89625736357e-06,2.29853156043e-06
243900,1.89455759785e-06,2.2939104186e-06
244000,1.8928593561e-06,2.28929306687e-06
244100,1.89116263755e-06,2.28467950189e-06
244200,1.88946744032e-06,2.28006971785e-06
244300,1.88777376334e-06,2.2754637108e-06
244400,1.8860816051e-06,2.27086147574e-06
244500,1.88439096423e-06,2.26626300805e-06
244600,1.88270183944e-06,2.26166830325e-06
244700,1.88101422974e-06,2.25707735753e-06
244800,1.87932813331e-06,2.25249016528e-06
244900,1.8776435487e-06,2.2479067217e-06
245000,1.87596047493e-06,2.24332702301e-06
245100,1.87427891026e-06,2.23875106381e-06
245200,1.87259885364e-06,2.23417884015e-06
245300,1.87092030364e-06,2.22961034731e-06
245400,1.86924325876e-06,2.22504558043e-06
245500,1.86756771775e-06,2.22048453513e-06
245600,1.86589367963e-06,2.21592720769e-06
245700,1.86422114228e-06,2.21137359187e-06
245800,1.86255010508e-06,2.20682368474e-06
245900,1.86088056623e-06,2.20227748077e-06
246000,1.85921252472e-06,2.19773497618e-06
246100,1.85754597873e-06,2.19319616542e-06
246200,1.8558809275e-06,2.18866104526e-06
246300,1.85421736929e-06,2.18412961031e-06
246400,1.85255530298e-06,2.17960185658e-06
246500,1.85089472694e-06,2.17507777896e-06
246600,1.84923564005e-06,2.17055737341e-06
246700,1.84757804095e-06,2.16604063545e-06
246800,1.84592192831e-06,2.16152756062e-06
246900,1.8442673009e-06,2.15701814468e-06
247000,1.84261415714e-06,2.15251238266e-06
247100,1.84096249606e-06,2.1480102709e-06
247200,1.83931231592e-06,2.14351180407e-06
247300,1.8376636157e-06,2.13901697845e-06
247400,1.83601639373e-06,2.13452578883e-06
247500,1.83437064915e-06,2.13003823185e-06
247600,1.83272638032e-06,2.12555430243e-06
247700,1.83108358583e-06,2.12107399594e-06
247800,1.82944226457e-06,2.1165973085e-06
247900,1.82780241533e-06,2.11212423596e-06
248000,1.82616403645e-06,2.10765477318e-06
248100,1.82452712689e-06,2.10318891645e-06
248200,1.82289168532e-06,2.09872666136e-06
248300,1.82125771007e-06,2.09426800277e-06
248400,1.81962520016e-06,2.08981293709e-06
248500,1.81799415426e-06,2.08536145993e-06
248600,1.81636457106e-06,2.08091356697e-06
248700,1.81473644917e-06,2.07646925374e-06
248800,1.81310978704e-06,2.07202851535e-06
248900,1.81148458381e-06,2.06759134852e-06
249000,1.80986083797e-06,2.06315774847e-06
249100,1.80823854817e-06,2.05872771084e-06
249200,1.80661771331e-06,2.05430123178e-06
249300,1.80499833175e-06,2.04987830626e-06
249400,1.8033804024e-06,2.04545893048e-06
249500,1.80176392402e-06,2.04104310033e-06
249600,1.80014889516e-06,2.03663081118e-06
249700,1.79853531447e-06,2.03222205869e-06
249800,1.79692318097e-06,2.02781683931e-06
249900,1.79531249289e-06,2.02341514776e-06
250000,1.79370324932e-06,2.01901698063e-06
250100,1.79209544871e-06,2.01462233318e-06
250200,1.79048908995e-06,2.01023120157e-06
250300,1.78888417185e-06,2.00584358182e-06
250400,1.78728069268e-06,2.00145946872e-06
250500,1.78567865158e-06,1.99707885907e-06
250600,1.78407804699e-06,1.99270174806e-06
250700,1.78247887768e-06,1.98832813161e-06
250800,1.78088114284e-06,1.98395800662e-06
250900,1.77928484042e-06,1.97959136722e-06
251000,1.77768996941e-06,1.97522820986e-06
251100,1.77609652856e-06,1.97086853041e-06
251200,1.77450451698e-06,1.96651232565e-06
251300,1.77291393269e-06,1.96215958982e-06
251400,1.77132477491e-06,1.95781031996e-06
251500,1.76973704208e-06,1.95346451124e-06
251600,1.76815073306e-06,1.94912215987e-06
251700,1.76656584668e-06,1.94478326201e-06
251800,1.76498238144e-06,1.94044781295e-06
251900,1.76340033634e-06,1.93611580929e-06
252000,1.76181970978e-06,1.93178724614e-06
252100,1.7602405005e-06,1.92746211945e-06
252200,1.75866270736e-06,1.92314042542e-06
252300,1.7570863292e-06,1.91882216021e-06
252400,1.75551136468e-06,1.91450731961e-06
252500,1.7539378124e-06,1.91019589922e-06
252600,1.75236567119e-06,1.90588789523e-06
252700,1.75079493981e-06,1.90158330359e-06
252800,1.74922561712e-06,1.89728212059e-06
252900,1.74765770146e-06,1.89298434125e-06
253000,1.74609119212e-06,1.88868996279e-06
253100,1.74452608732e-06,1.88439898003e-06
253200,1.74296238602e-06,1.8801113894e-06
253300,1.741400087e-06,1.87582718699e-06
253400,1.73983918877e-06,1.87154636828e-06
253500,1.73827969061e-06,1.86726893043e-06
253600,1.73672159059e-06,1.86299486798e-06
253700,1.73516488797e-06,1.85872417804e-06
253800,1.73360958116e-06,1.8544568559e-06
253900,1.73205566923e-06,1.85019289829e-06
254000,1.73050315075e-06,1.84593230083e-06
254100,1.72895202432e-06,1.84167505923e-06
254200,1.72740228891e-06,1.83742116999e-06
254300,1.72585394319e-06,1.83317062901e-06
254400,1.72430698596e-06,1.82892343243e-06
254500,1.72276141589e-06,1.82467957609e-06
254600,1.72121723201e-06,1.8204390567e-06
254700,1.71967443252e-06,1.81620186907e-06
254800,1.71813301674e-06,1.81196801053e-06
254900,1.71659298326e-06,1.8077374768e-06
255000,1.71505433048e-06,1.80351026313e-06
255100,1.71351705791e-06,1.79928636732e-06
255200,1.71198116359e-06,1.79506578383e-06
255300,1.71044664669e-06,1.79084850971e-06
255400,1.70891350564e-06,1.78663454028e-06
255500,1.7073817396e-06,1.78242387257e-06
255600,1.70585134706e-06,1.77821650207e-06
255700,1.70432232706e-06,1.77401242552e-06
255800,1.70279467799e-06,1.76981163822e-06
255900,1.70126839888e-06,1.76561413689e-06
256000,1.6997434885e-06,1.76141991767e-06
256100,1.69821994547e-06,1.75722897639e-06
256200,1.69669776876e-06,1.75304130961e-06
256300,1.69517695701e-06,1.74885691325e-06
256400,1.69365750905e-06,1.74467578357e-06
256500,1.69213942347e-06,1.74049791632e-06
256600,1.69062269937e-06,1.73632330842e-06
256700,1.68910733529e-06,1.73215195553e-06
256800,1.68759333021e-06,1.7279838543e-06
256900,1.68608068269e-06,1.72381900043e-06
257000,1.68456939159e-06,1.71965739028e-06
257100,1.68305945598e-06,1.71549902076e-06
257200,1.68155087397e-06,1.71134388652e-06
257300,1.68004364503e-06,1.70719198537e-06
257400,1.67853776766e-06,1.70304331286e-06
257500,1.67703324068e-06,1.69889786532e-06
257600,1.67553006283e-06,1.69475563886e-06
257700,1.67402823297e-06,1.69061662993e-06
257800,1.67252774975e-06,1.68648083443e-06
257900,1.6710286121e-06,1.68234824896e-06
258000,1.66953081888e-06,1.67821886991e-06
258100,1.66803436869e-06,1.67409269314e-06
258200,1.66653926036e-06,1.66996971496e-06
258300,1.66504549274e-06,1.66584993183e-06
258400,1.66355306483e-06,1.66173334048e-06
258500,1.6620619751e-06,1.65761993646e-06
258600,1.66057222268e-06,1.65350971682e-06
258700,1.65908380616e-06,1.64940267741e-06
258800,1.65759672403e-06,1.64529881376e-06
258900,1.65611097553e-06,1.64119812325e-06
259000,1.65462655941e-06,1.63710060208e-06
259100,1.6531434744e-06,1.63300624639e-06
259200,1.65166171933e-06,1.62891505257e-06
259300,1.65018129318e-06,1.62482701738e-06
259400,1.64870219442e-06,1.62074213636e-06
259500,1.64722442196e-06,1.61666040611e-06
259600,1.64574797472e-06,1.61258182322e-06
259700,1.6442728515e-06,1.60850638405e-06
259800,1.64279905117e-06,1.60443408512e-06
259900,1.64132657224e-06,1.60036492206e-06
260000,1.63985541402e-06,1.59629889241e-06
260100,1.63838557481e-06,1.5922359914e-06
260200,1.63691705369e-06,1.58817621597e-06
260300,1.63544984939e-06,1.58411956234e-06
260400,1.63398396085e-06,1.5800660272e-06
260500,1.63251938691e-06,1.57601560701e-06
260600,1.63105612623e-06,1.57196829781e-06
260700,1.62959417776e-06,1.5679240963e-06
260800,1.62813354025e-06,1.56388299874e-06
260900,1.62667421249e-06,1.55984500148e-06
261000,1.62521619341e-06,1.5558101012e-06
261100,1.6237594818e-06,1.55177829428e-06
261200,1.62230407641e-06,1.54774957693e-06
261300,1.62084997611e-06,1.54372394578e-06
261400,1.61939717983e-06,1.53970139744e-06
261500,1.61794568631e-06,1.53568192822e-06
261600,1.6164954943e-06,1.53166553436e-06
261700,1.61504660299e-06,1.52765221319e-06
261800,1.61359901077e-06,1.52364196016e-06
261900,1.61215271666e-06,1.51963477217e-06
262000,1.61070771951e-06,1.51563064574e-06
262100,1.60926401812e-06,1.51162957729e-06
262200,1.60782161147e-06,1.50763156366e-06
262300,1.60638049814e-06,1.50363660073e-06
262400,1.60494067711e-06,1.49964468535e-06
262500,1.60350214724e-06,1.49565581409e-06
262600,1.60206490748e-06,1.49166998372e-06
262700,1.60062895647e-06,1.48768719029e-06
262800,1.59919429301e-06,1.48370743022e-06
262900,1.59776091618e-06,1.47973070062e-06
263000,1.59632882477e-06,1.47575699785e-06
263100,1.59489801744e-06,1.47178631808e-06
263200,1.59346849314e-06,1.46781865809e-06
263300,1.59204025088e-06,1.4638540148e-06
263400,1.59061328925e-06,1.45989238414e-06
263500,1.58918760722e-06,1.45593376302e-06
263600,1.58776320377e-06,1.45197814826e-06
263700,1.58634007749e-06,1.44802553583e-06
263800,1.58491822766e-06,1.44407592336e-06
263900,1.58349765257e-06,1.44012930606e-06
264000,1.58207835147e-06,1.43618568147e-06
264100,1.58066032317e-06,1.43224504607e-06
264200,1.57924356648e-06,1.42830739636e-06
264300,1.57782808016e-06,1.42437272872e-06
264400,1.57641386319e-06,1.42044104003e-06
264500,1.57500091442e-06,1.41651232692e-06
264600,1.57358923253e-06,1.41258658553e-06
264700,1.57217881685e-06,1.40866381363e-06
264800,1.5707696656e-06,1.40474400633e-06
264900,1.56936177818e-06,1.40082716152e-06
265000,1.5679551533e-06,1.39691327551e-06
265100,1.56654978972e-06,1.39300234464e-06
265200,1.56514568645e-06,1.38909436597e-06
265300,1.56374284228e-06,1.3851893359e-06
265400,1.56234125588e-06,1.38128725067e-06
265500,1.5609409266e-06,1.37738810809e-06
265600,1.55954185296e-06,1.37349190396e-06
265700,1.55814403381e-06,1.36959863493e-06
265800,1.55674746825e-06,1.36570829823e-06
265900,1.55535215509e-06,1.36182089037e-06
266000,1.55395809305e-06,1.35793640768e-06
266100,1.55256528131e-06,1.35405484762e-06
266200,1.55117371849e-06,1.35017620624e-06
266300,1.54978340338e-06,1.34630048002e-06
266400,1.54839433514e-06,1.34242766641e-06
266500,1.5470065124e-06,1.33855776146e-06
266600,1.54561993439e-06,1.33469076277e-06
266700,1.54423459951e-06,1.33082666587e-06
266800,1.54285050722e-06,1.32696546893e-06
266900,1.54146765585e-06,1.32310716733e-06
267000,1.54008604474e-06,1.31925175888e-06
267100,1.53870567237e-06,1.31539923939e-06
267200,1.53732653801e-06,1.31154960652e-06
267300,1.53594864031e-06,1.30770285645e-06
267400,1.53457197824e-06,1.30385898613e-06
267500,1.53319655075e-06,1.30001799247e-06
267600,1.53182235636e-06,1.29617987137e-06
267700,1.53044939454e-06,1.29234462096e-06
267800,1.52907766392e-06,1.28851223745e-06
267900,1.52770716313e-06,1.2846827169e-06
268000,1.52633789148e-06,1.28085605717e-06
268100,1.52496984772e-06,1.27703225468e-06
268200,1.52360303082e-06,1.2732113064e-06
268300,1.52223743966e-06,1.26939320908e-06
268400,1.52087307277e-06,1.26557795867e-06
268500,1.51950992968e-06,1.2617655535e-06
268600,1.51814800874e-06,1.25795598904e-06
268700,1.51678730922e-06,1.254149263e-06
268800,1.51542782982e-06,1.25034537174e-06
268900,1.51406956954e-06,1.24654431231e-06
269000,1.51271252718e-06,1.2427460813e-06
269100,1.51135670186e-06,1.23895067607e-06
269200,1.51000209232e-06,1.23515809307e-06
269300,1.50864869754e-06,1.23136832929e-06
269400,1.5072965165e-06,1.22758138179e-06
269500,1.50594554788e-06,1.22379724688e-06
269600,1.50459579091e-06,1.2200159222e-06
269700,1.50324724409e-06,1.21623740359e-06
269800,1.5018999066e-06,1.21246168861e-06
269900,1.50055377725e-06,1.20868877386e-06
270000,1.49920885526e-06,1.20491865695e-06
270100,1.49786513913e-06,1.20115133382e-06
270200,1.49652262807e-06,1.19738680203e-06
270300,1.49518132092e-06,1.19362505831e-06
270400,1.49384121662e-06,1.18986609961e-06
270500,1.49250231406e-06,1.18610992277e-06
270600,1.49116461216e-06,1.18235652467e-06
270700,1.48982810958e-06,1.17860590161e-06
270800,1.48849280569e-06,1.17485805161e-06
270900,1.48715869911e-06,1.17111297085e-06
271000,1.48582578885e-06,1.16737065647e-06
271100,1.48449407402e-06,1.16363110586e-06
271200,1.48316355322e-06,1.15989431512e-06
271300,1.48183422581e-06,1.1561602823e-06
271400,1.4805060903e-06,1.15242900333e-06
271500,1.47917914586e-06,1.1487004757e-06
271600,1.47785339125e-06,1.14497469601e-06
271700,1.47652882567e-06,1.14125166185e-06
271800,1.47520544774e-06,1.13753136942e-06
271900,1.47388325646e-06,1.13381381583e-06
272000,1.47256225106e-06,1.13009899886e-06
272100,1.47124243008e-06,1.12638691442e-06
272200,1.46992379259e-06,1.12267755988e-06
272300,1.46860633792e-06,1.1189709332e-06
272400,1.46729006433e-06,1.11526702969e-06
272500,1.46597497124e-06,1.11156584753e-06
272600,1.46466105754e-06,1.1078673836e-06
272700,1.46334832192e-06,1.1041716343e-06
272800,1.46203676364e-06,1.10047859741e-06
272900,1.46072638145e-06,1.09678826948e-06
273000,1.45941717419e-06,1.09310064725e-06
273100,1.45810914117e-06,1.08941572866e-06
273200,1.45680228078e-06,1.08573350939e-06
273300,1.45549659252e-06,1.08205398779e-06
273400,1.45419207528e-06,1.07837716082e-06
273500,1.45288872769e-06,1.07470302467e-06
273600,1.45158654897e-06,1.07103157711e-06
273700,1.45028553782e-06,1.06736281451e-06
273800,1.44898569357e-06,1.06369673493e-06
273900,1.44768701488e-06,1.06003333465e-06
274000,1.44638950062e-06,1.05637261056e-06
274100,1.44509314994e-06,1.05271456016e-06
274200,1.44379796189e-06,1.04905918084e-06
274300,1.44250393513e-06,1.04540646887e-06
274400,1.44121106896e-06,1.04175642221e-06
274500,1.43991936203e-06,1.03810903717e-06
274600,1.43862881338e-06,1.03446431108e-06
274700,1.43733942222e-06,1.0308222416e-06
274800,1.43605118722e-06,1.02718282512e-06
274900,1.43476410742e-06,1.02354605896e-06
275000,1.43347818188e-06,1.01991194044e-06
275100,1.43219340932e-06,1.01628046606e-06
275200,1.43090978907e-06,1.01265163388e-06
275300,1.42962731981e-06,1.00902544027e-06
275400,1.42834600058e-06,1.00540188254e-06
275500,1.4270658304e-06,1.001780958e-06
275600,1.42578680816e-06,9.98162663493e-07
275700,1.42450893291e-06,9.94546996439e-07
275800,1.42323220371e-06,9.90933954172e-07
275900,1.42195661927e-06,9.87323533152e-07
276000,1.42068217893e-06,9.83715731508e-07
276100,1.41940888116e-06,9.80110545081e-07
276200,1.41813672538e-06,9.76507972168e-07
276300,1.41686571032e-06,9.72908009327e-07
276400,1.415595835e-06,9.69310653805e-07
276500,1.41432709847e-06,9.65715902961e-07
276600,1.41305949974e-06,9.62123754039e-07
276700,1.41179303778e-06,9.58534204223e-07
276800,1.4105277113e-06,9.5494725002e-07
276900,1.40926351953e-06,9.51362889201e-07
277000,1.40800046167e-06,9.47781119535e-07
277100,1.4067385363e-06,9.44201937204e-07
277200,1.40547774256e-06,9.40625339786e-07
277300,1.40421807953e-06,9.37051324731e-07
277400,1.40295954601e-06,9.33479888783e-07
277500,1.4017021409e-06,9.29911028911e-07
277600,1.40044586367e-06,9.26344743588e-07
277700,1.39919071285e-06,9.22781028839e-07
277800,1.39793668746e-06,9.19219881951e-07
277900,1.39668378706e-06,9.15661301661e-07
278000,1.39543200983e-06,9.12105283079e-07
278100,1.39418135512e-06,9.08551824381e-07
278200,1.39293182206e-06,9.05000923157e-07
278300,1.39168340952e-06,9.014525763e-07
278400,1.39043611647e-06,8.97906781036e-07
278500,1.38918994193e-06,8.94363534644e-07
278600,1.38794488495e-06,8.90822834553e-07
278700,1.38670094433e-06,8.87284677453e-07
278800,1.38545811924e-06,8.83749061132e-07
278900,1.38421640878e-06,8.8021598304e-07
279000,1.38297581179e-06,8.76685440063e-07
279100,1.38173632731e-06,8.73157429598e-07
279200,1.38049795408e-06,8.69631948218e-07
279300,1.37926069178e-06,8.66108994954e-07
279400,1.3780245388e-06,8.62588565526e-07
279500,1.37678949446e-06,8.59070658032e-07
279600,1.37555555743e-06,8.55555268888e-07
279700,1.37432272695e-06,8.52042396024e-07
279800,1.37309100222e-06,8.48532037186e-07
279900,1.37186038181e-06,8.45024188611e-07
280000,1.37063086504e-06,8.41518848352e-07
280100,1.36940245086e-06,8.38016013618e-07
280200,1.36817513837e-06,8.34515681914e-07
280300,1.3669489262e-06,8.31017849601e-07
280400,1.36572381392e-06,8.27522515437e-07
280500,1.36449980006e-06,8.24029675504e-07
280600,1.36327688402e-06,8.20539328111e-07
280700,1.36205506467e-06,8.17051470275e-07
280800,1.36083434073e-06,8.13566098496e-07
280900,1.35961471153e-06,8.10083210963e-07
281000,1.35839617609e-06,8.06602805043e-07
281100,1.35717873359e-06,8.03124878483e-07
281200,1.35596238265e-06,7.99649427596e-07
281300,1.35474712229e-06,7.9617644977e-07
281400,1.35353295199e-06,7.92705943515e-07
281500,1.35231987039e-06,7.89237905237e-07
281600,1.35110787661e-06,7.85772332564e-07
281700,1.3498969699e-06,7.82309223431e-07
281800,1.34868714875e-06,7.78848573833e-07
281900,1.34747841276e-06,7.75390382648e-07
282000,1.34627076069e-06,7.71934646571e-07
282100,1.3450641913e-06,7.68481362268e-07
282200,1.34385870417e-06,7.65030528603e-07
282300,1.34265429801e-06,7.61582142128e-07
282400,1.34145097191e-06,7.58136200403e-07
282500,1.34024872475e-06,7.5469270041e-07
282600,1.33904755589e-06,7.51251640445e-07
282700,1.33784746426e-06,7.47813017632e-07
282800,1.3366484487e-06,7.44376828901e-07
282900,1.33545050826e-06,7.40943071684e-07
283000,1.33425364207e-06,7.37511743655e-07
283100,1.33305784943e-06,7.34082842938e-07
283200,1.33186312875e-06,7.30656365318e-07
283300,1.33066947973e-06,7.27232309959e-07
283400,1.32947690115e-06,7.23810673609e-07
283500,1.32828539183e-06,7.20391453148e-07
283600,1.32709495103e-06,7.16974646597e-07
283700,1.32590557794e-06,7.13560251802e-07
283800,1.32471727126e-06,7.10148265279e-07
283900,1.32353003044e-06,7.06738685599e-07
284000,1.32234385401e-06,7.033315088e-07
284100,1.32115874121e-06,6.99926732926e-07
284200,1.31997469137e-06,6.96524356145e-07
284300,1.31879170326e-06,6.93124375231e-07
284400,1.31760977609e-06,6.89726788065e-07
284500,1.31642890869e-06,6.86331591542e-07
284600,1.31524910029e-06,6.82938783633e-07
284700,1.31407034989e-06,6.79548361668e-07
284800,1.31289265652e-06,6.76160323111e-07
284900,1.31171601939e-06,6.72774665843e-07
285000,1.31054043746e-06,6.69391387126e-07
285100,1.30936590938e-06,6.66010483367e-07
285200,1.30819243488e-06,6.62631953892e-07
285300,1.30702001257e-06,6.59255794999e-07
285400,1.30584864136e-06,6.55882003814e-07
285500,1.30467832105e-06,6.52510579827e-07
285600,1.30350905008e-06,6.49141518902e-07
285700,1.30234082757e-06,6.45774818742e-07
285800,1.30117365291e-06,6.42410477721e-07
285900,1.30000752462e-06,6.39048491933e-07
286000,1.29884244219e-06,6.35688860058e-07
286100,1.29767840468e-06,6.32331579613e-07
286200,1.29651541078e-06,6.28976647144e-07
286300,1.29535345997e-06,6.25624061289e-07
286400,1.29419255106e-06,6.22273818961e-07
286500,1.2930326832e-06,6.18925917858e-07
286600,1.29187385565e-06,6.15580356102e-07
286700,1.29071606719e-06,6.12237130454e-07
286800,1.28955931684e-06,6.08896238347e-07
286900,1.28840360394e-06,6.05557678047e-07
287000,1.28724892732e-06,6.02221446514e-07
287100,1.2860952863e-06,5.98887541973e-07
287200,1.28494267993e-06,5.95555961924e-07
287300,1.28379110692e-06,5.92226702957e-07
287400,1.28264056663e-06,5.88899763466e-07
287500,1.28149105809e-06,5.85575140861e-07
287600,1.28034258044e-06,5.8225283293e-07
287700,1.27919513262e-06,5.78932836875e-07
287800,1.27804871389e-06,5.756151508e-07
287900,1.27690332317e-06,5.72299771889e-07
288000,1.27575895952e-06,5.68986697662e-07
288100,1.27461562223e-06,5.65675926289e-07
288200,1.27347331006e-06,5.62367454516e-07
288300,1.27233202253e-06,5.59061281179e-07
288400,1.27119175821e-06,5.55757402427e-07
288500,1.27005251655e-06,5.52455816931e-07
288600,1.26891429644e-06,5.49156521777e-07
288700,1.26777709704e-06,5.45859514758e-07
288800,1.26664091753e-06,5.42564793778e-07
288900,1.26550575669e-06,5.39272355655e-07
289000,1.2643716141e-06,5.35982199319e-07
289100,1.26323848843e-06,5.32694321315e-07
289200,1.26210637878e-06,5.29408719276e-07
289300,1.26097528462e-06,5.26125391894e-07
289400,1.25984520462e-06,5.22844335684e-07
289500,1.25871613799e-06,5.19565548596e-07
289600,1.25758808389e-06,5.1628902847e-07
289700,1.25646104142e-06,5.13014773003e-07
289800,1.25533500959e-06,5.09742779589e-07
289900,1.25420998753e-06,5.06473046012e-07
290000,1.25308597418e-06,5.03205569524e-07
290100,1.25196296924e-06,4.9994034942e-07
290200,1.25084097095e-06,4.96677381016e-07
290300,1.24971997896e-06,4.93416663551e-07
290400,1.24859999231e-06,4.90158194483e-07
290500,1.24748101e-06,4.86901971277e-07
290600,1.24636303119e-06,4.83647991736e-07
290700,1.24524605477e-06,4.80396252991e-07
290800,1.24413007998e-06,4.77146753105e-07
290900,1.24301510595e-06,4.73899489825e-07
291000,1.24190113201e-06,4.70654461533e-07
291100,1.24078815688e-06,4.67411664819e-07
291200,1.23967617979e-06,4.64171097756e-07
291300,1.23856519998e-06,4.60932758396e-07
291400,1.23745521651e-06,4.57696644357e-07
291500,1.23634622842e-06,4.54462753141e-07
291600,1.23523823471e-06,4.51231082165e-07
291700,1.2341312345e-06,4.48001629184e-07
291800,1.23302522726e-06,4.447743929e-07
291900,1.23192021164e-06,4.41549369814e-07
292000,1.23081618692e-06,4.38326558043e-07
292100,1.22971315249e-06,4.35105956165e-07
292200,1.22861110703e-06,4.31887560684e-07
292300,1.22751004985e-06,4.28671369884e-07
292400,1.22640997991e-06,4.25457381041e-07
292500,1.22531089687e-06,4.22245593486e-07
292600,1.2242127992e-06,4.19036003096e-07
292700,1.22311568626e-06,4.1582860835e-07
292800,1.22201955718e-06,4.12623407022e-07
292900,1.2209244111e-06,4.094203969e-07
293000,1.21983024699e-06,4.0621957536e-07
293100,1.21873706415e-06,4.03020940676e-07
293200,1.21764486151e-06,3.99824490032e-07
293300,1.21655363858e-06,3.96630222326e-07
293400,1.21546339399e-06,3.93438133948e-07
293500,1.21437412731e-06,3.90248223885e-07
293600,1.21328583732e-06,3.87060489002e-07
293700,1.21219852322e-06,3.83874927249e-07
293800,1.21111218411e-06,3.80691536369e-07
293900,1.21002681921e-06,3.77510314399e-07
294000,1.20894242782e-06,3.74331259632e-07
294100,1.20785900854e-06,3.71154368321e-07
294200,1.2067765611e-06,3.67979640021e-07
294300,1.20569508435e-06,3.64807071697e-07
294400,1.20461457739e-06,3.61636661109e-07
294500,1.20353503936e-06,3.58468406045e-07
294600,1.20245646943e-06,3.55302304432e-07
294700,1.20137886673e-06,3.5213835409e-07
294800,1.20030223026e-06,3.48976552448e-07
294900,1.19922655954e-06,3.45816898404e-07
295000,1.19815185315e-06,3.42659388203e-07
295100,1.19707811068e-06,3.39504021001e-07
295200,1.19600533084e-06,3.36350793354e-07
295300,1.1949335133e-06,3.33199704622e-07
295400,1.19386265698e-06,3.30050752019e-07
295500,1.19279276066e-06,3.26903932387e-07
295600,1.19172382393e-06,3.23759244803e-07
295700,1.19065584584e-06,3.20616686857e-07
295800,1.18958882552e-06,3.17476256409e-07
295900,1.18852276188e-06,3.14337950566e-07
296000,1.18745765442e-06,3.11201768263e-07
296100,1.18639350202e-06,3.08067706552e-07
296200,1.18533030398e-06,3.04935763784e-07
296300,1.18426805926e-06,3.01805937251e-07
296400,1.18320676718e-06,2.98678225307e-07
296500,1.18214642678e-06,2.95552625548e-07
296600,1.18108703714e-06,2.92429135609e-07
296700,1.18002859785e-06,2.89307754633e-07
296800,1.17897110745e-06,2.86188478761e-07
296900,1.17791456548e-06,2.83071306998e-07
297000,1.17685897093e-06,2.79956236733e-07
297100,1.17580432309e-06,2.76843266241e-07
297200,1.174750621e-06,2.73732393111e-07
297300,1.17369786363e-06,2.70623614726e-07
297400,1.1726460505e-06,2.67516929985e-07
297500,1.17159518051e-06,2.64412336044e-07
297600,1.17054525297e-06,2.61309831291e-07
297700,1.16949626698e-06,2.58209413416e-07
297800,1.16844822155e-06,2.55111079933e-07
297900,1.16740111613e-06,2.52014829561e-07
298000,1.16635494966e-06,2.48920659594e-07
298100,1.16530972149e-06,2.45828568495e-07
298200,1.16426543052e-06,2.42738553439e-07
298300,1.16322207587e-06,2.3965061219e-07
298400,1.16217965701e-06,2.36564743602e-07
298500,1.16113817293e-06,2.33480945051e-07
298600,1.16009762269e-06,2.30399214224e-07
298700,1.15905800575e-06,2.2731954984e-07
298800,1.15801932094e-06,2.24241948891e-07
298900,1.15698156776e-06,2.21166410282e-07
299000,1.15594474508e-06,2.18092931107e-07
299100,1.15490885223e-06,2.15021509758e-07
299200,1.15387388841e-06,2.11952144266e-07
299300,1.15283985257e-06,2.08884831927e-07
299400,1.15180674407e-06,2.05819571308e-07
299500,1.15077456208e-06,2.02756360287e-07
299600,1.14974330557e-06,1.99695196276e-07
299700,1.1487129739e-06,1.96636077771e-07
299800,1.14768356625e-06,1.93579002746e-07
299900,1.14665508165e-06,1.90523968741e-07
300000,1.1456275193e-06,1.87470973812e-07
300100,1.14460087861e-06,1.84420016601e-07
300200,1.14357515849e-06,1.81371094317e-07
300300,1.14255035832e-06,1.78324205503e-07
300400,1.14152647685e-06,1.7527934692e-07
300500,1.14050351386e-06,1.72236518289e-07
300600,1.13948146813e-06,1.69195716424e-07
300700,1.13846033887e-06,1.66156939415e-07
300800,1.13744012531e-06,1.63120185371e-07
300900,1.13642082664e-06,1.60085452315e-07
301000,1.13540244205e-06,1.57052738287e-07
301100,1.1343849707e-06,1.54022041207e-07
301200,1.13336841179e-06,1.50993359098e-07
301300,1.13235276454e-06,1.47966690114e-07
301400,1.13133802802e-06,1.44942031863e-07
301500,1.13032420158e-06,1.41919382895e-07
301600,1.1293112843e-06,1.38898740841e-07
301700,1.12829927522e-06,1.35880103365e-07
301800,1.12728817389e-06,1.32863469465e-07
301900,1.12627797915e-06,1.29848836174e-07
302000,1.12526869022e-06,1.26836201611e-07
302100,1.12426030648e-06,1.23825564324e-07
302200,1.12325282696e-06,1.20816921901e-07
302300,1.12224625094e-06,1.17810272604e-07
302400,1.12124057759e-06,1.14805614421e-07
302500,1.12023580609e-06,1.11802945329e-07
302600,1.11923193566e-06,1.08802263462e-07
302700,1.11822896544e-06,1.05803566691e-07
302800,1.11722689467e-06,1.02806853164e-07
302900,1.11622572259e-06,9.98121211043e-08
303000,1.11522544813e-06,9.68193677014e-08
303100,1.11422607079e-06,9.38285919825e-08
303200,1.11322758964e-06,9.08397915579e-08
303300,1.11223000391e-06,8.78529645751e-08
303400,1.11123331269e-06,8.48681088281e-08
303500,1.11023751538e-06,8.18852228861e-08
303600,1.10924261085e-06,7.89043039068e-08
303700,1.10824859893e-06,7.59253517599e-08
303800,1.10725547806e-06,7.29483622829e-08
303900,1.10626324788e-06,6.9973334841e-08
304000,1.10527190755e-06,6.70002673569e-08
304100,1.104281456e-06,6.40291571211e-08
304200,1.10329189282e-06,6.10600033287e-08
304300,1.10230321705e-06,5.80928035603e-08
304400,1.10131542789e-06,5.51275558944e-08
304500,1.10032852457e-06,5.21642585019e-08
304600,1.09934250613e-06,4.92029089253e-08
304700,1.09835737203e-06,4.62435060404e-08
304800,1.09737312135e-06,4.32860475341e-08
304900,1.09638975335e-06,4.03305316822e-08
305000,1.09540726701e-06,3.73769558293e-08
305100,1.09442566195e-06,3.44253193435e-08
305200,1.09344493693e-06,3.14756189866e-08
305300,1.09246509165e-06,2.85278542973e-08
305400,1.09148612486e-06,2.55820219727e-08
305500,1.09050803601e-06,2.26381208753e-08
305600,1.08953082426e-06,1.9696148922e-08
305700,1.08855448896e-06,1.67561046134e-08
305800,1.08757902915e-06,1.38179855845e-08
305900,1.08660444403e-06,1.0881789908e-08
306000,1.08563073292e-06,7.94751595927e-09
306100,1.0846578951e-06,5.01516206523e-09
306200,1.08368592955e-06,2.08472565187e-09
306300,1.08271483556e-06,-8.43794945968e-10
306400,1.08174461254e-06,-3.77040103567e-09
306500,1.08077525949e-06,-6.69509511723e-09
306600,1.07980677588e-06,-9.61787836131e-09
306700,1.07883916061e-06,-1.25387535615e-08
306800,1.0778724131e-06,-1.54577220123e-08
306900,1.07690653267e-06,-1.83747852286e-08
307000,1.07594151823e-06,-2.12899460674e-08
307100,1.07497736925e-06,-2.42032056334e-08
307200,1.07401408495e-06,-2.71145657742e-08
307300,1.07305166428e-06,-3.00240291603e-08
307400,1.07209010678e-06,-3.29315967254e-08
307500,1.07112941154e-06,-3.58372707471e-08
307600,1.07016957799e-06,-3.87410523687e-08
307700,1.06921060505e-06,-4.1642944461e-08
307800,1.06825249214e-06,-4.45429482359e-08
307900,1.06729523838e-06,-4.74410658491e-08
308000,1.0663388429e-06,-5.03372994741e-08
308100,1.06538330536e-06,-5.32316496051e-08
308200,1.06442862465e-06,-5.61241191653e-08
308300,1.06347479981e-06,-5.90147104888e-08
308400,1.06252183067e-06,-6.19034236323e-08
308500,1.06156971583e-06,-6.47902623468e-08
308600,1.06061845499e-06,-6.76752270373e-08
308700,1.05966804711e-06,-7.05583203112e-08
308800,1.0587184915e-06,-7.34395438225e-08
308900,1.05776978756e-06,-7.63188988535e-08
309000,1.05682193424e-06,-7.91963880977e-08
309100,1.05587493093e-06,-8.20720128785e-08
309200,1.05492877688e-06,-8.49457749644e-08
309300,1.05398347137e-06,-8.78176760834e-08
309400,1.05303901372e-06,-9.06877177366e-08
309500,1.05209540291e-06,-9.3555902544e-08
309600,1.05115263819e-06,-9.64222322758e-08
309700,1.05021071899e-06,-9.92867081233e-08
309800,1.04926964435e-06,-1.02149332558e-07
309900,1.04832941381e-06,-1.05010106409e-07
310000,1.04739002627e-06,-1.07869032522e-07
310100,1.04645148124e-06,-1.10726111894e-07
310200,1.04551377785e-06,-1.13581346635e-07
310300,1.04457691533e-06,-1.16434738554e-07
310400,1.04364089294e-06,-1.19286289449e-07
310500,1.04270570999e-06,-1.22136000862e-07
310600,1.04177136569e-06,-1.24983874709e-07
310700,1.04083785918e-06,-1.27829913064e-07
310800,1.03990518993e-06,-1.3067411701e-07
310900,1.03897335687e-06,-1.33516489362e-07
311000,1.03804235965e-06,-1.36357030555e-07
311100,1.03711219726e-06,-1.39195743244e-07
311200,1.03618286911e-06,-1.42032628678e-07
311300,1.03525437395e-06,-1.44867690139e-07
311400,1.03432671183e-06,-1.47700926937e-07
311500,1.0333998815e-06,-1.50532342399e-07
311600,1.03247388236e-06,-1.53361937813e-07
311700,1.03154871352e-06,-1.56189715364e-07
311800,1.03062437439e-06,-1.59015676352e-07
311900,1.02970086408e-06,-1.61839822929e-07
312000,1.02877818204e-06,-1.64662156288e-07
312100,1.02785632747e-06,-1.67482678318e-07
312200,1.02693529942e-06,-1.70301391391e-07
312300,1.02601509736e-06,-1.73118296641e-07
312400,1.02509572062e-06,-1.7593339555e-07
312500,1.02417716838e-06,-1.78746690087e-07
312600,1.02325943979e-06,-1.81558182316e-07
312700,1.02234253422e-06,-1.84367873685e-07
312800,1.02142645079e-06,-1.87175766306e-07
312900,1.02051118911e-06,-1.89981860864e-07
313000,1.0195967479e-06,-1.92786160741e-07
313100,1.01868312691e-06,-1.95588666144e-07
313200,1.01777032508e-06,-1.98389379836e-07
313300,1.01685834205e-06,-2.01188302317e-07
313400,1.01594717663e-06,-2.03985436741e-07
313500,1.01503682831e-06,-2.0678078413e-07
313600,1.01412729645e-06,-2.09574345863e-07
313700,1.01321858029e-06,-2.1236612379e-07
313800,1.01231067911e-06,-2.15156119571e-07
313900,1.01140359186e-06,-2.17944335877e-07
314000,1.01049731831e-06,-2.20730772828e-07
314100,1.00959185712e-06,-2.235154341e-07
314200,1.00868720821e-06,-2.26298319288e-07
314300,1.0077833703e-06,-2.2907943187e-07
314400,1.0068803431e-06,-2.3185877212e-07
314500,1.00597812565e-06,-2.34636342476e-07
314600,1.00507671744e-06,-2.3741214392e-07
314700,1.0041761174e-06,-2.4018617929e-07
314800,1.00327632502e-06,-2.42958449512e-07
314900,1.00237733962e-06,-2.45728956191e-07
315000,1.00147916044e-06,-2.48497701078e-07
315100,1.00058178658e-06,-2.51264686396e-07
315200,9.996852175e-07,-2.54029913299e-07
315300,9.98789452429e-07,-2.56793383571e-07
315400,9.97894490545e-07,-2.59555099216e-07
315500,9.9700033133e-07,-2.62315061254e-07
315600,9.96106973949e-07,-2.65073271722e-07
315700,9.95214417734e-07,-2.67829732116e-07
315800,9.94322661947e-07,-2.70584444163e-07
315900,9.93431705882e-07,-2.7333740948e-07
316000,9.92541548701e-07,-2.76088630113e-07
316100,9.91652189791e-07,-2.78838107384e-07
316200,9.90763628553e-07,-2.81585842576e-07
316300,9.89875864075e-07,-2.84331837969e-07
316400,9.88988895723e-07,-2.87076094948e-07
316500,9.88102722724e-07,-2.89818615351e-07
316600,9.87217344194e-07,-2.92559401371e-07
316700,9.86332760024e-07,-2.95298452717e-07
316800,9.85448968895e-07,-2.9803577297e-07
316900,9.84565970423e-07,-3.00771362724e-07
317000,9.83683763871e-07,-3.03505223695e-07
317100,9.82802348404e-07,-3.06237357921e-07
317200,9.81921723299e-07,-3.08967767075e-07
317300,9.81041887796e-07,-3.11696452954e-07
317400,9.80162841502e-07,-3.14423416167e-07
317500,9.79284583388e-07,-3.17148659381e-07
317600,9.784071128e-07,-3.19872184043e-07
317700,9.77530429326e-07,-3.22593990833e-07
317800,9.76654531878e-07,-3.25314082596e-07
317900,9.75779419789e-07,-3.28032460835e-07
318000,9.74905092698e-07,-3.30749126049e-07
318100,9.7403154965e-07,-3.33464080671e-07
318200,9.73158789977e-07,-3.3617732619e-07
318300,9.72286812944e-07,-3.38888864329e-07
318400,9.71415617644e-07,-3.41598697351e-07
318500,9.70545203905e-07,-3.44306825156e-07
318600,9.69675570546e-07,-3.470132509e-07
318700,9.68806717057e-07,-3.49717975568e-07
318800,9.67938642639e-07,-3.52421001081e-07
318900,9.67071347009e-07,-3.55122327694e-07
319000,9.66204828964e-07,-3.57821958632e-07
319100,9.65339087871e-07,-3.60519895287e-07
319200,9.64474123285e-07,-3.6321613843e-07
319300,9.63609934257e-07,-3.65910690468e-07
319400,9.62746520341e-07,-3.68603552181e-07
319500,9.6188388069e-07,-3.71294725648e-07
319600,9.61022014415e-07,-3.73984213085e-07
319700,9.60160921315e-07,-3.76672014472e-07
319800,9.59300600258e-07,-3.79358132813e-07
319900,9.58441050609e-07,-3.82042569502e-07
320000,9.57582271958e-07,-3.84725325192e-07
320100,9.56724263331e-07,-3.87406402383e-07
320200,9.55867024269e-07,-3.90085801889e-07
320300,9.55010553829e-07,-3.92763526107e-07
320400,9.54154851332e-07,-3.95439576566e-07
320500,9.5329991651e-07,-3.98113953463e-07
320600,9.52445748159e-07,-4.0078666004e-07
320700,9.51592345713e-07,-4.03457697472e-07
320800,9.50739708919e-07,-4.06127065887e-07
320900,9.49887836478e-07,-4.08794768857e-07
321000,9.49036728053e-07,-4.11460806796e-07
321100,9.48186382754e-07,-4.14125181924e-07
321200,9.47336800072e-07,-4.16787895223e-07
321300,9.46487979229e-07,-4.19448948549e-07
321400,9.45639919669e-07,-4.22108343031e-07
321500,9.44792620703e-07,-4.24766080239e-07
321600,9.4394608149e-07,-4.27422162239e-07
321700,9.43100301298e-07,-4.30076590741e-07
321800,9.42255279666e-07,-4.32729366564e-07
321900,9.41411015794e-07,-4.35380491635e-07
322000,9.40567508993e-07,-4.38029967528e-07
322100,9.39724758765e-07,-4.40677795174e-07
322200,9.38882764174e-07,-4.43323976962e-07
322300,9.38041524721e-07,-4.45968513833e-07
322400,9.3720103953e-07,-4.4861140797e-07
322500,9.36361308327e-07,-4.5125265957e-07
322600,9.35522329977e-07,-4.53892271675e-07
322700,9.34684103964e-07,-4.56530245286e-07
322800,9.33846629881e-07,-4.59166581035e-07
322900,9.33009906561e-07,-4.61801282072e-07
323000,9.32173933766e-07,-4.64434348476e-07
323100,9.31338710367e-07,-4.67065783272e-07
323200,9.30504236271e-07,-4.69695586054e-07
323300,9.29670510277e-07,-4.72323760091e-07
323400,9.28837532062e-07,-4.74950305737e-07
323500,9.28005300883e-07,-4.77575224739e-07
323600,9.27173815963e-07,-4.80198518962e-07
323700,9.26343076732e-07,-4.82820189578e-07
323800,9.25513082375e-07,-4.85440238579e-07
323900,9.24683832295e-07,-4.88058667228e-07
324000,9.23855326142e-07,-4.90675475967e-07
324100,9.23027562721e-07,-4.93290668053e-07
324200,9.22200541702e-07,-4.95904243857e-07
324300,9.21374262205e-07,-4.98516205594e-07
324400,9.20548723744e-07,-5.01126554156e-07
324500,9.19723925668e-07,-5.03735290982e-07
324600,9.18899867194e-07,-5.06342417963e-07
324700,9.1807654777e-07,-5.08947936211e-07
324800,9.17253966615e-07,-5.11551847607e-07
324900,9.16432123247e-07,-5.1415415303e-07
325000,9.15611016652e-07,-5.16754855142e-07
325100,9.14790646549e-07,-5.19353954149e-07
325200,9.13971012298e-07,-5.21951451452e-07
325300,9.13152112725e-07,-5.24547350264e-07
325400,9.12333947621e-07,-5.27141650543e-07
325500,9.1151651619e-07,-5.29734354218e-07
325600,9.10699817985e-07,-5.32325462052e-07
325700,9.09883852086e-07,-5.34914976395e-07
325800,9.09068617931e-07,-5.37502898396e-07
325900,9.0825411477e-07,-5.40089229834e-07
326000,9.07440342097e-07,-5.42673971668e-07
326100,9.06627299075e-07,-5.45257125974e-07
326200,9.05814985273e-07,-5.47838693452e-07
326300,9.05003399922e-07,-5.50418675953e-07
326400,9.04192542552e-07,-5.52997074308e-07
326500,9.03382412074e-07,-5.55573891451e-07
326600,9.02573008092e-07,-5.58149127965e-07
326700,9.01764330079e-07,-5.6072278488e-07
326800,9.00956377228e-07,-5.63294864166e-07
326900,9.00149148855e-07,-5.65865367396e-07
327000,8.99342644554e-07,-5.68434295176e-07
327100,8.98536863466e-07,-5.71001649665e-07
327200,8.97731804827e-07,-5.73567432698e-07
327300,8.96927468228e-07,-5.76131644901e-07
327400,8.96123852953e-07,-5.78694287944e-07
327500,8.95320958247e-07,-5.81255363634e-07
327600,8.94518783522e-07,-5.83814873204e-07
327700,8.93717328209e-07,-5.86372817824e-07
327800,8.9291659169e-07,-5.88929198832e-07
327900,8.92116573226e-07,-5.9148401798e-07
328000,8.91317272169e-07,-5.94037276713e-07
328100,8.90518687945e-07,-5.96588976214e-07
328200,8.89720819822e-07,-5.99139118213e-07
328300,8.88923667276e-07,-6.01687703727e-07
328400,8.88127229585e-07,-6.04234734451e-07
328500,8.87331505937e-07,-6.0678021239e-07
328600,8.86536496008e-07,-6.09324137874e-07
328700,8.8574219903e-07,-6.11866512761e-07
328800,8.84948614415e-07,-6.14407338286e-07
328900,8.84155741201e-07,-6.16946616969e-07
329000,8.83363579319e-07,-6.19484348264e-07
329100,8.82572127645e-07,-6.22020535253e-07
329200,8.8178138579e-07,-6.24555178489e-07
329300,8.80991352966e-07,-6.27088279897e-07
329400,8.80202028784e-07,-6.29619840029e-07
329500,8.79413412266e-07,-6.3214986147e-07
329600,8.78625503172e-07,-6.34678344254e-07
329700,8.77838300346e-07,-6.37205291581e-07
329800,8.77051803653e-07,-6.39730703127e-07
329900,8.76266012246e-07,-6.42254581024e-07
330000,8.75480925595e-07,-6.44776926313e-07
330100,8.74696542851e-07,-6.47297741131e-07
330200,8.73912863491e-07,-6.49817026495e-07
330300,8.73129887075e-07,-6.52334783132e-07
330400,8.72347612582e-07,-6.54851013784e-07
330500,8.71566039806e-07,-6.57365718361e-07
330600,8.70785167802e-07,-6.59878899349e-07
330700,8.70004996259e-07,-6.62390557019e-07
330800,8.69225524164e-07,-6.64900694091e-07
330900,8.68446751014e-07,-6.67409311511e-07
331000,8.67668676392e-07,-6.69916409923e-07
331100,8.66891299514e-07,-6.72421991251e-07
331200,8.66114619766e-07,-6.74926056829e-07
331300,8.65338636513e-07,-6.7742860806e-07
331400,8.64563348925e-07,-6.79929647031e-07
331500,8.63788757012e-07,-6.82429172895e-07
331600,8.6301485932e-07,-6.84927189917e-07
331700,8.62241655923e-07,-6.87423697032e-07
331800,8.61469145893e-07,-6.89918696666e-07
331900,8.60697328525e-07,-6.92412190469e-07
332000,8.59926203158e-07,-6.94904179949e-07
332100,8.5915576946e-07,-6.97394665441e-07
332200,8.5838602668e-07,-6.99883648772e-07
332300,8.5761697432e-07,-7.02371130859e-07
332400,8.56848611402e-07,-7.04857114319e-07
332500,8.56080937554e-07,-7.07341599636e-07
332600,8.55313952232e-07,-7.09824587905e-07
332700,8.5454765486e-07,-7.12306080326e-07
332800,8.53782044205e-07,-7.1478608041e-07
332900,8.53017120566e-07,-7.17264586284e-07
333000,8.52252882689e-07,-7.19741601535e-07
333100,8.51489330183e-07,-7.22217126718e-07
333200,8.50726462399e-07,-7.24691163295e-07
333300,8.49964278809e-07,-7.271637123e-07
333400,8.49202778694e-07,-7.29634775437e-07
333500,8.48441961292e-07,-7.32104354576e-07
333600,8.47681826268e-07,-7.34572450063e-07
333700,8.469223732e-07,-7.37039062564e-07
333800,8.4616360091e-07,-7.39504195408e-07
333900,8.45405509222e-07,-7.41967848389e-07
334000,8.44648097113e-07,-7.44430024299e-07
334100,8.4389136439e-07,-7.4689072298e-07
334200,8.43135310211e-07,-7.49349946586e-07
334300,8.42379934322e-07,-7.51807695179e-07
334400,8.41625235518e-07,-7.54263972198e-07
334500,8.40871213534e-07,-7.56718777752e-07
334600,8.40117867823e-07,-7.59172112939e-07
334700,8.39365197695e-07,-7.61623979375e-07
334800,8.38613202425e-07,-7.640743788e-07
334900,8.37861881683e-07,-7.66523311545e-07
335000,8.37111234593e-07,-7.68970779883e-07
335100,8.36361260613e-07,-7.71416784913e-07
335200,8.356119594e-07,-7.73861327001e-07
335300,8.34863329939e-07,-7.76304408933e-07
335400,8.34115371868e-07,-7.78746031149e-07
335500,8.33368084583e-07,-7.81186194961e-07
335600,8.32621467502e-07,-7.83624901605e-07
335700,8.31875519839e-07,-7.86062153035e-07
335800,8.31130241224e-07,-7.88497949733e-07
335900,8.30385630973e-07,-7.90932293294e-07
336000,8.29641688423e-07,-7.93365185243e-07
336100,8.28898412942e-07,-7.95796626991e-07
336200,8.28155804099e-07,-7.98226619229e-07
336300,8.27413861219e-07,-8.00655163533e-07
336400,8.26672583509e-07,-8.03082261889e-07
336500,8.25931970814e-07,-8.05507914e-07
336600,8.25192021956e-07,-8.07932123243e-07
336700,8.24452737158e-07,-8.10354887957e-07
336800,8.23714114998e-07,-8.12776212408e-07
336900,8.22976155117e-07,-8.15196097026e-07
337000,8.22238857237e-07,-8.17614541949e-07
337100,8.2150222054e-07,-8.20031549269e-07
337200,8.2076624428e-07,-8.22447120817e-07
337300,8.20030928016e-07,-8.24861257323e-07
337400,8.19296271302e-07,-8.27273959527e-07
337500,8.18562273506e-07,-8.29685228859e-07
337600,8.17828933643e-07,-8.32095068007e-07
337700,8.17096251478e-07,-8.34503476959e-07
337800,8.16364226543e-07,-8.36910456544e-07
337900,8.15632857986e-07,-8.39316008974e-07
338000,8.14902145382e-07,-8.41720134928e-07
338100,8.14172088008e-07,-8.44122836155e-07
338200,8.13442685171e-07,-8.46524114305e-07
338300,8.12713936637e-07,-8.4892396935e-07
338400,8.11985841528e-07,-8.51322403609e-07
338500,8.1125839929e-07,-8.53719418228e-07
338600,8.10531609498e-07,-8.56115013874e-07
338700,8.0980547142e-07,-8.58509192337e-07
338800,8.09079984644e-07,-8.60901954246e-07
338900,8.08355148475e-07,-8.63293301255e-07
339000,8.07630962178e-07,-8.65683235168e-07
339100,8.06907425342e-07,-8.68071756605e-07
339200,8.06184537291e-07,-8.70458867156e-07
339300,8.05462297609e-07,-8.72844567463e-07
339400,8.04740705577e-07,-8.7522885927e-07
339500,8.04019760778e-07,-8.77611743222e-07
339600,8.03299462349e-07,-8.79993221596e-07
339700,8.02579809803e-07,-8.82373295293e-07
339800,8.0186080279e-07,-8.84751964709e-07
339900,8.01142440415e-07,-8.87129232245e-07
340000,8.00424722351e-07,-8.8950509821e-07
340100,7.99707647924e-07,-8.91879564192e-07
340200,7.98991216629e-07,-8.94252631163e-07
340300,7.98275427642e-07,-8.96624301258e-07
340400,7.97560280564e-07,-8.98994575058e-07
340500,7.96845774802e-07,-9.01363453855e-07
340600,7.96131909895e-07,-9.03730938459e-07
340700,7.95418685106e-07,-9.06097030689e-07
340800,7.94706099814e-07,-9.08461731944e-07
340900,7.93994153846e-07,-9.10825041968e-07
341000,7.9328284608e-07,-9.1318696401e-07
341100,7.92572176271e-07,-9.1554749808e-07
341200,7.9186214389e-07,-9.17906645235e-07
341300,7.91152747983e-07,-9.20264408107e-07
341400,7.90443988311e-07,-9.22620786687e-07
341500,7.89735864328e-07,-9.24975782091e-07
341600,7.89028375349e-07,-9.27329395968e-07
341700,7.88321520837e-07,-9.29681629399e-07
341800,7.87615300289e-07,-9.3203248335e-07
341900,7.8690971295e-07,-9.34381959727e-07
342000,7.86204758281e-07,-9.36730059628e-07
342100,7.85500435921e-07,-9.39076783489e-07
342200,7.84796745218e-07,-9.41422132833e-07
342300,7.84093685481e-07,-9.43766109325e-07
342400,7.83391256213e-07,-9.46108713908e-07
342500,7.82689456849e-07,-9.48449947784e-07
342600,7.81988286962e-07,-9.50789811634e-07
342700,7.81287745844e-07,-9.53128307194e-07
342800,7.80587832926e-07,-9.55465435676e-07
342900,7.79888547698e-07,-9.57801198079e-07
343000,7.79189889593e-07,-9.60135595605e-07
343100,7.78491857661e-07,-9.624686309e-07
343200,7.77794452218e-07,-9.64800301869e-07
343300,7.77097671986e-07,-9.67130612383e-07
343400,7.76401516691e-07,-9.69459562552e-07
343500,7.757059855e-07,-9.71787154586e-07
343600,7.75011078067e-07,-9.74113388872e-07
343700,7.74316793821e-07,-9.7643826663e-07
343800,7.73623132431e-07,-9.78761788193e-07
343900,7.72930092905e-07,-9.81083956362e-07
344000,7.72237674912e-07,-9.8340477147e-07
344100,7.71545877723e-07,-9.85724235341e-07
344200,7.70854701077e-07,-9.88042348035e-07
344300,7.70164144161e-07,-9.90359111691e-07
344400,7.69474206633e-07,-9.92674526681e-07
344500,7.68784887646e-07,-9.94988595279e-07
344600,7.68096187254e-07,-9.9730131635e-07
344700,7.67408103936e-07,-9.99612694724e-07
344800,7.6672063788e-07,-1.00192272876e-06
344900,7.66033788376e-07,-1.00423142021e-06
345000,7.65347554872e-07,-1.00653877025e-06
345100,7.64661936604e-07,-1.00884478084e-06
345200,7.6397693325e-07,-1.01114945227e-06
345300,7.63292544233e-07,-1.0134527858e-06
345400,7.62608768887e-07,-1.01575478303e-06
345500,7.61925606775e-07,-1.01805544468e-06
345600,7.61243057313e-07,-1.02035477204e-06
345700,7.60561119933e-07,-1.02265276634e-06
345800,7.59879793968e-07,-1.02494942919e-06
345900,7.59199079293e-07,-1.02724476011e-06
346000,7.58518974884e-07,-1.02953876209e-06
346100,7.5783948037e-07,-1.03183143559e-06
346200,7.57160595226e-07,-1.03412278169e-06
346300,7.56482318801e-07,-1.03641280192e-06
346400,7.55804650885e-07,-1.03870149616e-06
346500,7.55127590386e-07,-1.04098886763e-06
346600,7.54451137231e-07,-1.04327491569e-06
346700,7.53775290635e-07,-1.04555964238e-06
346800,7.531000502e-07,-1.0478430483e-06
346900,7.52425415216e-07,-1.05012513521e-06
347000,7.51751385289e-07,-1.05240590369e-06
347100,7.51077959853e-07,-1.05468535496e-06
347200,7.50405138078e-07,-1.05696349127e-06
347300,7.49732919954e-07,-1.05924031172e-06
347400,7.49061304565e-07,-1.06151581886e-06
347500,7.48390291528e-07,-1.06379001323e-06
347600,7.47719880194e-07,-1.06606289638e-06
347700,7.47050069878e-07,-1.06833447e-06
347800,7.46380860546e-07,-1.07060473327e-06
347900,7.45712251089e-07,-1.07287368952e-06
348000,7.45044241327e-07,-1.07514133849e-06
348100,7.44376830616e-07,-1.07740768171e-06
348200,7.4371001854e-07,-1.07967271985e-06
348300,7.43043804296e-07,-1.08193645504e-06
348400,7.42378187579e-07,-1.08419888752e-06
348500,7.41713167662e-07,-1.08646001915e-06
348600,7.41048744273e-07,-1.08871985002e-06
348700,7.40384916612e-07,-1.09097838228e-06
348800,7.39721684167e-07,-1.09323561695e-06
348900,7.39059046613e-07,-1.09549155435e-06
349000,7.38397003366e-07,-1.09774619578e-06
349100,7.37735553778e-07,-1.0999995428e-06
349200,7.37074697192e-07,-1.102251597e-06
349300,7.36414433511e-07,-1.1045023578e-06
349400,7.35754761737e-07,-1.10675182813e-06
349500,7.35095681645e-07,-1.1090000079e-06
349600,7.34437192567e-07,-1.11124689874e-06
349700,7.33779294076e-07,-1.11349250137e-06
349800,7.33121985488e-07,-1.11573681749e-06
349900,7.32465266269e-07,-1.11797984821e-06
350000,7.31809136081e-07,-1.1202215939e-06
350100,7.31153594252e-07,-1.12246205621e-06
350200,7.30498640364e-07,-1.12470123582e-06
350300,7.29844273954e-07,-1.12693913356e-06
350400,7.29190493973e-07,-1.12917575259e-06
350500,7.28537300711e-07,-1.13141109078e-06
350600,7.27884692976e-07,-1.13364515186e-06
350700,7.27232670438e-07,-1.13587793614e-06
350800,7.26581232846e-07,-1.13810944364e-06
350900,7.25930379261e-07,-1.14033967707e-06
351000,7.25280109404e-07,-1.14256863657e-06
351100,7.24630422685e-07,-1.14479632348e-06
351200,7.23981318393e-07,-1.14702273962e-06
351300,7.23332796608e-07,-1.14924788371e-06
351400,7.22684856133e-07,-1.15147175949e-06
351500,7.22037496744e-07,-1.15369436686e-06
351600,7.21390718005e-07,-1.15591570658e-06
351700,7.20744519143e-07,-1.15813578072e-06
351800,7.20098899819e-07,-1.16035458963e-06
351900,7.19453859556e-07,-1.16257213423e-06
352000,7.1880939752e-07,-1.16478841683e-06
352100,7.18165513614e-07,-1.16700343685e-06
352200,7.17522206922e-07,-1.16921719693e-06
352300,7.16879477644e-07,-1.1714296953e-06
352400,7.16237324155e-07,-1.17364093742e-06
352500,7.15595746872e-07,-1.17585092064e-06
352600,7.14954744922e-07,-1.17805964747e-06
352700,7.14314317618e-07,-1.18026711964e-06
352800,7.13674464733e-07,-1.18247333707e-06
352900,7.13035185678e-07,-1.18467830112e-06
353000,7.12396479928e-07,-1.18688201289e-06
353100,7.11758347009e-07,-1.1890844733e-06
353200,7.11120786261e-07,-1.19128568397e-06
353300,7.10483797232e-07,-1.19348564573e-06
353400,7.09847379415e-07,-1.19568435961e-06
353500,7.09211532423e-07,-1.19788182617e-06
353600,7.08576255602e-07,-1.20007804703e-06
353700,7.07941548554e-07,-1.2022730228e-06
353800,7.07307410671e-07,-1.20446675492e-06
353900,7.06673841554e-07,-1.20665924398e-06
354000,7.06040840376e-07,-1.20885049232e-06
354100,7.05408406975e-07,-1.21104049958e-06
354200,7.0477654065e-07,-1.2132292676e-06
354300,7.04145241033e-07,-1.21541679685e-06
354400,7.03514507605e-07,-1.21760308842e-06
354500,7.02884339682e-07,-1.21978814407e-06
354600,7.02254736963e-07,-1.221971964e-06
354700,7.01625698883e-07,-1.22415454951e-06
354800,7.00997224842e-07,-1.226335902e-06
354900,7.00369314409e-07,-1.22851602221e-06
355000,6.9974196705e-07,-1.2306949113e-06
355100,6.99115182411e-07,-1.23287256971e-06
355200,6.98488959748e-07,-1.23504899942e-06
355300,6.97863298594e-07,-1.23722420133e-06
355400,6.97238198692e-07,-1.23939817548e-06
355500,6.96613659226e-07,-1.24157092417e-06
355600,6.95989679956e-07,-1.24374244735e-06
355700,6.95366260077e-07,-1.2459127473e-06
355800,6.94743399576e-07,-1.24808182306e-06
355900,6.94121097161e-07,-1.25024967886e-06
356000,6.93499353225e-07,-1.25241631211e-06
356100,6.92878166791e-07,-1.25458172576e-06
356200,6.92257537288e-07,-1.25674592113e-06
356300,6.91637464365e-07,-1.25890889865e-06
356400,6.91017947578e-07,-1.2610706591e-06
356500,6.90398986329e-07,-1.26323120392e-06
356600,6.89780580178e-07,-1.26539053389e-06
356700,6.89162728452e-07,-1.26754865074e-06
356800,6.88545431077e-07,-1.26970555377e-06
356900,6.87928687113e-07,-1.27186124579e-06
357000,6.87312496297e-07,-1.27401572688e-06
357100,6.86696858e-07,-1.2761689986e-06
357200,6.86081771791e-07,-1.27832106168e-06
357300,6.85467237398e-07,-1.28047191624e-06
357400,6.84853253732e-07,-1.2826215657e-06
357500,6.84239821013e-07,-1.28477000818e-06
357600,6.83626938175e-07,-1.286917247e-06
357700,6.83014604847e-07,-1.28906328269e-06
357800,6.82402820807e-07,-1.29120811513e-06
357900,6.81791585475e-07,-1.29335174571e-06
358000,6.81180898247e-07,-1.29549417586e-06
358100,6.80570758576e-07,-1.29763540684e-06
358200,6.79961166244e-07,-1.29977543852e-06
358300,6.79352120646e-07,-1.30191427237e-06
358400,6.78743620914e-07,-1.30405191094e-06
358500,6.7813566702e-07,-1.30618835334e-06
358600,6.77528258265e-07,-1.30832360142e-06
358700,6.76921394207e-07,-1.31045765599e-06
358800,6.76315074307e-07,-1.31259051825e-06
358900,6.75709298373e-07,-1.31472218798e-06
359000,6.75104065532e-07,-1.31685266776e-06
359100,6.74499375492e-07,-1.31898195778e-06
359200,6.73895227628e-07,-1.3211100596e-06
359300,6.73291621829e-07,-1.32323697266e-06
359400,6.72688557331e-07,-1.32536269909e-06
359500,6.72086033431e-07,-1.32748724079e-06
359600,6.71484049818e-07,-1.32961059803e-06
359700,6.70882606164e-07,-1.33173277113e-06
359800,6.70281701781e-07,-1.33385376194e-06
359900,6.69681336373e-07,-1.33597357065e-06
360000,6.69081509411e-07,-1.33809219844e-06
360100,6.68482220075e-07,-1.34020964769e-06
360200,6.67883468451e-07,-1.34232591701e-06
360300,6.67285253603e-07,-1.34444100929e-06
360400,6.66687575406e-07,-1.346554924e-06
360500,6.6609043321e-07,-1.34866766284e-06
360600,6.65493826242e-07,-1.35077922799e-06
360700,6.64897754591e-07,-1.35288961805e-06
360800,6.643022172e-07,-1.35499883641e-06
360900,6.63707214013e-07,-1.35710688228e-06
361000,6.63112744355e-07,-1.35921375745e-06
361100,6.62518807913e-07,-1.36131946219e-06
361200,6.61925403959e-07,-1.36342399851e-06
361300,6.61332532238e-07,-1.36552736646e-06
361400,6.60740192222e-07,-1.36762956722e-06
361500,6.60148383546e-07,-1.36973060128e-06
361600,6.59557105286e-07,-1.37183047148e-06
361700,6.58966357483e-07,-1.37392917663e-06
361800,6.58376139353e-07,-1.37602671897e-06
361900,6.57786450561e-07,-1.37812309889e-06
362000,6.57197290635e-07,-1.38021831733e-06
362100,6.56608658926e-07,-1.38231237599e-06
362200,6.56020555058e-07,-1.38440527541e-06
362300,6.55432978674e-07,-1.38649701606e-06
362400,6.54845929198e-07,-1.38858759934e-06
362500,6.54259406347e-07,-1.3906770254e-06
362600,6.53673409403e-07,-1.39276529623e-06
362700,6.53087937837e-07,-1.39485241302e-06
362800,6.52502991426e-07,-1.39693837569e-06
362900,6.51918569504e-07,-1.399023186e-06
363000,6.51334671745e-07,-1.4011068443e-06
363100,6.5075129759e-07,-1.40318935191e-06
363200,6.50168446463e-07,-1.40527071024e-06
363300,6.49586118089e-07,-1.4073509194e-06
363400,6.49004312004e-07,-1.40942998033e-06
363500,6.48423027675e-07,-1.41150789423e-06
363600,6.47842264702e-07,-1.41358466178e-06
363700,6.47262022366e-07,-1.41566028498e-06
363800,6.46682300488e-07,-1.41773476354e-06
363900,6.46103098366e-07,-1.41980809941e-06
364000,6.45524415786e-07,-1.42188029246e-06
364100,6.44946252125e-07,-1.4239513443e-06
364200,6.44368606993e-07,-1.42602125553e-06
364300,6.4379147968e-07,-1.42809002815e-06
364400,6.43214870073e-07,-1.43015766159e-06
364500,6.42638777574e-07,-1.43222415735e-06
364600,6.42063201812e-07,-1.43428951598e-06
364700,6.4148814196e-07,-1.43635373995e-06
364800,6.40913598125e-07,-1.43841682778e-06
364900,6.40339569324e-07,-1.4404787826e-06
365000,6.39766055242e-07,-1.44253960473e-06
365100,6.39193055469e-07,-1.44459929487e-06
365200,6.38620569679e-07,-1.44665785336e-06
365300,6.38048597309e-07,-1.44871528158e-06
365400,6.37477137704e-07,-1.45077158129e-06
365500,6.36906190718e-07,-1.45282675205e-06
365600,6.36335755664e-07,-1.45488079578e-06
365700,6.35765832159e-07,-1.45693371306e-06
365800,6.35196419923e-07,-1.45898550406e-06
365900,6.34627518095e-07,-1.46103617141e-06
366000,6.34059126505e-07,-1.46308571481e-06
366100,6.33491244639e-07,-1.46513413541e-06
366200,6.32923872126e-07,-1.46718143376e-06
366300,6.32357008375e-07,-1.46922761136e-06
366400,6.31790652954e-07,-1.47127266902e-06
366500,6.3122480532e-07,-1.47331660802e-06
366600,6.30659465109e-07,-1.47535942889e-06
366700,6.30094632096e-07,-1.47740113155e-06
366800,6.29530305645e-07,-1.47944171769e-06
366900,6.28966485194e-07,-1.48148118868e-06
367000,6.28403170257e-07,-1.48351954558e-06
367100,6.27840360487e-07,-1.48555678883e-06
367200,6.27278055621e-07,-1.48759291852e-06
367300,6.26716255026e-07,-1.48962793634e-06
367400,6.26154958008e-07,-1.49166184423e-06
367500,6.25594164492e-07,-1.49369464148e-06
367600,6.25033873685e-07,-1.49572633046e-06
367700,6.24474085647e-07,-1.49775690986e-06
367800,6.23914799374e-07,-1.49978638299e-06
367900,6.23356014659e-07,-1.50181474969e-06
368000,6.22797731207e-07,-1.50384201019e-06
368100,6.22239948413e-07,-1.50586816605e-06
368200,6.21682665697e-07,-1.50789321876e-06
368300,6.21125882835e-07,-1.50991716822e-06
368400,6.20569599247e-07,-1.51194001591e-06
368500,6.20013814596e-07,-1.51396176225e-06
368600,6.1945852816e-07,-1.51598240932e-06
368700,6.18903739799e-07,-1.51800195666e-06
368800,6.18349449106e-07,-1.52002040502e-06
368900,6.1779565526e-07,-1.52203775691e-06
369000,6.17242358179e-07,-1.52405401163e-06
369100,6.16689557316e-07,-1.52606917052e-06
369200,6.16137252108e-07,-1.52808323498e-06
369300,6.15585442198e-07,-1.53009620551e-06
369400,6.15034127124e-07,-1.53210808309e-06
369500,6.14483306586e-07,-1.53411886795e-06
369600,6.13932980028e-07,-1.53612856148e-06
369700,6.13383146871e-07,-1.53813716517e-06
369800,6.1283380673e-07,-1.54014467964e-06
369900,6.12284959261e-07,-1.54215110534e-06
370000,6.11736603992e-07,-1.54415644329e-06
370100,6.11188740497e-07,-1.54616069429e-06
370200,6.10641368452e-07,-1.54816385871e-06
370300,6.10094487007e-07,-1.55016593923e-06
370400,6.09548096249e-07,-1.5521669344e-06
370500,6.09002195428e-07,-1.55416684647e-06
370600,6.08456784173e-07,-1.55616567601e-06
370700,6.07911861943e-07,-1.55816342434e-06
370800,6.07367428247e-07,-1.56016009257e-06
370900,6.06823483114e-07,-1.5621556795e-06
371000,6.06280025663e-07,-1.56415018797e-06
371100,6.05737055372e-07,-1.56614361922e-06
371200,6.05194572304e-07,-1.56813597189e-06
371300,6.0465257557e-07,-1.57012724887e-06
371400,6.04111064876e-07,-1.5721174504e-06
371500,6.03570039788e-07,-1.57410657732e-06
371600,6.03029500007e-07,-1.57609462991e-06
371700,6.02489444901e-07,-1.57808160988e-06
371800,6.01949874104e-07,-1.58006751782e-06
371900,6.01410787162e-07,-1.58205235467e-06
372000,6.00872183636e-07,-1.5840361213e-06
372100,6.00334063209e-07,-1.58601881806e-06
372200,5.99796425254e-07,-1.58800044667e-06
372300,5.99259269372e-07,-1.58998100786e-06
372400,5.9872259544e-07,-1.59196050108e-06
372500,5.98186402741e-07,-1.59393892846e-06
372600,5.97650690671e-07,-1.59591629165e-06
372700,5.97115459226e-07,-1.59789258958e-06
372800,5.96580707721e-07,-1.59986782423e-06
372900,5.96046435787e-07,-1.6018419962e-06
373000,5.95512642906e-07,-1.60381510673e-06
373100,5.94979328727e-07,-1.60578715631e-06
373200,5.94446492753e-07,-1.60775814609e-06
373300,5.93914134816e-07,-1.60972807577e-06
373400,5.93382254213e-07,-1.61169694741e-06
373500,5.92850850564e-07,-1.61366476166e-06
373600,5.92319923357e-07,-1.61563151973e-06
373700,5.91789472471e-07,-1.61759722109e-06
373800,5.91259497129e-07,-1.61956186817e-06
373900,5.9072999704e-07,-1.6215254612e-06
374000,5.90200971942e-07,-1.62348800027e-06
374100,5.89672421146e-07,-1.62544948742e-06
374200,5.8914434438e-07,-1.62740992281e-06
374300,5.88616741256e-07,-1.62936930709e-06
374400,5.88089611146e-07,-1.63132764204e-06
374500,5.87562953796e-07,-1.63328492771e-06
374600,5.87036768699e-07,-1.63524116532e-06
374700,5.86511055603e-07,-1.63719635494e-06
374800,5.85985813823e-07,-1.63915049858e-06
374900,5.85461043269e-07,-1.64110359557e-06
375000,5.84936743278e-07,-1.64305564783e-06
375100,5.84412913226e-07,-1.64500665713e-06
375200,5.83889553252e-07,-1.64695662173e-06
375300,5.8336666232e-07,-1.64890554527e-06
375400,5.82844240556e-07,-1.65085342609e-06
375500,5.82322287079e-07,-1.65280026712e-06
375600,5.81800801631e-07,-1.65474606845e-06
375700,5.81279784112e-07,-1.65669082944e-06
375800,5.80759233668e-07,-1.65863455291e-06
375900,5.80239150102e-07,-1.66057723867e-06
376000,5.79719532864e-07,-1.66251888814e-06
376100,5.79200381795e-07,-1.66445950096e-06
376200,5.78681696028e-07,-1.66639908002e-06
376300,5.78163475539e-07,-1.66833762433e-06
376400,5.77645719726e-07,-1.67027513556e-06
376500,5.77128428229e-07,-1.67221161428e-06
376600,5.76611600856e-07,-1.67414706026e-06
376700,5.76095236696e-07,-1.67608147662e-06
376800,5.7557933562e-07,-1.67801486284e-06
376900,5.75063897359e-07,-1.67994721906e-06
377000,5.74548921346e-07,-1.68187854682e-06
377100,5.74034406963e-07,-1.68380884785e-06
377200,5.73520354126e-07,-1.68573812146e-06
377300,5.73006762168e-07,-1.68766636963e-06
377400,5.72493630879e-07,-1.68959359222e-06
377500,5.71980959563e-07,-1.69151979136e-06
377600,5.71468748297e-07,-1.6934449656e-06
377700,5.70956996245e-07,-1.6953691177e-06
377800,5.70445703018e-07,-1.69729224838e-06
377900,5.69934868412e-07,-1.69921435747e-06
378000,5.69424491988e-07,-1.70113544592e-06
378100,5.68914573168e-07,-1.7030555153e-06
378200,5.6840511159e-07,-1.7049745662e-06
378300,5.67896106983e-07,-1.70689259878e-06
378400,5.67387558762e-07,-1.70880961466e-06
378500,5.66879466648e-07,-1.71072561402e-06
378600,5.66371830256e-07,-1.71264059758e-06
378700,5.65864648944e-07,-1.71455456721e-06
378800,5.65357922643e-07,-1.71646752213e-06
378900,5.64851650644e-07,-1.71837946455e-06
379000,5.64345832643e-07,-1.72029039478e-06
379100,5.63840468159e-07,-1.72220031397e-06
379200,5.63335557076e-07,-1.72410922156e-06
379300,5.62831098734e-07,-1.72601711954e-06
379400,5.62327092809e-07,-1.72792400829e-06
379500,5.61823538813e-07,-1.72982988903e-06
379600,5.61320436357e-07,-1.73173476245e-06
379700,5.60817785024e-07,-1.73363862941e-06
379800,5.60315584651e-07,-1.73554148957e-06
379900,5.59813834371e-07,-1.7374433459e-06
380000,5.59312534343e-07,-1.73934419653e-06
380100,5.58811683595e-07,-1.74124404494e-06
380200,5.58311282201e-07,-1.74314288967e-06
380300,5.57811329552e-07,-1.74504073247e-06
380400,5.57311825198e-07,-1.74693757436e-06
380500,5.56812768857e-07,-1.74883341556e-06
380600,5.56314159895e-07,-1.75072825795e-06
380700,5.55815998231e-07,-1.7526221008e-06
380800,5.55318283279e-07,-1.75451494577e-06
380900,5.54821014661e-07,-1.75640679354e-06
381000,5.54324191985e-07,-1.75829764486e-06
381100,5.53827814798e-07,-1.76018750075e-06
381200,5.53331882699e-07,-1.762076362e-06
381300,5.52836395538e-07,-1.76396422821e-06
381400,5.52341352601e-07,-1.76585110166e-06
381500,5.51846753634e-07,-1.76773698244e-06
381600,5.51352598165e-07,-1.76962187168e-06
381700,5.50858886006e-07,-1.77150576915e-06
381800,5.50365616413e-07,-1.77338867729e-06
381900,5.49872789243e-07,-1.77527059565e-06
382000,5.49380404153e-07,-1.77715152476e-06
382100,5.48888460364e-07,-1.77903146722e-06
382200,5.48396957924e-07,-1.78091042167e-06
382300,5.4790589624e-07,-1.78278838984e-06
382400,5.47415274674e-07,-1.78466537365e-06
382500,5.46925093409e-07,-1.78654137112e-06
382600,5.46435351679e-07,-1.78841638478e-06
382700,5.45946049042e-07,-1.79029041564e-06
382800,5.45457185384e-07,-1.79216346313e-06
382900,5.44968759941e-07,-1.79403552977e-06
383000,5.44480772593e-07,-1.79590661505e-06
383100,5.43993222918e-07,-1.79777671985e-06
383200,5.435061104e-07,-1.79964584553e-06
383300,5.43019434651e-07,-1.80151399285e-06
383400,5.42533195447e-07,-1.80338116176e-06
383500,5.42047392231e-07,-1.80524735381e-06
383600,5.41562024554e-07,-1.80711257005e-06
383700,5.41077092406e-07,-1.80897680941e-06
383800,5.40592595013e-07,-1.81084007449e-06
383900,5.40108532045e-07,-1.81270236575e-06
384000,5.39624903381e-07,-1.81456368268e-06
384100,5.39141708279e-07,-1.81642402772e-06
384200,5.38658946522e-07,-1.81828340081e-06
384300,5.3817661765e-07,-1.82014180304e-06
384400,5.37694721409e-07,-1.82199923451e-06
384500,5.37213257114e-07,-1.82385569743e-06
384600,5.36732224771e-07,-1.82571119064e-06
384700,5.36251623743e-07,-1.8275657161e-06
384800,5.35771453773e-07,-1.82941927394e-06
384900,5.35291714321e-07,-1.83127186564e-06
385000,5.34812405164e-07,-1.83312349118e-06
385100,5.34333525837e-07,-1.83497415169e-06
385200,5.33855076013e-07,-1.83682384761e-06
385300,5.33377055177e-07,-1.83867258035e-06
385400,5.32899462938e-07,-1.84052035068e-06
385500,5.32422299158e-07,-1.84236715814e-06
385600,5.31945563268e-07,-1.84421300438e-06
385700,5.31469254872e-07,-1.8460578902e-06
385800,5.30993373498e-07,-1.84790181678e-06
385900,5.30517919147e-07,-1.849744783e-06
386000,5.30042891026e-07,-1.85158679159e-06
386100,5.29568288945e-07,-1.85342784235e-06
386200,5.29094112303e-07,-1.85526793711e-06
386300,5.28620360997e-07,-1.85710707524e-06
386400,5.28147034662e-07,-1.85894525739e-06
386500,5.27674132722e-07,-1.86078248527e-06
386600,5.27201654898e-07,-1.8626187591e-06
386700,5.26729600779e-07,-1.86445407979e-06
386800,5.26257970065e-07,-1.86628844766e-06
386900,5.2578676216e-07,-1.86812186453e-06
387000,5.25315976709e-07,-1.869954331e-06
387100,5.24845613633e-07,-1.87178584634e-06
387200,5.24375672335e-07,-1.87361641236e-06
387300,5.23906152499e-07,-1.87544602947e-06
387400,5.23437053708e-07,-1.87727469861e-06
387500,5.22968375577e-07,-1.87910242055e-06
387600,5.22500117846e-07,-1.88092919542e-06
387700,5.22032279846e-07,-1.88275502542e-06
387800,5.2156486153e-07,-1.88457990963e-06
387900,5.21097862312e-07,-1.88640384983e-06
388000,5.20631281995e-07,-1.88822684585e-06
388100,5.20165120082e-07,-1.89004889902e-06
388200,5.19699376156e-07,-1.89187001027e-06
388300,5.19234049959e-07,-1.89369017977e-06
388400,5.18769141054e-07,-1.89550940852e-06
388500,5.18304648978e-07,-1.8973276977e-06
388600,5.17840573546e-07,-1.8991450471e-06
388700,5.17376914166e-07,-1.90096145852e-06
388800,5.16913670763e-07,-1.9027769312e-06
388900,5.16450842561e-07,-1.90459146788e-06
389000,5.15988429678e-07,-1.90640506681e-06
389100,5.15526431328e-07,-1.90821773079e-06
389200,5.15064847208e-07,-1.9100294602e-06
389300,5.1460367733e-07,-1.91184025383e-06
389400,5.14142920671e-07,-1.91365011565e-06
389500,5.13682577366e-07,-1.91545904386e-06
389600,5.13222646933e-07,-1.91726703973e-06
389700,5.12763128997e-07,-1.919074104e-06
389800,5.12304023002e-07,-1.92088023831e-06
389900,5.11845328828e-07,-1.92268544213e-06
390000,5.11387045935e-07,-1.92448971702e-06
390100,5.10929173978e-07,-1.92629306358e-06
390200,5.10471712747e-07,-1.92809548172e-06
390300,5.1001466167e-07,-1.92989697317e-06
390400,5.09558020598e-07,-1.93169753755e-06
390500,5.09101788833e-07,-1.93349717723e-06
390600,5.08645966334e-07,-1.93529589127e-06
390700,5.08190552674e-07,-1.93709368068e-06
390800,5.07735547404e-07,-1.93889054659e-06
390900,5.07280950196e-07,-1.94068648951e-06
391000,5.06826760507e-07,-1.94248151103e-06
391100,5.06372978137e-07,-1.94427561103e-06
391200,5.05919602804e-07,-1.94606878978e-06
391300,5.05466634092e-07,-1.94786104826e-06
391400,5.050140714e-07,-1.94965238835e-06
391500,5.04561914746e-07,-1.95144280883e-06
391600,5.04110163598e-07,-1.95323231125e-06
391700,5.03658817604e-07,-1.95502089625e-06
391800,5.03207876231e-07,-1.95680856538e-06
391900,5.02757339212e-07,-1.95859531886e-06
392000,5.02307206426e-07,-1.96038115616e-06
392100,5.01857477141e-07,-1.96216607986e-06
392200,5.01408151155e-07,-1.96395008984e-06
392300,5.00959228149e-07,-1.96573318658e-06
392400,5.00510707793e-07,-1.96751537061e-06
392500,5.00062589542e-07,-1.96929664357e-06
392600,4.9961487338e-07,-1.97107700439e-06
392700,4.99167558563e-07,-1.97285645573e-06
392800,4.98720644903e-07,-1.97463499739e-06
392900,4.98274131888e-07,-1.97641263085e-06
393000,4.97828019624e-07,-1.97818935441e-06
393100,4.97382307227e-07,-1.97996517146e-06
393200,4.9693699462e-07,-1.98174008124e-06
393300,4.96492081269e-07,-1.98351408534e-06
393400,4.96047566906e-07,-1.98528718399e-06
393500,4.95603451313e-07,-1.98705937714e-06
393600,4.95159733772e-07,-1.98883066736e-06
393700,4.9471641423e-07,-1.99060105375e-06
393800,4.94273492351e-07,-1.99237053689e-06
393900,4.93830967621e-07,-1.99413911829e-06
394000,4.93388839613e-07,-1.99590679898e-06
394100,4.92947108341e-07,-1.99767357775e-06
394200,4.92505773246e-07,-1.99943945633e-06
394300,4.92064833686e-07,-2.00120443687e-06
394400,4.91624289606e-07,-2.00296851851e-06
394500,4.91184140717e-07,-2.0047317016e-06
394600,4.90744386284e-07,-2.00649398878e-06
394700,4.90305026435e-07,-2.00825537823e-06
394800,4.89866060652e-07,-2.01001587149e-06
394900,4.89427488292e-07,-2.01177547074e-06
395000,4.88989309456e-07,-2.01353417428e-06
395100,4.88551523442e-07,-2.01529198463e-06
395200,4.88114130037e-07,-2.01704890173e-06
395300,4.87677128888e-07,-2.01880492625e-06
395400,4.8724051992e-07,-2.02056005744e-06
395500,4.86804302038e-07,-2.02231429983e-06
395600,4.86368475592e-07,-2.02406765044e-06
395700,4.85933040034e-07,-2.02582011099e-06
395800,4.8549799486e-07,-2.02757168294e-06
395900,4.85063339685e-07,-2.02932236713e-06
396000,4.8462907461e-07,-2.03107216189e-06
396100,4.84195198809e-07,-2.03282107038e-06
396200,4.83761712334e-07,-2.03456909118e-06
396300,4.83328614227e-07,-2.03631622811e-06
396400,4.82895904717e-07,-2.03806247885e-06
396500,4.82463583241e-07,-2.03980784517e-06
396600,4.82031649408e-07,-2.04155232797e-06
396700,4.81600102822e-07,-2.04329592817e-06
396800,4.81168943507e-07,-2.04503864449e-06
396900,4.80738170668e-07,-2.04678047993e-06
397000,4.80307784211e-07,-2.04852143384e-06
397100,4.79877783638e-07,-2.05026150768e-06
397200,4.79448168739e-07,-2.05200070138e-06
397300,4.79018939293e-07,-2.05373901497e-06
397400,4.7859009448e-07,-2.05547645159e-06
397500,4.78161634394e-07,-2.05721300958e-06
397600,4.77733558559e-07,-2.05894869031e-06
397700,4.77305866557e-07,-2.06068349482e-06
397800,4.76878558034e-07,-2.06241742381e-06
397900,4.76451632924e-07,-2.06415047649e-06
398000,4.76025090462e-07,-2.06588265572e-06
398100,4.75598930582e-07,-2.0676139607e-06
398200,4.75173152944e-07,-2.06934439208e-06
398300,4.7474775711e-07,-2.071073951e-06
398400,4.74322742519e-07,-2.07280263928e-06
398500,4.73898109469e-07,-2.07453045418e-06
398600,4.73473857119e-07,-2.07625739901e-06
398700,4.73049985127e-07,-2.07798347441e-06
398800,4.72626493142e-07,-2.07970868109e-06
398900,4.72203381143e-07,-2.081433018e-06
399000,4.71780648661e-07,-2.08315648648e-06
399100,4.71358294971e-07,-2.08487908921e-06
399200,4.70936320416e-07,-2.08660082322e-06
399300,4.70514723918e-07,-2.08832169309e-06
399400,4.70093505646e-07,-2.09004169674e-06
399500,4.696726651e-07,-2.0917608357e-06
399600,4.69252202111e-07,-2.09347910969e-06
399700,4.68832116026e-07,-2.09519652105e-06
399800,4.68412406824e-07,-2.09691306872e-06
399900,4.67993073963e-07,-2.09862875444e-06
400000,4.6757411683e-07,-2.10034358033e-06
400100,4.67155535819e-07,-2.10205754311e-06
400200,4.6673733005e-07,-2.10377064634e-06
400300,4.66319499297e-07,-2.10548289007e-06
400400,4.65902043184e-07,-2.10719427514e-06
400500,4.65484961682e-07,-2.10890480056e-06
400600,4.650682539e-07,-2.11061446994e-06
400700,4.64651919999e-07,-2.11232328126e-06
400800,4.64235959327e-07,-2.11403123686e-06
400900,4.63820371786e-07,-2.1157383361e-06
401000,4.63405157098e-07,-2.11744457931e-06
401100,4.62990314517e-07,-2.11914996935e-06
401200,4.62575844023e-07,-2.12085450517e-06
401300,4.62161745296e-07,-2.12255818732e-06
401400,4.61748017853e-07,-2.12426101725e-06
401500,4.6133466148e-07,-2.12596299495e-06
401600,4.60921675764e-07,-2.12766412149e-06
401700,4.60509060453e-07,-2.12936439705e-06
401800,4.60096815005e-07,-2.13106382342e-06
401900,4.59684939398e-07,-2.13276239955e-06
402000,4.59273433062e-07,-2.13446012736e-06
402100,4.58862295737e-07,-2.13615700708e-06
402200,4.58451527385e-07,-2.13785303777e-06
402300,4.58041127243e-07,-2.13954822241e-06
402400,4.57631095096e-07,-2.14124256098e-06
402500,4.5722143071e-07,-2.1429360536e-06
402600,4.56812133707e-07,-2.14462870115e-06
402700,4.56403203599e-07,-2.14632050513e-06
402800,4.55994640381e-07,-2.1480114644e-06
402900,4.55586443447e-07,-2.14970158109e-06
403000,4.55178612678e-07,-2.15139085468e-06
403100,4.54771147577e-07,-2.15307928672e-06
403200,4.54364047948e-07,-2.15476687711e-06
403300,4.53957313426e-07,-2.15645362668e-06
403400,4.53550943729e-07,-2.1581395358e-06
403500,4.53144938226e-07,-2.15982460676e-06
403600,4.52739296909e-07,-2.16150883842e-06
403700,4.5233401944e-07,-2.16319223148e-06
403800,4.51929105369e-07,-2.16487478723e-06
403900,4.51524554437e-07,-2.16655650593e-06
404000,4.51120366169e-07,-2.16823738901e-06
404100,4.50716540518e-07,-2.16991743556e-06
404200,4.50313076902e-07,-2.17159664761e-06
404300,4.49909975221e-07,-2.17327502455e-06
404400,4.49507235096e-07,-2.17495256728e-06
404500,4.49104856051e-07,-2.17662927726e-06
404600,4.48702837855e-07,-2.17830515459e-06
404700,4.48301180135e-07,-2.17998020016e-06
404800,4.47899882742e-07,-2.18165441362e-06
404900,4.47498944996e-07,-2.18332779755e-06
405000,4.47098367054e-07,-2.18500034992e-06
405100,4.4669814803e-07,-2.18667207445e-06
405200,4.46298288247e-07,-2.18834296819e-06
405300,4.45898786882e-07,-2.19001303451e-06
405400,4.45499643852e-07,-2.19168227272e-06
405500,4.45100858793e-07,-2.19335068365e-06
405600,4.44702431289e-07,-2.19501826844e-06
405700,4.44304361154e-07,-2.19668502694e-06
405800,4.43906648005e-07,-2.19835096013e-06
405900,4.4350929142e-07,-2.20001606916e-06
406000,4.43112291123e-07,-2.2016803544e-06
406100,4.42715647221e-07,-2.20334381409e-06
406200,4.42319358506e-07,-2.20500645377e-06
406300,4.4192342544e-07,-2.2066682697e-06
406400,4.41527847484e-07,-2.20832926371e-06
406500,4.41132624358e-07,-2.20998943619e-06
406600,4.40737755486e-07,-2.21164878918e-06
406700,4.40343240627e-07,-2.21330732286e-06
406800,4.39949079828e-07,-2.21496503579e-06
406900,4.39555272311e-07,-2.21662193115e-06
407000,4.39161818088e-07,-2.21827800769e-06
407100,4.38768716752e-07,-2.21993326652e-06
407200,4.38375967882e-07,-2.22158770883e-06
407300,4.37983571002e-07,-2.22324133611e-06
407400,4.37591526183e-07,-2.22489414679e-06
407500,4.37199832986e-07,-2.22654614216e-06
407600,4.36808491009e-07,-2.2281973233e-06
407700,4.36417500112e-07,-2.22984768982e-06
407800,4.36026859694e-07,-2.23149724394e-06
407900,4.35636569773e-07,-2.23314598437e-06
408000,4.35246629632e-07,-2.23479391398e-06
408100,4.34857039136e-07,-2.23644103236e-06
408200,4.34467798259e-07,-2.23808733846e-06
408300,4.34078906364e-07,-2.23973283473e-06
408400,4.33690363283e-07,-2.24137752092e-06
408500,4.33302168441e-07,-2.24302139911e-06
408600,4.32914322056e-07,-2.24466446689e-06
408700,4.32526823132e-07,-2.24630672872e-06
408800,4.32139671847e-07,-2.24794818243e-06
408900,4.31752867804e-07,-2.24958882907e-06
409000,4.31366410632e-07,-2.25122866959e-06
409100,4.30980299859e-07,-2.25286770546e-06
409200,4.30594535547e-07,-2.25450593518e-06
409300,4.30209117149e-07,-2.25614336066e-06
409400,4.29824044355e-07,-2.25777998251e-06
409500,4.29439316895e-07,-2.25941580106e-06
409600,4.290549344e-07,-2.26105081725e-06
409700,4.2867089668e-07,-2.26268503098e-06
409800,4.28287203429e-07,-2.26431844281e-06
409900,4.27903854138e-07,-2.26595105448e-06
410000,4.27520848753e-07,-2.26758286511e-06
410100,4.27138186717e-07,-2.2692138767e-06
410200,4.26755867945e-07,-2.27084408856e-06
410300,4.26373892067e-07,-2.27247350163e-06
410400,4.25992258445e-07,-2.27410211838e-06
410500,4.25610967285e-07,-2.27572993644e-06
410600,4.25230018286e-07,-2.27735695638e-06
410700,4.24849410384e-07,-2.2789831831e-06
410800,4.24469144385e-07,-2.28060861081e-06
410900,4.24089219121e-07,-2.28223324502e-06
411000,4.23709634579e-07,-2.28385708465e-06
411100,4.23330390465e-07,-2.28548013018e-06
411200,4.22951486358e-07,-2.28710238288e-06
411300,4.22572922113e-07,-2.28872384238e-06
411400,4.22194697334e-07,-2.2903445098e-06
411500,4.21816811824e-07,-2.29196438508e-06
411600,4.21439265095e-07,-2.29358346987e-06
411700,4.2106205705e-07,-2.29520176353e-06
411800,4.20685187122e-07,-2.29681926817e-06
411900,4.2030865542e-07,-2.29843598198e-06
412000,4.19932461106e-07,-2.3000519086e-06
412100,4.19556604258e-07,-2.30166704642e-06
412200,4.19181084462e-07,-2.30328139666e-06
412300,4.18805901389e-07,-2.30489496003e-06
412400,4.1843105493e-07,-2.30650773599e-06
412500,4.18056544625e-07,-2.30811972602e-06
412600,4.17682370206e-07,-2.3097309305e-06
412700,4.17308531006e-07,-2.31134135211e-06
412800,4.16935027415e-07,-2.31295098742e-06
412900,4.16561858672e-07,-2.31455983966e-06
413000,4.1618902468e-07,-2.31616790821e-06
413100,4.15816524776e-07,-2.31777519576e-06
413200,4.15444358971e-07,-2.31938170106e-06
413300,4.15072527146e-07,-2.32098742362e-06
413400,4.14701028619e-07,-2.32259236624e-06
413500,4.14329863356e-07,-2.32419652793e-06
413600,4.13959030884e-07,-2.32579991027e-06
413700,4.13588530966e-07,-2.32740251347e-06
413800,4.13218363314e-07,-2.32900433803e-06
413900,4.12848527477e-07,-2.3306053854e-06
414000,4.12479023382e-07,-2.33220565483e-06
414100,4.12109850754e-07,-2.33380514675e-06
414200,4.11741009098e-07,-2.33540386288e-06
414300,4.11372498271e-07,-2.33700180287e-06
414400,4.11004317961e-07,-2.33859896737e-06
414500,4.1063646775e-07,-2.34019535765e-06
414600,4.10268947508e-07,-2.3417909733e-06
414700,4.09901756728e-07,-2.34338581611e-06
414800,4.09534895382e-07,-2.34497988507e-06
414900,4.09168362886e-07,-2.34657318243e-06
415000,4.08802159019e-07,-2.3481657083e-06
415100,4.0843628378e-07,-2.34975746152e-06
415200,4.08070736463e-07,-2.35134844507e-06
415300,4.0770551709e-07,-2.35293865763e-06
415400,4.07340625335e-07,-2.35452809993e-06
415500,4.06976060644e-07,-2.35611677408e-06
415600,4.06611822999e-07,-2.357704679e-06
415700,4.0624791181e-07,-2.35929181698e-06
415800,4.05884327246e-07,-2.36087818586e-06
415900,4.05521068611e-07,-2.36246378857e-06
416000,4.05158135828e-07,-2.36404862437e-06
416100,4.04795528335e-07,-2.36563269543e-06
416200,4.04433246152e-07,-2.36721600044e-06
416300,4.04071288731e-07,-2.36879854147e-06
416400,4.03709655999e-07,-2.37038031777e-06
416500,4.03348347527e-07,-2.37196133071e-06
416600,4.02987363198e-07,-2.37354157979e-06
416700,4.02626702473e-07,-2.37512106705e-06
416800,4.02266365246e-07,-2.37669979193e-06
416900,4.01906351154e-07,-2.37827775541e-06
417000,4.01546659954e-07,-2.37985495777e-06
417100,4.01187291189e-07,-2.38143140052e-06
417200,4.00828244841e-07,-2.38300708262e-06
417300,4.00469520378e-07,-2.38458200605e-06
417400,4.0011111765e-07,-2.38615617051e-06
417500,3.99753036453e-07,-2.38772957605e-06
417600,3.99395276221e-07,-2.38930222487e-06
417700,3.99037836892e-07,-2.39087411617e-06
417800,3.98680718049e-07,-2.39244525125e-06
417900,3.98323919515e-07,-2.39401562998e-06
418000,3.97967440953e-07,-2.39558525322e-06
418100,3.97611282052e-07,-2.39715412164e-06
418200,3.97255442592e-07,-2.39872223539e-06
418300,3.9689992217e-07,-2.40028959568e-06
418400,3.96544720545e-07,-2.40185620281e-06
418500,3.96189837597e-07,-2.40342205629e-06
418600,3.9583527298e-07,-2.40498715703e-06
418700,3.95481026209e-07,-2.40655150678e-06
418800,3.95127096924e-07,-2.40811510652e-06
418900,3.94773485269e-07,-2.40967795418e-06
419000,3.94420190643e-07,-2.41124005222e-06
419100,3.94067213022e-07,-2.4128013996e-06
419200,3.9371455183e-07,-2.41436199862e-06
419300,3.93362206717e-07,-2.4159218502e-06
419400,3.9301017775e-07,-2.41748095276e-06
419500,3.92658464619e-07,-2.41903930699e-06
419600,3.92307066664e-07,-2.4205969157e-06
419700,3.91955983847e-07,-2.42215377795e-06
419800,3.91605216118e-07,-2.42370989284e-06
419900,3.91254762698e-07,-2.42526526393e-06
420000,3.90904623693e-07,-2.42681988938e-06
420100,3.90554798567e-07,-2.42837377128e-06
420200,3.90205287272e-07,-2.42992690872e-06
420300,3.89856089373e-07,-2.43147930317e-06
420400,3.8950720472e-07,-2.43303095435e-06
420500,3.89158632765e-07,-2.43458186443e-06
420600,3.88810373448e-07,-2.43613203258e-06
420700,3.88462426524e-07,-2.43768145911e-06
420800,3.88114791749e-07,-2.43923014433e-06
420900,3.87767468554e-07,-2.44077809053e-06
421000,3.87420456932e-07,-2.44232529656e-06
421100,3.87073756321e-07,-2.44387176468e-06
421200,3.86727366752e-07,-2.44541749351e-06
421300,3.86381287888e-07,-2.44696248394e-06
421400,3.8603551939e-07,-2.44850673684e-06
421500,3.85690060889e-07,-2.45005025331e-06
421600,3.85344912191e-07,-2.45159303335e-06
421700,3.85000072922e-07,-2.45313507807e-06
421800,3.84655543e-07,-2.45467638678e-06
421900,3.84311322094e-07,-2.45621696033e-06
422000,3.83967409901e-07,-2.45775679941e-06
422100,3.83623806092e-07,-2.45929590486e-06
422200,3.83280510312e-07,-2.46083427766e-06
422300,3.82937522537e-07,-2.46237191679e-06
422400,3.82594842163e-07,-2.46390882479e-06
422500,3.82252469343e-07,-2.46544499952e-06
422600,3.81910403328e-07,-2.46698044444e-06
422700,3.81568644249e-07,-2.46851515753e-06
422800,3.81227191536e-07,-2.47004914113e-06
422900,3.80886045142e-07,-2.47158239436e-06
423000,3.80545204608e-07,-2.47311491886e-06
423100,3.80204669782e-07,-2.47464671441e-06
423200,3.79864440313e-07,-2.47617778197e-06
423300,3.7952451595e-07,-2.47770812193e-06
423400,3.7918489657e-07,-2.47923773386e-06
423500,3.78845581571e-07,-2.48076662031e-06
423600,3.78506570909e-07,-2.48229478037e-06
423700,3.78167864313e-07,-2.48382221455e-06
423800,3.77829461435e-07,-2.48534892381e-06
423900,3.77491361974e-07,-2.48687490884e-06
424000,3.77153565889e-07,-2.48840016873e-06
424100,3.7681607271e-07,-2.4899247052e-06
424200,3.76478882e-07,-2.4914485198e-06
424300,3.76141993759e-07,-2.49297161134e-06
424400,3.75805407533e-07,-2.49449398148e-06
424500,3.75469123335e-07,-2.49601562894e-06
424600,3.7513314069e-07,-2.4975365555e-06
424700,3.7479745921e-07,-2.49905676242e-06
424800,3.74462079095e-07,-2.50057624724e-06
424900,3.7412699937e-07,-2.50209501489e-06
425000,3.73792220379e-07,-2.50361306204e-06
425100,3.734577414e-07,-2.50513039201e-06
425200,3.73123562631e-07,-2.50664700239e-06
425300,3.7278968328e-07,-2.50816289696e-06
425400,3.72456103649e-07,-2.50967807262e-06
425500,3.72122823e-07,-2.51119253285e-06
425600,3.717898412e-07,-2.51270627729e-06
425700,3.71457157999e-07,-2.51421930633e-06
425800,3.71124773248e-07,-2.51573161971e-06
425900,3.70792686454e-07,-2.51724321936e-06
426000,3.70460897722e-07,-2.51875410344e-06
426100,3.70129406239e-07,-2.52026427588e-06
426200,3.69798212075e-07,-2.52177373507e-06
426300,3.69467315041e-07,-2.52328248099e-06
426400,3.69136714646e-07,-2.52479051558e-06
426500,3.68806410816e-07,-2.52629783811e-06
426600,3.68476403267e-07,-2.5278044492e-06
426700,3.68146691583e-07,-2.5293103503e-06
426800,3.67817275568e-07,-2.53081554145e-06
426900,3.6748815497e-07,-2.53232002308e-06
427000,3.67159329612e-07,-2.53382379512e-06
427100,3.6683079908e-07,-2.53532685901e-06
427200,3.66502562992e-07,-2.53682921599e-06
427300,3.66174621458e-07,-2.53833086418e-06
427400,3.6584697384e-07,-2.53983180646e-06
427500,3.65519620445e-07,-2.54133203966e-06
427600,3.65192560287e-07,-2.54283156891e-06
427700,3.64865793335e-07,-2.54433039321e-06
427800,3.64539319654e-07,-2.54582851094e-06
427900,3.64213138831e-07,-2.54732592356e-06
428000,3.63887250358e-07,-2.54882263314e-06
428100,3.63561654017e-07,-2.55031863987e-06
428200,3.63236350004e-07,-2.55181394132e-06
428300,3.62911337493e-07,-2.55330854159e-06
428400,3.62586616504e-07,-2.55480243936e-06
428500,3.62262186697e-07,-2.55629563562e-06
428600,3.61938047663e-07,-2.55778813181e-06
428700,3.61614199471e-07,-2.5592799263e-06
428800,3.61290641795e-07,-2.56077102e-06
428900,3.60967374273e-07,-2.56226141403e-06
429000,3.60644396501e-07,-2.56375110982e-06
429100,3.60321708619e-07,-2.56524010527e-06
429200,3.59999309882e-07,-2.56672840399e-06
429300,3.59677200356e-07,-2.56821600438e-06
429400,3.59355379625e-07,-2.56970290793e-06
429500,3.59033847528e-07,-2.57118911448e-06
429600,3.58712603881e-07,-2.57267462403e-06
429700,3.58391648204e-07,-2.57415943851e-06
429800,3.58070980435e-07,-2.57564355711e-06
429900,3.57750600207e-07,-2.57712698103e-06
430000,3.57430507337e-07,-2.57860971026e-06
430100,3.57110701582e-07,-2.58009174519e-06
430200,3.56791182472e-07,-2.58157308768e-06
430300,3.56471949846e-07,-2.58305373759e-06
430400,3.56153003507e-07,-2.58453369499e-06
430500,3.55834343305e-07,-2.58601295969e-06
430600,3.55515968894e-07,-2.58749153274e-06
430700,3.55197879966e-07,-2.58896941494e-06
430800,3.54880076289e-07,-2.59044660663e-06
430900,3.54562557613e-07,-2.59192310825e-06
431000,3.54245323622e-07,-2.59339892066e-06
431100,3.53928374343e-07,-2.59487404249e-06
431200,3.53611709166e-07,-2.59634847654e-06
431300,3.53295327935e-07,-2.59782222264e-06
431400,3.52979230455e-07,-2.59929528088e-06
431500,3.52663416431e-07,-2.60076765199e-06
431600,3.52347885617e-07,-2.6022393364e-06
431700,3.5203263777e-07,-2.6037103345e-06
431800,3.51717672543e-07,-2.60518064739e-06
431900,3.51402989831e-07,-2.60665027455e-06
432000,3.51088589499e-07,-2.60811921568e-06
432100,3.5077447101e-07,-2.60958747312e-06
432200,3.50460634294e-07,-2.61105504615e-06
432300,3.50147078789e-07,-2.61252193726e-06
432400,3.49833804636e-07,-2.61398814434e-06
432500,3.49520811552e-07,-2.61545366805e-06
432600,3.49208098901e-07,-2.61691851141e-06
432700,3.48895666901e-07,-2.61838267177e-06
432800,3.48583514915e-07,-2.61984615216e-06
432900,3.48271642887e-07,-2.62130895176e-06
433000,3.47960050708e-07,-2.62277107008e-06
433100,3.4764873787e-07,-2.62423250931e-06
433200,3.47337704142e-07,-2.62569326978e-06
433300,3.47026949358e-07,-2.62715335139e-06
433400,3.46716473276e-07,-2.62861275456e-06
433500,3.46406275763e-07,-2.63007147897e-06
433600,3.46096356219e-07,-2.63152952742e-06
433700,3.45786714634e-07,-2.6329868988e-06
433800,3.45477350861e-07,-2.63444359286e-06
433900,3.4516826439e-07,-2.63589961181e-06
434000,3.44859455212e-07,-2.63735495454e-06
434100,3.44550922882e-07,-2.6388096228e-06
434200,3.44242667243e-07,-2.64026361645e-06
434300,3.43934688084e-07,-2.6417169357e-06
434400,3.43626985131e-07,-2.64316958119e-06
434500,3.4331955812e-07,-2.6446215535e-06
434600,3.43012406895e-07,-2.64607285246e-06
434700,3.42705530938e-07,-2.64752348035e-06
434800,3.42398930372e-07,-2.64897343515e-06
434900,3.42092604504e-07,-2.65042272032e-06
435000,3.41786553448e-07,-2.6518713339e-06
435100,3.41480777077e-07,-2.65331927553e-06
435200,3.41175274693e-07,-2.65476654871e-06
435300,3.40870046374e-07,-2.65621315174e-06
435400,3.40565091773e-07,-2.65765908574e-06
435500,3.40260410572e-07,-2.65910435166e-06
435600,3.39956002714e-07,-2.66054894869e-06
435700,3.39651867712e-07,-2.66199287891e-06
435800,3.39348005657e-07,-2.66343614052e-06
435900,3.39044415754e-07,-2.66487873769e-06
436000,3.38741098499e-07,-2.66632066587e-06
436100,3.38438052986e-07,-2.66776192999e-06
436200,3.38135279362e-07,-2.66920252786e-06
436300,3.37832777365e-07,-2.67064246005e-06
436400,3.3753054642e-07,-2.67208172927e-06
436500,3.37228586713e-07,-2.67352033305e-06
436600,3.36926897691e-07,-2.67495827396e-06
436700,3.36625479321e-07,-2.67639555102e-06
436800,3.36324331152e-07,-2.6778321661e-06
436900,3.3602345291e-07,-2.67926811986e-06
437000,3.35722844804e-07,-2.68070340968e-06
437100,3.35422505979e-07,-2.68213804019e-06
437200,3.35122436682e-07,-2.68357200852e-06
437300,3.34822636403e-07,-2.68500531693e-06
437400,3.34523104985e-07,-2.6864379653e-06
437500,3.3422384228e-07,-2.68786995345e-06
437600,3.33924848006e-07,-2.6893012821e-06
437700,3.33626121798e-07,-2.69073195255e-06
437800,3.33327663363e-07,-2.69216196562e-06
437900,3.33029472744e-07,-2.6935913198e-06
438000,3.32731549362e-07,-2.69502001786e-06
438100,3.32433893204e-07,-2.6964480587e-06
438200,3.3213650413e-07,-2.69787544208e-06
438300,3.31839381474e-07,-2.69930217138e-06
438400,3.31542525469e-07,-2.70072824379e-06
438500,3.31245935823e-07,-2.70215366012e-06
438600,3.30949611967e-07,-2.7035784231e-06
438700,3.30653553751e-07,-2.70500253254e-06
438800,3.3035776118e-07,-2.70642598724e-06
438900,3.30062233909e-07,-2.70784878835e-06
439000,3.29766971664e-07,-2.70927093657e-06
439100,3.29471974137e-07,-2.71069243283e-06
439200,3.29177241109e-07,-2.71211327745e-06
439300,3.28882772395e-07,-2.71353347051e-06
439400,3.28588567847e-07,-2.71495301182e-06
439500,3.28294627087e-07,-2.71637190282e-06
439600,3.28000950078e-07,-2.71779014255e-06
439700,3.27707536271e-07,-2.71920773362e-06
439800,3.27414385667e-07,-2.72062467482e-06
439900,3.27121497994e-07,-2.72204096685e-06
440000,3.26828872733e-07,-2.72345661211e-06
440100,3.26536510097e-07,-2.72487160793e-06
440200,3.26244409704e-07,-2.72628595575e-06
440300,3.2595257123e-07,-2.72769965663e-06
440400,3.25660994493e-07,-2.72911271066e-06
440500,3.25369679026e-07,-2.73052511986e-06
440600,3.25078625129e-07,-2.73193688096e-06
440700,3.24787831864e-07,-2.73334799931e-06
440800,3.24497299804e-07,-2.7347584697e-06
440900,3.24207028033e-07,-2.73616829733e-06
441000,3.23917016603e-07,-2.73757748065e-06
441100,3.23627265333e-07,-2.73898601971e-06
441200,3.23337773709e-07,-2.74039391692e-06
441300,3.23048541882e-07,-2.74180117002e-06
441400,3.22759569357e-07,-2.74320778129e-06
441500,3.22470855972e-07,-2.74461375065e-06
441600,3.22182401623e-07,-2.74601907764e-06
441700,3.21894205851e-07,-2.74742376428e-06
441800,3.21606268688e-07,-2.74882780916e-06
441900,3.21318589541e-07,-2.75023121523e-06
442000,3.21031168475e-07,-2.75163398086e-06
442100,3.20744005094e-07,-2.75303610761e-06
442200,3.20457099212e-07,-2.75443759561e-06
442300,3.20170450768e-07,-2.75583844409e-06
442400,3.1988405932e-07,-2.75723865497e-06
442500,3.19597924679e-07,-2.75863822838e-06
442600,3.19312046537e-07,-2.76003716529e-06
442700,3.19026424962e-07,-2.76143546404e-06
442800,3.1874105948e-07,-2.76283312677e-06
442900,3.18455949827e-07,-2.76423015415e-06
443000,3.18171095965e-07,-2.76562654526e-06
443100,3.17886497625e-07,-2.76702230079e-06
443200,3.17602154348e-07,-2.76841742281e-06
443300,3.1731806609e-07,-2.76981191043e-06
443400,3.17034232707e-07,-2.77120576348e-06
443500,3.16750653649e-07,-2.77259898466e-06
443600,3.16467329181e-07,-2.77399157089e-06
443700,3.16184258529e-07,-2.77538352648e-06
443800,3.15901441883e-07,-2.77677484887e-06
443900,3.15618878758e-07,-2.77816554033e-06
444000,3.1533656914e-07,-2.77955559976e-06
444100,3.15054512643e-07,-2.78094502871e-06
444200,3.14772709181e-07,-2.78233382659e-06
444300,3.14491158469e-07,-2.78372199424e-06
444400,3.14209860139e-07,-2.78510953309e-06
444500,3.13928813983e-07,-2.78649644343e-06
444600,3.13648019887e-07,-2.7878827249e-06
444700,3.1336747777e-07,-2.78926837684e-06
444800,3.13087187102e-07,-2.79065340188e-06
444900,3.12807147931e-07,-2.79203779847e-06
445000,3.12527359663e-07,-2.79342156966e-06
445100,3.12247822532e-07,-2.79480471259e-06
445200,3.11968535992e-07,-2.79618722998e-06
445300,3.11689500026e-07,-2.79756912074e-06
445400,3.11410714159e-07,-2.79895038711e-06
445500,3.11132178449e-07,-2.80033102746e-06
445600,3.10853892358e-07,-2.80171104447e-06
445700,3.10575855831e-07,-2.80309043734e-06
445800,3.102980688e-07,-2.80446920536e-06
445900,3.10020530779e-07,-2.80584735084e-06
446000,3.09743241688e-07,-2.80722487316e-06
446100,3.09466201168e-07,-2.80860177371e-06
446200,3.09189409181e-07,-2.80997805158e-06
446300,3.08912865463e-07,-2.81135370746e-06
446400,3.086365698e-07,-2.81272874173e-06
446500,3.08360521739e-07,-2.81410315645e-06
446600,3.08084721302e-07,-2.81547695027e-06
446700,3.07809168181e-07,-2.81685012424e-06
446800,3.07533862249e-07,-2.81822267806e-06
446900,3.07258803114e-07,-2.8195946134e-06
447000,3.06983990729e-07,-2.82096592939e-06
447100,3.06709424656e-07,-2.82233662803e-06
447200,3.06435104915e-07,-2.82370670796e-06
447300,3.06161031232e-07,-2.82507616998e-06
447400,3.05887203372e-07,-2.82644501463e-06
447500,3.0561362113e-07,-2.82781324217e-06
447600,3.05340283954e-07,-2.82918085547e-06
447700,3.05067192148e-07,-2.83054785107e-06
447800,3.04794345117e-07,-2.83191423215e-06
447900,3.04521742694e-07,-2.83327999873e-06
448000,3.04249384878e-07,-2.8346451496e-06
448100,3.03977271163e-07,-2.83600968729e-06
448200,3.03705401605e-07,-2.83737361019e-06
448300,3.03433775765e-07,-2.8387369203e-06
448400,3.03162393697e-07,-2.84009961605e-06
448500,3.02891255008e-07,-2.84146169911e-06
448600,3.02620359372e-07,-2.84282317068e-06
448700,3.02349706625e-07,-2.84418403078e-06
448800,3.02079296681e-07,-2.84554427883e-06
448900,3.01809129203e-07,-2.84690391611e-06
449000,3.01539203889e-07,-2.84826294367e-06
449100,3.0126952083e-07,-2.84962135962e-06
449200,3.01000079418e-07,-2.85097916725e-06
449300,3.00730879746e-07,-2.85233636468e-06
449400,3.00461921652e-07,-2.85369295191e-06
449500,3.00193204494e-07,-2.85504893249e-06
449600,2.99924728657e-07,-2.85640430236e-06
449700,2.99656493154e-07,-2.85775906764e-06
449800,2.99388498459e-07,-2.85911322362e-06
449900,2.99120744102e-07,-2.86046677258e-06
450000,2.98853229869e-07,-2.86181971491e-06
450100,2.98585955329e-07,-2.86317205262e-06
450200,2.98318920669e-07,-2.86452378311e-06
450300,2.98052125494e-07,-2.86587490812e-06
450400,2.97785569442e-07,-2.86722542915e-06
450500,2.97519252591e-07,-2.86857534442e-06
450600,2.97253174634e-07,-2.86992465501e-06
450700,2.96987335163e-07,-2.87127336277e-06
450800,2.96721733882e-07,-2.87262146871e-06
450900,2.96456371277e-07,-2.873968968e-06
451000,2.96191246261e-07,-2.87531586756e-06
451100,2.95926359099e-07,-2.87666216422e-06
451200,2.95661709555e-07,-2.87800785854e-06
451300,2.95397297371e-07,-2.87935295125e-06
451400,2.9513312202e-07,-2.8806974451e-06
451500,2.94869183939e-07,-2.88204133561e-06
451600,2.94605482366e-07,-2.88338462731e-06
451700,2.94342017375e-07,-2.88472731843e-06
451800,2.94078788586e-07,-2.88606941064e-06
451900,2.93815795853e-07,-2.88741090383e-06
452000,2.93553039039e-07,-2.88875179783e-06
452100,2.93290517879e-07,-2.89009209344e-06
452200,2.93028231938e-07,-2.89143179274e-06
452300,2.92766181514e-07,-2.89277089227e-06
452400,2.92504365828e-07,-2.89410939673e-06
452500,2.92242784988e-07,-2.89544730408e-06
452600,2.91981438962e-07,-2.89678461339e-06
452700,2.91720327031e-07,-2.89812132888e-06
452800,2.91459449482e-07,-2.89945744717e-06
452900,2.91198805698e-07,-2.90079297174e-06
453000,2.90938395679e-07,-2.9021279014e-06
453100,2.90678219366e-07,-2.90346223539e-06
453200,2.90418276221e-07,-2.90479597659e-06
453300,2.90158566185e-07,-2.90612912425e-06
453400,2.89899089042e-07,-2.90746167881e-06
453500,2.89639844786e-07,-2.90879363911e-06
453600,2.89380832768e-07,-2.9101250089e-06
453700,2.89122053207e-07,-2.91145578531e-06
453800,2.88863505754e-07,-2.91278596979e-06
453900,2.88605190029e-07,-2.91411556404e-06
454000,2.88347106081e-07,-2.9154445665e-06
454100,2.88089253422e-07,-2.91677297967e-06
454200,2.87831631981e-07,-2.91810080291e-06
454300,2.87574241764e-07,-2.91942803498e-06
454400,2.87317082275e-07,-2.92075467845e-06
454500,2.8706015332e-07,-2.92208073363e-06
454600,2.86803454818e-07,-2.92340619993e-06
454700,2.86546986728e-07,-2.92473107646e-06
454800,2.86290748356e-07,-2.92605536735e-06
454900,2.8603473981e-07,-2.92737907057e-06
455000,2.85778960989e-07,-2.9287021857e-06
455100,2.85523411546e-07,-2.93002471421e-06
455200,2.85268091171e-07,-2.93134665726e-06
455300,2.85012999712e-07,-2.93266801484e-06
455400,2.84758137198e-07,-2.93398878553e-06
455500,2.84503503103e-07,-2.93530897217e-06
455600,2.84249097377e-07,-2.93662857396e-06
455700,2.83994919934e-07,-2.93794759035e-06
455800,2.83740970391e-07,-2.93926602311e-06
455900,2.83487248608e-07,-2.94058387211e-06
456000,2.83233754135e-07,-2.94190113964e-06
456100,2.82980487238e-07,-2.94321782244e-06
456200,2.82727447508e-07,-2.94453392247e-06
456300,2.82474634525e-07,-2.9458494418e-06
456400,2.82222048191e-07,-2.94716437996e-06
456500,2.81969688625e-07,-2.94847873486e-06
456600,2.81717555272e-07,-2.9497925096e-06
456700,2.81465647961e-07,-2.9511057043e-06
456800,2.81213966603e-07,-2.95241831847e-06
456900,2.80962510977e-07,-2.9537303526e-06
457000,2.80711280731e-07,-2.95504180825e-06
457100,2.80460275945e-07,-2.95635268361e-06
457200,2.80209496132e-07,-2.95766298125e-06
457300,2.7995894142e-07,-2.95897269899e-06
457400,2.79708611193e-07,-2.96028184043e-06
457500,2.79458505598e-07,-2.96159040322e-06
457600,2.7920862419e-07,-2.96289838965e-06
457700,2.78958966831e-07,-2.96420579959e-06
457800,2.78709533484e-07,-2.96551263214e-06
457900,2.78460323806e-07,-2.96681888878e-06
458000,2.78211337491e-07,-2.96812457071e-06
458100,2.77962574604e-07,-2.96942967622e-06
458200,2.77714034782e-07,-2.97073420696e-06
458300,2.77465717816e-07,-2.97203816337e-06
458400,2.77217623616e-07,-2.97334154496e-06
458500,2.76969751918e-07,-2.97464435261e-06
458600,2.76722102368e-07,-2.9759465879e-06
458700,2.76474674987e-07,-2.97724824947e-06
458800,2.76227469519e-07,-2.97854933814e-06
458900,2.75980485688e-07,-2.97984985488e-06
459000,2.75733723374e-07,-2.98114979945e-06
459100,2.75487182326e-07,-2.98244917262e-06
459200,2.75240862434e-07,-2.98374797406e-06
459300,2.74994763267e-07,-2.98504620599e-06
459400,2.74748885047e-07,-2.98634386544e-06
459500,2.74503227208e-07,-2.9876409557e-06
459600,2.74257789769e-07,-2.98893747543e-06
459700,2.74012572283e-07,-2.99023342695e-06
459800,2.73767574888e-07,-2.99152880799e-06
459900,2.73522797122e-07,-2.99282362101e-06
460000,2.73278238772e-07,-2.9941178665e-06
460100,2.73033899762e-07,-2.99541154387e-06
460200,2.72789780013e-07,-2.99670465255e-06
460300,2.72545879114e-07,-2.9979971946e-06
460400,2.72302196924e-07,-2.99928916996e-06
460500,2.72058733287e-07,-3.00058057867e-06
460600,2.71815487886e-07,-3.00187142206e-06
460700,2.71572460777e-07,-3.00316169848e-06
460800,2.71329651589e-07,-3.0044514097e-06
460900,2.71087060061e-07,-3.0057405566e-06
461000,2.70844686003e-07,-3.00702913952e-06
461100,2.70602529476e-07,-3.00831715674e-06
461200,2.703605901e-07,-3.00960461013e-06
461300,2.70118867718e-07,-3.01089149975e-06
461400,2.69877361962e-07,-3.01217782734e-06
461500,2.69636072905e-07,-3.01346359112e-06
461600,2.69395000203e-07,-3.01474879266e-06
461700,2.69154143774e-07,-3.01603343142e-06
461800,2.6891350313e-07,-3.01731751011e-06
461900,2.68673078502e-07,-3.01860102569e-06
462000,2.68432869334e-07,-3.01988398143e-06
462100,2.68192875834e-07,-3.02116637446e-06
462200,2.67953097318e-07,-3.02244820909e-06
462300,2.67713533714e-07,-3.02372948471e-06
462400,2.67474185178e-07,-3.02501019887e-06
462500,2.67235051348e-07,-3.02629035328e-06
462600,2.66996131948e-07,-3.02756994898e-06
462700,2.66757426577e-07,-3.028848988e-06
462800,2.66518935448e-07,-3.03012746745e-06
462900,2.662806582e-07,-3.03140538903e-06
463000,2.66042594652e-07,-3.03268275303e-06
463100,2.65804744464e-07,-3.03395956099e-06
463200,2.65567107813e-07,-3.03523581028e-06
463300,2.65329684109e-07,-3.0365115045e-06
463400,2.65092473314e-07,-3.03778664276e-06
463500,2.64855475164e-07,-3.03906122601e-06
463600,2.6461868976e-07,-3.04033525223e-06
463700,2.64382116626e-07,-3.04160872409e-06
463800,2.64145755714e-07,-3.0428816408e-06
463900,2.63909606621e-07,-3.04415400443e-06
464000,2.63673669229e-07,-3.04542581477e-06
464100,2.6343794384e-07,-3.04669706813e-06
464200,2.6320242943e-07,-3.04796777169e-06
464300,2.62967126381e-07,-3.04923792114e-06
464400,2.62732034342e-07,-3.05050751814e-06
464500,2.62497153054e-07,-3.05177656362e-06
464600,2.62262482512e-07,-3.05304505642e-06
464700,2.62028022376e-07,-3.05431299813e-06
464800,2.61793772522e-07,-3.05558038858e-06
464900,2.61559732644e-07,-3.05684722908e-06
465000,2.61325902839e-07,-3.05811351763e-06
465100,2.61092282667e-07,-3.05937925665e-06
465200,2.60858871842e-07,-3.0606444473e-06
465300,2.60625670522e-07,-3.06190908709e-06
465400,2.60392678383e-07,-3.06317317747e-06
465500,2.60159895057e-07,-3.0644367203e-06
465600,2.59927320444e-07,-3.0656997152e-06
465700,2.59694954536e-07,-3.06696216103e-06
465800,2.59462796873e-07,-3.06822406041e-06
465900,2.59230847488e-07,-3.06948541185e-06
466000,2.58999106286e-07,-3.07074621496e-06
466100,2.58767572595e-07,-3.07200647409e-06
466200,2.58536246693e-07,-3.07326618574e-06
466300,2.58305128192e-07,-3.07452535194e-06
466400,2.58074216908e-07,-3.07578397302e-06
466500,2.57843512883e-07,-3.07704204743e-06
466600,2.5761301571e-07,-3.07829957735e-06
466700,2.57382725215e-07,-3.07955656302e-06
466800,2.57152641139e-07,-3.08081300542e-06
466900,2.56922763558e-07,-3.08206890271e-06
467000,2.56693091955e-07,-3.083324258e-06
467100,2.56463626523e-07,-3.08457906848e-06
467200,2.56234366709e-07,-3.08583333758e-06
467300,2.56005312497e-07,-3.08708706422e-06
467400,2.55776463788e-07,-3.08834024804e-06
467500,2.55547820316e-07,-3.08959289006e-06
467600,2.55319381719e-07,-3.09084499212e-06
467700,2.55091148225e-07,-3.09209655111e-06
467800,2.54863119293e-07,-3.09334757036e-06
467900,2.54635294783e-07,-3.09459804985e-06
468000,2.54407674756e-07,-3.09584798789e-06
468100,2.54180258765e-07,-3.097097387e-06
468200,2.53953046639e-07,-3.09834624745e-06
468300,2.53726038422e-07,-3.09959456765e-06
468400,2.53499233673e-07,-3.10084235013e-06
468500,2.53272632344e-07,-3.1020895941e-06
468600,2.53046234227e-07,-3.1033363001e-06
468700,2.52820039237e-07,-3.10458246766e-06
468800,2.52594047032e-07,-3.10582809846e-06
468900,2.52368257473e-07,-3.10707319248e-06
469000,2.52142670397e-07,-3.10831774991e-06
469100,2.51917285657e-07,-3.10956177078e-06
469200,2.51692102935e-07,-3.1108052566e-06
469300,2.51467122338e-07,-3.11204820525e-06
469400,2.51242343331e-07,-3.11329062008e-06
469500,2.51017765929e-07,-3.11453249976e-06
469600,2.50793390024e-07,-3.11577384401e-06
469700,2.50569215359e-07,-3.11701465381e-06
469800,2.50345241574e-07,-3.11825493104e-06
469900,2.50121468875e-07,-3.11949467272e-06
470000,2.49897896483e-07,-3.12073388431e-06
470100,2.49674525012e-07,-3.12197255938e-06
470200,2.49451353639e-07,-3.12321070373e-06
470300,2.49228382517e-07,-3.12444831487e-06
470400,2.49005611253e-07,-3.12568539495e-06
470500,2.48783039817e-07,-3.12692194304e-06
470600,2.48560667859e-07,-3.12815796093e-06
470700,2.48338495338e-07,-3.12939344776e-06
470800,2.48116522173e-07,-3.13062840305e-06
470900,2.4789474811e-07,-3.13186282776e-06
471000,2.47673172882e-07,-3.13309672299e-06
471100,2.47451796229e-07,-3.13433008977e-06
471200,2.47230618275e-07,-3.13556292583e-06
471300,2.47009638715e-07,-3.13679523261e-06
471400,2.46788857115e-07,-3.13802701262e-06
471500,2.46568273548e-07,-3.13925826406e-06
471600,2.46347887917e-07,-3.14048898655e-06
471700,2.46127699802e-07,-3.14171918252e-06
471800,2.45907709283e-07,-3.14294885009e-06
471900,2.45687915964e-07,-3.14417799145e-06
472000,2.45468319855e-07,-3.14540660535e-06
472100,2.45248920481e-07,-3.14663469466e-06
472200,2.45029718176e-07,-3.14786225534e-06
472300,2.4481071214e-07,-3.14908929307e-06
472400,2.44591902746e-07,-3.15031580345e-06
472500,2.44373289309e-07,-3.15154179121e-06
472600,2.44154872169e-07,-3.15276725219e-06
472700,2.4393665063e-07,-3.15399219126e-06
472800,2.43718625118e-07,-3.15521660351e-06
472900,2.43500794914e-07,-3.15644049399e-06
473000,2.43283160158e-07,-3.15766386028e-06
473100,2.43065720612e-07,-3.15888670325e-06
473200,2.42848475925e-07,-3.16010902478e-06
473300,2.42631426167e-07,-3.16133082304e-06
473400,2.42414571062e-07,-3.16255209926e-06
473500,2.42197910311e-07,-3.16377285483e-06
473600,2.4198144398e-07,-3.16499308799e-06
473700,2.41765171725e-07,-3.16621280053e-06
473800,2.41549093384e-07,-3.1674319927e-06
473900,2.41333208962e-07,-3.16865066324e-06
474000,2.41117517871e-07,-3.1698688161e-06
474100,2.40902020519e-07,-3.17108644651e-06
474200,2.40686716185e-07,-3.1723035596e-06
474300,2.40471605185e-07,-3.17352015139e-06
474400,2.40256686859e-07,-3.17473622649e-06
474500,2.40041961481e-07,-3.17595178129e-06
474600,2.39827428354e-07,-3.17716682072e-06
474700,2.39613087922e-07,-3.17838133967e-06
474800,2.39398939661e-07,-3.17959534158e-06
474900,2.39184983179e-07,-3.18080882868e-06
475000,2.3897121893e-07,-3.18202179578e-06
475100,2.3875764623e-07,-3.18323424772e-06
475200,2.38544265039e-07,-3.18444618366e-06
475300,2.38331075074e-07,-3.18565760489e-06
475400,2.38118076659e-07,-3.18686850736e-06
475500,2.37905268957e-07,-3.18807889728e-06
475600,2.37692652222e-07,-3.1892887712e-06
475700,2.37480226113e-07,-3.19049813094e-06
475800,2.37267990592e-07,-3.19170697564e-06
475900,2.37055945184e-07,-3.19291530833e-06
476000,2.36844090208e-07,-3.19412312497e-06
476100,2.36632425018e-07,-3.19533043011e-06
476200,2.36420949837e-07,-3.19653722057e-06
476300,2.3620966421e-07,-3.19774349919e-06
476400,2.35998567949e-07,-3.19894926646e-06
476500,2.35787661146e-07,-3.20015452036e-06
476600,2.35576943531e-07,-3.2013592621e-06
476700,2.3536641477e-07,-3.20256349347e-06
476800,2.35156074729e-07,-3.20376721445e-06
476900,2.34945923486e-07,-3.20497042318e-06
477000,2.34735960571e-07,-3.20617312263e-06
477100,2.34526186062e-07,-3.20737531094e-06
477200,2.34316599707e-07,-3.20857698913e-06
477300,2.34107201126e-07,-3.20977815944e-06
477400,2.33897990502e-07,-3.21097881903e-06
477500,2.33688967552e-07,-3.21217896924e-06
477600,2.33480131767e-07,-3.21337861343e-06
477700,2.33271483387e-07,-3.21457774826e-06
477800,2.33063022254e-07,-3.21577637396e-06
477900,2.32854748057e-07,-3.21697449212e-06
478000,2.32646660499e-07,-3.21817210422e-06
478100,2.32438759617e-07,-3.21936920873e-06
478200,2.3223104527e-07,-3.22056580574e-06
478300,2.32023517041e-07,-3.22176189779e-06
478400,2.31816174933e-07,-3.22295748368e-06
478500,2.31609018977e-07,-3.22415256193e-06
478600,2.31402048525e-07,-3.22534713719e-06
478700,2.31195263705e-07,-3.22654120712e-06
478800,2.30988664534e-07,-3.22773477036e-06
478900,2.30782250575e-07,-3.22892782968e-06
479000,2.30576021602e-07,-3.23012038594e-06
479100,2.30369977831e-07,-3.23131243597e-06
479200,2.30164118512e-07,-3.23250398539e-06
479300,2.29958443988e-07,-3.23369502988e-06
479400,2.2975295383e-07,-3.23488557217e-06
479500,2.29547648105e-07,-3.23607561043e-06
479600,2.29342526285e-07,-3.23726514828e-06
479700,2.29137588506e-07,-3.23845418329e-06
479800,2.2893283451e-07,-3.23964271661e-06
479900,2.2872826425e-07,-3.24083074748e-06
480000,2.28523877349e-07,-3.24201827813e-06
480100,2.28319673814e-07,-3.24320530733e-06
480200,2.28115653241e-07,-3.24439183755e-06
480300,2.27911815912e-07,-3.24557786502e-06
480400,2.27708161126e-07,-3.24676339498e-06
480500,2.27504689015e-07,-3.24794842501e-06
480600,2.27301399409e-07,-3.24913295548e-06
480700,2.27098292068e-07,-3.25031698739e-06
480800,2.26895367083e-07,-3.25150051873e-06
480900,2.26692623838e-07,-3.25268355393e-06
481000,2.26490062436e-07,-3.25386609088e-06
481100,2.26287682785e-07,-3.25504812921e-06
481200,2.26085484618e-07,-3.2562296702e-06
481300,2.25883467745e-07,-3.25741071439e-06
481400,2.2568163211e-07,-3.25859126112e-06
481500,2.2547997732e-07,-3.2597713128e-06
481600,2.25278503393e-07,-3.26095086808e-06
481700,2.25077210202e-07,-3.26212992695e-06
481800,2.24876097609e-07,-3.26330848947e-06
481900,2.24675165188e-07,-3.26448655839e-06
482000,2.24474413197e-07,-3.26566413014e-06
482100,2.24273841004e-07,-3.26684120938e-06
482200,2.24073448878e-07,-3.26801779241e-06
482300,2.23873236415e-07,-3.2691938818e-06
482400,2.23673203475e-07,-3.27036947764e-06
482500,2.23473350055e-07,-3.27154457876e-06
482600,2.23273675703e-07,-3.27271918817e-06
482700,2.23074180348e-07,-3.27389330536e-06
482800,2.22874864054e-07,-3.27506692851e-06
482900,2.22675726335e-07,-3.27624006096e-06
483000,2.22476767432e-07,-3.27741269929e-06
483100,2.22277986727e-07,-3.27858484806e-06
483200,2.22079384462e-07,-3.27975650381e-06
483300,2.21880960325e-07,-3.28092766826e-06
483400,2.21682714004e-07,-3.28209834314e-06
483500,2.21484645609e-07,-3.28326852622e-06
483600,2.2128675469e-07,-3.28443822052e-06
483700,2.21089041153e-07,-3.28560742574e-06
483800,2.20891505154e-07,-3.28677613922e-06
483900,2.20694146201e-07,-3.28794436437e-06
484000,2.20496964274e-07,-3.28911210019e-06
484100,2.20299959112e-07,-3.29027934794e-06
484200,2.20103130686e-07,-3.29144610669e-06
484300,2.19906478747e-07,-3.29261237761e-06
484400,2.19710003224e-07,-3.29377816016e-06
484500,2.19513703879e-07,-3.29494345539e-06
484600,2.19317580427e-07,-3.29610826479e-06
484700,2.19121633121e-07,-3.29727258479e-06
484800,2.18925861313e-07,-3.29843642031e-06
484900,2.18730265196e-07,-3.29959976834e-06
485000,2.18534844416e-07,-3.30076263101e-06
485100,2.18339598801e-07,-3.30192500878e-06
485200,2.18144528328e-07,-3.30308690066e-06
485300,2.17949632975e-07,-3.30424830568e-06
485400,2.17754912344e-07,-3.3054092264e-06
485500,2.17560366309e-07,-3.30656966284e-06
485600,2.17365994604e-07,-3.30772961631e-06
485700,2.17171797408e-07,-3.30888908396e-06
485800,2.16977774351e-07,-3.31004806806e-06
485900,2.16783925053e-07,-3.31120657107e-06
486000,2.16590249871e-07,-3.31236458839e-06
486100,2.16396748229e-07,-3.31352212432e-06
486200,2.16203420119e-07,-3.31467917773e-06
486300,2.16010265302e-07,-3.3158357497e-06
486400,2.15817283932e-07,-3.31699183761e-06
486500,2.15624475559e-07,-3.31814744452e-06
486600,2.15431840092e-07,-3.31930257014e-06
486700,2.15239377268e-07,-3.32045721577e-06
486800,2.150470873e-07,-3.32161137819e-06
486900,2.14854969577e-07,-3.32276506205e-06
487000,2.14663023996e-07,-3.32391826716e-06
487100,2.14471250805e-07,-3.32507098995e-06
487200,2.14279649509e-07,-3.32622323397e-06
487300,2.14088220041e-07,-3.32737499868e-06
487400,2.13896962145e-07,-3.32852628534e-06
487500,2.13705875935e-07,-3.32967709166e-06
487600,2.13514960988e-07,-3.33082742053e-06
487700,2.13324217248e-07,-3.3319772713e-06
487800,2.13133644567e-07,-3.3331266442e-06
487900,2.12943242961e-07,-3.33427553789e-06
488000,2.12753012031e-07,-3.33542395501e-06
488100,2.12562951513e-07,-3.33657189693e-06
488200,2.12373061696e-07,-3.33771935967e-06
488300,2.12183341854e-07,-3.33886634906e-06
488400,2.11993792446e-07,-3.34001285947e-06
488500,2.1180441293e-07,-3.34115889496e-06
488600,2.11615203076e-07,-3.34230445654e-06
488700,2.11426163041e-07,-3.34344954153e-06
488800,2.11237292648e-07,-3.34459415045e-06
488900,2.11048591561e-07,-3.34573828537e-06
489000,2.10860059758e-07,-3.34688194531e-06
489100,2.10671696868e-07,-3.34802513268e-06
489200,2.10483503123e-07,-3.34916784403e-06
489300,2.10295477869e-07,-3.35031008457e-06
489400,2.10107621347e-07,-3.35145185073e-06
489500,2.09919933276e-07,-3.35259314407e-06
489600,2.09732413629e-07,-3.35373396366e-06
489700,2.0954506215e-07,-3.35487431083e-06
489800,2.09357878563e-07,-3.35601418706e-06
489900,2.09170862851e-07,-3.35715359133e-06
490000,2.08984015032e-07,-3.35829252229e-06
490100,2.08797334633e-07,-3.35943098337e-06
490200,2.0861082161e-07,-3.36056897381e-06
490300,2.08424476112e-07,-3.36170649097e-06
490400,2.08238297406e-07,-3.36284354083e-06
490500,2.08052285791e-07,-3.36398011929e-06
490600,2.07866440931e-07,-3.36511622846e-06
490700,2.07680762655e-07,-3.36625186882e-06
490800,2.07495251192e-07,-3.36738703693e-06
490900,2.07309905754e-07,-3.36852173936e-06
491000,2.07124726817e-07,-3.36965597024e-06
491100,2.06939713836e-07,-3.37078973374e-06
491200,2.06754866846e-07,-3.37192302834e-06
491300,2.06570185538e-07,-3.37305585589e-06
491400,2.06385669745e-07,-3.37418821686e-06
491500,2.06201319592e-07,-3.37532010882e-06
491600,2.06017134784e-07,-3.3764515335e-06
491700,2.05833115145e-07,-3.37758249146e-06
491800,2.05649260343e-07,-3.37871298478e-06
491900,2.05465570578e-07,-3.37984301032e-06
492000,2.05282045412e-07,-3.38097257122e-06
492100,2.0509868507e-07,-3.38210166405e-06
492200,2.04915488949e-07,-3.38323029363e-06
492300,2.04732457299e-07,-3.38435845629e-06
492400,2.0454958965e-07,-3.38548615549e-06
492500,2.0436688608e-07,-3.38661338928e-06
492600,2.0418434622e-07,-3.38774016016e-06
492700,2.04001970088e-07,-3.38886646674e-06
492800,2.03819757729e-07,-3.38999230741e-06
492900,2.03637708586e-07,-3.39111768651e-06
493000,2.03455822742e-07,-3.39224260206e-06
493100,2.03274099945e-07,-3.39336705536e-06
493200,2.0309254021e-07,-3.3944910451e-06
493300,2.02911143247e-07,-3.39561457297e-06
493400,2.02729909072e-07,-3.39673763764e-06
493500,2.02548837243e-07,-3.39786024234e-06
493600,2.02367927861e-07,-3.39898238487e-06
493700,2.02187180794e-07,-3.40010406539e-06
493800,2.0200659572e-07,-3.40122528593e-06
493900,2.01826172697e-07,-3.40234604472e-06
494000,2.01645911382e-07,-3.40346634402e-06
494100,2.01465811885e-07,-3.40458618154e-06
494200,2.01285873676e-07,-3.40570556143e-06
494300,2.01106097023e-07,-3.40682447982e-06
494400,2.0092648149e-07,-3.40794293989e-06
494500,2.00747027054e-07,-3.40906094071e-06
494600,2.00567733511e-07,-3.41017848315e-06
494700,2.00388600748e-07,-3.41129556714e-06
494800,2.0020962869e-07,-3.41241219229e-06
494900,2.00030817153e-07,-3.41352835926e-06
495000,1.99852165991e-07,-3.41464406835e-06
495100,1.99673675069e-07,-3.41575931973e-06
495200,1.9949534407e-07,-3.41687411543e-06
495300,1.99317173109e-07,-3.41798845309e-06
495400,1.99139161795e-07,-3.41910233552e-06
495500,1.98961310151e-07,-3.42021576128e-06
495600,1.98783618108e-07,-3.4213287299e-06
495700,1.98606085509e-07,-3.42244124178e-06
495800,1.98428711984e-07,-3.42355329951e-06
495900,1.98251497585e-07,-3.42466490137e-06
496000,1.98074441894e-07,-3.42577605044e-06
496100,1.97897545249e-07,-3.42688674208e-06
496200,1.97720807122e-07,-3.42799698051e-06
496300,1.97544227607e-07,-3.42910676357e-06
496400,1.97367806215e-07,-3.43021609509e-06
496500,1.97191543191e-07,-3.43132497137e-06
496600,1.97015438224e-07,-3.43243339441e-06
496700,1.96839491171e-07,-3.43354136449e-06
496800,1.96663701993e-07,-3.43464888081e-06
496900,1.96488070404e-07,-3.43575594516e-06
497000,1.96312596299e-07,-3.4368625574e-06
497100,1.96137279639e-07,-3.43796871675e-06
497200,1.95962120126e-07,-3.4390744251e-06
497300,1.95787117445e-07,-3.44017968451e-06
497400,1.95612272039e-07,-3.44128448922e-06
497500,1.95437583388e-07,-3.44238884342e-06
497600,1.95263051492e-07,-3.44349274592e-06
497700,1.95088675861e-07,-3.44459620057e-06
497800,1.94914456791e-07,-3.44569920317e-06
497900,1.94740394021e-07,-3.4468017552e-06
498000,1.94566487167e-07,-3.44790385947e-06
498100,1.94392736303e-07,-3.44900551401e-06
498200,1.94219141261e-07,-3.45010671939e-06
498300,1.94045701956e-07,-3.4512074753e-06
498400,1.93872418074e-07,-3.45230778382e-06
498500,1.93699289618e-07,-3.45340764373e-06
498600,1.93526316573e-07,-3.45450705401e-06
498700,1.93353498551e-07,-3.4556060175e-06
498800,1.93180835615e-07,-3.45670453236e-06
498900,1.93008327465e-07,-3.45780260053e-06
499000,1.92835974096e-07,-3.45890022089e-06
499100,1.92663775142e-07,-3.45999739605e-06
499200,1.92491730535e-07,-3.46109412555e-06
499300,1.9231984026e-07,-3.46219040837e-06
499400,1.92148104247e-07,-3.46328624404e-06
499500,1.91976522217e-07,-3.46438163432e-06
499600,1.91805093901e-07,-3.46547658081e-06
499700,1.91633819549e-07,-3.46657107973e-06
499800,1.91462698787e-07,-3.46766513381e-06
499900,1.91291731413e-07,-3.46875874398e-06
500000,1.9112091732e-07,-3.46985191018e-06
500100,1.9095025651e-07,-3.4709446312e-06
500200,1.90779748805e-07,-3.47203690775e-06
500300,1.906093938e-07,-3.47312874288e-06
500400,1.90439191688e-07,-3.47422013339e-06
500500,1.90269142172e-07,-3.47531108122e-06
500600,1.90099245094e-07,-3.47640158686e-06
500700,1.8992950055e-07,-3.47749164811e-06
500800,1.89759908002e-07,-3.47858126944e-06
500900,1.89590467698e-07,-3.4796704471e-06
501000,1.89421179421e-07,-3.48075918216e-06
501100,1.89252042952e-07,-3.48184747576e-06
501200,1.89083058016e-07,-3.48293532964e-06
501300,1.88914224701e-07,-3.48402274167e-06
501400,1.88745542897e-07,-3.48510971185e-06
501500,1.88577012232e-07,-3.48619624292e-06
501600,1.88408632615e-07,-3.48728233468e-06
501700,1.882404041e-07,-3.48836798537e-06
501800,1.88072326453e-07,-3.48945319631e-06
501900,1.87904399505e-07,-3.49053796809e-06
502000,1.87736623296e-07,-3.49162229912e-06
502100,1.87568997512e-07,-3.49270619155e-06
502200,1.87401521989e-07,-3.49378964595e-06
502300,1.8723419664e-07,-3.49487266207e-06
502400,1.87067021337e-07,-3.49595524008e-06
502500,1.86899996e-07,-3.49703737968e-06
502600,1.86733120386e-07,-3.49811908226e-06
502700,1.8656639453e-07,-3.49920034627e-06
502800,1.86399818102e-07,-3.50028117407e-06
502900,1.86233391032e-07,-3.50136156522e-06
503000,1.86067113356e-07,-3.50244151815e-06
503100,1.85900984678e-07,-3.50352103595e-06
503200,1.85735004945e-07,-3.50460011796e-06
503300,1.85569174307e-07,-3.50567876144e-06
503400,1.85403492175e-07,-3.50675697151e-06
503500,1.85237958518e-07,-3.50783474731e-06
503600,1.85072573614e-07,-3.50891208471e-06
503700,1.84907336752e-07,-3.50998899014e-06
503800,1.84742248236e-07,-3.51106545918e-06
503900,1.84577307666e-07,-3.51214149494e-06
504000,1.84412515149e-07,-3.51321709509e-06
504100,1.84247870294e-07,-3.51429226268e-06
504200,1.84083373087e-07,-3.51536699667e-06
504300,1.83919023572e-07,-3.51644129542e-06
504400,1.83754821316e-07,-3.51751516242e-06
504500,1.83590766367e-07,-3.51858859597e-06
504600,1.834268585e-07,-3.51966159733e-06
504700,1.83263097618e-07,-3.52073416638e-06
504800,1.83099483602e-07,-3.52180630322e-06
504900,1.82936016377e-07,-3.52287800751e-06
505000,1.8277269556e-07,-3.52394928219e-06
505100,1.82609521367e-07,-3.52502012377e-06
505200,1.82446493558e-07,-3.52609053367e-06
505300,1.82283611817e-07,-3.52716051414e-06
505400,1.82120876252e-07,-3.52823006284e-06
505500,1.8195828652e-07,-3.52929918232e-06
505600,1.81795842568e-07,-3.53036787199e-06
505700,1.81633544555e-07,-3.53143612893e-06
505800,1.81471391865e-07,-3.53250395868e-06
505900,1.81309384456e-07,-3.53357136054e-06
506000,1.81147522625e-07,-3.53463833007e-06
506100,1.80985805849e-07,-3.53570487182e-06
506200,1.80824234108e-07,-3.53677098484e-06
506300,1.80662807375e-07,-3.53783666823e-06
506400,1.80501525292e-07,-3.53890192475e-06
506500,1.80340387768e-07,-3.53996675422e-06
506600,1.8017939485e-07,-3.54103115494e-06
506700,1.8001854622e-07,-3.54209512923e-06
506800,1.7985784191e-07,-3.54315867558e-06
506900,1.79697281692e-07,-3.54422179529e-06
507000,1.79536865447e-07,-3.54528448852e-06
507100,1.79376593115e-07,-3.54634675475e-06
507200,1.79216464467e-07,-3.54740859532e-06
507300,1.79056479492e-07,-3.54847000917e-06
507400,1.78896638038e-07,-3.54953099681e-06
507500,1.78736939851e-07,-3.55059155986e-06
507600,1.78577384731e-07,-3.55165169937e-06
507700,1.78417972891e-07,-3.5527114118e-06
507800,1.78258703973e-07,-3.55377069995e-06
507900,1.78099577901e-07,-3.55482956346e-06
508000,1.77940594448e-07,-3.55588800369e-06
508100,1.77781753648e-07,-3.55694601909e-06
508200,1.77623055244e-07,-3.55800361132e-06
508300,1.77464499254e-07,-3.55906077902e-06
508400,1.77306085455e-07,-3.56011752349e-06
508500,1.77147813564e-07,-3.5611738467e-06
508600,1.76989683783e-07,-3.56222974522e-06
508700,1.76831695636e-07,-3.56328522319e-06
508800,1.76673849308e-07,-3.56434027736e-06
508900,1.76516144492e-07,-3.56539491e-06
509000,1.76358581239e-07,-3.56644911935e-06
509100,1.76201159004e-07,-3.56750291032e-06
509200,1.76043878048e-07,-3.56855627882e-06
509300,1.75886738229e-07,-3.56960922529e-06
509400,1.75729739268e-07,-3.57066175164e-06
509500,1.75572881197e-07,-3.57171385637e-06
509600,1.7541616372e-07,-3.57276554158e-06
509700,1.75259586818e-07,-3.57381680636e-06
509800,1.75103150271e-07,-3.57486765197e-06
509900,1.74946854e-07,-3.57591807814e-06
510000,1.74790698022e-07,-3.57696808351e-06
510100,1.74634682004e-07,-3.57801767063e-06
510200,1.74478805924e-07,-3.57906683859e-06
510300,1.74323069506e-07,-3.58011558932e-06
510400,1.74167472999e-07,-3.58116391885e-06
510500,1.740120159e-07,-3.58221183167e-06
510600,1.73856698226e-07,-3.58325932641e-06
510700,1.73701519741e-07,-3.58430640457e-06
510800,1.73546480466e-07,-3.58535306473e-06
510900,1.73391580415e-07,-3.58639930558e-06
511000,1.73236819082e-07,-3.58744513166e-06
511100,1.73082196587e-07,-3.58849054044e-06
511200,1.72927712685e-07,-3.58953553353e-06
511300,1.7277336743e-07,-3.59058010913e-06
511400,1.72619160583e-07,-3.59162426879e-06
511500,1.72465091871e-07,-3.59266801444e-06
511600,1.72311161518e-07,-3.59371134236e-06
511700,1.72157369067e-07,-3.59475425656e-06
511800,1.72003714788e-07,-3.59579675283e-06
511900,1.71850197862e-07,-3.59683883929e-06
512000,1.71696818904e-07,-3.59788050778e-06
512100,1.71543577639e-07,-3.59892176027e-06
512200,1.71390473734e-07,-3.59996259937e-06
512300,1.71237506881e-07,-3.60100302743e-06
512400,1.71084677304e-07,-3.60204304071e-06
512500,1.70931985022e-07,-3.60308263786e-06
512600,1.70779429256e-07,-3.60412182657e-06
512700,1.70627010507e-07,-3.60516059998e-06
512800,1.70474728542e-07,-3.60619895956e-06
512900,1.70322583058e-07,-3.60723690762e-06
513000,1.70170574123e-07,-3.60827444221e-06
513100,1.70018701274e-07,-3.60931156748e-06
513200,1.69866964893e-07,-3.61034827786e-06
513300,1.69715364345e-07,-3.61138457949e-06
513400,1.6956389996e-07,-3.6124204674e-06
513500,1.69412571366e-07,-3.6134559447e-06
513600,1.69261378317e-07,-3.61449101306e-06
513700,1.69110321052e-07,-3.61552566855e-06
513800,1.68959399048e-07,-3.61655991604e-06
513900,1.68808612498e-07,-3.61759375212e-06
514000,1.68657961268e-07,-3.61862717719e-06
514100,1.68507445131e-07,-3.61966019268e-06
514200,1.68357063973e-07,-3.62069279875e-06
514300,1.68206817486e-07,-3.6217249978e-06
514400,1.68056706023e-07,-3.62275678457e-06
514500,1.67906728935e-07,-3.62378816541e-06
514600,1.67756886292e-07,-3.62481913834e-06
514700,1.67607178288e-07,-3.62584969995e-06
514800,1.67457604403e-07,-3.62687985511e-06
514900,1.67308164601e-07,-3.62790960305e-06
515000,1.67158858934e-07,-3.62893894201e-06
515100,1.67009687154e-07,-3.62996787372e-06
515200,1.66860649121e-07,-3.63099639862e-06
515300,1.6671174472e-07,-3.6320245169e-06
515400,1.66562973858e-07,-3.63305222847e-06
515500,1.66414336371e-07,-3.63407953406e-06
515600,1.66265832309e-07,-3.63510643196e-06
515700,1.66117461251e-07,-3.63613292588e-06
515800,1.65969223399e-07,-3.63715901232e-06
515900,1.65821118526e-07,-3.63818469275e-06
516000,1.65673146373e-07,-3.63920996904e-06
516100,1.65525306868e-07,-3.64023484088e-06
516200,1.65377599953e-07,-3.64125930776e-06
516300,1.65230025664e-07,-3.64228336812e-06
516400,1.65082583613e-07,-3.64330702533e-06
516500,1.64935274e-07,-3.64433027587e-06
516600,1.64788095923e-07,-3.64535312918e-06
516700,1.64641050486e-07,-3.64637557112e-06
516800,1.64494136533e-07,-3.64739761412e-06
516900,1.64347354456e-07,-3.64841925239e-06
517000,1.64200703933e-07,-3.64944048859e-06
517100,1.64054184849e-07,-3.65046132288e-06
517200,1.63907797326e-07,-3.65148175269e-06
517300,1.63761541154e-07,-3.65250177929e-06
517400,1.6361541605e-07,-3.65352140488e-06
517500,1.6346942202e-07,-3.65454062823e-06
517600,1.63323558867e-07,-3.6555594505e-06
517700,1.63177826522e-07,-3.65657787135e-06
517800,1.63032224792e-07,-3.65759589188e-06
517900,1.62886753815e-07,-3.65861350933e-06
518000,1.62741413238e-07,-3.65963072669e-06
518100,1.62596202817e-07,-3.66064754571e-06
518200,1.62451122835e-07,-3.66166396185e-06
518300,1.62306172935e-07,-3.66267997821e-06
518400,1.62161352873e-07,-3.66369559651e-06
518500,1.62016662738e-07,-3.66471081454e-06
518600,1.61872102708e-07,-3.66572562902e-06
518700,1.61727671872e-07,-3.66674004962e-06
518800,1.61583370808e-07,-3.66775406831e-06
518900,1.61439198987e-07,-3.66876769023e-06
519000,1.61295156515e-07,-3.66978091295e-06
519100,1.61151243209e-07,-3.67079373751e-06
519200,1.61007459006e-07,-3.67180616349e-06
519300,1.60863803785e-07,-3.67281819118e-06
519400,1.60720277284e-07,-3.67382982253e-06
519500,1.60576879502e-07,-3.67484105643e-06
519600,1.60433610288e-07,-3.6758518935e-06
519700,1.6029046982e-07,-3.67686233047e-06
519800,1.60147457535e-07,-3.67787237291e-06
519900,1.60004573594e-07,-3.67888201774e-06
520000,1.59861817644e-07,-3.67989126803e-06
520100,1.59719189819e-07,-3.68090012102e-06
520200,1.59576689858e-07,-3.6819085787e-06
520300,1.59434317557e-07,-3.68291664235e-06
520400,1.59292072998e-07,-3.68392430983e-06
520500,1.59149956195e-07,-3.6849315798e-06
520600,1.59007966673e-07,-3.68593845683e-06
520700,1.5886610446e-07,-3.68694493945e-06
520800,1.5872436959e-07,-3.68795102606e-06
520900,1.58582761967e-07,-3.68895671668e-06
521000,1.58441281222e-07,-3.68996201461e-06
521100,1.58299927251e-07,-3.69096691994e-06
521200,1.58158700012e-07,-3.69197143202e-06
521300,1.58017599506e-07,-3.6929755497e-06
521400,1.57876625584e-07,-3.69397927362e-06
521500,1.57735777971e-07,-3.69498260596e-06
521600,1.5759505683e-07,-3.69598554357e-06
521700,1.57454461539e-07,-3.69698809286e-06
521800,1.57313992714e-07,-3.69799024518e-06
521900,1.57173649692e-07,-3.69899200745e-06
522000,1.57033432656e-07,-3.69999337628e-06
522100,1.5689334112e-07,-3.70099435642e-06
522200,1.56753375359e-07,-3.70199494337e-06
522300,1.56613535299e-07,-3.70299513688e-06
522400,1.56473820317e-07,-3.7039949434e-06
522500,1.56334230874e-07,-3.70499435615e-06
522600,1.56194766503e-07,-3.70599337965e-06
522700,1.56055427207e-07,-3.70699201274e-06
522800,1.55916212928e-07,-3.70799025496e-06
522900,1.55777123455e-07,-3.70898810773e-06
523000,1.55638158771e-07,-3.70998557011e-06
523100,1.55499318706e-07,-3.71098264304e-06
523200,1.55360603091e-07,-3.71197932744e-06
523300,1.55222011878e-07,-3.71297562272e-06
523400,1.55083545083e-07,-3.71397152754e-06
523500,1.54945202182e-07,-3.71496704721e-06
523600,1.54806983649e-07,-3.7159621747e-06
523700,1.54668888885e-07,-3.71695691627e-06
523800,1.54530917921e-07,-3.71795127038e-06
523900,1.54393070805e-07,-3.71894523526e-06
524000,1.54255347315e-07,-3.71993881251e-06
524100,1.54117747289e-07,-3.72093200298e-06
524200,1.53980270645e-07,-3.72192480652e-06
524300,1.5384291726e-07,-3.7229172235e-06
524400,1.53705687175e-07,-3.72390925226e-06
524500,1.53568580205e-07,-3.72490089392e-06
524600,1.53431596099e-07,-3.72589215047e-06
524700,1.53294734865e-07,-3.72688302063e-06
524800,1.5315799631e-07,-3.72787350565e-06
524900,1.53021380295e-07,-3.72886360611e-06
525000,1.52884886924e-07,-3.72985331956e-06
525100,1.52748515885e-07,-3.73084264873e-06
525200,1.52612267277e-07,-3.7318315912e-06
525300,1.5247614079e-07,-3.73282014973e-06
525400,1.52340136346e-07,-3.73380832411e-06
525500,1.52204253931e-07,-3.73479611336e-06
525600,1.52068493363e-07,-3.73578351861e-06
525700,1.51932854331e-07,-3.73677054259e-06
525800,1.5179733728e-07,-3.73775717857e-06
525900,1.51661941492e-07,-3.7387434344e-06
526000,1.51526667435e-07,-3.73972930306e-06
526100,1.5139151446e-07,-3.74071479152e-06
526200,1.51256482598e-07,-3.74169989824e-06
526300,1.51121572099e-07,-3.74268461893e-06
526400,1.50986782381e-07,-3.74366895976e-06
526500,1.50852113721e-07,-3.74465291609e-06
526600,1.50717565639e-07,-3.74563649279e-06
526700,1.50583138293e-07,-3.74661968675e-06
526800,1.50448831574e-07,-3.74760249815e-06
526900,1.50314645141e-07,-3.74858493014e-06
527000,1.50180579226e-07,-3.74956697868e-06
527100,1.50046633362e-07,-3.75054864848e-06
527200,1.49912807746e-07,-3.7515299359e-06
527300,1.49779102123e-07,-3.75251084302e-06
527400,1.49645516295e-07,-3.7534913712e-06
527500,1.49512050424e-07,-3.75447151722e-06
527600,1.49378704094e-07,-3.75545128521e-06
527700,1.49245477514e-07,-3.75643067136e-06
527800,1.49112370436e-07,-3.75740967766e-06
527900,1.48979382521e-07,-3.75838830727e-06
528000,1.48846514074e-07,-3.75936655516e-06
528100,1.48713764666e-07,-3.76034442565e-06
528200,1.48581134288e-07,-3.76132191768e-06
528300,1.48448622822e-07,-3.7622990316e-06
528400,1.48316230187e-07,-3.76327576731e-06
528500,1.48183956439e-07,-3.76425212292e-06
528600,1.48051801328e-07,-3.7652281005e-06
528700,1.47919764605e-07,-3.76620370204e-06
528800,1.47787846416e-07,-3.76717892455e-06
528900,1.47656046422e-07,-3.7681537712e-06
529000,1.47524364625e-07,-3.76912824082e-06
529100,1.47392800964e-07,-3.77010233304e-06
529200,1.47261355227e-07,-3.77107604943e-06
529300,1.47130027355e-07,-3.7720493896e-06
529400,1.46998817302e-07,-3.77302235298e-06
529500,1.46867724884e-07,-3.77399494076e-06
529600,1.46736749977e-07,-3.77496715343e-06
529700,1.46605892717e-07,-3.77593898806e-06
529800,1.46475152803e-07,-3.77691044737e-06
529900,1.46344529957e-07,-3.77788153382e-06
530000,1.46214024374e-07,-3.77885224371e-06
530100,1.4608363583e-07,-3.7798225788e-06
530200,1.45953364279e-07,-3.78079253852e-06
530300,1.45823209407e-07,-3.7817621258e-06
530400,1.45693171246e-07,-3.78273133905e-06
530500,1.45563249808e-07,-3.78370017697e-06
530600,1.4543344466e-07,-3.78466864405e-06
530700,1.45303756216e-07,-3.78563673372e-06
530800,1.45174183965e-07,-3.7866044515e-06
530900,1.45044727919e-07,-3.78757179606e-06
531000,1.4491538787e-07,-3.78853876895e-06
531100,1.44786164163e-07,-3.78950536456e-06
531200,1.44657055953e-07,-3.79047159271e-06
531300,1.4452806374e-07,-3.79143744574e-06
531400,1.44399187071e-07,-3.79240292842e-06
531500,1.44270425975e-07,-3.79336803921e-06
531600,1.44141780439e-07,-3.79433277712e-06
531700,1.44013250175e-07,-3.79529714477e-06
531800,1.43884835169e-07,-3.7962611412e-06
531900,1.43756535481e-07,-3.79722476448e-06
532000,1.43628350675e-07,-3.79818801914e-06
532100,1.43500280979e-07,-3.79915090107e-06
532200,1.43372326044e-07,-3.80011341368e-06
532300,1.43244486003e-07,-3.80107555408e-06
532400,1.43116760314e-07,-3.80203732822e-06
532500,1.42989149505e-07,-3.80299872805e-06
532600,1.4286165283e-07,-3.8039597622e-06
532700,1.42734270705e-07,-3.80492042406e-06
532800,1.42607002709e-07,-3.80588071799e-06
532900,1.42479848903e-07,-3.80684064209e-06
533000,1.42352809224e-07,-3.80780019601e-06
533100,1.42225883261e-07,-3.80875938402e-06
533200,1.42099071231e-07,-3.80971820212e-06
533300,1.41972372894e-07,-3.81067665233e-06
533400,1.41845788221e-07,-3.81163473387e-06
533500,1.41719317047e-07,-3.81259244779e-06
533600,1.4159295923e-07,-3.81354979483e-06
533700,1.41466714882e-07,-3.81450677232e-06
533800,1.41340583815e-07,-3.81546338165e-06
533900,1.41214565631e-07,-3.8164196269e-06
534000,1.41088660572e-07,-3.81737550377e-06
534100,1.40962868333e-07,-3.8183310151e-06
534200,1.40837189014e-07,-3.81928615847e-06
534300,1.40711622353e-07,-3.82024093618e-06
534400,1.4058616834e-07,-3.82119534724e-06
534500,1.40460826753e-07,-3.82214939344e-06
534600,1.40335597599e-07,-3.82310307355e-06
534700,1.40210480774e-07,-3.82405638781e-06
534800,1.40085476243e-07,-3.82500933554e-06
534900,1.39960583607e-07,-3.82596192092e-06
535000,1.39835803011e-07,-3.82691414086e-06
535100,1.39711134418e-07,-3.82786599472e-06
535200,1.39586577577e-07,-3.8288174847e-06
535300,1.39462132611e-07,-3.82976860802e-06
535400,1.39337799036e-07,-3.83071937001e-06
535500,1.39213577068e-07,-3.83166976663e-06
535600,1.39089466384e-07,-3.83261980107e-06
535700,1.38965467047e-07,-3.83356947135e-06
535800,1.38841578924e-07,-3.83451877809e-06
535900,1.38717802061e-07,-3.83546771954e-06
536000,1.38594136024e-07,-3.83641630038e-06
536100,1.38470580959e-07,-3.83736451753e-06
536200,1.38347136553e-07,-3.83831237403e-06
536300,1.38223803163e-07,-3.83925986392e-06
536400,1.38100580104e-07,-3.84020699533e-06
536500,1.3797746762e-07,-3.84115376379e-06
536600,1.37854465459e-07,-3.84210017158e-06
536700,1.37731573846e-07,-3.84304621451e-06
536800,1.37608792257e-07,-3.84399189851e-06
536900,1.37486120787e-07,-3.84493722118e-06
537000,1.37363559319e-07,-3.84588218293e-06
537100,1.37241107747e-07,-3.84682678407e-06
537200,1.37118765967e-07,-3.84777102487e-06
537300,1.36996534076e-07,-3.84871490286e-06
537400,1.36874411629e-07,-3.84965842295e-06
537500,1.36752398838e-07,-3.8506015811e-06
537600,1.36630495301e-07,-3.85154438165e-06
537700,1.36508701282e-07,-3.85248681987e-06
537800,1.36387016443e-07,-3.85342889919e-06
537900,1.36265440761e-07,-3.85437061882e-06
538000,1.36143973964e-07,-3.8553119813e-06
538100,1.36022616071e-07,-3.85625298524e-06
538200,1.35901367174e-07,-3.85719362824e-06
538300,1.35780226969e-07,-3.85813391332e-06
538400,1.35659195323e-07,-3.85907384113e-06
538500,1.35538272351e-07,-3.86001340898e-06
538600,1.35417457678e-07,-3.86095262086e-06
538700,1.35296751527e-07,-3.86189147258e-06
538800,1.35176153453e-07,-3.86282996908e-06
538900,1.3505566357e-07,-3.86376810767e-06
539000,1.34935281844e-07,-3.86470588767e-06
539100,1.34815007928e-07,-3.86564331271e-06
539200,1.34694841991e-07,-3.86658037932e-06
539300,1.34574783608e-07,-3.86751709223e-06
539400,1.34454833069e-07,-3.86845344627e-06
539500,1.34334990177e-07,-3.86938944305e-06
539600,1.34215254564e-07,-3.87032508649e-06
539700,1.3409562652e-07,-3.87126037143e-06
539800,1.33976105697e-07,-3.87219530156e-06
539900,1.33856692107e-07,-3.87312987556e-06
540000,1.3373738554e-07,-3.87406409521e-06
540100,1.33618185723e-07,-3.87499796313e-06
540200,1.33499093185e-07,-3.87593147086e-06
540300,1.33380107333e-07,-3.87686462549e-06
540400,1.33261228134e-07,-3.87779742632e-06
540500,1.33142455621e-07,-3.87872987178e-06
540600,1.33023789393e-07,-3.87966196626e-06
540700,1.32905229858e-07,-3.88059370298e-06
540800,1.32786776544e-07,-3.88152508738e-06
540900,1.32668429435e-07,-3.8824561185e-06
541000,1.32550188477e-07,-3.88338679598e-06
541100,1.32432053652e-07,-3.88431711892e-06
541200,1.32314024514e-07,-3.88524709243e-06
541300,1.32196101543e-07,-3.88617670863e-06
541400,1.3207828414e-07,-3.88710597478e-06
541500,1.31960572464e-07,-3.8880348875e-06
541600,1.31842966304e-07,-3.88896344862e-06
541700,1.31725465559e-07,-3.88989165841e-06
541800,1.31608070336e-07,-3.89081951422e-06
541900,1.31490780379e-07,-3.89174701852e-06
542000,1.31373595518e-07,-3.89267417255e-06
542100,1.31256515762e-07,-3.89360097503e-06
542200,1.31139541002e-07,-3.89452742638e-06
542300,1.31022671237e-07,-3.89545352546e-06
542400,1.30905906081e-07,-3.89637927657e-06
542500,1.30789245809e-07,-3.89730467469e-06
542600,1.30672690047e-07,-3.89822972397e-06
542700,1.30556238855e-07,-3.8991544224e-06
542800,1.30439892177e-07,-3.90007876967e-06
542900,1.30323649726e-07,-3.90100276866e-06
543000,1.30207511538e-07,-3.90192641775e-06
543100,1.30091477522e-07,-3.90284971707e-06
543200,1.29975547707e-07,-3.90377266509e-06
543300,1.29859721657e-07,-3.90469526682e-06
543400,1.29743999663e-07,-3.90561751704e-06
543500,1.29628381396e-07,-3.90653941924e-06
543600,1.29512866708e-07,-3.9074609744e-06
543700,1.29397455519e-07,-3.90838218252e-06
543800,1.29282148045e-07,-3.90930303941e-06
543900,1.29166943896e-07,-3.91022354946e-06
544000,1.29051843069e-07,-3.91114371158e-06
544100,1.28936845449e-07,-3.91206352626e-06
544200,1.2882195102e-07,-3.91298299262e-06
544300,1.28707159614e-07,-3.9139021119e-06
544400,1.28592470972e-07,-3.91482088667e-06
544500,1.28477885548e-07,-3.91573930931e-06
544600,1.28363402445e-07,-3.91665739149e-06
544700,1.28249022343e-07,-3.91757512238e-06
544800,1.28134744614e-07,-3.91849250979e-06
544900,1.28020569535e-07,-3.91940954866e-06
545000,1.27906496858e-07,-3.92032624138e-06
545100,1.27792526336e-07,-3.92124259036e-06
545200,1.27678658144e-07,-3.92215859197e-06
545300,1.27564891945e-07,-3.92307424992e-06
545400,1.27451227964e-07,-3.92398955981e-06
545500,1.27337665692e-07,-3.92490452786e-06
545600,1.27224205352e-07,-3.92581914969e-06
545700,1.27110846843e-07,-3.92673342566e-06
545800,1.26997589768e-07,-3.92764736034e-06
545900,1.26884434369e-07,-3.9285609491e-06
546000,1.26771380609e-07,-3.92947419135e-06
546100,1.26658428054e-07,-3.93038709222e-06
546200,1.26545576975e-07,-3.93129964666e-06
546300,1.26432827023e-07,-3.93221185857e-06
546400,1.26320178128e-07,-3.93312372786e-06
546500,1.26207630188e-07,-3.93403525486e-06
546600,1.26095183244e-07,-3.93494643783e-06
546700,1.25982837131e-07,-3.93585727805e-06
546800,1.25870591857e-07,-3.93676777426e-06
546900,1.25758447244e-07,-3.93767792791e-06
547000,1.25646403096e-07,-3.93858774073e-06
547100,1.25534459456e-07,-3.93949721095e-06
547200,1.25422616191e-07,-3.94040633938e-06
547300,1.25310873276e-07,-3.94131512524e-06
547400,1.25199230623e-07,-3.94222356869e-06
547500,1.25087687936e-07,-3.94313167293e-06
547600,1.24976245457e-07,-3.94403943326e-06
547700,1.24864902916e-07,-3.94494685252e-06
547800,1.24753660084e-07,-3.94585393291e-06
547900,1.24642516968e-07,-3.94676067321e-06
548000,1.24531473683e-07,-3.94766707061e-06
548100,1.2442052995e-07,-3.94857312804e-06
548200,1.24309685826e-07,-3.94947884356e-06
548300,1.24198940869e-07,-3.95038422249e-06
548400,1.2408829543e-07,-3.95128925858e-06
548500,1.23977749079e-07,-3.952193957e-06
548600,1.23867301781e-07,-3.95309831713e-06
548700,1.23756953845e-07,-3.95400233331e-06
548800,1.23646704569e-07,-3.95490601472e-06
548900,1.23536554329e-07,-3.95580935471e-06
549000,1.23426502899e-07,-3.95671235548e-06
549100,1.23316549887e-07,-3.95761502167e-06
549200,1.23206695727e-07,-3.95851734576e-06
549300,1.23096940047e-07,-3.9594193321e-06
549400,1.22987282746e-07,-3.96032098105e-06
549500,1.22877723881e-07,-3.96122229066e-06
549600,1.22768263204e-07,-3.96212326344e-06
549700,1.22658900679e-07,-3.96302389883e-06
549800,1.22549652031e-07,-3.96392396223e-06
549900,1.2244050175e-07,-3.96482368245e-06
550000,1.22331449598e-07,-3.96572306186e-06
550100,1.2222249505e-07,-3.96662210716e-06
550200,1.22113638353e-07,-3.96752081351e-06
550300,1.22004879123e-07,-3.9684191855e-06
550400,1.2189621761e-07,-3.9693172183e-06
550500,1.2178765346e-07,-3.97021491604e-06
550600,1.21679186732e-07,-3.97111227673e-06
550700,1.21570817125e-07,-3.97200930372e-06
550800,1.21462544824e-07,-3.97290599311e-06
550900,1.21354369591e-07,-3.97380234734e-06
551000,1.21246291281e-07,-3.97469836746e-06
551100,1.21138310087e-07,-3.97559404943e-06
551200,1.21030425561e-07,-3.97648939884e-06
551300,1.20922637931e-07,-3.97738441116e-06
551400,1.20814946788e-07,-3.97827909137e-06
551500,1.20707352376e-07,-3.9791734347e-06
551600,1.20599854353e-07,-3.98006744516e-06
551700,1.20492452831e-07,-3.98096111992e-06
551800,1.20385147541e-07,-3.98185446192e-06
551900,1.2027793852e-07,-3.98274746945e-06
552000,1.2017082563e-07,-3.98364014349e-06
552100,1.20063808708e-07,-3.98453248536e-06
552200,1.19956887837e-07,-3.98542449268e-06
552300,1.19850062912e-07,-3.98631616589e-06
552400,1.19743333747e-07,-3.9872075067e-06
552500,1.19636700369e-07,-3.98809851356e-06
552600,1.19530162449e-07,-3.98898919033e-06
552700,1.19423720149e-07,-3.98987953342e-06
552800,1.193173734e-07,-3.99076954275e-06
552900,1.1921112187e-07,-3.99165922224e-06
553000,1.19104965724e-07,-3.99254856825e-06
553100,1.18998904719e-07,-3.99343758333e-06
553200,1.18892938947e-07,-3.99432626499e-06
553300,1.18787068117e-07,-3.99521461648e-06
553400,1.18681292166e-07,-3.99610263768e-06
553500,1.18575611076e-07,-3.99699032773e-06
553600,1.18470024724e-07,-3.99787768735e-06
553700,1.18364533455e-07,-3.99876471018e-06
553800,1.18259136491e-07,-3.99965140695e-06
553900,1.18153833922e-07,-4.00053777516e-06
554000,1.18048625898e-07,-4.00142381142e-06
554100,1.17943512342e-07,-4.00230951574e-06
554200,1.17838492925e-07,-4.00319489207e-06
554300,1.17733567706e-07,-4.00407993837e-06
554400,1.1762873666e-07,-4.00496465388e-06
554500,1.17523999613e-07,-4.00584904014e-06
554600,1.17419356441e-07,-4.00673309795e-06
554700,1.17314807044e-07,-4.00761682773e-06
554800,1.17210351385e-07,-4.00850022889e-06
554900,1.17105989598e-07,-4.00938329828e-06
555000,1.17001721332e-07,-4.01026604015e-06
555100,1.16897546454e-07,-4.01114845543e-06
555200,1.1679346515e-07,-4.01203054016e-06
555300,1.16689477036e-07,-4.01291229908e-06
555400,1.16585582245e-07,-4.01379372906e-06
555500,1.16481780805e-07,-4.01467482854e-06
555600,1.16378072299e-07,-4.01555560282e-06
555700,1.16274456724e-07,-4.01643605084e-06
555800,1.16170934205e-07,-4.01731616954e-06
555900,1.16067504397e-07,-4.01819596312e-06
556000,1.15964167489e-07,-4.01907542756e-06
556100,1.15860923023e-07,-4.01995456882e-06
556200,1.15757771448e-07,-4.02083337881e-06
556300,1.15654712277e-07,-4.02171186397e-06
556400,1.15551745343e-07,-4.02259002579e-06
556500,1.15448871044e-07,-4.02346785694e-06
556600,1.1534608878e-07,-4.02434536563e-06
556700,1.15243398715e-07,-4.02522254821e-06
556800,1.15140800789e-07,-4.02609940447e-06
556900,1.1503829485e-07,-4.02697593567e-06
557000,1.1493588097e-07,-4.02785213955e-06
557100,1.14833558699e-07,-4.02872802205e-06
557200,1.14731328456e-07,-4.02960357546e-06
557300,1.14629189609e-07,-4.03047880855e-06
557400,1.1452714259e-07,-4.03135371347e-06
557500,1.1442518705e-07,-4.03222829453e-06
557600,1.14323322824e-07,-4.03310255322e-06
557700,1.14221549988e-07,-4.03397648721e-06
557800,1.14119868381e-07,-4.03485009791e-06
557900,1.14018278181e-07,-4.0357233814e-06
558000,1.13916778893e-07,-4.03659634436e-06
558100,1.1381537065e-07,-4.03746898354e-06
558200,1.13714053335e-07,-4.03834129969e-06
558300,1.13612826903e-07,-4.03921329239e-06
558400,1.13511691295e-07,-4.04008496146e-06
558500,1.13410646449e-07,-4.04095630676e-06
558600,1.13309692069e-07,-4.04182733181e-06
558700,1.13208828173e-07,-4.04269803525e-06
558800,1.13108054927e-07,-4.0435684133e-06
558900,1.13007371863e-07,-4.04443847226e-06
559000,1.12906779206e-07,-4.04530820744e-06
559100,1.12806276711e-07,-4.04617762163e-06
559200,1.12705864505e-07,-4.04704671167e-06
559300,1.12605542241e-07,-4.04791548195e-06
559400,1.12505309898e-07,-4.04878393167e-06
559500,1.12405167526e-07,-4.04965205895e-06
559600,1.1230511494e-07,-4.05051986558e-06
559700,1.12205152064e-07,-4.05138735168e-06
559800,1.12105278884e-07,-4.05225451634e-06
559900,1.12005495181e-07,-4.05312136192e-06
560000,1.11905800906e-07,-4.05398788809e-06
560100,1.11806196088e-07,-4.05485409329e-06
560200,1.11706680741e-07,-4.05571997616e-06
560300,1.1160725445e-07,-4.0565855422e-06
560400,1.1150791729e-07,-4.05745078912e-06
560500,1.11408669586e-07,-4.05831571058e-06
560600,1.1130951044e-07,-4.05918031986e-06
560700,1.11210440414e-07,-4.06004460683e-06
560800,1.11111459264e-07,-4.06090857427e-06
560900,1.11012566894e-07,-4.06177222262e-06
561000,1.10913763098e-07,-4.06263555405e-06
561100,1.10815048034e-07,-4.06349856494e-06
561200,1.10716421236e-07,-4.06436126165e-06
561300,1.10617883284e-07,-4.06522363373e-06
561400,1.10519433392e-07,-4.0660856927e-06
561500,1.10421071819e-07,-4.0669474333e-06
561600,1.10322798737e-07,-4.06780885162e-06
561700,1.10224613556e-07,-4.06866995606e-06
561800,1.10126516416e-07,-4.06953074327e-06
561900,1.10028507358e-07,-4.07039121145e-06
562000,1.09930586143e-07,-4.07125136336e-06
562100,1.09832752693e-07,-4.07211119912e-06
562200,1.09735007051e-07,-4.07297071694e-06
562300,1.09637349016e-07,-4.07382991898e-06
562400,1.09539778477e-07,-4.0746888059e-06
562500,1.09442295519e-07,-4.0755473752e-06
562600,1.09344900144e-07,-4.07640562576e-06
562700,1.09247591962e-07,-4.07726356277e-06
562800,1.09150371012e-07,-4.0781211845e-06
562900,1.09053237325e-07,-4.07897848933e-06
563000,1.0895619081e-07,-4.07983547761e-06
563100,1.088592311e-07,-4.08069215423e-06
563200,1.08762358441e-07,-4.08154851405e-06
563300,1.08665572774e-07,-4.08240455692e-06
563400,1.08568873815e-07,-4.08326028636e-06
563500,1.08472261505e-07,-4.08411570225e-06
563600,1.08375735985e-07,-4.08497080112e-06
563700,1.08279296809e-07,-4.08582558921e-06
563800,1.0818294427e-07,-4.08668006055e-06
563900,1.08086678193e-07,-4.08753421695e-06
564000,1.07990498442e-07,-4.08838805949e-06
564100,1.07894404832e-07,-4.0892415901e-06
564200,1.07798397586e-07,-4.090094804e-06
564300,1.07702476236e-07,-4.09094770779e-06
564400,1.07606640791e-07,-4.09180030018e-06
564500,1.07510891707e-07,-4.09265257258e-06
564600,1.07415228199e-07,-4.0935045368e-06
564700,1.07319650531e-07,-4.09435618736e-06
564800,1.07224158703e-07,-4.09520752316e-06
564900,1.07128752426e-07,-4.09605854784e-06
565000,1.07033431604e-07,-4.0969092619e-06
565100,1.06938196331e-07,-4.09775966267e-06
565200,1.06843046508e-07,-4.09860975066e-06
565300,1.06747981894e-07,-4.09945952876e-06
565400,1.06653002762e-07,-4.10030899132e-06
565500,1.06558108575e-07,-4.10115814616e-06
565600,1.06463299529e-07,-4.10200698887e-06
565700,1.06368575682e-07,-4.10285551743e-06
565800,1.06273936699e-07,-4.10370373626e-06
565900,1.06179382493e-07,-4.10455164569e-06
566000,1.0608491316e-07,-4.10539924304e-06
566100,1.05990528548e-07,-4.1062465297e-06
566200,1.05896228545e-07,-4.10709350645e-06
566300,1.05802013287e-07,-4.10794016988e-06
566400,1.0570788226e-07,-4.1087865275e-06
566500,1.0561383568e-07,-4.10963257455e-06
566600,1.0551987359e-07,-4.11047830922e-06
566700,1.05425995695e-07,-4.11132373534e-06
566800,1.05332202008e-07,-4.11216885156e-06
566900,1.05238492367e-07,-4.11301365951e-06
567000,1.05144866844e-07,-4.11385815684e-06
567100,1.05051325148e-07,-4.11470234736e-06
567200,1.04957867396e-07,-4.11554622795e-06
567300,1.04864493545e-07,-4.11638979828e-06
567400,1.04771203485e-07,-4.11723305903e-06
567500,1.04677996846e-07,-4.11807601534e-06
567600,1.0458487411e-07,-4.11891865799e-06
567700,1.04491834674e-07,-4.11976099604e-06
567800,1.04398878731e-07,-4.12060302509e-06
567900,1.04306006167e-07,-4.12144474597e-06
568000,1.04213216923e-07,-4.12228615858e-06
568100,1.04120510698e-07,-4.1231272669e-06
568200,1.04027887848e-07,-4.12396806378e-06
568300,1.03935347866e-07,-4.12480855668e-06
568400,1.03842890917e-07,-4.12564874174e-06
568500,1.03750516924e-07,-4.12648861913e-06
568600,1.03658225778e-07,-4.12732818958e-06
568700,1.03566017387e-07,-4.12816745356e-06
568800,1.03473891736e-07,-4.12900641021e-06
568900,1.03381848839e-07,-4.12984505817e-06
569000,1.03289888145e-07,-4.13068340572e-06
569100,1.03198010184e-07,-4.13152144272e-06
569200,1.03106214426e-07,-4.1323591771e-06
569300,1.03014501158e-07,-4.13319660285e-06
569400,1.02922869961e-07,-4.13403372602e-06
569500,1.02831321185e-07,-4.13487053952e-06
569600,1.02739854241e-07,-4.13570705231e-06
569700,1.02648469707e-07,-4.13654325339e-06
569800,1.02557166691e-07,-4.1373791569e-06
569900,1.02465945753e-07,-4.13821475217e-06
570000,1.02374806591e-07,-4.13905004327e-06
570100,1.02283749177e-07,-4.13988502956e-06
570200,1.02192773492e-07,-4.14071971024e-06
570300,1.02101879219e-07,-4.14155408968e-06
570400,1.02011066635e-07,-4.142388162e-06
570500,1.01920335305e-07,-4.14322193356e-06
570600,1.01829685568e-07,-4.14405539745e-06
570700,1.01739117043e-07,-4.14488855908e-06
570800,1.0164862969e-07,-4.14572141807e-06
570900,1.01558223422e-07,-4.1465539748e-06
571000,1.01467898354e-07,-4.14738622619e-06
571100,1.01377654238e-07,-4.14821817538e-06
571200,1.01287491204e-07,-4.14904981906e-06
571300,1.0119740881e-07,-4.14988116374e-06
571400,1.01107407186e-07,-4.15071220608e-06
571500,1.01017486444e-07,-4.15154294302e-06
571600,1.00927646399e-07,-4.15237337667e-06
571700,1.0083788671e-07,-4.15320351184e-06
571800,1.00748207496e-07,-4.15403334537e-06
571900,1.0065860898e-07,-4.15486287225e-06
572000,1.00569090744e-07,-4.15569209865e-06
572100,1.00479652618e-07,-4.15652102643e-06
572200,1.00390294778e-07,-4.15734965142e-06
572300,1.00301017079e-07,-4.15817797504e-06
572400,1.00211819508e-07,-4.15900599643e-06
572500,1.0012270165e-07,-4.15983372169e-06
572600,1.00033664037e-07,-4.16066114045e-06
572700,9.9944705995e-08,-4.16148826336e-06
572800,9.98558279555e-08,-4.1623150818e-06
572900,9.97670296299e-08,-4.16314159969e-06
573000,9.96783108447e-08,-4.16396781898e-06
573100,9.95896717003e-08,-4.16479373679e-06
573200,9.9501111982e-08,-4.1656193558e-06
573300,9.94126316651e-08,-4.16644467532e-06
573400,9.93242307287e-08,-4.16726969463e-06
573500,9.92359090551e-08,-4.16809441468e-06
573600,9.91476666479e-08,-4.16891883431e-06
573700,9.90595031421e-08,-4.16974295884e-06
573800,9.89714191319e-08,-4.1705667767e-06
573900,9.88834138183e-08,-4.17139030086e-06
574000,9.87954873198e-08,-4.17221352814e-06
574100,9.87076399553e-08,-4.1730364518e-06
574200,9.86198713472e-08,-4.17385907742e-06
574300,9.85321812102e-08,-4.17468140891e-06
574400,9.84445698602e-08,-4.17550343961e-06
574500,9.83570370479e-08,-4.17632517281e-06
574600,9.82695827829e-08,-4.17714660725e-06
574700,9.81822069165e-08,-4.17796774445e-06
574800,9.80949094384e-08,-4.1787885835e-06
574900,9.8007690119e-08,-4.17960912737e-06
575000,9.79205492085e-08,-4.18042937052e-06
575100,9.78334863253e-08,-4.18124931862e-06
575200,9.77465016528e-08,-4.18206896731e-06
575300,9.76595949414e-08,-4.18288831993e-06
575400,9.75727660597e-08,-4.18370737772e-06
575500,9.7486015104e-08,-4.18452613786e-06
575600,9.73993419154e-08,-4.18534460208e-06
575700,9.73127463857e-08,-4.18616277122e-06
575800,9.72262287099e-08,-4.1869806407e-06
575900,9.71397885332e-08,-4.18779821574e-06
576000,9.70534259292e-08,-4.18861549393e-06
576100,9.69671407933e-08,-4.18943247605e-06
576200,9.68809329522e-08,-4.19024916409e-06
576300,9.67948023402e-08,-4.19106555814e-06
576400,9.67087490085e-08,-4.19188165618e-06
576500,9.66227730692e-08,-4.19269745509e-06
576600,9.65368739315e-08,-4.19351296439e-06
576700,9.64510519878e-08,-4.19432817592e-06
576800,9.63653069886e-08,-4.19514309308e-06
576900,9.62796389092e-08,-4.1959577152e-06
577000,9.61940474824e-08,-4.19677204599e-06
577100,9.61085330001e-08,-4.19758607911e-06
577200,9.60230951872e-08,-4.19839981842e-06
577300,9.59377340274e-08,-4.19921326309e-06
577400,9.58524493952e-08,-4.20002641431e-06
577500,9.5767241249e-08,-4.20083927173e-06
577600,9.5682109443e-08,-4.20165183687e-06
577700,9.55970540537e-08,-4.20246410728e-06
577800,9.55120748937e-08,-4.20327608523e-06
577900,9.54271719143e-08,-4.20408777052e-06
578000,9.53423450563e-08,-4.20489916311e-06
578100,9.52575943962e-08,-4.20571026053e-06
578200,9.51729195837e-08,-4.20652106804e-06
578300,9.50883208203e-08,-4.20733158087e-06
578400,9.50037980288e-08,-4.20814179934e-06
578500,9.49193509773e-08,-4.20895172656e-06
578600,9.48349795409e-08,-4.20976136371e-06
578700,9.47506838474e-08,-4.21057070737e-06
578800,9.46664637896e-08,-4.2113797584e-06
578900,9.45823191039e-08,-4.21218852051e-06
579000,9.44982501163e-08,-4.21299698664e-06
579100,9.44142562299e-08,-4.21380516662e-06
579200,9.43303379063e-08,-4.21461305091e-06
579300,9.42464946596e-08,-4.21542064729e-06
579400,9.41627267155e-08,-4.21622795055e-06
579500,9.40790338967e-08,-4.21703496283e-06
579600,9.39954160926e-08,-4.21784168507e-06
579700,9.39118733134e-08,-4.21864811599e-06
579800,9.38284054615e-08,-4.21945425627e-06
579900,9.37450123674e-08,-4.22026010795e-06
580000,9.36616942216e-08,-4.22106566642e-06
580100,9.35784506703e-08,-4.22187093709e-06
580200,9.34952818177e-08,-4.22267591696e-06
580300,9.34121875666e-08,-4.22348060672e-06
580400,9.33291678021e-08,-4.2242850074e-06
580500,9.32462224206e-08,-4.22508911981e-06
580600,9.31633515328e-08,-4.22589294082e-06
580700,9.30805549964e-08,-4.22669647196e-06
580800,9.29978327527e-08,-4.22749971321e-06
580900,9.29151844058e-08,-4.22830267082e-06
581000,9.28326103338e-08,-4.22910533669e-06
581100,9.27501104296e-08,-4.22990771171e-06
581200,9.26676843734e-08,-4.23070980072e-06
581300,9.25853324954e-08,-4.23151159649e-06
581400,9.25030540215e-08,-4.23231311231e-06
581500,9.24208495794e-08,-4.23311433543e-06
581600,9.23761852895e-08,-4.23321764771e-06
581700,9.23756851751e-08,-4.23249909912e-06
581800,9.23751855643e-08,-4.23178078825e-06
581900,9.237468634e-08,-4.23106271718e-06
582000,9.2374187831e-08,-4.23034487964e-06
582100,9.23736894591e-08,-4.22962728629e-06
582200,9.23731918539e-08,-4.22890992529e-06
582300,9.23726943518e-08,-4.22819280884e-06
582400,9.2372197487e-08,-4.2274759269e-06
582500,9.23717010247e-08,-4.22675928372e-06
582600,9.23712050403e-08,-4.22604287775e-06
582700,9.23707095301e-08,-4.22532670896e-06
582800,9.23702143668e-08,-4.22461077959e-06
582900,9.23697196221e-08,-4.22389508817e-06
583000,9.23692253563e-08,-4.22317963347e-06
583100,9.2368731648e-08,-4.22246441391e-06
583200,9.23682382029e-08,-4.22174943483e-06
583300,9.23677454022e-08,-4.22103468902e-06
583400,9.236725291e-08,-4.2203201826e-06
583500,9.23667609848e-08,-4.21960591066e-06
583600,9.23662693704e-08,-4.21889187783e-06
583700,9.2365777979e-08,-4.2181780856e-06
583800,9.23652874564e-08,-4.21746452188e-06
583900,9.23647973239e-08,-4.21675119544e-06
584000,9.23643074e-08,-4.2160381095e-06
584100,9.23638181185e-08,-4.21532525591e-06
584200,9.23633291901e-08,-4.21461263991e-06
584300,9.23628405474e-08,-4.21390026263e-06
584400,9.23623526424e-08,-4.21318811556e-06
584500,9.23618648784e-08,-4.21247620965e-06
584600,9.2361377773e-08,-4.21176453518e-06
584700,9.23608909164e-08,-4.21105309962e-06
584800,9.23604047084e-08,-4.21034189546e-06
584900,9.23599189546e-08,-4.20963092616e-06
585000,9.23594333703e-08,-4.20892019688e-06
585100,9.23589483539e-08,-4.20820970012e-06
585200,9.23584638903e-08,-4.20749943604e-06
585300,9.23579796957e-08,-4.20678940977e-06
585400,9.23574959753e-08,-4.2060796174e-06
585500,9.23570125988e-08,-4.20537006121e-06
585600,9.23565298195e-08,-4.20466073639e-06
585700,9.23560475492e-08,-4.20395164448e-06
585800,9.2355565534e-08,-4.20324279002e-06
585900,9.23550839936e-08,-4.20253416885e-06
586000,9.23546028151e-08,-4.20182578293e-06
586100,9.23541222853e-08,-4.20111762684e-06
586200,9.2353642001e-08,-4.20040970791e-06
586300,9.23531621252e-08,-4.19970202301e-06
586400,9.23526828315e-08,-4.19899456881e-06
586500,9.23522039317e-08,-4.19828734867e-06
586600,9.23517253857e-08,-4.19758036321e-06
586700,9.2351247314e-08,-4.19687361009e-06
586800,9.235076963e-08,-4.19616709078e-06
586900,9.2350292434e-08,-4.19546080332e-06
587000,9.23498155579e-08,-4.19475475068e-06
587100,9.23493392872e-08,-4.19404892748e-06
587200,9.23488632675e-08,-4.19334334015e-06
587300,9.23483877499e-08,-4.19263798392e-06
587400,9.2347912681e-08,-4.19193285967e-06
587500,9.23474380774e-08,-4.19122796696e-06
587600,9.23469638727e-08,-4.19052330692e-06
587700,9.23464898442e-08,-4.18981888351e-06
587800,9.23460165868e-08,-4.18911468567e-06
587900,9.23455437368e-08,-4.18841071997e-06
588000,9.23450711636e-08,-4.18770698869e-06
588100,9.23445989624e-08,-4.18700348998e-06
588200,9.23441273546e-08,-4.18630021963e-06
588300,9.23436560747e-08,-4.18559718241e-06
588400,9.2343185297e-08,-4.184894375e-06
588500,9.23427148576e-08,-4.1841918003e-06
588600,9.23422447767e-08,-4.18348945781e-06
588700,9.23417751613e-08,-4.18278734544e-06
588800,9.23413061652e-08,-4.18208546027e-06
588900,9.23408373558e-08,-4.18138381011e-06
589000,9.23403689705e-08,-4.18068239048e-06
589100,9.23399011917e-08,-4.17998119793e-06
589200,9.23394337133e-08,-4.17928023795e-06
589300,9.23389667033e-08,-4.17857950734e-06
589400,9.23384999849e-08,-4.17787900923e-06
589500,9.23380336879e-08,-4.17717874112e-06
589600,9.2337568055e-08,-4.17647869844e-06
589700,9.23371026817e-08,-4.17577888849e-06
589800,9.23366376585e-08,-4.1750793095e-06
589900,9.23361730223e-08,-4.17437996068e-06
590000,9.2335709021e-08,-4.17368083735e-06
590100,9.23352453165e-08,-4.1729819456e-06
590200,9.23347820055e-08,-4.17228328355e-06
590300,9.23343191139e-08,-4.1715848506e-06
590400,9.23338566408e-08,-4.17088664665e-06
590500,9.23333946775e-08,-4.17018866991e-06
590600,9.23329330023e-08,-4.16949092433e-06
590700,9.2332471817e-08,-4.16879340609e-06
590800,9.23320109969e-08,-4.16809611736e-06
590900,9.23315504344e-08,-4.16739906e-06
591000,9.23310905533e-08,-4.16670222613e-06
591100,9.23306310223e-08,-4.1660056217e-06
591200,9.23301718607e-08,-4.16530924624e-06
591300,9.23297131577e-08,-4.164613098e-06
591400,9.23292547832e-08,-4.16391717925e-06
591500,9.23287968284e-08,-4.1632214882e-06
591600,9.23283394348e-08,-4.16252602214e-06
591700,9.23278823408e-08,-4.16183078575e-06
591800,9.23274257587e-08,-4.16113577504e-06
591900,9.23269694372e-08,-4.16044099447e-06
592000,9.23265134687e-08,-4.15974644225e-06
592100,9.23260581784e-08,-4.15905211231e-06
592200,9.23256029909e-08,-4.15835801506e-06
592300,9.23251483148e-08,-4.15766414291e-06
592400,9.23246941616e-08,-4.15697049553e-06
592500,9.23242402058e-08,-4.15627707877e-06
592600,9.232378681e-08,-4.15558388588e-06
592700,9.23233338949e-08,-4.15489091819e-06
592800,9.23228812381e-08,-4.15419817966e-06
592900,9.23224290754e-08,-4.15350566586e-06
593000,9.23219773936e-08,-4.15281337691e-06
593100,9.23215257738e-08,-4.15212132036e-06
593200,9.23210749595e-08,-4.15142948251e-06
593300,9.23206243788e-08,-4.15073787368e-06
593400,9.23201741921e-08,-4.15004649085e-06
593500,9.23197244272e-08,-4.14935533338e-06
593600,9.23192750292e-08,-4.14866440216e-06
593700,9.23188259678e-08,-4.14797369764e-06
593800,9.231837762e-08,-4.14728321281e-06
593900,9.23179294166e-08,-4.14659295795e-06
594000,9.23174816868e-08,-4.14590292694e-06
594100,9.23170343786e-08,-4.14521312062e-06
594200,9.23165872583e-08,-4.14452354313e-06
594300,9.23161407701e-08,-4.14383418626e-06
594400,9.23156946498e-08,-4.14314505471e-06
594500,9.23152489722e-08,-4.142456147e-06
594600,9.23148035853e-08,-4.1417674658e-06
594700,9.23143585638e-08,-4.14107900963e-06
594800,9.2313914063e-08,-4.14039077555e-06
594900,9.23134699687e-08,-4.13970276551e-06
595000,9.2313026256e-08,-4.13901497987e-06
595100,9.23125828698e-08,-4.13832741951e-06
595200,9.23121399207e-08,-4.13764008231e-06
595300,9.23116973925e-08,-4.13695296844e-06
595400,9.23112551967e-08,-4.13626607941e-06
595500,9.23108133249e-08,-4.13557941526e-06
595600,9.23103721667e-08,-4.13489296878e-06
595700,9.23099311646e-08,-4.13420675001e-06
595800,9.23094905861e-08,-4.13352075396e-06
595900,9.23090502969e-08,-4.13283498297e-06
596000,9.23086105767e-08,-4.13214943183e-06
596100,9.23081712038e-08,-4.13146410447e-06
596200,9.23077321006e-08,-4.13077900219e-06
596300,9.23072934727e-08,-4.13009412113e-06
596400,9.2306855399e-08,-4.12940945975e-06
596500,9.23064175733e-08,-4.12872502349e-06
596600,9.23059801263e-08,-4.12804080989e-06
596700,9.23055432112e-08,-4.12735681603e-06
596800,9.23051065412e-08,-4.12667304702e-06
596900,9.23046701735e-08,-4.1259895017e-06
597000,9.23042345201e-08,-4.12530617249e-06
597100,9.23037989279e-08,-4.12462307113e-06
597200,9.23033639194e-08,-4.12394018802e-06
597300,9.23029291612e-08,-4.1232575291e-06
597400,9.23024949011e-08,-4.12257508977e-06
597500,9.23020609962e-08,-4.1218928725e-06
597600,9.2301627424e-08,-4.12121087759e-06
597700,9.23011945332e-08,-4.12052909861e-06
597800,9.23007616659e-08,-4.11984754738e-06
597900,9.23003292365e-08,-4.11916621626e-06
598000,9.2299897406e-08,-4.11848510224e-06
598100,9.2299465787e-08,-4.11780421222e-06
598200,9.22990345653e-08,-4.11712354272e-06
598300,9.22986039438e-08,-4.11644308996e-06
598400,9.22981734956e-08,-4.11576286157e-06
598500,9.22977433302e-08,-4.11508285543e-06
598600,9.22973139397e-08,-4.11440306255e-06
598700,9.22968846684e-08,-4.11372349467e-06
598800,9.2296455671e-08,-4.11304414888e-06
598900,9.22960271413e-08,-4.11236502157e-06
599000,9.22955992105e-08,-4.11168611025e-06
599100,9.22951712912e-08,-4.11100742544e-06
599200,9.22947439515e-08,-4.11032895676e-06
599300,9.22943170498e-08,-4.10965070664e-06
599400,9.22938905332e-08,-4.10897267595e-06
599500,9.22934644248e-08,-4.10829486415e-06
599600,9.22930385379e-08,-4.10761727451e-06
599700,9.22926131715e-08,-4.10693990151e-06
599800,9.2292188175e-08,-4.10626274777e-06
599900,9.22917634659e-08,-4.10558581467e-06
600000,9.22913392126e-08,-4.10490909905e-06
