step,max_abs_u,growth_rate_estimate
100,1.08444823327e-06,0
200,1.77938624918e-06,0.00495197184138
300,2.16592939122e-06,0.00345889116234
400,2.70250237927e-06,0.00304368944682
500,3.34292836187e-06,0.00281443965259
600,4.07462503235e-06,0.00264741481796
700,4.77428619456e-06,0.00247028859638
800,5.27862488418e-06,0.00226084901188
900,5.65253051404e-06,0.00206379000825
1000,6.02595193708e-06,0.0019055601643
1100,6.43878842628e-06,0.00178126907297
1200,6.95093412481e-06,0.0016889134001
1300,7.47513630138e-06,0.00160875919711
1400,7.8816292615e-06,0.001525741019
1500,8.11988345863e-06,0.00143803177486
1600,8.34193013455e-06,0.00136014886914
1700,8.68386222526e-06,0.00130024691854
1800,9.07927263949e-06,0.00124995456867
1900,9.43209670456e-06,0.00120169283284
2000,9.69477478847e-06,0.00115290302205
2100,9.87642383753e-06,0.0011045395848
2200,1.00684001777e-05,0.00106110976528
2300,1.03136055556e-05,0.00102381483383
2400,1.05782538479e-05,0.00099031697965
2500,1.08219229616e-05,0.000958542776513
2600,1.10220368188e-05,0.000927530119625
2700,1.11758004327e-05,0.000897184403131
2800,1.1303665426e-05,0.000868168788973
2900,1.14627632477e-05,0.000842154459441
3000,1.16651135235e-05,0.000819148731215
3100,1.18545569701e-05,0.000797213677074
3200,1.1993712113e-05,0.000775261679032
3300,1.2093819515e-05,0.00075363225667
3400,1.21917706537e-05,0.00073323935475
3500,1.23196049788e-05,0.000714741346267
3600,1.24662716432e-05,0.000697701546285
3700,1.25955749714e-05,0.000681187289624
3800,1.26924585315e-05,0.000664847752375
3900,1.27730289464e-05,0.000649016978263
4000,1.28550812601e-05,0.000634017396179
4100,1.29440446388e-05,0.00061989112301
4200,1.30427431308e-05,0.000606624531778
4300,1.31408891908e-05,0.000593966039147
4400,1.32197300996e-05,0.00058154397704
4500,1.32787871213e-05,0.000569340111766
4600,1.33345590401e-05,0.000557619504967
4700,1.3401431587e-05,0.000546584830265
4800,1.3479008674e-05,0.000536183456467
4900,1.35521266416e-05,0.000526140034553
5000,1.36076363134e-05,0.00051623669631
5100,1.36502441104e-05,0.000506537217628
5200,1.3695736136e-05,0.000497257497366
5300,1.37498169665e-05,0.000488452729926
5400,1.38054888784e-05,0.000479999045474
5500,1.38562861235e-05,0.000471790311947
5600,1.38996429509e-05,0.000463780333808
5700,1.39361258358e-05,0.000455966630846
5800,1.39708701645e-05,0.000448404060094
5900,1.40091398306e-05,0.000441144593926
6000,1.4050981008e-05,0.000434173033745
6100,1.40915491761e-05,0.000427417325268
6200,1.41255619363e-05,0.000420805695485
6300,1.41526452515e-05,0.000414327456985
6400,1.41786621587e-05,0.000408042357574
6500,1.42093559106e-05,0.000402004577768
6600,1.42429073593e-05,0.000396182728732
6700,1.42731652651e-05,0.000390501500389
6800,1.42979987993e-05,0.000384932577088
6900,1.43200105858e-05,0.000379498027042
7000,1.43423273345e-05,0.000374223739393
7100,1.43662451995e-05,0.000369115722095
7200,1.43908642372e-05,0.000364158064845
7300,1.44141507423e-05,0.000359324874669
7400,1.44347513026e-05,0.000354598255796
7500,1.44529026395e-05,0.000349976209759
7600,1.44701535927e-05,0.000345468911769
7700,1.44884415656e-05,0.00034108945806
7800,1.45081842043e-05,0.000336836571585
7900,1.45272427095e-05,0.000332686458634
8000,1.45434592516e-05,0.000328616460721
8100,1.4557510778e-05,0.000324629468528
8200,1.45717271364e-05,0.000320742202085
8300,1.45871828491e-05,0.000316959992588
8400,1.46029288172e-05,0.000313271180197
8500,1.46175441449e-05,0.000309660850499
8600,1.46305541751e-05,0.00030612244433
8700,1.46426104216e-05,0.000302658660842
8800,1.46545846704e-05,0.000299273783495
8900,1.46668082827e-05,0.00029596769136
9000,1.46791442031e-05,0.000292736675035
9100,1.46911513851e-05,0.000289574894342
9200,1.47021865714e-05,0.000286475265077
9300,1.47121038669e-05,0.000283434698958
9400,1.47216793498e-05,0.000280456975934
9500,1.47317208988e-05,0.000277545929393
9600,1.47420634405e-05,0.000274698268344
9700,1.47518739544e-05,0.000271906125583
9800,1.47606917253e-05,0.00026916457382
9900,1.476886692e-05,0.000266474496098
10000,1.4777059734e-05,0.000263838852868
10100,1.47855011742e-05,0.000261257573333
10200,1.47938693278e-05,0.000258726885491
10300,1.48018006385e-05,0.00025624289424
10400,1.48092308281e-05,0.000253803822725
10500,1.48162728928e-05,0.000251409113428
10600,1.48231060634e-05,0.000249058653995
10700,1.48299450942e-05,0.000246752560087
10800,1.48368352008e-05,0.00024448987259
10900,1.48435306632e-05,0.000242267852581
11000,1.48497623717e-05,0.000240083719847
11100,1.48555735927e-05,0.00023793670946
11200,1.48612743514e-05,0.000235827700531
11300,1.48670836049e-05,0.000233756990916
11400,1.48728928061e-05,0.000231722917206
11500,1.48784265824e-05,0.000229722891799
11600,1.48835852e-05,0.000227755445597
11700,1.48885164151e-05,0.000225820593839
11800,1.48933851683e-05,0.000223918448638
11900,1.48982199894e-05,0.000222048341113
12000,1.49029672194e-05,0.000220209161217
12100,1.49075624972e-05,0.000218399776455
12200,1.49119528385e-05,0.00021661915524
12300,1.49161401886e-05,0.000214866601962
12400,1.49202066622e-05,0.000213141880419
12500,1.49242451231e-05,0.000211444819605
12600,1.49282550306e-05,0.00020977475289
12700,1.49321335883e-05,0.000208130491316
12800,1.49357932696e-05,0.000206510964424
12900,1.49392715974e-05,0.000204915789566
13000,1.494268344e-05,0.000203344996989
13100,1.49460796909e-05,0.000201798286195
13200,1.49494086403e-05,0.000200274841706
13300,1.49526062311e-05,0.000198773810424
13400,1.49556695203e-05,0.000197294672421
13500,1.49586512556e-05,0.000195837201111
13600,1.4961560902e-05,0.000194400962118
13700,1.49644100906e-05,0.00019298554444
13800,1.49671925032e-05,0.000191590461491
13900,1.49698851703e-05,0.000190215160208
14000,1.49724623169e-05,0.000188859090033
14100,1.4974925357e-05,0.0001875218459
14200,1.49773142356e-05,0.000186203216676
14300,1.4979669077e-05,0.000184902997886
14400,1.49819832244e-05,0.000183620772303
14500,1.49842155669e-05,0.000182355974627
14600,1.498634609e-05,0.000181108152346
14700,1.49883964395e-05,0.000179877055765
14800,1.4990396195e-05,0.000178662477926
14900,1.49923495808e-05,0.00017746410312
15000,1.49942401369e-05,0.000176281531517
15100,1.49960544288e-05,0.000175114387436
15200,1.49977932187e-05,0.000173962367857
15300,1.49994662784e-05,0.000172825217247
15400,1.50010860323e-05,0.000171702698285
15500,1.50026640882e-05,0.000170594576255
15600,1.50042032655e-05,0.000169500584688
15700,1.50056920223e-05,0.00016842040259
15800,1.50071159892e-05,0.00016735370516
15900,1.50084760888e-05,0.00016630024033
16000,1.50097872526e-05,0.000165259821066
16100,1.50110589822e-05,0.000164232242379
16200,1.50122853007e-05,0.000163217240314
16300,1.50134559289e-05,0.000162214539755
16400,1.50145711516e-05,0.00016122391551
16500,1.50156417351e-05,0.000160245190442
16600,1.50166774249e-05,0.000159278187571
16700,1.50176800171e-05,0.000158322702286
16800,1.50186462462e-05,0.00015737851469
16900,1.50195721606e-05,0.000156445407405
17000,1.50204542398e-05,0.000155523169901
17100,1.50212911424e-05,0.000154611605136
17200,1.50220861118e-05,0.000153710538523
17300,1.50228445768e-05,0.000152819807992
17400,1.50235684294e-05,0.000151939241605
17500,1.50242553821e-05,0.000151068655386
17600,1.50249047964e-05,0.000150207875839
17700,1.50255214991e-05,0.000149356754074
17800,1.50261118768e-05,0.000148515150429
17900,1.50266773717e-05,0.000147682909889
18000,1.50272137716e-05,0.000146859859883
18100,1.50277164173e-05,0.00014604583002
18200,1.5028184151e-05,0.000145240666554
18300,1.50286184469e-05,0.000144444228734
18400,1.50290212707e-05,0.000143656380677
18500,1.50293947448e-05,0.000142876990014
18600,1.50297411827e-05,0.000142105927929
18700,1.50300622763e-05,0.000141343066148
18800,1.50303589612e-05,0.000140588276448
18900,1.50306324818e-05,0.00013984143443
19000,1.50308845439e-05,0.000139102419949
19100,1.50311155222e-05,0.000138371110728
19200,1.5031323101e-05,0.00013764737768
19300,1.50315038516e-05,0.000136931090549
19400,1.50316563761e-05,0.000136222128781
19500,1.5031782393e-05,0.000135520384994
19600,1.50318849365e-05,0.000134825758494
19700,1.50319664111e-05,0.000134138148507
19800,1.50320284406e-05,0.000133457453667
19900,1.50320724218e-05,0.000132783573892
20000,1.50320993513e-05,0.000132116409776
20100,1.50321093256e-05,0.000131455860903
20200,1.50321016082e-05,0.000130801826103
20300,1.50320750354e-05,0.000130154204799
20400,1.50320282218e-05,0.000129512897669
20500,1.50319598756e-05,0.000128877807645
20600,1.50318696853e-05,0.000128248842734
20700,1.50317591187e-05,0.000127625918473
20800,1.50316309922e-05,0.000127008956366
20900,1.5031487982e-05,0.00012639787898
21000,1.50313315478e-05,0.00012579260649
21100,1.50311620393e-05,0.000125193057074
21200,1.50309792155e-05,0.000124599148602
21300,1.50307823411e-05,0.000124010798939
21400,1.50305701227e-05,0.00012342792575
21500,1.50303410845e-05,0.000122850447673
21600,1.50300942702e-05,0.000122278286465
21700,1.50298297046e-05,0.000121711368355
21800,1.50295484197e-05,0.000121149624017
21900,1.50292522377e-05,0.000120592987813
22000,1.50289433597e-05,0.000120041396454
22100,1.50286236631e-05,0.00011949478682
22200,1.50282939733e-05,0.000118953093771
22300,1.50279538648e-05,0.000118416249589
22400,1.50276021229e-05,0.000117884185415
22500,1.50272373606e-05,0.000117356833109
22600,1.5026858359e-05,0.000116834126238
22700,1.50264642632e-05,0.000116316000616
22800,1.50260548947e-05,0.000115802395171
22900,1.50256310365e-05,0.000115293252709
23000,1.50251943299e-05,0.00011478851953
23100,1.50247467282e-05,0.00011428814377
23200,1.50242898359e-05,0.00011379207346
23300,1.50238244471e-05,0.000113300255202
23400,1.50233503681e-05,0.000112812633693
23500,1.50228665233e-05,0.000112329152066
23600,1.50223713618e-05,0.000111849753076
23700,1.50218634439e-05,0.00011137438076
23800,1.50213419242e-05,0.00011090298177
23900,1.5020806749e-05,0.000110435505868
24000,1.5020258626e-05,0.000109971905778
24100,1.5019698879e-05,0.000109512136719
24200,1.50191291556e-05,0.000109056155552
24300,1.50185509446e-05,0.000108603919411
24400,1.50179650505e-05,0.000108155384264
24500,1.50173713149e-05,0.000107710504173
24600,1.50167687271e-05,0.000107269231631
24700,1.50161558238e-05,0.00010683151868
24800,1.501553117e-05,0.000106397318214
24900,1.50148937986e-05,0.000105966585142
25000,1.50142435098e-05,0.000105539277148
25100,1.501358094e-05,0.000105115354824
25200,1.50129073578e-05,0.000104694781065
25300,1.50122242649e-05,0.000104277519973
25400,1.50115329499e-05,0.000103863535657
25500,1.50108341127e-05,0.000103452791248
25600,1.50101276483e-05,0.000103045248351
25700,1.50094126628e-05,0.00010264086712
25800,1.50086877627e-05,0.000102239607033
25900,1.50079515244e-05,0.000101841428116
26000,1.50072029556e-05,0.000101446292124
26100,1.50064417863e-05,0.000101054163248
26200,1.50056685229e-05,0.000100665008213
26300,1.50048842854e-05,0.000100278795811
26400,1.50040904639e-05,9.9895495994e-05
26500,1.50032882797e-05,9.95150787442e-05
26600,1.5002478391e-05,9.91375130809e-05
26700,1.5001660685e-05,9.87627665576e-05
26800,1.50008343239e-05,9.83908054034e-05
26900,1.49999980113e-05,9.80215952107e-05
27000,1.49991503899e-05,9.7655101931e-05
27100,1.49982904534e-05,9.72912928872e-05
27200,1.49974178551e-05,9.69301375061e-05
27300,1.49965330046e-05,9.65716075177e-05
27400,1.49956369174e-05,9.62156765471e-05
27500,1.49947308763e-05,9.58623192554e-05
27600,1.49938160168e-05,9.55115103154e-05
27700,1.49928929684e-05,9.51632235449e-05
27800,1.49919616515e-05,9.48174314326e-05
27900,1.49910212959e-05,9.4474105206e-05
28000,1.49900706792e-05,9.41332154234e-05
28100,1.49891085035e-05,9.37947328829e-05
28200,1.49881337864e-05,9.34586295462e-05
28300,1.49871461454e-05,9.31248791919e-05
28400,1.49861458969e-05,9.2793457617e-05
28500,1.49851339443e-05,9.24643423383e-05
28600,1.49841114769e-05,9.21375118584e-05
28700,1.49830795782e-05,9.18129447343e-05
28800,1.49820388662e-05,9.149061874e-05
28900,1.49809892892e-05,9.11705104061e-05
29000,1.49799301432e-05,9.08525950818e-05
29100,1.49788602888e-05,9.05368474525e-05
29200,1.49777784941e-05,9.02232423399e-05
29300,1.4976683803e-05,8.9911755539e-05
29400,1.49755758111e-05,8.96023644327e-05
29500,1.49744547739e-05,8.92950482098e-05
29600,1.49733215058e-05,8.89897876074e-05
29700,1.49721771074e-05,8.86865642681e-05
29800,1.49710226026e-05,8.83853599107e-05
29900,1.49698586039e-05,8.80861555776e-05
30000,1.49686851056e-05,8.77889311838e-05
30100,1.49675014791e-05,8.74936655254e-05
30200,1.49663066658e-05,8.72003367244e-05
30300,1.49650995019e-05,8.69089229596e-05
30400,1.49638790651e-05,8.66194032294e-05
30500,1.49626449424e-05,8.63317579278e-05
30600,1.49613973379e-05,8.60459690572e-05
30700,1.49601369911e-05,8.57620200257e-05
30800,1.49588649306e-05,8.54798950869e-05
30900,1.49575821346e-05,8.51995785905e-05
31000,1.49562938598e-05,8.49210643472e-05
31100,1.49550069922e-05,8.46443497662e-05
31200,1.49537094876e-05,8.43693915898e-05
31300,1.49524003745e-05,8.40961708408e-05
31400,1.49510785611e-05,8.38246685274e-05
31500,1.49497431634e-05,8.3554866341e-05
31600,1.49483937641e-05,8.32867471954e-05
31700,1.49470305247e-05,8.30202954468e-05
31800,1.4945654119e-05,8.27554967292e-05
31900,1.4944265505e-05,8.24923374563e-05
32000,1.49428656153e-05,8.22308041595e-05
32100,1.49414550514e-05,8.19708828464e-05
32200,1.49400338873e-05,8.17125585997e-05
32300,1.49386016428e-05,8.14558155353e-05
32400,1.49371574311e-05,8.12006371229e-05
32500,1.49357002347e-05,8.09470067646e-05
32600,1.49342292128e-05,8.06949084309e-05
32700,1.49327439521e-05,8.04443271657e-05
32800,1.49312445821e-05,8.01952493076e-05
32900,1.49297317209e-05,7.99476623593e-05
33000,1.49282062716e-05,7.97015545561e-05
33100,1.49266691286e-05,7.94569142594e-05
33200,1.49251208912e-05,7.92137293739e-05
33300,1.49235616715e-05,7.89719869681e-05
33400,1.49219910596e-05,7.87316732142e-05
33500,1.4920408252e-05,7.84927736604e-05
33600,1.49188123037e-05,7.82552737438e-05
33700,1.49172024189e-05,7.80191593714e-05
33800,1.49155781911e-05,7.77844173912e-05
33900,1.49139397217e-05,7.75510358138e-05
34000,1.49122875789e-05,7.73190037151e-05
34100,1.49106226118e-05,7.70883108538e-05
34200,1.49089456795e-05,7.68589471287e-05
34300,1.49072573776e-05,7.66309020413e-05
34400,1.49055578525e-05,7.64041643369e-05
34500,1.49038467567e-05,7.61787219286e-05
34600,1.49021233634e-05,7.59545621314e-05
34700,1.49003867957e-05,7.5731672115e-05
34800,1.48986363006e-05,7.55100394361e-05
34900,1.48968714792e-05,7.52896524767e-05
35000,1.48950924069e-05,7.50705006635e-05
35100,1.48932996027e-05,7.48525743953e-05
35200,1.48914938628e-05,7.46358647112e-05
35300,1.48896760078e-05,7.44203627993e-05
35400,1.48878466254e-05,7.42060595046e-05
35500,1.48860058875e-05,7.39929449878e-05
35600,1.4884153502e-05,7.37810086416e-05
35700,1.48822888091e-05,7.3570239284e-05
35800,1.48804109928e-05,7.33606255638e-05
35900,1.48785193367e-05,7.31521564424e-05
36000,1.48766134471e-05,7.29448216073e-05
36100,1.48746933705e-05,7.27386116831e-05
36200,1.48727595754e-05,7.25335181837e-05
36300,1.48708128021e-05,7.23295332218e-05
36400,1.48688538279e-05,7.21266490668e-05
36500,1.48668832244e-05,7.19248576932e-05
36600,1.48649011796e-05,7.17241504574e-05
36700,1.48629074438e-05,7.15245180049e-05
36800,1.48609014125e-05,7.13259504332e-05
36900,1.48588823197e-05,7.11284376513e-05
37000,1.48568494781e-05,7.09319698197e-05
37100,1.48548024914e-05,7.07365377346e-05
37200,1.4852741372e-05,7.05421330326e-05
37300,1.48506665332e-05,7.03487481654e-05
37400,1.48485786526e-05,7.01563761437e-05
37500,1.48464784561e-05,6.99650101402e-05
37600,1.48443664885e-05,6.97746430761e-05
37700,1.48422429401e-05,6.95852673127e-05
37800,1.48401075895e-05,6.93968745571e-05
37900,1.48379598728e-05,6.92094559929e-05
38000,1.48357990603e-05,6.90230026014e-05
38100,1.48336244815e-05,6.88375055631e-05
38200,1.48314357268e-05,6.86529566118e-05
38300,1.48292327665e-05,6.84693482383e-05
38400,1.48270159496e-05,6.82866736781e-05
38500,1.4824785882e-05,6.81049266892e-05
38600,1.48225432272e-05,6.79241011958e-05
38700,1.48202884884e-05,6.77441909056e-05
38800,1.48180218431e-05,6.75651890234e-05
38900,1.48157430803e-05,6.7387088149e-05
39000,1.4813451659e-05,6.7209880385e-05
39100,1.48111468694e-05,6.70335576219e-05
39200,1.48088280421e-05,6.68581119026e-05
39300,1.48064947421e-05,6.6683535754e-05
39400,1.48041468852e-05,6.65098223815e-05
39500,1.48017847439e-05,6.63369656708e-05
39600,1.47994088404e-05,6.6164959997e-05
39700,1.47970197615e-05,6.59937999028e-05
39800,1.47946179531e-05,6.58234797465e-05
39900,1.47922035606e-05,6.56539934333e-05
40000,1.47897763638e-05,6.54853343098e-05
40100,1.4787335825e-05,6.5317495252e-05
40200,1.47848812346e-05,6.51504689168e-05
40300,1.47824119075e-05,6.4984248074e-05
40400,1.47799273662e-05,6.48188259132e-05
40500,1.47774274581e-05,6.46541962347e-05
40600,1.47749123652e-05,6.44903534595e-05
40700,1.47723825114e-05,6.43272924663e-05
40800,1.47698383897e-05,6.41650083001e-05
40900,1.47672803708e-05,6.40034958514e-05
41000,1.47647085485e-05,6.38427496032e-05
41100,1.47621226719e-05,6.36827635223e-05
41200,1.47595221843e-05,6.35235311297e-05
41300,1.47569063561e-05,6.33650457246e-05
41400,1.47542744664e-05,6.32073006842e-05
41500,1.47516259793e-05,6.30502897515e-05
41600,1.47489606562e-05,6.28940072154e-05
41700,1.47462785744e-05,6.27384479336e-05
41800,1.47435800425e-05,6.25836071895e-05
41900,1.47408654434e-05,6.24294804329e-05
42000,1.47381350541e-05,6.22760629855e-05
42100,1.47353888959e-05,6.21233498007e-05
42200,1.47326266653e-05,6.19713353562e-05
42300,1.47298477661e-05,6.18200137107e-05
42400,1.47270514276e-05,6.16693786979e-05
42500,1.47242368748e-05,6.15194242022e-05
42600,1.4721403495e-05,6.13701444236e-05
42700,1.47185509496e-05,6.12215340529e-05
42800,1.4715679195e-05,6.10735882995e-05
42900,1.47127884107e-05,6.09263027716e-05
43000,1.47098788539e-05,6.07796732418e-05
43100,1.47069506897e-05,6.06336953765e-05
43200,1.47040038483e-05,6.04883645116e-05
43300,1.47010379557e-05,6.03436755473e-05
43400,1.4698052355e-05,6.01996229855e-05
43500,1.46950462164e-05,6.00562011066e-05
43600,1.46920186935e-05,5.9913404217e-05
43700,1.46889690827e-05,5.97712268962e-05
43800,1.46858969303e-05,5.96296641624e-05
43900,1.46828020601e-05,5.94887115097e-05
44000,1.46796845096e-05,5.93483648043e-05
44100,1.46765443969e-05,5.92086200749e-05
44200,1.46733817622e-05,5.90694732656e-05
44300,1.46701964297e-05,5.89309200243e-05
44400,1.46669879385e-05,5.87929555989e-05
44500,1.46637555585e-05,5.86555748655e-05
44600,1.46604983881e-05,5.85187724823e-05
44700,1.46572155003e-05,5.83825431155e-05
44800,1.46539060941e-05,5.82468816695e-05
44900,1.46505695996e-05,5.81117834453e-05
45000,1.46472057096e-05,5.79772441837e-05
45100,1.4643814323e-05,5.78432599758e-05
45200,1.4640395427e-05,5.77098270804e-05
45300,1.46369489459e-05,5.75769416947e-05
45400,1.46334746118e-05,5.74445997583e-05
45500,1.46299768948e-05,5.73128043799e-05
45600,1.46264697713e-05,5.71815729313e-05
45700,1.46229329778e-05,5.70508713026e-05
45800,1.46193655437e-05,5.69206945304e-05
45900,1.46157666142e-05,5.67910378654e-05
46000,1.46121355533e-05,5.6661896925e-05
46100,1.46084719782e-05,5.65332677397e-05
46200,1.46047757141e-05,5.64051466823e-05
46300,1.46010466835e-05,5.62775303012e-05
46400,1.45972847681e-05,5.61504151134e-05
46500,1.45934896862e-05,5.60237974242e-05
46600,1.45896609228e-05,5.58976732258e-05
46700,1.45857977358e-05,5.57720382098e-05
46800,1.45818992369e-05,5.56468878883e-05
46900,1.45779645159e-05,5.55222177776e-05
47000,1.45739927782e-05,5.53980236e-05
47100,1.45699834443e-05,5.52743014264e-05
47200,1.45659361869e-05,5.51510477271e-05
47300,1.45618508934e-05,5.50282593138e-05
47400,1.45577275638e-05,5.4905933188e-05
47500,1.45535661838e-05,5.47840663555e-05
47600,1.45493666046e-05,5.46626556518e-05
47700,1.45451284757e-05,5.45416976473e-05
47800,1.4540851245e-05,5.4421188649e-05
47900,1.45365342301e-05,5.43011248064e-05
48000,1.45321767337e-05,5.41815022777e-05
48100,1.45277781726e-05,5.40623174147e-05
48200,1.45233381723e-05,5.39435668975e-05
48300,1.45188566067e-05,5.38252477868e-05
48400,1.45143335649e-05,5.37073574742e-05
48500,1.4509769259e-05,5.35898935472e-05
48600,1.4505163903e-05,5.34728536163e-05
48700,1.45005175986e-05,5.33562351515e-05
48800,1.44958302675e-05,5.32400353888e-05
48900,1.44911016467e-05,5.31242513245e-05
49000,1.44863313498e-05,5.30088798043e-05
49100,1.44815189745e-05,5.28939176761e-05
49200,1.44766642211e-05,5.27793619567e-05
49300,1.44717669863e-05,5.2665209961e-05
49400,1.44668273999e-05,5.25514593528e-05
49500,1.4461845799e-05,5.24381081037e-05
49600,1.44568226425e-05,5.23251543725e-05
49700,1.44517583981e-05,5.22125963453e-05
49800,1.44466534328e-05,5.21004320827e-05
49900,1.4441507945e-05,5.19886594269e-05
50000,1.44363219559e-05,5.18772759909e-05
50100,1.44310953633e-05,5.17662792356e-05
50200,1.44258280403e-05,5.16556666069e-05
50300,1.44205199456e-05,5.15454356889e-05
50400,1.44151712138e-05,5.14355843264e-05
50500,1.44097821938e-05,5.13261106763e-05
50600,1.44043534266e-05,5.12170131743e-05
50700,1.43988855693e-05,5.11082904286e-05
50800,1.43933792869e-05,5.09999410697e-05
50900,1.4387835151e-05,5.08919636121e-05
51000,1.43822535704e-05,5.07843563603e-05
51100,1.4376634781e-05,5.06771173967e-05
51200,1.43709788916e-05,5.05702446457e-05
51300,1.43652859759e-05,5.04637359995e-05
51400,1.43595561751e-05,5.03575894588e-05
51500,1.43537897852e-05,5.02518032488e-05
51600,1.43479872963e-05,5.01463758718e-05
51700,1.4342149376e-05,5.00413060816e-05
51800,1.4336276799e-05,4.99365927879e-05
51900,1.43303703481e-05,4.98322349204e-05
52000,1.4324430717e-05,4.97282312988e-05
52100,1.43184584431e-05,4.9624580543e-05
52200,1.43124538949e-05,4.95212810579e-05
52300,1.4306417312e-05,4.94183310882e-05
52400,1.43003488891e-05,4.93157288323e-05
52500,1.42942488732e-05,4.92134725724e-05
52600,1.42881176472e-05,4.91115607849e-05
52700,1.42819557707e-05,4.90099921937e-05
52800,1.42757639669e-05,4.89087657505e-05
52900,1.42695430596e-05,4.88078805501e-05
53000,1.42632938816e-05,4.87073357075e-05
53100,1.42570171833e-05,4.86071302367e-05
53200,1.42507135662e-05,4.85072629643e-05
53300,1.42443834684e-05,4.84077325108e-05
53400,1.42380271994e-05,4.83085373385e-05
53500,1.4231645018e-05,4.82096758548e-05
53600,1.42252372234e-05,4.81111465328e-05
53700,1.42188042346e-05,4.80129480143e-05
53800,1.42123466332e-05,4.7915079165e-05
53900,1.42058651528e-05,4.78175390591e-05
54000,1.41993606242e-05,4.77203269063e-05
54100,1.41928338894e-05,4.76234419383e-05
54200,1.41862857147e-05,4.75268832959e-05
54300,1.41797167281e-05,4.74306499476e-05
54400,1.41731274014e-05,4.73347406683e-05
54500,1.41665180808e-05,4.72391540793e-05
54600,1.41598890579e-05,4.71438887425e-05
54700,1.41532406555e-05,4.70489432707e-05
54800,1.41465733047e-05,4.69543164279e-05
54900,1.41398875853e-05,4.68600071796e-05
55000,1.41331842217e-05,4.67660146864e-05
55100,1.41264640326e-05,4.66723382384e-05
55200,1.41197278509e-05,4.65789771504e-05
55300,1.41129764432e-05,4.64859306594e-05
55400,1.41062104473e-05,4.63931978443e-05
55500,1.40994303546e-05,4.63007776048e-05
55600,1.40926365341e-05,4.62086686932e-05
55700,1.40858292993e-05,4.61168698004e-05
55800,1.40790089877e-05,4.60253796584e-05
55900,1.40721760345e-05,4.59341971333e-05
56000,1.40653310134e-05,4.58433212761e-05
56100,1.40584746361e-05,4.57527513217e-05
56200,1.40516077046e-05,4.56624866261e-05
56300,1.40447310417e-05,4.5572526579e-05
56400,1.40378454107e-05,4.54828705003e-05
56500,1.40309514577e-05,4.53935175688e-05
56600,1.40240496908e-05,4.53044667965e-05
56700,1.40171405019e-05,4.52157170571e-05
56800,1.40102242264e-05,4.51272671619e-05
56900,1.40033012176e-05,4.50391159542e-05
57000,1.39963719186e-05,4.49512623986e-05
57100,1.3989436901e-05,4.48637056295e-05
57200,1.39824968672e-05,4.47764449524e-05
57300,1.39755526099e-05,4.46894797925e-05
57400,1.39686049454e-05,4.46028096101e-05
57500,1.39616546388e-05,4.45164338078e-05
57600,1.39547023489e-05,4.44303516614e-05
57700,1.39477486054e-05,4.43445622929e-05
57800,1.39407938275e-05,4.42590646941e-05
57900,1.39338383776e-05,4.41738577946e-05
58000,1.39268826326e-05,4.40889405497e-05
58100,1.39199270488e-05,4.40043120219e-05
58200,1.39129722045e-05,4.39199714316e-05
58300,1.39060188016e-05,4.38359181589e-05
58400,1.38990676312e-05,4.37521517001e-05
58500,1.38921195104e-05,4.36686715889e-05
58600,1.38851752146e-05,4.35854773125e-05
58700,1.38782354215e-05,4.35025682441e-05
58800,1.38713006885e-05,4.34199436143e-05
58900,1.38643714686e-05,4.33376025328e-05
59000,1.38574481583e-05,4.3255544047e-05
59100,1.38505311635e-05,4.31737672233e-05
59200,1.38436209636e-05,4.30922712251e-05
59300,1.38367181503e-05,4.30110553602e-05
59400,1.3829823434e-05,4.29301190865e-05
59500,1.38229376114e-05,4.28494619731e-05
59600,1.38160615086e-05,4.27690836293e-05
59700,1.38091959171e-05,4.26889836268e-05
59800,1.38023415388e-05,4.26091614341e-05
59900,1.3795498965e-05,4.25296163901e-05
60000,1.37886686861e-05,4.24503477176e-05
60100,1.37818511372e-05,4.23713545792e-05
60200,1.37750467593e-05,4.22926361507e-05
60300,1.37682560585e-05,4.22141916935e-05
60400,1.37614796464e-05,4.21360206018e-05
60500,1.37547182455e-05,4.2058122409e-05
60600,1.37479726634e-05,4.19804967554e-05
60700,1.37412437389e-05,4.19031433233e-05
60800,1.3734532281e-05,4.18260617629e-05
60900,1.37278390182e-05,4.17492516327e-05
61000,1.37211645744e-05,4.16727123701e-05
61100,1.37145094785e-05,4.15964433039e-05
61200,1.37078917947e-05,4.15204647057e-05
61300,1.37013011924e-05,4.14447628921e-05
61400,1.369473119e-05,4.13693288305e-05
61500,1.36881824056e-05,4.129416198e-05
61600,1.36816555625e-05,4.12192619292e-05
61700,1.36751514653e-05,4.11446283676e-05
61800,1.36686709506e-05,4.10702610264e-05
61900,1.366221483e-05,4.09961596107e-05
62000,1.36557838399e-05,4.09223237405e-05
62100,1.36493786187e-05,4.08487529238e-05
62200,1.36429997112e-05,4.07754465625e-05
62300,1.36366476063e-05,4.07024039978e-05
62400,1.36303227882e-05,4.06296245704e-05
62500,1.36240257914e-05,4.05571076854e-05
62600,1.36177572373e-05,4.04848528547e-05
62700,1.3611517843e-05,4.04128597072e-05
62800,1.36053084006e-05,4.0341127963e-05
62900,1.35991297326e-05,4.02696573817e-05
63000,1.35929826359e-05,4.01984476955e-05
63100,1.35868678352e-05,4.01274985559e-05
63200,1.35807859575e-05,4.00568095036e-05
63300,1.35747375357e-05,3.99863799741e-05
63400,1.35687230396e-05,3.99162093335e-05
63500,1.35627429247e-05,3.98462969363e-05
63600,1.35567976814e-05,3.9776642182e-05
63700,1.35508878707e-05,3.97072445568e-05
63800,1.3545014134e-05,3.96381036443e-05
63900,1.35391771724e-05,3.95692191007e-05
64000,1.35333777059e-05,3.95005906075e-05
64100,1.35276164201e-05,3.94322178093e-05
64200,1.35218939193e-05,3.93641002608e-05
64300,1.35162107016e-05,3.92962373973e-05
64400,1.35105671577e-05,3.9228628535e-05
64500,1.35049635987e-05,3.91612729032e-05
64600,1.34994002995e-05,3.90941696949e-05
64700,1.34938775459e-05,3.90273181204e-05
64800,1.34883956656e-05,3.89607174434e-05
64900,1.34829550407e-05,3.88943669946e-05
65000,1.34775560887e-05,3.88282661496e-05
65100,1.34721992239e-05,3.87624142848e-05
65200,1.34668848072e-05,3.86968107196e-05
65300,1.34616131028e-05,3.86314546679e-05
65400,1.34563842509e-05,3.85663452074e-05
65500,1.34511982671e-05,3.85014812797e-05
65600,1.34460550666e-05,3.84368617183e-05
65700,1.34409545055e-05,3.83724852965e-05
65800,1.34358964248e-05,3.83083507772e-05
65900,1.34308806844e-05,3.82444569515e-05
66000,1.34259071743e-05,3.81808026516e-05
66100,1.34209758012e-05,3.81173867345e-05
66200,1.34160864549e-05,3.80542080451e-05
66300,1.34112389637e-05,3.79912653652e-05
66400,1.34064330532e-05,3.79285573676e-05
66500,1.34016683234e-05,3.78660825915e-05
66600,1.33969442483e-05,3.78038394422e-05
66700,1.33922601986e-05,3.77418262174e-05
66800,1.3387615484e-05,3.76800411561e-05
66900,1.33830093959e-05,3.76184824852e-05
67000,1.33784412426e-05,3.755714846e-05
67100,1.33739103653e-05,3.74960373817e-05
67200,1.33694161276e-05,3.74351475848e-05
67300,1.33649578878e-05,3.73744774074e-05
67400,1.33605349608e-05,3.73140251472e-05
67500,1.33561465799e-05,3.72537890204e-05
67600,1.33517918765e-05,3.71937671395e-05
67700,1.334746988e-05,3.71339575135e-05
67800,1.33431795421e-05,3.70743580753e-05
67900,1.33389197741e-05,3.70149667239e-05
68000,1.33346894914e-05,3.69557813733e-05
68100,1.33304876481e-05,3.68967999912e-05
68200,1.33263132534e-05,3.68380206155e-05
68300,1.3322165366e-05,3.67794413495e-05
68400,1.33180430693e-05,3.67210603327e-05
68500,1.33139454354e-05,3.66628757018e-05
68600,1.33098714904e-05,3.66048855528e-05
68700,1.33058201948e-05,3.65470879192e-05
68800,1.33017904412e-05,3.64894807705e-05
68900,1.32977810766e-05,3.64320620362e-05
69000,1.32937909365e-05,3.63748296438e-05
69100,1.32898188857e-05,3.63177815636e-05
69200,1.32858638519e-05,3.62609158441e-05
69300,1.32819248414e-05,3.62042306292e-05
69400,1.32780009341e-05,3.61477241525e-05
69500,1.32740912605e-05,3.60913947112e-05
69600,1.32701949666e-05,3.60352406279e-05
69700,1.32663111809e-05,3.59792602152e-05
69800,1.32624389929e-05,3.59234517516e-05
69900,1.32585774494e-05,3.58678134782e-05
70000,1.32547255719e-05,3.58123436181e-05
70100,1.32508823875e-05,3.57570404089e-05
70200,1.32470469664e-05,3.57019021434e-05
70300,1.32432184514e-05,3.56469272015e-05
70400,1.32393960736e-05,3.55921140657e-05
70500,1.32355791471e-05,3.55374613152e-05
70600,1.32317670472e-05,3.54829676026e-05
70700,1.32279591758e-05,3.54286316153e-05
70800,1.32241549303e-05,3.53744520427e-05
70900,1.32203536795e-05,3.53204275502e-05
71000,1.32165547593e-05,3.52665567752e-05
71100,1.32127574855e-05,3.52128383401e-05
71200,1.32089611824e-05,3.51592708837e-05
71300,1.32051652159e-05,3.51058530956e-05
71400,1.3201369021e-05,3.50525837454e-05
71500,1.31975721179e-05,3.49994616994e-05
71600,1.31937741051e-05,3.49464859125e-05
71700,1.31899746404e-05,3.4893655408e-05
71800,1.31861734081e-05,3.4840969242e-05
71900,1.31823700884e-05,3.47884264713e-05
72000,1.31785643327e-05,3.47360261273e-05
72100,1.31747557591e-05,3.46837672107e-05
72200,1.31709439624e-05,3.46316487034e-05
72300,1.31671285395e-05,3.45796695941e-05
72400,1.31633091198e-05,3.45278289113e-05
72500,1.31594853931e-05,3.44761257512e-05
72600,1.31556571215e-05,3.44245592909e-05
72700,1.31518241384e-05,3.43731287862e-05
72800,1.3147986328e-05,3.43218335497e-05
72900,1.31441435948e-05,3.42706729195e-05
73000,1.31402958365e-05,3.42196462294e-05
73100,1.31364429185e-05,3.41687527833e-05
73200,1.31325846676e-05,3.41179918485e-05
73300,1.31287208826e-05,3.40673626672e-05
73400,1.31248513563e-05,3.40168644789e-05
73500,1.31209759038e-05,3.39664965502e-05
73600,1.31170943895e-05,3.39162582027e-05
73700,1.31132067395e-05,3.38661488253e-05
73800,1.31093129403e-05,3.38161678727e-05
73900,1.31054130223e-05,3.37663148482e-05
74000,1.31015070315e-05,3.37165892732e-05
74100,1.30975950014e-05,3.36669906594e-05
74200,1.30936769311e-05,3.36175184857e-05
74300,1.30897527791e-05,3.35681721917e-05
74400,1.30858224694e-05,3.35189511848e-05
74500,1.30818859138e-05,3.34698548625e-05
74600,1.30779430394e-05,3.34208826416e-05
74700,1.30739938114e-05,3.33720339807e-05
74800,1.30700382491e-05,3.33233083967e-05
74900,1.30660764244e-05,3.32747054629e-05
75000,1.30621084449e-05,3.32262247915e-05
75100,1.30581344328e-05,3.31778660118e-05
75200,1.30541544937e-05,3.31296287381e-05
75300,1.30501686995e-05,3.30815125528e-05
75400,1.30461770784e-05,3.30335169959e-05
75500,1.3042179622e-05,3.29856415727e-05
75600,1.30381763063e-05,3.29378857752e-05
75700,1.30341671152e-05,3.28902491062e-05
75800,1.30301520649e-05,3.28427311039e-05
75900,1.30261312181e-05,3.27953313555e-05
76000,1.3022104684e-05,3.27480494982e-05
76100,1.30180726049e-05,3.27008852043e-05
76200,1.30140351336e-05,3.26538381585e-05
76300,1.30099924078e-05,3.26069080325e-05
76400,1.30059445304e-05,3.25600944644e-05
76500,1.30018915621e-05,3.2513397052e-05
76600,1.29978335261e-05,3.24668153576e-05
76700,1.29937704267e-05,3.24203489267e-05
76800,1.29897022725e-05,3.23739973115e-05
76900,1.29856290993e-05,3.2327760094e-05
77000,1.29815509841e-05,3.22816368994e-05
77100,1.29774680464e-05,3.22356273975e-05
77200,1.29733804359e-05,3.21897312903e-05
77300,1.29692883117e-05,3.2143948291e-05
77400,1.29651918193e-05,3.20982781004e-05
77500,1.29610910707e-05,3.20527203883e-05
77600,1.29569861369e-05,3.2007274785e-05
77700,1.29528770518e-05,3.1961940886e-05
77800,1.29487638292e-05,3.19167182691e-05
77900,1.29446464846e-05,3.18716065157e-05
78000,1.29405250567e-05,3.18266052327e-05
78100,1.29363996211e-05,3.17817140653e-05
78200,1.29322702932e-05,3.17369327001e-05
78300,1.29281372164e-05,3.16922608534e-05
78400,1.29240005441e-05,3.16476982527e-05
78500,1.29198604168e-05,3.16032446143e-05
78600,1.29157169436e-05,3.15588996255e-05
78700,1.2911570195e-05,3.15146629369e-05
78800,1.29074202055e-05,3.14705341658e-05
78900,1.29032669889e-05,3.14265129109e-05
79000,1.2899110558e-05,3.13825987721e-05
79100,1.28949509475e-05,3.13387913728e-05
79200,1.28907882243e-05,3.129509037e-05
79300,1.28866224926e-05,3.12514954589e-05
79400,1.28824538841e-05,3.12080063633e-05
79500,1.28782825398e-05,3.11646228177e-05
79600,1.28741085906e-05,3.11213445483e-05
79700,1.28699321374e-05,3.10781712536e-05
79800,1.28657532451e-05,3.10351025984e-05
79900,1.28615719442e-05,3.09921382158e-05
80000,1.2857388244e-05,3.09492777204e-05
80100,1.28532021525e-05,3.09065207271e-05
80200,1.28490136951e-05,3.08638668698e-05
80300,1.2844822929e-05,3.08213158152e-05
80400,1.28406299444e-05,3.07788672637e-05
80500,1.28364348594e-05,3.07365209441e-05
80600,1.28322378014e-05,3.0694276596e-05
80700,1.2828038888e-05,3.06521339509e-05
80800,1.28238382119e-05,3.06100927176e-05
80900,1.28196358303e-05,3.05681525722e-05
81000,1.28154317677e-05,3.05263131612e-05
81100,1.28112260281e-05,3.04845741127e-05
81200,1.28070186135e-05,3.04429350549e-05
81300,1.280280954e-05,3.04013956314e-05
81400,1.27985988537e-05,3.03599555166e-05
81500,1.27943866319e-05,3.03186144162e-05
81600,1.27901729783e-05,3.02773720628e-05
81700,1.27859580066e-05,3.02362282001e-05
81800,1.27817418226e-05,3.01951825659e-05
81900,1.27775245091e-05,3.01542348768e-05
82000,1.27733061157e-05,3.01133848198e-05
82100,1.27690866617e-05,3.0072632054e-05
82200,1.27648661459e-05,3.00319762209e-05
82300,1.2760644563e-05,2.99914169599e-05
82400,1.27564219221e-05,2.99509539257e-05
82500,1.27521982584e-05,2.99105867996e-05
82600,1.27479736372e-05,2.98703152931e-05
82700,1.27437481488e-05,2.98301391428e-05
82800,1.27395218942e-05,2.97900580971e-05
82900,1.2735294968e-05,2.97500718995e-05
83000,1.27310674438e-05,2.97101802749e-05
83100,1.27268393646e-05,2.96703829208e-05
83200,1.27226107446e-05,2.96306795089e-05
83300,1.27183815779e-05,2.95910696935e-05
83400,1.27141518538e-05,2.95515531259e-05
83500,1.27099215744e-05,2.95121294714e-05
83600,1.27056907657e-05,2.94727984192e-05
83700,1.27014594817e-05,2.94335596867e-05
83800,1.26972278014e-05,2.93944130155e-05
83900,1.26929958136e-05,2.93553581588e-05
84000,1.26887636033e-05,2.93163948667e-05
84100,1.26845312357e-05,2.92775228722e-05
84200,1.26802987483e-05,2.9238741884e-05
84300,1.26760661504e-05,2.92000515854e-05
84400,1.26718334327e-05,2.9161451644e-05
84500,1.26676005801e-05,2.91229417236e-05
84600,1.26633675886e-05,2.90845214997e-05
84700,1.26591344761e-05,2.904619067e-05
84800,1.26549012873e-05,2.90079489587e-05
84900,1.26506680906e-05,2.89697961131e-05
85000,1.26464349646e-05,2.89317318916e-05
85100,1.26422019851e-05,2.88937560511e-05
85200,1.263796921e-05,2.88558683334e-05
85300,1.26337366721e-05,2.88180684575e-05
85400,1.26295043772e-05,2.87803561197e-05
85500,1.26252723128e-05,2.87427309998e-05
85600,1.26210404605e-05,2.87051927743e-05
85700,1.26168088114e-05,2.86677411297e-05
85800,1.26125773767e-05,2.86303757725e-05
85900,1.2608346193e-05,2.85930964343e-05
86000,1.26041153188e-05,2.85559028679e-05
86100,1.2599884824e-05,2.85187948382e-05
86200,1.25956547763e-05,2.84817721089e-05
86300,1.25914252277e-05,2.84448344307e-05
86400,1.25871962064e-05,2.84079815333e-05
86500,1.25829677157e-05,2.83712131252e-05
86600,1.25787397404e-05,2.83345288989e-05
86700,1.25745122601e-05,2.82979285437e-05
86800,1.25702852614e-05,2.82614117565e-05
86900,1.25660587502e-05,2.82249782537e-05
87000,1.25618327556e-05,2.81886277739e-05
87100,1.25576073283e-05,2.81523600767e-05
87200,1.25533825299e-05,2.81161749331e-05
87300,1.25491584214e-05,2.80800721146e-05
87400,1.25449350488e-05,2.804405138e-05
87500,1.25407124373e-05,2.80081124702e-05
87600,1.25364905873e-05,2.7972255105e-05
87700,1.2532269483e-05,2.79364789905e-05
87800,1.25280491012e-05,2.79007838276e-05
87900,1.25238294259e-05,2.78651693248e-05
88000,1.25196104579e-05,2.78296352073e-05
88100,1.25153922205e-05,2.77941812221e-05
88200,1.25111747568e-05,2.77588071352e-05
88300,1.25069581217e-05,2.77235127244e-05
88400,1.25027423695e-05,2.76882977681e-05
88500,1.24985275418e-05,2.76531620344e-05
88600,1.24943136607e-05,2.76181052744e-05
88700,1.24901007249e-05,2.75831272198e-05
88800,1.24858887175e-05,2.75482275889e-05
88900,1.24816776136e-05,2.75134060945e-05
89000,1.24774673954e-05,2.74786624568e-05
89100,1.24732580596e-05,2.74439964102e-05
89200,1.24690496237e-05,2.74094077093e-05
89300,1.24648421248e-05,2.73748961271e-05
89400,1.24606356115e-05,2.73404614484e-05
89500,1.24564301324e-05,2.73061034586e-05
89600,1.24522257255e-05,2.72718219351e-05
89700,1.24480224091e-05,2.72376166381e-05
89800,1.24438201815e-05,2.72034873115e-05
89900,1.24396190253e-05,2.71694336858e-05
90000,1.24354189145e-05,2.71354554856e-05
90100,1.2431219829e-05,2.71015524412e-05
90200,1.24270217625e-05,2.70677242971e-05
90300,1.24228247277e-05,2.70339708155e-05
90400,1.24186287569e-05,2.70002917773e-05
90500,1.24144338921e-05,2.69666869728e-05
90600,1.24102401775e-05,2.69331561955e-05
90700,1.24060476468e-05,2.68996992306e-05
90800,1.24018563169e-05,2.6866315849e-05
90900,1.2397666185e-05,2.68330058054e-05
91000,1.23934772325e-05,2.67997688415e-05
91100,1.23892894336e-05,2.67666046937e-05
91200,1.23851027666e-05,2.67335131031e-05
91300,1.23809172227e-05,2.67004938235e-05
91400,1.23767328107e-05,2.66675466252e-05
91500,1.23725495572e-05,2.66346712953e-05
91600,1.23683675e-05,2.66018676317e-05
91700,1.23641866782e-05,2.65691354346e-05
91800,1.2360007123e-05,2.65364744978e-05
91900,1.23558288485e-05,2.65038846012e-05
92000,1.23516518514e-05,2.64713655104e-05
92100,1.23474761135e-05,2.64389169786e-05
92200,1.23433016087e-05,2.64065387534e-05
92300,1.23391283137e-05,2.63742305859e-05
92400,1.2334956218e-05,2.63419922393e-05
92500,1.23307853268e-05,2.63098234917e-05
92600,1.23266156622e-05,2.6277724137e-05
92700,1.23224472576e-05,2.62456939799e-05
92800,1.23182801484e-05,2.62137328278e-05
92900,1.23141143622e-05,2.61818404821e-05
93000,1.23099499118e-05,2.61500167321e-05
93100,1.23057867936e-05,2.61182613536e-05
93200,1.23016249892e-05,2.60865741108e-05
93300,1.22974644724e-05,2.60549547617e-05
93400,1.22933052199e-05,2.60234030681e-05
93500,1.22891472186e-05,2.59919188015e-05
93600,1.22849904709e-05,2.59605017479e-05
93700,1.22808349955e-05,2.59291517084e-05
93800,1.22766808216e-05,2.58978684942e-05
93900,1.22725279803e-05,2.58666519188e-05
94000,1.22683764972e-05,2.5835501792e-05
94100,1.22642263839e-05,2.58044179121e-05
94200,1.22600776359e-05,2.57734000644e-05
94300,1.22559302352e-05,2.57424480234e-05
94400,1.22517841561e-05,2.57115615578e-05
94500,1.22476393748e-05,2.5680740439e-05
94600,1.22434958765e-05,2.56499844471e-05
94700,1.22393536613e-05,2.56192933759e-05
94800,1.22352127446e-05,2.55886670334e-05
94900,1.22310731516e-05,2.55581052367e-05
95000,1.22269349103e-05,2.55276078064e-05
95100,1.22227980441e-05,2.54971745596e-05
95200,1.22186625632e-05,2.54668053031e-05
95300,1.22145284633e-05,2.54364998319e-05
95400,1.2210395726e-05,2.54062579298e-05
95500,1.22062643269e-05,2.53760793763e-05
95600,1.22021342412e-05,2.53459639515e-05
95700,1.2198005454e-05,2.53159114448e-05
95800,1.21938779625e-05,2.52859216568e-05
95900,1.21897517788e-05,2.52559944021e-05
96000,1.21856269258e-05,2.52261295046e-05
96100,1.21815034281e-05,2.51963267911e-05
96200,1.21773813071e-05,2.5166586086e-05
96300,1.21732605718e-05,2.51369072041e-05
96400,1.21691412177e-05,2.51072899493e-05
96500,1.21650232275e-05,2.50777341154e-05
96600,1.21609065766e-05,2.5048239491e-05
96700,1.2156791241e-05,2.50188058658e-05
96800,1.21526772046e-05,2.49894330372e-05
96900,1.21485644626e-05,2.4960120813e-05
97000,1.21444530255e-05,2.49308690149e-05
97100,1.21403429118e-05,2.49016774721e-05
97200,1.21362341448e-05,2.48725460184e-05
97300,1.21321267432e-05,2.48434744846e-05
97400,1.21280207155e-05,2.48144626937e-05
97500,1.21239160573e-05,2.47855104581e-05
97600,1.21198127519e-05,2.47566175808e-05
97700,1.21157107753e-05,2.47277838596e-05
97800,1.2111610104e-05,2.46990090933e-05
97900,1.21075107207e-05,2.46702930867e-05
98000,1.21034126202e-05,2.46416356557e-05
98100,1.20993158098e-05,2.46130366273e-05
98200,1.2095220306e-05,2.45844958375e-05
98300,1.20911261297e-05,2.45560131259e-05
98400,1.20870332975e-05,2.45275883298e-05
98500,1.20829418182e-05,2.44992212803e-05
98600,1.20788516865e-05,2.44709117975e-05
98700,1.2074762887e-05,2.44426596935e-05
98800,1.20706753967e-05,2.44144647752e-05
98900,1.20665891922e-05,2.43863268495e-05
99000,1.20625042562e-05,2.43582457294e-05
99100,1.20584205821e-05,2.43302212374e-05
99200,1.20543381753e-05,2.4302253207e-05
99300,1.20502570503e-05,2.42743414799e-05
99400,1.20461772255e-05,2.42464859016e-05
99500,1.2042098717e-05,2.42186863165e-05
99600,1.20380215321e-05,2.4190942562e-05
99700,1.20339456662e-05,2.41632544668e-05
99800,1.2029871105e-05,2.41356218515e-05
99900,1.2025797826e-05,2.41080445309e-05
100000,1.20217258068e-05,2.40805223209e-05
100100,1.20176550298e-05,2.40530550416e-05
100200,1.20135854876e-05,2.40256425225e-05
100300,1.20095171842e-05,2.39982846034e-05
100400,1.20054501318e-05,2.39709811311e-05
100500,1.20013843478e-05,2.39437319579e-05
100600,1.19973198462e-05,2.39165369335e-05
100700,1.19932566344e-05,2.38893959028e-05
100800,1.19891947085e-05,2.38623087022e-05
100900,1.19851340542e-05,2.38352751598e-05
101000,1.19810746511e-05,2.38082950996e-05
101100,1.1977016477e-05,2.37813683446e-05
101200,1.19729595149e-05,2.37544947229e-05
101300,1.19689037565e-05,2.37276740703e-05
101400,1.19648492044e-05,2.37009062324e-05
101500,1.19607958699e-05,2.36741910625e-05
101600,1.19567437681e-05,2.36475284176e-05
101700,1.19526929125e-05,2.36209181539e-05
101800,1.19486433099e-05,2.35943601229e-05
101900,1.19445949572e-05,2.35678541683e-05
102000,1.19405478414e-05,2.35414001266e-05
102100,1.19365019428e-05,2.35149978289e-05
102200,1.19324572403e-05,2.34886471063e-05
102300,1.19284137175e-05,2.3462347794e-05
102400,1.19243713655e-05,2.34360997343e-05
102500,1.19203301861e-05,2.34099027788e-05
102600,1.19162901894e-05,2.33837567863e-05
102700,1.19122513889e-05,2.3357661619e-05
102800,1.19082137976e-05,2.33316171395e-05
102900,1.19041774223e-05,2.33056232055e-05
103000,1.19001422603e-05,2.32796796678e-05
103100,1.18961082996e-05,2.325378637e-05
103200,1.18920755222e-05,2.32279431514e-05
103300,1.1888043908e-05,2.32021498505e-05
103400,1.18840134412e-05,2.31764063093e-05
103500,1.18799841129e-05,2.31507123767e-05
103600,1.18759559239e-05,2.31250679097e-05
103700,1.18719288831e-05,2.30994727724e-05
103800,1.18679030036e-05,2.3073926833e-05
103900,1.18638782978e-05,2.30484299595e-05
104000,1.1859854772e-05,2.30229820156e-05
104100,1.18558324247e-05,2.29975828592e-05
104200,1.1851811245e-05,2.2972232341e-05
104300,1.18477912163e-05,2.29469303079e-05
104400,1.18437723199e-05,2.29216766053e-05
104500,1.18397545404e-05,2.28964710822e-05
104600,1.18357378692e-05,2.28713135934e-05
104700,1.18317223069e-05,2.28462040018e-05
104800,1.18277078614e-05,2.28211421768e-05
104900,1.18236945451e-05,2.27961279917e-05
105000,1.18196823699e-05,2.27711613201e-05
105100,1.18156713422e-05,2.27462420317e-05
105200,1.18116614617e-05,2.2721369991e-05
105300,1.18076527188e-05,2.26965450559e-05
105400,1.1803645098e-05,2.26717670798e-05
105500,1.17996385822e-05,2.26470359155e-05
105600,1.17956331571e-05,2.26223514186e-05
105700,1.17916288141e-05,2.25977134498e-05
105800,1.17876255539e-05,2.25731218777e-05
105900,1.17836233837e-05,2.25485765766e-05
106000,1.17796223153e-05,2.2524077425e-05
106100,1.17756223605e-05,2.24996243021e-05
106200,1.17716235258e-05,2.2475217083e-05
106300,1.1767625812e-05,2.24508556387e-05
106400,1.17636292109e-05,2.2426539834e-05
106500,1.17596337085e-05,2.24022695288e-05
106600,1.17556392892e-05,2.23780445829e-05
106700,1.17516459398e-05,2.23538648582e-05
106800,1.17476536524e-05,2.23297302213e-05
106900,1.17436624272e-05,2.23056405459e-05
107000,1.17396722713e-05,2.22815957116e-05
107100,1.17356831963e-05,2.22575956021e-05
107200,1.17316952137e-05,2.22336401013e-05
107300,1.17277083311e-05,2.22097290905e-05
107400,1.1723722549e-05,2.21858624462e-05
107500,1.17197378615e-05,2.21620400396e-05
107600,1.17157542565e-05,2.2138261738e-05
107700,1.17117717192e-05,2.21145274067e-05
107800,1.17077902379e-05,2.20908369142e-05
107900,1.17038098056e-05,2.20671901329e-05
108000,1.16998304225e-05,2.20435869418e-05
108100,1.16958520953e-05,2.2020027225e-05
108200,1.16918748358e-05,2.19965108714e-05
108300,1.1687898655e-05,2.19730377696e-05
108400,1.16839235616e-05,2.19496078069e-05
108500,1.16799495569e-05,2.19262208649e-05
108600,1.16759766367e-05,2.19028768216e-05
108700,1.16720047897e-05,2.18795755497e-05
108800,1.16680340039e-05,2.18563169219e-05
108900,1.16640642681e-05,2.18331008118e-05
109000,1.16600955762e-05,2.18099270977e-05
109100,1.16561279288e-05,2.17867956635e-05
109200,1.16521613328e-05,2.17637063983e-05
109300,1.16481957997e-05,2.17406591956e-05
109400,1.16442313405e-05,2.17176539487e-05
109500,1.16402679646e-05,2.16946905501e-05
109600,1.16363056745e-05,2.16717688871e-05
109700,1.1632344467e-05,2.16488888432e-05
109800,1.16283843334e-05,2.16260502979e-05
109900,1.16244252625e-05,2.16032531292e-05
110000,1.16204672447e-05,2.15804972168e-05
110100,1.16165102746e-05,2.1557782444e-05
110200,1.16125543534e-05,2.15351086998e-05
110300,1.16085994882e-05,2.15124758781e-05
110400,1.160464569e-05,2.14898838765e-05
110500,1.16006929708e-05,2.14673325934e-05
110600,1.15967413399e-05,2.14448219258e-05
110700,1.15927908011e-05,2.14223517665e-05
110800,1.15888413527e-05,2.13999220046e-05
110900,1.15848929875e-05,2.13775325253e-05
111000,1.15809456959e-05,2.13551832123e-05
111100,1.15769994701e-05,2.13328739511e-05
111200,1.1573054305e-05,2.13106046298e-05
111300,1.15691102026e-05,2.12883751421e-05
111400,1.15651671699e-05,2.12661853865e-05
111500,1.15612252183e-05,2.12440352648e-05
111600,1.15572843597e-05,2.12219246797e-05
111700,1.15533446041e-05,2.1199853533e-05
111800,1.15494059565e-05,2.11778217227e-05
111900,1.15454684164e-05,2.11558291431e-05
112000,1.15415319781e-05,2.11338756848e-05
112100,1.1537596634e-05,2.11119612371e-05
112200,1.15336623766e-05,2.10900856902e-05
112300,1.15297292028e-05,2.10682489377e-05
112400,1.15257971144e-05,2.10464508776e-05
112500,1.15218661189e-05,2.10246914125e-05
112600,1.15179362277e-05,2.10029704484e-05
112700,1.15140074529e-05,2.09812878922e-05
112800,1.15100798048e-05,2.09596436499e-05
112900,1.15061532899e-05,2.09380376248e-05
113000,1.15022279081e-05,2.09164697154e-05
113100,1.14983036561e-05,2.08949398181e-05
113200,1.14943805269e-05,2.08734478269e-05
113300,1.14904585149e-05,2.08519936374e-05
113400,1.14865376176e-05,2.08305771474e-05
113500,1.14826178371e-05,2.08091982593e-05
113600,1.14786991813e-05,2.07878568798e-05
113700,1.14747816611e-05,2.07665529184e-05
113800,1.14708652896e-05,2.07452862866e-05
113900,1.14669500771e-05,2.07240568941e-05
114000,1.14630360304e-05,2.07028646483e-05
114100,1.14591231514e-05,2.0681709453e-05
114200,1.14552114374e-05,2.0660591209e-05
114300,1.14513008833e-05,2.06395098155e-05
114400,1.14473914838e-05,2.0618465172e-05
114500,1.14434832378e-05,2.05974571815e-05
114600,1.14395761479e-05,2.057648575e-05
114700,1.14356702215e-05,2.05555507879e-05
114800,1.14317654697e-05,2.05346522083e-05
114900,1.14278619055e-05,2.05137899264e-05
115000,1.14239595399e-05,2.04929638559e-05
115100,1.14200583799e-05,2.04721739079e-05
115200,1.14161584284e-05,2.04514199909e-05
115300,1.14122596842e-05,2.04307020102e-05
115400,1.14083621424e-05,2.0410019869e-05
115500,1.14044658002e-05,2.0389373472e-05
115600,1.14005706554e-05,2.03687627252e-05
115700,1.13966767116e-05,2.03481875389e-05
115800,1.1392783976e-05,2.03276478267e-05
115900,1.13888924601e-05,2.03071435055e-05
116000,1.13850021762e-05,2.02866744934e-05
116100,1.13811131352e-05,2.02662407076e-05
116200,1.13772253454e-05,2.02458420636e-05
116300,1.13733388094e-05,2.0225478473e-05
116400,1.13694535275e-05,2.02051498458e-05
116500,1.13655694956e-05,2.01848560891e-05
116600,1.13616867114e-05,2.01645971117e-05
116700,1.13578051736e-05,2.01443728233e-05
116800,1.13539248853e-05,2.01241831375e-05
116900,1.13500458542e-05,2.01040279714e-05
117000,1.13461680905e-05,2.00839072444e-05
117100,1.1342291607e-05,2.00638208782e-05
117200,1.13384164145e-05,2.00437687932e-05
117300,1.13345425208e-05,2.00237509077e-05
117400,1.13306699299e-05,2.00037671378e-05
117500,1.13267986416e-05,1.99838173963e-05
117600,1.13229286541e-05,1.99639015954e-05
117700,1.1319059964e-05,1.99440196463e-05
117800,1.13151925711e-05,1.99241714627e-05
117900,1.13113264781e-05,1.99043569612e-05
118000,1.13074616922e-05,1.98845760616e-05
118100,1.13035982238e-05,1.98648286868e-05
118200,1.12997360843e-05,1.98451147603e-05
118300,1.12958752847e-05,1.9825434206e-05
118400,1.12920158329e-05,1.98057869455e-05
118500,1.12881577329e-05,1.97861728976e-05
118600,1.12843009849e-05,1.9766591979e-05
118700,1.12804455873e-05,1.97470441048e-05
118800,1.12765915375e-05,1.97275291901e-05
118900,1.12727388348e-05,1.97080471515e-05
119000,1.12688874821e-05,1.96885979085e-05
119100,1.12650374857e-05,1.96691813834e-05
119200,1.12611888556e-05,1.96497975018e-05
119300,1.12573416025e-05,1.96304461897e-05
119400,1.12534957366e-05,1.96111273734e-05
119500,1.12496512656e-05,1.95918409772e-05
119600,1.12458081935e-05,1.95725869231e-05
119700,1.12419665213e-05,1.95533651312e-05
119800,1.12381262466e-05,1.95341755193e-05
119900,1.12342873677e-05,1.95150180057e-05
120000,1.12304498833e-05,1.94958925097e-05
120100,1.12266137959e-05,1.94767989536e-05
120200,1.12227791113e-05,1.9457737262e-05
120300,1.12189458381e-05,1.94387073626e-05
120400,1.12151139868e-05,1.94197091839e-05
120500,1.12112835663e-05,1.94007426541e-05
120600,1.12074545846e-05,1.93818077007e-05
120700,1.12036270455e-05,1.93629042483e-05
120800,1.1199800949e-05,1.93440322191e-05
120900,1.11959762934e-05,1.93251915344e-05
121000,1.11921530765e-05,1.9306382115e-05
121100,1.1188331297e-05,1.9287603883e-05
121200,1.11845109567e-05,1.92688567628e-05
121300,1.11806920603e-05,1.92501406813e-05
121400,1.11768746162e-05,1.92314555684e-05
121500,1.1173058633e-05,1.92128013543e-05
121600,1.11692441193e-05,1.91941779696e-05
121700,1.11654310822e-05,1.91755853438e-05
121800,1.11616195249e-05,1.9157023404e-05
121900,1.11578094478e-05,1.91384920753e-05
122000,1.11540008487e-05,1.91199912812e-05
122100,1.1150193725e-05,1.91015209452e-05
122200,1.11463880749e-05,1.90830809917e-05
122300,1.11425838997e-05,1.90646713472e-05
122400,1.11387812032e-05,1.9046291941e-05
122500,1.11349799923e-05,1.90279427042e-05
122600,1.11311802744e-05,1.90096235691e-05
122700,1.11273820582e-05,1.89913344686e-05
122800,1.11235853491e-05,1.89730753338e-05
122900,1.11197901499e-05,1.89548460941e-05
123000,1.11159964607e-05,1.8936646677e-05
123100,1.1112204279e-05,1.89184770085e-05
123200,1.11084136014e-05,1.8900337014e-05
123300,1.11046244263e-05,1.88822266206e-05
123400,1.11008367535e-05,1.88641457567e-05
123500,1.10970505862e-05,1.88460943531e-05
123600,1.10932659296e-05,1.88280723428e-05
123700,1.10894827905e-05,1.88100796597e-05
123800,1.10857011763e-05,1.87921162385e-05
123900,1.10819210916e-05,1.87741820124e-05
124000,1.10781425385e-05,1.87562769125e-05
124100,1.10743655166e-05,1.87384008686e-05
124200,1.10705900229e-05,1.8720553809e-05
124300,1.10668160538e-05,1.87027356612e-05
124400,1.10630436066e-05,1.86849463542e-05
124500,1.10592726804e-05,1.86671858182e-05
124600,1.10555032772e-05,1.86494539859e-05
124700,1.10517354014e-05,1.86317507918e-05
124800,1.10479690585e-05,1.86140761715e-05
124900,1.10442042543e-05,1.8596430061e-05
125000,1.10404409929e-05,1.85788123953e-05
125100,1.10366792758e-05,1.85612231079e-05
125200,1.10329191015e-05,1.854366213e-05
125300,1.10291604669e-05,1.8526129392e-05
125400,1.1025403368e-05,1.8508624824e-05
125500,1.10216478008e-05,1.84911483562e-05
125600,1.10178937641e-05,1.8473699921e-05
125700,1.10141412585e-05,1.84562794526e-05
125800,1.10103902871e-05,1.84388868866e-05
125900,1.10066408547e-05,1.84215221608e-05
126000,1.10028929656e-05,1.84041852122e-05
126100,1.09991466228e-05,1.83868759775e-05
126200,1.09954018272e-05,1.83695943919e-05
126300,1.0991658577e-05,1.83523403889e-05
126400,1.09879168683e-05,1.83351139006e-05
126500,1.09841766962e-05,1.83179148588e-05
126600,1.09804380565e-05,1.83007431958e-05
126700,1.09767009469e-05,1.82835988456e-05
126800,1.0972965367e-05,1.82664817437e-05
126900,1.09692313189e-05,1.82493918277e-05
127000,1.09654988058e-05,1.82323290361e-05
127100,1.09617678311e-05,1.82152933078e-05
127200,1.09580383971e-05,1.81982845811e-05
127300,1.09543105038e-05,1.81813027928e-05
127400,1.09505841486e-05,1.81643478779e-05
127500,1.09468593273e-05,1.8147419771e-05
127600,1.09431360343e-05,1.81305184051e-05
127700,1.09394142651e-05,1.81136437148e-05
127800,1.09356940157e-05,1.80967956352e-05
127900,1.09319752856e-05,1.80799741037e-05
128000,1.09282580754e-05,1.8063179059e-05
128100,1.09245423872e-05,1.80464104412e-05
128200,1.09208282238e-05,1.80296681907e-05
128300,1.09171155862e-05,1.80129522472e-05
128400,1.09134044735e-05,1.79962625489e-05
128500,1.09096948827e-05,1.79795990329e-05
128600,1.09059868093e-05,1.79629616353e-05
128700,1.09022802471e-05,1.79463502913e-05
128800,1.08985751909e-05,1.79297649369e-05
128900,1.08948716365e-05,1.79132055091e-05
129000,1.08911695816e-05,1.78966719464e-05
129100,1.08874690263e-05,1.78801641892e-05
129200,1.08837699719e-05,1.78636821789e-05
129300,1.08800724197e-05,1.78472258572e-05
129400,1.08763763702e-05,1.78307951652e-05
129500,1.08726818221e-05,1.78143900432e-05
129600,1.08689887717e-05,1.77980104297e-05
129700,1.08652972142e-05,1.77816562627e-05
129800,1.08616071427e-05,1.77653274791e-05
129900,1.08579185518e-05,1.77490240166e-05
130000,1.08542314363e-05,1.77327458138e-05
130100,1.08505457935e-05,1.77164928107e-05
130200,1.08468616228e-05,1.77002649494e-05
130300,1.08431789241e-05,1.76840621722e-05
130400,1.08394976984e-05,1.76678844226e-05
130500,1.0835817945e-05,1.76517316431e-05
130600,1.08321396625e-05,1.76356037756e-05
130700,1.08284628468e-05,1.76195007605e-05
130800,1.08247874924e-05,1.76034225373e-05
130900,1.08211135928e-05,1.75873690451e-05
131000,1.08174411416e-05,1.7571340223e-05
131100,1.08137701333e-05,1.75553360111e-05
131200,1.0810100565e-05,1.75393563516e-05
131300,1.0806432435e-05,1.75234011874e-05
131400,1.08027657426e-05,1.75074704626e-05
131500,1.0799100488e-05,1.7491564122e-05
131600,1.07954366703e-05,1.74756821097e-05
131700,1.07917742876e-05,1.74598243694e-05
131800,1.07881133352e-05,1.74439908429e-05
131900,1.07844538078e-05,1.74281814719e-05
132000,1.07807956989e-05,1.74123961971e-05
132100,1.07771390017e-05,1.73966349595e-05
132200,1.07734837107e-05,1.7380897701e-05
132300,1.0769829822e-05,1.7365184365e-05
132400,1.07661773335e-05,1.7349494896e-05
132500,1.07625262446e-05,1.73338292402e-05
132600,1.07588765546e-05,1.73181873432e-05
132700,1.07552282622e-05,1.73025691511e-05
132800,1.07515813654e-05,1.72869746091e-05
132900,1.07479358597e-05,1.72714036612e-05
133000,1.07442917392e-05,1.72558562503e-05
133100,1.07406489981e-05,1.72403323196e-05
133200,1.07370076289e-05,1.72248318114e-05
133300,1.07333676264e-05,1.72093546697e-05
133400,1.07297289866e-05,1.71939008395e-05
133500,1.07260917071e-05,1.71784702671e-05
133600,1.07224557866e-05,1.71630628996e-05
133700,1.07188212243e-05,1.71476786849e-05
133800,1.07151880192e-05,1.71323175705e-05
133900,1.07115561686e-05,1.71169795034e-05
134000,1.07079256684e-05,1.71016644292e-05
134100,1.07042965131e-05,1.70863722931e-05
134200,1.07006686964e-05,1.70711030398e-05
134300,1.06970422118e-05,1.70558566138e-05
134400,1.06934170541e-05,1.7040632961e-05
134500,1.06897932185e-05,1.70254320277e-05
134600,1.06861707031e-05,1.7010253762e-05
134700,1.06825495065e-05,1.69950981129e-05
134800,1.06789296279e-05,1.69799650299e-05
134900,1.06753110662e-05,1.69648544622e-05
135000,1.06716938184e-05,1.6949766358e-05
135100,1.06680778813e-05,1.69347006657e-05
135200,1.06644632496e-05,1.69196573321e-05
135300,1.06608499171e-05,1.69046363035e-05
135400,1.06572378778e-05,1.68896375268e-05
135500,1.06536271267e-05,1.68746609496e-05
135600,1.06500176596e-05,1.685970652e-05
135700,1.06464094742e-05,1.68447741878e-05
135800,1.06428025692e-05,1.68298639036e-05
135900,1.0639196944e-05,1.68149756185e-05
136000,1.06355925972e-05,1.68001092835e-05
136100,1.0631989527e-05,1.67852648492e-05
136200,1.062838773e-05,1.67704422652e-05
136300,1.06247872016e-05,1.67556414805e-05
136400,1.06211879358e-05,1.67408624434e-05
136500,1.06175899274e-05,1.67261051028e-05
136600,1.06139931716e-05,1.6711369408e-05
136700,1.06103976646e-05,1.6696655309e-05
136800,1.0606803404e-05,1.66819627573e-05
136900,1.06032103893e-05,1.66672917054e-05
137000,1.05996186194e-05,1.66526421059e-05
137100,1.05960280938e-05,1.66380139116e-05
137200,1.05924388109e-05,1.6623407075e-05
137300,1.05888507676e-05,1.66088215475e-05
137400,1.05852639598e-05,1.65942572801e-05
137500,1.05816783824e-05,1.65797142231e-05
137600,1.05780940309e-05,1.65651923274e-05
137700,1.05745109003e-05,1.65506915438e-05
137800,1.05709289878e-05,1.65362118246e-05
137900,1.05673482912e-05,1.65217531227e-05
138000,1.05637688098e-05,1.65073153923e-05
138100,1.05601905437e-05,1.6492898588e-05
138200,1.05566134917e-05,1.6478502664e-05
138300,1.05530376533e-05,1.64641275747e-05
138400,1.05494630259e-05,1.64497732735e-05
138500,1.05458896056e-05,1.64354397131e-05
138600,1.05423173886e-05,1.64211268459e-05
138700,1.05387463701e-05,1.64068346244e-05
138800,1.05351765464e-05,1.63925630016e-05
138900,1.05316079147e-05,1.63783119313e-05
139000,1.05280404732e-05,1.63640813682e-05
139100,1.0524474222e-05,1.63498712683e-05
139200,1.05209091605e-05,1.63356815873e-05
139300,1.05173452891e-05,1.63215122819e-05
139400,1.05137826066e-05,1.63073633076e-05
139500,1.05102211113e-05,1.62932346196e-05
139600,1.05066608007e-05,1.6279126173e-05
139700,1.05031016703e-05,1.62650379215e-05
139800,1.04995437168e-05,1.62509698196e-05
139900,1.04959869368e-05,1.62369218221e-05
140000,1.04924313276e-05,1.62228938844e-05
140100,1.04888768883e-05,1.62088859629e-05
140200,1.04853236187e-05,1.61948980151e-05
140300,1.04817715189e-05,1.61809299985e-05
140400,1.04782205893e-05,1.6166981871e-05
140500,1.04746708299e-05,1.61530535904e-05
140600,1.04711222386e-05,1.6139145113e-05
140700,1.04675748135e-05,1.61252563956e-05
140800,1.04640285514e-05,1.61113873942e-05
140900,1.04604834491e-05,1.60975380649e-05
141000,1.04569395034e-05,1.60837083637e-05
141100,1.04533967127e-05,1.60698982482e-05
141200,1.04498550756e-05,1.6056107676e-05
141300,1.04463145926e-05,1.6042336606e-05
141400,1.04427752643e-05,1.60285849976e-05
141500,1.04392370908e-05,1.60148528098e-05
141600,1.04357000727e-05,1.60011400021e-05
141700,1.04321642089e-05,1.5987446533e-05
141800,1.04286294973e-05,1.59737723601e-05
141900,1.04250959354e-05,1.59601174415e-05
142000,1.04215635202e-05,1.59464817344e-05
142100,1.04180322496e-05,1.59328651972e-05
142200,1.04145021214e-05,1.59192677882e-05
142300,1.04109731357e-05,1.59056894672e-05
142400,1.04074452918e-05,1.58921301938e-05
142500,1.04039185917e-05,1.58785899295e-05
142600,1.04003930355e-05,1.58650686346e-05
142700,1.03968686234e-05,1.58515662695e-05
142800,1.03933453551e-05,1.58380827944e-05
142900,1.03898232293e-05,1.58246181691e-05
143000,1.03863022431e-05,1.58111723522e-05
143100,1.0382782395e-05,1.57977453036e-05
143200,1.03792636822e-05,1.57843369821e-05
143300,1.03757461036e-05,1.57709473481e-05
143400,1.03722296585e-05,1.57575763623e-05
143500,1.03687143478e-05,1.57442239863e-05
143600,1.03652001723e-05,1.57308901822e-05
143700,1.03616871329e-05,1.5717574912e-05
143800,1.03581752302e-05,1.57042781375e-05
143900,1.03546644638e-05,1.56909998202e-05
144000,1.03511548325e-05,1.5677739921e-05
144100,1.03476463348e-05,1.56644984008e-05
144200,1.03441389684e-05,1.56512752199e-05
144300,1.03406327317e-05,1.56380703395e-05
144400,1.03371276233e-05,1.56248837206e-05
144500,1.03336236428e-05,1.56117153255e-05
144600,1.03301207911e-05,1.55985651171e-05
144700,1.03266190692e-05,1.55854330584e-05
144800,1.03231184779e-05,1.55723191128e-05
144900,1.03196190182e-05,1.55592232435e-05
145000,1.03161206901e-05,1.55461454133e-05
145100,1.03126234926e-05,1.55330855845e-05
145200,1.03091274241e-05,1.5520043719e-05
145300,1.03056324831e-05,1.5507019779e-05
145400,1.03021386675e-05,1.54940137263e-05
145500,1.02986459767e-05,1.54810255237e-05
145600,1.02951544105e-05,1.54680551346e-05
145700,1.02916639695e-05,1.54551025228e-05
145800,1.02881746545e-05,1.54421676527e-05
145900,1.02846864675e-05,1.54292504891e-05
146000,1.02811994083e-05,1.54163509959e-05
146100,1.02777134776e-05,1.54034691373e-05
146200,1.02742286746e-05,1.53906048769e-05
146300,1.02707449981e-05,1.5377758178e-05
146400,1.02672624465e-05,1.53649290038e-05
146500,1.02637810183e-05,1.53521173175e-05
146600,1.02603007131e-05,1.53393230833e-05
146700,1.02568215298e-05,1.5326546265e-05
146800,1.02533434699e-05,1.53137868283e-05
146900,1.02498665344e-05,1.53010447383e-05
147000,1.02463907243e-05,1.52883199608e-05
147100,1.02429160404e-05,1.5275612461e-05
147200,1.02394424834e-05,1.52629222044e-05
147300,1.02359700522e-05,1.52502491554e-05
147400,1.02324987462e-05,1.52375932789e-05
147500,1.02290285638e-05,1.52249545388e-05
147600,1.02255595039e-05,1.52123329001e-05
147700,1.02220915653e-05,1.51997283272e-05
147800,1.02186247484e-05,1.51871407861e-05
147900,1.02151590535e-05,1.51745702426e-05
148000,1.02116944822e-05,1.51620166635e-05
148100,1.02082310349e-05,1.51494800149e-05
148200,1.02047687131e-05,1.51369602637e-05
148300,1.02013075172e-05,1.51244573762e-05
148400,1.01978474464e-05,1.51119713181e-05
148500,1.01943885001e-05,1.50995020551e-05
148600,1.01909306769e-05,1.50870495526e-05
148700,1.01874739756e-05,1.50746137762e-05
148800,1.01840183956e-05,1.5062194692e-05
148900,1.01805639369e-05,1.50497922665e-05
149000,1.01771105999e-05,1.50374064668e-05
149100,1.01736583856e-05,1.50250372602e-05
149200,1.01702072955e-05,1.50126846144e-05
149300,1.01667573303e-05,1.50003484971e-05
149400,1.01633084904e-05,1.49880288753e-05
149500,1.01598607756e-05,1.49757257161e-05
149600,1.01564141849e-05,1.49634389861e-05
149700,1.01529687175e-05,1.49511686519e-05
149800,1.01495243721e-05,1.49389146802e-05
149900,1.0146081148e-05,1.49266770378e-05
150000,1.01426390449e-05,1.49144556922e-05
150100,1.01391980637e-05,1.49022506116e-05
150200,1.01357582053e-05,1.48900617643e-05
150300,1.01323194709e-05,1.48778891188e-05
150400,1.01288818613e-05,1.48657326437e-05
150500,1.01254453768e-05,1.48535923071e-05
150600,1.01220100175e-05,1.4841468077e-05
150700,1.01185757825e-05,1.48293599212e-05
150800,1.01151426707e-05,1.4817267807e-05
150900,1.01117106809e-05,1.4805191702e-05
151000,1.0108279813e-05,1.47931315745e-05
151100,1.01048500664e-05,1.47810873927e-05
151200,1.0101421442e-05,1.47690591257e-05
151300,1.00979939402e-05,1.47570467424e-05
151400,1.00945675623e-05,1.47450502125e-05
151500,1.00911423092e-05,1.47330695052e-05
151600,1.00877181814e-05,1.47211045899e-05
151700,1.00842951789e-05,1.47091554355e-05
151800,1.00808733006e-05,1.46972220104e-05
151900,1.00774525456e-05,1.46853042831e-05
152000,1.00740329133e-05,1.46734022224e-05
152100,1.0070614403e-05,1.46615157973e-05
152200,1.00671970139e-05,1.46496449767e-05
152300,1.00637807471e-05,1.46377897305e-05
152400,1.00603656035e-05,1.46259500291e-05
152500,1.00569515835e-05,1.46141258423e-05
152600,1.00535386884e-05,1.46023171407e-05
152700,1.00501269185e-05,1.45905238942e-05
152800,1.00467162737e-05,1.45787460727e-05
152900,1.00433067532e-05,1.45669836456e-05
153000,1.00398983564e-05,1.45552365825e-05
153100,1.0036491082e-05,1.45435048528e-05
153200,1.00330849297e-05,1.45317884263e-05
153300,1.00296798991e-05,1.45200872731e-05
153400,1.0026275991e-05,1.45084013641e-05
153500,1.00228732054e-05,1.44967306697e-05
153600,1.00194715437e-05,1.44850751612e-05
153700,1.00160710066e-05,1.44734348097e-05
153800,1.00126715945e-05,1.44618095862e-05
153900,1.00092733075e-05,1.44501994614e-05
154000,1.00058761445e-05,1.44386044054e-05
154100,1.00024801051e-05,1.44270243888e-05
154200,9.99908518839e-06,1.4415459382e-05
154300,9.99569139339e-06,1.44039093554e-05
154400,9.99229872037e-06,1.43923742803e-05
154500,9.98890716906e-06,1.43808541277e-05
154600,9.98551674057e-06,1.43693488695e-05
154700,9.98212743544e-06,1.43578584774e-05
154800,9.97873925457e-06,1.43463829235e-05
154900,9.97535219818e-06,1.43349221793e-05
155000,9.9719662665e-06,1.43234762166e-05
155100,9.96858145896e-06,1.43120450066e-05
155200,9.96519777427e-06,1.43006285202e-05
155300,9.96181521192e-06,1.42892267288e-05
155400,9.95843377127e-06,1.42778396038e-05
155500,9.95505345177e-06,1.42664671169e-05
155600,9.95167425417e-06,1.42551092404e-05
155700,9.94829617855e-06,1.42437659466e-05
155800,9.9449192261e-06,1.42324372083e-05
155900,9.94154339711e-06,1.42211229979e-05
156000,9.93816869193e-06,1.4209823288e-05
156100,9.93479511082e-06,1.41985380509e-05
156200,9.93142265309e-06,1.41872672588e-05
156300,9.92805131789e-06,1.41760108836e-05
156400,9.92468110424e-06,1.41647688971e-05
156500,9.92131201192e-06,1.4153541272e-05
156600,9.91794404029e-06,1.41423279804e-05
156700,9.91457718981e-06,1.41311289955e-05
156800,9.91121146037e-06,1.411994429e-05
156900,9.90784685339e-06,1.41087738378e-05
157000,9.90448336896e-06,1.40976176119e-05
157100,9.90112100765e-06,1.40864755857e-05
157200,9.8977597694e-06,1.40753477322e-05
157300,9.89439965355e-06,1.40642340244e-05
157400,9.89104065931e-06,1.40531344349e-05
157500,9.88768278623e-06,1.40420489367e-05
157600,9.88432603318e-06,1.40309775026e-05
157700,9.8809703999e-06,1.40199201058e-05
157800,9.87761588717e-06,1.40088767203e-05
157900,9.87426249447e-06,1.39978473195e-05
158000,9.87091022289e-06,1.39868318776e-05
158100,9.86755907283e-06,1.39758303688e-05
158200,9.86420904468e-06,1.39648427669e-05
158300,9.86086013827e-06,1.39538690458e-05
158400,9.8575123533e-06,1.39429091793e-05
158500,9.85416568889e-06,1.39319631407e-05
158600,9.85082014443e-06,1.39210309037e-05
158700,9.84747571886e-06,1.39101124418e-05
158800,9.84413241229e-06,1.38992077292e-05
158900,9.8407902244e-06,1.388831674e-05
159000,9.83744915572e-06,1.38774394489e-05
159100,9.83410920647e-06,1.38665758304e-05
159200,9.83077037763e-06,1.38557258596e-05
159300,9.82743266913e-06,1.38448895109e-05
159400,9.82409608099e-06,1.3834066759e-05
159500,9.82076061283e-06,1.38232575782e-05
159600,9.81742626388e-06,1.38124619428e-05
159700,9.81409303314e-06,1.38016798269e-05
159800,9.81076092043e-06,1.37909112053e-05
159900,9.80742992489e-06,1.37801560522e-05
160000,9.80410004681e-06,1.37694143429e-05
160100,9.80077128616e-06,1.37586860523e-05
160200,9.7974436437e-06,1.37479711561e-05
160300,9.79411711972e-06,1.37372696295e-05
160400,9.79079171429e-06,1.37265814478e-05
160500,9.78746742773e-06,1.37159065866e-05
160600,9.78414425944e-06,1.37052450207e-05
160700,9.78082220854e-06,1.3694596725e-05
160800,9.77750127441e-06,1.36839616746e-05
160900,9.77418145654e-06,1.36733398447e-05
161000,9.77086275429e-06,1.36627312104e-05
161100,9.76754516758e-06,1.36521357474e-05
161200,9.76422869665e-06,1.36415534315e-05
161300,9.7609133419e-06,1.36309842387e-05
161400,9.75759910388e-06,1.36204281453e-05
161500,9.75428598254e-06,1.3609885127e-05
161600,9.75097397801e-06,1.35993551599e-05
161700,9.74766308961e-06,1.35888382196e-05
161800,9.74435331709e-06,1.3578334282e-05
161900,9.74104465928e-06,1.35678433224e-05
162000,9.73773711566e-06,1.35573653168e-05
162100,9.73443068567e-06,1.35469002411e-05
162200,9.73112536952e-06,1.35364480715e-05
162300,9.72782116732e-06,1.35260087847e-05
162400,9.724518079e-06,1.3515582357e-05
162500,9.72121610508e-06,1.35051687651e-05
162600,9.71791524589e-06,1.34947679859e-05
162700,9.71461550134e-06,1.34843799959e-05
162800,9.71131687096e-06,1.34740047714e-05
162900,9.70801935377e-06,1.34636422885e-05
163000,9.70472294956e-06,1.34532925239e-05
163100,9.70142765774e-06,1.34429554541e-05
163200,9.69813347702e-06,1.3432631055e-05
163300,9.69484040792e-06,1.34223193039e-05
163400,9.69154845033e-06,1.34120201779e-05
163500,9.68825760475e-06,1.34017336543e-05
163600,9.68496787124e-06,1.33914597101e-05
163700,9.68167924997e-06,1.33811983227e-05
163800,9.67839174082e-06,1.33709494693e-05
163900,9.67510534353e-06,1.3360713127e-05
164000,9.67182005737e-06,1.33504892725e-05
164100,9.66853588161e-06,1.3340277883e-05
164200,9.66525281566e-06,1.33300789354e-05
164300,9.66197085908e-06,1.33198924069e-05
164400,9.65869001137e-06,1.33097182749e-05
164500,9.65541027296e-06,1.32995565171e-05
164600,9.65213164399e-06,1.32894071114e-05
164700,9.64885412441e-06,1.32792700355e-05
164800,9.64557771449e-06,1.32691452672e-05
164900,9.64230241442e-06,1.32590327846e-05
165000,9.63902822355e-06,1.32489325651e-05
165100,9.63575514129e-06,1.32388445862e-05
165200,9.63248316672e-06,1.32287688255e-05
165300,9.6292122999e-06,1.32187052609e-05
165400,9.62594253938e-06,1.32086538698e-05
165500,9.62267388547e-06,1.31986146303e-05
165600,9.61940633831e-06,1.31885875209e-05
165700,9.61613989769e-06,1.31785725196e-05
165800,9.61287456407e-06,1.3168569605e-05
165900,9.60961033741e-06,1.31585787555e-05
166000,9.60634721758e-06,1.31485999495e-05
166100,9.60308520443e-06,1.31386331652e-05
166200,9.59982429692e-06,1.31286783806e-05
166300,9.59656449494e-06,1.31187355742e-05
166400,9.59330579743e-06,1.31088047239e-05
166500,9.59004820403e-06,1.30988858083e-05
166600,9.5867917145e-06,1.30889788057e-05
166700,9.58353632878e-06,1.30790836951e-05
166800,9.58028204674e-06,1.30692004552e-05
166900,9.57702886906e-06,1.30593290652e-05
167000,9.57377679532e-06,1.30494695038e-05
167100,9.57052582564e-06,1.30396217502e-05
167200,9.5672759596e-06,1.3029785783e-05
167300,9.56402719671e-06,1.30199615812e-05
167400,9.56077953606e-06,1.30101491231e-05
167500,9.55753297739e-06,1.30003483878e-05
167600,9.55428751982e-06,1.29905593541e-05
167700,9.55104316347e-06,1.29807820013e-05
167800,9.54779990776e-06,1.29710163084e-05
167900,9.54455775288e-06,1.29612622549e-05
168000,9.54131669928e-06,1.29515198204e-05
168100,9.53807674693e-06,1.29417889845e-05
168200,9.53483789555e-06,1.29320697266e-05
168300,9.53160014452e-06,1.29223620257e-05
168400,9.52836349401e-06,1.29126658617e-05
168500,9.52512794276e-06,1.29029812135e-05
168600,9.52189349025e-06,1.28933080604e-05
168700,9.51866013611e-06,1.28836463821e-05
168800,9.51542787988e-06,1.28739961579e-05
168900,9.5121967216e-06,1.28643573679e-05
169000,9.50896666123e-06,1.2854729992e-05
169100,9.50573769887e-06,1.28451140101e-05
169200,9.50250983433e-06,1.28355094023e-05
169300,9.4992830678e-06,1.28259161485e-05
169400,9.49605739889e-06,1.28163342289e-05
169500,9.49283282691e-06,1.28067636229e-05
169600,9.48960935127e-06,1.27972043106e-05
169700,9.48638697147e-06,1.27876562718e-05
169800,9.4831656866e-06,1.27781194863e-05
169900,9.4799454969e-06,1.27685939346e-05
170000,9.47672640176e-06,1.27590795967e-05
170100,9.47350840148e-06,1.27495764532e-05
170200,9.4702914959e-06,1.27400844846e-05
170300,9.46707568518e-06,1.27306036714e-05
170400,9.46386096905e-06,1.2721133994e-05
170500,9.46064734716e-06,1.2711675433e-05
170600,9.45743481911e-06,1.27022279686e-05
170700,9.45422338422e-06,1.26927915812e-05
170800,9.4510130419e-06,1.26833662512e-05
170900,9.44780379146e-06,1.2673951959e-05
171000,9.44459563288e-06,1.26645486854e-05
171100,9.44138856571e-06,1.2655156411e-05
171200,9.43818259004e-06,1.26457751169e-05
171300,9.43497770571e-06,1.26364047839e-05
171400,9.43177391306e-06,1.26270453933e-05
171500,9.42857121164e-06,1.26176969258e-05
171600,9.42536960109e-06,1.26083593624e-05
171700,9.42216908087e-06,1.2599032684e-05
171800,9.4189696508e-06,1.25897168715e-05
171900,9.41577130998e-06,1.25804119057e-05
172000,9.41257405782e-06,1.25711177676e-05
172100,9.40937789399e-06,1.25618344382e-05
172200,9.40618281819e-06,1.25525618989e-05
172300,9.40298883059e-06,1.2543300131e-05
172400,9.39979593123e-06,1.25340491162e-05
172500,9.39660411968e-06,1.25248088356e-05
172600,9.39341339626e-06,1.25155792711e-05
172700,9.39022376028e-06,1.25063604038e-05
172800,9.38703521131e-06,1.24971522151e-05
172900,9.38384774889e-06,1.24879546863e-05
173000,9.38066137233e-06,1.24787677989e-05
173100,9.37747608117e-06,1.24695915343e-05
173200,9.37429187462e-06,1.24604258738e-05
173300,9.37110875311e-06,1.24512707995e-05
173400,9.36792671622e-06,1.24421262932e-05
173500,9.36474576393e-06,1.24329923367e-05
173600,9.36156589612e-06,1.24238689119e-05
173700,9.35838711278e-06,1.24147560009e-05
173800,9.35520941338e-06,1.24056535854e-05
173900,9.35203279773e-06,1.23965616474e-05
174000,9.34885726506e-06,1.23874801686e-05
174100,9.34568281445e-06,1.23784091306e-05
174200,9.3425094461e-06,1.23693485157e-05
174300,9.33933715898e-06,1.23602983057e-05
174400,9.33616595319e-06,1.23512584829e-05
174500,9.33299582858e-06,1.23422290295e-05
174600,9.3298267846e-06,1.23332099277e-05
174700,9.32665882216e-06,1.23242011604e-05
174800,9.32349194022e-06,1.23152027095e-05
174900,9.32032613882e-06,1.23062145575e-05
175000,9.31716141741e-06,1.22972366866e-05
175100,9.31399777521e-06,1.2288269079e-05
175200,9.31083521217e-06,1.22793117172e-05
175300,9.30767372733e-06,1.22703645834e-05
175400,9.30451332042e-06,1.22614276602e-05
175500,9.30135399113e-06,1.225250093e-05
175600,9.29819573923e-06,1.22435843756e-05
175700,9.29503856492e-06,1.223467798e-05
175800,9.29188246778e-06,1.22257817256e-05
175900,9.28872744794e-06,1.22168955957e-05
176000,9.2855735046e-06,1.22080195725e-05
176100,9.28242063786e-06,1.21991536392e-05
176200,9.27926884677e-06,1.21902977783e-05
176300,9.27611813097e-06,1.21814519725e-05
176400,9.27296849009e-06,1.21726162048e-05
176500,9.26981992292e-06,1.21637904576e-05
176600,9.26667243011e-06,1.21549747145e-05
176700,9.26352601083e-06,1.21461689581e-05
176800,9.26038066536e-06,1.21373731721e-05
176900,9.25723639381e-06,1.21285873396e-05
177000,9.25409319534e-06,1.21198114436e-05
177100,9.25095106999e-06,1.21110454674e-05
177200,9.24781001732e-06,1.21022893943e-05
177300,9.24467003643e-06,1.20935432071e-05
177400,9.24153112735e-06,1.20848068893e-05
177500,9.23839328914e-06,1.20760804239e-05
177600,9.23525652142e-06,1.20673637942e-05
177700,9.23212082405e-06,1.20586569838e-05
177800,9.22898619676e-06,1.20499599762e-05
177900,9.22585263916e-06,1.20412727547e-05
178000,9.22272015158e-06,1.20325953033e-05
178100,9.21958873338e-06,1.20239276055e-05
178200,9.21645838447e-06,1.20152696448e-05
178300,9.2133291045e-06,1.20066214049e-05
178400,9.2102008928e-06,1.19979828694e-05
178500,9.20707374863e-06,1.19893540216e-05
178600,9.20394767169e-06,1.19807348453e-05
178700,9.20082266159e-06,1.19721253243e-05
178800,9.19769871787e-06,1.19635254422e-05
178900,9.19457584025e-06,1.1954935183e-05
179000,9.19145402902e-06,1.19463545309e-05
179100,9.18833328341e-06,1.19377834696e-05
179200,9.18521360367e-06,1.19292219834e-05
179300,9.18209498924e-06,1.19206700561e-05
179400,9.1789774396e-06,1.19121276717e-05
179500,9.17586095438e-06,1.19035948141e-05
179600,9.17274553319e-06,1.18950714675e-05
179700,9.1696311752e-06,1.18865576157e-05
179800,9.16651788019e-06,1.18780532429e-05
179900,9.16340564766e-06,1.18695583332e-05
180000,9.16029447727e-06,1.18610728708e-05
180100,9.15718436925e-06,1.18525968405e-05
180200,9.15407532316e-06,1.18441302263e-05
180300,9.15096733879e-06,1.18356730128e-05
180400,9.14786041559e-06,1.18272251842e-05
180500,9.14475455379e-06,1.18187867251e-05
180600,9.14164975226e-06,1.18103576197e-05
180700,9.13854601062e-06,1.18019378523e-05
180800,9.13544332848e-06,1.17935274075e-05
180900,9.13234170526e-06,1.17851262696e-05
181000,9.12924114042e-06,1.1776734423e-05
181100,9.12614163404e-06,1.17683518527e-05
181200,9.12304318592e-06,1.17599785434e-05
181300,9.11994579559e-06,1.17516144797e-05
181400,9.11684946306e-06,1.17432596465e-05
181500,9.11375418805e-06,1.17349140286e-05
181600,9.11065996991e-06,1.17265776106e-05
181700,9.10756680806e-06,1.17182503772e-05
181800,9.10447470254e-06,1.17099323134e-05
181900,9.10138365197e-06,1.17016234035e-05
182000,9.09829365654e-06,1.16933236327e-05
182100,9.09520471554e-06,1.16850329858e-05
182200,9.09211682893e-06,1.16767514479e-05
182300,9.08902999639e-06,1.16684790041e-05
182400,9.08594421773e-06,1.16602156395e-05
182500,9.0828594927e-06,1.16519613391e-05
182600,9.07977582101e-06,1.16437160883e-05
182700,9.07669320237e-06,1.16354798721e-05
182800,9.07361163587e-06,1.16272526753e-05
182900,9.07053112133e-06,1.16190344834e-05
183000,9.06745165812e-06,1.16108252813e-05
183100,9.06437324578e-06,1.16026250542e-05
183200,9.06129588369e-06,1.15944337874e-05
183300,9.05821957209e-06,1.15862514664e-05
183400,9.05514431025e-06,1.15780780764e-05
183500,9.05207009818e-06,1.15699136031e-05
183600,9.04899693585e-06,1.1561758032e-05
183700,9.04592482259e-06,1.15536113484e-05
183800,9.04285375798e-06,1.15454735378e-05
183900,9.03978374174e-06,1.15373445858e-05
184000,9.03671477293e-06,1.15292244774e-05
184100,9.03364685159e-06,1.15211131987e-05
184200,9.03057997692e-06,1.15130107348e-05
184300,9.02751414857e-06,1.15049170715e-05
184400,9.0244493663e-06,1.14968321944e-05
184500,9.02138562956e-06,1.14887560893e-05
184600,9.01832293877e-06,1.14806887422e-05
184700,9.01526129311e-06,1.14726301388e-05
184800,9.01220069233e-06,1.14645802647e-05
184900,9.00914113614e-06,1.1456539106e-05
185000,9.00608262422e-06,1.14485066485e-05
185100,9.00302515577e-06,1.14404828778e-05
185200,8.99996873007e-06,1.14324677797e-05
185300,8.99691334691e-06,1.14244613401e-05
185400,8.99385900607e-06,1.14164635451e-05
185500,8.99080570709e-06,1.14084743807e-05
185600,8.98775344979e-06,1.1400493833e-05
185700,8.98470223341e-06,1.13925218879e-05
185800,8.98165205832e-06,1.13845585319e-05
185900,8.97860292411e-06,1.13766037511e-05
186000,8.9755548301e-06,1.13686575314e-05
186100,8.97250777574e-06,1.1360719859e-05
186200,8.96946176085e-06,1.13527907202e-05
186300,8.96641678473e-06,1.1344870101e-05
186400,8.96337284696e-06,1.13369579876e-05
186500,8.96032994683e-06,1.13290543662e-05
186600,8.95728808451e-06,1.13211592234e-05
186700,8.95424725948e-06,1.13132725454e-05
186800,8.95120747149e-06,1.13053943188e-05
186900,8.94816872027e-06,1.129752453e-05
187000,8.94513100554e-06,1.12896631656e-05
187100,8.94209432675e-06,1.12818102118e-05
187200,8.93905868353e-06,1.12739656552e-05
187300,8.93602407529e-06,1.12661294822e-05
187400,8.93299050149e-06,1.12583016793e-05
187500,8.9299579618e-06,1.12504822331e-05
187600,8.92692645568e-06,1.124267113e-05
187700,8.92389598288e-06,1.12348683568e-05
187800,8.92086654327e-06,1.12270739004e-05
187900,8.9178381363e-06,1.12192877473e-05
188000,8.9148107617e-06,1.12115098843e-05
188100,8.91178441926e-06,1.12037402983e-05
188200,8.90875910842e-06,1.11959789759e-05
188300,8.90573482903e-06,1.11882259041e-05
188400,8.90271158022e-06,1.11804810695e-05
188500,8.89968936152e-06,1.11727444589e-05
188600,8.89666817267e-06,1.11650160591e-05
188700,8.89364801307e-06,1.11572958571e-05
188800,8.89062888254e-06,1.11495838399e-05
188900,8.88761078075e-06,1.11418799945e-05
189000,8.88459370734e-06,1.11341843078e-05
189100,8.88157766187e-06,1.1126496767e-05
189200,8.87856264427e-06,1.11188173593e-05
189300,8.8755486543e-06,1.11111460717e-05
189400,8.87253569083e-06,1.11034828911e-05
189500,8.86952375398e-06,1.10958278048e-05
189600,8.86651284301e-06,1.10881807998e-05
189700,8.86350295734e-06,1.10805418631e-05
189800,8.86049409683e-06,1.10729109822e-05
189900,8.85748626075e-06,1.1065288144e-05
190000,8.85447944913e-06,1.10576733361e-05
190100,8.8514736617e-06,1.10500665459e-05
190200,8.84846889785e-06,1.10424677606e-05
190300,8.84546515749e-06,1.10348769676e-05
190400,8.84246244033e-06,1.10272941544e-05
190500,8.83946074557e-06,1.10197193082e-05
190600,8.83646007285e-06,1.10121524164e-05
190700,8.83346042174e-06,1.10045934665e-05
190800,8.83046179171e-06,1.09970424458e-05
190900,8.8274641822e-06,1.09894993418e-05
191000,8.82446759314e-06,1.09819641421e-05
191100,8.82147202422e-06,1.09744368345e-05
191200,8.81847747501e-06,1.09669174064e-05
191300,8.81548394491e-06,1.09594058453e-05
191400,8.81249143428e-06,1.09519021394e-05
191500,8.80949994209e-06,1.09444062758e-05
191600,8.80650946824e-06,1.09369182426e-05
191700,8.80352001199e-06,1.09294380271e-05
191800,8.80053157323e-06,1.09219656173e-05
191900,8.79754415096e-06,1.09145010005e-05
192000,8.79455774522e-06,1.09070441649e-05
192100,8.79157235522e-06,1.0899595098e-05
192200,8.78858798131e-06,1.08921537881e-05
192300,8.78560462274e-06,1.08847202229e-05
192400,8.78262227903e-06,1.08772943901e-05
192500,8.77964095003e-06,1.08698762778e-05
192600,8.7766606356e-06,1.08624658742e-05
192700,8.77368133496e-06,1.0855063167e-05
192800,8.77070304753e-06,1.0847668144e-05
192900,8.76772577344e-06,1.08402807936e-05
193000,8.76474951158e-06,1.08329011033e-05
193100,8.76177426191e-06,1.08255290615e-05
193200,8.75880002379e-06,1.08181646561e-05
193300,8.75582679702e-06,1.08108078754e-05
193400,8.75285458134e-06,1.08034587075e-05
193500,8.74988337653e-06,1.07961171407e-05
193600,8.746913182e-06,1.0788783163e-05
193700,8.74394399776e-06,1.07814567631e-05
193800,8.74097582302e-06,1.07741379287e-05
193900,8.73800865726e-06,1.07668266481e-05
194000,8.73504250044e-06,1.07595229099e-05
194100,8.73207735155e-06,1.07522267019e-05
194200,8.72911321064e-06,1.07449380128e-05
194300,8.72615007684e-06,1.07376568305e-05
194400,8.72318795057e-06,1.07303831441e-05
194500,8.72022683099e-06,1.07231169415e-05
194600,8.71726671767e-06,1.07158582113e-05
194700,8.71430761067e-06,1.07086069421e-05
194800,8.71134950953e-06,1.07013631224e-05
194900,8.70839241343e-06,1.06941267404e-05
195000,8.70543632249e-06,1.0686897785e-05
195100,8.70248123576e-06,1.06796762443e-05
195200,8.6995271531e-06,1.06724621071e-05
195300,8.69657407397e-06,1.06652553618e-05
195400,8.693621998e-06,1.06580559972e-05
195500,8.6906709249e-06,1.06508640019e-05
195600,8.6877208544e-06,1.06436793646e-05
195700,8.68477178608e-06,1.0636502074e-05
195800,8.68182371976e-06,1.0629332119e-05
195900,8.67887665513e-06,1.06221694883e-05
196000,8.67593059127e-06,1.06150141703e-05
196100,8.67298552822e-06,1.06078661542e-05
196200,8.67004146551e-06,1.06007254286e-05
196300,8.66709840255e-06,1.05935919822e-05
196400,8.66415633871e-06,1.05864658038e-05
196500,8.66121527412e-06,1.05793468826e-05
196600,8.65827520827e-06,1.05722352072e-05
196700,8.65533614062e-06,1.05651307667e-05
196800,8.65239807109e-06,1.05580335501e-05
196900,8.64946099941e-06,1.05509435463e-05
197000,8.64652492489e-06,1.05438607443e-05
197100,8.64358984743e-06,1.05367851332e-05
197200,8.6406557666e-06,1.0529716702e-05
197300,8.63772268138e-06,1.05226554394e-05
197400,8.6347905923e-06,1.0515601335e-05
197500,8.63185949817e-06,1.05085543773e-05
197600,8.62892939921e-06,1.0501514556e-05
197700,8.62600029453e-06,1.04944818598e-05
197800,8.62307218405e-06,1.0487456278e-05
197900,8.62014506769e-06,1.04804378001e-05
198000,8.61721894492e-06,1.04734264151e-05
198100,8.61429381525e-06,1.04664221122e-05
198200,8.61136967857e-06,1.04594248808e-05
198300,8.60844653452e-06,1.04524347102e-05
198400,8.60552438212e-06,1.04454515893e-05
198500,8.60260322125e-06,1.04384755077e-05
198600,8.59968305178e-06,1.04315064547e-05
198700,8.59676387297e-06,1.04245444196e-05
198800,8.5938456847e-06,1.04175893918e-05
198900,8.59092848652e-06,1.04106413607e-05
199000,8.58801227823e-06,1.04037003159e-05
199100,8.58509705951e-06,1.03967662468e-05
199200,8.5821828302e-06,1.0389839143e-05
199300,8.5792695892e-06,1.03829189936e-05
199400,8.57635733715e-06,1.03760057887e-05
199500,8.57344607273e-06,1.03690995173e-05
199600,8.57053579601e-06,1.03622001691e-05
199700,8.56762650629e-06,1.03553077335e-05
199800,8.56471820354e-06,1.03484222004e-05
199900,8.56181088702e-06,1.03415435592e-05
200000,8.55890455684e-06,1.03346717997e-05
200100,8.5559992125e-06,1.03278069115e-05
200200,8.55309485392e-06,1.03209488845e-05
200300,8.55019148026e-06,1.03140977082e-05
200400,8.54728909155e-06,1.03072533723e-05
200500,8.54438768728e-06,1.03004158667e-05
200600,8.54148726707e-06,1.02935851811e-05
200700,8.53858783046e-06,1.02867613052e-05
200800,8.53568937679e-06,1.02799442286e-05
200900,8.53279190641e-06,1.02731339415e-05
201000,8.52989541835e-06,1.02663304335e-05
201100,8.52699991255e-06,1.02595336947e-05
201200,8.52410538866e-06,1.02527437148e-05
201300,8.52121184643e-06,1.02459604838e-05
201400,8.51831928558e-06,1.02391839918e-05
201500,8.51542770556e-06,1.02324142286e-05
201600,8.51253710609e-06,1.02256511841e-05
201700,8.50964748668e-06,1.02188948483e-05
201800,8.50675884718e-06,1.02121452114e-05
201900,8.50387118697e-06,1.02054022631e-05
202000,8.50098450568e-06,1.01986659936e-05
202100,8.49809880283e-06,1.01919363928e-05
202200,8.49521407884e-06,1.01852134513e-05
202300,8.4923303326e-06,1.01784971586e-05
202400,8.48944756427e-06,1.01717875054e-05
202500,8.48656577324e-06,1.01650844815e-05
202600,8.48368495944e-06,1.01583880772e-05
202700,8.48080512229e-06,1.01516982827e-05
202800,8.47792626146e-06,1.01450150882e-05
202900,8.47504837664e-06,1.01383384839e-05
203000,8.47217146715e-06,1.01316684598e-05
203100,8.46929553295e-06,1.01250050064e-05
203200,8.46642057364e-06,1.0118348114e-05
203300,8.46354658894e-06,1.01116977728e-05
203400,8.46067357841e-06,1.01050539733e-05
203500,8.45780154217e-06,1.00984167059e-05
203600,8.45493047918e-06,1.00917859606e-05
203700,8.45206038966e-06,1.00851617282e-05
203800,8.44919127316e-06,1.0078543999e-05
203900,8.44632312912e-06,1.00719327632e-05
204000,8.44345595743e-06,1.00653280115e-05
204100,8.44058975726e-06,1.0058729734e-05
204200,8.43772452874e-06,1.00521379215e-05
204300,8.43486027132e-06,1.00455525643e-05
204400,8.43199698462e-06,1.0038973653e-05
204500,8.42913466862e-06,1.00324011782e-05
204600,8.4262733229e-06,1.00258351305e-05
204700,8.42341294725e-06,1.00192755005e-05
204800,8.4205535408e-06,1.00127222785e-05
204900,8.41769510379e-06,1.00061754554e-05
205000,8.41483763573e-06,9.99963502173e-06
205100,8.41198113596e-06,9.99310096802e-06
205200,8.40912560448e-06,9.98657328509e-06
205300,8.40627104066e-06,9.98005196345e-06
205400,8.40341744428e-06,9.97353699386e-06
205500,8.40056481514e-06,9.96702836713e-06
205600,8.39771315287e-06,9.96052607397e-06
205700,8.39486245724e-06,9.95403010518e-06
205800,8.39201272791e-06,9.94754045156e-06
205900,8.3891639644e-06,9.9410571038e-06
206000,8.38631616654e-06,9.93458005279e-06
206100,8.38346933396e-06,9.92810928935e-06
206200,8.38062346611e-06,9.9216448042e-06
206300,8.37777856274e-06,9.91518658824e-06
206400,8.37493462354e-06,9.90873463237e-06
206500,8.37209164816e-06,9.90228892747e-06
206600,8.36924963633e-06,9.8958494645e-06
206700,8.36640858783e-06,9.88941623446e-06
206800,8.36356850231e-06,9.88298922828e-06
206900,8.36072937949e-06,9.87656843696e-06
207000,8.35789121897e-06,9.87015385145e-06
207100,8.35505402046e-06,9.86374546277e-06
207200,8.35221778359e-06,9.85734326192e-06
207300,8.34938250792e-06,9.85094723988e-06
207400,8.34654819323e-06,9.84455738776e-06
207500,8.34371483889e-06,9.83817369647e-06
207600,8.34088244508e-06,9.83179615739e-06
207700,8.33805101127e-06,9.8254247615e-06
207800,8.335220537e-06,9.81905949987e-06
207900,8.33239102233e-06,9.81270036385e-06
208000,8.32956246652e-06,9.80634734436e-06
208100,8.32673486963e-06,9.80000043282e-06
208200,8.32390823114e-06,9.79365962029e-06
208300,8.32108255084e-06,9.78732489805e-06
208400,8.31825782819e-06,9.78099625722e-06
208500,8.31543406295e-06,9.77467368907e-06
208600,8.31261125453e-06,9.76835718474e-06
208700,8.3097894031e-06,9.76204673577e-06
208800,8.30696850795e-06,9.75574233323e-06
208900,8.30414856924e-06,9.74944396873e-06
209000,8.30132958611e-06,9.74315163328e-06
209100,8.29851155876e-06,9.73686531853e-06
209200,8.29569448665e-06,9.73058501571e-06
209300,8.29287836956e-06,9.72431071627e-06
209400,8.29006320696e-06,9.71804241148e-06
209500,8.28724899846e-06,9.71178009271e-06
209600,8.28443574398e-06,9.70552375153e-06
209700,8.28162344284e-06,9.69927337918e-06
209800,8.2788120951e-06,9.69302896734e-06
209900,8.27600170045e-06,9.6867905075e-06
210000,8.27319225845e-06,9.68055799107e-06
210100,8.2703837686e-06,9.67433140948e-06
210200,8.2675762312e-06,9.66811075459e-06
210300,8.26476964541e-06,9.66189601766e-06
210400,8.26196401119e-06,9.65568719041e-06
210500,8.25915932783e-06,9.64948426418e-06
210600,8.25635559539e-06,9.64328723078e-06
210700,8.25355281329e-06,9.63709608169e-06
210800,8.25075098122e-06,9.6309108085e-06
210900,8.24795009923e-06,9.6247314031e-06
211000,8.24515016637e-06,9.61855785676e-06
211100,8.242351183e-06,9.61239016154e-06
211200,8.23955314835e-06,9.60622830888e-06
211300,8.23675606282e-06,9.60007229088e-06
211400,8.23395992509e-06,9.59392209869e-06
211500,8.23116473571e-06,9.58777772455e-06
211600,8.2283704938e-06,9.58163915988e-06
211700,8.22557719931e-06,9.57550639659e-06
211800,8.22278485177e-06,9.56937942639e-06
211900,8.21999345075e-06,9.563258241e-06
212000,8.21720299622e-06,9.5571428324e-06
212100,8.21441348764e-06,9.55103319229e-06
212200,8.21162492506e-06,9.54492931273e-06
212300,8.2088373079e-06,9.53883118541e-06
212400,8.20605063604e-06,9.53273880233e-06
212500,8.203264909e-06,9.52665215528e-06
212600,8.20048012658e-06,9.52057123624e-06
212700,8.19769628826e-06,9.51449603699e-06
212800,8.19491339395e-06,9.50842654962e-06
212900,8.19213144327e-06,9.50236276603e-06
213000,8.18935043579e-06,9.49630467812e-06
213100,8.1865703713e-06,9.49025227793e-06
213200,8.18379124931e-06,9.48420555736e-06
213300,8.18101306991e-06,9.47816450866e-06
213400,8.17823583253e-06,9.47212912369e-06
213500,8.17545953671e-06,9.46609939441e-06
213600,8.17268418274e-06,9.46007531323e-06
213700,8.16990976968e-06,9.45405687186e-06
213800,8.16713629758e-06,9.4480440626e-06
213900,8.16436376601e-06,9.44203687747e-06
214000,8.16159217464e-06,9.43603530858e-06
214100,8.15882152316e-06,9.43003934807e-06
214200,8.15605181116e-06,9.42404898802e-06
214300,8.15328303831e-06,9.41806422058e-06
214400,8.15051520463e-06,9.41208503812e-06
214500,8.14774830963e-06,9.40611143272e-06
214600,8.14498235292e-06,9.40014339654e-06
214700,8.14221733457e-06,9.39418092203e-06
214800,8.13945325377e-06,9.38822400111e-06
214900,8.13669011041e-06,9.38227262617e-06
215000,8.13392790445e-06,9.37632678961e-06
215100,8.13116663481e-06,9.37038648327e-06
215200,8.1284063021e-06,9.36445169997e-06
215300,8.12564690543e-06,9.35852243168e-06
215400,8.12288844459e-06,9.35259867078e-06
215500,8.12013091945e-06,9.34668040971e-06
215600,8.11737432946e-06,9.34076764066e-06
215700,8.11461867472e-06,9.33486035625e-06
215800,8.11186395442e-06,9.32895854856e-06
215900,8.10911016889e-06,9.32306221035e-06
216000,8.10635731734e-06,9.31717133374e-06
216100,8.10360539946e-06,9.31128591117e-06
216200,8.10085441492e-06,9.30540593503e-06
216300,8.09810436363e-06,9.29953139792e-06
216400,8.09535524505e-06,9.29366229215e-06
216500,8.09260705899e-06,9.28779861027e-06
216600,8.08985980518e-06,9.28194034478e-06
216700,8.0871134834e-06,9.27608748825e-06
216800,8.0843680935e-06,9.27024003328e-06
216900,8.08162363443e-06,9.26439797197e-06
217000,8.07888010681e-06,9.2585612974e-06
217100,8.07613750978e-06,9.25273000182e-06
217200,8.07339584305e-06,9.24690407779e-06
217300,8.07065510651e-06,9.24108351802e-06
217400,8.06791529972e-06,9.23526831504e-06
217500,8.06517642241e-06,9.22945846148e-06
217600,8.06243847414e-06,9.22365394988e-06
217700,8.05970145489e-06,9.21785477306e-06
217800,8.05696536414e-06,9.21206092354e-06
217900,8.05423020178e-06,9.2062723941e-06
218000,8.05149596734e-06,9.20048917732e-06
218100,8.04876266047e-06,9.19471126589e-06
218200,8.04603028134e-06,9.18893865277e-06
218300,8.04329882892e-06,9.18317133028e-06
218400,8.04056830327e-06,9.17740929134e-06
218500,8.03783870405e-06,9.17165252871e-06
218600,8.035110031e-06,9.16590103515e-06
218700,8.03238228368e-06,9.16015480337e-06
218800,8.02965546195e-06,9.15441382625e-06
218900,8.02692956509e-06,9.14867809636e-06
219000,8.02420459363e-06,9.14294760697e-06
219100,8.02148054669e-06,9.1372223506e-06
219200,8.01875742399e-06,9.13150232009e-06
219300,8.01603522554e-06,9.12578750848e-06
219400,8.01331395048e-06,9.12007790831e-06
219500,8.01059359876e-06,9.11437351261e-06
219600,8.0078741704e-06,9.10867431446e-06
219700,8.00515566454e-06,9.10298030645e-06
219800,8.0024380813e-06,9.09729148172e-06
219900,7.99972142033e-06,9.09160783319e-06
220000,7.99700568096e-06,9.0859293536e-06
220100,7.99429086356e-06,9.08025603629e-06
220200,7.99157696719e-06,9.07458787385e-06
220300,7.9888639916e-06,9.0689248593e-06
220400,7.98615193696e-06,9.06326698591e-06
220500,7.98344080277e-06,9.05761424657e-06
220600,7.98073058843e-06,9.05196663414e-06
220700,7.97802129373e-06,9.04632414169e-06
220800,7.97531291863e-06,9.04068676243e-06
220900,7.97260546243e-06,9.03505448918e-06
221000,7.96989892513e-06,9.0294273152e-06
221100,7.96719330658e-06,9.02380523364e-06
221200,7.96448860615e-06,9.01818823742e-06
221300,7.96178482377e-06,9.01257631978e-06
221400,7.95908195862e-06,9.00696947355e-06
221500,7.95638056924e-06,9.00136800909e-06
221600,7.95368070946e-06,8.99577195019e-06
221700,7.95098176587e-06,8.9901809419e-06
221800,7.94828373796e-06,8.98459497728e-06
221900,7.94558662518e-06,8.97901404938e-06
222000,7.94289042774e-06,8.97343815168e-06
222100,7.94019514474e-06,8.96786727703e-06
222200,7.93750077623e-06,8.96230141888e-06
222300,7.93480732176e-06,8.95674057036e-06
222400,7.93211478105e-06,8.95118472472e-06
222500,7.92942315394e-06,8.94563387532e-06
222600,7.92673243973e-06,8.94008801518e-06
222700,7.92404263877e-06,8.93454713796e-06
222800,7.92135375003e-06,8.92901123653e-06
222900,7.91866577392e-06,8.92348030461e-06
223000,7.91597870961e-06,8.91795433521e-06
223100,7.91329255704e-06,8.91243332181e-06
223200,7.91060731592e-06,8.90691725773e-06
223300,7.90792298583e-06,8.90140613627e-06
223400,7.9052395664e-06,8.89589995075e-06
223500,7.90255705753e-06,8.89039869468e-06
223600,7.89987545879e-06,8.88490236134e-06
223700,7.89719476992e-06,8.87941094418e-06
223800,7.89451499057e-06,8.87392443658e-06
223900,7.89183612031e-06,8.86844283188e-06
224000,7.88915815931e-06,8.86296612378e-06
224100,7.88648110689e-06,8.85749430552e-06
224200,7.88380496277e-06,8.85202737058e-06
224300,7.88112972681e-06,8.8465653125e-06
224400,7.87845539857e-06,8.84110812469e-06
224500,7.87578197762e-06,8.83565580058e-06
224600,7.87310946392e-06,8.8302083338e-06
224700,7.87043785698e-06,8.82476571778e-06
224800,7.86776715674e-06,8.81932794618e-06
224900,7.86509736265e-06,8.81389501239e-06
225000,7.86242847423e-06,8.80846690987e-06
225100,7.85976049179e-06,8.80304363252e-06
225200,7.85709341464e-06,8.79762517368e-06
225300,7.85442724252e-06,8.79221152699e-06
225400,7.851761975e-06,8.78680268594e-06
225500,7.84909761193e-06,8.78139864425e-06
225600,7.8464341531e-06,8.77599939557e-06
225700,7.84377159779e-06,8.7706049333e-06
225800,7.84110994635e-06,8.76521525145e-06
225900,7.838449198e-06,8.7598303434e-06
226000,7.83578935249e-06,8.75445020285e-06
226100,7.83313040952e-06,8.74907482345e-06
226200,7.83047236899e-06,8.74370419903e-06
226300,7.82781523056e-06,8.73833832324e-06
226400,7.82515899374e-06,8.73297718971e-06
226500,7.82250365835e-06,8.72762079219e-06
226600,7.81984922407e-06,8.72226912443e-06
226700,7.81719569063e-06,8.71692218018e-06
226800,7.81454305754e-06,8.71157995307e-06
226900,7.81189132468e-06,8.70624243698e-06
227000,7.8092404917e-06,8.70090962566e-06
227100,7.80659055841e-06,8.69558151295e-06
227200,7.80394152431e-06,8.69025809253e-06
227300,7.80129338944e-06,8.68493935841e-06
227400,7.79864615308e-06,8.67962530415e-06
227500,7.79599981505e-06,8.67431592367e-06
227600,7.79335437519e-06,8.66901121088e-06
227700,7.79070983325e-06,8.66371115966e-06
227800,7.78806618864e-06,8.6584157637e-06
227900,7.78542344127e-06,8.65312501699e-06
228000,7.78278159082e-06,8.64783891341e-06
228100,7.78014063679e-06,8.64255744674e-06
228200,7.77750057912e-06,8.63728061102e-06
228300,7.77486141729e-06,8.63200840002e-06
228400,7.77222315144e-06,8.62674080794e-06
228500,7.76958578087e-06,8.62147782848e-06
228600,7.76694930536e-06,8.61621945563e-06
228700,7.76431372461e-06,8.61096568334e-06
228800,7.7616790386e-06,8.60571650575e-06
228900,7.75904524644e-06,8.6004719165e-06
229000,7.75641234824e-06,8.5952319098e-06
229100,7.75378034357e-06,8.58999647958e-06
229200,7.7511492322e-06,8.5847656199e-06
229300,7.74851901371e-06,8.5795393247e-06
229400,7.74588968815e-06,8.5743175882e-06
229500,7.74326125485e-06,8.56910040425e-06
229600,7.74063371365e-06,8.56388776698e-06
229700,7.73800706424e-06,8.55867967042e-06
229800,7.73538130615e-06,8.55347610856e-06
229900,7.73275643941e-06,8.54827707568e-06
230000,7.73013246348e-06,8.54308256572e-06
230100,7.72750937806e-06,8.53789257279e-06
230200,7.72488718313e-06,8.53270709115e-06
230300,7.72226587785e-06,8.52752611462e-06
230400,7.71964546227e-06,8.52234963755e-06
230500,7.71702593621e-06,8.51717765412e-06
230600,7.71440729923e-06,8.51201015843e-06
230700,7.71178955108e-06,8.50684714465e-06
230800,7.70917269128e-06,8.50168860687e-06
230900,7.70655671982e-06,8.49653453941e-06
231000,7.70394163627e-06,8.49138493642e-06
231100,7.70132744011e-06,8.48623979196e-06
231200,7.69871413121e-06,8.48109910034e-06
231300,7.69610170933e-06,8.47596285582e-06
231400,7.69349017417e-06,8.47083105264e-06
231500,7.69087952514e-06,8.46570368487e-06
231600,7.68826976247e-06,8.46058074706e-06
231700,7.68566088542e-06,8.45546223323e-06
231800,7.68305289392e-06,8.45034813778e-06
231900,7.68044578769e-06,8.445238455e-06
232000,7.67783956625e-06,8.44013317909e-06
232100,7.67523422945e-06,8.43503230442e-06
232200,7.67262977692e-06,8.42993582527e-06
232300,7.67002620824e-06,8.4248437359e-06
232400,7.66742352351e-06,8.41975603086e-06
232500,7.66482172198e-06,8.41467270423e-06
232600,7.66222080355e-06,8.40959375049e-06
232700,7.65962076787e-06,8.40451916396e-06
232800,7.65702161482e-06,8.39944893911e-06
232900,7.65442334395e-06,8.39438307025e-06
233000,7.6518259548e-06,8.38932155166e-06
233100,7.64922944742e-06,8.38426437794e-06
233200,7.64663382137e-06,8.37921154342e-06
233300,7.64403907609e-06,8.37416304238e-06
233400,7.64144521179e-06,8.36911886951e-06
233500,7.63885222765e-06,8.36407901899e-06
233600,7.63626012358e-06,8.35904348535e-06
233700,7.63366889949e-06,8.35401226318e-06
233800,7.63107855466e-06,8.34898534671e-06
233900,7.62848908937e-06,8.34396273074e-06
234000,7.62590050295e-06,8.33894440953e-06
234100,7.62331279508e-06,8.33393037758e-06
234200,7.62072596539e-06,8.32892062935e-06
234300,7.61814001378e-06,8.32391515946e-06
234400,7.61555493999e-06,8.31891396245e-06
234500,7.61297074346e-06,8.31391703271e-06
234600,7.61038742421e-06,8.30892436496e-06
234700,7.60780498175e-06,8.30393595364e-06
234800,7.60522341577e-06,8.29895179329e-06
234900,7.60264272612e-06,8.29397187859e-06
235000,7.6000629123e-06,8.28899620397e-06
235100,7.59748397403e-06,8.28402476406e-06
235200,7.59490591143e-06,8.27905755367e-06
235300,7.59232872372e-06,8.27409456713e-06
235400,7.5897524107e-06,8.26913579913e-06
235500,7.58717697197e-06,8.26418124423e-06
235600,7.5846024076e-06,8.25923089725e-06
235700,7.58202871715e-06,8.25428475277e-06
235800,7.57945590012e-06,8.24934280532e-06
235900,7.57688395626e-06,8.24440504958e-06
236000,7.57431288554e-06,8.23947148039e-06
236100,7.57174268744e-06,8.23454209228e-06
236200,7.56917336168e-06,8.22961687996e-06
236300,7.5666049082e-06,8.22469583825e-06
236400,7.56403732628e-06,8.21977896163e-06
236500,7.56147061601e-06,8.21486624502e-06
236600,7.55890477683e-06,8.209957683e-06
236700,7.55633980851e-06,8.20505327033e-06
236800,7.55377571082e-06,8.2001530018e-06
236900,7.55121248341e-06,8.19525687212e-06
237000,7.54865012597e-06,8.19036487605e-06
237100,7.54608863835e-06,8.18547700842e-06
237200,7.54352801988e-06,8.18059326383e-06
237300,7.5409682709e-06,8.17571363739e-06
237400,7.53840939057e-06,8.1708381236e-06
237500,7.53585137879e-06,8.16596671737e-06
237600,7.5332942352e-06,8.16109941348e-06
237700,7.53073795955e-06,8.15623620677e-06
237800,7.52818255161e-06,8.15137709211e-06
237900,7.5256280109e-06,8.14652206422e-06
238000,7.52307433734e-06,8.14167111809e-06
238100,7.52052153046e-06,8.13682424846e-06
238200,7.51796959019e-06,8.13198145032e-06
238300,7.51541851584e-06,8.12714271833e-06
238400,7.51286830758e-06,8.12230804762e-06
238500,7.51031896479e-06,8.11747743291e-06
238600,7.50777048726e-06,8.11265086913e-06
238700,7.50522287492e-06,8.10782835132e-06
238800,7.50267612707e-06,8.10300987416e-06
238900,7.50013024362e-06,8.0981954327e-06
239000,7.49758522429e-06,8.09338502187e-06
239100,7.49504106875e-06,8.0885786366e-06
239200,7.49249777689e-06,8.08377627193e-06
239300,7.48995534815e-06,8.07897792268e-06
239400,7.48741378223e-06,8.0741835838e-06
239500,7.48487307902e-06,8.06939325037e-06
239600,7.48233323818e-06,8.06460691735e-06
239700,7.47979425943e-06,8.05982457974e-06
239800,7.47725614238e-06,8.05504623248e-06
239900,7.47471888669e-06,8.05027187056e-06
240000,7.47218249245e-06,8.0455014892e-06
240100,7.4696469589e-06,8.04073508316e-06
240200,7.46711228582e-06,8.03597264753e-06
240300,7.46457847306e-06,8.03121417741e-06
240400,7.46204552051e-06,8.02645966797e-06
240500,7.45951342734e-06,8.02170911395e-06
240600,7.45698219381e-06,8.01696251073e-06
240700,7.45445181929e-06,8.01221985321e-06
240800,7.45192230379e-06,8.00748113662e-06
240900,7.44939364653e-06,8.00274635579e-06
241000,7.44686584767e-06,7.99801550606e-06
241100,7.44433890671e-06,7.99328858243e-06
241200,7.44181282351e-06,7.98856558009e-06
241300,7.43928759745e-06,7.98384649399e-06
241400,7.43676322877e-06,7.97913131956e-06
241500,7.43423971652e-06,7.97442005155e-06
241600,7.43171706103e-06,7.96971268547e-06
241700,7.42919526146e-06,7.96500921617e-06
241800,7.42667431806e-06,7.9603096391e-06
241900,7.42415423014e-06,7.95561394923e-06
242000,7.42163499761e-06,7.95092214184e-06
242100,7.41911661992e-06,7.94623421196e-06
242200,7.41659909708e-06,7.94155015497e-06
242300,7.41408242874e-06,7.93686996603e-06
242400,7.41156661458e-06,7.93219364034e-06
242500,7.40905165411e-06,7.92752117301e-06
242600,7.40653754722e-06,7.92285255936e-06
242700,7.40402429373e-06,7.91818779468e-06
242800,7.40151189313e-06,7.91352687411e-06
242900,7.39900034523e-06,7.90886979293e-06
243000,7.39648964981e-06,7.90421654646e-06
243100,7.39397980643e-06,7.89956712986e-06
243200,7.39147081488e-06,7.89492153847e-06
243300,7.38896267487e-06,7.89027976756e-06
243400,7.38645538603e-06,7.88564181237e-06
243500,7.38394894835e-06,7.88100766835e-06
243600,7.38144336125e-06,7.87637733067e-06
243700,7.37893862444e-06,7.8717507946e-06
243800,7.37643473768e-06,7.86712805552e-06
243900,7.37393170087e-06,7.86250910884e-06
244000,7.37142951347e-06,7.85789394978e-06
244100,7.36892817515e-06,7.85328257363e-06
244200,7.366427686e-06,7.84867497598e-06
244300,7.36392804525e-06,7.8440711519e-06
244400,7.36142925294e-06,7.83947109695e-06
244500,7.35893130876e-06,7.83487480649e-06
244600,7.35643421241e-06,7.83028227588e-06
244700,7.35393796323e-06,7.82569350032e-06
244800,7.35144256148e-06,7.82110847551e-06
244900,7.34894800653e-06,7.81652719664e-06
245000,7.34645429834e-06,7.81194965929e-06
245100,7.3439614362e-06,7.80737585863e-06
245200,7.34146942018e-06,7.80280579028e-06
245300,7.33897825005e-06,7.7982394497e-06
245400,7.33648792527e-06,7.79367683222e-06
245500,7.33399844553e-06,7.78911793324e-06
245600,7.33150981082e-06,7.78456274839e-06
245700,7.32902202077e-06,7.78001127308e-06
245800,7.32653507489e-06,7.77546350267e-06
245900,7.32404897316e-06,7.77091943279e-06
246000,7.32156371488e-06,7.76637905869e-06
246100,7.31907930026e-06,7.76184237614e-06
246200,7.31659572864e-06,7.75730938044e-06
246300,7.31411300013e-06,7.7527800673e-06
246400,7.31163111407e-06,7.74825443204e-06
246500,7.30915007013e-06,7.74373247016e-06
246600,7.30666986843e-06,7.73921417741e-06
246700,7.30419050831e-06,7.73469954911e-06
246800,7.30171198964e-06,7.73018858091e-06
246900,7.29923431207e-06,7.7256812683e-06
247000,7.29675747541e-06,7.72117760691e-06
247100,7.29428147933e-06,7.71667759228e-06
247200,7.29180632344e-06,7.71218121992e-06
247300,7.28933200755e-06,7.70768848546e-06
247400,7.28685853138e-06,7.70319938449e-06
247500,7.28438589459e-06,7.69871391258e-06
247600,7.28191409712e-06,7.69423206546e-06
247700,7.27944313836e-06,7.68975383853e-06
247800,7.27697301808e-06,7.68527922747e-06
247900,7.27450373621e-06,7.680808228e-06
248000,7.27203529219e-06,7.67634083561e-06
248100,7.26956768611e-06,7.67187704613e-06
248200,7.26710091714e-06,7.6674168549e-06
248300,7.26463498554e-06,7.6629602579e-06
248400,7.26216989068e-06,7.65850725056e-06
248500,7.25970563235e-06,7.65405782861e-06
248600,7.25724221036e-06,7.64961198777e-06
248700,7.25477962434e-06,7.64516972366e-06
248800,7.25231787396e-06,7.64073103195e-06
248900,7.24985695902e-06,7.63629590838e-06
249000,7.24739687928e-06,7.63186434865e-06
249100,7.24493763421e-06,7.62743634837e-06
249200,7.24247922395e-06,7.62301190345e-06
249300,7.24002164784e-06,7.61859100942e-06
249400,7.23756490573e-06,7.61417366208e-06
249500,7.23510899733e-06,7.60975985716e-06
249600,7.23265392252e-06,7.60534959049e-06
249700,7.23019968071e-06,7.60094285764e-06
249800,7.22774627171e-06,7.59653965442e-06
249900,7.22529369528e-06,7.59213997662e-06
250000,7.22284195127e-06,7.58774382008e-06
250100,7.22039103908e-06,7.58335118039e-06
250200,7.21794095865e-06,7.57896205346e-06
250300,7.2154917097e-06,7.57457643509e-06
250400,7.21304329202e-06,7.57019432109e-06
250500,7.21059570509e-06,7.56581570715e-06
250600,7.20814894875e-06,7.56144058914e-06
250700,7.20570302259e-06,7.55706896281e-06
250800,7.2032579267e-06,7.55270082417e-06
250900,7.20081366054e-06,7.54833616893e-06
251000,7.19837022355e-06,7.54397499275e-06
251100,7.19592761596e-06,7.53961729176e-06
251200,7.19348583725e-06,7.53526306168e-06
251300,7.19104488715e-06,7.53091229837e-06
251400,7.18860476523e-06,7.52656499761e-06
251500,7.18616547157e-06,7.52222115547e-06
251600,7.18372700557e-06,7.51788076764e-06
251700,7.18128936703e-06,7.51354383005e-06
251800,7.17885255574e-06,7.50921033863e-06
251900,7.17641657135e-06,7.50488028923e-06
252000,7.17398141345e-06,7.50055367768e-06
252100,7.17154708228e-06,7.49623050018e-06
252200,7.16911357689e-06,7.49191075227e-06
252300,7.16668089727e-06,7.48759443002e-06
252400,7.16424904321e-06,7.48328152939e-06
252500,7.16181801424e-06,7.47897204622e-06
252600,7.15938781042e-06,7.47466597664e-06
252700,7.15695843115e-06,7.4703633164e-06
252800,7.15452987624e-06,7.46606406151e-06
252900,7.15210214578e-06,7.46176820814e-06
253000,7.14967523883e-06,7.45747575189e-06
253100,7.14724915543e-06,7.45318668891e-06
253200,7.14482389531e-06,7.44890101516e-06
253300,7.14239945813e-06,7.44461872662e-06
253400,7.13997584374e-06,7.44033981934e-06
253500,7.13755305159e-06,7.43606428916e-06
253600,7.1351310818e-06,7.43179213232e-06
253700,7.13270993374e-06,7.42752334462e-06
253800,7.13028960735e-06,7.42325792221e-06
253900,7.12787010223e-06,7.41899586104e-06
254000,7.1254514182e-06,7.41473715719e-06
254100,7.12303355485e-06,7.41048180662e-06
254200,7.12061651192e-06,7.40622980539e-06
254300,7.11820028912e-06,7.40198114954e-06
254400,7.1157848863e-06,7.39773583518e-06
254500,7.1133703031e-06,7.39349385834e-06
254600,7.11095653925e-06,7.38925521509e-06
254700,7.10854359431e-06,7.38501990141e-06
254800,7.10613146827e-06,7.38078791352e-06
254900,7.10372016091e-06,7.37655924753e-06
255000,7.10130967166e-06,7.37233389939e-06
255100,7.09890000021e-06,7.36811186517e-06
255200,7.09649114674e-06,7.36389314122e-06
255300,7.09408311035e-06,7.35967772331e-06
255400,7.09167589115e-06,7.35546560776e-06
255500,7.0892694888e-06,7.35125679067e-06
255600,7.08686390325e-06,7.34705126829e-06
255700,7.0844591338e-06,7.34284903651e-06
255800,7.08205518014e-06,7.33865009145e-06
255900,7.07965204246e-06,7.33445442953e-06
256000,7.07724972007e-06,7.33026204666e-06
256100,7.07484821314e-06,7.32607293925e-06
256200,7.07244752076e-06,7.3218871031e-06
256300,7.07004764323e-06,7.31770453472e-06
256400,7.06764857994e-06,7.31352523008e-06
256500,7.06525033064e-06,7.30934918539e-06
256600,7.06285289538e-06,7.30517639701e-06
256700,7.06045627338e-06,7.30100686086e-06
256800,7.05806046468e-06,7.2968405733e-06
256900,7.05566546887e-06,7.29267753048e-06
257000,7.05327128582e-06,7.28851772868e-06
257100,7.05087791523e-06,7.28436116411e-06
257200,7.04848535674e-06,7.28020783294e-06
257300,7.04609361004e-06,7.27605773137e-06
257400,7.04370267496e-06,7.27191085572e-06
257500,7.04131255108e-06,7.26776720213e-06
257600,7.03892323837e-06,7.26362676699e-06
257700,7.03653473637e-06,7.25948954643e-06
257800,7.03414704472e-06,7.25535553669e-06
257900,7.03176016339e-06,7.25122473415e-06
258000,7.0293740919e-06,7.24709713498e-06
258100,7.02698882994e-06,7.24297273542e-06
258200,7.02460437753e-06,7.23885153192e-06
258300,7.0222207342e-06,7.23473352067e-06
258400,7.01983789962e-06,7.23061869791e-06
258500,7.01745587374e-06,7.22650706008e-06
258600,7.01507465599e-06,7.22239860331e-06
258700,7.01269424618e-06,7.21829332396e-06
258800,7.01031464427e-06,7.21419121848e-06
258900,7.0079358497e-06,7.21009228302e-06
259000,7.00555786216e-06,7.20599651391e-06
259100,7.00318068169e-06,7.20190390762e-06
259200,7.00080430785e-06,7.19781446043e-06
259300,6.99842874035e-06,7.19372816866e-06
259400,6.9960539788e-06,7.1896450286e-06
259500,6.99368002312e-06,7.1855650367e-06
259600,6.99130687311e-06,7.18148818937e-06
259700,6.98893452814e-06,7.17741448278e-06
259800,6.98656298811e-06,7.17334391339e-06
259900,6.98419225298e-06,7.16927647772e-06
260000,6.98182232216e-06,7.16521217197e-06
260100,6.97945319557e-06,7.16115099263e-06
260200,6.97708487277e-06,7.15709293601e-06
260300,6.97471735362e-06,7.15303799857e-06
260400,6.97235063773e-06,7.14898617667e-06
260500,6.96998472502e-06,7.14493746682e-06
260600,6.96761961516e-06,7.14089186539e-06
260700,6.96525530777e-06,7.13684936876e-06
260800,6.96289180272e-06,7.13280997343e-06
260900,6.96052909937e-06,7.12877367562e-06
261000,6.95816719792e-06,7.12474047205e-06
261100,6.95580609791e-06,7.12071035904e-06
261200,6.95344579895e-06,7.11668333298e-06
261300,6.9510863008e-06,7.11265939035e-06
261400,6.94872760351e-06,7.10863852777e-06
261500,6.9463697065e-06,7.10462074155e-06
261600,6.94401260942e-06,7.10060602811e-06
261700,6.94165631215e-06,7.09659438402e-06
261800,6.93930081463e-06,7.09258580586e-06
261900,6.93694611628e-06,7.08858028996e-06
262000,6.93459221671e-06,7.08457783275e-06
262100,6.93223911609e-06,7.08057843096e-06
262200,6.9298868138e-06,7.07658208091e-06
262300,6.9275353096e-06,7.07258877911e-06
262400,6.92518460325e-06,7.06859852211e-06
262500,6.92283469477e-06,7.06461130657e-06
262600,6.9204855835e-06,7.06062712882e-06
262700,6.91813726941e-06,7.05664598551e-06
262800,6.91578975218e-06,7.05266787315e-06
262900,6.91344303144e-06,7.04869278821e-06
263000,6.9110971069e-06,7.04472072725e-06
263100,6.90875197839e-06,7.04075168687e-06
263200,6.9064076455e-06,7.03678566354e-06
263300,6.90406410838e-06,7.03282265405e-06
263400,6.90172136625e-06,7.02886265469e-06
263500,6.89937941909e-06,7.02490566218e-06
263600,6.89703826656e-06,7.02095167304e-06
263700,6.89469790847e-06,7.0170006839e-06
263800,6.89235834449e-06,7.01305269133e-06
263900,6.89001957425e-06,7.00910769184e-06
264000,6.88768159772e-06,7.00516568219e-06
264100,6.88534441452e-06,7.00122665889e-06
264200,6.88300802426e-06,6.9972906185e-06
264300,6.88067242672e-06,6.99335755766e-06
264400,6.87833762188e-06,6.98942747311e-06
264500,6.87600360901e-06,6.98550036124e-06
264600,6.87367038834e-06,6.98157621894e-06
264700,6.87133795912e-06,6.97765504259e-06
264800,6.86900632162e-06,6.97373682911e-06
264900,6.86667547512e-06,6.9698215749e-06
265000,6.86434541956e-06,6.96590927672e-06
265100,6.86201615464e-06,6.96199993122e-06
265200,6.85968767984e-06,6.9580935349e-06
265300,6.85735999533e-06,6.95419008468e-06
265400,6.85503310079e-06,6.9502895772e-06
265500,6.85270699549e-06,6.94639200887e-06
265600,6.85038167959e-06,6.94249737662e-06
265700,6.84805715271e-06,6.93860567705e-06
265800,6.84573341468e-06,6.93471690692e-06
265900,6.84341046476e-06,6.93083106265e-06
266000,6.84108830348e-06,6.92694814139e-06
266100,6.83876692993e-06,6.92306813948e-06
266200,6.83644634422e-06,6.91919105385e-06
266300,6.83412654586e-06,6.91531688108e-06
266400,6.83180753463e-06,6.91144561791e-06
266500,6.82948931018e-06,6.90757726104e-06
266600,6.82717187243e-06,6.90371180727e-06
266700,6.82485522092e-06,6.89984925324e-06
266800,6.82253935559e-06,6.89598959582e-06
266900,6.82022427624e-06,6.89213283177e-06
267000,6.8179099821e-06,6.88827895756e-06
267100,6.81559647338e-06,6.88442797021e-06
267200,6.81328374966e-06,6.8805798664e-06
267300,6.81097181063e-06,6.87673464286e-06
267400,6.80866065626e-06,6.87289229649e-06
267500,6.80635028583e-06,6.86905282381e-06
267600,6.80404069962e-06,6.86521622189e-06
267700,6.80173189693e-06,6.8613824873e-06
267800,6.79942387773e-06,6.85755161692e-06
267900,6.79711664159e-06,6.85372360749e-06
268000,6.79481018833e-06,6.84989845582e-06
268100,6.79250451776e-06,6.84607615877e-06
268200,6.79019962951e-06,6.84225671308e-06
268300,6.78789552339e-06,6.83844011561e-06
268400,6.78559219911e-06,6.83462636316e-06
268500,6.78328965642e-06,6.83081545255e-06
268600,6.78098789491e-06,6.82700738054e-06
268700,6.77868691448e-06,6.82320214403e-06
268800,6.77638671474e-06,6.8193997398e-06
268900,6.77408729552e-06,6.81560016475e-06
269000,6.77178865658e-06,6.81180341571e-06
269100,6.76949079766e-06,6.80800948956e-06
269200,6.7671937184e-06,6.80421838308e-06
269300,6.7648974184e-06,6.80043009306e-06
269400,6.76260189779e-06,6.79664461658e-06
269500,6.7603071561e-06,6.7928619504e-06
269600,6.75801319298e-06,6.78908209133e-06
269700,6.75572000827e-06,6.78530503632e-06
269800,6.75342760177e-06,6.78153078227e-06
269900,6.75113597316e-06,6.77775932604e-06
270000,6.74884512196e-06,6.77399066441e-06
270100,6.74655504803e-06,6.77022479434e-06
270200,6.74426575128e-06,6.76646171282e-06
270300,6.74197723139e-06,6.76270141672e-06
270400,6.73968948807e-06,6.75894390294e-06
270500,6.73740252104e-06,6.75518916839e-06
270600,6.73511632981e-06,6.75143720985e-06
270700,6.73283091457e-06,6.7476880245e-06
270800,6.73054627469e-06,6.74394160906e-06
270900,6.72826241006e-06,6.74019796055e-06
271000,6.72597932032e-06,6.73645707585e-06
271100,6.72369700542e-06,6.73271895201e-06
271200,6.72141546473e-06,6.7289835858e-06
271300,6.71913469846e-06,6.72525097439e-06
271400,6.71685470601e-06,6.72152111458e-06
271500,6.7145754871e-06,6.71779400331e-06
271600,6.71229704182e-06,6.71406963773e-06
271700,6.71001936961e-06,6.71034801465e-06
271800,6.7077424702e-06,6.70662913103e-06
271900,6.7054663434e-06,6.7029129839e-06
272000,6.70319098892e-06,6.69919957022e-06
272100,6.70091640662e-06,6.69548888703e-06
272200,6.69864259605e-06,6.69178093123e-06
272300,6.69636955687e-06,6.68807569977e-06
272400,6.69409728932e-06,6.68437318992e-06
272500,6.69182579246e-06,6.68067339831e-06
272600,6.68955506656e-06,6.67697632224e-06
272700,6.68728511119e-06,6.67328195862e-06
272800,6.68501592602e-06,6.66959030445e-06
272900,6.68274751095e-06,6.66590135683e-06
273000,6.68047986555e-06,6.66221511268e-06
273100,6.67821298956e-06,6.65853156904e-06
273200,6.67594688278e-06,6.65485072298e-06
273300,6.67368154499e-06,6.65117257155e-06
273400,6.67141697579e-06,6.64749711173e-06
273500,6.66915317516e-06,6.64382434069e-06
273600,6.66689014271e-06,6.6401542554e-06
273700,6.6646278779e-06,6.63648685278e-06
273800,6.66236638098e-06,6.63282213016e-06
273900,6.66010565134e-06,6.62916008441e-06
274000,6.65784568889e-06,6.6255007127e-06
274100,6.65558649324e-06,6.62184401203e-06
274200,6.65332806441e-06,6.61818997962e-06
274300,6.65107040177e-06,6.61453861236e-06
274400,6.64881350487e-06,6.61088990722e-06
274500,6.64655737418e-06,6.6072438617e-06
274600,6.64430200905e-06,6.60360047266e-06
274700,6.64204740915e-06,6.59995973719e-06
274800,6.63979357423e-06,6.59632165238e-06
274900,6.63754050422e-06,6.59268621543e-06
275000,6.63528819883e-06,6.58905342346e-06
275100,6.63303665746e-06,6.58542327337e-06
275200,6.6307858803e-06,6.58179576255e-06
275300,6.62853586698e-06,6.57817088804e-06
275400,6.62628661694e-06,6.57454864682e-06
275500,6.62403813001e-06,6.57092903606e-06
275600,6.62179040621e-06,6.56731205305e-06
275700,6.61954344518e-06,6.56369769487e-06
275800,6.61729724651e-06,6.5600859586e-06
275900,6.61505181006e-06,6.55647684143e-06
276000,6.6128071357e-06,6.55287034059e-06
276100,6.61056322291e-06,6.54926645311e-06
276200,6.60832007159e-06,6.54566517621e-06
276300,6.60607768142e-06,6.54206650704e-06
276400,6.60383605219e-06,6.53847044278e-06
276500,6.60159518358e-06,6.53487698058e-06
276600,6.59935507538e-06,6.53128611764e-06
276700,6.59711572731e-06,6.52769785113e-06
276800,6.594877139e-06,6.52411217817e-06
276900,6.59263931035e-06,6.52052909604e-06
277000,6.59040224114e-06,6.51694860196e-06
277100,6.58816593104e-06,6.51337069307e-06
277200,6.58593037984e-06,6.50979536661e-06
277300,6.5836955871e-06,6.50622261968e-06
277400,6.58146155296e-06,6.50265244971e-06
277500,6.57922827658e-06,6.49908485359e-06
277600,6.57699575818e-06,6.4955198288e-06
277700,6.57476399732e-06,6.49195737247e-06
277800,6.57253299373e-06,6.48839748181e-06
277900,6.57030274717e-06,6.48484015405e-06
278000,6.56807325745e-06,6.48128538647e-06
278100,6.56584452429e-06,6.47773317631e-06
278200,6.56361654729e-06,6.4741835207e-06
278300,6.56138932646e-06,6.47063641705e-06
278400,6.55916286146e-06,6.46709186257e-06
278500,6.55693715184e-06,6.46354985439e-06
278600,6.55471219769e-06,6.46001038997e-06
278700,6.55248799827e-06,6.4564734663e-06
278800,6.55026455374e-06,6.45293908087e-06
278900,6.54804186354e-06,6.44940723078e-06
279000,6.54581992767e-06,6.44587791346e-06
279100,6.54359874582e-06,6.44235112615e-06
279200,6.54137831769e-06,6.43882686609e-06
279300,6.53915864302e-06,6.43530513058e-06
279400,6.53693972154e-06,6.4317859169e-06
279500,6.53472155305e-06,6.42826922237e-06
279600,6.53250413735e-06,6.4247550443e-06
279700,6.53028747397e-06,6.4212433799e-06
279800,6.52807156284e-06,6.41773422656e-06
279900,6.52585640353e-06,6.41422758149e-06
280000,6.52364199603e-06,6.41072344215e-06
280100,6.5214283398e-06,6.40722180568e-06
280200,6.51921543489e-06,6.40372266958e-06
280300,6.51700328068e-06,6.40022603096e-06
280400,6.51479187755e-06,6.39673188751e-06
280500,6.51258122453e-06,6.39324023616e-06
280600,6.51037132161e-06,6.38975107439e-06
280700,6.50816216887e-06,6.3862643997e-06
280800,6.50595376564e-06,6.38278020922e-06
280900,6.50374611165e-06,6.37929850029e-06
281000,6.50153920717e-06,6.37581927054e-06
281100,6.49933305117e-06,6.37234251689e-06
281200,6.49712764398e-06,6.36886823703e-06
281300,6.49492298506e-06,6.36539642817e-06
281400,6.49271907448e-06,6.36192708783e-06
281500,6.49051591174e-06,6.35846021326e-06
281600,6.48831349641e-06,6.35499580174e-06
281700,6.48611182856e-06,6.35153385081e-06
281800,6.48391090789e-06,6.34807435783e-06
281900,6.48171073394e-06,6.34461732007e-06
282000,6.47951130671e-06,6.34116273505e-06
282100,6.47731262577e-06,6.33771060007e-06
282200,6.47511469098e-06,6.33426091259e-06
282300,6.4729175019e-06,6.33081366991e-06
282400,6.47072105863e-06,6.3273688696e-06
282500,6.4685253605e-06,6.32392650887e-06
282600,6.46633040739e-06,6.32048658518e-06
282700,6.46413619928e-06,6.31704909608e-06
282800,6.46194273586e-06,6.31361403895e-06
282900,6.45975001647e-06,6.31018141098e-06
283000,6.45755804138e-06,6.3067512099e-06
283100,6.45536681009e-06,6.30332343299e-06
283200,6.45317632235e-06,6.29989807768e-06
283300,6.45098657776e-06,6.29647514133e-06
283400,6.44879757649e-06,6.29305462161e-06
283500,6.44660931791e-06,6.28963651574e-06
283600,6.44442180196e-06,6.28622082129e-06
283700,6.44223502818e-06,6.28280753559e-06
283800,6.44004899659e-06,6.27939665624e-06
283900,6.43786370673e-06,6.27598818058e-06
284000,6.43567915845e-06,6.27258210613e-06
284100,6.43349535177e-06,6.2691784305e-06
284200,6.43131228567e-06,6.26577715073e-06
284300,6.4291299606e-06,6.26237826468e-06
284400,6.42694837609e-06,6.25898176971e-06
284500,6.42476753199e-06,6.25558766335e-06
284600,6.42258742766e-06,6.25219594287e-06
284700,6.4204080634e-06,6.24880660605e-06
284800,6.41822943841e-06,6.24541965008e-06
284900,6.4160515527e-06,6.2420350726e-06
285000,6.41387440641e-06,6.23865287131e-06
285100,6.41169799862e-06,6.23527304335e-06
285200,6.40952232959e-06,6.23189558651e-06
285300,6.40734739865e-06,6.22852049804e-06
285400,6.40517320594e-06,6.2251477757e-06
285500,6.40299975092e-06,6.22177741681e-06
285600,6.40082703329e-06,6.21840941888e-06
285700,6.39865505328e-06,6.21504377969e-06
285800,6.39648380999e-06,6.21168049639e-06
285900,6.39431330369e-06,6.20831956682e-06
286000,6.3921435339e-06,6.20496098837e-06
286100,6.38997450032e-06,6.20160475854e-06
286200,6.38780620274e-06,6.1982508749e-06
286300,6.38563864128e-06,6.19489933519e-06
286400,6.38347181524e-06,6.19155013671e-06
286500,6.3813057244e-06,6.18820327701e-06
286600,6.37914036872e-06,6.18485875377e-06
286700,6.37697574771e-06,6.18151656441e-06
286800,6.3748118613e-06,6.17817670658e-06
286900,6.37264870903e-06,6.17483917774e-06
287000,6.37048629096e-06,6.17150397561e-06
287100,6.36832460668e-06,6.16817109767e-06
287200,6.36616365587e-06,6.16484054146e-06
287300,6.36400343848e-06,6.16151230466e-06
287400,6.36184395419e-06,6.15818638481e-06
287500,6.35968520273e-06,6.15486277948e-06
287600,6.3575271837e-06,6.15154148617e-06
287700,6.35536989702e-06,6.14822250256e-06
287800,6.35321334237e-06,6.14490582621e-06
287900,6.3510575195e-06,6.14159145471e-06
288000,6.34890242822e-06,6.13827938568e-06
288100,6.34674806824e-06,6.13496961671e-06
288200,6.34459443949e-06,6.1316621455e-06
288300,6.34244154138e-06,6.12835696947e-06
288400,6.34028937393e-06,6.12505408639e-06
288500,6.33813793688e-06,6.12175349384e-06
288600,6.33598722975e-06,6.11845518934e-06
288700,6.33383725257e-06,6.11515917065e-06
288800,6.33168800494e-06,6.11186543532e-06
288900,6.32953948665e-06,6.10857398098e-06
289000,6.32739169739e-06,6.10528480524e-06
289100,6.32524463695e-06,6.10199790576e-06
289200,6.32309830511e-06,6.09871328019e-06
289300,6.32095270169e-06,6.0954309262e-06
289400,6.31880782638e-06,6.09215084141e-06
289500,6.31666367878e-06,6.08887302338e-06
289600,6.31452025899e-06,6.08559746994e-06
289700,6.31237756627e-06,6.0823241785e-06
289800,6.31023560087e-06,6.07905314696e-06
289900,6.30809436253e-06,6.07578437299e-06
290000,6.30595385047e-06,6.07251785397e-06
290100,6.30381406512e-06,6.06925358792e-06
290200,6.30167500539e-06,6.06599157205e-06
290300,6.29953667181e-06,6.06273180447e-06
290400,6.29739906386e-06,6.0594742827e-06
290500,6.29526218127e-06,6.05621900441e-06
290600,6.29312602393e-06,6.05296596735e-06
290700,6.29099059142e-06,6.04971516912e-06
290800,6.28885588364e-06,6.04646660749e-06
290900,6.2867219002e-06,6.04322028006e-06
291000,6.2845886409e-06,6.03997618457e-06
291100,6.2824561055e-06,6.03673431871e-06
291200,6.28032429368e-06,6.03349468014e-06
291300,6.27819320534e-06,6.03025726666e-06
291400,6.27606284022e-06,6.02702207595e-06
291500,6.27393319801e-06,6.0237891057e-06
291600,6.27180427846e-06,6.02055835362e-06
291700,6.26967608133e-06,6.01732981743e-06
291800,6.26754860651e-06,6.01410349492e-06
291900,6.26542185354e-06,6.0108793837e-06
292000,6.26329582229e-06,6.00765748157e-06
292100,6.26117051266e-06,6.00443778633e-06
292200,6.25904592397e-06,6.00122029547e-06
292300,6.25692205639e-06,5.99800500696e-06
292400,6.25479890957e-06,5.99479191849e-06
292500,6.25267648319e-06,5.99158102775e-06
292600,6.25055477696e-06,5.98837233246e-06
292700,6.24843379069e-06,5.98516583041e-06
292800,6.24631352438e-06,5.98196151947e-06
292900,6.24419397743e-06,5.97875939721e-06
293000,6.24207514994e-06,5.97555946159e-06
293100,6.23995704124e-06,5.97236171011e-06
293200,6.23783965141e-06,5.96916614073e-06
293300,6.23572298002e-06,5.96597275111e-06
293400,6.23360702701e-06,5.96278153913e-06
293500,6.23149179194e-06,5.95959250245e-06
293600,6.2293772747e-06,5.9564056389e-06
293700,6.22726347504e-06,5.95322094629e-06
293800,6.22515039264e-06,5.95003842234e-06
293900,6.2230380273e-06,5.94685806486e-06
294000,6.22092637879e-06,5.94367987166e-06
294100,6.21881544686e-06,5.94050384051e-06
294200,6.21670523143e-06,5.9373299693e-06
294300,6.21459573201e-06,5.9341582557e-06
294400,6.21248694845e-06,5.93098869755e-06
294500,6.21037888041e-06,5.92782129261e-06
294600,6.20827152777e-06,5.92465603875e-06
294700,6.20616489017e-06,5.92149293371e-06
294800,6.20405896752e-06,5.9183319754e-06
294900,6.20195375953e-06,5.91517316159e-06
295000,6.19984926589e-06,5.91201649008e-06
295100,6.19774548644e-06,5.90886195872e-06
295200,6.19564242087e-06,5.90570956532e-06
295300,6.19354006907e-06,5.90255930775e-06
295400,6.19143843056e-06,5.89941118374e-06
295500,6.18933750534e-06,5.89626519123e-06
295600,6.18723729287e-06,5.89312132791e-06
295700,6.18513779322e-06,5.88997959178e-06
295800,6.18303900594e-06,5.88683998058e-06
295900,6.18094093109e-06,5.8837024923e-06
296000,6.178843568e-06,5.88056712458e-06
296100,6.17674691679e-06,5.87743387545e-06
296200,6.174650977e-06,5.87430274264e-06
296300,6.17255574855e-06,5.8711737241e-06
296400,6.17046123104e-06,5.86804681762e-06
296500,6.16836742433e-06,5.86492202109e-06
296600,6.16627432806e-06,5.86179933233e-06
296700,6.16418194209e-06,5.85867874926e-06
296800,6.16209026632e-06,5.85556026982e-06
296900,6.1599993002e-06,5.85244389172e-06
297000,6.15790904356e-06,5.84932961288e-06
297100,6.15581949632e-06,5.84621743126e-06
297200,6.15373065819e-06,5.84310734471e-06
297300,6.15164252898e-06,5.83999935116e-06
297400,6.14955510835e-06,5.83689344843e-06
297500,6.14746839598e-06,5.83378963437e-06
297600,6.14538239179e-06,5.83068790696e-06
297700,6.14329709541e-06,5.82758826404e-06
297800,6.14121250668e-06,5.82449070353e-06
297900,6.13912862535e-06,5.82139522335e-06
298000,6.13704545118e-06,5.81830182139e-06
298100,6.13496298394e-06,5.81521049557e-06
298200,6.13288122327e-06,5.81212124372e-06
298300,6.13080016915e-06,5.8090340639e-06
298400,6.12871982119e-06,5.80594895392e-06
298500,6.12664017938e-06,5.80286591184e-06
298600,6.12456124311e-06,5.79978493537e-06
298700,6.12248301257e-06,5.79670602268e-06
298800,6.12040548697e-06,5.79362917138e-06
298900,6.1183286664e-06,5.7905543796e-06
299000,6.11625255055e-06,5.78748164522e-06
299100,6.11417713915e-06,5.78441096616e-06
299200,6.11210243226e-06,5.78134234052e-06
299300,6.11002842947e-06,5.77827576616e-06
299400,6.10795513027e-06,5.77521124087e-06
299500,6.10588253474e-06,5.77214876276e-06
299600,6.10381064263e-06,5.76908832979e-06
299700,6.10173945349e-06,5.76602993979e-06
299800,6.09966896716e-06,5.76297359076e-06
299900,6.09759918353e-06,5.75991928072e-06
300000,6.09553010234e-06,5.75686700762e-06
300100,6.09346172297e-06,5.75381676922e-06
300200,6.09139404566e-06,5.75076856375e-06
300300,6.08932707007e-06,5.74772238912e-06
300400,6.0872607959e-06,5.74467824326e-06
300500,6.08519522285e-06,5.74163612411e-06
300600,6.08313035089e-06,5.73859602978e-06
300700,6.08106617946e-06,5.73555795805e-06
300800,6.0790027086e-06,5.73252190706e-06
300900,6.07693993786e-06,5.7294878747e-06
301000,6.07487786736e-06,5.72645585911e-06
301100,6.07281649649e-06,5.72342585812e-06
301200,6.07075582497e-06,5.72039786967e-06
301300,6.06869585287e-06,5.71737189194e-06
301400,6.06663657971e-06,5.71434792279e-06
301500,6.06457800547e-06,5.71132596033e-06
301600,6.0625201297e-06,5.70830600246e-06
301700,6.06046295245e-06,5.70528804734e-06
301800,6.05840647318e-06,5.70227209282e-06
301900,6.05635069183e-06,5.69925813699e-06
302000,6.05429560802e-06,5.69624617779e-06
302100,6.05224122164e-06,5.69323621332e-06
302200,6.05018753242e-06,5.69022824157e-06
302300,6.04813454009e-06,5.68722226055e-06
302400,6.04608224433e-06,5.68421826823e-06
302500,6.04403064512e-06,5.68121626275e-06
302600,6.04197974202e-06,5.67821624205e-06
302700,6.03992953498e-06,5.67521820425e-06
302800,6.03788002359e-06,5.67222214729e-06
302900,6.03583120776e-06,5.66922806929e-06
303000,6.03378308728e-06,5.6662359683e-06
303100,6.03173566157e-06,5.66324584219e-06
303200,6.02968893092e-06,5.66025768927e-06
303300,6.02764289473e-06,5.6572715074e-06
303400,6.02559755283e-06,5.65428729467e-06
303500,6.02355290486e-06,5.65130504906e-06
303600,6.02150895095e-06,5.64832476882e-06
303700,6.01946569057e-06,5.64534645186e-06
303800,6.01742312363e-06,5.64237009631e-06
303900,6.01538124966e-06,5.63939570011e-06
304000,6.0133400687e-06,5.63642326146e-06
304100,6.01129958033e-06,5.63345277836e-06
304200,6.00925978459e-06,5.630484249e-06
304300,6.00722068081e-06,5.62751767124e-06
304400,6.00518226903e-06,5.62455304328e-06
304500,6.00314454916e-06,5.6215903633e-06
304600,6.00110752059e-06,5.61862962917e-06
304700,5.99907118338e-06,5.61567083912e-06
304800,5.99703553719e-06,5.6127139912e-06
304900,5.99500058177e-06,5.60975908348e-06
305000,5.99296631667e-06,5.60680611393e-06
305100,5.9909327422e-06,5.60385508094e-06
305200,5.98889985789e-06,5.60090598249e-06
305300,5.98686766327e-06,5.59795881653e-06
305400,5.98483615808e-06,5.59501358117e-06
305500,5.98280534258e-06,5.59207027477e-06
305600,5.98077521594e-06,5.58912889511e-06
305700,5.97874577849e-06,5.5861894406e-06
305800,5.97671702961e-06,5.58325190915e-06
305900,5.9746889692e-06,5.58031629896e-06
306000,5.97266159695e-06,5.57738260807e-06
306100,5.97063491267e-06,5.57445083465e-06
306200,5.96860891609e-06,5.57152097678e-06
306300,5.96658360714e-06,5.5685930327e-06
306400,5.96455898548e-06,5.56566700045e-06
306500,5.96253505099e-06,5.56274287824e-06
306600,5.96051180313e-06,5.55982066401e-06
306700,5.95848924174e-06,5.55690035596e-06
306800,5.95646736677e-06,5.55398195231e-06
306900,5.954446178e-06,5.5510654512e-06
307000,5.952425675e-06,5.54815085068e-06
307100,5.95040585778e-06,5.545238149e-06
307200,5.94838672587e-06,5.54232734421e-06
307300,5.94636827923e-06,5.53941843453e-06
307400,5.94435051766e-06,5.53651141814e-06
307500,5.94233344064e-06,5.53360629304e-06
307600,5.94031704819e-06,5.53070305752e-06
307700,5.93830133994e-06,5.52780170966e-06
307800,5.93628631564e-06,5.52490224762e-06
307900,5.93427197526e-06,5.52200466965e-06
308000,5.93225831808e-06,5.51910897366e-06
308100,5.93024534474e-06,5.5162151583e-06
308200,5.92823305425e-06,5.51332322132e-06
308300,5.92622144651e-06,5.51043316095e-06
308400,5.92421052163e-06,5.50754497557e-06
308500,5.92220027899e-06,5.50465866315e-06
308600,5.92019071874e-06,5.50177422205e-06
308700,5.91818184039e-06,5.49889165032e-06
308800,5.91617364357e-06,5.49601094608e-06
308900,5.91416612812e-06,5.49313210755e-06
309000,5.91215929419e-06,5.49025513311e-06
309100,5.9101531411e-06,5.48738002072e-06
309200,5.90814766874e-06,5.48450676864e-06
309300,5.90614287687e-06,5.48163537505e-06
309400,5.90413876558e-06,5.47876583834e-06
309500,5.90213533424e-06,5.47589815648e-06
309600,5.90013258293e-06,5.47303232783e-06
309700,5.89813051108e-06,5.47016835043e-06
309800,5.89612911877e-06,5.46730622265e-06
309900,5.89412840545e-06,5.46444594251e-06
310000,5.89212837115e-06,5.46158750839e-06
310100,5.89012901543e-06,5.45873091836e-06
310200,5.88813033832e-06,5.45587617081e-06
310300,5.88613233924e-06,5.45302326374e-06
310400,5.8841350183e-06,5.45017219557e-06
310500,5.8821383754e-06,5.44732296458e-06
310600,5.88014240969e-06,5.44447556867e-06
310700,5.87814712143e-06,5.44163000634e-06
310800,5.87615251045e-06,5.43878627584e-06
310900,5.87415857608e-06,5.43594437517e-06
311000,5.87216531828e-06,5.43310430266e-06
311100,5.87017273723e-06,5.43026605677e-06
311200,5.86818083202e-06,5.42742963537e-06
311300,5.86618960272e-06,5.42459503687e-06
311400,5.86419904927e-06,5.4217622596e-06
311500,5.8622091715e-06,5.41893130183e-06
311600,5.86021996875e-06,5.41610216159e-06
311700,5.8582314411e-06,5.41327483729e-06
311800,5.85624358817e-06,5.4104493271e-06
311900,5.85425641006e-06,5.40762562945e-06
312000,5.85226990613e-06,5.40480374238e-06
312100,5.8502840763e-06,5.40198366422e-06
312200,5.84829892023e-06,5.39916539318e-06
312300,5.84631443803e-06,5.39634892771e-06
312400,5.84433062904e-06,5.39353426584e-06
312500,5.84234749325e-06,5.39072140595e-06
312600,5.84036503058e-06,5.38791034638e-06
312700,5.83838324065e-06,5.38510108534e-06
312800,5.83640212312e-06,5.38229362105e-06
312900,5.83442167812e-06,5.37948795195e-06
313000,5.832441905e-06,5.37668407612e-06
313100,5.83046280369e-06,5.37388199192e-06
313200,5.82848437408e-06,5.37108169769e-06
313300,5.82650661573e-06,5.36828319159e-06
313400,5.82452952854e-06,5.365486472e-06
313500,5.82255311228e-06,5.3626915372e-06
313600,5.82057736668e-06,5.35989838546e-06
313700,5.81860229159e-06,5.35710701511e-06
313800,5.81662788671e-06,5.35431742441e-06
313900,5.81465415172e-06,5.35152961162e-06
314000,5.81268108678e-06,5.34874357523e-06
314100,5.81070869117e-06,5.34595931329e-06
314200,5.80873696507e-06,5.34317682432e-06
314300,5.80676590793e-06,5.34039610646e-06
314400,5.80479551974e-06,5.33761715813e-06
314500,5.80282580008e-06,5.33483997754e-06
314600,5.80085674883e-06,5.33206456306e-06
314700,5.79888836587e-06,5.32929091306e-06
314800,5.79692065081e-06,5.32651902577e-06
314900,5.79495360357e-06,5.3237488996e-06
315000,5.79298722379e-06,5.3209805328e-06
315100,5.7910215112e-06,5.31821392365e-06
315200,5.78905646597e-06,5.31544907071e-06
315300,5.78709208739e-06,5.31268597205e-06
315400,5.78512837538e-06,5.30992462607e-06
315500,5.7831653297e-06,5.30716503108e-06
315600,5.78120295017e-06,5.30440718548e-06
315700,5.77924123652e-06,5.30165108755e-06
315800,5.77728018877e-06,5.29889673577e-06
315900,5.77531980636e-06,5.29614412831e-06
316000,5.77336008914e-06,5.29339326355e-06
316100,5.77140103713e-06,5.29064413996e-06
316200,5.76944264972e-06,5.28789675569e-06
316300,5.76748492705e-06,5.28515110928e-06
316400,5.7655278688e-06,5.28240719904e-06
316500,5.7635714745e-06,5.27966502318e-06
316600,5.761615744e-06,5.27692458011e-06
316700,5.75966067736e-06,5.27418586833e-06
316800,5.75770627392e-06,5.27144888597e-06
316900,5.75575253395e-06,5.26871363166e-06
317000,5.75379945693e-06,5.26598010361e-06
317100,5.75184704256e-06,5.26324830013e-06
317200,5.74989529092e-06,5.26051821977e-06
317300,5.7479442015e-06,5.25778986074e-06
317400,5.74599377416e-06,5.25506322146e-06
317500,5.74404400889e-06,5.25233830042e-06
317600,5.74209490488e-06,5.24961509568e-06
317700,5.74014646269e-06,5.24689360603e-06
317800,5.73819868128e-06,5.24417382943e-06
317900,5.73625156101e-06,5.24145576457e-06
318000,5.73430510167e-06,5.23873940984e-06
318100,5.73235930269e-06,5.23602476344e-06
318200,5.73041416419e-06,5.23331182395e-06
318300,5.72846968558e-06,5.23060058956e-06
318400,5.72652586687e-06,5.2278910588e-06
318500,5.72458270778e-06,5.22518323001e-06
318600,5.7226402081e-06,5.22247710161e-06
318700,5.72069836758e-06,5.21977267199e-06
318800,5.71875718608e-06,5.21706993958e-06
318900,5.71681666313e-06,5.21436890266e-06
319000,5.71487679889e-06,5.21166955985e-06
319100,5.71293759304e-06,5.20897190949e-06
319200,5.71099904486e-06,5.20627594973e-06
319300,5.70906115467e-06,5.20358167927e-06
319400,5.70712392227e-06,5.20088909653e-06
319500,5.70518734716e-06,5.19819819979e-06
319600,5.70325142929e-06,5.19550898755e-06
319700,5.70131616817e-06,5.19282145809e-06
319800,5.69938156395e-06,5.19013561002e-06
319900,5.69744761639e-06,5.18745144177e-06
320000,5.6955143248e-06,5.1847689515e-06
320100,5.69358168927e-06,5.18208813781e-06
320200,5.69164970968e-06,5.17940899919e-06
320300,5.68971838575e-06,5.17673153403e-06
320400,5.68778771722e-06,5.17405574075e-06
320500,5.68585770382e-06,5.17138161775e-06
320600,5.68392834527e-06,5.16870916345e-06
320700,5.68199964161e-06,5.16603837642e-06
320800,5.68007159235e-06,5.16336925495e-06
320900,5.67814419726e-06,5.16070179749e-06
321000,5.67621745636e-06,5.15803600261e-06
321100,5.67429136925e-06,5.15537186865e-06
321200,5.67236593578e-06,5.15270939412e-06
321300,5.67044115561e-06,5.15004857739e-06
321400,5.66851702872e-06,5.14738941702e-06
321500,5.66659355482e-06,5.14473191144e-06
321600,5.66467073362e-06,5.14207605905e-06
321700,5.66274856475e-06,5.13942185824e-06
321800,5.66082704855e-06,5.13676930778e-06
321900,5.65890618414e-06,5.13411840576e-06
322000,5.6569859715e-06,5.13146915077e-06
322100,5.65506641058e-06,5.12882154135e-06
322200,5.65314750095e-06,5.12617557586e-06
322300,5.65122924263e-06,5.12353125289e-06
322400,5.64931163504e-06,5.12088857075e-06
322500,5.64739467837e-06,5.1182475281e-06
322600,5.64547837227e-06,5.11560812336e-06
322700,5.64356271657e-06,5.11297035504e-06
322800,5.64164771067e-06,5.1103342214e-06
322900,5.6397333549e-06,5.10769972123e-06
323000,5.63781964839e-06,5.10506685266e-06
323100,5.63590659161e-06,5.10243561454e-06
323200,5.63399418374e-06,5.09980600503e-06
323300,5.63208242503e-06,5.09717802289e-06
323400,5.63017131496e-06,5.09455166643e-06
323500,5.62826085355e-06,5.09192693428e-06
323600,5.62635104042e-06,5.08930382484e-06
323700,5.62444187535e-06,5.08668233662e-06
323800,5.62253335832e-06,5.08406246821e-06
323900,5.62062548867e-06,5.08144421788e-06
324000,5.61871826671e-06,5.07882758442e-06
324100,5.61681169175e-06,5.07621256607e-06
324200,5.61490576389e-06,5.07359916152e-06
324300,5.61300048265e-06,5.07098736912e-06
324400,5.61109584801e-06,5.0683771875e-06
324500,5.60919185967e-06,5.06576861512e-06
324600,5.60728851763e-06,5.06316165062e-06
324700,5.60538582153e-06,5.06055629242e-06
324800,5.60348377088e-06,5.0579525389e-06
324900,5.60158236573e-06,5.05535038873e-06
325000,5.59968160601e-06,5.05274984049e-06
325100,5.59778149118e-06,5.05015089255e-06
325200,5.59588202116e-06,5.04755354351e-06
325300,5.59398319562e-06,5.04495779181e-06
325400,5.59208501457e-06,5.04236363612e-06
325500,5.5901874776e-06,5.03977107486e-06
325600,5.58829058439e-06,5.0371801065e-06
325700,5.58639433504e-06,5.03459072975e-06
325800,5.58449872934e-06,5.03200294316e-06
325900,5.58260376672e-06,5.02941674506e-06
326000,5.58070944734e-06,5.02683213419e-06
326100,5.57881577062e-06,5.02424910891e-06
326200,5.57692273677e-06,5.02166766798e-06
326300,5.57503034494e-06,5.0190878096e-06
326400,5.57313859549e-06,5.01650953263e-06
326500,5.57124748786e-06,5.01393283544e-06
326600,5.56935702218e-06,5.01135771676e-06
326700,5.5674671978e-06,5.00878417491e-06
326800,5.56557801482e-06,5.0062122086e-06
326900,5.56368947304e-06,5.00364181641e-06
327000,5.56180157204e-06,5.00107299678e-06
327100,5.55991431177e-06,4.99850574836e-06
327200,5.55802769181e-06,4.99594006959e-06
327300,5.55614171233e-06,4.99337595925e-06
327400,5.55425637247e-06,4.99081341555e-06
327500,5.55237167262e-06,4.98825243739e-06
327600,5.5504876123e-06,4.98569302318e-06
327700,5.54860419141e-06,4.98313517157e-06
327800,5.54672140953e-06,4.980578881e-06
327900,5.54483926666e-06,4.97802415017e-06
328000,5.54295776243e-06,4.97547097757e-06
328100,5.54107689683e-06,4.97291936189e-06
328200,5.53919666938e-06,4.97036930155e-06
328300,5.53731708e-06,4.96782079522e-06
328400,5.53543812852e-06,4.96527384149e-06
328500,5.53355981455e-06,4.96272843885e-06
328600,5.53168213792e-06,4.96018458591e-06
328700,5.52980509878e-06,4.95764228147e-06
328800,5.52792869636e-06,4.95510152379e-06
328900,5.52605293075e-06,4.95256231165e-06
329000,5.52417780166e-06,4.95002464357e-06
329100,5.52230330883e-06,4.94748851815e-06
329200,5.52042945218e-06,4.94495393404e-06
329300,5.51855623157e-06,4.94242088988e-06
329400,5.5166836466e-06,4.93988938416e-06
329500,5.5148116968e-06,4.93735941536e-06
329600,5.51294038246e-06,4.93483098233e-06
329700,5.51106970315e-06,4.93230408357e-06
329800,5.50919965864e-06,4.92977871769e-06
329900,5.50733024863e-06,4.92725488322e-06
330000,5.50546147319e-06,4.92473257894e-06
330100,5.50359333152e-06,4.92221180314e-06
330200,5.50172582428e-06,4.9196925549e-06
330300,5.49985895058e-06,4.91717483247e-06
330400,5.4979927105e-06,4.91465863463e-06
330500,5.49612710379e-06,4.91214395997e-06
330600,5.49426212995e-06,4.90963080695e-06
330700,5.49239778906e-06,4.90711917436e-06
330800,5.4905340808e-06,4.90460906075e-06
330900,5.48867100504e-06,4.90210046479e-06
331000,5.48680856149e-06,4.89959338508e-06
331100,5.48494674993e-06,4.89708782022e-06
331200,5.48308557016e-06,4.89458376887e-06
331300,5.48122502199e-06,4.89208122964e-06
331400,5.47936510518e-06,4.88958020118e-06
331500,5.47750581969e-06,4.8870806822e-06
331600,5.4756471652e-06,4.88458267128e-06
331700,5.47378914116e-06,4.88208616686e-06
331800,5.47193174792e-06,4.87959116791e-06
331900,5.47007498477e-06,4.87709767278e-06
332000,5.46821885159e-06,4.87460568017e-06
332100,5.46636334851e-06,4.8721151889e-06
332200,5.46450847507e-06,4.86962619749e-06
332300,5.46265423116e-06,4.86713870464e-06
332400,5.46080061635e-06,4.86465270888e-06
332500,5.45894763058e-06,4.86216820894e-06
332600,5.4570952738e-06,4.85968520355e-06
332700,5.45524354543e-06,4.85720369117e-06
332800,5.45339244551e-06,4.85472367061e-06
332900,5.45154197368e-06,4.85224514042e-06
333000,5.44969212989e-06,4.84976809935e-06
333100,5.44784291389e-06,4.84729254605e-06
333200,5.44599432526e-06,4.84481847905e-06
333300,5.44414636404e-06,4.84234589716e-06
333400,5.44229902992e-06,4.839874799e-06
333500,5.44045232275e-06,4.83740518325e-06
333600,5.43860624208e-06,4.83493704846e-06
333700,5.436760788e-06,4.83247039346e-06
333800,5.43491596015e-06,4.83000521685e-06
333900,5.43307175854e-06,4.8275415174e-06
334000,5.43122818254e-06,4.82507929357e-06
334100,5.42938523216e-06,4.82261854415e-06
334200,5.42754290732e-06,4.82015926788e-06
334300,5.42570120747e-06,4.81770146328e-06
334400,5.4238601328e-06,4.81524512923e-06
334500,5.42201968274e-06,4.81279026422e-06
334600,5.42017985736e-06,4.81033686708e-06
334700,5.41834065626e-06,4.80788493639e-06
334800,5.4165020793e-06,4.80543447089e-06
334900,5.41466412644e-06,4.80298546935e-06
335000,5.41282679707e-06,4.80053793025e-06
335100,5.4109900913e-06,4.79809185243e-06
335200,5.40915400864e-06,4.79564723447e-06
335300,5.4073185493e-06,4.79320407526e-06
335400,5.40548371258e-06,4.79076237324e-06
335500,5.40364949869e-06,4.78832212734e-06
335600,5.40181590732e-06,4.7858833362e-06
335700,5.39998293792e-06,4.78344599834e-06
335800,5.39815059069e-06,4.78101011267e-06
335900,5.39631886528e-06,4.77857567784e-06
336000,5.39448776153e-06,4.77614269257e-06
336100,5.392657279e-06,4.77371115544e-06
336200,5.39082741776e-06,4.77128106531e-06
336300,5.38899817755e-06,4.76885242086e-06
336400,5.38716955793e-06,4.76642522068e-06
336500,5.38534155891e-06,4.76399946361e-06
336600,5.38351418014e-06,4.76157514827e-06
336700,5.38168742164e-06,4.75915227351e-06
336800,5.37986128301e-06,4.75673083794e-06
336900,5.37803576397e-06,4.75431084025e-06
337000,5.37621086455e-06,4.75189227928e-06
337100,5.37438658441e-06,4.74947515369e-06
337200,5.37256292332e-06,4.74705946217e-06
337300,5.37073988103e-06,4.74464520345e-06
337400,5.36891745748e-06,4.74223237633e-06
337500,5.36709565237e-06,4.73982097947e-06
337600,5.36527446542e-06,4.73741101158e-06
337700,5.36345389654e-06,4.73500247145e-06
337800,5.36163394549e-06,4.73259535779e-06
337900,5.35981461203e-06,4.73018966932e-06
338000,5.35799589587e-06,4.72778540474e-06
338100,5.35617779702e-06,4.7253825629e-06
338200,5.3543603151e-06,4.72298114243e-06
338300,5.35254344987e-06,4.72058114207e-06
338400,5.35072720141e-06,4.71818256071e-06
338500,5.34891156915e-06,4.71578539691e-06
338600,5.34709655293e-06,4.71338964942e-06
338700,5.34528215279e-06,4.71099531713e-06
338800,5.34346836824e-06,4.70860239863e-06
338900,5.34165519935e-06,4.70621089283e-06
339000,5.33984264564e-06,4.70382079832e-06
339100,5.33803070713e-06,4.70143211398e-06
339200,5.3362193833e-06,4.6990448384e-06
339300,5.33440867443e-06,4.69665897059e-06
339400,5.33259857991e-06,4.69427450909e-06
339500,5.33078909971e-06,4.69189145276e-06
339600,5.32898023336e-06,4.68950980021e-06
339700,5.32717198097e-06,4.68712955037e-06
339800,5.32536434229e-06,4.68475070198e-06
339900,5.32355731699e-06,4.68237325375e-06
340000,5.32175090472e-06,4.67999720434e-06
340100,5.31994510567e-06,4.67762255276e-06
340200,5.3181399195e-06,4.6752492977e-06
340300,5.31633534562e-06,4.6728774377e-06
340400,5.31453138436e-06,4.67050697184e-06
340500,5.31272803527e-06,4.66813789876e-06
340600,5.31092529798e-06,4.66577021713e-06
340700,5.30912317265e-06,4.66340392595e-06
340800,5.30732165884e-06,4.66103902385e-06
340900,5.30552075633e-06,4.65867550961e-06
341000,5.30372046484e-06,4.65631338196e-06
341100,5.30192078443e-06,4.65395263983e-06
341200,5.30012171484e-06,4.65159328197e-06
341300,5.29832325547e-06,4.64923530695e-06
341400,5.29652540664e-06,4.64687871385e-06
341500,5.29472816769e-06,4.6445235012e-06
341600,5.29293153895e-06,4.64216966809e-06
341700,5.29113551965e-06,4.63981721298e-06
341800,5.28934011003e-06,4.63746613493e-06
341900,5.28754530963e-06,4.63511643258e-06
342000,5.28575111823e-06,4.63276810471e-06
342100,5.28395753577e-06,4.63042115021e-06
342200,5.28216456185e-06,4.62807556775e-06
342300,5.28037219643e-06,4.62573135624e-06
342400,5.27858043931e-06,4.62338851446e-06
342500,5.27678929017e-06,4.62104704117e-06
342600,5.27499874891e-06,4.61870693521e-06
342700,5.2732088152e-06,4.61636819533e-06
342800,5.27141948897e-06,4.6140308204e-06
342900,5.26963076988e-06,4.61169480916e-06
343000,5.26784265794e-06,4.60936016052e-06
343100,5.26605515263e-06,4.60702687314e-06
343200,5.26426825394e-06,4.60469494591e-06
343300,5.26248196176e-06,4.60236437771e-06
343400,5.26069627578e-06,4.6000351673e-06
343500,5.25891119561e-06,4.59770731337e-06
343600,5.25712672133e-06,4.59538081492e-06
343700,5.2553428526e-06,4.59305567067e-06
343800,5.25355958915e-06,4.59073187942e-06
343900,5.25177693092e-06,4.58840944006e-06
344000,5.24999487767e-06,4.58608835139e-06
344100,5.24821342908e-06,4.58376861217e-06
344200,5.24643258518e-06,4.58145022136e-06
344300,5.24465234543e-06,4.57913317759e-06
344400,5.2428727099e-06,4.57681747985e-06
344500,5.24109367844e-06,4.57450312699e-06
344600,5.23931525041e-06,4.5721901176e-06
344700,5.23753742604e-06,4.56987845075e-06
344800,5.235760205e-06,4.5675681252e-06
344900,5.23398358715e-06,4.56525913982e-06
345000,5.23220757191e-06,4.56295149324e-06
345100,5.2304321596e-06,4.56064518459e-06
345200,5.22865734972e-06,4.55834021254e-06
345300,5.22688314204e-06,4.5560365759e-06
345400,5.22510953673e-06,4.55373427373e-06
345500,5.22333653306e-06,4.55143330459e-06
345600,5.22156413109e-06,4.54913366745e-06
345700,5.2197923306e-06,4.54683536115e-06
345800,5.21802113137e-06,4.54453838454e-06
345900,5.21625053319e-06,4.54224273644e-06
346000,5.21448053578e-06,4.53994841568e-06
346100,5.2127111393e-06,4.53765542129e-06
346200,5.21094234299e-06,4.53536375183e-06
346300,5.20917414703e-06,4.53307340634e-06
346400,5.20740655115e-06,4.53078438367e-06
346500,5.20563955508e-06,4.5284966826e-06
346600,5.20387315858e-06,4.526210302e-06
346700,5.20210736169e-06,4.52392524084e-06
346800,5.20034216395e-06,4.52164149785e-06
346900,5.19857756506e-06,4.51935907182e-06
347000,5.19681356525e-06,4.51707796187e-06
347100,5.19505016386e-06,4.51479816659e-06
347200,5.19328736098e-06,4.51251968502e-06
347300,5.19152515646e-06,4.51024251605e-06
347400,5.18976354966e-06,4.5079666583e-06
347500,5.18800254083e-06,4.5056921109e-06
347600,5.18624212952e-06,4.50341887257e-06
347700,5.18448231573e-06,4.5011469423e-06
347800,5.182723099e-06,4.49887631882e-06
347900,5.18096447936e-06,4.49660700112e-06
348000,5.17920645652e-06,4.49433898803e-06
348100,5.17744903022e-06,4.4920722784e-06
348200,5.17569220021e-06,4.48980687108e-06
348300,5.17393596655e-06,4.48754276509e-06
348400,5.17218032889e-06,4.48527995922e-06
348500,5.17042528696e-06,4.48301845233e-06
348600,5.16867084065e-06,4.48075824334e-06
348700,5.16691698966e-06,4.47849933109e-06
348800,5.16516373394e-06,4.47624171453e-06
348900,5.16341107304e-06,4.47398539242e-06
349000,5.16165900689e-06,4.47173036373e-06
349100,5.15990753545e-06,4.46947662742e-06
349200,5.15815665844e-06,4.46722418234e-06
349300,5.15640637536e-06,4.46497302722e-06
349400,5.15465668649e-06,4.46272316122e-06
349500,5.15290759132e-06,4.46047458306e-06
349600,5.15115908957e-06,4.45822729159e-06
349700,5.14941118125e-06,4.45598128582e-06
349800,5.14766386617e-06,4.45373656466e-06
349900,5.14591714395e-06,4.45149312691e-06
350000,5.14417101449e-06,4.44925097152e-06
350100,5.14242547778e-06,4.4470100975e-06
350200,5.14068053314e-06,4.44477050348e-06
350300,5.13893618085e-06,4.44253218864e-06
350400,5.13719242032e-06,4.44029515167e-06
350500,5.1354492517e-06,4.43805939166e-06
350600,5.13370667462e-06,4.43582490742e-06
350700,5.13196468887e-06,4.43359169787e-06
350800,5.13022329432e-06,4.43135976195e-06
350900,5.1284824907e-06,4.42912909853e-06
351000,5.12674227782e-06,4.42689970653e-06
351100,5.12500265534e-06,4.42467158479e-06
351200,5.12326362341e-06,4.42244473241e-06
351300,5.12152518143e-06,4.4202191481e-06
351400,5.11978732965e-06,4.41799483101e-06
351500,5.1180500675e-06,4.41577177986e-06
351600,5.11631339474e-06,4.41354999354e-06
351700,5.1145773116e-06,4.41132947122e-06
351800,5.11284181734e-06,4.40911021153e-06
351900,5.11110691222e-06,4.40689221362e-06
352000,5.10937259576e-06,4.40467547628e-06
352100,5.10763886792e-06,4.40245999853e-06
352200,5.10590572841e-06,4.40024577923e-06
352300,5.10417317694e-06,4.39803281726e-06
352400,5.10244121359e-06,4.39582111172e-06
352500,5.10070983787e-06,4.39361066136e-06
352600,5.09897904969e-06,4.39140146518e-06
352700,5.09724884888e-06,4.38919352214e-06
352800,5.09551923521e-06,4.38698683114e-06
352900,5.0937902086e-06,4.38478139118e-06
353000,5.09206176874e-06,4.38257720116e-06
353100,5.09033391538e-06,4.38037425997e-06
353200,5.08860664825e-06,4.37817256651e-06
353300,5.08687996752e-06,4.37597211992e-06
353400,5.08515387244e-06,4.37377291885e-06
353500,5.08342836317e-06,4.37157496244e-06
353600,5.08170343968e-06,4.36937824972e-06
353700,5.07997910148e-06,4.36718277948e-06
353800,5.07825534848e-06,4.36498855071e-06
353900,5.0765321802e-06,4.36279556222e-06
354000,5.07480959703e-06,4.36060381328e-06
354100,5.07308759818e-06,4.35841330251e-06
354200,5.07136618372e-06,4.35622402901e-06
354300,5.06964535346e-06,4.35403599173e-06
354400,5.06792510717e-06,4.35184918962e-06
354500,5.06620544478e-06,4.34966362169e-06
354600,5.06448636572e-06,4.3474792867e-06
354700,5.06276787032e-06,4.3452961839e-06
354800,5.06104995793e-06,4.34311431199e-06
354900,5.05933262868e-06,4.34093367012e-06
355000,5.057615882e-06,4.33875425703e-06
355100,5.05589971803e-06,4.33657607188e-06
355200,5.05418413627e-06,4.33439911347e-06
355300,5.0524691369e-06,4.33222338096e-06
355400,5.05075471946e-06,4.33004887318e-06
355500,5.04904088371e-06,4.32787558906e-06
355600,5.0473276297e-06,4.32570352772e-06
355700,5.04561495717e-06,4.32353268809e-06
355800,5.04390286564e-06,4.32136306897e-06
355900,5.04219135518e-06,4.31919466949e-06
356000,5.04048042563e-06,4.31702748864e-06
356100,5.03877007668e-06,4.31486152534e-06
356200,5.03706030797e-06,4.31269677845e-06
356300,5.03535111965e-06,4.31053324717e-06
356400,5.03364251135e-06,4.30837093035e-06
356500,5.03193448282e-06,4.30620982696e-06
356600,5.03022703384e-06,4.30404993595e-06
356700,5.02852016429e-06,4.30189125636e-06
356800,5.02681387411e-06,4.29973378723e-06
356900,5.02510816301e-06,4.2975775275e-06
357000,5.02340303067e-06,4.29542247608e-06
357100,5.02169847691e-06,4.29326863197e-06
357200,5.01999450166e-06,4.29111599423e-06
357300,5.01829110469e-06,4.28896456181e-06
357400,5.01658828562e-06,4.28681433361e-06
357500,5.01488604457e-06,4.28466530878e-06
357600,5.01318438118e-06,4.28251748625e-06
357700,5.01148329517e-06,4.28037086493e-06
357800,5.00978278643e-06,4.27822544388e-06
357900,5.00808285473e-06,4.27608122207e-06
358000,5.00638350026e-06,4.27393819871e-06
358100,5.00468472204e-06,4.27179637236e-06
358200,5.00298652056e-06,4.2696557424e-06
358300,5.00128889533e-06,4.26751630765e-06
358400,4.99959184626e-06,4.26537806719e-06
358500,4.99789537285e-06,4.26324101984e-06
358600,4.99619947528e-06,4.26110516481e-06
358700,4.99450415334e-06,4.2589705011e-06
358800,4.99280940652e-06,4.25683702753e-06
358900,4.991115235e-06,4.25470474332e-06
359000,4.98942163818e-06,4.25257364724e-06
359100,4.98772861625e-06,4.25044373853e-06
359200,4.98603616883e-06,4.24831501608e-06
359300,4.98434429572e-06,4.2461874789e-06
359400,4.98265299685e-06,4.24406112608e-06
359500,4.98096227192e-06,4.24193595655e-06
359600,4.97927212067e-06,4.23981196931e-06
359700,4.97758254312e-06,4.23768916348e-06
359800,4.97589353874e-06,4.2355675379e-06
359900,4.97420510761e-06,4.23344709172e-06
360000,4.97251724949e-06,4.23132782395e-06
360100,4.97082996411e-06,4.22920973355e-06
360200,4.9691432514e-06,4.22709281963e-06
360300,4.96745711109e-06,4.22497708114e-06
360400,4.96577154289e-06,4.22286251706e-06
360500,4.96408654675e-06,4.22074912651e-06
360600,4.96240212241e-06,4.21863690845e-06
360700,4.96071826979e-06,4.21652586198e-06
360800,4.95903498834e-06,4.21441598594e-06
360900,4.95735227824e-06,4.21230727954e-06
361000,4.95567013934e-06,4.21019974185e-06
361100,4.95398857109e-06,4.20809337169e-06
361200,4.9523075735e-06,4.20598816821e-06
361300,4.95062714636e-06,4.20388413043e-06
361400,4.94894728974e-06,4.20178125753e-06
361500,4.94726800281e-06,4.19967954819e-06
361600,4.94558928612e-06,4.19757900185e-06
361700,4.94391113882e-06,4.19547961719e-06
361800,4.94223356118e-06,4.1933813935e-06
361900,4.94055655276e-06,4.19128432968e-06
362000,4.93888011336e-06,4.18918842476e-06
362100,4.93720424306e-06,4.18709367794e-06
362200,4.93552894132e-06,4.18500008807e-06
362300,4.93385420835e-06,4.1829076544e-06
362400,4.93218004343e-06,4.1808163757e-06
362500,4.93050644673e-06,4.17872625119e-06
362600,4.92883341799e-06,4.1766372799e-06
362700,4.927160957e-06,4.17454946086e-06
362800,4.92548906358e-06,4.17246279312e-06
362900,4.92381773759e-06,4.17037727577e-06
363000,4.92214697857e-06,4.16829290769e-06
363100,4.92047678666e-06,4.16620968812e-06
363200,4.9188071616e-06,4.16412761609e-06
363300,4.917138103e-06,4.16204669052e-06
363400,4.91546961096e-06,4.15996691065e-06
363500,4.91380168513e-06,4.15788827543e-06
363600,4.91213432522e-06,4.15581078386e-06
363700,4.9104675312e-06,4.15373443509e-06
363800,4.90880130271e-06,4.15165922809e-06
363900,4.90713563979e-06,4.14958516204e-06
364000,4.90547054211e-06,4.14751223592e-06
364100,4.90380600954e-06,4.14544044883e-06
364200,4.90214204161e-06,4.14336979968e-06
364300,4.90047863848e-06,4.14130028773e-06
364400,4.89881579997e-06,4.13923191204e-06
364500,4.89715352569e-06,4.13716467156e-06
364600,4.89549181547e-06,4.13509856539e-06
364700,4.89383066904e-06,4.13303359254e-06
364800,4.89217008653e-06,4.13096975224e-06
364900,4.89051006759e-06,4.1289070435e-06
365000,4.88885061163e-06,4.12684546515e-06
365100,4.88719171908e-06,4.12478501661e-06
365200,4.88553338952e-06,4.12272569683e-06
365300,4.88387562276e-06,4.12066750487e-06
365400,4.88221841847e-06,4.11861043975e-06
365500,4.88056177653e-06,4.11655450055e-06
365600,4.8789056968e-06,4.11449968641e-06
365700,4.87725017914e-06,4.11244599641e-06
365800,4.87559522331e-06,4.11039342961e-06
365900,4.87394082901e-06,4.10834198502e-06
366000,4.87228699625e-06,4.10629166185e-06
366100,4.87063372455e-06,4.104242459e-06
366200,4.86898101402e-06,4.10219437573e-06
366300,4.86732886423e-06,4.10014741099e-06
366400,4.8656772753e-06,4.09810156403e-06
366500,4.86402624682e-06,4.09605683382e-06
366600,4.86237577848e-06,4.09401321936e-06
366700,4.86072587032e-06,4.0919707199e-06
366800,4.85907652205e-06,4.08992933444e-06
366900,4.85742773345e-06,4.08788906207e-06
367000,4.85577950446e-06,4.08584990194e-06
367100,4.85413183489e-06,4.08381185316e-06
367200,4.85248472438e-06,4.0817749147e-06
367300,4.8508381728e-06,4.07973908571e-06
367400,4.84919217992e-06,4.07770436525e-06
367500,4.84754674557e-06,4.07567075243e-06
367600,4.84590186997e-06,4.07363824657e-06
367700,4.84425755232e-06,4.07160684643e-06
367800,4.84261379268e-06,4.06957655124e-06
367900,4.84097059082e-06,4.06754736009e-06
368000,4.83932794661e-06,4.06551927209e-06
368100,4.83768586019e-06,4.06349228655e-06
368200,4.83604433063e-06,4.06146640214e-06
368300,4.83440335811e-06,4.05944161818e-06
368400,4.83276294242e-06,4.05741793376e-06
368500,4.83112308374e-06,4.05539534818e-06
368600,4.82948378128e-06,4.05337386023e-06
368700,4.82784503551e-06,4.05135346936e-06
368800,4.82620684537e-06,4.04933417421e-06
368900,4.82456921153e-06,4.04731597436e-06
369000,4.82293213314e-06,4.04529886855e-06
369100,4.82129561049e-06,4.04328285616e-06
369200,4.81965964318e-06,4.04126793618e-06
369300,4.81802423115e-06,4.0392541078e-06
369400,4.81638937385e-06,4.03724136992e-06
369500,4.81475507171e-06,4.03522972202e-06
369600,4.81312132373e-06,4.03321916274e-06
369700,4.81148813049e-06,4.03120969164e-06
369800,4.80985549143e-06,4.02920130762e-06
369900,4.80822340643e-06,4.02719400984e-06
370000,4.80659187514e-06,4.02518779733e-06
370100,4.8049608978e-06,4.02318266945e-06
370200,4.80333047363e-06,4.02117862498e-06
370300,4.80170060295e-06,4.01917566334e-06
370400,4.80007128552e-06,4.01717378362e-06
370500,4.79844252072e-06,4.0151729847e-06
370600,4.79681430866e-06,4.01317326586e-06
370700,4.79518664926e-06,4.01117462631e-06
370800,4.79355954219e-06,4.00917706507e-06
370900,4.79193298736e-06,4.00718058135e-06
371000,4.7903069844e-06,4.00518517415e-06
371100,4.78868153335e-06,4.00319084274e-06
371200,4.78705663387e-06,4.00119758617e-06
371300,4.78543228584e-06,3.99920540359e-06
371400,4.78380848899e-06,3.99721429411e-06
371500,4.78218524309e-06,3.99522425682e-06
371600,4.78056254825e-06,3.99323529103e-06
371700,4.77894040401e-06,3.99124739573e-06
371800,4.77731881018e-06,3.98926057003e-06
371900,4.77569776657e-06,3.98727481308e-06
372000,4.77407727328e-06,3.98529012418e-06
372100,4.77245732991e-06,3.98330650235e-06
372200,4.77083793623e-06,3.9813239467e-06
372300,4.7692190921e-06,3.9793424564e-06
372400,4.76760079732e-06,3.97736203058e-06
372500,4.76598305177e-06,3.97538266843e-06
372600,4.7643658552e-06,3.97340436904e-06
372700,4.76274920744e-06,3.97142713158e-06
372800,4.76113310834e-06,3.96945095521e-06
372900,4.75951755756e-06,3.96747583899e-06
373000,4.757902555e-06,3.96550178211e-06
373100,4.7562881008e-06,3.96352878391e-06
373200,4.75467419414e-06,3.96155684318e-06
373300,4.75306083525e-06,3.9595859593e-06
373400,4.75144802386e-06,3.95761613137e-06
373500,4.74983576e-06,3.95564735867e-06
373600,4.74822404302e-06,3.9536796401e-06
373700,4.74661287312e-06,3.95171297501e-06
373800,4.74500224998e-06,3.94974736249e-06
373900,4.74339217335e-06,3.94778280166e-06
374000,4.7417826432e-06,3.94581929176e-06
374100,4.74017365917e-06,3.94385683185e-06
374200,4.73856522133e-06,3.94189542124e-06
374300,4.73695732899e-06,3.93993505879e-06
374400,4.7353499825e-06,3.93797574397e-06
374500,4.73374318165e-06,3.93601747592e-06
374600,4.73213692584e-06,3.93406025357e-06
374700,4.730531215e-06,3.93210407616e-06
374800,4.72892604945e-06,3.93014894313e-06
374900,4.72732142846e-06,3.92819485332e-06
375000,4.72571735195e-06,3.92624180598e-06
375100,4.72411381989e-06,3.92428980035e-06
375200,4.72251083189e-06,3.92233883548e-06
375300,4.72090838799e-06,3.92038891067e-06
375400,4.71930648781e-06,3.91844002498e-06
375500,4.71770513127e-06,3.91649217763e-06
375600,4.71610431826e-06,3.91454536784e-06
375700,4.71450404837e-06,3.91259959465e-06
375800,4.71290432161e-06,3.91065485735e-06
375900,4.71130513762e-06,3.908711155e-06
376000,4.70970649643e-06,3.9067684869e-06
376100,4.70810839784e-06,3.90482685222e-06
376200,4.70651084146e-06,3.90288625002e-06
376300,4.7049138272e-06,3.90094667953e-06
376400,4.70331735498e-06,3.89900813997e-06
376500,4.70172142463e-06,3.89707063056e-06
376600,4.70012603566e-06,3.89513415027e-06
376700,4.69853118795e-06,3.89319869833e-06
376800,4.6969368818e-06,3.89126427421e-06
376900,4.69534311675e-06,3.88933087691e-06
377000,4.69374989229e-06,3.88739850545e-06
377100,4.69215720863e-06,3.88546715922e-06
377200,4.69056506531e-06,3.88353683726e-06
377300,4.68897346254e-06,3.88160753897e-06
377400,4.68738239973e-06,3.87967926331e-06
377500,4.68579187708e-06,3.87775200968e-06
377600,4.68420189391e-06,3.87582577699e-06
377700,4.68261245041e-06,3.87390056464e-06
377800,4.68102354634e-06,3.87197637178e-06
377900,4.67943518134e-06,3.87005319751e-06
378000,4.6778473554e-06,3.86813104112e-06
378100,4.67626006861e-06,3.86620990195e-06
378200,4.6746733201e-06,3.86428977881e-06
378300,4.67308711032e-06,3.86237067124e-06
378400,4.67150143864e-06,3.8604525782e-06
378500,4.66991630519e-06,3.85853549905e-06
378600,4.66833170964e-06,3.85661943291e-06
378700,4.66674765186e-06,3.85470437899e-06
378800,4.6651641316e-06,3.85279033648e-06
378900,4.66358114874e-06,3.85087730459e-06
379000,4.6619987032e-06,3.84896528258e-06
379100,4.66041679441e-06,3.84705426945e-06
379200,4.6588354226e-06,3.84514426461e-06
379300,4.65725458745e-06,3.8432352672e-06
379400,4.65567428886e-06,3.84132727646e-06
379500,4.65409452639e-06,3.83942029146e-06
379600,4.65251530005e-06,3.8375143115e-06
379700,4.65093660972e-06,3.83560933584e-06
379800,4.64935845503e-06,3.83370536356e-06
379900,4.64778083615e-06,3.83180239407e-06
380000,4.64620375246e-06,3.82990042634e-06
380100,4.64462720388e-06,3.82799945963e-06
380200,4.64305119049e-06,3.8260994933e-06
380300,4.64147571174e-06,3.82420052635e-06
380400,4.63990076779e-06,3.82230255819e-06
380500,4.63832635825e-06,3.82040558791e-06
380600,4.63675248308e-06,3.81850961479e-06
380700,4.63517914197e-06,3.81661463801e-06
380800,4.63360633479e-06,3.81472065677e-06
380900,4.63203406138e-06,3.81282767032e-06
381000,4.6304623216e-06,3.8109356779e-06
381100,4.628891115e-06,3.80904467857e-06
381200,4.6273204417e-06,3.80715467172e-06
381300,4.62575030138e-06,3.80526565649e-06
381400,4.62418069407e-06,3.80337763222e-06
381500,4.62261161936e-06,3.801490598e-06
381600,4.62104307692e-06,3.79960455297e-06
381700,4.61947506698e-06,3.79771949658e-06
381800,4.6179075892e-06,3.79583542797e-06
381900,4.61634064325e-06,3.79395234626e-06
382000,4.61477422914e-06,3.79207025081e-06
382100,4.61320834648e-06,3.79018914071e-06
382200,4.6116429953e-06,3.7883090153e-06
382300,4.61007817538e-06,3.78642987381e-06
382400,4.60851388642e-06,3.78455171537e-06
382500,4.6069501284e-06,3.78267453933e-06
382600,4.60538690093e-06,3.78079834477e-06
382700,4.60382420396e-06,3.77892313101e-06
382800,4.60226203744e-06,3.77704889735e-06
382900,4.60070040099e-06,3.77517564292e-06
383000,4.59913929451e-06,3.77330336699e-06
383100,4.59757871781e-06,3.77143206878e-06
383200,4.59601867062e-06,3.76956174749e-06
383300,4.59445915287e-06,3.7676924024e-06
383400,4.59290016442e-06,3.76582403278e-06
383500,4.59134170485e-06,3.76395663772e-06
383600,4.58978377451e-06,3.76209021678e-06
383700,4.58822637265e-06,3.76022476885e-06
383800,4.58666949926e-06,3.75836029328e-06
383900,4.58511315423e-06,3.75649678933e-06
384000,4.5835573375e-06,3.75463425634e-06
384100,4.58200204856e-06,3.75277269334e-06
384200,4.58044728766e-06,3.75091209982e-06
384300,4.57889305399e-06,3.74905247467e-06
384400,4.57733934814e-06,3.74719381756e-06
384500,4.57578616944e-06,3.74533612747e-06
384600,4.57423351775e-06,3.74347940367e-06
384700,4.57268139321e-06,3.74162364557e-06
384800,4.57112979525e-06,3.7397688522e-06
384900,4.56957872379e-06,3.73791502287e-06
385000,4.56802817869e-06,3.73606215685e-06
385100,4.5664781599e-06,3.73421025346e-06
385200,4.56492866697e-06,3.73235931179e-06
385300,4.56337970004e-06,3.73050933129e-06
385400,4.56183125863e-06,3.72866031102e-06
385500,4.56028334265e-06,3.72681225029e-06
385600,4.5587359522e-06,3.72496514852e-06
385700,4.55718908667e-06,3.72311900471e-06
385800,4.55564274626e-06,3.72127381833e-06
385900,4.55409693036e-06,3.71942958839e-06
386000,4.55255163929e-06,3.71758631443e-06
386100,4.55100687268e-06,3.7157439956e-06
386200,4.54946262995e-06,3.71390263093e-06
386300,4.54791891152e-06,3.71206222001e-06
386400,4.54637571706e-06,3.71022276203e-06
386500,4.54483304608e-06,3.70838425606e-06
386600,4.54329089874e-06,3.70654670155e-06
386700,4.5417492746e-06,3.70471009762e-06
386800,4.54020817374e-06,3.70287444368e-06
386900,4.53866759595e-06,3.70103973897e-06
387000,4.53712754085e-06,3.69920598264e-06
387100,4.53558800859e-06,3.69737317414e-06
387200,4.53404899836e-06,3.69554131238e-06
387300,4.53251051088e-06,3.69371039713e-06
387400,4.53097254524e-06,3.69188042725e-06
387500,4.52943510145e-06,3.6900514021e-06
387600,4.52789817959e-06,3.68822332111e-06
387700,4.52636177932e-06,3.68639618345e-06
387800,4.52482590047e-06,3.68456998839e-06
387900,4.52329054275e-06,3.68274473515e-06
388000,4.52175570591e-06,3.68092042294e-06
388100,4.52022139002e-06,3.67909705118e-06
388200,4.51868759495e-06,3.67727461918e-06
388300,4.51715432024e-06,3.67545312605e-06
388400,4.51562156595e-06,3.67363257119e-06
388500,4.51408933177e-06,3.6718129538e-06
388600,4.51255761773e-06,3.66999427329e-06
388700,4.5110264233e-06,3.66817652871e-06
388800,4.50949574866e-06,3.66635971956e-06
388900,4.5079655932e-06,3.66454384486e-06
389000,4.50643595725e-06,3.66272890419e-06
389100,4.50490684037e-06,3.66091489667e-06
389200,4.50337824234e-06,3.65910182156e-06
389300,4.50185016319e-06,3.65728967825e-06
389400,4.50032260226e-06,3.65547846576e-06
389500,4.49879556008e-06,3.65366818376e-06
389600,4.49726903606e-06,3.65185883131e-06
389700,4.49574303011e-06,3.65005040774e-06
389800,4.49421754194e-06,3.64824291226e-06
389900,4.49269257137e-06,3.64643634417e-06
390000,4.4911681184e-06,3.64463070285e-06
390100,4.48964418273e-06,3.64282598751e-06
390200,4.48812076441e-06,3.64102219757e-06
390300,4.48659786298e-06,3.63921933216e-06
390400,4.48507547825e-06,3.63741739055e-06
390500,4.48355361002e-06,3.63561637203e-06
390600,4.48203225867e-06,3.6338162762e-06
390700,4.48051142339e-06,3.63201710199e-06
390800,4.47899110435e-06,3.6302188489e-06
390900,4.47747130127e-06,3.62842151615e-06
391000,4.47595201362e-06,3.62662510283e-06
391100,4.47443324177e-06,3.62482960855e-06
391200,4.47291498535e-06,3.6230350325e-06
391300,4.47139724411e-06,3.62124137392e-06
391400,4.46988001799e-06,3.61944863219e-06
391500,4.46836330651e-06,3.61765680641e-06
391600,4.46684711005e-06,3.61586589621e-06
391700,4.46533142809e-06,3.61407590069e-06
391800,4.46381626045e-06,3.61228681915e-06
391900,4.46230160702e-06,3.61049865091e-06
392000,4.4607874675e-06,3.60871139523e-06
392100,4.45927384176e-06,3.6069250514e-06
392200,4.45776072991e-06,3.60513961891e-06
392300,4.45624813157e-06,3.60335509694e-06
392400,4.45473604641e-06,3.6015714847e-06
392500,4.45322447428e-06,3.59978878151e-06
392600,4.45171341535e-06,3.59800698688e-06
392700,4.450202869e-06,3.59622609985e-06
392800,4.4486928354e-06,3.59444611993e-06
392900,4.44718331432e-06,3.59266704638e-06
393000,4.44567430546e-06,3.59088887846e-06
393100,4.44416580856e-06,3.58911161542e-06
393200,4.4426578238e-06,3.58733525676e-06
393300,4.44115035067e-06,3.58555980162e-06
393400,4.43964338906e-06,3.58378524933e-06
393500,4.438136939e-06,3.58201159932e-06
393600,4.43663100002e-06,3.58023885074e-06
393700,4.43512557215e-06,3.57846700301e-06
393800,4.43362065524e-06,3.57669605546e-06
393900,4.43211624901e-06,3.57492600734e-06
394000,4.43061235326e-06,3.57315685796e-06
394100,4.42910896786e-06,3.57138860666e-06
394200,4.42760609266e-06,3.56962125276e-06
394300,4.42610372756e-06,3.56785479563e-06
394400,4.42460187245e-06,3.56608923461e-06
394500,4.42310052662e-06,3.56432456872e-06
394600,4.42159969059e-06,3.56256079767e-06
394700,4.42009936375e-06,3.56079792054e-06
394800,4.41859954611e-06,3.55903593674e-06
394900,4.41710023748e-06,3.5572748456e-06
395000,4.41560143764e-06,3.55551464641e-06
395100,4.41410314631e-06,3.55375533842e-06
395200,4.41260536365e-06,3.55199692114e-06
395300,4.41110808915e-06,3.55023939372e-06
395400,4.40961132274e-06,3.54848275554e-06
395500,4.4081150644e-06,3.546727006e-06
395600,4.40661931373e-06,3.5449721443e-06
395700,4.40512407083e-06,3.54321816992e-06
395800,4.40362933514e-06,3.54146508198e-06
395900,4.40213510671e-06,3.53971287993e-06
396000,4.40064138555e-06,3.53796156319e-06
396100,4.39914817107e-06,3.53621113086e-06
396200,4.39765546335e-06,3.53446158241e-06
396300,4.39616326233e-06,3.53271291724e-06
396400,4.39467156776e-06,3.53096513464e-06
396500,4.39318037939e-06,3.52921823388e-06
396600,4.39168969683e-06,3.52747221419e-06
396700,4.39019952061e-06,3.52572707529e-06
396800,4.38870984971e-06,3.52398281604e-06
396900,4.38722068435e-06,3.52223943599e-06
397000,4.38573202443e-06,3.52049693452e-06
397100,4.38424386993e-06,3.51875531105e-06
397200,4.38275622013e-06,3.5170145646e-06
397300,4.38126907529e-06,3.51527469476e-06
397400,4.3797824352e-06,3.51353570085e-06
397500,4.37829629952e-06,3.51179758211e-06
397600,4.37681066821e-06,3.51006033794e-06
397700,4.37532554127e-06,3.50832396779e-06
397800,4.37384091812e-06,3.50658847078e-06
397900,4.37235679874e-06,3.50485384631e-06
398000,4.37087318308e-06,3.50312009382e-06
398100,4.36939007097e-06,3.50138721264e-06
398200,4.36790746209e-06,3.49965520201e-06
398300,4.36642535641e-06,3.49792406138e-06
398400,4.36494375358e-06,3.49619378999e-06
398500,4.36346265358e-06,3.49446438726e-06
398600,4.36198205638e-06,3.49273585262e-06
398700,4.36050196158e-06,3.49100818529e-06
398800,4.35902236893e-06,3.48928138457e-06
398900,4.35754327844e-06,3.48755544992e-06
399000,4.35606469007e-06,3.48583038074e-06
399100,4.35458660325e-06,3.48410617617e-06
399200,4.35310901815e-06,3.48238283575e-06
399300,4.35163193452e-06,3.48066035879e-06
399400,4.35015535215e-06,3.47893874461e-06
399500,4.34867927072e-06,3.47721799248e-06
399600,4.3472036904e-06,3.47549810194e-06
399700,4.34572861064e-06,3.47377907214e-06
399800,4.34425403162e-06,3.47206090262e-06
399900,4.34277995294e-06,3.47034359261e-06
400000,4.34130637461e-06,3.46862714157e-06
400100,4.33983329638e-06,3.46691154881e-06
400200,4.33836071785e-06,3.46519681355e-06
400300,4.33688863927e-06,3.46348293539e-06
400400,4.33541706018e-06,3.46176991352e-06
400500,4.33394598064e-06,3.46005774742e-06
400600,4.3324754e-06,3.4583464362e-06
400700,4.33100531866e-06,3.45663597952e-06
400800,4.32953573605e-06,3.45492637653e-06
400900,4.3280666523e-06,3.45321762675e-06
401000,4.32659806689e-06,3.45150972934e-06
401100,4.32512998012e-06,3.44980268394e-06
401200,4.32366239148e-06,3.44809648971e-06
401300,4.3221953008e-06,3.44639114602e-06
401400,4.32072870804e-06,3.4446866523e-06
401500,4.31926261306e-06,3.44298300794e-06
401600,4.31779701558e-06,3.44128021223e-06
401700,4.31633191546e-06,3.43957826457e-06
401800,4.31486731256e-06,3.43787716432e-06
401900,4.31340320664e-06,3.43617691083e-06
402000,4.31193959775e-06,3.43447750358e-06
402100,4.3104764854e-06,3.43277894175e-06
402200,4.30901386946e-06,3.43108122474e-06
402300,4.30755174998e-06,3.42938435205e-06
402400,4.30609012673e-06,3.427688323e-06
402500,4.3046289996e-06,3.42599313701e-06
402600,4.30316836826e-06,3.42429879335e-06
402700,4.30170823246e-06,3.42260529134e-06
402800,4.30024859246e-06,3.42091263062e-06
402900,4.29878944764e-06,3.41922081028e-06
403000,4.29733079782e-06,3.4175298297e-06
403100,4.29587264323e-06,3.41583968848e-06
403200,4.29441498332e-06,3.41415038578e-06
403300,4.29295781834e-06,3.41246192121e-06
403400,4.29150114766e-06,3.41077429389e-06
403500,4.29004497136e-06,3.40908750333e-06
403600,4.28858928923e-06,3.40740154888e-06
403700,4.28713410093e-06,3.40571642984e-06
403800,4.28567940693e-06,3.40403214593e-06
403900,4.2842252061e-06,3.402348696e-06
404000,4.28277149918e-06,3.40066607993e-06
404100,4.28131828544e-06,3.3989842968e-06
404200,4.27986556474e-06,3.39730334599e-06
404300,4.27841333732e-06,3.39562322712e-06
404400,4.27696160245e-06,3.39394393926e-06
404500,4.27551036021e-06,3.39226548192e-06
404600,4.27405961075e-06,3.39058785468e-06
404700,4.27260935338e-06,3.38891105662e-06
404800,4.27115958823e-06,3.38723508729e-06
404900,4.26971031522e-06,3.38555994613e-06
405000,4.26826153391e-06,3.38388563236e-06
405100,4.26681324438e-06,3.38221214553e-06
405200,4.26536544627e-06,3.3805394849e-06
405300,4.26391813955e-06,3.37886764995e-06
405400,4.2624713238e-06,3.37719663991e-06
405500,4.26102499921e-06,3.37552645438e-06
405600,4.25957916532e-06,3.37385709258e-06
405700,4.25813382219e-06,3.37218855403e-06
405800,4.25668896958e-06,3.37052083808e-06
405900,4.25524460724e-06,3.36885394408e-06
406000,4.25380073499e-06,3.36718787141e-06
406100,4.25235735297e-06,3.36552261963e-06
406200,4.25091446044e-06,3.36385818783e-06
406300,4.24947205803e-06,3.36219457583e-06
406400,4.24803014491e-06,3.36053178266e-06
406500,4.24658872096e-06,3.35886980774e-06
406600,4.24514778632e-06,3.35720865065e-06
406700,4.24370734065e-06,3.35554831067e-06
406800,4.24226738384e-06,3.35388878724e-06
406900,4.24082791565e-06,3.35223007972e-06
407000,4.23938893593e-06,3.3505721875e-06
407100,4.23795044459e-06,3.34891511004e-06
407200,4.23651244151e-06,3.34725884676e-06
407300,4.23507492631e-06,3.34560339693e-06
407400,4.23363789898e-06,3.34394876006e-06
407500,4.23220135944e-06,3.34229493558e-06
407600,4.23076530721e-06,3.34064192271e-06
407700,4.22932974257e-06,3.33898972113e-06
407800,4.2278946649e-06,3.33733832996e-06
407900,4.22646007427e-06,3.33568774875e-06
408000,4.22502597063e-06,3.33403797697e-06
408100,4.22359235357e-06,3.33238901388e-06
408200,4.22215922299e-06,3.33074085893e-06
408300,4.22072657882e-06,3.32909351157e-06
408400,4.2192944209e-06,3.32744697123e-06
408500,4.21786274875e-06,3.32580123711e-06
408600,4.21643156274e-06,3.32415630894e-06
408700,4.21500086246e-06,3.32251218598e-06
408800,4.21357064741e-06,3.32086886745e-06
408900,4.21214091787e-06,3.31922635303e-06
409000,4.21071167357e-06,3.31758464205e-06
409100,4.20928291419e-06,3.31594373383e-06
409200,4.20785463978e-06,3.31430362792e-06
409300,4.20642685021e-06,3.31266432374e-06
409400,4.20499954489e-06,3.31102582046e-06
409500,4.20357272406e-06,3.30938811773e-06
409600,4.20214638748e-06,3.30775121492e-06
409700,4.20072053486e-06,3.30611511137e-06
409800,4.19929516614e-06,3.30447980655e-06
409900,4.19787028113e-06,3.30284529986e-06
410000,4.19644587982e-06,3.30121159082e-06
410100,4.19502196176e-06,3.29957867866e-06
410200,4.19359852707e-06,3.29794656297e-06
410300,4.19217557537e-06,3.29631524305e-06
410400,4.1907531065e-06,3.29468471832e-06
410500,4.18933112051e-06,3.29305498831e-06
410600,4.18790961689e-06,3.29142605225e-06
410700,4.18648859566e-06,3.28979790965e-06
410800,4.18506805698e-06,3.28817056015e-06
410900,4.18364800018e-06,3.28654400285e-06
411000,4.18222842519e-06,3.28491823723e-06
411100,4.18080933217e-06,3.2832932629e-06
411200,4.17939072057e-06,3.28166907907e-06
411300,4.17797259057e-06,3.28004568535e-06
411400,4.17655494168e-06,3.27842308098e-06
411500,4.17513777389e-06,3.27680126547e-06
411600,4.17372108716e-06,3.27518023832e-06
411700,4.17230488108e-06,3.27355999881e-06
411800,4.17088915569e-06,3.27194054648e-06
411900,4.16947391061e-06,3.27032188064e-06
412000,4.16805914605e-06,3.26870400093e-06
412100,4.16664486155e-06,3.2670869066e-06
412200,4.16523105678e-06,3.26547059699e-06
412300,4.16381773189e-06,3.2638550717e-06
412400,4.16240488684e-06,3.26224033024e-06
412500,4.160992521e-06,3.26062637176e-06
412600,4.15958063457e-06,3.25901319592e-06
412700,4.15816922737e-06,3.25740080211e-06
412800,4.15675829908e-06,3.2557891897e-06
412900,4.15534784956e-06,3.25417835812e-06
413000,4.15393787872e-06,3.25256830684e-06
413100,4.15252838637e-06,3.25095903529e-06
413200,4.15111937243e-06,3.24935054295e-06
413300,4.14971083658e-06,3.24774282915e-06
413400,4.14830277867e-06,3.24613589334e-06
413500,4.14689519886e-06,3.24452973515e-06
413600,4.14548809651e-06,3.24292435373e-06
413700,4.1440814717e-06,3.24131974866e-06
413800,4.14267532436e-06,3.23971591943e-06
413900,4.14126965434e-06,3.23811286548e-06
414000,4.13986446098e-06,3.23651058596e-06
414100,4.13845974473e-06,3.23490908067e-06
414200,4.13705550515e-06,3.23330834889e-06
414300,4.13565174195e-06,3.23170838997e-06
414400,4.13424845545e-06,3.23010920365e-06
414500,4.13284564492e-06,3.22851078903e-06
414600,4.13144331048e-06,3.22691314571e-06
414700,4.13004145197e-06,3.22531627314e-06
414800,4.1286400694e-06,3.22372017085e-06
414900,4.1272391622e-06,3.22212483807e-06
415000,4.12583873065e-06,3.22053027448e-06
415100,4.12443877409e-06,3.21893647925e-06
415200,4.12303929268e-06,3.21734345199e-06
415300,4.12164028615e-06,3.21575119209e-06
415400,4.12024175461e-06,3.21415969917e-06
415500,4.11884369743e-06,3.21256897238e-06
415600,4.11744611475e-06,3.21097901136e-06
415700,4.11604900647e-06,3.20938981558e-06
415800,4.11465237227e-06,3.20780138441e-06
415900,4.11325621207e-06,3.20621371733e-06
416000,4.1118605258e-06,3.20462681384e-06
416100,4.11046531292e-06,3.20304067318e-06
416200,4.10907057368e-06,3.20145529504e-06
416300,4.10767630782e-06,3.1998706788e-06
416400,4.10628251495e-06,3.19828682379e-06
416500,4.10488919523e-06,3.19670372965e-06
416600,4.10349634821e-06,3.19512139565e-06
416700,4.10210397406e-06,3.19353982144e-06
416800,4.10071207213e-06,3.1919590062e-06
416900,4.0993206429e-06,3.19037894973e-06
417000,4.09792968573e-06,3.18879965123e-06
417100,4.09653920066e-06,3.18722111027e-06
417200,4.09514918737e-06,3.18564332619e-06
417300,4.09375964592e-06,3.1840662986e-06
417400,4.09237057592e-06,3.1824900268e-06
417500,4.09098197717e-06,3.18091451025e-06
417600,4.08959384996e-06,3.17933974864e-06
417700,4.08820619378e-06,3.17776574124e-06
417800,4.08681900851e-06,3.17619248753e-06
417900,4.08543229398e-06,3.17461998697e-06
418000,4.08404604999e-06,3.17304823898e-06
418100,4.0826602764e-06,3.17147724304e-06
418200,4.08127497322e-06,3.1699069987e-06
418300,4.0798901402e-06,3.16833750539e-06
418400,4.07850577705e-06,3.16676876248e-06
418500,4.07712188368e-06,3.16520076947e-06
418600,4.07573845989e-06,3.1636335258e-06
418700,4.07435550581e-06,3.16206703111e-06
418800,4.07297302096e-06,3.16050128467e-06
418900,4.07159100515e-06,3.15893628593e-06
419000,4.07020945847e-06,3.1573720345e-06
419100,4.06882838061e-06,3.15580852975e-06
419200,4.06744777148e-06,3.15424577118e-06
419300,4.06606763083e-06,3.15268375823e-06
419400,4.0646879586e-06,3.15112249039e-06
419500,4.06330875468e-06,3.14956196719e-06
419600,4.06193001848e-06,3.14800218782e-06
419700,4.0605517504e-06,3.14644315209e-06
419800,4.05917395004e-06,3.14488485931e-06
419900,4.05779661727e-06,3.14332730898e-06
420000,4.05641975199e-06,3.14177050061e-06
420100,4.05504335375e-06,3.14021443348e-06
420200,4.05366742279e-06,3.13865910731e-06
420300,4.0522919587e-06,3.13710452142e-06
420400,4.05091696139e-06,3.13555067531e-06
420500,4.04954243091e-06,3.13399756859e-06
420600,4.04816836665e-06,3.13244520046e-06
420700,4.04679476876e-06,3.13089357058e-06
420800,4.0454216371e-06,3.12934267842e-06
420900,4.04404897128e-06,3.12779252334e-06
421000,4.0426767714e-06,3.12624310495e-06
421100,4.0413050372e-06,3.12469442267e-06
421200,4.03993376868e-06,3.12314647606e-06
421300,4.0385629652e-06,3.12159926433e-06
421400,4.03719262697e-06,3.12005278716e-06
421500,4.03582275395e-06,3.1185070441e-06
421600,4.03445334568e-06,3.11696203445e-06
421700,4.03308440232e-06,3.11541775787e-06
421800,4.03171592342e-06,3.11387421367e-06
421900,4.03034790897e-06,3.11233140143e-06
422000,4.02898035889e-06,3.11078932066e-06
422100,4.0276132726e-06,3.10924797058e-06
422200,4.02624665042e-06,3.10770735098e-06
422300,4.02488049216e-06,3.10616746131e-06
422400,4.02351479722e-06,3.10462830077e-06
422500,4.02214956605e-06,3.10308986924e-06
422600,4.02078479808e-06,3.10155216592e-06
422700,4.01942049324e-06,3.10001519037e-06
422800,4.01805665144e-06,3.09847894211e-06
422900,4.01669327235e-06,3.09694342051e-06
423000,4.0153303561e-06,3.09540862523e-06
423100,4.01396790222e-06,3.09387455557e-06
423200,4.01260591088e-06,3.09234121121e-06
423300,4.01124438165e-06,3.09080859148e-06
423400,4.00988331451e-06,3.08927669594e-06
423500,4.00852270927e-06,3.08774552405e-06
423600,4.00716256573e-06,3.08621507529e-06
423700,4.00580288393e-06,3.08468534926e-06
423800,4.0044436634e-06,3.08315634525e-06
423900,4.00308490425e-06,3.08162806291e-06
424000,4.00172660607e-06,3.08010050159e-06
424100,4.00036876898e-06,3.07857366094e-06
424200,3.99901139259e-06,3.0770475403e-06
424300,3.99765447694e-06,3.07552213929e-06
424400,3.99629802162e-06,3.07399745725e-06
424500,3.99494202684e-06,3.07247349389e-06
424600,3.99358649221e-06,3.07095024855e-06
424700,3.99223141759e-06,3.06942772075e-06
424800,3.9908768027e-06,3.0679059099e-06
424900,3.98952264758e-06,3.06638481561e-06
425000,3.9881689521e-06,3.06486443738e-06
425100,3.98681571598e-06,3.06334477465e-06
425200,3.98546293914e-06,3.06182582696e-06
425300,3.98411062137e-06,3.06030759376e-06
425400,3.98275876237e-06,3.05879007447e-06
425500,3.98140736237e-06,3.0572732688e-06
425600,3.98005642086e-06,3.05575717606e-06
425700,3.97870593799e-06,3.05424179591e-06
425800,3.97735591311e-06,3.05272712757e-06
425900,3.97600634667e-06,3.05121317087e-06
426000,3.974657238e-06,3.04969992504e-06
426100,3.97330858739e-06,3.04818738983e-06
426200,3.97196039437e-06,3.04667556454e-06
426300,3.97061265883e-06,3.0451644487e-06
426400,3.96926538066e-06,3.04365404186e-06
426500,3.96791855987e-06,3.04214434359e-06
426600,3.96657219606e-06,3.04063535327e-06
426700,3.96522628913e-06,3.03912707042e-06
426800,3.96388083899e-06,3.03761949458e-06
426900,3.96253584542e-06,3.03611262523e-06
427000,3.9611913082e-06,3.03460646182e-06
427100,3.95984722744e-06,3.03310100401e-06
427200,3.95850360274e-06,3.03159625118e-06
427300,3.957160434e-06,3.03009220284e-06
427400,3.95581772114e-06,3.02858885856e-06
427500,3.95447546391e-06,3.02708621778e-06
427600,3.95313366224e-06,3.02558428006e-06
427700,3.95179231598e-06,3.02408304491e-06
427800,3.9504514248e-06,3.02258251172e-06
427900,3.94911098854e-06,3.02108268002e-06
428000,3.94777100754e-06,3.01958354959e-06
428100,3.94643148118e-06,3.01808511966e-06
428200,3.94509240928e-06,3.01658738975e-06
428300,3.94375379187e-06,3.01509035945e-06
428400,3.94241562876e-06,3.01359402827e-06
428500,3.94107791975e-06,3.01209839567e-06
428600,3.93974066465e-06,3.01060346117e-06
428700,3.93840386345e-06,3.00910922434e-06
428800,3.93706751612e-06,3.00761568478e-06
428900,3.9357316221e-06,3.00612284175e-06
429000,3.93439618134e-06,3.00463069484e-06
429100,3.93306119391e-06,3.00313924369e-06
429200,3.93172665939e-06,3.00164848765e-06
429300,3.93039257789e-06,3.00015842639e-06
429400,3.92905894903e-06,2.9986690593e-06
429500,3.92772577295e-06,2.99718038606e-06
429600,3.92639304913e-06,2.99569240597e-06
429700,3.92506077776e-06,2.99420511875e-06
429800,3.9237289585e-06,2.99271852381e-06
429900,3.92239759098e-06,2.99123262054e-06
430000,3.92106667564e-06,2.9897474088e-06
430100,3.9197362117e-06,2.98826288774e-06
430200,3.91840619928e-06,2.98677905703e-06
430300,3.91707663836e-06,2.9852959163e-06
430400,3.91574752845e-06,2.98381346483e-06
430500,3.91441886977e-06,2.98233170238e-06
430600,3.91309066196e-06,2.98085062836e-06
430700,3.91176290494e-06,2.9793702423e-06
430800,3.91043559842e-06,2.97789054367e-06
430900,3.90910874232e-06,2.97641153202e-06
431000,3.90778233662e-06,2.97493320696e-06
431100,3.90645638102e-06,2.97345556791e-06
431200,3.90513087534e-06,2.97197861439e-06
431300,3.90380581963e-06,2.97050234603e-06
431400,3.90248121347e-06,2.96902676222e-06
431500,3.90115705697e-06,2.96755186261e-06
431600,3.89983334977e-06,2.96607764662e-06
431700,3.89851009169e-06,2.96460411375e-06
431800,3.89718728283e-06,2.96313126368e-06
431900,3.89586492277e-06,2.96165909577e-06
432000,3.89454301176e-06,2.9601876098e-06
432100,3.89322154902e-06,2.9587168049e-06
432200,3.89190053481e-06,2.95724668086e-06
432300,3.89057996891e-06,2.95577723717e-06
432400,3.88925985125e-06,2.95430847339e-06
432500,3.88794018165e-06,2.95284038905e-06
432600,3.88662095981e-06,2.95137298357e-06
432700,3.88530218561e-06,2.94990625652e-06
432800,3.88398385906e-06,2.94844020751e-06
432900,3.88266597985e-06,2.94697483599e-06
433000,3.88134854784e-06,2.94551014148e-06
433100,3.880031563e-06,2.94404612359e-06
433200,3.87871502509e-06,2.94258278181e-06
433300,3.8773989339e-06,2.94112011563e-06
433400,3.87608328949e-06,2.93965812471e-06
433500,3.87476809145e-06,2.93819680842e-06
433600,3.87345333989e-06,2.93673616645e-06
433700,3.87213903445e-06,2.93527619822e-06
433800,3.87082517501e-06,2.93381690328e-06
433900,3.86951176138e-06,2.93235828113e-06
434000,3.86819879347e-06,2.93090033135e-06
434100,3.86688627128e-06,2.92944305357e-06
434200,3.8655741945e-06,2.92798644722e-06
434300,3.86426256292e-06,2.92653051182e-06
434400,3.86295137627e-06,2.92507524681e-06
434500,3.86164063504e-06,2.92362065212e-06
434600,3.8603303384e-06,2.92216672689e-06
434700,3.85902048642e-06,2.92071347078e-06
434800,3.85771107886e-06,2.91926088328e-06
434900,3.85640211599e-06,2.91780896418e-06
435000,3.85509359689e-06,2.91635771256e-06
435100,3.85378552216e-06,2.9149071284e-06
435200,3.85247789147e-06,2.91345721114e-06
435300,3.85117070422e-06,2.91200796006e-06
435400,3.84986396078e-06,2.910559375e-06
435500,3.84855766079e-06,2.90911145537e-06
435600,3.84725180416e-06,2.90766420076e-06
435700,3.84594639071e-06,2.90621761069e-06
435800,3.84464142005e-06,2.90477168457e-06
435900,3.84333689249e-06,2.9033264222e-06
436000,3.84203280749e-06,2.9018818229e-06
436100,3.84072916507e-06,2.90043788631e-06
436200,3.83942596501e-06,2.89899461194e-06
436300,3.83812320757e-06,2.89755199958e-06
436400,3.83682089181e-06,2.89611004829e-06
436500,3.83551901817e-06,2.89466875799e-06
436600,3.83421758642e-06,2.89322812816e-06
436700,3.83291659629e-06,2.89178815827e-06
436800,3.83161604767e-06,2.89034884791e-06
436900,3.83031594054e-06,2.88891019669e-06
437000,3.82901627428e-06,2.88747220388e-06
437100,3.82771704938e-06,2.88603486942e-06
437200,3.82641826522e-06,2.88459819256e-06
437300,3.82511992193e-06,2.88316217303e-06
437400,3.82382201937e-06,2.88172681037e-06
437500,3.82252455719e-06,2.88029210403e-06
437600,3.82122753517e-06,2.8788580535e-06
437700,3.81993095343e-06,2.8774246585e-06
437800,3.81863481167e-06,2.87599191848e-06
437900,3.81733910979e-06,2.87455983304e-06
438000,3.8160438476e-06,2.8731284017e-06
438100,3.81474902534e-06,2.87169762423e-06
438200,3.81345464205e-06,2.87026749972e-06
438300,3.81216069815e-06,2.86883802804e-06
438400,3.81086719345e-06,2.86740920874e-06
438500,3.80957412771e-06,2.86598104131e-06
438600,3.80828150074e-06,2.86455352527e-06
438700,3.8069893125e-06,2.86312666026e-06
438800,3.80569756271e-06,2.86170044574e-06
438900,3.80440625131e-06,2.86027488132e-06
439000,3.80311537806e-06,2.85884996651e-06
439100,3.8018249432e-06,2.8574257011e-06
439200,3.80053494616e-06,2.85600208438e-06
439300,3.79924538668e-06,2.85457911585e-06
439400,3.79795626501e-06,2.85315679531e-06
439500,3.79666758076e-06,2.85173512215e-06
439600,3.79537933403e-06,2.85031409611e-06
439700,3.7940915242e-06,2.84889371645e-06
439800,3.79280415156e-06,2.84747398298e-06
439900,3.79151721574e-06,2.84605489515e-06
440000,3.79023071688e-06,2.84463645267e-06
440100,3.78894465434e-06,2.84321865482e-06
440200,3.78765902841e-06,2.84180150142e-06
440300,3.7863738387e-06,2.84038499188e-06
440400,3.7850890852e-06,2.83896912586e-06
440500,3.78380476772e-06,2.83755390287e-06
440600,3.78252088608e-06,2.83613932248e-06
440700,3.78123744015e-06,2.83472538425e-06
440800,3.77995442965e-06,2.83331208766e-06
440900,3.77867185489e-06,2.83189943256e-06
441000,3.77738971502e-06,2.83048741808e-06
441100,3.77610801037e-06,2.82907604407e-06
441200,3.77482674093e-06,2.8276653102e-06
441300,3.77354590609e-06,2.82625521572e-06
441400,3.77226550612e-06,2.82484576048e-06
441500,3.77098554038e-06,2.82343694374e-06
441600,3.76970600916e-06,2.82202876531e-06
441700,3.76842691217e-06,2.82062122469e-06
441800,3.76714824931e-06,2.81921432148e-06
441900,3.76587002052e-06,2.81780805529e-06
442000,3.76459222521e-06,2.81640242542e-06
442100,3.76331486371e-06,2.81499743172e-06
442200,3.76203793555e-06,2.81359307358e-06
442300,3.76076144091e-06,2.81218935075e-06
442400,3.75948537947e-06,2.8107862627e-06
442500,3.75820975112e-06,2.80938380903e-06
442600,3.75693455568e-06,2.80798198929e-06
442700,3.75565979282e-06,2.80658080292e-06
442800,3.75438546263e-06,2.80518024965e-06
442900,3.75311156495e-06,2.80378032905e-06
443000,3.75183809961e-06,2.80238104066e-06
443100,3.75056506636e-06,2.80098238401e-06
443200,3.74929246533e-06,2.79958435882e-06
443300,3.74802029612e-06,2.79818696451e-06
443400,3.74674855857e-06,2.79679020065e-06
443500,3.74547725254e-06,2.79539406683e-06
443600,3.74420637809e-06,2.79399856273e-06
443700,3.74293593487e-06,2.79260368781e-06
443800,3.74166592283e-06,2.7912094417e-06
443900,3.74039634162e-06,2.78981582386e-06
444000,3.73912719153e-06,2.78842283412e-06
444100,3.73785847198e-06,2.78703047179e-06
444200,3.73659018304e-06,2.78563873659e-06
444300,3.7353223247e-06,2.78424762817e-06
444400,3.73405489641e-06,2.78285714585e-06
444500,3.73278789822e-06,2.78146728936e-06
444600,3.73152133005e-06,2.78007805829e-06
444700,3.73025519186e-06,2.77868945228e-06
444800,3.72898948314e-06,2.77730147071e-06
444900,3.72772420412e-06,2.77591411337e-06
445000,3.72645935434e-06,2.77452737965e-06
445100,3.72519493395e-06,2.77314126931e-06
445200,3.72393094263e-06,2.77175578183e-06
445300,3.72266738023e-06,2.77037091679e-06
445400,3.7214042468e-06,2.76898667387e-06
445500,3.72014154201e-06,2.76760305256e-06
445600,3.71887926551e-06,2.76622005231e-06
445700,3.7176174177e-06,2.76483767302e-06
445800,3.71635599786e-06,2.76345591395e-06
445900,3.71509500623e-06,2.76207477489e-06
446000,3.7138344425e-06,2.76069425534e-06
446100,3.71257430654e-06,2.75931435489e-06
446200,3.71131459832e-06,2.75793507318e-06
446300,3.71005531748e-06,2.75655640969e-06
446400,3.70879646408e-06,2.7551783641e-06
446500,3.70753803785e-06,2.75380093594e-06
446600,3.70628003876e-06,2.75242412485e-06
446700,3.70502246661e-06,2.75104793039e-06
446800,3.70376532124e-06,2.74967235214e-06
446900,3.70250860246e-06,2.74829738965e-06
447000,3.70125231003e-06,2.74692304246e-06
447100,3.69999644424e-06,2.74554931041e-06
447200,3.69874100431e-06,2.74417619271e-06
447300,3.69748599078e-06,2.74280368936e-06
447400,3.69623140292e-06,2.74143179959e-06
447500,3.69497724092e-06,2.74006052319e-06
447600,3.69372350458e-06,2.73868985972e-06
447700,3.69247019378e-06,2.73731980879e-06
447800,3.69121730815e-06,2.73595036984e-06
447900,3.6899648478e-06,2.73458154262e-06
448000,3.68871281247e-06,2.73321332665e-06
448100,3.687461202e-06,2.73184572152e-06
448200,3.68621001639e-06,2.73047872689e-06
448300,3.68495925529e-06,2.72911234224e-06
448400,3.68370891871e-06,2.72774656725e-06
448500,3.68245900635e-06,2.72638140142e-06
448600,3.68120951851e-06,2.72501684461e-06
448700,3.67996045438e-06,2.72365289602e-06
448800,3.67871181429e-06,2.7222895555e-06
448900,3.67746359789e-06,2.72092682256e-06
449000,3.67621580502e-06,2.71956469675e-06
449100,3.67496843574e-06,2.7182031778e-06
449200,3.67372148965e-06,2.71684226516e-06
449300,3.672474967e-06,2.71548195865e-06
449400,3.67122886726e-06,2.71412225764e-06
449500,3.66998319012e-06,2.71276316161e-06
449600,3.66873793608e-06,2.71140467057e-06
449700,3.66749310447e-06,2.71004678377e-06
449800,3.66624869536e-06,2.70868950095e-06
449900,3.66500470861e-06,2.70733282172e-06
450000,3.66376114394e-06,2.70597674558e-06
450100,3.66251800134e-06,2.70462127221e-06
450200,3.66127528072e-06,2.70326640124e-06
450300,3.66003298167e-06,2.70191213212e-06
450400,3.65879110432e-06,2.7005584646e-06
450500,3.65754964843e-06,2.69920539822e-06
450600,3.65630861383e-06,2.69785293257e-06
450700,3.65506800043e-06,2.69650106728e-06
450800,3.65382780791e-06,2.69514980185e-06
450900,3.65258803637e-06,2.69379913602e-06
451000,3.65134868572e-06,2.69244906942e-06
451100,3.65010975554e-06,2.6910996015e-06
451200,3.64887124585e-06,2.68975073194e-06
451300,3.64763315633e-06,2.68840246024e-06
451400,3.64639548722e-06,2.68705478624e-06
451500,3.64515823796e-06,2.68570770929e-06
451600,3.64392140844e-06,2.68436122901e-06
451700,3.64268499886e-06,2.68301534522e-06
451800,3.64144900898e-06,2.68167005745e-06
451900,3.64021343854e-06,2.68032536523e-06
452000,3.63897828726e-06,2.6789812681e-06
452100,3.63774355525e-06,2.67763776581e-06
452200,3.63650924214e-06,2.67629485783e-06
452300,3.63527534814e-06,2.67495254397e-06
452400,3.63404187264e-06,2.67361082356e-06
452500,3.6328088158e-06,2.67226969638e-06
452600,3.63157617754e-06,2.67092916209e-06
452700,3.63034395758e-06,2.6695892202e-06
452800,3.62911215584e-06,2.66824987036e-06
452900,3.62788077196e-06,2.66691111205e-06
453000,3.62664980603e-06,2.66557294501e-06
453100,3.62541925805e-06,2.66423536895e-06
453200,3.62418912743e-06,2.66289838318e-06
453300,3.62295941449e-06,2.66156198762e-06
453400,3.62173011876e-06,2.66022618166e-06
453500,3.62050124017e-06,2.65889096495e-06
453600,3.61927277881e-06,2.65755633726e-06
453700,3.61804473414e-06,2.65622229794e-06
453800,3.61681710623e-06,2.65488884674e-06
453900,3.61558989488e-06,2.65355598323e-06
454000,3.6143631002e-06,2.65222370719e-06
454100,3.61313672188e-06,2.65089201811e-06
454200,3.6119107596e-06,2.64956091549e-06
454300,3.61068521351e-06,2.64823039914e-06
454400,3.60946008328e-06,2.64690046855e-06
454500,3.60823536893e-06,2.64557112343e-06
454600,3.60701107007e-06,2.64424236324e-06
454700,3.60578718663e-06,2.64291418763e-06
454800,3.60456371863e-06,2.64158659633e-06
454900,3.60334066583e-06,2.64025958888e-06
455000,3.60211802826e-06,2.63893316501e-06
455100,3.60089580532e-06,2.63760732404e-06
455200,3.59967399737e-06,2.63628206591e-06
455300,3.598452604e-06,2.63495739006e-06
455400,3.59723162528e-06,2.63363329624e-06
455500,3.59601106077e-06,2.63230978388e-06
455600,3.59479091056e-06,2.63098685274e-06
455700,3.5935711744e-06,2.62966450237e-06
455800,3.59235185214e-06,2.62834273238e-06
455900,3.59113294374e-06,2.62702154246e-06
456000,3.589914449e-06,2.62570093217e-06
456100,3.58869636764e-06,2.62438090106e-06
456200,3.5874786997e-06,2.62306144885e-06
456300,3.58626144511e-06,2.62174257522e-06
456400,3.58504460362e-06,2.62042427971e-06
456500,3.58382817509e-06,2.61910656193e-06
456600,3.58261215922e-06,2.61778942142e-06
456700,3.58139655615e-06,2.61647285797e-06
456800,3.5801813657e-06,2.61515687116e-06
456900,3.57896658741e-06,2.61384146044e-06
457000,3.57775222173e-06,2.61252662577e-06
457100,3.57653826787e-06,2.61121236639e-06
457200,3.57532472611e-06,2.60989868217e-06
457300,3.57411159612e-06,2.60858557262e-06
457400,3.57289887781e-06,2.60727303739e-06
457500,3.57168657123e-06,2.60596107624e-06
457600,3.57047467585e-06,2.60464968852e-06
457700,3.56926319204e-06,2.60333887419e-06
457800,3.56805211915e-06,2.60202863255e-06
457900,3.56684145744e-06,2.60071896348e-06
458000,3.5656312064e-06,2.59940986637e-06
458100,3.56442136619e-06,2.59810134103e-06
458200,3.56321193654e-06,2.59679338701e-06
458300,3.56200291725e-06,2.59548600389e-06
458400,3.56079430832e-06,2.59417919139e-06
458500,3.55958610967e-06,2.59287294917e-06
458600,3.55837832089e-06,2.59156727669e-06
458700,3.55717094214e-06,2.59026217376e-06
458800,3.55596397298e-06,2.58895763983e-06
458900,3.55475741356e-06,2.58765367469e-06
459000,3.55355126351e-06,2.58635027785e-06
459100,3.55234552294e-06,2.58504744907e-06
459200,3.55114019145e-06,2.58374518783e-06
459300,3.54993526897e-06,2.58244349379e-06
459400,3.54873075538e-06,2.58114236661e-06
459500,3.54752665066e-06,2.57984180597e-06
459600,3.54632295477e-06,2.57854181158e-06
459700,3.54511966714e-06,2.5772423828e-06
459800,3.54391678785e-06,2.57594351939e-06
459900,3.54271431695e-06,2.57464522109e-06
460000,3.54151225409e-06,2.57334748743e-06
460100,3.54031059887e-06,2.57205031786e-06
460200,3.53910935178e-06,2.57075371239e-06
460300,3.53790851212e-06,2.56945767032e-06
460400,3.53670808024e-06,2.56816219159e-06
460500,3.53550805564e-06,2.56686727559e-06
460600,3.53430843821e-06,2.56557292199e-06
460700,3.53310922821e-06,2.56427913066e-06
460800,3.531910425e-06,2.56298590093e-06
460900,3.5307120285e-06,2.56169323246e-06
461000,3.52951403879e-06,2.56040112503e-06
461100,3.52831645571e-06,2.55910957825e-06
461200,3.52711927907e-06,2.55781859174e-06
461300,3.52592250856e-06,2.55652816501e-06
461400,3.52472614429e-06,2.55523829787e-06
461500,3.52353018605e-06,2.55394898989e-06
461600,3.52233463358e-06,2.55266024064e-06
461700,3.52113948685e-06,2.55137204983e-06
461800,3.51994474578e-06,2.55008441713e-06
461900,3.51875041026e-06,2.54879734218e-06
462000,3.51755647997e-06,2.54751082453e-06
462100,3.51636295493e-06,2.54622486389e-06
462200,3.51516983491e-06,2.54493945986e-06
462300,3.51397711981e-06,2.5436546121e-06
462400,3.51278480935e-06,2.54237032016e-06
462500,3.5115929036e-06,2.54108658379e-06
462600,3.51040140243e-06,2.53980340265e-06
462700,3.50921030547e-06,2.53852077624e-06
462800,3.50801961289e-06,2.53723870439e-06
462900,3.50682932437e-06,2.53595718661e-06
463000,3.50563943978e-06,2.53467622256e-06
463100,3.50444995888e-06,2.53339581182e-06
463200,3.50326088187e-06,2.53211595423e-06
463300,3.5020722083e-06,2.53083664925e-06
463400,3.50088393806e-06,2.52955789653e-06
463500,3.49969607113e-06,2.52827969579e-06
463600,3.49850860735e-06,2.52700204664e-06
463700,3.49732154669e-06,2.52572494882e-06
463800,3.4961348886e-06,2.52444840169e-06
463900,3.49494863328e-06,2.52317240513e-06
464000,3.49376278073e-06,2.52189695884e-06
464100,3.4925773306e-06,2.52062206235e-06
464200,3.49139228266e-06,2.51934771524e-06
464300,3.4902076369e-06,2.51807391724e-06
464400,3.48902339331e-06,2.51680066806e-06
464500,3.4878395515e-06,2.5155279672e-06
464600,3.48665611141e-06,2.51425581435e-06
464700,3.48547307304e-06,2.51298420924e-06
464800,3.48429043618e-06,2.51171315147e-06
464900,3.48310820055e-06,2.51044264061e-06
465000,3.48192636624e-06,2.50917267643e-06
465100,3.48074493295e-06,2.50790325848e-06
465200,3.47956390068e-06,2.5066343865e-06
465300,3.47838326922e-06,2.50536606008e-06
465400,3.47720303838e-06,2.50409827884e-06
465500,3.47602320824e-06,2.50283104257e-06
465600,3.47484377815e-06,2.50156435059e-06
465700,3.47366474851e-06,2.50029820289e-06
465800,3.47248611904e-06,2.49903259902e-06
465900,3.47130788937e-06,2.49776753849e-06
466000,3.4701300599e-06,2.49650302129e-06
466100,3.4689526299e-06,2.49523904668e-06
466200,3.46777559963e-06,2.49397561459e-06
466300,3.46659896869e-06,2.49271272447e-06
466400,3.46542273718e-06,2.49145037614e-06
466500,3.46424690486e-06,2.49018856918e-06
466600,3.46307147129e-06,2.48892730306e-06
466700,3.46189643696e-06,2.48766657781e-06
466800,3.46072180115e-06,2.48640639272e-06
466900,3.45954756419e-06,2.48514674775e-06
467000,3.45837372564e-06,2.48388764233e-06
467100,3.45720028549e-06,2.48262907622e-06
467200,3.45602724356e-06,2.48137104904e-06
467300,3.45485459966e-06,2.4801135604e-06
467400,3.45368235384e-06,2.47885661009e-06
467500,3.45251050587e-06,2.47760019767e-06
467600,3.45133905554e-06,2.47634432278e-06
467700,3.45016800268e-06,2.47508898505e-06
467800,3.4489973473e-06,2.47383418421e-06
467900,3.44782708905e-06,2.47257991979e-06
468000,3.44665722822e-06,2.47132619171e-06
468100,3.44548776419e-06,2.47007299933e-06
468200,3.44431869723e-06,2.46882034255e-06
468300,3.44315002696e-06,2.46756822088e-06
468400,3.44198175333e-06,2.46631663403e-06
468500,3.44081387609e-06,2.46506558158e-06
468600,3.43964639529e-06,2.4638150633e-06
468700,3.43847931065e-06,2.46256507877e-06
468800,3.43731262208e-06,2.46131562767e-06
468900,3.43614632954e-06,2.46006670971e-06
469000,3.43498043273e-06,2.45881832446e-06
469100,3.43381493153e-06,2.45757047158e-06
469200,3.43264982579e-06,2.45632315072e-06
469300,3.43148511558e-06,2.45507636167e-06
469400,3.4303208007e-06,2.45383010404e-06
469500,3.429156881e-06,2.45258437749e-06
469600,3.42799335608e-06,2.45133918152e-06
469700,3.4268302262e-06,2.45009451602e-06
469800,3.42566749103e-06,2.44885038054e-06
469900,3.42450515049e-06,2.44760677477e-06
470000,3.42334320435e-06,2.44636369832e-06
470100,3.42218165248e-06,2.44512115085e-06
470200,3.42102049488e-06,2.44387913211e-06
470300,3.41985973136e-06,2.44263764171e-06
470400,3.41869936166e-06,2.44139667925e-06
470500,3.41753938582e-06,2.44015624451e-06
470600,3.4163798038e-06,2.43891633719e-06
470700,3.4152206151e-06,2.43767695674e-06
470800,3.41406181985e-06,2.43643810299e-06
470900,3.41290341802e-06,2.43519977566e-06
471000,3.41174540926e-06,2.43396197428e-06
471100,3.4105877935e-06,2.43272469856e-06
471200,3.40943057039e-06,2.43148794803e-06
471300,3.40827374024e-06,2.43025172263e-06
471400,3.4071173025e-06,2.42901602176e-06
471500,3.40596125716e-06,2.42778084518e-06
471600,3.40480560445e-06,2.42654619277e-06
471700,3.40365034378e-06,2.42531206391e-06
471800,3.40249547526e-06,2.42407845842e-06
471900,3.40134099852e-06,2.42284537582e-06
472000,3.40018691369e-06,2.42161281595e-06
472100,3.39903322043e-06,2.42038077834e-06
472200,3.39787991897e-06,2.41914926289e-06
472300,3.39672700862e-06,2.41791826891e-06
472400,3.39557448961e-06,2.41668779631e-06
472500,3.39442236153e-06,2.41545784457e-06
472600,3.39327062476e-06,2.4142284137e-06
472700,3.39211927862e-06,2.41299950301e-06
472800,3.3909683234e-06,2.41177111244e-06
472900,3.38981775875e-06,2.41054324152e-06
473000,3.38866758456e-06,2.40931588994e-06
473100,3.38751780081e-06,2.40808905743e-06
473200,3.38636840715e-06,2.40686274354e-06
473300,3.38521940342e-06,2.40563694792e-06
473400,3.38407078981e-06,2.40441167044e-06
473500,3.38292256602e-06,2.40318691067e-06
473600,3.38177473187e-06,2.40196266825e-06
473700,3.3806272873e-06,2.4007389429e-06
473800,3.37948023196e-06,2.39951573415e-06
473900,3.37833356609e-06,2.3982930419e-06
474000,3.37718728931e-06,2.39707086569e-06
474100,3.3760414015e-06,2.39584920518e-06
474200,3.37489590275e-06,2.3946280602e-06
474300,3.37375079256e-06,2.39340743018e-06
474400,3.37260607114e-06,2.39218731501e-06
474500,3.37146173797e-06,2.39096771413e-06
474600,3.37031779327e-06,2.38974862743e-06
474700,3.36917423679e-06,2.3885300545e-06
474800,3.3680310684e-06,2.38731199504e-06
474900,3.36688828805e-06,2.38609444875e-06
475000,3.36574589553e-06,2.38487741528e-06
475100,3.36460389057e-06,2.38366089421e-06
475200,3.36346227338e-06,2.38244488543e-06
475300,3.36232104363e-06,2.38122938848e-06
475400,3.36118020096e-06,2.38001440292e-06
475500,3.36003974557e-06,2.37879992862e-06
475600,3.35889967723e-06,2.37758596519e-06
475700,3.35775999571e-06,2.37637251226e-06
475800,3.35662070091e-06,2.37515956952e-06
475900,3.3554817929e-06,2.37394713678e-06
476000,3.35434327125e-06,2.37273521351e-06
476100,3.35320513626e-06,2.37152379969e-06
476200,3.35206738735e-06,2.37031289469e-06
476300,3.3509300247e-06,2.36910249841e-06
476400,3.34979304798e-06,2.36789261039e-06
476500,3.34865645706e-06,2.36668323031e-06
476600,3.3475202518e-06,2.36547435785e-06
476700,3.34638443223e-06,2.36426599278e-06
476800,3.34524899817e-06,2.36305813477e-06
476900,3.34411394918e-06,2.3618507833e-06
477000,3.34297928569e-06,2.36064393839e-06
477100,3.34184500711e-06,2.35943759944e-06
477200,3.34071111358e-06,2.35823176631e-06
477300,3.33957760484e-06,2.35702643859e-06
477400,3.33844448069e-06,2.35582161593e-06
477500,3.33731174125e-06,2.35461729816e-06
477600,3.33617938617e-06,2.35341348483e-06
477700,3.33504741541e-06,2.35221017567e-06
477800,3.33391582884e-06,2.35100737038e-06
477900,3.332784626e-06,2.34980506843e-06
478000,3.33165380743e-06,2.34860326993e-06
478100,3.33052337242e-06,2.34740197418e-06
478200,3.32939332107e-06,2.34620118103e-06
478300,3.32826365318e-06,2.34500089011e-06
478400,3.32713436888e-06,2.34380110128e-06
478500,3.32600546786e-06,2.3426018141e-06
478600,3.32487694965e-06,2.34140302804e-06
478700,3.32374881456e-06,2.34020474308e-06
478800,3.3226210625e-06,2.33900695891e-06
478900,3.32149369302e-06,2.33780967503e-06
479000,3.32036670605e-06,2.33661289117e-06
479100,3.3192401016e-06,2.33541660708e-06
479200,3.3181138795e-06,2.33422082244e-06
479300,3.31698803963e-06,2.33302553694e-06
479400,3.31586258201e-06,2.33183075036e-06
479500,3.31473750614e-06,2.33063646215e-06
479600,3.31361281217e-06,2.32944267219e-06
479700,3.31248849966e-06,2.32824937996e-06
479800,3.31136456903e-06,2.32705658549e-06
479900,3.31024101958e-06,2.32586428813e-06
480000,3.30911785161e-06,2.32467248782e-06
480100,3.30799506488e-06,2.32348118418e-06
480200,3.30687265893e-06,2.32229037671e-06
480300,3.30575063395e-06,2.32110006528e-06
480400,3.30462898995e-06,2.31991024968e-06
480500,3.30350772641e-06,2.31872092936e-06
480600,3.30238684346e-06,2.31753210415e-06
480700,3.30126634094e-06,2.31634377375e-06
480800,3.30014621869e-06,2.31515593781e-06
480900,3.29902647652e-06,2.313968596e-06
481000,3.29790711453e-06,2.31278174814e-06
481100,3.29678813234e-06,2.31159539377e-06
481200,3.29566952974e-06,2.31040953255e-06
481300,3.29455130689e-06,2.30922416432e-06
481400,3.29343346346e-06,2.30803928867e-06
481500,3.29231599949e-06,2.30685490539e-06
481600,3.29119891471e-06,2.30567101409e-06
481700,3.29008220915e-06,2.30448761456e-06
481800,3.28896588253e-06,2.30330470639e-06
481900,3.28784993456e-06,2.30212228919e-06
482000,3.28673436564e-06,2.30094036298e-06
482100,3.28561917514e-06,2.29975892714e-06
482200,3.28450436309e-06,2.29857798145e-06
482300,3.28338992927e-06,2.29739752557e-06
482400,3.28227587375e-06,2.2962175593e-06
482500,3.28116219639e-06,2.29503808235e-06
482600,3.28004889694e-06,2.29385909432e-06
482700,3.27893597535e-06,2.29268059496e-06
482800,3.27782343131e-06,2.29150258386e-06
482900,3.27671126493e-06,2.29032506086e-06
483000,3.27559947628e-06,2.28914802578e-06
483100,3.27448806455e-06,2.28797147789e-06
483200,3.27337703015e-06,2.28679541723e-06
483300,3.27226637262e-06,2.28561984328e-06
483400,3.27115609234e-06,2.28444475607e-06
483500,3.27004618856e-06,2.28327015489e-06
483600,3.26893666154e-06,2.28209603969e-06
483700,3.2678275111e-06,2.28092241014e-06
483800,3.26671873705e-06,2.2797492659e-06
483900,3.2656103393e-06,2.27857660669e-06
484000,3.26450231788e-06,2.27740443231e-06
484100,3.2633946724e-06,2.27623274228e-06
484200,3.26228740286e-06,2.2750615364e-06
484300,3.261180509e-06,2.27389081429e-06
484400,3.26007399075e-06,2.27272057566e-06
484500,3.2589678481e-06,2.27155082031e-06
484600,3.25786208073e-06,2.2703815478e-06
484700,3.25675668868e-06,2.26921275795e-06
484800,3.25565167164e-06,2.26804445035e-06
484900,3.25454702991e-06,2.26687662496e-06
485000,3.25344276287e-06,2.26570928117e-06
485100,3.25233887077e-06,2.26454241893e-06
485200,3.25123535326e-06,2.2633760378e-06
485300,3.25013221e-06,2.26221013734e-06
485400,3.24902944137e-06,2.26104471757e-06
485500,3.24792704692e-06,2.25987977801e-06
485600,3.24682502666e-06,2.25871531843e-06
485700,3.24572338023e-06,2.25755133839e-06
485800,3.24462210768e-06,2.25638783771e-06
485900,3.24352120901e-06,2.25522481618e-06
486000,3.24242068398e-06,2.25406227342e-06
486100,3.24132053224e-06,2.25290020899e-06
486200,3.24022075402e-06,2.25173862284e-06
486300,3.2391213491e-06,2.2505775146e-06
486400,3.23802231726e-06,2.24941688392e-06
486500,3.2369236583e-06,2.24825673046e-06
486600,3.2358253723e-06,2.24709705406e-06
486700,3.23472745886e-06,2.24593785425e-06
486800,3.23362991817e-06,2.24477913093e-06
486900,3.23253274982e-06,2.24362088364e-06
487000,3.23143595393e-06,2.24246311223e-06
487100,3.23033953027e-06,2.24130581635e-06
487200,3.22924347879e-06,2.24014899575e-06
487300,3.22814779912e-06,2.23899264999e-06
487400,3.22705249134e-06,2.2378367789e-06
487500,3.22595755531e-06,2.23668138218e-06
487600,3.2248629909e-06,2.23552645954e-06
487700,3.22376879793e-06,2.23437201065e-06
487800,3.22267497639e-06,2.2332180353e-06
487900,3.2215815256e-06,2.23206453284e-06
488000,3.22048844647e-06,2.23091150363e-06
488100,3.21939573811e-06,2.22975894692e-06
488200,3.21830340054e-06,2.22860686248e-06
488300,3.21721143355e-06,2.22745524999e-06
488400,3.21611983739e-06,2.22630410939e-06
488500,3.21502861146e-06,2.22515344008e-06
488600,3.21393775603e-06,2.22400324204e-06
488700,3.21284727087e-06,2.2228535149e-06
488800,3.21175715581e-06,2.22170425836e-06
488900,3.21066741053e-06,2.22055547198e-06
489000,3.20957803514e-06,2.21940715564e-06
489100,3.20848902948e-06,2.21825930904e-06
489200,3.20740039343e-06,2.21711193187e-06
489300,3.20631212669e-06,2.21596502375e-06
489400,3.20522422939e-06,2.21481858454e-06
489500,3.20413670139e-06,2.21367261395e-06
489600,3.20304954224e-06,2.2125271115e-06
489700,3.20196275218e-06,2.21138207712e-06
489800,3.20087633092e-06,2.21023751041e-06
489900,3.19979027856e-06,2.20909341125e-06
490000,3.19870459461e-06,2.20794977911e-06
490100,3.19761927919e-06,2.20680661385e-06
490200,3.19653433174e-06,2.20566391493e-06
490300,3.19544975273e-06,2.20452168242e-06
490400,3.19436554184e-06,2.20337991592e-06
490500,3.19328169896e-06,2.20223861517e-06
490600,3.19219822389e-06,2.20109777981e-06
490700,3.19111511646e-06,2.19995740954e-06
490800,3.19003237658e-06,2.19881750411e-06
490900,3.18895000421e-06,2.19767806327e-06
491000,3.18786799918e-06,2.19653908671e-06
491100,3.18678636139e-06,2.19540057417e-06
491200,3.18570509059e-06,2.19426252528e-06
491300,3.18462418678e-06,2.19312493985e-06
491400,3.18354364962e-06,2.19198781744e-06
491500,3.18246347962e-06,2.19085115818e-06
491600,3.18138367587e-06,2.18971496129e-06
491700,3.18030423854e-06,2.18857922668e-06
491800,3.17922516774e-06,2.1874439542e-06
491900,3.17814646305e-06,2.1863091434e-06
492000,3.1770681244e-06,2.18517479401e-06
492100,3.17599015182e-06,2.18404090587e-06
492200,3.17491254491e-06,2.18290747852e-06
492300,3.17383530376e-06,2.18177451179e-06
492400,3.17275842836e-06,2.18064200551e-06
492500,3.17168191823e-06,2.17950995914e-06
492600,3.17060577354e-06,2.17837837261e-06
492700,3.16952999408e-06,2.17724724557e-06
492800,3.16845457965e-06,2.1761165777e-06
492900,3.16737953036e-06,2.17498636886e-06
493000,3.16630484569e-06,2.17385661853e-06
493100,3.16523052575e-06,2.17272732658e-06
493200,3.1641565705e-06,2.17159849278e-06
493300,3.16308297979e-06,2.17047011683e-06
493400,3.16200975332e-06,2.16934219835e-06
493500,3.16093689111e-06,2.16821473714e-06
493600,3.15986439304e-06,2.16708773293e-06
493700,3.15879225889e-06,2.16596118539e-06
493800,3.15772048856e-06,2.16483509425e-06
493900,3.15664908201e-06,2.16370945929e-06
494000,3.15557803905e-06,2.16258428017e-06
494100,3.15450735962e-06,2.16145955669e-06
494200,3.15343704353e-06,2.16033528849e-06
494300,3.15236709074e-06,2.15921147538e-06
494400,3.15129750089e-06,2.15808811692e-06
494500,3.15022827417e-06,2.15696521303e-06
494600,3.14915941022e-06,2.1558427633e-06
494700,3.14809090912e-06,2.15472076756e-06
494800,3.14702277057e-06,2.15359922543e-06
494900,3.14595499466e-06,2.15247813679e-06
495000,3.14488758096e-06,2.15135750114e-06
495100,3.14382052972e-06,2.15023731846e-06
495200,3.14275384038e-06,2.1491175882e-06
495300,3.14168751322e-06,2.14799831032e-06
495400,3.14062154771e-06,2.14687948432e-06
495500,3.13955594411e-06,2.14576111015e-06
495600,3.13849070208e-06,2.1446431874e-06
495700,3.13742582161e-06,2.14352571587e-06
495800,3.13636130269e-06,2.14240869536e-06
495900,3.1352971448e-06,2.14129212534e-06
496000,3.13423334816e-06,2.14017600577e-06
496100,3.13316991254e-06,2.13906033629e-06
496200,3.13210683797e-06,2.13794511673e-06
496300,3.1310441241e-06,2.13683034668e-06
496400,3.12998177063e-06,2.13571602574e-06
496500,3.12891977801e-06,2.13460215403e-06
496600,3.12785814579e-06,2.13348873105e-06
496700,3.12679687365e-06,2.1323757564e-06
496800,3.12573596175e-06,2.13126323001e-06
496900,3.12467541e-06,2.1301511516e-06
497000,3.12361521807e-06,2.12903952079e-06
497100,3.12255538601e-06,2.12792833741e-06
497200,3.12149591361e-06,2.12681760114e-06
497300,3.12043680074e-06,2.12570731171e-06
497400,3.11937804748e-06,2.12459746896e-06
497500,3.11831965336e-06,2.12348807241e-06
497600,3.11726161839e-06,2.12237912188e-06
497700,3.11620394253e-06,2.12127061715e-06
497800,3.11514662563e-06,2.12016255793e-06
497900,3.11408966773e-06,2.11905494406e-06
498000,3.11303306831e-06,2.11794777501e-06
498100,3.11197682748e-06,2.11684105066e-06
498200,3.11092094521e-06,2.1157347708e-06
498300,3.10986542118e-06,2.11462893506e-06
498400,3.10881025559e-06,2.11352354335e-06
498500,3.10775544784e-06,2.1124185951e-06
498600,3.10670099829e-06,2.11131409036e-06
498700,3.10564690645e-06,2.11021002862e-06
498800,3.10459317228e-06,2.10910640967e-06
498900,3.10353979583e-06,2.10800323336e-06
499000,3.10248677692e-06,2.10690049937e-06
499100,3.10143411534e-06,2.1057982074e-06
499200,3.10038181088e-06,2.1046963571e-06
499300,3.09932986368e-06,2.10359494839e-06
499400,3.09827827344e-06,2.10249398089e-06
499500,3.09722703991e-06,2.10139345425e-06
499600,3.09617616351e-06,2.10029336854e-06
499700,3.09512564352e-06,2.09919372313e-06
499800,3.09407547996e-06,2.09809451784e-06
499900,3.09302567305e-06,2.09699575262e-06
500000,3.09197622239e-06,2.09589742703e-06
500100,3.09092712772e-06,2.09479954072e-06
500200,3.0898783892e-06,2.0937020936e-06
500300,3.08883000646e-06,2.09260508525e-06
500400,3.08778197962e-06,2.09150851556e-06
500500,3.08673430855e-06,2.09041238427e-06
500600,3.0856869929e-06,2.08931669095e-06
500700,3.08464003262e-06,2.08822143541e-06
500800,3.08359342785e-06,2.08712661753e-06
500900,3.08254717817e-06,2.08603223687e-06
501000,3.08150128361e-06,2.08493829327e-06
501100,3.08045574394e-06,2.08384478637e-06
501200,3.07941055918e-06,2.08275171603e-06
501300,3.07836572901e-06,2.08165908185e-06
501400,3.07732125347e-06,2.08056688366e-06
501500,3.07627713238e-06,2.07947512118e-06
501600,3.0752333657e-06,2.07838379419e-06
501700,3.07418995315e-06,2.07729290233e-06
501800,3.07314689474e-06,2.07620244542e-06
501900,3.07210419037e-06,2.07511242321e-06
502000,3.07106183994e-06,2.07402283547e-06
502100,3.07001984314e-06,2.0729336818e-06
502200,3.06897820008e-06,2.07184496209e-06
502300,3.06793691046e-06,2.07075667599e-06
502400,3.0668959742e-06,2.06966882323e-06
502500,3.06585539101e-06,2.06858140346e-06
502600,3.06481516136e-06,2.06749441681e-06
502700,3.06377528449e-06,2.0664078626e-06
502800,3.06273576063e-06,2.06532174079e-06
502900,3.0616965895e-06,2.06423605102e-06
503000,3.06065777121e-06,2.06315079319e-06
503100,3.05961930528e-06,2.06206596681e-06
503200,3.05858119192e-06,2.06098157183e-06
503300,3.05754343062e-06,2.05989760774e-06
503400,3.05650602186e-06,2.05881407469e-06
503500,3.05546896463e-06,2.05773097181e-06
503600,3.05443225999e-06,2.05664829963e-06
503700,3.05339590669e-06,2.05556605716e-06
503800,3.05235990546e-06,2.0544842447e-06
503900,3.05132425558e-06,2.05340286159e-06
504000,3.0502889575e-06,2.05232190795e-06
504100,3.04925401039e-06,2.05124138307e-06
504200,3.0482194147e-06,2.05016128706e-06
504300,3.04718517003e-06,2.04908161947e-06
504400,3.04615127657e-06,2.04800238027e-06
504500,3.04511773384e-06,2.04692356896e-06
504600,3.04408454183e-06,2.04584518534e-06
504700,3.04305170051e-06,2.04476722924e-06
504800,3.04201920965e-06,2.04368970031e-06
504900,3.04098706913e-06,2.04261259832e-06
505000,3.03995527898e-06,2.04153592309e-06
505100,3.0389238391e-06,2.0404596744e-06
505200,3.03789274928e-06,2.03938385192e-06
505300,3.0368620093e-06,2.03830845533e-06
505400,3.03583161915e-06,2.03723348447e-06
505500,3.03480157873e-06,2.03615893908e-06
505600,3.0337718876e-06,2.03508481871e-06
505700,3.03274254621e-06,2.03401112346e-06
505800,3.03171355422e-06,2.03293785295e-06
505900,3.03068491118e-06,2.03186500671e-06
506000,3.02965661731e-06,2.0307925847e-06
506100,3.02862867242e-06,2.02972058663e-06
506200,3.02760107656e-06,2.02864901236e-06
506300,3.02657382943e-06,2.02757786152e-06
506400,3.02554693072e-06,2.02650713373e-06
506500,3.02452038068e-06,2.02543682897e-06
506600,3.02349417887e-06,2.02436694681e-06
506700,3.02246832562e-06,2.02329748726e-06
506800,3.02144282015e-06,2.02222844965e-06
506900,3.02041766287e-06,2.02115983407e-06
507000,3.01939285339e-06,2.02009164012e-06
507100,3.0183683921e-06,2.01902386784e-06
507200,3.017344278e-06,2.01795651643e-06
507300,3.01632051174e-06,2.01688958614e-06
507400,3.0152970928e-06,2.01582307646e-06
507500,3.0142740214e-06,2.01475698736e-06
507600,3.01325129681e-06,2.01369131818e-06
507700,3.01222891967e-06,2.01262606918e-06
507800,3.01120688938e-06,2.0115612398e-06
507900,3.01018520597e-06,2.01049682988e-06
508000,3.00916386918e-06,2.00943283908e-06
508100,3.00814287901e-06,2.00836926723e-06
508200,3.00712223541e-06,2.00730611412e-06
508300,3.00610193826e-06,2.00624337952e-06
508400,3.0050819874e-06,2.00518106315e-06
508500,3.00406238257e-06,2.00411916466e-06
508600,3.00304312384e-06,2.00305768392e-06
508700,3.00202421102e-06,2.00199662065e-06
508800,3.00100564397e-06,2.00093597459e-06
508900,2.99998742256e-06,1.99987574548e-06
509000,2.99896954671e-06,1.9988159331e-06
509100,2.9979520163e-06,1.99775653721e-06
509200,2.99693483122e-06,1.99669755755e-06
509300,2.99591799131e-06,1.99563899386e-06
509400,2.99490149665e-06,1.99458084603e-06
509500,2.99388534679e-06,1.99352311359e-06
509600,2.99286954193e-06,1.99246579649e-06
509700,2.9918540817e-06,1.99140889435e-06
509800,2.99083896611e-06,1.99035240698e-06
509900,2.98982419519e-06,1.98929633425e-06
510000,2.98880976845e-06,1.98824067566e-06
510100,2.98779568608e-06,1.98718543118e-06
510200,2.98678194773e-06,1.9861306004e-06
510300,2.98576855357e-06,1.98507618328e-06
510400,2.98475550329e-06,1.98402217944e-06
510500,2.98374279684e-06,1.98296858868e-06
510600,2.98273043413e-06,1.98191541077e-06
510700,2.98171841494e-06,1.98086264542e-06
510800,2.98070673915e-06,1.97981029236e-06
510900,2.97969540687e-06,1.97875835152e-06
511000,2.97868441743e-06,1.97770682228e-06
511100,2.97767377147e-06,1.9766557049e-06
511200,2.97666346849e-06,1.97560499888e-06
511300,2.97565350816e-06,1.97455470384e-06
511400,2.97464389072e-06,1.97350481979e-06
511500,2.97363461562e-06,1.97245534618e-06
511600,2.97262568358e-06,1.97140628333e-06
511700,2.97161709369e-06,1.97035763048e-06
511800,2.97060884592e-06,1.96930938744e-06
511900,2.96960094062e-06,1.96826155428e-06
512000,2.96859337723e-06,1.96721413047e-06
512100,2.96758615575e-06,1.96616711584e-06
512200,2.96657927617e-06,1.96512051023e-06
512300,2.96557273836e-06,1.96407431338e-06
512400,2.96456654198e-06,1.96302852491e-06
512500,2.96356068724e-06,1.96198314479e-06
512600,2.96255517387e-06,1.96093817268e-06
512700,2.96155000161e-06,1.95989360826e-06
512800,2.9605451706e-06,1.95884945145e-06
512900,2.95954068047e-06,1.95780570183e-06
513000,2.95853653138e-06,1.95676235937e-06
513100,2.95753272286e-06,1.95571942358e-06
513200,2.95652925538e-06,1.95467689461e-06
513300,2.95552612811e-06,1.95363477176e-06
513400,2.95452334147e-06,1.95259305514e-06
513500,2.95352089508e-06,1.95155174434e-06
513600,2.95251878887e-06,1.95051083916e-06
513700,2.95151702273e-06,1.94947033935e-06
513800,2.95051559664e-06,1.94843024474e-06
513900,2.94951451032e-06,1.94739055499e-06
514000,2.94851376382e-06,1.94635126998e-06
514100,2.9475133571e-06,1.94531238951e-06
514200,2.94651328959e-06,1.94427391306e-06
514300,2.94551356165e-06,1.94323584069e-06
514400,2.94451417311e-06,1.94219817214e-06
514500,2.94351512363e-06,1.94116090702e-06
514600,2.94251641308e-06,1.94012404509e-06
514700,2.94151804163e-06,1.93908758629e-06
514800,2.94052000881e-06,1.93805153016e-06
514900,2.93952231486e-06,1.93701587671e-06
515000,2.93852495958e-06,1.93598062564e-06
515100,2.93752794276e-06,1.93494577665e-06
515200,2.93653126408e-06,1.93391132938e-06
515300,2.93553492386e-06,1.93287728386e-06
515400,2.93453892161e-06,1.93184363964e-06
515500,2.9335432576e-06,1.93081039671e-06
515600,2.9325479314e-06,1.92977755466e-06
515700,2.93155294281e-06,1.92874511318e-06
515800,2.93055829212e-06,1.9277130723e-06
515900,2.92956397881e-06,1.92668143153e-06
516000,2.92857000314e-06,1.92565019088e-06
516100,2.92757636466e-06,1.9246193499e-06
516200,2.92658306353e-06,1.92358890855e-06
516300,2.92559009951e-06,1.92255886649e-06
516400,2.92459747242e-06,1.92152922345e-06
516500,2.9236051821e-06,1.92049997918e-06
516600,2.92261322864e-06,1.91947113358e-06
516700,2.92162161167e-06,1.91844268625e-06
516800,2.92063033146e-06,1.9174146372e-06
516900,2.91963938759e-06,1.91638698602e-06
517000,2.91864878003e-06,1.91535973252e-06
517100,2.9176585087e-06,1.91433287648e-06
517200,2.91666857321e-06,1.91330641751e-06
517300,2.915678974e-06,1.91228035573e-06
517400,2.91468971053e-06,1.91125469065e-06
517500,2.9137007826e-06,1.91022942196e-06
517600,2.91271219048e-06,1.90920454968e-06
517700,2.9117239339e-06,1.9081800735e-06
517800,2.9107360127e-06,1.90715599315e-06
517900,2.90974842666e-06,1.90613230832e-06
518000,2.90876117575e-06,1.90510901885e-06
518100,2.90777426004e-06,1.90408612463e-06
518200,2.90678767921e-06,1.90306362529e-06
518300,2.90580143331e-06,1.90204152072e-06
518400,2.90481552199e-06,1.90101981052e-06
518500,2.9038299452e-06,1.89999849451e-06
518600,2.90284470296e-06,1.89897757255e-06
518700,2.90185979517e-06,1.89795704443e-06
518800,2.90087522162e-06,1.89693690985e-06
518900,2.89989098228e-06,1.89591716864e-06
519000,2.89890707681e-06,1.89489782042e-06
519100,2.89792350523e-06,1.89387886505e-06
519200,2.89694026759e-06,1.89286030242e-06
519300,2.89595736355e-06,1.89184213214e-06
519400,2.89497479316e-06,1.8908243541e-06
519500,2.89399255606e-06,1.8898069679e-06
519600,2.8930106525e-06,1.88878997357e-06
519700,2.89202908215e-06,1.88777337074e-06
519800,2.89104784475e-06,1.88675715907e-06
519900,2.89006694065e-06,1.88574133865e-06
520000,2.88908636924e-06,1.88472590893e-06
520100,2.8881061307e-06,1.88371086988e-06
520200,2.88712622479e-06,1.88269622117e-06
520300,2.88614665129e-06,1.88168196252e-06
520400,2.88516741055e-06,1.88066809402e-06
520500,2.88418850185e-06,1.87965461503e-06
520600,2.88320992552e-06,1.87864152562e-06
520700,2.88223168126e-06,1.87762882544e-06
520800,2.88125376895e-06,1.87661651427e-06
520900,2.8802761887e-06,1.87560459202e-06
521000,2.87929894003e-06,1.87459305824e-06
521100,2.87832202306e-06,1.87358191284e-06
521200,2.87734543777e-06,1.87257115568e-06
521300,2.87636918376e-06,1.87156078633e-06
521400,2.87539326105e-06,1.87055080466e-06
521500,2.87441766961e-06,1.8695412105e-06
521600,2.87344240932e-06,1.86853200362e-06
521700,2.87246747985e-06,1.86752318366e-06
521800,2.87149288133e-06,1.86651475055e-06
521900,2.87051861373e-06,1.86550670413e-06
522000,2.86954467665e-06,1.86449904398e-06
522100,2.86857107004e-06,1.86349176993e-06
522200,2.86759779389e-06,1.86248488181e-06
522300,2.86662484806e-06,1.8614783794e-06
522400,2.86565223246e-06,1.86047226247e-06
522500,2.86467994679e-06,1.85946653069e-06
522600,2.8637079912e-06,1.858461184e-06
522700,2.86273636542e-06,1.85745622209e-06
522800,2.86176506955e-06,1.85645164487e-06
522900,2.86079410314e-06,1.8554474519e-06
523000,2.85982346632e-06,1.85444364312e-06
523100,2.8588531589e-06,1.85344021825e-06
523200,2.85788318089e-06,1.85243717715e-06
523300,2.85691353195e-06,1.85143451946e-06
523400,2.85594421218e-06,1.8504322451e-06
523500,2.85497522114e-06,1.84943035362e-06
523600,2.85400655921e-06,1.84842884513e-06
523700,2.85303822597e-06,1.84742771921e-06
523800,2.85207022122e-06,1.84642697559e-06
523900,2.85110254516e-06,1.84542661424e-06
524000,2.8501351973e-06,1.84442663471e-06
524100,2.84916817805e-06,1.84342703712e-06
524200,2.84820148669e-06,1.84242782083e-06
524300,2.84723512362e-06,1.84142898599e-06
524400,2.84626908846e-06,1.84043053218e-06
524500,2.84530338121e-06,1.83943245927e-06
524600,2.84433800146e-06,1.83843476685e-06
524700,2.84337294951e-06,1.83743745494e-06
524800,2.84240822497e-06,1.83644052318e-06
524900,2.8414438278e-06,1.83544397138e-06
525000,2.84047975819e-06,1.83444779952e-06
525100,2.83951601547e-06,1.83345200701e-06
525200,2.8385526e-06,1.83245659397e-06
525300,2.83758951152e-06,1.83146156006e-06
525400,2.83662674987e-06,1.83046690503e-06
525500,2.835664315e-06,1.82947262872e-06
525600,2.83470220672e-06,1.82847873085e-06
525700,2.83374042465e-06,1.82748521103e-06
525800,2.83277896941e-06,1.82649206953e-06
525900,2.83181784017e-06,1.82549930565e-06
526000,2.83085703739e-06,1.82450691956e-06
526100,2.82989656044e-06,1.8235149107e-06
526200,2.82893640957e-06,1.82252327909e-06
526300,2.82797658457e-06,1.82153202445e-06
526400,2.82701708526e-06,1.82054114653e-06
526500,2.82605791172e-06,1.81955064522e-06
526600,2.82509906361e-06,1.81856052017e-06
526700,2.82414054085e-06,1.81757077118e-06
526800,2.82318234336e-06,1.81658139806e-06
526900,2.82222447111e-06,1.81559240065e-06
527000,2.82126692398e-06,1.81460377871e-06
527100,2.82030970182e-06,1.81361553204e-06
527200,2.81935280445e-06,1.81262766034e-06
527300,2.81839623197e-06,1.81164016356e-06
527400,2.81743998415e-06,1.8106530414e-06
527500,2.81648406069e-06,1.80966629351e-06
527600,2.81552846175e-06,1.80867991988e-06
527700,2.81457318709e-06,1.80769392019e-06
527800,2.81361823675e-06,1.80670829433e-06
527900,2.81266361034e-06,1.80572304192e-06
528000,2.81170930776e-06,1.80473816274e-06
528100,2.81075532934e-06,1.80375365686e-06
528200,2.8098016745e-06,1.80276952377e-06
528300,2.80884834338e-06,1.80178576343e-06
528400,2.80789533577e-06,1.80080237555e-06
528500,2.8069426517e-06,1.79981936002e-06
528600,2.80599029094e-06,1.79883671653e-06
528700,2.80503825323e-06,1.7978544448e-06
528800,2.80408653888e-06,1.79687254487e-06
528900,2.80313514714e-06,1.79589101611e-06
529000,2.8021840786e-06,1.79490985879e-06
529100,2.80123333263e-06,1.79392907233e-06
529200,2.80028290944e-06,1.79294865674e-06
529300,2.7993328088e-06,1.79196861175e-06
529400,2.79838303052e-06,1.79098893707e-06
529500,2.79743357473e-06,1.79000963267e-06
529600,2.79648444115e-06,1.7890306982e-06
529700,2.79553562959e-06,1.78805213343e-06
529800,2.79458714012e-06,1.78707393824e-06
529900,2.79363897228e-06,1.78609611221e-06
530000,2.79269112657e-06,1.78511865552e-06
530100,2.79174360235e-06,1.78414156761e-06
530200,2.7907963997e-06,1.78316484841e-06
530300,2.78984951857e-06,1.78218849775e-06
530400,2.78890295889e-06,1.78121251542e-06
530500,2.78795672029e-06,1.78023690108e-06
530600,2.78701080286e-06,1.77926165462e-06
530700,2.78606520646e-06,1.77828677583e-06
530800,2.78511993108e-06,1.77731226455e-06
530900,2.7841749764e-06,1.77633812045e-06
531000,2.78323034233e-06,1.77536434333e-06
531100,2.78228602901e-06,1.77439093315e-06
531200,2.78134203627e-06,1.77341788966e-06
531300,2.7803983636e-06,1.77244521238e-06
531400,2.77945501123e-06,1.77147290134e-06
531500,2.77851197918e-06,1.77050095641e-06
531600,2.7775692672e-06,1.76952937729e-06
531700,2.7766268751e-06,1.76855816372e-06
531800,2.7756848027e-06,1.76758731545e-06
531900,2.77474305013e-06,1.76661683243e-06
532000,2.77380161715e-06,1.76564671437e-06
532100,2.77286050361e-06,1.76467696102e-06
532200,2.77191970976e-06,1.76370757244e-06
532300,2.77097923478e-06,1.76273854793e-06
532400,2.77003907915e-06,1.76176988769e-06
532500,2.7690992427e-06,1.76080159146e-06
532600,2.76815972509e-06,1.7598336589e-06
532700,2.7672205263e-06,1.75886608984e-06
532800,2.76628164621e-06,1.75789888408e-06
532900,2.76534308489e-06,1.75693204154e-06
533000,2.76440484203e-06,1.75596556187e-06
533100,2.76346691762e-06,1.75499944494e-06
533200,2.76252931165e-06,1.7540336906e-06
533300,2.76159202375e-06,1.75306829849e-06
533400,2.76065505386e-06,1.75210326841e-06
533500,2.75971840223e-06,1.75113860043e-06
533600,2.75878206812e-06,1.75017429389e-06
533700,2.75784605196e-06,1.74921034897e-06
533800,2.75691035352e-06,1.74824676538e-06
533900,2.7559749724e-06,1.74728354271e-06
534000,2.75503990916e-06,1.74632068122e-06
534100,2.75410516291e-06,1.74535818018e-06
534200,2.75317073406e-06,1.74439603972e-06
534300,2.75223662218e-06,1.74343425944e-06
534400,2.75130282748e-06,1.74247283934e-06
534500,2.7503693497e-06,1.74151177912e-06
534600,2.74943618848e-06,1.74055107841e-06
534700,2.7485033441e-06,1.73959073726e-06
534800,2.74757081632e-06,1.73863075539e-06
534900,2.74663860498e-06,1.73767113255e-06
535000,2.74570671006e-06,1.73671186861e-06
535100,2.74477513135e-06,1.7357529633e-06
535200,2.74384386898e-06,1.73479441657e-06
535300,2.74291292241e-06,1.73383622793e-06
535400,2.74198229206e-06,1.73287839754e-06
535500,2.74105197732e-06,1.73192092485e-06
535600,2.74012197843e-06,1.73096380991e-06
535700,2.73919229505e-06,1.73000705234e-06
535800,2.73826292726e-06,1.72905065209e-06
535900,2.73733387482e-06,1.72809460886e-06
536000,2.73640513778e-06,1.72713892255e-06
536100,2.73547671583e-06,1.72618359283e-06
536200,2.734548609e-06,1.72522861959e-06
536300,2.73362081711e-06,1.72427400258e-06
536400,2.73269334014e-06,1.72331974167e-06
536500,2.73176617809e-06,1.72236583672e-06
536600,2.73083933047e-06,1.72141228728e-06
536700,2.72991279752e-06,1.72045909338e-06
536800,2.72898657893e-06,1.71950625469e-06
536900,2.72806067472e-06,1.71855377109e-06
537000,2.72713508476e-06,1.71760164237e-06
537100,2.72620980902e-06,1.71664986839e-06
537200,2.72528484711e-06,1.71569844875e-06
537300,2.72436019917e-06,1.71474738342e-06
537400,2.72343586515e-06,1.71379667225e-06
537500,2.72251184459e-06,1.71284631479e-06
537600,2.72158813787e-06,1.71189631118e-06
537700,2.72066474458e-06,1.71094666101e-06
537800,2.71974166455e-06,1.70999736405e-06
537900,2.71881889796e-06,1.70904842029e-06
538000,2.7178964445e-06,1.7080998294e-06
538100,2.71697430393e-06,1.70715159109e-06
538200,2.71605247639e-06,1.70620370533e-06
538300,2.71513096193e-06,1.70525617202e-06
538400,2.71420975996e-06,1.70430899065e-06
538500,2.71328887058e-06,1.70336216116e-06
538600,2.71236829396e-06,1.70241568354e-06
538700,2.71144802966e-06,1.70146955737e-06
538800,2.71052807771e-06,1.70052378254e-06
538900,2.70960843792e-06,1.6995783588e-06
539000,2.70868911019e-06,1.69863328596e-06
539100,2.70777009457e-06,1.69768856393e-06
539200,2.70685139092e-06,1.6967441925e-06
539300,2.70593299878e-06,1.69580017122e-06
539400,2.70501491848e-06,1.69485650019e-06
539500,2.70409714979e-06,1.69391317915e-06
539600,2.70317969247e-06,1.6929702078e-06
539700,2.70226254661e-06,1.69202758608e-06
539800,2.70134571198e-06,1.69108531371e-06
539900,2.70042918853e-06,1.69014339054e-06
540000,2.69951297623e-06,1.68920181642e-06
540100,2.69859707465e-06,1.68826059094e-06
540200,2.69768148397e-06,1.68731971411e-06
540300,2.69676620415e-06,1.68637918576e-06
540400,2.69585123486e-06,1.68543900555e-06
540500,2.69493657606e-06,1.68449917335e-06
540600,2.69402222782e-06,1.68355968906e-06
540700,2.69310818977e-06,1.68262055232e-06
540800,2.69219446192e-06,1.68168176302e-06
540900,2.69128104425e-06,1.68074332102e-06
541000,2.69036793646e-06,1.67980522599e-06
541100,2.68945513858e-06,1.67886747783e-06
541200,2.68854265064e-06,1.67793007645e-06
541300,2.68763047208e-06,1.67699302134e-06
541400,2.68671860334e-06,1.67605631268e-06
541500,2.68580704407e-06,1.67511995011e-06
541600,2.68489579402e-06,1.67418393335e-06
541700,2.6839848533e-06,1.67324826234e-06
541800,2.68307422178e-06,1.67231293688e-06
541900,2.68216389929e-06,1.67137795674e-06
542000,2.6812538858e-06,1.67044332177e-06
542100,2.68034418108e-06,1.66950903169e-06
542200,2.67943478507e-06,1.66857508635e-06
542300,2.67852569777e-06,1.66764148562e-06
542400,2.67761691892e-06,1.66670822922e-06
542500,2.67670844853e-06,1.66577531702e-06
542600,2.67580028628e-06,1.6648427487e-06
542700,2.67489243241e-06,1.66391052428e-06
542800,2.67398488676e-06,1.66297864357e-06
542900,2.67307764896e-06,1.66204710616e-06
543000,2.67217071899e-06,1.66111591194e-06
543100,2.67126409708e-06,1.66018506094e-06
543200,2.67035778265e-06,1.65925455266e-06
543300,2.66945177584e-06,1.65832438706e-06
543400,2.66854607648e-06,1.65739456391e-06
543500,2.66764068445e-06,1.65646508302e-06
543600,2.66673559999e-06,1.65553594443e-06
543700,2.66583082234e-06,1.65460714749e-06
543800,2.66492635193e-06,1.6536786924e-06
543900,2.66402218837e-06,1.65275057877e-06
544000,2.66311833176e-06,1.65182280653e-06
544100,2.66221478184e-06,1.65089537541e-06
544200,2.66131153868e-06,1.64996828534e-06
544300,2.66040860203e-06,1.64904153602e-06
544400,2.65950597166e-06,1.64811512719e-06
544500,2.65860364781e-06,1.64718905887e-06
544600,2.65770163021e-06,1.64626333079e-06
544700,2.65679991858e-06,1.64533794263e-06
544800,2.65589851304e-06,1.64441289436e-06
544900,2.65499741341e-06,1.64348818572e-06
545000,2.65409661951e-06,1.6425638165e-06
545100,2.65319613151e-06,1.64163978669e-06
545200,2.65229594897e-06,1.64071609586e-06
545300,2.65139607209e-06,1.63979274405e-06
545400,2.65049650047e-06,1.63886973086e-06
545500,2.64959723422e-06,1.63794705625e-06
545600,2.64869827311e-06,1.63702471996e-06
545700,2.64779961706e-06,1.6361027218e-06
545800,2.64690126607e-06,1.63518106168e-06
545900,2.64600321997e-06,1.63425973934e-06
546000,2.64510547842e-06,1.63333875446e-06
546100,2.64420804183e-06,1.63241810718e-06
546200,2.64331090987e-06,1.63149779718e-06
546300,2.64241408205e-06,1.630577824e-06
546400,2.64151755873e-06,1.62965818777e-06
546500,2.64062133975e-06,1.62873888827e-06
546600,2.63972542494e-06,1.62781992528e-06
546700,2.63882981417e-06,1.62690129859e-06
546800,2.63793450747e-06,1.62598300809e-06
546900,2.63703950434e-06,1.62506505334e-06
547000,2.63614480501e-06,1.62414743439e-06
547100,2.63525040936e-06,1.62323015103e-06
547200,2.63435631736e-06,1.62231320314e-06
547300,2.63346252859e-06,1.6213965903e-06
547400,2.63256904354e-06,1.62048031275e-06
547500,2.63167586137e-06,1.6195643698e-06
547600,2.63078298242e-06,1.61864876155e-06
547700,2.62989040655e-06,1.61773348782e-06
547800,2.62899813356e-06,1.61681854834e-06
547900,2.62810616339e-06,1.61590394297e-06
548000,2.627214496e-06,1.61498967156e-06
548100,2.62632313092e-06,1.61407573366e-06
548200,2.62543206868e-06,1.61316212956e-06
548300,2.62454130883e-06,1.61224885881e-06
548400,2.62365085113e-06,1.61133592116e-06
548500,2.62276069566e-06,1.61042331651e-06
548600,2.62187084248e-06,1.60951104483e-06
548700,2.62098129106e-06,1.60859910562e-06
548800,2.62009204179e-06,1.60768749905e-06
548900,2.61920309417e-06,1.60677622467e-06
549000,2.61831444824e-06,1.60586528238e-06
549100,2.61742610386e-06,1.60495467197e-06
549200,2.61653806101e-06,1.60404439333e-06
549300,2.61565031944e-06,1.60313444618e-06
549400,2.61476287926e-06,1.60222483048e-06
549500,2.61387574031e-06,1.60131554599e-06
549600,2.61298890231e-06,1.60040659244e-06
549700,2.61210236533e-06,1.59949796974e-06
549800,2.61121612938e-06,1.59858967781e-06
549900,2.61033019397e-06,1.59768171618e-06
550000,2.60944455942e-06,1.59677408497e-06
550100,2.60855922539e-06,1.59586678384e-06
550200,2.60767419166e-06,1.59495981253e-06
550300,2.60678945841e-06,1.59405317104e-06
550400,2.6059050254e-06,1.59314685911e-06
550500,2.6050208925e-06,1.59224087654e-06
550600,2.60413705967e-06,1.59133522319e-06
550700,2.60325352692e-06,1.59042989895e-06
550800,2.60237029396e-06,1.58952490352e-06
550900,2.60148736076e-06,1.58862023678e-06
551000,2.6006047272e-06,1.58771589851e-06
551100,2.59972239317e-06,1.58681188855e-06
551200,2.5988403587e-06,1.5859082068e-06
551300,2.59795862349e-06,1.58500485296e-06
551400,2.59707718744e-06,1.58410182683e-06
551500,2.59619605056e-06,1.58319912833e-06
551600,2.59531521279e-06,1.58229675729e-06
551700,2.59443467394e-06,1.58139471349e-06
551800,2.59355443389e-06,1.58049299673e-06
551900,2.59267449267e-06,1.57959160692e-06
552000,2.59179485001e-06,1.57869054377e-06
552100,2.59091550588e-06,1.57778980715e-06
552200,2.59003646039e-06,1.57688939704e-06
552300,2.58915771285e-06,1.57598931284e-06
552400,2.58827926373e-06,1.57508955477e-06
552500,2.58740111273e-06,1.57419012252e-06
552600,2.58652325963e-06,1.57329101583e-06
552700,2.58564570471e-06,1.57239223479e-06
552800,2.58476844729e-06,1.57149377882e-06
552900,2.58389148785e-06,1.57059564814e-06
553000,2.58301482605e-06,1.56969784242e-06
553100,2.58213846178e-06,1.56880036148e-06
553200,2.58126239491e-06,1.5679032051e-06
553300,2.58038662526e-06,1.56700637307e-06
553400,2.57951115286e-06,1.5661098653e-06
553500,2.57863597767e-06,1.56521368165e-06
553600,2.57776109931e-06,1.56431782175e-06
553700,2.5768865179e-06,1.5634222856e-06
553800,2.57601223342e-06,1.56252707306e-06
553900,2.57513824565e-06,1.56163218387e-06
554000,2.5742645544e-06,1.5607376178e-06
554100,2.57339115985e-06,1.55984337487e-06
554200,2.5725180615e-06,1.55894945464e-06
554300,2.57164525947e-06,1.55805585706e-06
554400,2.57077275386e-06,1.55716258212e-06
554500,2.56990054421e-06,1.55626962938e-06
554600,2.56902863059e-06,1.55537699879e-06
554700,2.56815701289e-06,1.55448469018e-06
554800,2.56728569095e-06,1.55359270331e-06
554900,2.56641466481e-06,1.55270103813e-06
555000,2.56554393404e-06,1.55180969421e-06
555100,2.56467349907e-06,1.55091867177e-06
555200,2.56380335946e-06,1.55002797039e-06
555300,2.56293351505e-06,1.54913758985e-06
555400,2.56206396605e-06,1.54824753019e-06
555500,2.56119471204e-06,1.54735779103e-06
555600,2.56032575301e-06,1.54646837226e-06
555700,2.55945708886e-06,1.54557927368e-06
555800,2.55858871944e-06,1.54469049511e-06
555900,2.5577206449e-06,1.54380203654e-06
556000,2.55685286492e-06,1.54291389765e-06
556100,2.55598537936e-06,1.54202607823e-06
556200,2.55511818828e-06,1.54113857823e-06
556300,2.55425129156e-06,1.54025139745e-06
556400,2.55338468902e-06,1.53936453568e-06
556500,2.55251838054e-06,1.53847799272e-06
556600,2.55165236613e-06,1.53759176848e-06
556700,2.55078664561e-06,1.53670586273e-06
556800,2.54992121887e-06,1.53582027529e-06
556900,2.54905608592e-06,1.53493500607e-06
557000,2.54819124638e-06,1.53405005471e-06
557100,2.54732670057e-06,1.53316542131e-06
557200,2.54646244805e-06,1.53228110548e-06
557300,2.54559848873e-06,1.53139710704e-06
557400,2.54473482282e-06,1.53051342606e-06
557500,2.54387145004e-06,1.52963006221e-06
557600,2.54300837015e-06,1.52874701525e-06
557700,2.54214558312e-06,1.52786428505e-06
557800,2.54128308931e-06,1.52698187175e-06
557900,2.54042088771e-06,1.52609977456e-06
558000,2.53955897894e-06,1.5252179938e-06
558100,2.53869736267e-06,1.52433652913e-06
558200,2.53783603873e-06,1.52345538036e-06
558300,2.53697500714e-06,1.52257454738e-06
558400,2.5361142679e-06,1.52169403009e-06
558500,2.53525382069e-06,1.52081382818e-06
558600,2.53439366549e-06,1.51993394153e-06
558700,2.53353380219e-06,1.51905436996e-06
558800,2.5326742309e-06,1.51817511345e-06
558900,2.53181495113e-06,1.51729617155e-06
559000,2.53095596301e-06,1.51641754426e-06
559100,2.53009726622e-06,1.51553923125e-06
559200,2.52923886139e-06,1.51466123287e-06
559300,2.52838074746e-06,1.51378354827e-06
559400,2.52752292482e-06,1.51290617763e-06
559500,2.52666539342e-06,1.51202912081e-06
559600,2.52580815302e-06,1.51115237756e-06
559700,2.52495120346e-06,1.51027594764e-06
559800,2.52409454489e-06,1.50939983108e-06
559900,2.52323817685e-06,1.50852402744e-06
560000,2.52238209957e-06,1.50764853681e-06
560100,2.52152631287e-06,1.50677335894e-06
560200,2.52067081652e-06,1.50589849358e-06
560300,2.51981561059e-06,1.50502394068e-06
560400,2.51896069469e-06,1.50414969986e-06
560500,2.51810606909e-06,1.50327577123e-06
560600,2.51725173355e-06,1.50240215451e-06
560700,2.516397688e-06,1.50152884956e-06
560800,2.51554393213e-06,1.50065585605e-06
560900,2.51469046635e-06,1.4997831742e-06
561000,2.5138372898e-06,1.49891080328e-06
561100,2.51298440284e-06,1.49803874344e-06
561200,2.51213180562e-06,1.49716699473e-06
561300,2.51127949757e-06,1.49629555661e-06
561400,2.51042747879e-06,1.49542442907e-06
561500,2.50957574922e-06,1.49455361198e-06
561600,2.50872430862e-06,1.49368310505e-06
561700,2.50787315701e-06,1.49281290822e-06
561800,2.50702229437e-06,1.49194302137e-06
561900,2.50617172035e-06,1.49107344417e-06
562000,2.50532143521e-06,1.49020417668e-06
562100,2.50447143856e-06,1.48933521855e-06
562200,2.50362173024e-06,1.48846656956e-06
562300,2.50277231042e-06,1.48759822975e-06
562400,2.50192317874e-06,1.48673019874e-06
562500,2.50107433544e-06,1.48586247664e-06
562600,2.50022578004e-06,1.48499506299e-06
562700,2.49937751285e-06,1.48412795793e-06
562800,2.49852953336e-06,1.48326116099e-06
562900,2.49768184161e-06,1.48239467211e-06
563000,2.49683443767e-06,1.48152849125e-06
563100,2.49598732137e-06,1.48066261818e-06
563200,2.4951404925e-06,1.47979705267e-06
563300,2.49429395093e-06,1.47893179453e-06
563400,2.49344769681e-06,1.47806684377e-06
563500,2.49260172984e-06,1.47720220008e-06
563600,2.49175604998e-06,1.47633786333e-06
563700,2.49091065706e-06,1.47547383333e-06
563800,2.49006555117e-06,1.47461011003e-06
563900,2.48922073204e-06,1.47374669315e-06
564000,2.48837619966e-06,1.47288358258e-06
564100,2.48753195385e-06,1.47202077812e-06
564200,2.48668799453e-06,1.47115827959e-06
564300,2.4858443217e-06,1.47029608693e-06
564400,2.4850009352e-06,1.46943419991e-06
564500,2.48415783473e-06,1.46857261822e-06
564600,2.48331502068e-06,1.46771134207e-06
564700,2.48247249261e-06,1.46685037102e-06
564800,2.48163025036e-06,1.46598970489e-06
564900,2.48078829395e-06,1.46512934358e-06
565000,2.47994662348e-06,1.46426928709e-06
565100,2.47910523834e-06,1.46340953488e-06
565200,2.47826413907e-06,1.46255008724e-06
565300,2.47742332512e-06,1.4616909437e-06
565400,2.47658279648e-06,1.46083210414e-06
565500,2.47574255313e-06,1.45997356846e-06
565600,2.47490259499e-06,1.45911533653e-06
565700,2.47406292195e-06,1.45825740816e-06
565800,2.47322353368e-06,1.45739978302e-06
565900,2.47238443037e-06,1.45654246117e-06
566000,2.47154561197e-06,1.45568544247e-06
566100,2.47070707801e-06,1.4548287265e-06
566200,2.46986882897e-06,1.4539723135e-06
566300,2.46903086414e-06,1.45311620288e-06
566400,2.46819318385e-06,1.45226039479e-06
566500,2.46735578772e-06,1.45140488885e-06
566600,2.46651867591e-06,1.45054968511e-06
566700,2.46568184806e-06,1.44969478319e-06
566800,2.46484530436e-06,1.44884018316e-06
566900,2.46400904458e-06,1.44798588475e-06
567000,2.46317306843e-06,1.44713188767e-06
567100,2.46233737601e-06,1.44627819189e-06
567200,2.46150196726e-06,1.4454247973e-06
567300,2.46066684212e-06,1.44457170375e-06
567400,2.45983200045e-06,1.44371891104e-06
567500,2.45899744203e-06,1.44286641894e-06
567600,2.4581631669e-06,1.44201422738e-06
567700,2.45732917457e-06,1.44116233592e-06
567800,2.45649546578e-06,1.44031074501e-06
567900,2.45566203964e-06,1.43945945391e-06
568000,2.45482889656e-06,1.43860846283e-06
568100,2.453996036e-06,1.43775777128e-06
568200,2.45316345815e-06,1.43690737932e-06
568300,2.45233116284e-06,1.43605728675e-06
568400,2.45149915006e-06,1.43520749345e-06
568500,2.45066741977e-06,1.43435799932e-06
568600,2.44983597152e-06,1.43350880393e-06
568700,2.44900480558e-06,1.43265990741e-06
568800,2.44817392183e-06,1.43181130956e-06
568900,2.44734331982e-06,1.43096300998e-06
569000,2.44651300001e-06,1.43011500891e-06
569100,2.44568296173e-06,1.42926730579e-06
569200,2.4448532052e-06,1.42841990067e-06
569300,2.44402373023e-06,1.42757279334e-06
569400,2.44319453698e-06,1.42672598382e-06
569500,2.44236562484e-06,1.42587947159e-06
569600,2.4415369943e-06,1.42503325691e-06
569700,2.44070864487e-06,1.42418733934e-06
569800,2.43988057655e-06,1.42334171878e-06
569900,2.43905278916e-06,1.42249639504e-06
570000,2.43822528298e-06,1.42165136821e-06
570100,2.43739805736e-06,1.42080663775e-06
570200,2.43657111262e-06,1.41996220378e-06
570300,2.4357444485e-06,1.41911806606e-06
570400,2.43491806513e-06,1.41827422457e-06
570500,2.43409196185e-06,1.41743067876e-06
570600,2.43326613896e-06,1.41658742874e-06
570700,2.43244059676e-06,1.41574447467e-06
570800,2.43161533435e-06,1.41490181579e-06
570900,2.43079035224e-06,1.41405945239e-06
571000,2.42996564996e-06,1.41321738405e-06
571100,2.42914122772e-06,1.41237561083e-06
571200,2.42831708518e-06,1.41153413239e-06
571300,2.42749322247e-06,1.41069294874e-06
571400,2.42666963899e-06,1.40985205937e-06
571500,2.42584633529e-06,1.40901146459e-06
571600,2.42502331101e-06,1.40817116405e-06
571700,2.42420056603e-06,1.40733115757e-06
571800,2.42337810021e-06,1.40649144497e-06
571900,2.42255591351e-06,1.40565202615e-06
572000,2.421734006e-06,1.40481290105e-06
572100,2.42091237735e-06,1.40397406935e-06
572200,2.42009102752e-06,1.40313553096e-06
572300,2.41926995649e-06,1.40229728575e-06
572400,2.41844916413e-06,1.40145933356e-06
572500,2.41762865024e-06,1.40062167415e-06
572600,2.41680841479e-06,1.39978430742e-06
572700,2.41598845784e-06,1.39894723332e-06
572800,2.41516877912e-06,1.39811045158e-06
572900,2.41434937863e-06,1.39727396211e-06
573000,2.41353025608e-06,1.39643776461e-06
573100,2.41271141168e-06,1.39560185916e-06
573200,2.41189284517e-06,1.39476624548e-06
573300,2.41107455641e-06,1.39393092338e-06
573400,2.41025654547e-06,1.39309589283e-06
573500,2.40943881209e-06,1.39226115357e-06
573600,2.40862135612e-06,1.39142670539e-06
573700,2.40780417755e-06,1.3905925482e-06
573800,2.40698727647e-06,1.38975868199e-06
573900,2.40617065256e-06,1.38892510644e-06
574000,2.40535430587e-06,1.3880918215e-06
574100,2.40453823623e-06,1.38725882696e-06
574200,2.40372244332e-06,1.38642612252e-06
574300,2.40290692764e-06,1.38559370845e-06
574400,2.40209168857e-06,1.38476158421e-06
574500,2.40127672608e-06,1.3839297497e-06
574600,2.40046204034e-06,1.38309820497e-06
574700,2.39964763114e-06,1.38226694977e-06
574800,2.39883349791e-06,1.38143598361e-06
574900,2.39801964145e-06,1.38060530699e-06
575000,2.39720606106e-06,1.37977491931e-06
575100,2.39639275668e-06,1.37894482046e-06
575200,2.39557972839e-06,1.37811501039e-06
575300,2.39476697596e-06,1.37728548888e-06
575400,2.39395449943e-06,1.37645625585e-06
575500,2.3931422989e-06,1.37562731131e-06
575600,2.3923303735e-06,1.37479865454e-06
575700,2.3915187239e-06,1.37397028593e-06
575800,2.39070734988e-06,1.37314220526e-06
575900,2.38989625105e-06,1.37231441216e-06
576000,2.38908542762e-06,1.37148690669e-06
576100,2.38827487921e-06,1.3706596885e-06
576200,2.38746460606e-06,1.36983275767e-06
576300,2.38665460778e-06,1.36900611386e-06
576400,2.38584488436e-06,1.36817975697e-06
576500,2.38503543593e-06,1.367353687e-06
576600,2.38422626207e-06,1.36652790357e-06
576700,2.38341736287e-06,1.36570240667e-06
576800,2.38260873823e-06,1.36487719614e-06
576900,2.38180038804e-06,1.36405227183e-06
577000,2.38099231221e-06,1.36322763358e-06
577100,2.38018451051e-06,1.36240328115e-06
577200,2.37937698293e-06,1.36157921445e-06
577300,2.37856972948e-06,1.3607554334e-06
577400,2.37776275001e-06,1.35993193782e-06
577500,2.37695604447e-06,1.35910872759e-06
577600,2.37614961274e-06,1.35828580253e-06
577700,2.37534345454e-06,1.35746316238e-06
577800,2.37453757004e-06,1.35664080716e-06
577900,2.37373195903e-06,1.35581873665e-06
578000,2.37292662138e-06,1.35499695067e-06
578100,2.37212155707e-06,1.35417544914e-06
578200,2.37131676599e-06,1.35335423188e-06
578300,2.37051224795e-06,1.35253329867e-06
578400,2.36970800303e-06,1.3517126495e-06
578500,2.36890403128e-06,1.35089228432e-06
578600,2.36810033212e-06,1.35007220265e-06
578700,2.36729690588e-06,1.34925240462e-06
578800,2.36649375218e-06,1.34843288987e-06
578900,2.36569087105e-06,1.34761365838e-06
579000,2.3648882625e-06,1.34679471005e-06
579100,2.36408592624e-06,1.3459760446e-06
579200,2.36328386222e-06,1.34515766191e-06
579300,2.36248207061e-06,1.34433956201e-06
579400,2.36168055093e-06,1.3435217445e-06
579500,2.36087930337e-06,1.34270420942e-06
579600,2.36007832755e-06,1.34188695642e-06
579700,2.35927762388e-06,1.34106998572e-06
579800,2.35847719176e-06,1.34025329681e-06
579900,2.35767703154e-06,1.33943688986e-06
580000,2.35687714258e-06,1.33862076432e-06
580100,2.35607752522e-06,1.33780492036e-06
580200,2.35527817921e-06,1.33698935774e-06
580300,2.35447910442e-06,1.33617407626e-06
580400,2.35368030095e-06,1.33535907592e-06
580500,2.35288176843e-06,1.33454435638e-06
580600,2.35208350711e-06,1.33372991774e-06
580700,2.35128551648e-06,1.33291575956e-06
580800,2.35048779695e-06,1.33210188205e-06
580900,2.34969034804e-06,1.33128828478e-06
581000,2.34889316962e-06,1.33047496759e-06
581100,2.34809626199e-06,1.32966193061e-06
581200,2.34729962461e-06,1.32884917338e-06
581300,2.34650325763e-06,1.32803669592e-06
581400,2.34570716109e-06,1.32722449818e-06
581500,2.34491133446e-06,1.32641257971e-06
581600,2.34411577808e-06,1.32560094066e-06
581700,2.34332049175e-06,1.32478958083e-06
581800,2.34252547529e-06,1.3239785e-06
581900,2.34173072853e-06,1.32316769797e-06
582000,2.34093625158e-06,1.32235717474e-06
582100,2.3401420442e-06,1.32154693007e-06
582200,2.33934810668e-06,1.32073696408e-06
582300,2.33855443837e-06,1.31992727622e-06
582400,2.33776103941e-06,1.31911786653e-06
582500,2.33696790947e-06,1.31830873468e-06
582600,2.33617504894e-06,1.31749988088e-06
582700,2.3353824575e-06,1.31669130483e-06
582800,2.33459013503e-06,1.31588300635e-06
582900,2.33379808162e-06,1.31507498544e-06
583000,2.33300629685e-06,1.31426724171e-06
583100,2.33221478073e-06,1.3134597751e-06
583200,2.33142353334e-06,1.31265258559e-06
583300,2.33063255458e-06,1.31184567302e-06
583400,2.32984184419e-06,1.31103903714e-06
583500,2.32905140211e-06,1.31023267782e-06
583600,2.3282612282e-06,1.3094265949e-06
583700,2.32747132271e-06,1.30862078846e-06
583800,2.32668168507e-06,1.30781525802e-06
583900,2.32589231545e-06,1.30701000364e-06
584000,2.32510321378e-06,1.30620502517e-06
584100,2.32431438006e-06,1.30540032256e-06
584200,2.32352581381e-06,1.30459589537e-06
584300,2.3227375153e-06,1.30379174372e-06
584400,2.32194948441e-06,1.30298786745e-06
584500,2.3211617209e-06,1.30218426632e-06
584600,2.3203742247e-06,1.30138094019e-06
584700,2.31958699578e-06,1.30057788897e-06
584800,2.31880003396e-06,1.29977511245e-06
584900,2.31801333934e-06,1.29897261063e-06
585000,2.3172269117e-06,1.29817038329e-06
585100,2.31644075078e-06,1.29736843013e-06
585200,2.31565485678e-06,1.29656675125e-06
585300,2.31486922958e-06,1.29576534648e-06
585400,2.31408386896e-06,1.29496421559e-06
585500,2.31329877502e-06,1.29416335857e-06
585600,2.31251394746e-06,1.29336277513e-06
585700,2.31172938618e-06,1.29256246513e-06
585800,2.31094509109e-06,1.29176242842e-06
585900,2.31016106233e-06,1.29096266503e-06
586000,2.30937729958e-06,1.29016317466e-06
586100,2.30859380284e-06,1.28936395723e-06
586200,2.30781057195e-06,1.28856501255e-06
586300,2.30702760695e-06,1.28776634057e-06
586400,2.30624490771e-06,1.28696794114e-06
586500,2.30546247389e-06,1.28616981391e-06
586600,2.30468030581e-06,1.28537195906e-06
586700,2.30389840336e-06,1.28457437644e-06
586800,2.30311676601e-06,1.28377706558e-06
586900,2.30233539389e-06,1.28298002649e-06
587000,2.30155428696e-06,1.28218325909e-06
587100,2.30077344533e-06,1.28138676338e-06
587200,2.2999928686e-06,1.28059053899e-06
587300,2.29921255676e-06,1.27979458585e-06
587400,2.29843250979e-06,1.27899890386e-06
587500,2.29765272753e-06,1.27820349284e-06
587600,2.29687320978e-06,1.27740835255e-06
587700,2.29609395678e-06,1.27661348312e-06
587800,2.2953149683e-06,1.27581888431e-06
587900,2.294536244e-06,1.27502455577e-06
588000,2.29375778403e-06,1.27423049756e-06
588100,2.29297958824e-06,1.2734367095e-06
588200,2.29220165658e-06,1.27264319147e-06
588300,2.29142398901e-06,1.27184994338e-06
588400,2.2906465853e-06,1.27105696498e-06
588500,2.28986944559e-06,1.27026425629e-06
588600,2.28909256937e-06,1.26947181689e-06
588700,2.28831595693e-06,1.26867964691e-06
588800,2.28753960799e-06,1.26788774607e-06
588900,2.28676352274e-06,1.26709611444e-06
589000,2.28598770076e-06,1.26630475163e-06
589100,2.28521214187e-06,1.26551365745e-06
589200,2.28443684656e-06,1.26472283219e-06
589300,2.28366181412e-06,1.26393227525e-06
589400,2.28288704477e-06,1.26314198673e-06
589500,2.28211253836e-06,1.26235196644e-06
589600,2.28133829485e-06,1.26156221427e-06
589700,2.28056431406e-06,1.26077273003e-06
589800,2.27979059595e-06,1.25998351363e-06
589900,2.2790171405e-06,1.25919456497e-06
590000,2.27824394738e-06,1.25840588373e-06
590100,2.27747101677e-06,1.25761747e-06
590200,2.27669834861e-06,1.25682932363e-06
590300,2.27592594252e-06,1.25604144429e-06
590400,2.27515379861e-06,1.25525383199e-06
590500,2.27438191672e-06,1.25446648654e-06
590600,2.27361029686e-06,1.25367940787e-06
590700,2.27283893887e-06,1.25289259581e-06
590800,2.27206784258e-06,1.25210605015e-06
590900,2.27129700794e-06,1.25131977079e-06
591000,2.2705264351e-06,1.25053375777e-06
591100,2.26975612369e-06,1.24974801074e-06
591200,2.26898607385e-06,1.24896252974e-06
591300,2.26821628506e-06,1.24817731432e-06
591400,2.26744675785e-06,1.24739236479e-06
591500,2.26667749147e-06,1.24660768054e-06
591600,2.26590848634e-06,1.24582326181e-06
591700,2.26513974226e-06,1.24503910838e-06
591800,2.26437125898e-06,1.24425521999e-06
591900,2.26360303662e-06,1.24347159667e-06
592000,2.26283507474e-06,1.24268823802e-06
592100,2.26206737365e-06,1.24190514419e-06
592200,2.26129993319e-06,1.24112231502e-06
592300,2.26053275321e-06,1.24033975031e-06
592400,2.25976583339e-06,1.23955744976e-06
592500,2.25899917399e-06,1.2387754135e-06
592600,2.25823277478e-06,1.23799364127e-06
592700,2.25746663547e-06,1.23721213282e-06
592800,2.25670075638e-06,1.23643088828e-06
592900,2.2559351372e-06,1.23564990739e-06
593000,2.25516977782e-06,1.23486918998e-06
593100,2.25440467837e-06,1.23408873608e-06
593200,2.25363983838e-06,1.23330854529e-06
593300,2.25287525793e-06,1.23252861757e-06
593400,2.25211093704e-06,1.23174895289e-06
593500,2.25134687561e-06,1.2309695511e-06
593600,2.25058307339e-06,1.23019041196e-06
593700,2.24981953032e-06,1.22941153534e-06
593800,2.24905624673e-06,1.22863292142e-06
593900,2.24829322187e-06,1.22785456959e-06
594000,2.24753045609e-06,1.22707648003e-06
594100,2.24676794913e-06,1.22629865249e-06
594200,2.24600570099e-06,1.22552108689e-06
594300,2.24524371136e-06,1.22474378294e-06
594400,2.2444819807e-06,1.22396674092e-06
594500,2.24372050833e-06,1.22318996025e-06
594600,2.24295929436e-06,1.22241344094e-06
594700,2.24219833875e-06,1.22163718291e-06
594800,2.24143764159e-06,1.22086118615e-06
594900,2.24067720241e-06,1.22008545024e-06
595000,2.23991702125e-06,1.21930997515e-06
595100,2.23915709827e-06,1.21853476093e-06
595200,2.23839743299e-06,1.21775980716e-06
595300,2.23763802581e-06,1.21698511408e-06
595400,2.2368788761e-06,1.21621068113e-06
595500,2.23611998426e-06,1.21543650856e-06
595600,2.2353613497e-06,1.21466259586e-06
595700,2.23460297271e-06,1.21388894319e-06
595800,2.23384485317e-06,1.21311555038e-06
595900,2.23308699087e-06,1.21234241721e-06
596000,2.23232938604e-06,1.21156954379e-06
596100,2.23157203786e-06,1.21079692944e-06
596200,2.23081494717e-06,1.21002457472e-06
596300,2.23005811305e-06,1.20925247889e-06
596400,2.22930153594e-06,1.20848064221e-06
596500,2.2285452156e-06,1.20770906442e-06
596600,2.22778915197e-06,1.20693774543e-06
596700,2.22703334488e-06,1.20616668503e-06
596800,2.22627779438e-06,1.2053958832e-06
596900,2.22552250013e-06,1.20462533963e-06
597000,2.22476746247e-06,1.2038550545e-06
597100,2.22401268084e-06,1.20308502732e-06
597200,2.22325815531e-06,1.20231525809e-06
597300,2.22250388612e-06,1.20154574692e-06
597400,2.22174987274e-06,1.20077649335e-06
597500,2.22099611524e-06,1.20000749737e-06
597600,2.2202426137e-06,1.19923875897e-06
597700,2.21948936787e-06,1.1984702779e-06
597800,2.21873637762e-06,1.197702054e-06
597900,2.21798364296e-06,1.19693408722e-06
598000,2.21723116382e-06,1.19616637744e-06
598100,2.21647893992e-06,1.19539892437e-06
598200,2.21572697133e-06,1.19463172803e-06
598300,2.21497525796e-06,1.19386478826e-06
598400,2.21422379971e-06,1.19309810493e-06
598500,2.21347259656e-06,1.19233167797e-06
598600,2.21272164828e-06,1.19156550713e-06
598700,2.21197095472e-06,1.19079959225e-06
598800,2.21122051626e-06,1.19003393353e-06
598900,2.21047033239e-06,1.18926853055e-06
599000,2.20972040308e-06,1.18850338321e-06
599100,2.20897072821e-06,1.18773849135e-06
599200,2.20822130779e-06,1.18697385493e-06
599300,2.2074721418e-06,1.18620947387e-06
599400,2.20672322995e-06,1.18544534787e-06
599500,2.20597457225e-06,1.1846814769e-06
599600,2.20522616868e-06,1.18391786087e-06
599700,2.20447801923e-06,1.18315449971e-06
599800,2.20373012352e-06,1.18239139306e-06
599900,2.20298248176e-06,1.18162854105e-06
600000,2.20223509369e-06,1.18086594338e-06
